event_id,timestamp,source_session,proposal_source,template_name,template_confidence,expected_family,top_family,top_p,expected_p,verified_success,screen_change_score,bbox,click_xy,event_dir,pre_click,post_click,bbox_crop,bbox_context_crop,p_x_mark,p_play_triangle,p_google_play,p_next,p_free,p_got,p_arrow,run_seed42_p_x_mark,run_seed42_p_play_triangle,run_seed42_p_google_play,run_seed42_p_next,run_seed42_p_free,run_seed42_p_got,run_seed42_p_arrow,run_seed43_p_x_mark,run_seed43_p_play_triangle,run_seed43_p_google_play,run_seed43_p_next,run_seed43_p_free,run_seed43_p_got,run_seed43_p_arrow,run_seed44_p_x_mark,run_seed44_p_play_triangle,run_seed44_p_google_play,run_seed44_p_next,run_seed44_p_free,run_seed44_p_got,run_seed44_p_arrow
20260723_081651_911,2026-07-23T08:16:51+0800,ads2_click_success_20260723_081651_911,free_ad_template,close_26.png,0.7624273300170898,free,free,0.9950855573018392,0.9950855573018392,True,65.73534722222222,"[878, 354, 34, 19]","[895, 363]",vision_platform\ads\runtime_collection\click_success\click_success_20260723_081651_911,D:\Projects\adb_vl\vision_platform\ads\runtime_collection\click_success\click_success_20260723_081651_911\pre_click.png,D:\Projects\adb_vl\vision_platform\ads\runtime_collection\click_success\click_success_20260723_081651_911\post_click.png,D:\Projects\adb_vl\vision_platform\ads\runtime_collection\click_success\click_success_20260723_081651_911\crops\bbox.png,D:\Projects\adb_vl\vision_platform\ads\runtime_collection\click_success\click_success_20260723_081651_911\crops\bbox_context_1_5x.png,0.014352381074180206,0.04281113048394521,0.013005970356365045,0.027752726649244625,0.9950855573018392,0.0014014703532059987,0.01004707207903266,0.01946117915213108,0.03850509226322174,0.024736588820815086,0.04091354459524155,0.994067907333374,0.0019036841113120317,0.017177144065499306,0.017037570476531982,0.08072665333747864,0.008193804882466793,0.02564597688615322,0.9917601943016052,0.0018165713408961892,0.008772322908043861,0.006558393593877554,0.009201645851135254,0.006087517365813255,0.01669865846633911,0.9994285702705383,0.00048415560740977526,0.0041917492635548115
20260723_081716_285,2026-07-23T08:17:16+0800,ads2_click_success_20260723_081716_285,close_template,close_2.png,0.9996311068534851,x_mark,x_mark,0.9726918538411459,0.9726918538411459,True,63.92243055555556,"[877, 20, 75, 33]","[914, 36]",vision_platform\ads\runtime_collection\click_success\click_success_20260723_081716_285,D:\Projects\adb_vl\vision_platform\ads\runtime_collection\click_success\click_success_20260723_081716_285\pre_click.png,D:\Projects\adb_vl\vision_platform\ads\runtime_collection\click_success\click_success_20260723_081716_285\post_click.png,D:\Projects\adb_vl\vision_platform\ads\runtime_collection\click_success\click_success_20260723_081716_285\crops\bbox.png,D:\Projects\adb_vl\vision_platform\ads\runtime_collection\click_success\click_success_20260723_081716_285\crops\bbox_context_1_5x.png,0.9726918538411459,0.044875215428570904,0.06727985416849454,0.05880135918656985,0.0018583147320896387,0.0013420391090524693,0.017002555231253307,0.963935375213623,0.05025988072156906,0.04794112220406532,0.057620398700237274,0.0029202101286500692,0.001284007797949016,0.01868361234664917,0.963987410068512,0.07221807539463043,0.08410442620515823,0.058375515043735504,0.001761582912877202,0.0018752150936052203,0.019800551235675812,0.9901527762413025,0.012147690169513226,0.06979401409626007,0.06040816381573677,0.0008931511547416449,0.0008668944356031716,0.012523502111434937
20260723_081721_029,2026-07-23T08:17:21+0800,ads2_click_success_20260723_081721_029,got_template,got2.png,0.9783583283424377,got,got,0.9955281615257263,0.9955281615257263,True,44.12173611111111,"[414, 134, 139, 47]","[483, 157]",vision_platform\ads\runtime_collection\click_success\click_success_20260723_081721_029,D:\Projects\adb_vl\vision_platform\ads\runtime_collection\click_success\click_success_20260723_081721_029\pre_click.png,D:\Projects\adb_vl\vision_platform\ads\runtime_collection\click_success\click_success_20260723_081721_029\post_click.png,D:\Projects\adb_vl\vision_platform\ads\runtime_collection\click_success\click_success_20260723_081721_029\crops\bbox.png,D:\Projects\adb_vl\vision_platform\ads\runtime_collection\click_success\click_success_20260723_081721_029\crops\bbox_context_1_5x.png,0.007129941193852574,0.0034880146655874946,0.009493077173829079,0.04265661848088106,0.00043499350431375206,0.9955281615257263,0.004068791153258644,0.009568631649017334,0.005165437236428261,0.0165904238820076,0.05603425204753876,0.0005097715184092522,0.9942303895950317,0.006437032483518124,0.011568880639970303,0.005031298846006393,0.011403503827750683,0.056661155074834824,0.0007454103324562311,0.9926055669784546,0.005663720425218344,0.00025231129257008433,0.0002673079143278301,0.0004853038117289543,0.015274448320269585,4.979866207577288e-05,0.9997485280036926,0.00010562055103946477
20260723_081727_133,2026-07-23T08:17:27+0800,ads2_click_success_20260723_081727_133,free_ad_template,close_26.png,0.7624273300170898,free,free,0.9950855573018392,0.9950855573018392,True,65.74256944444444,"[878, 354, 34, 19]","[895, 363]",vision_platform\ads\runtime_collection\click_success\click_success_20260723_081727_133,D:\Projects\adb_vl\vision_platform\ads\runtime_collection\click_success\click_success_20260723_081727_133\pre_click.png,D:\Projects\adb_vl\vision_platform\ads\runtime_collection\click_success\click_success_20260723_081727_133\post_click.png,D:\Projects\adb_vl\vision_platform\ads\runtime_collection\click_success\click_success_20260723_081727_133\crops\bbox.png,D:\Projects\adb_vl\vision_platform\ads\runtime_collection\click_success\click_success_20260723_081727_133\crops\bbox_context_1_5x.png,0.014352381074180206,0.04281113048394521,0.013005970356365045,0.027752726649244625,0.9950855573018392,0.0014014703532059987,0.01004707207903266,0.01946117915213108,0.03850509226322174,0.024736588820815086,0.04091354459524155,0.994067907333374,0.0019036841113120317,0.017177144065499306,0.017037570476531982,0.08072665333747864,0.008193804882466793,0.02564597688615322,0.9917601943016052,0.0018165713408961892,0.008772322908043861,0.006558393593877554,0.009201645851135254,0.006087517365813255,0.01669865846633911,0.9994285702705383,0.00048415560740977526,0.0041917492635548115
20260723_081744_847,2026-07-23T08:17:44+0800,ads2_click_success_20260723_081744_847,close_template,close_2.png,0.9999386072158813,x_mark,x_mark,0.9877925316492716,0.9877925316492716,True,39.19895833333333,"[877, 20, 75, 33]","[914, 36]",vision_platform\ads\runtime_collection\click_success\click_success_20260723_081744_847,D:\Projects\adb_vl\vision_platform\ads\runtime_collection\click_success\click_success_20260723_081744_847\pre_click.png,D:\Projects\adb_vl\vision_platform\ads\runtime_collection\click_success\click_success_20260723_081744_847\post_click.png,D:\Projects\adb_vl\vision_platform\ads\runtime_collection\click_success\click_success_20260723_081744_847\crops\bbox.png,D:\Projects\adb_vl\vision_platform\ads\runtime_collection\click_success\click_success_20260723_081744_847\crops\bbox_context_1_5x.png,0.9877925316492716,0.030350870763262112,0.03955195642386874,0.0477424431592226,0.005261402577161789,0.01523552454697589,0.005668467065940301,0.9861558079719543,0.02793729305267334,0.05437353998422623,0.05122198909521103,0.00953845027834177,0.020952273160219193,0.010009893216192722,0.991232693195343,0.035452309995889664,0.05737403407692909,0.07163123786449432,0.005396196618676186,0.023481223732233047,0.005893338937312365,0.9859890937805176,0.027663009241223335,0.006908295210450888,0.020374102517962456,0.000849560834467411,0.0012730767484754324,0.001102169044315815
20260723_081749_615,2026-07-23T08:17:49+0800,ads2_click_success_20260723_081749_615,got_template,got2.png,0.9779481291770935,got,got,0.9945354262987772,0.9945354262987772,True,41.89215277777778,"[414, 134, 139, 47]","[483, 157]",vision_platform\ads\runtime_collection\click_success\click_success_20260723_081749_615,D:\Projects\adb_vl\vision_platform\ads\runtime_collection\click_success\click_success_20260723_081749_615\pre_click.png,D:\Projects\adb_vl\vision_platform\ads\runtime_collection\click_success\click_success_20260723_081749_615\post_click.png,D:\Projects\adb_vl\vision_platform\ads\runtime_collection\click_success\click_success_20260723_081749_615\crops\bbox.png,D:\Projects\adb_vl\vision_platform\ads\runtime_collection\click_success\click_success_20260723_081749_615\crops\bbox_context_1_5x.png,0.007878487774481377,0.003843331205037733,0.018469551888604958,0.10148124148448308,0.0014775037998333573,0.9945354262987772,0.011313457041978836,0.007309712469577789,0.005059887655079365,0.01966284215450287,0.11202072352170944,0.0016444314969703555,0.9929519295692444,0.015879618003964424,0.014042776077985764,0.0050139701925218105,0.026142485439777374,0.11477292329072952,0.001901228679344058,0.9908217191696167,0.015409886837005615,0.002282974775880575,0.0014561357675120234,0.009603328071534634,0.07765007764101028,0.0008868512231856585,0.9998326301574707,0.002650866284966469
20260723_081755_724,2026-07-23T08:17:55+0800,ads2_click_success_20260723_081755_724,free_ad_template,close_26.png,0.7616873979568481,free,free,0.9946320652961731,0.9946320652961731,True,61.2675,"[462, 354, 34, 19]","[479, 363]",vision_platform\ads\runtime_collection\click_success\click_success_20260723_081755_724,D:\Projects\adb_vl\vision_platform\ads\runtime_collection\click_success\click_success_20260723_081755_724\pre_click.png,D:\Projects\adb_vl\vision_platform\ads\runtime_collection\click_success\click_success_20260723_081755_724\post_click.png,D:\Projects\adb_vl\vision_platform\ads\runtime_collection\click_success\click_success_20260723_081755_724\crops\bbox.png,D:\Projects\adb_vl\vision_platform\ads\runtime_collection\click_success\click_success_20260723_081755_724\crops\bbox_context_1_5x.png,0.009806264812747637,0.04858057883878549,0.009090112056583166,0.02277962490916252,0.9946320652961731,0.0011691929733691115,0.006502570894857247,0.011020949110388756,0.03487508371472359,0.01340226549655199,0.03061269037425518,0.9942783117294312,0.0013459475012496114,0.010969836264848709,0.011527866125106812,0.08114206790924072,0.004411967005580664,0.01948586106300354,0.9909396171569824,0.0014553157379850745,0.004688472952693701,0.006869979202747345,0.02972458489239216,0.009456103667616844,0.018240323290228844,0.9986782670021057,0.000706315680872649,0.003849403467029333
20260723_081813_449,2026-07-23T08:18:13+0800,ads2_click_success_20260723_081813_449,close_template,close_2.png,0.9982619285583496,x_mark,x_mark,0.9972712794939677,0.9972712794939677,True,30.482708333333335,"[877, 20, 75, 33]","[914, 36]",vision_platform\ads\runtime_collection\click_success\click_success_20260723_081813_449,D:\Projects\adb_vl\vision_platform\ads\runtime_collection\click_success\click_success_20260723_081813_449\pre_click.png,D:\Projects\adb_vl\vision_platform\ads\runtime_collection\click_success\click_success_20260723_081813_449\post_click.png,D:\Projects\adb_vl\vision_platform\ads\runtime_collection\click_success\click_success_20260723_081813_449\crops\bbox.png,D:\Projects\adb_vl\vision_platform\ads\runtime_collection\click_success\click_success_20260723_081813_449\crops\bbox_context_1_5x.png,0.9972712794939677,0.010832099399218956,7.879607316378194e-05,0.0029683189544205866,1.9713943070579867e-06,5.81059890691904e-06,3.070689247882304e-05,0.9956798553466797,0.0034958936739712954,7.093844760674983e-05,0.005483168177306652,1.5051920172481914e-06,1.0315776307834312e-05,7.419719622703269e-05,0.9962783455848694,0.02536260522902012,0.00013550541189033538,0.0008159823482856154,4.209504368191119e-06,6.784794095437974e-06,1.0219396244792733e-05,0.999855637550354,0.003637799294665456,2.9944359994260594e-05,0.0026058063376694918,1.994865357346498e-07,3.31226317484834e-07,7.704084964643698e-06
20260723_081818_251,2026-07-23T08:18:18+0800,ads2_click_success_20260723_081818_251,got_template,got2.png,0.9801377654075623,got,got,0.9980555176734924,0.9980555176734924,True,41.106180555555554,"[414, 134, 139, 47]","[483, 157]",vision_platform\ads\runtime_collection\click_success\click_success_20260723_081818_251,D:\Projects\adb_vl\vision_platform\ads\runtime_collection\click_success\click_success_20260723_081818_251\pre_click.png,D:\Projects\adb_vl\vision_platform\ads\runtime_collection\click_success\click_success_20260723_081818_251\post_click.png,D:\Projects\adb_vl\vision_platform\ads\runtime_collection\click_success\click_success_20260723_081818_251\crops\bbox.png,D:\Projects\adb_vl\vision_platform\ads\runtime_collection\click_success\click_success_20260723_081818_251\crops\bbox_context_1_5x.png,0.03441947714115182,0.002119060178908209,0.010930154317369064,0.041686334336797394,0.000857828165559719,0.9980555176734924,0.007743088450903694,0.03190353885293007,0.0030628240201622248,0.011287801899015903,0.06752822548151016,0.0008604931063018739,0.9968854784965515,0.01024915836751461,0.06573375314474106,0.002560349414125085,0.015550917945802212,0.029414663091301918,0.0008801532676443458,0.9973251819610596,0.010843000374734402,0.0056211394257843494,0.0007340071024373174,0.005951743107289076,0.02811611443758011,0.0008328381227329373,0.9999558925628662,0.0021371066104620695
20260723_081824_840,2026-07-23T08:18:24+0800,ads2_click_success_20260723_081824_840,free_ad_template,free_ad_3.png,0.9999861717224121,free,free,0.9915729562441508,0.9915729562441508,True,57.04895833333333,"[599, 352, 38, 24]","[618, 364]",vision_platform\ads\runtime_collection\click_success\click_success_20260723_081824_840,D:\Projects\adb_vl\vision_platform\ads\runtime_collection\click_success\click_success_20260723_081824_840\pre_click.png,D:\Projects\adb_vl\vision_platform\ads\runtime_collection\click_success\click_success_20260723_081824_840\post_click.png,D:\Projects\adb_vl\vision_platform\ads\runtime_collection\click_success\click_success_20260723_081824_840\crops\bbox.png,D:\Projects\adb_vl\vision_platform\ads\runtime_collection\click_success\click_success_20260723_081824_840\crops\bbox_context_1_5x.png,0.021217509793738525,0.044402677565813065,0.03164397304256757,0.03980883893867334,0.9915729562441508,0.002241883659735322,0.016952157951891422,0.02045324444770813,0.03144753351807594,0.05764239281415939,0.053830258548259735,0.9949340224266052,0.003483967622742057,0.01395117025822401,0.02875269576907158,0.06492985785007477,0.017999818548560143,0.029155803844332695,0.9805771708488464,0.0020178102422505617,0.026457304134964943,0.014446589164435863,0.03683064132928848,0.019289707764983177,0.03644045442342758,0.9992076754570007,0.0012238731142133474,0.010447999462485313
20260723_081842_418,2026-07-23T08:18:42+0800,ads2_click_success_20260723_081842_418,close_template,close_2.png,0.9597289562225342,x_mark,x_mark,0.9677158792813619,0.9677158792813619,True,47.88625,"[877, 20, 75, 33]","[914, 36]",vision_platform\ads\runtime_collection\click_success\click_success_20260723_081842_418,D:\Projects\adb_vl\vision_platform\ads\runtime_collection\click_success\click_success_20260723_081842_418\pre_click.png,D:\Projects\adb_vl\vision_platform\ads\runtime_collection\click_success\click_success_20260723_081842_418\post_click.png,D:\Projects\adb_vl\vision_platform\ads\runtime_collection\click_success\click_success_20260723_081842_418\crops\bbox.png,D:\Projects\adb_vl\vision_platform\ads\runtime_collection\click_success\click_success_20260723_081842_418\crops\bbox_context_1_5x.png,0.9677158792813619,0.003170399460941553,0.00647413373614351,0.03172029430667559,0.00018742697163058134,0.004373427596874535,0.006188611965626478,0.9819654822349548,0.004257015883922577,0.009565098211169243,0.05715072527527809,0.00015164862270466983,0.0075723156332969666,0.008595804683864117,0.9369359016418457,0.004319495987147093,0.0038426737301051617,0.019164379686117172,0.00038223652518354356,0.004644852131605148,0.00797775387763977,0.9842462539672852,0.0009346865117549896,0.006014629267156124,0.018845777958631516,2.8395767003530636e-05,0.0009031150257214904,0.0019922773353755474
20260723_081847_181,2026-07-23T08:18:47+0800,ads2_click_success_20260723_081847_181,got_template,got2.png,0.981580913066864,got,got,0.9982853531837463,0.9982853531837463,True,37.845416666666665,"[414, 134, 139, 47]","[483, 157]",vision_platform\ads\runtime_collection\click_success\click_success_20260723_081847_181,D:\Projects\adb_vl\vision_platform\ads\runtime_collection\click_success\click_success_20260723_081847_181\pre_click.png,D:\Projects\adb_vl\vision_platform\ads\runtime_collection\click_success\click_success_20260723_081847_181\post_click.png,D:\Projects\adb_vl\vision_platform\ads\runtime_collection\click_success\click_success_20260723_081847_181\crops\bbox.png,D:\Projects\adb_vl\vision_platform\ads\runtime_collection\click_success\click_success_20260723_081847_181\crops\bbox_context_1_5x.png,0.11524143939216931,0.0021774199267383665,0.011080854417135319,0.03750072171290716,0.0009578904913117489,0.9982853531837463,0.015998156120379765,0.1223696693778038,0.0032713620457798243,0.011110632680356503,0.057547785341739655,0.0010098187485709786,0.9968881011009216,0.02149996906518936,0.21326357126235962,0.002797139110043645,0.019264820963144302,0.02738800086081028,0.0016273530200123787,0.9982163310050964,0.0237513966858387,0.010091077536344528,0.0004637586243916303,0.0028671096079051495,0.02756637893617153,0.00023649970535188913,0.999751627445221,0.0027431026101112366
20260723_081853_682,2026-07-23T08:18:53+0800,ads2_click_success_20260723_081853_682,free_ad_template,free_ad_3.png,0.9744038581848145,free,free,0.9962461789449056,0.9962461789449056,True,52.73875,"[738, 352, 38, 24]","[757, 364]",vision_platform\ads\runtime_collection\click_success\click_success_20260723_081853_682,D:\Projects\adb_vl\vision_platform\ads\runtime_collection\click_success\click_success_20260723_081853_682\pre_click.png,D:\Projects\adb_vl\vision_platform\ads\runtime_collection\click_success\click_success_20260723_081853_682\post_click.png,D:\Projects\adb_vl\vision_platform\ads\runtime_collection\click_success\click_success_20260723_081853_682\crops\bbox.png,D:\Projects\adb_vl\vision_platform\ads\runtime_collection\click_success\click_success_20260723_081853_682\crops\bbox_context_1_5x.png,0.012653642644484838,0.02633528287212054,0.018947464724381764,0.02728317864239216,0.9962461789449056,0.001595113950315863,0.012209071777760983,0.012373903766274452,0.022109592333436012,0.03792722523212433,0.03497063368558884,0.9978128671646118,0.0026467861607670784,0.00934332050383091,0.01964503712952137,0.036531783640384674,0.010510278865695,0.017613882198929787,0.9914557337760925,0.0013815790880471468,0.018048439174890518,0.005941987037658691,0.02036447264254093,0.008404890075325966,0.029265020042657852,0.9994699358940125,0.0007569766021333635,0.00923545565456152
20260723_081911_381,2026-07-23T08:19:11+0800,ads2_click_success_20260723_081911_381,close_template,close_2.png,0.9945404529571533,x_mark,x_mark,0.9958480596542358,0.9958480596542358,True,27.573333333333334,"[877, 20, 75, 33]","[914, 36]",vision_platform\ads\runtime_collection\click_success\click_success_20260723_081911_381,D:\Projects\adb_vl\vision_platform\ads\runtime_collection\click_success\click_success_20260723_081911_381\pre_click.png,D:\Projects\adb_vl\vision_platform\ads\runtime_collection\click_success\click_success_20260723_081911_381\post_click.png,D:\Projects\adb_vl\vision_platform\ads\runtime_collection\click_success\click_success_20260723_081911_381\crops\bbox.png,D:\Projects\adb_vl\vision_platform\ads\runtime_collection\click_success\click_success_20260723_081911_381\crops\bbox_context_1_5x.png,0.9958480596542358,0.08133698627352715,0.0019426010355042915,0.008499606512486935,9.439208952244371e-05,8.448344306088984e-05,0.0024237604229710996,0.9953756332397461,0.16365265846252441,0.00453941198065877,0.009824465028941631,5.154538666829467e-05,9.466605115449056e-05,0.0040679327212274075,0.9941006302833557,0.06003837659955025,0.0007244928274303675,0.007826760411262512,0.00015452523075509816,9.806910384213552e-05,0.002667319495230913,0.9980679154396057,0.020319923758506775,0.0005638982984237373,0.00784759409725666,7.71056511439383e-05,6.071517418604344e-05,0.0005360290524549782
20260723_081916_181,2026-07-23T08:19:16+0800,ads2_click_success_20260723_081916_181,got_template,got2.png,0.9798569679260254,got,got,0.9987132946650187,0.9987132946650187,True,38.030347222222225,"[414, 134, 139, 47]","[483, 157]",vision_platform\ads\runtime_collection\click_success\click_success_20260723_081916_181,D:\Projects\adb_vl\vision_platform\ads\runtime_collection\click_success\click_success_20260723_081916_181\pre_click.png,D:\Projects\adb_vl\vision_platform\ads\runtime_collection\click_success\click_success_20260723_081916_181\post_click.png,D:\Projects\adb_vl\vision_platform\ads\runtime_collection\click_success\click_success_20260723_081916_181\crops\bbox.png,D:\Projects\adb_vl\vision_platform\ads\runtime_collection\click_success\click_success_20260723_081916_181\crops\bbox_context_1_5x.png,0.05511717156817516,0.0023004208536197743,0.019471900382389624,0.07696620623270671,0.0017544425403078396,0.9987132946650187,0.01981992895404498,0.049124330282211304,0.003123302711173892,0.01673598401248455,0.11908411234617233,0.0018345086136832833,0.9976740479469299,0.025191450491547585,0.10843734443187714,0.003001236589625478,0.03388964757323265,0.04961564764380455,0.0025565798860043287,0.9985472559928894,0.030490759760141373,0.007789839990437031,0.0007767232600599527,0.0077900695614516735,0.062198858708143234,0.0008722391212359071,0.9999185800552368,0.0037775766104459763
20260723_081922_663,2026-07-23T08:19:22+0800,ads2_click_success_20260723_081922_663,free_ad_template,free_ad_3.png,0.9744047522544861,free,free,0.9962461789449056,0.9962461789449056,True,52.746805555555554,"[738, 352, 38, 24]","[757, 364]",vision_platform\ads\runtime_collection\click_success\click_success_20260723_081922_663,D:\Projects\adb_vl\vision_platform\ads\runtime_collection\click_success\click_success_20260723_081922_663\pre_click.png,D:\Projects\adb_vl\vision_platform\ads\runtime_collection\click_success\click_success_20260723_081922_663\post_click.png,D:\Projects\adb_vl\vision_platform\ads\runtime_collection\click_success\click_success_20260723_081922_663\crops\bbox.png,D:\Projects\adb_vl\vision_platform\ads\runtime_collection\click_success\click_success_20260723_081922_663\crops\bbox_context_1_5x.png,0.012653642644484838,0.02633528287212054,0.018947464724381764,0.02728317864239216,0.9962461789449056,0.001595113950315863,0.012209071777760983,0.012373903766274452,0.022109592333436012,0.03792722523212433,0.03497063368558884,0.9978128671646118,0.0026467861607670784,0.00934332050383091,0.01964503712952137,0.036531783640384674,0.010510278865695,0.017613882198929787,0.9914557337760925,0.0013815790880471468,0.018048439174890518,0.005941987037658691,0.02036447264254093,0.008404890075325966,0.029265020042657852,0.9994699358940125,0.0007569766021333635,0.00923545565456152
20260723_081940_458,2026-07-23T08:19:40+0800,ads2_click_success_20260723_081940_458,close_template,close_2.png,0.9968946576118469,x_mark,x_mark,0.9961690505345663,0.9961690505345663,True,30.638402777777777,"[877, 20, 75, 33]","[914, 36]",vision_platform\ads\runtime_collection\click_success\click_success_20260723_081940_458,D:\Projects\adb_vl\vision_platform\ads\runtime_collection\click_success\click_success_20260723_081940_458\pre_click.png,D:\Projects\adb_vl\vision_platform\ads\runtime_collection\click_success\click_success_20260723_081940_458\post_click.png,D:\Projects\adb_vl\vision_platform\ads\runtime_collection\click_success\click_success_20260723_081940_458\crops\bbox.png,D:\Projects\adb_vl\vision_platform\ads\runtime_collection\click_success\click_success_20260723_081940_458\crops\bbox_context_1_5x.png,0.9961690505345663,0.0223029893822968,0.00028384271475564066,0.0027149831876158714,1.7436665378530353e-05,0.00020187651534797624,3.786453938422104e-05,0.9964079260826111,0.023759126663208008,0.0006277140346355736,0.005757876671850681,9.186705028696451e-06,0.0003908688959199935,5.402293027145788e-05,0.9931105375289917,0.036736033856868744,0.0001669527409831062,0.0007673399522900581,1.9132749002892524e-05,0.0001284641766687855,2.6775229343911633e-05,0.998988687992096,0.00641380762681365,5.6861368648242205e-05,0.0016197329387068748,2.399054210400209e-05,8.629647345514968e-05,3.27954585372936e-05
20260723_081945_250,2026-07-23T08:19:45+0800,ads2_click_success_20260723_081945_250,got_template,got2.png,0.9778591394424438,got,got,0.9990683595339457,0.9990683595339457,True,34.77534722222222,"[414, 134, 139, 47]","[483, 157]",vision_platform\ads\runtime_collection\click_success\click_success_20260723_081945_250,D:\Projects\adb_vl\vision_platform\ads\runtime_collection\click_success\click_success_20260723_081945_250\pre_click.png,D:\Projects\adb_vl\vision_platform\ads\runtime_collection\click_success\click_success_20260723_081945_250\post_click.png,D:\Projects\adb_vl\vision_platform\ads\runtime_collection\click_success\click_success_20260723_081945_250\crops\bbox.png,D:\Projects\adb_vl\vision_platform\ads\runtime_collection\click_success\click_success_20260723_081945_250\crops\bbox_context_1_5x.png,0.01893541511769096,0.006184283149195835,0.026712470067044098,0.04921564335624377,0.0010745623148977757,0.9990683595339457,0.017237046112616856,0.022147785872220993,0.008755624294281006,0.03923910856246948,0.07138452678918839,0.0011228031944483519,0.9986201524734497,0.021604571491479874,0.030942266806960106,0.009362198412418365,0.03577004000544548,0.04330037906765938,0.0013792889658361673,0.9988460540771484,0.024602053686976433,0.0037161926738917828,0.00043502674088813365,0.005128261633217335,0.032962024211883545,0.0007215947844088078,0.999738872051239,0.005504513159394264
20260723_082246_540,2026-07-23T08:22:46+0800,ads2_click_success_20260723_082246_540,free_ad_template,close_26.png,1.0,free,free,0.9861062367757162,0.9861062367757162,True,83.90138888888889,"[376, 285, 34, 19]","[385, 290]",vision_platform\ads\runtime_collection\click_success\click_success_20260723_082246_540,D:\Projects\adb_vl\vision_platform\ads\runtime_collection\click_success\click_success_20260723_082246_540\pre_click.png,D:\Projects\adb_vl\vision_platform\ads\runtime_collection\click_success\click_success_20260723_082246_540\post_click.png,D:\Projects\adb_vl\vision_platform\ads\runtime_collection\click_success\click_success_20260723_082246_540\crops\bbox.png,D:\Projects\adb_vl\vision_platform\ads\runtime_collection\click_success\click_success_20260723_082246_540\crops\bbox_context_1_5x.png,0.052198776664833225,0.0727444663643837,0.00897293514572084,0.0037551081428925195,0.9861062367757162,0.002289356430992484,0.0012998089174895238,0.08154675364494324,0.09469806402921677,0.014116227626800537,0.004470907151699066,0.9769155979156494,0.002378458622843027,0.002809693571180105,0.06034253537654877,0.08957341313362122,0.00966552272439003,0.004041490610688925,0.9838736653327942,0.0029065911658108234,0.0006273919134400785,0.014707040973007679,0.03396192193031311,0.0031370550859719515,0.002752926666289568,0.9975294470787048,0.0015830195043236017,0.00046234126784838736
20260723_082304_865,2026-07-23T08:23:04+0800,ads2_click_success_20260723_082304_865,got_template,got2.png,0.9632845520973206,got,got,0.9779738585154215,0.9779738585154215,True,83.6907638888889,"[414, 134, 139, 47]","[483, 157]",vision_platform\ads\runtime_collection\click_success\click_success_20260723_082304_865,D:\Projects\adb_vl\vision_platform\ads\runtime_collection\click_success\click_success_20260723_082304_865\pre_click.png,D:\Projects\adb_vl\vision_platform\ads\runtime_collection\click_success\click_success_20260723_082304_865\post_click.png,D:\Projects\adb_vl\vision_platform\ads\runtime_collection\click_success\click_success_20260723_082304_865\crops\bbox.png,D:\Projects\adb_vl\vision_platform\ads\runtime_collection\click_success\click_success_20260723_082304_865\crops\bbox_context_1_5x.png,0.20092224764327207,0.06409190284709136,0.11297619591156642,0.17515314122041067,0.01815783263494571,0.9779738585154215,0.09676689157883327,0.24940794706344604,0.10279417037963867,0.10515713691711426,0.19404689967632294,0.010581695474684238,0.9667197465896606,0.17210330069065094,0.33351147174835205,0.05877964571118355,0.1544896960258484,0.14412233233451843,0.023635677993297577,0.9694988131523132,0.08109384030103683,0.01984732411801815,0.03070189245045185,0.0792817547917366,0.18729019165039062,0.020256124436855316,0.9977030158042908,0.03710353374481201
20260723_082310_320,2026-07-23T08:23:10+0800,ads2_click_success_20260723_082310_320,free_ad_template,close_26.png,0.9770014882087708,free,free,0.9984451532363892,0.9984451532363892,True,133.08548611111112,"[391, 285, 34, 19]","[408, 294]",vision_platform\ads\runtime_collection\click_success\click_success_20260723_082310_320,D:\Projects\adb_vl\vision_platform\ads\runtime_collection\click_success\click_success_20260723_082310_320\pre_click.png,D:\Projects\adb_vl\vision_platform\ads\runtime_collection\click_success\click_success_20260723_082310_320\post_click.png,D:\Projects\adb_vl\vision_platform\ads\runtime_collection\click_success\click_success_20260723_082310_320\crops\bbox.png,D:\Projects\adb_vl\vision_platform\ads\runtime_collection\click_success\click_success_20260723_082310_320\crops\bbox_context_1_5x.png,0.028898046351969242,0.026637370077272255,0.013955033694704374,0.011851147748529911,0.9984451532363892,0.004823840223252773,0.003046327270567417,0.047121599316596985,0.03579051420092583,0.017747027799487114,0.01437219325453043,0.9975312352180481,0.0043157367035746574,0.004893839359283447,0.02876129373908043,0.033524222671985626,0.016108103096485138,0.01090202946215868,0.9982957243919373,0.0034611131995916367,0.002184063894674182,0.010811246000230312,0.010597373358905315,0.00800997018814087,0.010279220528900623,0.9995085000991821,0.006694670766592026,0.0020610785577446222
20260723_082328_157,2026-07-23T08:23:28+0800,ads2_click_success_20260723_082328_157,close_template,close_2.png,0.9945404529571533,x_mark,x_mark,0.9958480596542358,0.9958480596542358,True,92.15,"[877, 20, 75, 33]","[914, 36]",vision_platform\ads\runtime_collection\click_success\click_success_20260723_082328_157,D:\Projects\adb_vl\vision_platform\ads\runtime_collection\click_success\click_success_20260723_082328_157\pre_click.png,D:\Projects\adb_vl\vision_platform\ads\runtime_collection\click_success\click_success_20260723_082328_157\post_click.png,D:\Projects\adb_vl\vision_platform\ads\runtime_collection\click_success\click_success_20260723_082328_157\crops\bbox.png,D:\Projects\adb_vl\vision_platform\ads\runtime_collection\click_success\click_success_20260723_082328_157\crops\bbox_context_1_5x.png,0.9958480596542358,0.08133698627352715,0.0019426010355042915,0.008499606512486935,9.439208952244371e-05,8.448344306088984e-05,0.0024237604229710996,0.9953756332397461,0.16365265846252441,0.00453941198065877,0.009824465028941631,5.154538666829467e-05,9.466605115449056e-05,0.0040679327212274075,0.9941006302833557,0.06003837659955025,0.0007244928274303675,0.007826760411262512,0.00015452523075509816,9.806910384213552e-05,0.002667319495230913,0.9980679154396057,0.020319923758506775,0.0005638982984237373,0.00784759409725666,7.71056511439383e-05,6.071517418604344e-05,0.0005360290524549782
20260723_082333_146,2026-07-23T08:23:33+0800,ads2_click_success_20260723_082333_146,got_template,got2.png,0.9527869820594788,got,got,0.9855729738871256,0.9855729738871256,True,83.84138888888889,"[414, 134, 139, 47]","[483, 157]",vision_platform\ads\runtime_collection\click_success\click_success_20260723_082333_146,D:\Projects\adb_vl\vision_platform\ads\runtime_collection\click_success\click_success_20260723_082333_146\pre_click.png,D:\Projects\adb_vl\vision_platform\ads\runtime_collection\click_success\click_success_20260723_082333_146\post_click.png,D:\Projects\adb_vl\vision_platform\ads\runtime_collection\click_success\click_success_20260723_082333_146\crops\bbox.png,D:\Projects\adb_vl\vision_platform\ads\runtime_collection\click_success\click_success_20260723_082333_146\crops\bbox_context_1_5x.png,0.19180092898507914,0.03659326986720165,0.09666165585319202,0.1914152055978775,0.034381199007232986,0.9855729738871256,0.103543721139431,0.2266330122947693,0.06009552255272865,0.11829275637865067,0.24321824312210083,0.02462824247777462,0.9831799268722534,0.16116543114185333,0.3181937336921692,0.03679735213518143,0.13762854039669037,0.1513475477695465,0.038773901760578156,0.9746862649917603,0.09529580175876617,0.030576040968298912,0.012886934913694859,0.034063670784235,0.17967982590198517,0.039741452783346176,0.9988527297973633,0.05416993051767349
20260723_082338_585,2026-07-23T08:23:38+0800,ads2_click_success_20260723_082338_585,free_ad_template,close_26.png,0.9770014882087708,free,free,0.9984451532363892,0.9984451532363892,True,133.14625,"[391, 285, 34, 19]","[408, 294]",vision_platform\ads\runtime_collection\click_success\click_success_20260723_082338_585,D:\Projects\adb_vl\vision_platform\ads\runtime_collection\click_success\click_success_20260723_082338_585\pre_click.png,D:\Projects\adb_vl\vision_platform\ads\runtime_collection\click_success\click_success_20260723_082338_585\post_click.png,D:\Projects\adb_vl\vision_platform\ads\runtime_collection\click_success\click_success_20260723_082338_585\crops\bbox.png,D:\Projects\adb_vl\vision_platform\ads\runtime_collection\click_success\click_success_20260723_082338_585\crops\bbox_context_1_5x.png,0.028898046351969242,0.026637370077272255,0.013955033694704374,0.011851147748529911,0.9984451532363892,0.004823840223252773,0.003046327270567417,0.047121599316596985,0.03579051420092583,0.017747027799487114,0.01437219325453043,0.9975312352180481,0.0043157367035746574,0.004893839359283447,0.02876129373908043,0.033524222671985626,0.016108103096485138,0.01090202946215868,0.9982957243919373,0.0034611131995916367,0.002184063894674182,0.010811246000230312,0.010597373358905315,0.00800997018814087,0.010279220528900623,0.9995085000991821,0.006694670766592026,0.0020610785577446222
20260723_082356_528,2026-07-23T08:23:56+0800,ads2_click_success_20260723_082356_528,close_template,close_2.png,0.9969128370285034,x_mark,x_mark,0.9928488532702128,0.9928488532702128,True,82.30548611111111,"[877, 20, 75, 33]","[914, 36]",vision_platform\ads\runtime_collection\click_success\click_success_20260723_082356_528,D:\Projects\adb_vl\vision_platform\ads\runtime_collection\click_success\click_success_20260723_082356_528\pre_click.png,D:\Projects\adb_vl\vision_platform\ads\runtime_collection\click_success\click_success_20260723_082356_528\post_click.png,D:\Projects\adb_vl\vision_platform\ads\runtime_collection\click_success\click_success_20260723_082356_528\crops\bbox.png,D:\Projects\adb_vl\vision_platform\ads\runtime_collection\click_success\click_success_20260723_082356_528\crops\bbox_context_1_5x.png,0.9928488532702128,0.019926657046501834,0.00021984216073178686,0.0019366181610773008,5.8916317963545834e-06,0.00011102574353571981,3.962909189188698e-05,0.9940822720527649,0.022103382274508476,0.0004650381742976606,0.0038537944201380014,2.77372737400583e-06,0.0001846128434408456,5.355932080419734e-05,0.9888637065887451,0.03526056557893753,0.00014853350876364857,0.0006044938927516341,7.257212473632535e-06,9.068808140000328e-05,2.3089482056093402e-05,0.9956005811691284,0.002416023286059499,4.595479913405143e-05,0.0013515661703422666,7.643955541425385e-06,5.777630576631054e-05,4.223847281537019e-05
20260723_082401_575,2026-07-23T08:24:01+0800,ads2_click_success_20260723_082401_575,got_template,got2.png,0.9503982067108154,got,got,0.9895454247792562,0.9895454247792562,True,83.72777777777777,"[414, 134, 139, 47]","[483, 157]",vision_platform\ads\runtime_collection\click_success\click_success_20260723_082401_575,D:\Projects\adb_vl\vision_platform\ads\runtime_collection\click_success\click_success_20260723_082401_575\pre_click.png,D:\Projects\adb_vl\vision_platform\ads\runtime_collection\click_success\click_success_20260723_082401_575\post_click.png,D:\Projects\adb_vl\vision_platform\ads\runtime_collection\click_success\click_success_20260723_082401_575\crops\bbox.png,D:\Projects\adb_vl\vision_platform\ads\runtime_collection\click_success\click_success_20260723_082401_575\crops\bbox_context_1_5x.png,0.08447965017209451,0.013367653513948122,0.04667211013535658,0.11989034712314606,0.01284167201568683,0.9895454247792562,0.09107859556873639,0.09226634353399277,0.018666502088308334,0.051706817001104355,0.13487684726715088,0.008933098055422306,0.9850701093673706,0.13541749119758606,0.14610888063907623,0.014202564023435116,0.06859464943408966,0.10708203911781311,0.01650846190750599,0.9851497411727905,0.0840587466955185,0.015063726343214512,0.007233894430100918,0.01971486397087574,0.11771215498447418,0.013083456084132195,0.9984164237976074,0.05375954881310463
20260723_082406_958,2026-07-23T08:24:06+0800,ads2_click_success_20260723_082406_958,free_ad_template,close_26.png,0.9770014882087708,free,free,0.9984451532363892,0.9984451532363892,True,133.12777777777777,"[391, 285, 34, 19]","[408, 294]",vision_platform\ads\runtime_collection\click_success\click_success_20260723_082406_958,D:\Projects\adb_vl\vision_platform\ads\runtime_collection\click_success\click_success_20260723_082406_958\pre_click.png,D:\Projects\adb_vl\vision_platform\ads\runtime_collection\click_success\click_success_20260723_082406_958\post_click.png,D:\Projects\adb_vl\vision_platform\ads\runtime_collection\click_success\click_success_20260723_082406_958\crops\bbox.png,D:\Projects\adb_vl\vision_platform\ads\runtime_collection\click_success\click_success_20260723_082406_958\crops\bbox_context_1_5x.png,0.028898046351969242,0.026637370077272255,0.013955033694704374,0.011851147748529911,0.9984451532363892,0.004823840223252773,0.003046327270567417,0.047121599316596985,0.03579051420092583,0.017747027799487114,0.01437219325453043,0.9975312352180481,0.0043157367035746574,0.004893839359283447,0.02876129373908043,0.033524222671985626,0.016108103096485138,0.01090202946215868,0.9982957243919373,0.0034611131995916367,0.002184063894674182,0.010811246000230312,0.010597373358905315,0.00800997018814087,0.010279220528900623,0.9995085000991821,0.006694670766592026,0.0020610785577446222
20260723_082424_745,2026-07-23T08:24:24+0800,ads2_click_success_20260723_082424_745,close_template,close_2.png,0.9982696175575256,x_mark,x_mark,0.9965652624766032,0.9965652624766032,True,95.70368055555555,"[877, 20, 75, 33]","[914, 36]",vision_platform\ads\runtime_collection\click_success\click_success_20260723_082424_745,D:\Projects\adb_vl\vision_platform\ads\runtime_collection\click_success\click_success_20260723_082424_745\pre_click.png,D:\Projects\adb_vl\vision_platform\ads\runtime_collection\click_success\click_success_20260723_082424_745\post_click.png,D:\Projects\adb_vl\vision_platform\ads\runtime_collection\click_success\click_success_20260723_082424_745\crops\bbox.png,D:\Projects\adb_vl\vision_platform\ads\runtime_collection\click_success\click_success_20260723_082424_745\crops\bbox_context_1_5x.png,0.9965652624766032,0.006982562209789951,5.033938456714774e-05,0.001737518886026616,1.3925395686934887e-06,4.214577960700201e-06,2.122846050648756e-05,0.9951916933059692,0.0020467424765229225,4.027799150208011e-05,0.0032767769880592823,1.105403953260975e-06,7.682982868573163e-06,5.103197690914385e-05,0.9946407079696655,0.016715319827198982,9.094043343793601e-05,0.00046604705858044326,2.904111624957295e-06,4.737571998703061e-06,7.603684480272932e-06,0.9998633861541748,0.00218562432564795,1.9799728761427104e-05,0.0014697326114401221,1.6810312786219583e-07,2.2317901482438174e-07,5.049720130045898e-06
20260723_082429_706,2026-07-23T08:24:29+0800,ads2_click_success_20260723_082429_706,got_template,got2.png,0.955276370048523,got,got,0.9648851752281189,0.9648851752281189,True,83.93159722222222,"[414, 134, 139, 47]","[483, 157]",vision_platform\ads\runtime_collection\click_success\click_success_20260723_082429_706,D:\Projects\adb_vl\vision_platform\ads\runtime_collection\click_success\click_success_20260723_082429_706\pre_click.png,D:\Projects\adb_vl\vision_platform\ads\runtime_collection\click_success\click_success_20260723_082429_706\post_click.png,D:\Projects\adb_vl\vision_platform\ads\runtime_collection\click_success\click_success_20260723_082429_706\crops\bbox.png,D:\Projects\adb_vl\vision_platform\ads\runtime_collection\click_success\click_success_20260723_082429_706\crops\bbox_context_1_5x.png,0.06741816022743781,0.016004278945426147,0.04564895977576574,0.13723005106051764,0.009602720849215984,0.9648851752281189,0.08201104775071144,0.07613777369260788,0.02355184219777584,0.049356862902641296,0.1456718146800995,0.00758757907897234,0.9470729827880859,0.1344977766275406,0.11391926556825638,0.015542962588369846,0.06531932204961777,0.12177527695894241,0.013005724176764488,0.9501949548721313,0.0714835599064827,0.012197441421449184,0.008918032050132751,0.022270694375038147,0.144243061542511,0.008214859291911125,0.9973875880241394,0.04005180671811104
20260723_090735_112,2026-07-23T09:07:35+0800,ads2_click_success_20260723_090735_112,free_ad_template,close_26.png,0.7624269127845764,free,free,0.9950855573018392,0.9950855573018392,True,63.83076388888889,"[878, 354, 34, 19]","[895, 363]",vision_platform\ads\runtime_collection\click_success\click_success_20260723_090735_112,D:\Projects\adb_vl\vision_platform\ads\runtime_collection\click_success\click_success_20260723_090735_112\pre_click.png,D:\Projects\adb_vl\vision_platform\ads\runtime_collection\click_success\click_success_20260723_090735_112\post_click.png,D:\Projects\adb_vl\vision_platform\ads\runtime_collection\click_success\click_success_20260723_090735_112\crops\bbox.png,D:\Projects\adb_vl\vision_platform\ads\runtime_collection\click_success\click_success_20260723_090735_112\crops\bbox_context_1_5x.png,0.014352381074180206,0.04281113048394521,0.013005970356365045,0.027752726649244625,0.9950855573018392,0.0014014703532059987,0.01004707207903266,0.01946117915213108,0.03850509226322174,0.024736588820815086,0.04091354459524155,0.994067907333374,0.0019036841113120317,0.017177144065499306,0.017037570476531982,0.08072665333747864,0.008193804882466793,0.02564597688615322,0.9917601943016052,0.0018165713408961892,0.008772322908043861,0.006558393593877554,0.009201645851135254,0.006087517365813255,0.01669865846633911,0.9994285702705383,0.00048415560740977526,0.0041917492635548115
20260723_090752_852,2026-07-23T09:07:52+0800,ads2_click_success_20260723_090752_852,close_template,close_2.png,0.9095916748046875,x_mark,x_mark,0.8394123713175455,0.8394123713175455,True,41.175625,"[877, 20, 75, 33]","[914, 36]",vision_platform\ads\runtime_collection\click_success\click_success_20260723_090752_852,D:\Projects\adb_vl\vision_platform\ads\runtime_collection\click_success\click_success_20260723_090752_852\pre_click.png,D:\Projects\adb_vl\vision_platform\ads\runtime_collection\click_success\click_success_20260723_090752_852\post_click.png,D:\Projects\adb_vl\vision_platform\ads\runtime_collection\click_success\click_success_20260723_090752_852\crops\bbox.png,D:\Projects\adb_vl\vision_platform\ads\runtime_collection\click_success\click_success_20260723_090752_852\crops\bbox_context_1_5x.png,0.8394123713175455,0.050561526169379555,0.006579152153184016,0.04545064518849055,0.0045924776544173556,0.004048500210046768,0.07101472094655037,0.8255177140235901,0.05092795938253403,0.006494198925793171,0.07520873099565506,0.005063655320554972,0.0058578443713486195,0.05863667652010918,0.8908879160881042,0.04946744441986084,0.0054045128636062145,0.03425057977437973,0.0043789902701973915,0.0024313440080732107,0.0769028440117836,0.8018314838409424,0.05128917470574379,0.007838744670152664,0.02689262479543686,0.004334787372499704,0.0038563122507184744,0.07750464230775833
20260723_090757_769,2026-07-23T09:07:57+0800,ads2_click_success_20260723_090757_769,got_template,got2.png,0.9746047854423523,got,got,0.9899254441261292,0.9899254441261292,True,43.26645833333333,"[414, 134, 139, 47]","[483, 157]",vision_platform\ads\runtime_collection\click_success\click_success_20260723_090757_769,D:\Projects\adb_vl\vision_platform\ads\runtime_collection\click_success\click_success_20260723_090757_769\pre_click.png,D:\Projects\adb_vl\vision_platform\ads\runtime_collection\click_success\click_success_20260723_090757_769\post_click.png,D:\Projects\adb_vl\vision_platform\ads\runtime_collection\click_success\click_success_20260723_090757_769\crops\bbox.png,D:\Projects\adb_vl\vision_platform\ads\runtime_collection\click_success\click_success_20260723_090757_769\crops\bbox_context_1_5x.png,0.005190801321684073,0.00281108914835689,0.008565148222260177,0.04766951873898506,0.00024043536541284993,0.9899254441261292,0.003708433975892452,0.006401530932635069,0.0040162913501262665,0.014705486595630646,0.055470239371061325,0.000312736548949033,0.9850184321403503,0.005662407260388136,0.008709321729838848,0.004107761662453413,0.01029208954423666,0.05321306362748146,0.0003250764566473663,0.9851264953613281,0.0052321190014481544,0.00046155130257830024,0.00030921443249098957,0.0006978685269132257,0.0343252532184124,8.349309064215049e-05,0.999631404876709,0.00023077566584106535
20260723_090804_102,2026-07-23T09:08:04+0800,ads2_click_success_20260723_090804_102,free_ad_template,close_26.png,0.7624273300170898,free,free,0.9950855573018392,0.9950855573018392,True,63.962986111111114,"[878, 354, 34, 19]","[895, 363]",vision_platform\ads\runtime_collection\click_success\click_success_20260723_090804_102,D:\Projects\adb_vl\vision_platform\ads\runtime_collection\click_success\click_success_20260723_090804_102\pre_click.png,D:\Projects\adb_vl\vision_platform\ads\runtime_collection\click_success\click_success_20260723_090804_102\post_click.png,D:\Projects\adb_vl\vision_platform\ads\runtime_collection\click_success\click_success_20260723_090804_102\crops\bbox.png,D:\Projects\adb_vl\vision_platform\ads\runtime_collection\click_success\click_success_20260723_090804_102\crops\bbox_context_1_5x.png,0.014352381074180206,0.04281113048394521,0.013005970356365045,0.027752726649244625,0.9950855573018392,0.0014014703532059987,0.01004707207903266,0.01946117915213108,0.03850509226322174,0.024736588820815086,0.04091354459524155,0.994067907333374,0.0019036841113120317,0.017177144065499306,0.017037570476531982,0.08072665333747864,0.008193804882466793,0.02564597688615322,0.9917601943016052,0.0018165713408961892,0.008772322908043861,0.006558393593877554,0.009201645851135254,0.006087517365813255,0.01669865846633911,0.9994285702705383,0.00048415560740977526,0.0041917492635548115
20260723_090821_759,2026-07-23T09:08:21+0800,ads2_click_success_20260723_090821_759,close_template,close_2.png,0.9928913116455078,x_mark,x_mark,0.9904579917589823,0.9904579917589823,True,34.258125,"[877, 20, 75, 33]","[914, 36]",vision_platform\ads\runtime_collection\click_success\click_success_20260723_090821_759,D:\Projects\adb_vl\vision_platform\ads\runtime_collection\click_success\click_success_20260723_090821_759\pre_click.png,D:\Projects\adb_vl\vision_platform\ads\runtime_collection\click_success\click_success_20260723_090821_759\post_click.png,D:\Projects\adb_vl\vision_platform\ads\runtime_collection\click_success\click_success_20260723_090821_759\crops\bbox.png,D:\Projects\adb_vl\vision_platform\ads\runtime_collection\click_success\click_success_20260723_090821_759\crops\bbox_context_1_5x.png,0.9904579917589823,0.02345533777649204,0.00018098107602781965,0.0026464859256520867,8.397453143516032e-06,3.573503636289388e-05,0.0007563933892621814,0.9906925559043884,0.04568954557180405,0.00047167905722744763,0.0031538247130811214,3.5317152651259676e-06,5.488356691785157e-05,0.0016270773485302925,0.9835847616195679,0.023832403123378754,6.455809489125386e-05,0.002943460363894701,2.0203891835990362e-05,4.817237640963867e-05,0.0005815853946842253,0.9970966577529907,0.0008440646342933178,6.706075964757474e-06,0.0018421726999804378,1.4567523294317652e-06,4.149165761191398e-06,6.051742457202636e-05
20260723_090826_433,2026-07-23T09:08:26+0800,ads2_click_success_20260723_090826_433,got_template,got2.png,0.9772136211395264,got,got,0.9987237850824991,0.9987237850824991,True,40.72902777777778,"[414, 134, 139, 47]","[483, 157]",vision_platform\ads\runtime_collection\click_success\click_success_20260723_090826_433,D:\Projects\adb_vl\vision_platform\ads\runtime_collection\click_success\click_success_20260723_090826_433\pre_click.png,D:\Projects\adb_vl\vision_platform\ads\runtime_collection\click_success\click_success_20260723_090826_433\post_click.png,D:\Projects\adb_vl\vision_platform\ads\runtime_collection\click_success\click_success_20260723_090826_433\crops\bbox.png,D:\Projects\adb_vl\vision_platform\ads\runtime_collection\click_success\click_success_20260723_090826_433\crops\bbox_context_1_5x.png,0.006447712308727205,0.0026707532815635204,0.021666087210178375,0.08694799989461899,0.0024809341800088682,0.9987237850824991,0.006958592605466644,0.005617156624794006,0.003156517166644335,0.01919930800795555,0.08718433231115341,0.002897092141211033,0.9982302784919739,0.009711428545415401,0.012010728940367699,0.0026432122103869915,0.034528911113739014,0.1056598573923111,0.0026817009784281254,0.9980011582374573,0.007853993214666843,0.0017152513610199094,0.002212530467659235,0.011270042508840561,0.06799980998039246,0.0018640094203874469,0.9999399185180664,0.003310356056317687
20260723_090832_614,2026-07-23T09:08:32+0800,ads2_click_success_20260723_090832_614,free_ad_template,close_26.png,0.7616869807243347,free,free,0.9946320652961731,0.9946320652961731,True,59.47069444444445,"[462, 354, 34, 19]","[479, 363]",vision_platform\ads\runtime_collection\click_success\click_success_20260723_090832_614,D:\Projects\adb_vl\vision_platform\ads\runtime_collection\click_success\click_success_20260723_090832_614\pre_click.png,D:\Projects\adb_vl\vision_platform\ads\runtime_collection\click_success\click_success_20260723_090832_614\post_click.png,D:\Projects\adb_vl\vision_platform\ads\runtime_collection\click_success\click_success_20260723_090832_614\crops\bbox.png,D:\Projects\adb_vl\vision_platform\ads\runtime_collection\click_success\click_success_20260723_090832_614\crops\bbox_context_1_5x.png,0.009806264812747637,0.04858057883878549,0.009090112056583166,0.02277962490916252,0.9946320652961731,0.0011691929733691115,0.006502570894857247,0.011020949110388756,0.03487508371472359,0.01340226549655199,0.03061269037425518,0.9942783117294312,0.0013459475012496114,0.010969836264848709,0.011527866125106812,0.08114206790924072,0.004411967005580664,0.01948586106300354,0.9909396171569824,0.0014553157379850745,0.004688472952693701,0.006869979202747345,0.02972458489239216,0.009456103667616844,0.018240323290228844,0.9986782670021057,0.000706315680872649,0.003849403467029333
20260723_090850_624,2026-07-23T09:08:50+0800,ads2_click_success_20260723_090850_624,close_template,close_2.png,0.9968946576118469,x_mark,x_mark,0.9961690505345663,0.9961690505345663,True,30.70951388888889,"[877, 20, 75, 33]","[914, 36]",vision_platform\ads\runtime_collection\click_success\click_success_20260723_090850_624,D:\Projects\adb_vl\vision_platform\ads\runtime_collection\click_success\click_success_20260723_090850_624\pre_click.png,D:\Projects\adb_vl\vision_platform\ads\runtime_collection\click_success\click_success_20260723_090850_624\post_click.png,D:\Projects\adb_vl\vision_platform\ads\runtime_collection\click_success\click_success_20260723_090850_624\crops\bbox.png,D:\Projects\adb_vl\vision_platform\ads\runtime_collection\click_success\click_success_20260723_090850_624\crops\bbox_context_1_5x.png,0.9961690505345663,0.0223029893822968,0.00028384271475564066,0.0027149831876158714,1.7436665378530353e-05,0.00020187651534797624,3.786453938422104e-05,0.9964079260826111,0.023759126663208008,0.0006277140346355736,0.005757876671850681,9.186705028696451e-06,0.0003908688959199935,5.402293027145788e-05,0.9931105375289917,0.036736033856868744,0.0001669527409831062,0.0007673399522900581,1.9132749002892524e-05,0.0001284641766687855,2.6775229343911633e-05,0.998988687992096,0.00641380762681365,5.6861368648242205e-05,0.0016197329387068748,2.399054210400209e-05,8.629647345514968e-05,3.27954585372936e-05
20260723_090855_463,2026-07-23T09:08:55+0800,ads2_click_success_20260723_090855_463,got_template,got2.png,0.981156051158905,got,got,0.9973971048990885,0.9973971048990885,True,40.020694444444445,"[414, 134, 139, 47]","[483, 157]",vision_platform\ads\runtime_collection\click_success\click_success_20260723_090855_463,D:\Projects\adb_vl\vision_platform\ads\runtime_collection\click_success\click_success_20260723_090855_463\pre_click.png,D:\Projects\adb_vl\vision_platform\ads\runtime_collection\click_success\click_success_20260723_090855_463\post_click.png,D:\Projects\adb_vl\vision_platform\ads\runtime_collection\click_success\click_success_20260723_090855_463\crops\bbox.png,D:\Projects\adb_vl\vision_platform\ads\runtime_collection\click_success\click_success_20260723_090855_463\crops\bbox_context_1_5x.png,0.057090741426994406,0.0020169098279438913,0.01470453649138411,0.04916986202200254,0.0006677076065291961,0.9973971048990885,0.01765309243152539,0.05417172610759735,0.003328738734126091,0.013445284217596054,0.0795367881655693,0.0007197401137091219,0.995395839214325,0.02051105536520481,0.11165302991867065,0.002192813204601407,0.023555701598525047,0.0340927317738533,0.0008830875158309937,0.9968166947364807,0.028976650908589363,0.005447468254715204,0.0005291775451041758,0.007112623658031225,0.03388006612658501,0.0004002951900474727,0.99997878074646,0.003471571020781994
20260723_090902_069,2026-07-23T09:09:02+0800,ads2_click_success_20260723_090902_069,free_ad_template,free_ad_3.png,0.9999861717224121,free,free,0.9915729562441508,0.9915729562441508,True,55.13527777777778,"[599, 352, 38, 24]","[618, 364]",vision_platform\ads\runtime_collection\click_success\click_success_20260723_090902_069,D:\Projects\adb_vl\vision_platform\ads\runtime_collection\click_success\click_success_20260723_090902_069\pre_click.png,D:\Projects\adb_vl\vision_platform\ads\runtime_collection\click_success\click_success_20260723_090902_069\post_click.png,D:\Projects\adb_vl\vision_platform\ads\runtime_collection\click_success\click_success_20260723_090902_069\crops\bbox.png,D:\Projects\adb_vl\vision_platform\ads\runtime_collection\click_success\click_success_20260723_090902_069\crops\bbox_context_1_5x.png,0.021217509793738525,0.044402677565813065,0.03164397304256757,0.03980883893867334,0.9915729562441508,0.002241883659735322,0.016952157951891422,0.02045324444770813,0.03144753351807594,0.05764239281415939,0.053830258548259735,0.9949340224266052,0.003483967622742057,0.01395117025822401,0.02875269576907158,0.06492985785007477,0.017999818548560143,0.029155803844332695,0.9805771708488464,0.0020178102422505617,0.026457304134964943,0.014446589164435863,0.03683064132928848,0.019289707764983177,0.03644045442342758,0.9992076754570007,0.0012238731142133474,0.010447999462485313
20260723_090919_882,2026-07-23T09:09:19+0800,ads2_click_success_20260723_090919_882,close_template,close_2.png,0.9948992133140564,x_mark,x_mark,0.9444528619448344,0.9444528619448344,True,36.16909722222222,"[877, 20, 75, 33]","[914, 36]",vision_platform\ads\runtime_collection\click_success\click_success_20260723_090919_882,D:\Projects\adb_vl\vision_platform\ads\runtime_collection\click_success\click_success_20260723_090919_882\pre_click.png,D:\Projects\adb_vl\vision_platform\ads\runtime_collection\click_success\click_success_20260723_090919_882\post_click.png,D:\Projects\adb_vl\vision_platform\ads\runtime_collection\click_success\click_success_20260723_090919_882\crops\bbox.png,D:\Projects\adb_vl\vision_platform\ads\runtime_collection\click_success\click_success_20260723_090919_882\crops\bbox_context_1_5x.png,0.9444528619448344,0.018937148464222748,0.011454201846693953,0.02838899629811446,4.771040854241922e-06,0.0016956688292945425,0.0018563710521751393,0.9334468841552734,0.027145113795995712,0.027759643271565437,0.03605246916413307,8.234288543462753e-06,0.0029364898800849915,0.003986912313848734,0.9311464428901672,0.0201717521995306,0.004575112834572792,0.020193912088871002,5.246952241577674e-06,0.001002378761768341,0.00135526352096349,0.9687652587890625,0.009494579397141933,0.0020278494339436293,0.028920607641339302,8.318817776853393e-07,0.001148137846030295,0.00022693732171319425
20260723_090924_674,2026-07-23T09:09:24+0800,ads2_click_success_20260723_090924_674,got_template,got2.png,0.980366051197052,got,got,0.9981724421183268,0.9981724421183268,True,36.82069444444444,"[414, 134, 139, 47]","[483, 157]",vision_platform\ads\runtime_collection\click_success\click_success_20260723_090924_674,D:\Projects\adb_vl\vision_platform\ads\runtime_collection\click_success\click_success_20260723_090924_674\pre_click.png,D:\Projects\adb_vl\vision_platform\ads\runtime_collection\click_success\click_success_20260723_090924_674\post_click.png,D:\Projects\adb_vl\vision_platform\ads\runtime_collection\click_success\click_success_20260723_090924_674\crops\bbox.png,D:\Projects\adb_vl\vision_platform\ads\runtime_collection\click_success\click_success_20260723_090924_674\crops\bbox_context_1_5x.png,0.07219051693876584,0.00220406026346609,0.016289723105728626,0.060540738205115,0.0007289314623146007,0.9981724421183268,0.013049403904005885,0.07432126253843307,0.0034067349042743444,0.015277568250894547,0.10221152007579803,0.000801979738753289,0.9968125224113464,0.018728535622358322,0.13405273854732513,0.002701388206332922,0.02926490642130375,0.0370134562253952,0.0011875972850248218,0.9978013634681702,0.018412597477436066,0.008197549730539322,0.0005040576797910035,0.004326694644987583,0.042397238314151764,0.0001972173631656915,0.9999034404754639,0.0020070786122232676
20260723_090931_203,2026-07-23T09:09:31+0800,ads2_click_success_20260723_090931_203,free_ad_template,free_ad_3.png,0.9744038581848145,free,free,0.9962461789449056,0.9962461789449056,True,50.955625,"[738, 352, 38, 24]","[757, 364]",vision_platform\ads\runtime_collection\click_success\click_success_20260723_090931_203,D:\Projects\adb_vl\vision_platform\ads\runtime_collection\click_success\click_success_20260723_090931_203\pre_click.png,D:\Projects\adb_vl\vision_platform\ads\runtime_collection\click_success\click_success_20260723_090931_203\post_click.png,D:\Projects\adb_vl\vision_platform\ads\runtime_collection\click_success\click_success_20260723_090931_203\crops\bbox.png,D:\Projects\adb_vl\vision_platform\ads\runtime_collection\click_success\click_success_20260723_090931_203\crops\bbox_context_1_5x.png,0.012653642644484838,0.02633528287212054,0.018947464724381764,0.02728317864239216,0.9962461789449056,0.001595113950315863,0.012209071777760983,0.012373903766274452,0.022109592333436012,0.03792722523212433,0.03497063368558884,0.9978128671646118,0.0026467861607670784,0.00934332050383091,0.01964503712952137,0.036531783640384674,0.010510278865695,0.017613882198929787,0.9914557337760925,0.0013815790880471468,0.018048439174890518,0.005941987037658691,0.02036447264254093,0.008404890075325966,0.029265020042657852,0.9994699358940125,0.0007569766021333635,0.00923545565456152
20260723_090948_860,2026-07-23T09:09:48+0800,ads2_click_success_20260723_090948_860,close_template,close_2.png,0.9937427043914795,x_mark,x_mark,0.9950269261995951,0.9950269261995951,True,26.450277777777778,"[877, 20, 75, 33]","[914, 36]",vision_platform\ads\runtime_collection\click_success\click_success_20260723_090948_860,D:\Projects\adb_vl\vision_platform\ads\runtime_collection\click_success\click_success_20260723_090948_860\pre_click.png,D:\Projects\adb_vl\vision_platform\ads\runtime_collection\click_success\click_success_20260723_090948_860\post_click.png,D:\Projects\adb_vl\vision_platform\ads\runtime_collection\click_success\click_success_20260723_090948_860\crops\bbox.png,D:\Projects\adb_vl\vision_platform\ads\runtime_collection\click_success\click_success_20260723_090948_860\crops\bbox_context_1_5x.png,0.9950269261995951,0.05435246850053469,0.0006534189136194376,0.0031778193855037293,4.427163609458754e-05,4.41529058055797e-05,0.0011704939970513806,0.9960609078407288,0.10675821453332901,0.00169320497661829,0.003970038611441851,1.907828846015036e-05,5.401283851824701e-05,0.0021419329568743706,0.9928938746452332,0.048006314784288406,0.00019206279830541462,0.0033039827831089497,7.246058521559462e-05,5.122173752170056e-05,0.0012069150106981397,0.9961259961128235,0.008292876183986664,7.498896593460813e-05,0.0022594367619603872,4.127603460801765e-05,2.7224141376791522e-05,0.00016263402358163148
20260723_090953_792,2026-07-23T09:09:53+0800,ads2_click_success_20260723_090953_792,got_template,got2.png,0.9792193174362183,got,got,0.9902878403663635,0.9902878403663635,True,36.882152777777776,"[414, 134, 139, 47]","[483, 157]",vision_platform\ads\runtime_collection\click_success\click_success_20260723_090953_792,D:\Projects\adb_vl\vision_platform\ads\runtime_collection\click_success\click_success_20260723_090953_792\pre_click.png,D:\Projects\adb_vl\vision_platform\ads\runtime_collection\click_success\click_success_20260723_090953_792\post_click.png,D:\Projects\adb_vl\vision_platform\ads\runtime_collection\click_success\click_success_20260723_090953_792\crops\bbox.png,D:\Projects\adb_vl\vision_platform\ads\runtime_collection\click_success\click_success_20260723_090953_792\crops\bbox_context_1_5x.png,0.18110495309034982,0.0026098655653186142,0.018153544670591753,0.042760646591583885,0.0018805397169974942,0.9902878403663635,0.02188142699499925,0.21302370727062225,0.004305191338062286,0.01509922556579113,0.07607494294643402,0.0019837627187371254,0.9809743762016296,0.02472938783466816,0.31572312116622925,0.003093332052230835,0.03340401500463486,0.02088993415236473,0.0033137595746666193,0.9900496006011963,0.033528342843055725,0.014568030834197998,0.0004310733056627214,0.005957393441349268,0.03131706267595291,0.0003440968575887382,0.9998395442962646,0.007386550307273865
20260723_091000_272,2026-07-23T09:10:00+0800,ads2_click_success_20260723_091000_272,free_ad_template,free_ad_3.png,0.9744038581848145,free,free,0.9962461789449056,0.9962461789449056,True,50.95458333333333,"[738, 352, 38, 24]","[757, 364]",vision_platform\ads\runtime_collection\click_success\click_success_20260723_091000_272,D:\Projects\adb_vl\vision_platform\ads\runtime_collection\click_success\click_success_20260723_091000_272\pre_click.png,D:\Projects\adb_vl\vision_platform\ads\runtime_collection\click_success\click_success_20260723_091000_272\post_click.png,D:\Projects\adb_vl\vision_platform\ads\runtime_collection\click_success\click_success_20260723_091000_272\crops\bbox.png,D:\Projects\adb_vl\vision_platform\ads\runtime_collection\click_success\click_success_20260723_091000_272\crops\bbox_context_1_5x.png,0.012653642644484838,0.02633528287212054,0.018947464724381764,0.02728317864239216,0.9962461789449056,0.001595113950315863,0.012209071777760983,0.012373903766274452,0.022109592333436012,0.03792722523212433,0.03497063368558884,0.9978128671646118,0.0026467861607670784,0.00934332050383091,0.01964503712952137,0.036531783640384674,0.010510278865695,0.017613882198929787,0.9914557337760925,0.0013815790880471468,0.018048439174890518,0.005941987037658691,0.02036447264254093,0.008404890075325966,0.029265020042657852,0.9994699358940125,0.0007569766021333635,0.00923545565456152
20260723_091018_066,2026-07-23T09:10:18+0800,ads2_click_success_20260723_091018_066,close_template,close_2.png,0.9976891279220581,x_mark,x_mark,0.9935984214146932,0.9935984214146932,True,33.67777777777778,"[877, 20, 75, 33]","[914, 36]",vision_platform\ads\runtime_collection\click_success\click_success_20260723_091018_066,D:\Projects\adb_vl\vision_platform\ads\runtime_collection\click_success\click_success_20260723_091018_066\pre_click.png,D:\Projects\adb_vl\vision_platform\ads\runtime_collection\click_success\click_success_20260723_091018_066\post_click.png,D:\Projects\adb_vl\vision_platform\ads\runtime_collection\click_success\click_success_20260723_091018_066\crops\bbox.png,D:\Projects\adb_vl\vision_platform\ads\runtime_collection\click_success\click_success_20260723_091018_066\crops\bbox_context_1_5x.png,0.9935984214146932,0.022087870553756755,0.04583351003626982,0.06675319746136665,0.00023974523113186783,0.00949177251701864,0.0026307903268995383,0.9946897029876709,0.017654890194535255,0.09230563044548035,0.0746915191411972,0.00041488048736937344,0.01541101559996605,0.004465764854103327,0.9885170459747314,0.04664275795221329,0.035767462104558945,0.07080338895320892,0.00027462036814540625,0.012592103332281113,0.002893575932830572,0.9975885152816772,0.001965963514521718,0.00942743755877018,0.05476468428969383,2.973483788082376e-05,0.00047219861880876124,0.0005330301937647164
20260723_091022_810,2026-07-23T09:10:22+0800,ads2_click_success_20260723_091022_810,got_template,got2.png,0.9816585779190063,got,got,0.9990061322848002,0.9990061322848002,True,33.93159722222222,"[414, 134, 139, 47]","[483, 157]",vision_platform\ads\runtime_collection\click_success\click_success_20260723_091022_810,D:\Projects\adb_vl\vision_platform\ads\runtime_collection\click_success\click_success_20260723_091022_810\pre_click.png,D:\Projects\adb_vl\vision_platform\ads\runtime_collection\click_success\click_success_20260723_091022_810\post_click.png,D:\Projects\adb_vl\vision_platform\ads\runtime_collection\click_success\click_success_20260723_091022_810\crops\bbox.png,D:\Projects\adb_vl\vision_platform\ads\runtime_collection\click_success\click_success_20260723_091022_810\crops\bbox_context_1_5x.png,0.06667823779086272,0.0060855445529644685,0.026580827155460913,0.12160886575778325,0.0020739661219219365,0.9990061322848002,0.011922327258313695,0.059905990958213806,0.009673846885561943,0.03585510328412056,0.1542336642742157,0.0028543658554553986,0.9982713460922241,0.014089945703744888,0.1313510537147522,0.0071794139221310616,0.038607124239206314,0.10634510219097137,0.0024926839396357536,0.9989724159240723,0.01873369887471199,0.008777668699622154,0.0014033728512004018,0.005280253943055868,0.10424783080816269,0.0008748485706746578,0.9997746348381042,0.002943337196484208
20260723_091219_432,2026-07-23T09:12:19+0800,ads2_click_success_20260723_091219_432,free_ad_template,close_26.png,1.0,free,free,0.9548887213071188,0.9548887213071188,True,84.41708333333334,"[376, 285, 34, 19]","[385, 290]",vision_platform\ads\runtime_collection\click_success\click_success_20260723_091219_432,D:\Projects\adb_vl\vision_platform\ads\runtime_collection\click_success\click_success_20260723_091219_432\pre_click.png,D:\Projects\adb_vl\vision_platform\ads\runtime_collection\click_success\click_success_20260723_091219_432\post_click.png,D:\Projects\adb_vl\vision_platform\ads\runtime_collection\click_success\click_success_20260723_091219_432\crops\bbox.png,D:\Projects\adb_vl\vision_platform\ads\runtime_collection\click_success\click_success_20260723_091219_432\crops\bbox_context_1_5x.png,0.043871566808472075,0.11332990663746993,0.022068407386541367,0.007679859021057685,0.9548887213071188,0.0028607866649205485,0.002949849634508913,0.06037222594022751,0.16900865733623505,0.04619593545794487,0.012265907600522041,0.9288152456283569,0.0036967971827834845,0.006776769645512104,0.06593794375658035,0.15207353234291077,0.01723623462021351,0.008567600511014462,0.939038872718811,0.004156186711043119,0.0017678483854979277,0.00530453072860837,0.01890753023326397,0.002773052081465721,0.002206068951636553,0.9968120455741882,0.0007293761009350419,0.0003049308725167066
20260723_091237_934,2026-07-23T09:12:38+0800,ads2_click_success_20260723_091237_934,got_template,got2.png,0.9608951807022095,got,got,0.9793840845425924,0.9793840845425924,True,83.81944444444444,"[414, 134, 139, 47]","[483, 157]",vision_platform\ads\runtime_collection\click_success\click_success_20260723_091237_934,D:\Projects\adb_vl\vision_platform\ads\runtime_collection\click_success\click_success_20260723_091237_934\pre_click.png,D:\Projects\adb_vl\vision_platform\ads\runtime_collection\click_success\click_success_20260723_091237_934\post_click.png,D:\Projects\adb_vl\vision_platform\ads\runtime_collection\click_success\click_success_20260723_091237_934\crops\bbox.png,D:\Projects\adb_vl\vision_platform\ads\runtime_collection\click_success\click_success_20260723_091237_934\crops\bbox_context_1_5x.png,0.19039044932772717,0.04821522906422615,0.08328161016106606,0.11169978231191635,0.01204592827707529,0.9793840845425924,0.09999311094482739,0.234223872423172,0.08013969659805298,0.08065328001976013,0.14744322001934052,0.009874530136585236,0.9691303372383118,0.18443086743354797,0.3239968717098236,0.04641219228506088,0.12949809432029724,0.1044662818312645,0.015189997851848602,0.9714566469192505,0.08934862911701202,0.012950603850185871,0.01809379830956459,0.03969345614314079,0.08318984508514404,0.011073256842792034,0.9975652694702148,0.026199836283922195
20260723_091243_458,2026-07-23T09:12:43+0800,ads2_click_success_20260723_091243_458,free_ad_template,close_26.png,0.9770021438598633,free,free,0.9984451532363892,0.9984451532363892,True,133.05770833333332,"[391, 285, 34, 19]","[408, 294]",vision_platform\ads\runtime_collection\click_success\click_success_20260723_091243_458,D:\Projects\adb_vl\vision_platform\ads\runtime_collection\click_success\click_success_20260723_091243_458\pre_click.png,D:\Projects\adb_vl\vision_platform\ads\runtime_collection\click_success\click_success_20260723_091243_458\post_click.png,D:\Projects\adb_vl\vision_platform\ads\runtime_collection\click_success\click_success_20260723_091243_458\crops\bbox.png,D:\Projects\adb_vl\vision_platform\ads\runtime_collection\click_success\click_success_20260723_091243_458\crops\bbox_context_1_5x.png,0.028898046351969242,0.026637370077272255,0.013955033694704374,0.011851147748529911,0.9984451532363892,0.004823840223252773,0.003046327270567417,0.047121599316596985,0.03579051420092583,0.017747027799487114,0.01437219325453043,0.9975312352180481,0.0043157367035746574,0.004893839359283447,0.02876129373908043,0.033524222671985626,0.016108103096485138,0.01090202946215868,0.9982957243919373,0.0034611131995916367,0.002184063894674182,0.010811246000230312,0.010597373358905315,0.00800997018814087,0.010279220528900623,0.9995085000991821,0.006694670766592026,0.0020610785577446222
20260723_091301_394,2026-07-23T09:13:01+0800,ads2_click_success_20260723_091301_394,close_template,close_2.png,0.9982796907424927,x_mark,x_mark,0.9969703753789266,0.9969703753789266,True,94.0838888888889,"[877, 20, 75, 33]","[914, 36]",vision_platform\ads\runtime_collection\click_success\click_success_20260723_091301_394,D:\Projects\adb_vl\vision_platform\ads\runtime_collection\click_success\click_success_20260723_091301_394\pre_click.png,D:\Projects\adb_vl\vision_platform\ads\runtime_collection\click_success\click_success_20260723_091301_394\post_click.png,D:\Projects\adb_vl\vision_platform\ads\runtime_collection\click_success\click_success_20260723_091301_394\crops\bbox.png,D:\Projects\adb_vl\vision_platform\ads\runtime_collection\click_success\click_success_20260723_091301_394\crops\bbox_context_1_5x.png,0.9969703753789266,0.00996422472720345,7.871068009990267e-05,0.002922831801697612,2.3017606641436337e-06,6.85174143200129e-06,3.082626320368339e-05,0.9951733946800232,0.003051378298550844,7.257212564582005e-05,0.005255135707557201,1.7709987787384307e-06,1.2211155080876779e-05,7.399921014439315e-05,0.9958977103233337,0.023846929892897606,0.0001374795101583004,0.0008106429595500231,4.942886789649492e-06,8.01626629254315e-06,1.1246633221162483e-05,0.9998400211334229,0.0029943659901618958,2.6080404495587572e-05,0.002702716737985611,1.9139642404297774e-07,3.2780292258394184e-07,7.2329462454945315e-06
20260723_091306_387,2026-07-23T09:13:06+0800,ads2_click_success_20260723_091306_387,got_template,got2.png,0.9509161710739136,got,got,0.9895397424697876,0.9895397424697876,True,83.72569444444444,"[414, 134, 139, 47]","[483, 157]",vision_platform\ads\runtime_collection\click_success\click_success_20260723_091306_387,D:\Projects\adb_vl\vision_platform\ads\runtime_collection\click_success\click_success_20260723_091306_387\pre_click.png,D:\Projects\adb_vl\vision_platform\ads\runtime_collection\click_success\click_success_20260723_091306_387\post_click.png,D:\Projects\adb_vl\vision_platform\ads\runtime_collection\click_success\click_success_20260723_091306_387\crops\bbox.png,D:\Projects\adb_vl\vision_platform\ads\runtime_collection\click_success\click_success_20260723_091306_387\crops\bbox_context_1_5x.png,0.055305251851677895,0.01589177579929431,0.03185208017627398,0.13203924894332886,0.013348228298127651,0.9895397424697876,0.07767948508262634,0.06685419380664825,0.019749131053686142,0.037443943321704865,0.1392710953950882,0.010296977125108242,0.9865028858184814,0.10344034433364868,0.08806037157773972,0.018832208588719368,0.04865472763776779,0.11823336780071259,0.013832775875926018,0.9837835431098938,0.07630590349435806,0.011001190170645714,0.009093987755477428,0.009457569569349289,0.1386132836341858,0.015914931893348694,0.9983327984809875,0.053292207419872284
20260723_091311_790,2026-07-23T09:13:11+0800,ads2_click_success_20260723_091311_790,free_ad_template,close_26.png,0.9770021438598633,free,free,0.9984451532363892,0.9984451532363892,True,133.2395138888889,"[391, 285, 34, 19]","[408, 294]",vision_platform\ads\runtime_collection\click_success\click_success_20260723_091311_790,D:\Projects\adb_vl\vision_platform\ads\runtime_collection\click_success\click_success_20260723_091311_790\pre_click.png,D:\Projects\adb_vl\vision_platform\ads\runtime_collection\click_success\click_success_20260723_091311_790\post_click.png,D:\Projects\adb_vl\vision_platform\ads\runtime_collection\click_success\click_success_20260723_091311_790\crops\bbox.png,D:\Projects\adb_vl\vision_platform\ads\runtime_collection\click_success\click_success_20260723_091311_790\crops\bbox_context_1_5x.png,0.028898046351969242,0.026637370077272255,0.013955033694704374,0.011851147748529911,0.9984451532363892,0.004823840223252773,0.003046327270567417,0.047121599316596985,0.03579051420092583,0.017747027799487114,0.01437219325453043,0.9975312352180481,0.0043157367035746574,0.004893839359283447,0.02876129373908043,0.033524222671985626,0.016108103096485138,0.01090202946215868,0.9982957243919373,0.0034611131995916367,0.002184063894674182,0.010811246000230312,0.010597373358905315,0.00800997018814087,0.010279220528900623,0.9995085000991821,0.006694670766592026,0.0020610785577446222
20260723_091329_485,2026-07-23T09:13:29+0800,ads2_click_success_20260723_091329_485,close_template,close_2.png,0.9999386072158813,x_mark,x_mark,0.9877925316492716,0.9877925316492716,True,100.0182638888889,"[877, 20, 75, 33]","[914, 36]",vision_platform\ads\runtime_collection\click_success\click_success_20260723_091329_485,D:\Projects\adb_vl\vision_platform\ads\runtime_collection\click_success\click_success_20260723_091329_485\pre_click.png,D:\Projects\adb_vl\vision_platform\ads\runtime_collection\click_success\click_success_20260723_091329_485\post_click.png,D:\Projects\adb_vl\vision_platform\ads\runtime_collection\click_success\click_success_20260723_091329_485\crops\bbox.png,D:\Projects\adb_vl\vision_platform\ads\runtime_collection\click_success\click_success_20260723_091329_485\crops\bbox_context_1_5x.png,0.9877925316492716,0.030350870763262112,0.03955195642386874,0.0477424431592226,0.005261402577161789,0.01523552454697589,0.005668467065940301,0.9861558079719543,0.02793729305267334,0.05437353998422623,0.05122198909521103,0.00953845027834177,0.020952273160219193,0.010009893216192722,0.991232693195343,0.035452309995889664,0.05737403407692909,0.07163123786449432,0.005396196618676186,0.023481223732233047,0.005893338937312365,0.9859890937805176,0.027663009241223335,0.006908295210450888,0.020374102517962456,0.000849560834467411,0.0012730767484754324,0.001102169044315815
20260723_091334_513,2026-07-23T09:13:34+0800,ads2_click_success_20260723_091334_513,got_template,got2.png,0.9483456015586853,got,got,0.9871096809705099,0.9871096809705099,True,83.753125,"[414, 134, 139, 47]","[483, 157]",vision_platform\ads\runtime_collection\click_success\click_success_20260723_091334_513,D:\Projects\adb_vl\vision_platform\ads\runtime_collection\click_success\click_success_20260723_091334_513\pre_click.png,D:\Projects\adb_vl\vision_platform\ads\runtime_collection\click_success\click_success_20260723_091334_513\post_click.png,D:\Projects\adb_vl\vision_platform\ads\runtime_collection\click_success\click_success_20260723_091334_513\crops\bbox.png,D:\Projects\adb_vl\vision_platform\ads\runtime_collection\click_success\click_success_20260723_091334_513\crops\bbox_context_1_5x.png,0.07400727768739064,0.014558797391752401,0.034408978186547756,0.13498197495937347,0.014371609004835287,0.9871096809705099,0.09263262028495471,0.08141691982746124,0.018019411712884903,0.034117620438337326,0.13008518517017365,0.008529518730938435,0.9821560978889465,0.14732442796230316,0.12299337983131409,0.0162860918790102,0.055276356637477875,0.14022943377494812,0.015982314944267273,0.9810973405838013,0.08726367354393005,0.017611533403396606,0.009370888583362103,0.013832957483828068,0.13463130593299866,0.018602993339300156,0.9980756044387817,0.043309759348630905
20260723_091339_959,2026-07-23T09:13:39+0800,ads2_click_success_20260723_091339_959,free_ad_template,close_26.png,0.9770014882087708,free,free,0.9984451532363892,0.9984451532363892,True,133.18444444444444,"[391, 285, 34, 19]","[408, 294]",vision_platform\ads\runtime_collection\click_success\click_success_20260723_091339_959,D:\Projects\adb_vl\vision_platform\ads\runtime_collection\click_success\click_success_20260723_091339_959\pre_click.png,D:\Projects\adb_vl\vision_platform\ads\runtime_collection\click_success\click_success_20260723_091339_959\post_click.png,D:\Projects\adb_vl\vision_platform\ads\runtime_collection\click_success\click_success_20260723_091339_959\crops\bbox.png,D:\Projects\adb_vl\vision_platform\ads\runtime_collection\click_success\click_success_20260723_091339_959\crops\bbox_context_1_5x.png,0.028898046351969242,0.026637370077272255,0.013955033694704374,0.011851147748529911,0.9984451532363892,0.004823840223252773,0.003046327270567417,0.047121599316596985,0.03579051420092583,0.017747027799487114,0.01437219325453043,0.9975312352180481,0.0043157367035746574,0.004893839359283447,0.02876129373908043,0.033524222671985626,0.016108103096485138,0.01090202946215868,0.9982957243919373,0.0034611131995916367,0.002184063894674182,0.010811246000230312,0.010597373358905315,0.00800997018814087,0.010279220528900623,0.9995085000991821,0.006694670766592026,0.0020610785577446222
20260723_091357_865,2026-07-23T09:13:57+0800,ads2_click_success_20260723_091357_865,close_template,close_2.png,0.9749231338500977,x_mark,x_mark,0.9936946829160055,0.9936946829160055,True,64.67027777777778,"[877, 20, 75, 33]","[914, 36]",vision_platform\ads\runtime_collection\click_success\click_success_20260723_091357_865,D:\Projects\adb_vl\vision_platform\ads\runtime_collection\click_success\click_success_20260723_091357_865\pre_click.png,D:\Projects\adb_vl\vision_platform\ads\runtime_collection\click_success\click_success_20260723_091357_865\post_click.png,D:\Projects\adb_vl\vision_platform\ads\runtime_collection\click_success\click_success_20260723_091357_865\crops\bbox.png,D:\Projects\adb_vl\vision_platform\ads\runtime_collection\click_success\click_success_20260723_091357_865\crops\bbox_context_1_5x.png,0.9936946829160055,0.219547301530838,0.007215119044606884,0.02692772642088433,0.0005651458244149884,0.0002188287714185814,0.0020193453140867255,0.9891055226325989,0.2389124482870102,0.003790040500462055,0.005026369821280241,0.0004016184830106795,0.00015935118426568806,0.0005800842773169279,0.9926869869232178,0.1868731826543808,0.002173379296436906,0.0038476798217743635,0.0004593006451614201,7.558095967397094e-05,0.00042150478111580014,0.9992915391921997,0.23285627365112305,0.015681937336921692,0.07190912961959839,0.0008345183450728655,0.0004215541703160852,0.005056446883827448
20260723_091402_970,2026-07-23T09:14:03+0800,ads2_click_success_20260723_091402_970,got_template,got2.png,0.9533045291900635,got,got,0.9278053840001425,0.9278053840001425,True,83.90701388888888,"[414, 134, 139, 47]","[483, 157]",vision_platform\ads\runtime_collection\click_success\click_success_20260723_091402_970,D:\Projects\adb_vl\vision_platform\ads\runtime_collection\click_success\click_success_20260723_091402_970\pre_click.png,D:\Projects\adb_vl\vision_platform\ads\runtime_collection\click_success\click_success_20260723_091402_970\post_click.png,D:\Projects\adb_vl\vision_platform\ads\runtime_collection\click_success\click_success_20260723_091402_970\crops\bbox.png,D:\Projects\adb_vl\vision_platform\ads\runtime_collection\click_success\click_success_20260723_091402_970\crops\bbox_context_1_5x.png,0.15398597965637842,0.02343447506427765,0.08983572572469711,0.10627246896425883,0.02040929285188516,0.9278053840001425,0.08475351209441821,0.17972421646118164,0.031179657205939293,0.08937683701515198,0.1345580816268921,0.0165387149900198,0.8900054097175598,0.1488957554101944,0.24762693047523499,0.02354087308049202,0.12688538432121277,0.09032955020666122,0.026610856875777245,0.9017077684402466,0.07403996586799622,0.03460679203271866,0.015582894906401634,0.05324495583772659,0.09392977505922318,0.018078306689858437,0.9917029738426208,0.03132481500506401
20260723_095122_456,2026-07-23T09:51:22+0800,ads2_click_success_20260723_095122_456,free_ad_template,close_26.png,0.7624269127845764,free,free,0.9950855573018392,0.9950855573018392,True,64.66756944444444,"[878, 354, 34, 19]","[895, 363]",vision_platform\ads\runtime_collection\click_success\click_success_20260723_095122_456,D:\Projects\adb_vl\vision_platform\ads\runtime_collection\click_success\click_success_20260723_095122_456\pre_click.png,D:\Projects\adb_vl\vision_platform\ads\runtime_collection\click_success\click_success_20260723_095122_456\post_click.png,D:\Projects\adb_vl\vision_platform\ads\runtime_collection\click_success\click_success_20260723_095122_456\crops\bbox.png,D:\Projects\adb_vl\vision_platform\ads\runtime_collection\click_success\click_success_20260723_095122_456\crops\bbox_context_1_5x.png,0.014352381074180206,0.04281113048394521,0.013005970356365045,0.027752726649244625,0.9950855573018392,0.0014014703532059987,0.01004707207903266,0.01946117915213108,0.03850509226322174,0.024736588820815086,0.04091354459524155,0.994067907333374,0.0019036841113120317,0.017177144065499306,0.017037570476531982,0.08072665333747864,0.008193804882466793,0.02564597688615322,0.9917601943016052,0.0018165713408961892,0.008772322908043861,0.006558393593877554,0.009201645851135254,0.006087517365813255,0.01669865846633911,0.9994285702705383,0.00048415560740977526,0.0041917492635548115
20260723_095204_856,2026-07-23T09:52:04+0800,ads2_click_success_20260723_095204_856,got_template,got2.png,0.9736586213111877,got,got,0.9962774117787679,0.9962774117787679,True,43.49090277777778,"[414, 134, 139, 47]","[483, 157]",vision_platform\ads\runtime_collection\click_success\click_success_20260723_095204_856,D:\Projects\adb_vl\vision_platform\ads\runtime_collection\click_success\click_success_20260723_095204_856\pre_click.png,D:\Projects\adb_vl\vision_platform\ads\runtime_collection\click_success\click_success_20260723_095204_856\post_click.png,D:\Projects\adb_vl\vision_platform\ads\runtime_collection\click_success\click_success_20260723_095204_856\crops\bbox.png,D:\Projects\adb_vl\vision_platform\ads\runtime_collection\click_success\click_success_20260723_095204_856\crops\bbox_context_1_5x.png,0.015689178408744436,0.004064573518310984,0.011964721217130622,0.08046361555655797,0.001220043496383975,0.9962774117787679,0.007538342440966517,0.01855289191007614,0.005812186747789383,0.019851086661219597,0.0952601432800293,0.0016469211550429463,0.9953542947769165,0.011882562190294266,0.02703995630145073,0.005980840418487787,0.014093199744820595,0.08302458375692368,0.0017595782410353422,0.9936675429344177,0.00993327610194683,0.0014746870147064328,0.00040069338865578175,0.0019498772453516722,0.06310611963272095,0.0002536310930736363,0.9998103976249695,0.0007991890306584537
20260723_095230_039,2026-07-23T09:52:30+0800,ads2_click_success_20260723_095230_039,close_template,close_11.png,0.9906516075134277,arrow,arrow,0.6930566628774008,0.6930566628774008,True,30.63388888888889,"[30, 29, 74, 23]","[67, 40]",vision_platform\ads\runtime_collection\click_success\click_success_20260723_095230_039,D:\Projects\adb_vl\vision_platform\ads\runtime_collection\click_success\click_success_20260723_095230_039\pre_click.png,D:\Projects\adb_vl\vision_platform\ads\runtime_collection\click_success\click_success_20260723_095230_039\post_click.png,D:\Projects\adb_vl\vision_platform\ads\runtime_collection\click_success\click_success_20260723_095230_039\crops\bbox.png,D:\Projects\adb_vl\vision_platform\ads\runtime_collection\click_success\click_success_20260723_095230_039\crops\bbox_context_1_5x.png,0.47175737222035724,0.11906442294518153,0.029534744564443827,0.07344306384523709,0.06299631794293721,0.08178006360928218,0.6930566628774008,0.7228737473487854,0.16599228978157043,0.05641425773501396,0.10171343386173248,0.07757603377103806,0.11374524235725403,0.7885106801986694,0.5667888522148132,0.15458059310913086,0.02506396733224392,0.07975126057863235,0.07377869635820389,0.0614989772439003,0.5346750020980835,0.12560951709747314,0.03662038594484329,0.007126008626073599,0.03886449709534645,0.0376342236995697,0.0700959712266922,0.7559843063354492
20260723_095242_772,2026-07-23T09:52:42+0800,ads2_click_success_20260723_095242_772,close_template,close_11.png,0.989703357219696,arrow,arrow,0.9630892674128214,0.9630892674128214,True,75.70715277777778,"[30, 29, 74, 23]","[67, 40]",vision_platform\ads\runtime_collection\click_success\click_success_20260723_095242_772,D:\Projects\adb_vl\vision_platform\ads\runtime_collection\click_success\click_success_20260723_095242_772\pre_click.png,D:\Projects\adb_vl\vision_platform\ads\runtime_collection\click_success\click_success_20260723_095242_772\post_click.png,D:\Projects\adb_vl\vision_platform\ads\runtime_collection\click_success\click_success_20260723_095242_772\crops\bbox.png,D:\Projects\adb_vl\vision_platform\ads\runtime_collection\click_success\click_success_20260723_095242_772\crops\bbox_context_1_5x.png,0.2303658463060856,0.029086578637361526,0.004692346866553028,0.025612886374195416,0.007657714964201053,0.0011959024899018307,0.9630892674128214,0.4584551155567169,0.046203192323446274,0.007945895195007324,0.01981540396809578,0.01141046080738306,0.001727298367768526,0.9820727109909058,0.218507781624794,0.02215542457997799,0.003394845174625516,0.03327370434999466,0.005263625178486109,0.0008458077791146934,0.9147611856460571,0.014134641736745834,0.018901119008660316,0.002736300230026245,0.02374955080449581,0.00629905890673399,0.0010146013228222728,0.9924339056015015
20260723_095247_604,2026-07-23T09:52:47+0800,ads2_click_success_20260723_095247_604,got_template,got2.png,0.9773148894309998,got,got,0.9979070623715719,0.9979070623715719,True,41.26416666666667,"[414, 134, 139, 47]","[483, 157]",vision_platform\ads\runtime_collection\click_success\click_success_20260723_095247_604,D:\Projects\adb_vl\vision_platform\ads\runtime_collection\click_success\click_success_20260723_095247_604\pre_click.png,D:\Projects\adb_vl\vision_platform\ads\runtime_collection\click_success\click_success_20260723_095247_604\post_click.png,D:\Projects\adb_vl\vision_platform\ads\runtime_collection\click_success\click_success_20260723_095247_604\crops\bbox.png,D:\Projects\adb_vl\vision_platform\ads\runtime_collection\click_success\click_success_20260723_095247_604\crops\bbox_context_1_5x.png,0.007338118273764849,0.0021010944134710976,0.009315187887599071,0.08608246843020122,0.0002689815519261174,0.9979070623715719,0.004560347704682499,0.008100704289972782,0.0036351578310132027,0.013193890452384949,0.09090079367160797,0.00034395340480841696,0.9969784021377563,0.006901873275637627,0.01308412104845047,0.0022822667378932238,0.013741292990744114,0.09616297483444214,0.0003866632468998432,0.9967973828315735,0.006263669580221176,0.000829529482871294,0.0003858586715068668,0.00101038021966815,0.07118363678455353,7.632800407009199e-05,0.9999454021453857,0.0005155002581886947
20260723_095254_611,2026-07-23T09:52:54+0800,ads2_click_success_20260723_095254_611,free_ad_template,close_26.png,0.7616873979568481,free,free,0.9946320652961731,0.9946320652961731,True,86.15131944444444,"[462, 354, 34, 19]","[479, 363]",vision_platform\ads\runtime_collection\click_success\click_success_20260723_095254_611,D:\Projects\adb_vl\vision_platform\ads\runtime_collection\click_success\click_success_20260723_095254_611\pre_click.png,D:\Projects\adb_vl\vision_platform\ads\runtime_collection\click_success\click_success_20260723_095254_611\post_click.png,D:\Projects\adb_vl\vision_platform\ads\runtime_collection\click_success\click_success_20260723_095254_611\crops\bbox.png,D:\Projects\adb_vl\vision_platform\ads\runtime_collection\click_success\click_success_20260723_095254_611\crops\bbox_context_1_5x.png,0.009806264812747637,0.04858057883878549,0.009090112056583166,0.02277962490916252,0.9946320652961731,0.0011691929733691115,0.006502570894857247,0.011020949110388756,0.03487508371472359,0.01340226549655199,0.03061269037425518,0.9942783117294312,0.0013459475012496114,0.010969836264848709,0.011527866125106812,0.08114206790924072,0.004411967005580664,0.01948586106300354,0.9909396171569824,0.0014553157379850745,0.004688472952693701,0.006869979202747345,0.02972458489239216,0.009456103667616844,0.018240323290228844,0.9986782670021057,0.000706315680872649,0.003849403467029333
20260723_095319_660,2026-07-23T09:53:19+0800,ads2_click_success_20260723_095319_660,close_template,close_25.png,0.9420799016952515,x_mark,x_mark,0.9471111098925272,0.9471111098925272,True,100.00277777777778,"[895, 27, 26, 28]","[908, 41]",vision_platform\ads\runtime_collection\click_success\click_success_20260723_095319_660,D:\Projects\adb_vl\vision_platform\ads\runtime_collection\click_success\click_success_20260723_095319_660\pre_click.png,D:\Projects\adb_vl\vision_platform\ads\runtime_collection\click_success\click_success_20260723_095319_660\post_click.png,D:\Projects\adb_vl\vision_platform\ads\runtime_collection\click_success\click_success_20260723_095319_660\crops\bbox.png,D:\Projects\adb_vl\vision_platform\ads\runtime_collection\click_success\click_success_20260723_095319_660\crops\bbox_context_1_5x.png,0.9471111098925272,0.7222389578819275,0.11904123177131017,0.10900915662447612,0.04015710453192393,0.01279033999890089,0.1703276683886846,0.9690616726875305,0.6808599829673767,0.13014253973960876,0.1297960728406906,0.045118942856788635,0.01545854564756155,0.1834910362958908,0.9542844891548157,0.841047465801239,0.1021340936422348,0.07413233816623688,0.028506062924861908,0.010188000276684761,0.13988423347473145,0.9179871678352356,0.6448094248771667,0.12484706193208694,0.12309905886650085,0.046846307814121246,0.01272447407245636,0.18760773539543152
20260723_095324_446,2026-07-23T09:53:24+0800,ads2_click_success_20260723_095324_446,got_template,got2.png,0.9806322455406189,got,got,0.9960639675458273,0.9960639675458273,True,40.49520833333333,"[414, 134, 139, 47]","[483, 157]",vision_platform\ads\runtime_collection\click_success\click_success_20260723_095324_446,D:\Projects\adb_vl\vision_platform\ads\runtime_collection\click_success\click_success_20260723_095324_446\pre_click.png,D:\Projects\adb_vl\vision_platform\ads\runtime_collection\click_success\click_success_20260723_095324_446\post_click.png,D:\Projects\adb_vl\vision_platform\ads\runtime_collection\click_success\click_success_20260723_095324_446\crops\bbox.png,D:\Projects\adb_vl\vision_platform\ads\runtime_collection\click_success\click_success_20260723_095324_446\crops\bbox_context_1_5x.png,0.07660834413642685,0.0027287826136065028,0.018155968049541116,0.07034588356812795,0.0013207697678202142,0.9960639675458273,0.015332867857068777,0.07327231019735336,0.00415558647364378,0.020076371729373932,0.10649377107620239,0.001662408816628158,0.9931610822677612,0.021400127559900284,0.15037405490875244,0.0035668378695845604,0.03062354028224945,0.05115516483783722,0.0019647101871669292,0.9952281713485718,0.022403322160243988,0.006178667303174734,0.0004639234975911677,0.0037679921369999647,0.05338871479034424,0.00033519029966555536,0.9998026490211487,0.0021951538510620594
20260723_095331_682,2026-07-23T09:53:31+0800,ads2_click_success_20260723_095331_682,free_ad_template,free_ad_3.png,0.9999861717224121,free,free,0.9915729562441508,0.9915729562441508,True,89.95729166666666,"[599, 352, 38, 24]","[618, 364]",vision_platform\ads\runtime_collection\click_success\click_success_20260723_095331_682,D:\Projects\adb_vl\vision_platform\ads\runtime_collection\click_success\click_success_20260723_095331_682\pre_click.png,D:\Projects\adb_vl\vision_platform\ads\runtime_collection\click_success\click_success_20260723_095331_682\post_click.png,D:\Projects\adb_vl\vision_platform\ads\runtime_collection\click_success\click_success_20260723_095331_682\crops\bbox.png,D:\Projects\adb_vl\vision_platform\ads\runtime_collection\click_success\click_success_20260723_095331_682\crops\bbox_context_1_5x.png,0.021217509793738525,0.044402677565813065,0.03164397304256757,0.03980883893867334,0.9915729562441508,0.002241883659735322,0.016952157951891422,0.02045324444770813,0.03144753351807594,0.05764239281415939,0.053830258548259735,0.9949340224266052,0.003483967622742057,0.01395117025822401,0.02875269576907158,0.06492985785007477,0.017999818548560143,0.029155803844332695,0.9805771708488464,0.0020178102422505617,0.026457304134964943,0.014446589164435863,0.03683064132928848,0.019289707764983177,0.03644045442342758,0.9992076754570007,0.0012238731142133474,0.010447999462485313
20260723_095400_866,2026-07-23T09:54:00+0800,ads2_click_success_20260723_095400_866,close_template,close_25.png,0.9420759081840515,x_mark,x_mark,0.9465590715408325,0.9465590715408325,True,89.399375,"[895, 27, 26, 28]","[908, 41]",vision_platform\ads\runtime_collection\click_success\click_success_20260723_095400_866,D:\Projects\adb_vl\vision_platform\ads\runtime_collection\click_success\click_success_20260723_095400_866\pre_click.png,D:\Projects\adb_vl\vision_platform\ads\runtime_collection\click_success\click_success_20260723_095400_866\post_click.png,D:\Projects\adb_vl\vision_platform\ads\runtime_collection\click_success\click_success_20260723_095400_866\crops\bbox.png,D:\Projects\adb_vl\vision_platform\ads\runtime_collection\click_success\click_success_20260723_095400_866\crops\bbox_context_1_5x.png,0.9465590715408325,0.7159265875816345,0.10966603954633077,0.09917113433281581,0.03633168339729309,0.011577796190977097,0.1624581515789032,0.9666646718978882,0.6741005182266235,0.1238960325717926,0.1233031302690506,0.041302893310785294,0.014872511848807335,0.18123260140419006,0.9518808722496033,0.8374230265617371,0.09348361939191818,0.06902103126049042,0.025754768401384354,0.009583198465406895,0.13709117472171783,0.9211316704750061,0.636256217956543,0.11161846667528152,0.1051892414689064,0.041937388479709625,0.01027767825871706,0.1690506786108017
20260723_095405_692,2026-07-23T09:54:05+0800,ads2_click_success_20260723_095405_692,got_template,got2.png,0.9788637161254883,got,got,0.9978469808896383,0.9978469808896383,True,37.31784722222222,"[414, 134, 139, 47]","[483, 157]",vision_platform\ads\runtime_collection\click_success\click_success_20260723_095405_692,D:\Projects\adb_vl\vision_platform\ads\runtime_collection\click_success\click_success_20260723_095405_692\pre_click.png,D:\Projects\adb_vl\vision_platform\ads\runtime_collection\click_success\click_success_20260723_095405_692\post_click.png,D:\Projects\adb_vl\vision_platform\ads\runtime_collection\click_success\click_success_20260723_095405_692\crops\bbox.png,D:\Projects\adb_vl\vision_platform\ads\runtime_collection\click_success\click_success_20260723_095405_692\crops\bbox_context_1_5x.png,0.04025746385256449,0.003780381695833057,0.0201106119590501,0.03571548809607824,0.0006960512352331231,0.9978469808896383,0.014924485391626755,0.04196716099977493,0.005696827545762062,0.02149750106036663,0.04950227215886116,0.0007181180408224463,0.9963511228561401,0.016436701640486717,0.07378172874450684,0.00512009859085083,0.032027821987867355,0.022909443825483322,0.0009243040694855154,0.9974662065505981,0.024280812591314316,0.005023501813411713,0.0005242189508862793,0.006806512828916311,0.03473474830389023,0.0004457315953914076,0.9997236132621765,0.004055941943079233
20260723_095412_936,2026-07-23T09:54:12+0800,ads2_click_success_20260723_095412_936,free_ad_template,free_ad_3.png,0.9744047522544861,free,free,0.9962461789449056,0.9962461789449056,True,93.7475,"[738, 352, 38, 24]","[757, 364]",vision_platform\ads\runtime_collection\click_success\click_success_20260723_095412_936,D:\Projects\adb_vl\vision_platform\ads\runtime_collection\click_success\click_success_20260723_095412_936\pre_click.png,D:\Projects\adb_vl\vision_platform\ads\runtime_collection\click_success\click_success_20260723_095412_936\post_click.png,D:\Projects\adb_vl\vision_platform\ads\runtime_collection\click_success\click_success_20260723_095412_936\crops\bbox.png,D:\Projects\adb_vl\vision_platform\ads\runtime_collection\click_success\click_success_20260723_095412_936\crops\bbox_context_1_5x.png,0.012653642644484838,0.02633528287212054,0.018947464724381764,0.02728317864239216,0.9962461789449056,0.001595113950315863,0.012209071777760983,0.012373903766274452,0.022109592333436012,0.03792722523212433,0.03497063368558884,0.9978128671646118,0.0026467861607670784,0.00934332050383091,0.01964503712952137,0.036531783640384674,0.010510278865695,0.017613882198929787,0.9914557337760925,0.0013815790880471468,0.018048439174890518,0.005941987037658691,0.02036447264254093,0.008404890075325966,0.029265020042657852,0.9994699358940125,0.0007569766021333635,0.00923545565456152
20260723_095437_907,2026-07-23T09:54:37+0800,ads2_click_success_20260723_095437_907,close_template,close_25.png,0.9420777559280396,x_mark,x_mark,0.9449805816014608,0.9449805816014608,True,89.28236111111111,"[895, 27, 26, 28]","[908, 41]",vision_platform\ads\runtime_collection\click_success\click_success_20260723_095437_907,D:\Projects\adb_vl\vision_platform\ads\runtime_collection\click_success\click_success_20260723_095437_907\pre_click.png,D:\Projects\adb_vl\vision_platform\ads\runtime_collection\click_success\click_success_20260723_095437_907\post_click.png,D:\Projects\adb_vl\vision_platform\ads\runtime_collection\click_success\click_success_20260723_095437_907\crops\bbox.png,D:\Projects\adb_vl\vision_platform\ads\runtime_collection\click_success\click_success_20260723_095437_907\crops\bbox_context_1_5x.png,0.9449805816014608,0.7202932635943095,0.11607169608275096,0.10715284198522568,0.03778958382705847,0.011989365331828594,0.16951550046602884,0.967849612236023,0.6773291230201721,0.12556828558444977,0.1267656534910202,0.042757194489240646,0.014665797352790833,0.18168510496616364,0.952542245388031,0.8379822373390198,0.09729398787021637,0.07093130052089691,0.026608066633343697,0.009582152590155602,0.1377279907464981,0.9145498871803284,0.6455684304237366,0.12535281479358673,0.12376157194375992,0.04400349035859108,0.011720146052539349,0.1891334056854248
20260723_095442_703,2026-07-23T09:54:42+0800,ads2_click_success_20260723_095442_703,got_template,got2.png,0.9802669882774353,got,got,0.9962066610654196,0.9962066610654196,True,37.35069444444444,"[414, 134, 139, 47]","[483, 157]",vision_platform\ads\runtime_collection\click_success\click_success_20260723_095442_703,D:\Projects\adb_vl\vision_platform\ads\runtime_collection\click_success\click_success_20260723_095442_703\pre_click.png,D:\Projects\adb_vl\vision_platform\ads\runtime_collection\click_success\click_success_20260723_095442_703\post_click.png,D:\Projects\adb_vl\vision_platform\ads\runtime_collection\click_success\click_success_20260723_095442_703\crops\bbox.png,D:\Projects\adb_vl\vision_platform\ads\runtime_collection\click_success\click_success_20260723_095442_703\crops\bbox_context_1_5x.png,0.12566078795741,0.00304229873775815,0.024851033929735422,0.06952144205570221,0.002637736111258467,0.9962066610654196,0.023191375425085425,0.13675080239772797,0.0046644872054457664,0.020653173327445984,0.12133414298295975,0.0028501099441200495,0.9929291605949402,0.03335477411746979,0.22974728047847748,0.003937641624361277,0.046991508454084396,0.04336363077163696,0.00423579104244709,0.995993971824646,0.033024419099092484,0.010484280996024609,0.000524767383467406,0.006908420007675886,0.04386655241250992,0.0008273073472082615,0.9996968507766724,0.003194933058694005
20260723_095449_859,2026-07-23T09:54:49+0800,ads2_click_success_20260723_095449_859,free_ad_template,free_ad_3.png,0.9744047522544861,free,free,0.9962461789449056,0.9962461789449056,True,93.74791666666667,"[738, 352, 38, 24]","[757, 364]",vision_platform\ads\runtime_collection\click_success\click_success_20260723_095449_859,D:\Projects\adb_vl\vision_platform\ads\runtime_collection\click_success\click_success_20260723_095449_859\pre_click.png,D:\Projects\adb_vl\vision_platform\ads\runtime_collection\click_success\click_success_20260723_095449_859\post_click.png,D:\Projects\adb_vl\vision_platform\ads\runtime_collection\click_success\click_success_20260723_095449_859\crops\bbox.png,D:\Projects\adb_vl\vision_platform\ads\runtime_collection\click_success\click_success_20260723_095449_859\crops\bbox_context_1_5x.png,0.012653642644484838,0.02633528287212054,0.018947464724381764,0.02728317864239216,0.9962461789449056,0.001595113950315863,0.012209071777760983,0.012373903766274452,0.022109592333436012,0.03792722523212433,0.03497063368558884,0.9978128671646118,0.0026467861607670784,0.00934332050383091,0.01964503712952137,0.036531783640384674,0.010510278865695,0.017613882198929787,0.9914557337760925,0.0013815790880471468,0.018048439174890518,0.005941987037658691,0.02036447264254093,0.008404890075325966,0.029265020042657852,0.9994699358940125,0.0007569766021333635,0.00923545565456152
20260723_095514_685,2026-07-23T09:55:14+0800,ads2_click_success_20260723_095514_685,close_template,close_25.png,0.9420604109764099,x_mark,x_mark,0.9447751641273499,0.9447751641273499,True,92.42256944444445,"[895, 27, 26, 28]","[908, 41]",vision_platform\ads\runtime_collection\click_success\click_success_20260723_095514_685,D:\Projects\adb_vl\vision_platform\ads\runtime_collection\click_success\click_success_20260723_095514_685\pre_click.png,D:\Projects\adb_vl\vision_platform\ads\runtime_collection\click_success\click_success_20260723_095514_685\post_click.png,D:\Projects\adb_vl\vision_platform\ads\runtime_collection\click_success\click_success_20260723_095514_685\crops\bbox.png,D:\Projects\adb_vl\vision_platform\ads\runtime_collection\click_success\click_success_20260723_095514_685\crops\bbox_context_1_5x.png,0.9447751641273499,0.724445641040802,0.11970703552166621,0.11096114416917165,0.039830743645628296,0.012285901233553886,0.17191258072853088,0.9674458503723145,0.6803056597709656,0.12835940718650818,0.13103057444095612,0.0440799705684185,0.01501801423728466,0.18034394085407257,0.9521055817604065,0.8418006896972656,0.10310045629739761,0.07466951012611389,0.028849711641669273,0.009600548073649406,0.14014719426631927,0.9147740602493286,0.6512305736541748,0.12766124308109283,0.12718334794044495,0.046562548726797104,0.012239141389727592,0.1952466070652008
20260723_095519_482,2026-07-23T09:55:19+0800,ads2_click_success_20260723_095519_482,got_template,got2.png,0.9781508445739746,got,got,0.9987853368123373,0.9987853368123373,True,34.22479166666667,"[414, 134, 139, 47]","[483, 157]",vision_platform\ads\runtime_collection\click_success\click_success_20260723_095519_482,D:\Projects\adb_vl\vision_platform\ads\runtime_collection\click_success\click_success_20260723_095519_482\pre_click.png,D:\Projects\adb_vl\vision_platform\ads\runtime_collection\click_success\click_success_20260723_095519_482\post_click.png,D:\Projects\adb_vl\vision_platform\ads\runtime_collection\click_success\click_success_20260723_095519_482\crops\bbox.png,D:\Projects\adb_vl\vision_platform\ads\runtime_collection\click_success\click_success_20260723_095519_482\crops\bbox_context_1_5x.png,0.032584058896948896,0.010315210131617883,0.02473146344224612,0.05539416087170442,0.001062440579213823,0.9987853368123373,0.00897993721688787,0.03909663110971451,0.01927170157432556,0.03879445791244507,0.07814528793096542,0.0014049614546820521,0.9978460073471069,0.009649092331528664,0.05330853536725044,0.010266059078276157,0.033102359622716904,0.06099758297204971,0.0014550656778737903,0.9988126754760742,0.011856701225042343,0.005347010213881731,0.0014078697422519326,0.0022975727915763855,0.02703961171209812,0.00032729460508562624,0.9996973276138306,0.0054340180940926075
20260723_095802_832,2026-07-23T09:58:02+0800,ads2_click_success_20260723_095802_832,free_ad_template,close_26.png,0.9999993443489075,free,free,0.9622486035029093,0.9622486035029093,True,84.52555555555556,"[376, 285, 34, 19]","[385, 290]",vision_platform\ads\runtime_collection\click_success\click_success_20260723_095802_832,D:\Projects\adb_vl\vision_platform\ads\runtime_collection\click_success\click_success_20260723_095802_832\pre_click.png,D:\Projects\adb_vl\vision_platform\ads\runtime_collection\click_success\click_success_20260723_095802_832\post_click.png,D:\Projects\adb_vl\vision_platform\ads\runtime_collection\click_success\click_success_20260723_095802_832\crops\bbox.png,D:\Projects\adb_vl\vision_platform\ads\runtime_collection\click_success\click_success_20260723_095802_832\crops\bbox_context_1_5x.png,0.03875084252407154,0.10580608528107405,0.017908874278267223,0.006886300320426623,0.9622486035029093,0.002128328720573336,0.002141803313861601,0.053801048547029495,0.17245356738567352,0.03716815263032913,0.010544118471443653,0.933182418346405,0.002663582796230912,0.005054837092757225,0.05772416666150093,0.13118210434913635,0.01415711734443903,0.008244974538683891,0.9556600451469421,0.003282207529991865,0.0011659108567982912,0.004727312363684177,0.013782584108412266,0.002401352860033512,0.0018698079511523247,0.9979033470153809,0.0004391958354972303,0.00020466199202928692
20260723_095821_265,2026-07-23T09:58:21+0800,ads2_click_success_20260723_095821_265,got_template,got2.png,0.9582164883613586,got,got,0.9937809507052103,0.9937809507052103,True,83.78881944444444,"[414, 134, 139, 47]","[483, 157]",vision_platform\ads\runtime_collection\click_success\click_success_20260723_095821_265,D:\Projects\adb_vl\vision_platform\ads\runtime_collection\click_success\click_success_20260723_095821_265\pre_click.png,D:\Projects\adb_vl\vision_platform\ads\runtime_collection\click_success\click_success_20260723_095821_265\post_click.png,D:\Projects\adb_vl\vision_platform\ads\runtime_collection\click_success\click_success_20260723_095821_265\crops\bbox.png,D:\Projects\adb_vl\vision_platform\ads\runtime_collection\click_success\click_success_20260723_095821_265\crops\bbox_context_1_5x.png,0.18046043099214634,0.07242932543158531,0.07636477301518123,0.1366917739311854,0.015476273062328497,0.9937809507052103,0.09204218660791715,0.2534811496734619,0.11552410572767258,0.08770189434289932,0.16443829238414764,0.014167670160531998,0.9908724427223206,0.14222760498523712,0.27592024207115173,0.06048314645886421,0.10405120253562927,0.1520352065563202,0.020820247009396553,0.9915823340415955,0.10426843166351318,0.011979901231825352,0.04128072410821915,0.037341222167015076,0.09360182285308838,0.011440902017056942,0.9988880753517151,0.029630523175001144
20260723_095827_085,2026-07-23T09:58:27+0800,ads2_click_success_20260723_095827_085,free_ad_template,close_26.png,0.9770014882087708,free,free,0.9984451532363892,0.9984451532363892,True,66.81458333333333,"[391, 285, 34, 19]","[408, 294]",vision_platform\ads\runtime_collection\click_success\click_success_20260723_095827_085,D:\Projects\adb_vl\vision_platform\ads\runtime_collection\click_success\click_success_20260723_095827_085\pre_click.png,D:\Projects\adb_vl\vision_platform\ads\runtime_collection\click_success\click_success_20260723_095827_085\post_click.png,D:\Projects\adb_vl\vision_platform\ads\runtime_collection\click_success\click_success_20260723_095827_085\crops\bbox.png,D:\Projects\adb_vl\vision_platform\ads\runtime_collection\click_success\click_success_20260723_095827_085\crops\bbox_context_1_5x.png,0.028898046351969242,0.026637370077272255,0.013955033694704374,0.011851147748529911,0.9984451532363892,0.004823840223252773,0.003046327270567417,0.047121599316596985,0.03579051420092583,0.017747027799487114,0.01437219325453043,0.9975312352180481,0.0043157367035746574,0.004893839359283447,0.02876129373908043,0.033524222671985626,0.016108103096485138,0.01090202946215868,0.9982957243919373,0.0034611131995916367,0.002184063894674182,0.010811246000230312,0.010597373358905315,0.00800997018814087,0.010279220528900623,0.9995085000991821,0.006694670766592026,0.0020610785577446222
20260723_095856_617,2026-07-23T09:58:56+0800,ads2_click_success_20260723_095856_617,close_template,close_25.png,0.9399420619010925,x_mark,x_mark,0.9200492103894552,0.9200492103894552,True,73.04006944444444,"[895, 27, 26, 28]","[908, 41]",vision_platform\ads\runtime_collection\click_success\click_success_20260723_095856_617,D:\Projects\adb_vl\vision_platform\ads\runtime_collection\click_success\click_success_20260723_095856_617\pre_click.png,D:\Projects\adb_vl\vision_platform\ads\runtime_collection\click_success\click_success_20260723_095856_617\post_click.png,D:\Projects\adb_vl\vision_platform\ads\runtime_collection\click_success\click_success_20260723_095856_617\crops\bbox.png,D:\Projects\adb_vl\vision_platform\ads\runtime_collection\click_success\click_success_20260723_095856_617\crops\bbox_context_1_5x.png,0.9200492103894552,0.07512979830304782,0.02450629665205876,0.057802941650152206,0.0024287941632792354,0.004970424187680085,0.09530790150165558,0.9225202798843384,0.07357016205787659,0.042265910655260086,0.06740962713956833,0.002474038163200021,0.006467364262789488,0.10548058152198792,0.9076720476150513,0.0940999910235405,0.015448900870978832,0.04162444546818733,0.0016038258327171206,0.00423431908711791,0.08912114053964615,0.9299553036689758,0.057719241827726364,0.015804078429937363,0.06437475234270096,0.0032085184939205647,0.004209589213132858,0.09132198244333267
20260723_095901_769,2026-07-23T09:59:01+0800,ads2_click_success_20260723_095901_769,got_template,got2.png,0.9524795413017273,got,got,0.9643238584200541,0.9643238584200541,True,83.77652777777777,"[414, 134, 139, 47]","[483, 157]",vision_platform\ads\runtime_collection\click_success\click_success_20260723_095901_769,D:\Projects\adb_vl\vision_platform\ads\runtime_collection\click_success\click_success_20260723_095901_769\pre_click.png,D:\Projects\adb_vl\vision_platform\ads\runtime_collection\click_success\click_success_20260723_095901_769\post_click.png,D:\Projects\adb_vl\vision_platform\ads\runtime_collection\click_success\click_success_20260723_095901_769\crops\bbox.png,D:\Projects\adb_vl\vision_platform\ads\runtime_collection\click_success\click_success_20260723_095901_769\crops\bbox_context_1_5x.png,0.15881618112325668,0.04767816637953123,0.11204676081736882,0.18782683710257211,0.027726829051971436,0.9643238584200541,0.12678449849287668,0.19404198229312897,0.07227126508951187,0.12255291640758514,0.20420800149440765,0.017144829034805298,0.949012041091919,0.2126404047012329,0.254456102848053,0.04894471541047096,0.15561728179454803,0.16284982860088348,0.03746170923113823,0.9484779238700867,0.12030977755784988,0.027950458228588104,0.02181851863861084,0.0579700842499733,0.19642268121242523,0.02857394888997078,0.9954816102981567,0.04740331321954727
20260723_095910_046,2026-07-23T09:59:10+0800,ads2_click_success_20260723_095910_046,free_ad_template,close_26.png,0.9770021438598633,free,free,0.9878982305526733,0.9878982305526733,True,110.10256944444444,"[391, 285, 34, 19]","[400, 290]",vision_platform\ads\runtime_collection\click_success\click_success_20260723_095910_046,D:\Projects\adb_vl\vision_platform\ads\runtime_collection\click_success\click_success_20260723_095910_046\pre_click.png,D:\Projects\adb_vl\vision_platform\ads\runtime_collection\click_success\click_success_20260723_095910_046\post_click.png,D:\Projects\adb_vl\vision_platform\ads\runtime_collection\click_success\click_success_20260723_095910_046\crops\bbox.png,D:\Projects\adb_vl\vision_platform\ads\runtime_collection\click_success\click_success_20260723_095910_046\crops\bbox_context_1_5x.png,0.04920033862193426,0.22025466958681741,0.04621249499420325,0.02432698632280032,0.9878982305526733,0.007950005742410818,0.009290356189012527,0.07355703413486481,0.25255975127220154,0.07426689565181732,0.021668070927262306,0.978996992111206,0.009512870572507381,0.016602065414190292,0.052730169147253036,0.28249844908714294,0.04908883944153786,0.028200892731547356,0.9873949289321899,0.010073216632008553,0.008820967748761177,0.02131381258368492,0.1257058084011078,0.01528174988925457,0.023111995309591293,0.997302770614624,0.004263930022716522,0.002448035404086113
20260723_100012_959,2026-07-23T10:00:12+0800,ads2_click_success_20260723_100012_959,close_template,ad_issue_20260606_045316_roi_0.png,0.9628150463104248,x_mark,play_triangle,0.8596686323483785,0.7557889819145203,True,95.43472222222222,"[904, 12, 43, 46]","[925, 35]",vision_platform\ads\runtime_collection\click_success\click_success_20260723_100012_959,D:\Projects\adb_vl\vision_platform\ads\runtime_collection\click_success\click_success_20260723_100012_959\pre_click.png,D:\Projects\adb_vl\vision_platform\ads\runtime_collection\click_success\click_success_20260723_100012_959\post_click.png,D:\Projects\adb_vl\vision_platform\ads\runtime_collection\click_success\click_success_20260723_100012_959\crops\bbox.png,D:\Projects\adb_vl\vision_platform\ads\runtime_collection\click_success\click_success_20260723_100012_959\crops\bbox_context_1_5x.png,0.7557889819145203,0.8596686323483785,0.020958520472049713,0.03421657904982567,0.006382268077383439,0.0005458000911554942,0.03613155179967483,0.7816420793533325,0.7675636410713196,0.020266981795430183,0.04488673061132431,0.008060721680521965,0.0009226780966855586,0.0370539054274559,0.7894357442855835,0.8578224778175354,0.02186473086476326,0.025025028735399246,0.005245000123977661,0.0003802778373938054,0.013339023105800152,0.6962891221046448,0.9536197781562805,0.020743848755955696,0.03273797780275345,0.00584108242765069,0.0003344443393871188,0.05800172686576843
20260723_100022_037,2026-07-23T10:00:22+0800,ads2_click_success_20260723_100022_037,got_template,got2.png,0.9522923231124878,got,got,0.9795037508010864,0.9795037508010864,True,83.9167361111111,"[414, 134, 139, 47]","[483, 157]",vision_platform\ads\runtime_collection\click_success\click_success_20260723_100022_037,D:\Projects\adb_vl\vision_platform\ads\runtime_collection\click_success\click_success_20260723_100022_037\pre_click.png,D:\Projects\adb_vl\vision_platform\ads\runtime_collection\click_success\click_success_20260723_100022_037\post_click.png,D:\Projects\adb_vl\vision_platform\ads\runtime_collection\click_success\click_success_20260723_100022_037\crops\bbox.png,D:\Projects\adb_vl\vision_platform\ads\runtime_collection\click_success\click_success_20260723_100022_037\crops\bbox_context_1_5x.png,0.26222657784819603,0.03368760955830415,0.07263133923212688,0.16681435207525888,0.034067267552018166,0.9795037508010864,0.09112401927510898,0.2837773561477661,0.049987081438302994,0.06582184135913849,0.21508413553237915,0.02260017953813076,0.9674685001373291,0.1432364284992218,0.45977169275283813,0.027213716879487038,0.08190370351076126,0.14689083397388458,0.03629907965660095,0.9732451438903809,0.07172833383083344,0.04313068464398384,0.02386203035712242,0.07016847282648087,0.13846808671951294,0.043302543461322784,0.9977976083755493,0.05840729549527168
20260723_100028_187,2026-07-23T10:00:28+0800,ads2_click_success_20260723_100028_187,free_ad_template,close_26.png,0.9770014882087708,free,free,0.9984451532363892,0.9984451532363892,True,75.25979166666667,"[391, 285, 34, 19]","[408, 294]",vision_platform\ads\runtime_collection\click_success\click_success_20260723_100028_187,D:\Projects\adb_vl\vision_platform\ads\runtime_collection\click_success\click_success_20260723_100028_187\pre_click.png,D:\Projects\adb_vl\vision_platform\ads\runtime_collection\click_success\click_success_20260723_100028_187\post_click.png,D:\Projects\adb_vl\vision_platform\ads\runtime_collection\click_success\click_success_20260723_100028_187\crops\bbox.png,D:\Projects\adb_vl\vision_platform\ads\runtime_collection\click_success\click_success_20260723_100028_187\crops\bbox_context_1_5x.png,0.028898046351969242,0.026637370077272255,0.013955033694704374,0.011851147748529911,0.9984451532363892,0.004823840223252773,0.003046327270567417,0.047121599316596985,0.03579051420092583,0.017747027799487114,0.01437219325453043,0.9975312352180481,0.0043157367035746574,0.004893839359283447,0.02876129373908043,0.033524222671985626,0.016108103096485138,0.01090202946215868,0.9982957243919373,0.0034611131995916367,0.002184063894674182,0.010811246000230312,0.010597373358905315,0.00800997018814087,0.010279220528900623,0.9995085000991821,0.006694670766592026,0.0020610785577446222
20260723_100046_359,2026-07-23T10:00:46+0800,ads2_click_success_20260723_100046_359,close_template,close_11.png,0.9788361191749573,arrow,arrow,0.9859992265701294,0.9859992265701294,True,56.091388888888886,"[30, 29, 74, 23]","[67, 40]",vision_platform\ads\runtime_collection\click_success\click_success_20260723_100046_359,D:\Projects\adb_vl\vision_platform\ads\runtime_collection\click_success\click_success_20260723_100046_359\pre_click.png,D:\Projects\adb_vl\vision_platform\ads\runtime_collection\click_success\click_success_20260723_100046_359\post_click.png,D:\Projects\adb_vl\vision_platform\ads\runtime_collection\click_success\click_success_20260723_100046_359\crops\bbox.png,D:\Projects\adb_vl\vision_platform\ads\runtime_collection\click_success\click_success_20260723_100046_359\crops\bbox_context_1_5x.png,0.1696080801387628,0.13266887019077936,0.025134879630059004,0.04140157190461954,0.002618961914170844,0.009353397879749537,0.9859992265701294,0.32083362340927124,0.16601455211639404,0.043661534786224365,0.050023265182971954,0.002639559330418706,0.01653970032930374,0.984062671661377,0.16910810768604279,0.17916598916053772,0.027697905898094177,0.06605838239192963,0.0051507363095879555,0.010534457862377167,0.9789522886276245,0.01888250932097435,0.05282606929540634,0.004045198205858469,0.008123068138957024,6.659010250587016e-05,0.0009860354475677013,0.9949827194213867
20260723_100058_980,2026-07-23T10:00:59+0800,ads2_click_success_20260723_100058_980,close_template,close_11.png,0.9863622188568115,arrow,arrow,0.9793566664059957,0.9793566664059957,True,84.51618055555555,"[30, 29, 74, 23]","[67, 40]",vision_platform\ads\runtime_collection\click_success\click_success_20260723_100058_980,D:\Projects\adb_vl\vision_platform\ads\runtime_collection\click_success\click_success_20260723_100058_980\pre_click.png,D:\Projects\adb_vl\vision_platform\ads\runtime_collection\click_success\click_success_20260723_100058_980\post_click.png,D:\Projects\adb_vl\vision_platform\ads\runtime_collection\click_success\click_success_20260723_100058_980\crops\bbox.png,D:\Projects\adb_vl\vision_platform\ads\runtime_collection\click_success\click_success_20260723_100058_980\crops\bbox_context_1_5x.png,0.32199819882710773,0.08108687711258729,0.01315923019622763,0.028365959723790485,0.0033666848515470824,0.0038794741655389466,0.9793566664059957,0.5000202059745789,0.10376513749361038,0.01809374801814556,0.023147469386458397,0.004739116411656141,0.004292534664273262,0.9787986874580383,0.3225528597831726,0.10930725932121277,0.013919883407652378,0.033909182995557785,0.0025153844617307186,0.00268641859292984,0.9630962610244751,0.14342153072357178,0.03018823452293873,0.007464059162884951,0.028041226789355278,0.002845553681254387,0.004659469239413738,0.9961750507354736
20260723_100104_144,2026-07-23T10:01:04+0800,ads2_click_success_20260723_100104_144,got_template,got2.png,0.9514087438583374,got,got,0.9833311438560486,0.9833311438560486,True,84.01277777777777,"[414, 134, 139, 47]","[483, 157]",vision_platform\ads\runtime_collection\click_success\click_success_20260723_100104_144,D:\Projects\adb_vl\vision_platform\ads\runtime_collection\click_success\click_success_20260723_100104_144\pre_click.png,D:\Projects\adb_vl\vision_platform\ads\runtime_collection\click_success\click_success_20260723_100104_144\post_click.png,D:\Projects\adb_vl\vision_platform\ads\runtime_collection\click_success\click_success_20260723_100104_144\crops\bbox.png,D:\Projects\adb_vl\vision_platform\ads\runtime_collection\click_success\click_success_20260723_100104_144\crops\bbox_context_1_5x.png,0.10869112672905128,0.013550481759011745,0.03125750180333853,0.10110802451769511,0.01183327753096819,0.9833311438560486,0.0688225415845712,0.12426970899105072,0.018585167825222015,0.03305976837873459,0.12649446725845337,0.011566187255084515,0.9745060801506042,0.1166481077671051,0.19018340110778809,0.01411582250148058,0.049723271280527115,0.08958431333303452,0.014630565419793129,0.9768311977386475,0.05349937453866005,0.01162027008831501,0.007950454950332642,0.01098946575075388,0.08724529296159744,0.009303079918026924,0.998656153678894,0.036320142447948456
20260723_105354_229,2026-07-23T10:53:54+0800,ads2_click_success_20260723_105354_229,close_template,close_skip_next2.png,0.9797897934913635,x_mark,next,0.35448773701985675,0.10847406337658565,True,29.675,"[30, 23, 71, 18]","[65, 32]",vision_platform\ads\runtime_collection\click_success\click_success_20260723_105354_229,D:\Projects\adb_vl\vision_platform\ads\runtime_collection\click_success\click_success_20260723_105354_229\pre_click.png,D:\Projects\adb_vl\vision_platform\ads\runtime_collection\click_success\click_success_20260723_105354_229\post_click.png,D:\Projects\adb_vl\vision_platform\ads\runtime_collection\click_success\click_success_20260723_105354_229\crops\bbox.png,D:\Projects\adb_vl\vision_platform\ads\runtime_collection\click_success\click_success_20260723_105354_229\crops\bbox_context_1_5x.png,0.10847406337658565,0.07332730417450269,0.022355083376169205,0.35448773701985675,0.011982438542569676,0.005026786161276202,0.2827385465304057,0.10400047153234482,0.11542724072933197,0.03325428441166878,0.6971257925033569,0.014492194168269634,0.007531407289206982,0.33774179220199585,0.14364604651927948,0.09232959896326065,0.016754787415266037,0.20099273324012756,0.01985262520611286,0.005998760461807251,0.2120300531387329,0.07777567207813263,0.012225072830915451,0.0170561783015728,0.16534468531608582,0.0016024962533265352,0.0015501907328143716,0.2984437942504883
20260723_105400_852,2026-07-23T10:54:00+0800,ads2_click_success_20260723_105400_852,close_template,close_skip_next2.png,0.977128803730011,x_mark,next,0.37819764018058777,0.12557181964317957,True,50.395625,"[30, 23, 71, 18]","[65, 32]",vision_platform\ads\runtime_collection\click_success\click_success_20260723_105400_852,D:\Projects\adb_vl\vision_platform\ads\runtime_collection\click_success\click_success_20260723_105400_852\pre_click.png,D:\Projects\adb_vl\vision_platform\ads\runtime_collection\click_success\click_success_20260723_105400_852\post_click.png,D:\Projects\adb_vl\vision_platform\ads\runtime_collection\click_success\click_success_20260723_105400_852\crops\bbox.png,D:\Projects\adb_vl\vision_platform\ads\runtime_collection\click_success\click_success_20260723_105400_852\crops\bbox_context_1_5x.png,0.12557181964317957,0.102363637338082,0.053533174097537994,0.37819764018058777,0.03988854866474867,0.012241278619815906,0.278453270594279,0.1284644901752472,0.16451981663703918,0.08490446209907532,0.5641099214553833,0.06148557737469673,0.025850199162960052,0.2929379642009735,0.18261213600635529,0.11245798319578171,0.034231800585985184,0.3122844696044922,0.04381904378533363,0.008467016741633415,0.323493629693985,0.06563883274793625,0.030113112181425095,0.04146325960755348,0.2581985294818878,0.014361024834215641,0.00240661995485425,0.21892821788787842
20260723_105407_737,2026-07-23T10:54:07+0800,ads2_click_success_20260723_105407_737,close_template,ad_issue_20260606_042429_roi_0.png,0.9993365406990051,x_mark,x_mark,0.9698622822761536,0.9698622822761536,True,14.690833333333334,"[478, 26, 32, 28]","[494, 40]",vision_platform\ads\runtime_collection\click_success\click_success_20260723_105407_737,D:\Projects\adb_vl\vision_platform\ads\runtime_collection\click_success\click_success_20260723_105407_737\pre_click.png,D:\Projects\adb_vl\vision_platform\ads\runtime_collection\click_success\click_success_20260723_105407_737\post_click.png,D:\Projects\adb_vl\vision_platform\ads\runtime_collection\click_success\click_success_20260723_105407_737\crops\bbox.png,D:\Projects\adb_vl\vision_platform\ads\runtime_collection\click_success\click_success_20260723_105407_737\crops\bbox_context_1_5x.png,0.9698622822761536,0.4884888529777527,0.20843635499477386,0.19109337776899338,0.012116922065615654,0.013961109022299448,0.1350523034731547,0.9617021679878235,0.5651505589485168,0.2555416524410248,0.30663594603538513,0.016606535762548447,0.019066009670495987,0.22773881256580353,0.959419846534729,0.5610412359237671,0.3008593022823334,0.20270536839962006,0.017119914293289185,0.01666804775595665,0.13353608548641205,0.9884648323059082,0.3392747640609741,0.06890811026096344,0.06393881887197495,0.0026243161410093307,0.006149269640445709,0.043882012367248535
20260723_105412_863,2026-07-23T10:54:12+0800,ads2_click_success_20260723_105412_863,got_template,got2.png,0.9757685661315918,got,got,0.9958705107371012,0.9958705107371012,True,44.686597222222225,"[414, 134, 139, 47]","[483, 157]",vision_platform\ads\runtime_collection\click_success\click_success_20260723_105412_863,D:\Projects\adb_vl\vision_platform\ads\runtime_collection\click_success\click_success_20260723_105412_863\pre_click.png,D:\Projects\adb_vl\vision_platform\ads\runtime_collection\click_success\click_success_20260723_105412_863\post_click.png,D:\Projects\adb_vl\vision_platform\ads\runtime_collection\click_success\click_success_20260723_105412_863\crops\bbox.png,D:\Projects\adb_vl\vision_platform\ads\runtime_collection\click_success\click_success_20260723_105412_863\crops\bbox_context_1_5x.png,0.008079674638186892,0.002238851370445142,0.012809314920256535,0.06912813459833463,0.0007170568084499488,0.9958705107371012,0.007777009469767411,0.007914094254374504,0.0032107611186802387,0.019282573834061623,0.07540212571620941,0.0008265985525213182,0.9941511750221252,0.01037524826824665,0.015747979283332825,0.0029998444952070713,0.013871576637029648,0.07463175803422928,0.0010701310820877552,0.9935731291770935,0.011950265616178513,0.0005769503768533468,0.0005059484974481165,0.005273794289678335,0.0573505200445652,0.0002544407907407731,0.999887228012085,0.0010055145248770714
20260723_105442_821,2026-07-23T10:54:42+0800,ads2_click_success_20260723_105442_821,free_ad_template,close_26.png,0.7624273300170898,free,free,0.9950855573018392,0.9950855573018392,True,37.07118055555556,"[878, 354, 34, 19]","[895, 363]",vision_platform\ads\runtime_collection\click_success\click_success_20260723_105442_821,D:\Projects\adb_vl\vision_platform\ads\runtime_collection\click_success\click_success_20260723_105442_821\pre_click.png,D:\Projects\adb_vl\vision_platform\ads\runtime_collection\click_success\click_success_20260723_105442_821\post_click.png,D:\Projects\adb_vl\vision_platform\ads\runtime_collection\click_success\click_success_20260723_105442_821\crops\bbox.png,D:\Projects\adb_vl\vision_platform\ads\runtime_collection\click_success\click_success_20260723_105442_821\crops\bbox_context_1_5x.png,0.014352381074180206,0.04281113048394521,0.013005970356365045,0.027752726649244625,0.9950855573018392,0.0014014703532059987,0.01004707207903266,0.01946117915213108,0.03850509226322174,0.024736588820815086,0.04091354459524155,0.994067907333374,0.0019036841113120317,0.017177144065499306,0.017037570476531982,0.08072665333747864,0.008193804882466793,0.02564597688615322,0.9917601943016052,0.0018165713408961892,0.008772322908043861,0.006558393593877554,0.009201645851135254,0.006087517365813255,0.01669865846633911,0.9994285702705383,0.00048415560740977526,0.0041917492635548115
20260723_105521_502,2026-07-23T10:55:21+0800,ads2_click_success_20260723_105521_502,close_template,ad_issue_20260606_045709_roi_0.png,0.9999176263809204,x_mark,play_triangle,0.26429562270641327,0.009330044500529766,True,100.23881944444445,"[21, 18, 138, 32]","[90, 34]",vision_platform\ads\runtime_collection\click_success\click_success_20260723_105521_502,D:\Projects\adb_vl\vision_platform\ads\runtime_collection\click_success\click_success_20260723_105521_502\pre_click.png,D:\Projects\adb_vl\vision_platform\ads\runtime_collection\click_success\click_success_20260723_105521_502\post_click.png,D:\Projects\adb_vl\vision_platform\ads\runtime_collection\click_success\click_success_20260723_105521_502\crops\bbox.png,D:\Projects\adb_vl\vision_platform\ads\runtime_collection\click_success\click_success_20260723_105521_502\crops\bbox_context_1_5x.png,0.009330044500529766,0.26429562270641327,0.04160426432887713,0.12753555675347647,0.10173303633928299,0.0259776438275973,0.04974110797047615,0.015334581956267357,0.1751246601343155,0.041439756751060486,0.29994910955429077,0.13237324357032776,0.03344113379716873,0.06197691336274147,0.006002247333526611,0.21540287137031555,0.03864641860127449,0.036450959742069244,0.12050507217645645,0.036395300179719925,0.03586361184716225,0.00665330421179533,0.40235933661460876,0.04472661763429642,0.046206600964069366,0.05232079327106476,0.008096497505903244,0.051382798701524734
20260723_105531_145,2026-07-23T10:55:31+0800,ads2_click_success_20260723_105531_145,got_template,got2.png,0.9785199165344238,got,got,0.996714174747467,0.996714174747467,True,42.28125,"[414, 134, 139, 47]","[483, 157]",vision_platform\ads\runtime_collection\click_success\click_success_20260723_105531_145,D:\Projects\adb_vl\vision_platform\ads\runtime_collection\click_success\click_success_20260723_105531_145\pre_click.png,D:\Projects\adb_vl\vision_platform\ads\runtime_collection\click_success\click_success_20260723_105531_145\post_click.png,D:\Projects\adb_vl\vision_platform\ads\runtime_collection\click_success\click_success_20260723_105531_145\crops\bbox.png,D:\Projects\adb_vl\vision_platform\ads\runtime_collection\click_success\click_success_20260723_105531_145\crops\bbox_context_1_5x.png,0.005481992072115342,0.001264675675580899,0.006226316715280215,0.0660697581867377,0.0009167271394593021,0.996714174747467,0.003308163412536184,0.0046183206140995026,0.0016196412034332752,0.010369790717959404,0.05632947385311127,0.0013167948927730322,0.9956014156341553,0.0037182217929512262,0.010087358765304089,0.0018483310705050826,0.006762473378330469,0.0857730284333229,0.0008803093223832548,0.9948019981384277,0.00546213099732995,0.0017402968369424343,0.00032605475280433893,0.0015466860495507717,0.056106772273778915,0.0005530772032216191,0.9997391104698181,0.0007441374473273754
20260723_105607_458,2026-07-23T10:56:07+0800,ads2_click_success_20260723_105607_458,close_template,close_25.png,0.9399881958961487,x_mark,x_mark,0.9244444767634074,0.9244444767634074,True,68.80854166666667,"[895, 27, 26, 28]","[908, 41]",vision_platform\ads\runtime_collection\click_success\click_success_20260723_105607_458,D:\Projects\adb_vl\vision_platform\ads\runtime_collection\click_success\click_success_20260723_105607_458\pre_click.png,D:\Projects\adb_vl\vision_platform\ads\runtime_collection\click_success\click_success_20260723_105607_458\post_click.png,D:\Projects\adb_vl\vision_platform\ads\runtime_collection\click_success\click_success_20260723_105607_458\crops\bbox.png,D:\Projects\adb_vl\vision_platform\ads\runtime_collection\click_success\click_success_20260723_105607_458\crops\bbox_context_1_5x.png,0.9244444767634074,0.07134964813788731,0.02272900628546874,0.053673880795637764,0.0021691812047113976,0.00439371479054292,0.09119254599014918,0.9263519644737244,0.07067100703716278,0.03935552015900612,0.06343415379524231,0.0021974483970552683,0.005813798867166042,0.09959618002176285,0.912584662437439,0.09022639691829681,0.014319930225610733,0.037956614047288895,0.0014287130907177925,0.0037683555856347084,0.08605266362428665,0.9343968033790588,0.05315154045820236,0.01451156847178936,0.059630874544382095,0.0028813821263611317,0.0035989899188280106,0.08792879432439804
20260723_105612_312,2026-07-23T10:56:12+0800,ads2_click_success_20260723_105612_312,got_template,got2.png,0.9812830090522766,got,got,0.996902604897817,0.996902604897817,True,41.62222222222222,"[414, 134, 139, 47]","[483, 157]",vision_platform\ads\runtime_collection\click_success\click_success_20260723_105612_312,D:\Projects\adb_vl\vision_platform\ads\runtime_collection\click_success\click_success_20260723_105612_312\pre_click.png,D:\Projects\adb_vl\vision_platform\ads\runtime_collection\click_success\click_success_20260723_105612_312\post_click.png,D:\Projects\adb_vl\vision_platform\ads\runtime_collection\click_success\click_success_20260723_105612_312\crops\bbox.png,D:\Projects\adb_vl\vision_platform\ads\runtime_collection\click_success\click_success_20260723_105612_312\crops\bbox_context_1_5x.png,0.06275273743085563,0.002115219123273467,0.017183569725602865,0.03501798336704572,0.0009681187560393786,0.996902604897817,0.01489531307015568,0.06350314617156982,0.00347254634834826,0.017086368054151535,0.0573565773665905,0.0010945361573249102,0.9949057102203369,0.016946380957961082,0.12119545042514801,0.0025966910179704428,0.0267644003033638,0.02286686934530735,0.001567529747262597,0.9958475232124329,0.02593182772397995,0.003559615695849061,0.0002764200035016984,0.007699940819293261,0.02483050338923931,0.00024229036353062838,0.9999545812606812,0.0018077305285260081
20260723_105619_808,2026-07-23T10:56:19+0800,ads2_click_success_20260723_105619_808,free_ad_template,free_ad_3.png,0.9999861717224121,free,free,0.9915729562441508,0.9915729562441508,True,53.66236111111111,"[599, 352, 38, 24]","[618, 364]",vision_platform\ads\runtime_collection\click_success\click_success_20260723_105619_808,D:\Projects\adb_vl\vision_platform\ads\runtime_collection\click_success\click_success_20260723_105619_808\pre_click.png,D:\Projects\adb_vl\vision_platform\ads\runtime_collection\click_success\click_success_20260723_105619_808\post_click.png,D:\Projects\adb_vl\vision_platform\ads\runtime_collection\click_success\click_success_20260723_105619_808\crops\bbox.png,D:\Projects\adb_vl\vision_platform\ads\runtime_collection\click_success\click_success_20260723_105619_808\crops\bbox_context_1_5x.png,0.021217509793738525,0.044402677565813065,0.03164397304256757,0.03980883893867334,0.9915729562441508,0.002241883659735322,0.016952157951891422,0.02045324444770813,0.03144753351807594,0.05764239281415939,0.053830258548259735,0.9949340224266052,0.003483967622742057,0.01395117025822401,0.02875269576907158,0.06492985785007477,0.017999818548560143,0.029155803844332695,0.9805771708488464,0.0020178102422505617,0.026457304134964943,0.014446589164435863,0.03683064132928848,0.019289707764983177,0.03644045442342758,0.9992076754570007,0.0012238731142133474,0.010447999462485313
20260723_105649_514,2026-07-23T10:56:49+0800,ads2_click_success_20260723_105649_514,close_template,close_25.png,0.9399406313896179,x_mark,x_mark,0.9218918482462565,0.9218918482462565,True,67.78208333333333,"[895, 27, 26, 28]","[908, 41]",vision_platform\ads\runtime_collection\click_success\click_success_20260723_105649_514,D:\Projects\adb_vl\vision_platform\ads\runtime_collection\click_success\click_success_20260723_105649_514\pre_click.png,D:\Projects\adb_vl\vision_platform\ads\runtime_collection\click_success\click_success_20260723_105649_514\post_click.png,D:\Projects\adb_vl\vision_platform\ads\runtime_collection\click_success\click_success_20260723_105649_514\crops\bbox.png,D:\Projects\adb_vl\vision_platform\ads\runtime_collection\click_success\click_success_20260723_105649_514\crops\bbox_context_1_5x.png,0.9218918482462565,0.0777309350669384,0.0249211136251688,0.05762867505351702,0.00250409667690595,0.005040557744602363,0.0970875546336174,0.9241288900375366,0.07633581012487411,0.042664073407649994,0.06759057939052582,0.0025251242332160473,0.006575197447091341,0.10561017692089081,0.9093568921089172,0.09761746227741241,0.01562335155904293,0.04086640104651451,0.0016062082722783089,0.004311814904212952,0.09061427414417267,0.9321897625923157,0.05923953279852867,0.016475915908813477,0.06442904472351074,0.0033809575252234936,0.004234660882502794,0.09503821283578873
20260723_105654_541,2026-07-23T10:56:54+0800,ads2_click_success_20260723_105654_541,got_template,got2.png,0.9796110391616821,got,got,0.9985876878102621,0.9985876878102621,True,38.465625,"[414, 134, 139, 47]","[483, 157]",vision_platform\ads\runtime_collection\click_success\click_success_20260723_105654_541,D:\Projects\adb_vl\vision_platform\ads\runtime_collection\click_success\click_success_20260723_105654_541\pre_click.png,D:\Projects\adb_vl\vision_platform\ads\runtime_collection\click_success\click_success_20260723_105654_541\post_click.png,D:\Projects\adb_vl\vision_platform\ads\runtime_collection\click_success\click_success_20260723_105654_541\crops\bbox.png,D:\Projects\adb_vl\vision_platform\ads\runtime_collection\click_success\click_success_20260723_105654_541\crops\bbox_context_1_5x.png,0.04277954809367657,0.0018064772593788803,0.010598339683686694,0.020935749635100365,0.00035684299170194816,0.9985876878102621,0.007516424482067426,0.040322016924619675,0.0024838370736688375,0.012159066274762154,0.028304342180490494,0.0005233091069385409,0.9972969889640808,0.00904606468975544,0.07595746964216232,0.002357139717787504,0.01637500524520874,0.015845168381929398,0.00040308828465640545,0.9985529780387878,0.011044804006814957,0.012059157714247704,0.000578454986680299,0.0032609475310891867,0.018657738342881203,0.00014413158351089805,0.9999130964279175,0.0024584047496318817
20260723_105702_131,2026-07-23T10:57:02+0800,ads2_click_success_20260723_105702_131,free_ad_template,free_ad_3.png,0.9744047522544861,free,free,0.9962461789449056,0.9962461789449056,True,57.46319444444445,"[738, 352, 38, 24]","[757, 364]",vision_platform\ads\runtime_collection\click_success\click_success_20260723_105702_131,D:\Projects\adb_vl\vision_platform\ads\runtime_collection\click_success\click_success_20260723_105702_131\pre_click.png,D:\Projects\adb_vl\vision_platform\ads\runtime_collection\click_success\click_success_20260723_105702_131\post_click.png,D:\Projects\adb_vl\vision_platform\ads\runtime_collection\click_success\click_success_20260723_105702_131\crops\bbox.png,D:\Projects\adb_vl\vision_platform\ads\runtime_collection\click_success\click_success_20260723_105702_131\crops\bbox_context_1_5x.png,0.012653642644484838,0.02633528287212054,0.018947464724381764,0.02728317864239216,0.9962461789449056,0.001595113950315863,0.012209071777760983,0.012373903766274452,0.022109592333436012,0.03792722523212433,0.03497063368558884,0.9978128671646118,0.0026467861607670784,0.00934332050383091,0.01964503712952137,0.036531783640384674,0.010510278865695,0.017613882198929787,0.9914557337760925,0.0013815790880471468,0.018048439174890518,0.005941987037658691,0.02036447264254093,0.008404890075325966,0.029265020042657852,0.9994699358940125,0.0007569766021333635,0.00923545565456152
20260723_105731_651,2026-07-23T10:57:31+0800,ads2_click_success_20260723_105731_651,close_template,close_25.png,0.9399837851524353,x_mark,x_mark,0.9252387881278992,0.9252387881278992,True,77.34840277777778,"[895, 27, 26, 28]","[908, 41]",vision_platform\ads\runtime_collection\click_success\click_success_20260723_105731_651,D:\Projects\adb_vl\vision_platform\ads\runtime_collection\click_success\click_success_20260723_105731_651\pre_click.png,D:\Projects\adb_vl\vision_platform\ads\runtime_collection\click_success\click_success_20260723_105731_651\post_click.png,D:\Projects\adb_vl\vision_platform\ads\runtime_collection\click_success\click_success_20260723_105731_651\crops\bbox.png,D:\Projects\adb_vl\vision_platform\ads\runtime_collection\click_success\click_success_20260723_105731_651\crops\bbox_context_1_5x.png,0.9252387881278992,0.07255273188153903,0.022265358828008175,0.05216315512855848,0.0021336531887451806,0.00420829599412779,0.08898808807134628,0.9271438121795654,0.07185281068086624,0.039020031690597534,0.06238136067986488,0.0021529674995690584,0.005609254352748394,0.0962953269481659,0.913618266582489,0.09165972471237183,0.0140861039981246,0.03702545166015625,0.001392425037920475,0.003617062931880355,0.08518798649311066,0.9349542856216431,0.05414566025137901,0.013689940795302391,0.0570826530456543,0.002855567028746009,0.0033985706977546215,0.0854809507727623
20260723_105736_446,2026-07-23T10:57:36+0800,ads2_click_success_20260723_105736_446,got_template,got2.png,0.9802099466323853,got,got,0.9970162908236185,0.9970162908236185,True,38.43,"[414, 134, 139, 47]","[483, 157]",vision_platform\ads\runtime_collection\click_success\click_success_20260723_105736_446,D:\Projects\adb_vl\vision_platform\ads\runtime_collection\click_success\click_success_20260723_105736_446\pre_click.png,D:\Projects\adb_vl\vision_platform\ads\runtime_collection\click_success\click_success_20260723_105736_446\post_click.png,D:\Projects\adb_vl\vision_platform\ads\runtime_collection\click_success\click_success_20260723_105736_446\crops\bbox.png,D:\Projects\adb_vl\vision_platform\ads\runtime_collection\click_success\click_success_20260723_105736_446\crops\bbox_context_1_5x.png,0.10871989590426286,0.0026993225910700858,0.02227990406875809,0.07511637980739276,0.00224004730504627,0.9970162908236185,0.02161414409056306,0.1058933213353157,0.004088749177753925,0.017900755628943443,0.12549704313278198,0.0023694566916674376,0.9945732951164246,0.027944618836045265,0.20787827670574188,0.0032466670963913202,0.041260819882154465,0.04515919089317322,0.0036455418448895216,0.9965533018112183,0.03206997737288475,0.012388089671730995,0.0007625514990650117,0.007678136695176363,0.05469290539622307,0.0007051433785818517,0.9999222755432129,0.004827836062759161
20260723_105743_629,2026-07-23T10:57:43+0800,ads2_click_success_20260723_105743_629,free_ad_template,free_ad_3.png,0.9744038581848145,free,free,0.9962461789449056,0.9962461789449056,True,72.75361111111111,"[738, 352, 38, 24]","[757, 364]",vision_platform\ads\runtime_collection\click_success\click_success_20260723_105743_629,D:\Projects\adb_vl\vision_platform\ads\runtime_collection\click_success\click_success_20260723_105743_629\pre_click.png,D:\Projects\adb_vl\vision_platform\ads\runtime_collection\click_success\click_success_20260723_105743_629\post_click.png,D:\Projects\adb_vl\vision_platform\ads\runtime_collection\click_success\click_success_20260723_105743_629\crops\bbox.png,D:\Projects\adb_vl\vision_platform\ads\runtime_collection\click_success\click_success_20260723_105743_629\crops\bbox_context_1_5x.png,0.012653642644484838,0.02633528287212054,0.018947464724381764,0.02728317864239216,0.9962461789449056,0.001595113950315863,0.012209071777760983,0.012373903766274452,0.022109592333436012,0.03792722523212433,0.03497063368558884,0.9978128671646118,0.0026467861607670784,0.00934332050383091,0.01964503712952137,0.036531783640384674,0.010510278865695,0.017613882198929787,0.9914557337760925,0.0013815790880471468,0.018048439174890518,0.005941987037658691,0.02036447264254093,0.008404890075325966,0.029265020042657852,0.9994699358940125,0.0007569766021333635,0.00923545565456152
20260723_105812_655,2026-07-23T10:58:12+0800,ads2_click_success_20260723_105812_655,close_template,close_25.png,0.9395387768745422,x_mark,x_mark,0.8741586208343506,0.8741586208343506,True,93.97305555555556,"[895, 27, 26, 28]","[908, 41]",vision_platform\ads\runtime_collection\click_success\click_success_20260723_105812_655,D:\Projects\adb_vl\vision_platform\ads\runtime_collection\click_success\click_success_20260723_105812_655\pre_click.png,D:\Projects\adb_vl\vision_platform\ads\runtime_collection\click_success\click_success_20260723_105812_655\post_click.png,D:\Projects\adb_vl\vision_platform\ads\runtime_collection\click_success\click_success_20260723_105812_655\crops\bbox.png,D:\Projects\adb_vl\vision_platform\ads\runtime_collection\click_success\click_success_20260723_105812_655\crops\bbox_context_1_5x.png,0.8741586208343506,0.11618301024039586,0.018219753323743742,0.050948385149240494,0.005512332931781809,0.002840898698195815,0.09317533547679584,0.8659040927886963,0.09746690094470978,0.023327693343162537,0.039842020720243454,0.0026016952469944954,0.002592336619272828,0.05157430097460747,0.8402118682861328,0.09495263546705246,0.0076073273085057735,0.0269358828663826,0.001986090326681733,0.0014122058637440205,0.04927326738834381,0.9163599014282227,0.15612949430942535,0.023724239319562912,0.08606725186109543,0.011949213221669197,0.004518153611570597,0.17867843806743622
20260723_105817_511,2026-07-23T10:58:17+0800,ads2_click_success_20260723_105817_511,got_template,got2.png,0.9817668795585632,got,got,0.9954521457354227,0.9954521457354227,True,35.24173611111111,"[414, 134, 139, 47]","[483, 157]",vision_platform\ads\runtime_collection\click_success\click_success_20260723_105817_511,D:\Projects\adb_vl\vision_platform\ads\runtime_collection\click_success\click_success_20260723_105817_511\pre_click.png,D:\Projects\adb_vl\vision_platform\ads\runtime_collection\click_success\click_success_20260723_105817_511\post_click.png,D:\Projects\adb_vl\vision_platform\ads\runtime_collection\click_success\click_success_20260723_105817_511\crops\bbox.png,D:\Projects\adb_vl\vision_platform\ads\runtime_collection\click_success\click_success_20260723_105817_511\crops\bbox_context_1_5x.png,0.12976075895130634,0.002730220032390207,0.018426098705579836,0.062006534387667976,0.0035853810453166566,0.9954521457354227,0.02034003504862388,0.12637965381145477,0.004044609144330025,0.01474669761955738,0.0948101058602333,0.0038197084795683622,0.9907258152961731,0.024021415039896965,0.24561543762683868,0.003575787413865328,0.034285563975572586,0.031238548457622528,0.005542266648262739,0.9957135915756226,0.02879623882472515,0.017287185415625572,0.0005702635389752686,0.006246034521609545,0.05997094884514809,0.0013941680081188679,0.9999170303344727,0.008202451281249523
20260723_110046_266,2026-07-23T11:00:46+0800,ads2_click_success_20260723_110046_266,free_ad_template,close_26.png,1.0,free,free,0.9861470262209574,0.9861470262209574,True,83.95354166666667,"[376, 285, 34, 19]","[385, 290]",vision_platform\ads\runtime_collection\click_success\click_success_20260723_110046_266,D:\Projects\adb_vl\vision_platform\ads\runtime_collection\click_success\click_success_20260723_110046_266\pre_click.png,D:\Projects\adb_vl\vision_platform\ads\runtime_collection\click_success\click_success_20260723_110046_266\post_click.png,D:\Projects\adb_vl\vision_platform\ads\runtime_collection\click_success\click_success_20260723_110046_266\crops\bbox.png,D:\Projects\adb_vl\vision_platform\ads\runtime_collection\click_success\click_success_20260723_110046_266\crops\bbox_context_1_5x.png,0.044924565590918064,0.0868456835548083,0.020682348869740963,0.006413675379008055,0.9861470262209574,0.0021946419340868792,0.002954912488348782,0.07129520922899246,0.12126763164997101,0.02843586355447769,0.008824278600513935,0.975449800491333,0.0022405663039535284,0.006176916882395744,0.048509515821933746,0.10641348361968994,0.019218847155570984,0.005327227991074324,0.9861294627189636,0.0027507427148520947,0.0013149937149137259,0.014968971721827984,0.03285593539476395,0.014392335899174213,0.0050895195454359055,0.9968618154525757,0.0015926167834550142,0.001372826867736876
20260723_110104_504,2026-07-23T11:01:04+0800,ads2_click_success_20260723_110104_504,got_template,got2.png,0.9556313157081604,got,got,0.9408549070358276,0.9408549070358276,True,83.93305555555555,"[414, 134, 139, 47]","[483, 157]",vision_platform\ads\runtime_collection\click_success\click_success_20260723_110104_504,D:\Projects\adb_vl\vision_platform\ads\runtime_collection\click_success\click_success_20260723_110104_504\pre_click.png,D:\Projects\adb_vl\vision_platform\ads\runtime_collection\click_success\click_success_20260723_110104_504\post_click.png,D:\Projects\adb_vl\vision_platform\ads\runtime_collection\click_success\click_success_20260723_110104_504\crops\bbox.png,D:\Projects\adb_vl\vision_platform\ads\runtime_collection\click_success\click_success_20260723_110104_504\crops\bbox_context_1_5x.png,0.21513963490724564,0.041877095897992454,0.08048968762159348,0.08282265812158585,0.008260761387646198,0.9408549070358276,0.08511971744398276,0.24919188022613525,0.06690994650125504,0.07744911313056946,0.11109460890293121,0.006723527796566486,0.8963212966918945,0.15962789952754974,0.3799355924129486,0.03996654972434044,0.12124146521091461,0.07337050884962082,0.010148842819035053,0.9316694140434265,0.06962963193655014,0.016291432082653046,0.01875479146838188,0.042778484523296356,0.0640028566122055,0.007909913547337055,0.9945740103721619,0.026101620867848396
20260723_110111_674,2026-07-23T11:01:11+0800,ads2_click_success_20260723_110111_674,free_ad_template,close_26.png,0.9770021438598633,free,free,0.9883939425150553,0.9883939425150553,True,133.365,"[391, 285, 34, 19]","[400, 290]",vision_platform\ads\runtime_collection\click_success\click_success_20260723_110111_674,D:\Projects\adb_vl\vision_platform\ads\runtime_collection\click_success\click_success_20260723_110111_674\pre_click.png,D:\Projects\adb_vl\vision_platform\ads\runtime_collection\click_success\click_success_20260723_110111_674\post_click.png,D:\Projects\adb_vl\vision_platform\ads\runtime_collection\click_success\click_success_20260723_110111_674\crops\bbox.png,D:\Projects\adb_vl\vision_platform\ads\runtime_collection\click_success\click_success_20260723_110111_674\crops\bbox_context_1_5x.png,0.04832186425725619,0.215218556423982,0.0456194585810105,0.023998262360692024,0.9883939425150553,0.007862547102073828,0.00906543992459774,0.07282663881778717,0.2493719458580017,0.07327891141176224,0.02151976153254509,0.979744553565979,0.009350300766527653,0.016160013154149055,0.05177466198801994,0.27702972292900085,0.048665620386600494,0.027768820524215698,0.9879933595657349,0.010012181475758553,0.00862611923366785,0.020364291965961456,0.11925400048494339,0.01491384394466877,0.022706205025315285,0.9974439144134521,0.00422515906393528,0.0024101873859763145
20260723_110219_687,2026-07-23T11:02:19+0800,ads2_click_success_20260723_110219_687,close_template,close_10.png,0.8950694799423218,x_mark,play_triangle,0.9087024529774984,0.8181514938672384,True,79.29465277777778,"[906, 26, 37, 14]","[924, 33]",vision_platform\ads\runtime_collection\click_success\click_success_20260723_110219_687,D:\Projects\adb_vl\vision_platform\ads\runtime_collection\click_success\click_success_20260723_110219_687\pre_click.png,D:\Projects\adb_vl\vision_platform\ads\runtime_collection\click_success\click_success_20260723_110219_687\post_click.png,D:\Projects\adb_vl\vision_platform\ads\runtime_collection\click_success\click_success_20260723_110219_687\crops\bbox.png,D:\Projects\adb_vl\vision_platform\ads\runtime_collection\click_success\click_success_20260723_110219_687\crops\bbox_context_1_5x.png,0.8181514938672384,0.9087024529774984,0.3115346630414327,0.11217166980107625,0.044868125269810356,0.021676436066627502,0.19880926112333933,0.8560355305671692,0.8750647902488708,0.3713197708129883,0.09748426824808121,0.034298308193683624,0.02637304924428463,0.19638453423976898,0.8459003567695618,0.9062899351119995,0.2794285714626312,0.1578821837902069,0.056755755096673965,0.02215207740664482,0.1735856831073761,0.7525185942649841,0.9447526335716248,0.2838556468486786,0.08114855736494064,0.043550312519073486,0.016504181548953056,0.22645756602287292
20260723_110228_842,2026-07-23T11:02:28+0800,ads2_click_success_20260723_110228_842,got_template,got2.png,0.9564945101737976,got,got,0.9825190703074137,0.9825190703074137,True,83.76465277777778,"[414, 134, 139, 47]","[483, 157]",vision_platform\ads\runtime_collection\click_success\click_success_20260723_110228_842,D:\Projects\adb_vl\vision_platform\ads\runtime_collection\click_success\click_success_20260723_110228_842\pre_click.png,D:\Projects\adb_vl\vision_platform\ads\runtime_collection\click_success\click_success_20260723_110228_842\post_click.png,D:\Projects\adb_vl\vision_platform\ads\runtime_collection\click_success\click_success_20260723_110228_842\crops\bbox.png,D:\Projects\adb_vl\vision_platform\ads\runtime_collection\click_success\click_success_20260723_110228_842\crops\bbox_context_1_5x.png,0.11166954630364974,0.01894818525761366,0.04095018717149893,0.12047429879506429,0.0142494880904754,0.9825190703074137,0.03594387695193291,0.11671557277441025,0.02946644276380539,0.043042298406362534,0.15052393078804016,0.010656134225428104,0.9708916544914246,0.059266507625579834,0.20509947836399078,0.01642763987183571,0.05164555832743645,0.10154218971729279,0.017362374812364578,0.9776084423065186,0.029909279197454453,0.013193587772548199,0.010950473137199879,0.028162704780697823,0.10935677587985992,0.014729955233633518,0.9990571141242981,0.018655844032764435
20260723_110235_995,2026-07-23T11:02:36+0800,ads2_click_success_20260723_110235_995,free_ad_template,close_26.png,0.9770021438598633,free,free,0.7922740777333578,0.7922740777333578,True,128.3270138888889,"[391, 285, 34, 19]","[400, 290]",vision_platform\ads\runtime_collection\click_success\click_success_20260723_110235_995,D:\Projects\adb_vl\vision_platform\ads\runtime_collection\click_success\click_success_20260723_110235_995\pre_click.png,D:\Projects\adb_vl\vision_platform\ads\runtime_collection\click_success\click_success_20260723_110235_995\post_click.png,D:\Projects\adb_vl\vision_platform\ads\runtime_collection\click_success\click_success_20260723_110235_995\crops\bbox.png,D:\Projects\adb_vl\vision_platform\ads\runtime_collection\click_success\click_success_20260723_110235_995\crops\bbox_context_1_5x.png,0.16329253961642584,0.6168434421221415,0.05588374845683575,0.037220120429992676,0.7922740777333578,0.011872423812747002,0.01308306073769927,0.2113347053527832,0.6545842885971069,0.10340210050344467,0.050151173025369644,0.8231391906738281,0.009452549740672112,0.01799166388809681,0.17334310710430145,0.6352922320365906,0.040689993649721146,0.02651910111308098,0.5750143527984619,0.010312339290976524,0.007229826878756285,0.10519980639219284,0.560653805732727,0.023559151217341423,0.034990087151527405,0.9786686897277832,0.01585238240659237,0.014027691446244717
20260723_110343_634,2026-07-23T11:03:43+0800,ads2_click_success_20260723_110343_634,close_template,close_1.png,0.9993058443069458,x_mark,play_triangle,0.7082327206929525,0.025135731945435207,True,125.98840277777778,"[903, 7, 48, 48]","[927, 31]",vision_platform\ads\runtime_collection\click_success\click_success_20260723_110343_634,D:\Projects\adb_vl\vision_platform\ads\runtime_collection\click_success\click_success_20260723_110343_634\pre_click.png,D:\Projects\adb_vl\vision_platform\ads\runtime_collection\click_success\click_success_20260723_110343_634\post_click.png,D:\Projects\adb_vl\vision_platform\ads\runtime_collection\click_success\click_success_20260723_110343_634\crops\bbox.png,D:\Projects\adb_vl\vision_platform\ads\runtime_collection\click_success\click_success_20260723_110343_634\crops\bbox_context_1_5x.png,0.025135731945435207,0.7082327206929525,0.0040374016389250755,0.013681049148241678,0.00138366490136832,0.0004058501702578117,0.0272182859480381,0.02447187900543213,0.6272839307785034,0.0021700107026845217,0.02126617170870304,0.000987599021755159,0.0003518358280416578,0.04402382671833038,0.03768647462129593,0.6264106035232544,0.0072060381062328815,0.010486097075045109,0.002645587781444192,0.0004672316135838628,0.01902974396944046,0.01324884220957756,0.8710036277770996,0.0027361561078578234,0.009290878660976887,0.0005178079009056091,0.00039848306914791465,0.01860128715634346
20260723_110352_333,2026-07-23T11:03:52+0800,ads2_click_success_20260723_110352_333,got_template,got2.png,0.9559807181358337,got,got,0.982782264550527,0.982782264550527,True,83.81006944444445,"[414, 134, 139, 47]","[483, 157]",vision_platform\ads\runtime_collection\click_success\click_success_20260723_110352_333,D:\Projects\adb_vl\vision_platform\ads\runtime_collection\click_success\click_success_20260723_110352_333\pre_click.png,D:\Projects\adb_vl\vision_platform\ads\runtime_collection\click_success\click_success_20260723_110352_333\post_click.png,D:\Projects\adb_vl\vision_platform\ads\runtime_collection\click_success\click_success_20260723_110352_333\crops\bbox.png,D:\Projects\adb_vl\vision_platform\ads\runtime_collection\click_success\click_success_20260723_110352_333\crops\bbox_context_1_5x.png,0.11038000384966533,0.023687038260201614,0.04189244098961353,0.10071015357971191,0.011053743151326975,0.982782264550527,0.02269012543062369,0.1146300807595253,0.03576458618044853,0.049087703227996826,0.1256716251373291,0.01184285432100296,0.9712854623794556,0.03831785172224045,0.2007734775543213,0.02041473612189293,0.05130022019147873,0.08550684154033661,0.01336658839136362,0.9781725406646729,0.019291764125227928,0.015736453235149384,0.014881792478263378,0.025289399549365044,0.09095199406147003,0.007951786741614342,0.9988887906074524,0.010460760444402695
20260723_110433_094,2026-07-23T11:04:33+0800,ads2_click_success_20260723_110433_094,close_template,ad_issue_20260606_045709_roi_0.png,0.9999591708183289,x_mark,play_triangle,0.2682880461215973,0.009631531157841286,True,111.02243055555556,"[21, 18, 138, 32]","[90, 34]",vision_platform\ads\runtime_collection\click_success\click_success_20260723_110433_094,D:\Projects\adb_vl\vision_platform\ads\runtime_collection\click_success\click_success_20260723_110433_094\pre_click.png,D:\Projects\adb_vl\vision_platform\ads\runtime_collection\click_success\click_success_20260723_110433_094\post_click.png,D:\Projects\adb_vl\vision_platform\ads\runtime_collection\click_success\click_success_20260723_110433_094\crops\bbox.png,D:\Projects\adb_vl\vision_platform\ads\runtime_collection\click_success\click_success_20260723_110433_094\crops\bbox_context_1_5x.png,0.009631531157841286,0.2682880461215973,0.043228783955176674,0.12934831902384758,0.10526173189282417,0.02557117895533641,0.0530741810798645,0.015899542719125748,0.17867787182331085,0.04426925629377365,0.30373600125312805,0.1332206428050995,0.032540213316679,0.06476046144962311,0.006357777863740921,0.2205677479505539,0.03981093317270279,0.037474993616342545,0.12410333752632141,0.0358341746032238,0.036641716957092285,0.0066372728906571865,0.4056185185909271,0.045606162399053574,0.046833962202072144,0.05846121534705162,0.008339148946106434,0.05782036483287811
20260723_110442_719,2026-07-23T11:04:42+0800,ads2_click_success_20260723_110442_719,got_template,got2.png,0.9534680247306824,got,got,0.9716921846071879,0.9716921846071879,True,84.0325,"[414, 134, 139, 47]","[483, 157]",vision_platform\ads\runtime_collection\click_success\click_success_20260723_110442_719,D:\Projects\adb_vl\vision_platform\ads\runtime_collection\click_success\click_success_20260723_110442_719\pre_click.png,D:\Projects\adb_vl\vision_platform\ads\runtime_collection\click_success\click_success_20260723_110442_719\post_click.png,D:\Projects\adb_vl\vision_platform\ads\runtime_collection\click_success\click_success_20260723_110442_719\crops\bbox.png,D:\Projects\adb_vl\vision_platform\ads\runtime_collection\click_success\click_success_20260723_110442_719\crops\bbox_context_1_5x.png,0.0759245790541172,0.021188532933592796,0.0719230646888415,0.12754697104295096,0.030972031876444817,0.9716921846071879,0.04867899231612682,0.08303305506706238,0.024831589311361313,0.07187256217002869,0.17611350119113922,0.02501516230404377,0.964783787727356,0.05640852823853493,0.12750278413295746,0.024348050355911255,0.09688671678304672,0.10795100033283234,0.037226684391498566,0.95688796043396,0.06018320098519325,0.017237897962331772,0.014385959133505821,0.0470099151134491,0.09857641160488129,0.030674248933792114,0.9934048056602478,0.02944524772465229
