candidate_id,crop_path,context_crop_path,parent_instance_id,parent_content_id,parent_path,parent_relative_path,bbox_id,bbox,bbox_x,bbox_y,bbox_w,bbox_h,screen_state,bbox_label,bbox_class,source_session,proposal_source,weak_label,review_status
rb_000001,D:\Projects\adb_vl\vision_platform\ads\collections\reviewed_bbox_crops_20260718\crops\rb_000001.png,D:\Projects\adb_vl\vision_platform\ads\collections\reviewed_bbox_crops_20260718\context_1_5x\rb_000001_context_1_5x.png,file_a669b1e30509f098,asset_0da9172d7e75e61e,D:\Projects\adb_vl\vision_platform\ads\runtime_collection\click_success\click_success_20260718_085017_085\pre_click.png,vision_platform\ads\runtime_collection\click_success\click_success_20260718_085017_085\pre_click.png,510,"[413.7674418604651, 351.25581395348837, 86.32558139534882, 29.767441860465112]",413.767,351.256,86.326,29.767,actionable,positive,action_target,ads2_click_success_20260718_085017_085,free_ad_template,weak_action_target,pending_visual_family_review
rb_000002,D:\Projects\adb_vl\vision_platform\ads\collections\reviewed_bbox_crops_20260718\crops\rb_000002.png,D:\Projects\adb_vl\vision_platform\ads\collections\reviewed_bbox_crops_20260718\context_1_5x\rb_000002_context_1_5x.png,file_a669b1e30509f098,asset_0da9172d7e75e61e,D:\Projects\adb_vl\vision_platform\ads\runtime_collection\click_success\click_success_20260718_085017_085\pre_click.png,vision_platform\ads\runtime_collection\click_success\click_success_20260718_085017_085\pre_click.png,511,"[555.1627906976744, 352.74418604651163, 80.37209302325584, 26.790697674418595]",555.163,352.744,80.372,26.791,actionable,positive,action_target,ads2_click_success_20260718_085017_085,free_ad_template,weak_action_target,pending_visual_family_review
rb_000003,D:\Projects\adb_vl\vision_platform\ads\collections\reviewed_bbox_crops_20260718\crops\rb_000003.png,D:\Projects\adb_vl\vision_platform\ads\collections\reviewed_bbox_crops_20260718\context_1_5x\rb_000003_context_1_5x.png,file_a669b1e30509f098,asset_0da9172d7e75e61e,D:\Projects\adb_vl\vision_platform\ads\runtime_collection\click_success\click_success_20260718_085017_085\pre_click.png,vision_platform\ads\runtime_collection\click_success\click_success_20260718_085017_085\pre_click.png,512,"[693.5813953488372, 349.7674418604651, 83.34883720930236, 31.25581395348837]",693.581,349.767,83.349,31.256,actionable,positive,action_target,ads2_click_success_20260718_085017_085,free_ad_template,weak_action_target,pending_visual_family_review
rb_000004,D:\Projects\adb_vl\vision_platform\ads\collections\reviewed_bbox_crops_20260718\crops\rb_000004.png,D:\Projects\adb_vl\vision_platform\ads\collections\reviewed_bbox_crops_20260718\context_1_5x\rb_000004_context_1_5x.png,file_a669b1e30509f098,asset_0da9172d7e75e61e,D:\Projects\adb_vl\vision_platform\ads\runtime_collection\click_success\click_success_20260718_085017_085\pre_click.png,vision_platform\ads\runtime_collection\click_success\click_success_20260718_085017_085\pre_click.png,513,"[832.0, 351.25581395348837, 89.30232558139528, 29.767441860465112]",832.000,351.256,89.302,29.767,actionable,positive,action_target,ads2_click_success_20260718_085017_085,free_ad_template,weak_action_target,pending_visual_family_review
rb_000005,D:\Projects\adb_vl\vision_platform\ads\collections\reviewed_bbox_crops_20260718\crops\rb_000005.png,D:\Projects\adb_vl\vision_platform\ads\collections\reviewed_bbox_crops_20260718\context_1_5x\rb_000005_context_1_5x.png,file_65c9e5dd20cb3371,asset_d1e9fdf45e469caf,D:\Projects\adb_vl\vision_platform\ads\runtime_collection\click_success\click_success_20260718_085034_878\pre_click.png,vision_platform\ads\runtime_collection\click_success\click_success_20260718_085034_878\pre_click.png,576,"[900.4651162790698, 13.395348837209301, 50.604651162790674, 40.18604651162791]",900.465,13.395,50.605,40.186,actionable,positive,action_target,ads2_click_success_20260718_085034_878,close_template,weak_action_target,pending_visual_family_review
rb_000006,D:\Projects\adb_vl\vision_platform\ads\collections\reviewed_bbox_crops_20260718\crops\rb_000006.png,D:\Projects\adb_vl\vision_platform\ads\collections\reviewed_bbox_crops_20260718\context_1_5x\rb_000006_context_1_5x.png,file_99efc798e930d2d1,asset_bb2b366ff1d4b2a7,D:\Projects\adb_vl\vision_platform\ads\runtime_collection\click_success\click_success_20260718_085039_658\pre_click.png,vision_platform\ads\runtime_collection\click_success\click_success_20260718_085039_658\pre_click.png,379,"[418.2325581395349, 139.90697674418604, 120.55813953488376, 35.720930232558146]",418.233,139.907,120.558,35.721,actionable,positive,action_target,ads2_click_success_20260718_085039_658,got_template,weak_action_target,pending_visual_family_review
rb_000007,D:\Projects\adb_vl\vision_platform\ads\collections\reviewed_bbox_crops_20260718\crops\rb_000007.png,D:\Projects\adb_vl\vision_platform\ads\collections\reviewed_bbox_crops_20260718\context_1_5x\rb_000007_context_1_5x.png,file_979e903430aea95d,asset_865c30d9c720318e,D:\Projects\adb_vl\vision_platform\ads\runtime_collection\click_success\click_success_20260718_085045_813\pre_click.png,vision_platform\ads\runtime_collection\click_success\click_success_20260718_085045_813\pre_click.png,514,"[418.2325581395349, 349.7674418604651, 86.32558139534882, 29.767441860465112]",418.233,349.767,86.326,29.767,actionable,positive,action_target,ads2_click_success_20260718_085045_813,free_ad_template,weak_action_target,pending_visual_family_review
rb_000008,D:\Projects\adb_vl\vision_platform\ads\collections\reviewed_bbox_crops_20260718\crops\rb_000008.png,D:\Projects\adb_vl\vision_platform\ads\collections\reviewed_bbox_crops_20260718\context_1_5x\rb_000008_context_1_5x.png,file_979e903430aea95d,asset_865c30d9c720318e,D:\Projects\adb_vl\vision_platform\ads\runtime_collection\click_success\click_success_20260718_085045_813\pre_click.png,vision_platform\ads\runtime_collection\click_success\click_success_20260718_085045_813\pre_click.png,515,"[555.1627906976744, 352.74418604651163, 80.37209302325584, 26.790697674418595]",555.163,352.744,80.372,26.791,actionable,positive,action_target,ads2_click_success_20260718_085045_813,free_ad_template,weak_action_target,pending_visual_family_review
rb_000009,D:\Projects\adb_vl\vision_platform\ads\collections\reviewed_bbox_crops_20260718\crops\rb_000009.png,D:\Projects\adb_vl\vision_platform\ads\collections\reviewed_bbox_crops_20260718\context_1_5x\rb_000009_context_1_5x.png,file_979e903430aea95d,asset_865c30d9c720318e,D:\Projects\adb_vl\vision_platform\ads\runtime_collection\click_success\click_success_20260718_085045_813\pre_click.png,vision_platform\ads\runtime_collection\click_success\click_success_20260718_085045_813\pre_click.png,516,"[693.5813953488372, 349.7674418604651, 83.34883720930236, 31.25581395348837]",693.581,349.767,83.349,31.256,actionable,positive,action_target,ads2_click_success_20260718_085045_813,free_ad_template,weak_action_target,pending_visual_family_review
rb_000010,D:\Projects\adb_vl\vision_platform\ads\collections\reviewed_bbox_crops_20260718\crops\rb_000010.png,D:\Projects\adb_vl\vision_platform\ads\collections\reviewed_bbox_crops_20260718\context_1_5x\rb_000010_context_1_5x.png,file_979e903430aea95d,asset_865c30d9c720318e,D:\Projects\adb_vl\vision_platform\ads\runtime_collection\click_success\click_success_20260718_085045_813\pre_click.png,vision_platform\ads\runtime_collection\click_success\click_success_20260718_085045_813\pre_click.png,517,"[832.0, 351.25581395348837, 89.30232558139528, 29.767441860465112]",832.000,351.256,89.302,29.767,actionable,positive,action_target,ads2_click_success_20260718_085045_813,free_ad_template,weak_action_target,pending_visual_family_review
rb_000011,D:\Projects\adb_vl\vision_platform\ads\collections\reviewed_bbox_crops_20260718\crops\rb_000011.png,D:\Projects\adb_vl\vision_platform\ads\collections\reviewed_bbox_crops_20260718\context_1_5x\rb_000011_context_1_5x.png,file_2ee23ae8fe9fb845,asset_0df138cceee42d63,D:\Projects\adb_vl\vision_platform\ads\runtime_collection\click_success\click_success_20260718_085103_455\pre_click.png,vision_platform\ads\runtime_collection\click_success\click_success_20260718_085103_455\pre_click.png,405,"[907.9069767441861, 16.372093023255815, 38.697674418604606, 37.20930232558139]",907.907,16.372,38.698,37.209,actionable,positive,action_target,ads2_click_success_20260718_085103_455,close_template,weak_action_target,pending_visual_family_review
rb_000012,D:\Projects\adb_vl\vision_platform\ads\collections\reviewed_bbox_crops_20260718\crops\rb_000012.png,D:\Projects\adb_vl\vision_platform\ads\collections\reviewed_bbox_crops_20260718\context_1_5x\rb_000012_context_1_5x.png,file_e9f738737fd54164,asset_40dba9d42050a660,D:\Projects\adb_vl\vision_platform\ads\runtime_collection\click_success\click_success_20260718_085108_150\pre_click.png,vision_platform\ads\runtime_collection\click_success\click_success_20260718_085108_150\pre_click.png,377,"[418.2325581395349, 139.90697674418604, 120.55813953488376, 35.720930232558146]",418.233,139.907,120.558,35.721,actionable,positive,action_target,ads2_click_success_20260718_085108_150,got_template,weak_action_target,pending_visual_family_review
rb_000013,D:\Projects\adb_vl\vision_platform\ads\collections\reviewed_bbox_crops_20260718\crops\rb_000013.png,D:\Projects\adb_vl\vision_platform\ads\collections\reviewed_bbox_crops_20260718\context_1_5x\rb_000013_context_1_5x.png,file_a38c48abbc580962,asset_866a5672b0fbfcde,D:\Projects\adb_vl\vision_platform\ads\runtime_collection\click_success\click_success_20260718_085114_247\pre_click.png,vision_platform\ads\runtime_collection\click_success\click_success_20260718_085114_247\pre_click.png,495,"[413.7674418604651, 351.25581395348837, 86.32558139534882, 29.767441860465112]",413.767,351.256,86.326,29.767,actionable,positive,action_target,ads2_click_success_20260718_085114_247,free_ad_template,weak_action_target,pending_visual_family_review
rb_000014,D:\Projects\adb_vl\vision_platform\ads\collections\reviewed_bbox_crops_20260718\crops\rb_000014.png,D:\Projects\adb_vl\vision_platform\ads\collections\reviewed_bbox_crops_20260718\context_1_5x\rb_000014_context_1_5x.png,file_a38c48abbc580962,asset_866a5672b0fbfcde,D:\Projects\adb_vl\vision_platform\ads\runtime_collection\click_success\click_success_20260718_085114_247\pre_click.png,vision_platform\ads\runtime_collection\click_success\click_success_20260718_085114_247\pre_click.png,496,"[555.1627906976744, 352.74418604651163, 80.37209302325584, 26.790697674418595]",555.163,352.744,80.372,26.791,actionable,positive,action_target,ads2_click_success_20260718_085114_247,free_ad_template,weak_action_target,pending_visual_family_review
rb_000015,D:\Projects\adb_vl\vision_platform\ads\collections\reviewed_bbox_crops_20260718\crops\rb_000015.png,D:\Projects\adb_vl\vision_platform\ads\collections\reviewed_bbox_crops_20260718\context_1_5x\rb_000015_context_1_5x.png,file_a38c48abbc580962,asset_866a5672b0fbfcde,D:\Projects\adb_vl\vision_platform\ads\runtime_collection\click_success\click_success_20260718_085114_247\pre_click.png,vision_platform\ads\runtime_collection\click_success\click_success_20260718_085114_247\pre_click.png,497,"[693.5813953488372, 349.7674418604651, 83.34883720930236, 31.25581395348837]",693.581,349.767,83.349,31.256,actionable,positive,action_target,ads2_click_success_20260718_085114_247,free_ad_template,weak_action_target,pending_visual_family_review
rb_000016,D:\Projects\adb_vl\vision_platform\ads\collections\reviewed_bbox_crops_20260718\crops\rb_000016.png,D:\Projects\adb_vl\vision_platform\ads\collections\reviewed_bbox_crops_20260718\context_1_5x\rb_000016_context_1_5x.png,file_17701a062d36f771,asset_ec83c2c1ebe46b39,D:\Projects\adb_vl\vision_platform\ads\runtime_collection\click_success\click_success_20260718_085131_891\pre_click.png,vision_platform\ads\runtime_collection\click_success\click_success_20260718_085131_891\pre_click.png,408,"[907.9069767441861, 16.372093023255815, 38.697674418604606, 37.20930232558139]",907.907,16.372,38.698,37.209,actionable,positive,action_target,ads2_click_success_20260718_085131_891,close_template,weak_action_target,pending_visual_family_review
rb_000017,D:\Projects\adb_vl\vision_platform\ads\collections\reviewed_bbox_crops_20260718\crops\rb_000017.png,D:\Projects\adb_vl\vision_platform\ads\collections\reviewed_bbox_crops_20260718\context_1_5x\rb_000017_context_1_5x.png,file_2331f03018ffb667,asset_2bb3ab150b2c17f7,D:\Projects\adb_vl\vision_platform\ads\runtime_collection\click_success\click_success_20260718_085136_565\pre_click.png,vision_platform\ads\runtime_collection\click_success\click_success_20260718_085136_565\pre_click.png,364,"[418.2325581395349, 139.90697674418604, 120.55813953488376, 35.720930232558146]",418.233,139.907,120.558,35.721,actionable,positive,action_target,ads2_click_success_20260718_085136_565,got_template,weak_action_target,pending_visual_family_review
rb_000018,D:\Projects\adb_vl\vision_platform\ads\collections\reviewed_bbox_crops_20260718\crops\rb_000018.png,D:\Projects\adb_vl\vision_platform\ads\collections\reviewed_bbox_crops_20260718\context_1_5x\rb_000018_context_1_5x.png,file_ce136e80c7a4a03b,asset_bc10d756a9a35133,D:\Projects\adb_vl\vision_platform\ads\runtime_collection\click_success\click_success_20260718_085142_972\pre_click.png,vision_platform\ads\runtime_collection\click_success\click_success_20260718_085142_972\pre_click.png,441,"[692.0930232558139, 348.27906976744185, 81.8604651162791, 32.74418604651163]",692.093,348.279,81.860,32.744,actionable,positive,action_target,ads2_click_success_20260718_085142_972,free_ad_template,weak_action_target,pending_visual_family_review
rb_000019,D:\Projects\adb_vl\vision_platform\ads\collections\reviewed_bbox_crops_20260718\crops\rb_000019.png,D:\Projects\adb_vl\vision_platform\ads\collections\reviewed_bbox_crops_20260718\context_1_5x\rb_000019_context_1_5x.png,file_ce136e80c7a4a03b,asset_bc10d756a9a35133,D:\Projects\adb_vl\vision_platform\ads\runtime_collection\click_success\click_success_20260718_085142_972\pre_click.png,vision_platform\ads\runtime_collection\click_success\click_success_20260718_085142_972\pre_click.png,442,"[558.1395348837209, 349.7674418604651, 74.41860465116281, 29.767441860465112]",558.140,349.767,74.419,29.767,actionable,positive,action_target,ads2_click_success_20260718_085142_972,free_ad_template,weak_action_target,pending_visual_family_review
rb_000020,D:\Projects\adb_vl\vision_platform\ads\collections\reviewed_bbox_crops_20260718\crops\rb_000020.png,D:\Projects\adb_vl\vision_platform\ads\collections\reviewed_bbox_crops_20260718\context_1_5x\rb_000020_context_1_5x.png,file_7898ceb77f7b53fe,asset_a4f70e645255b736,D:\Projects\adb_vl\vision_platform\ads\runtime_collection\click_success\click_success_20260718_085200_606\pre_click.png,vision_platform\ads\runtime_collection\click_success\click_success_20260718_085200_606\pre_click.png,398,"[903.4418604651163, 17.86046511627907, 41.67441860465112, 32.74418604651163]",903.442,17.860,41.674,32.744,actionable,positive,action_target,ads2_click_success_20260718_085200_606,close_template,weak_action_target,pending_visual_family_review
rb_000021,D:\Projects\adb_vl\vision_platform\ads\collections\reviewed_bbox_crops_20260718\crops\rb_000021.png,D:\Projects\adb_vl\vision_platform\ads\collections\reviewed_bbox_crops_20260718\context_1_5x\rb_000021_context_1_5x.png,file_31d3607b1f791aa3,asset_184fc9696695ed9d,D:\Projects\adb_vl\vision_platform\ads\runtime_collection\click_success\click_success_20260718_085205_267\pre_click.png,vision_platform\ads\runtime_collection\click_success\click_success_20260718_085205_267\pre_click.png,358,"[418.2325581395349, 139.90697674418604, 120.55813953488376, 35.720930232558146]",418.233,139.907,120.558,35.721,actionable,positive,action_target,ads2_click_success_20260718_085205_267,got_template,weak_action_target,pending_visual_family_review
rb_000022,D:\Projects\adb_vl\vision_platform\ads\collections\reviewed_bbox_crops_20260718\crops\rb_000022.png,D:\Projects\adb_vl\vision_platform\ads\collections\reviewed_bbox_crops_20260718\context_1_5x\rb_000022_context_1_5x.png,file_3bf5dc03ed9523fe,asset_643995342e434bf3,D:\Projects\adb_vl\vision_platform\ads\runtime_collection\click_success\click_success_20260718_085211_732\pre_click.png,vision_platform\ads\runtime_collection\click_success\click_success_20260718_085211_732\pre_click.png,427,"[692.0930232558139, 348.27906976744185, 81.8604651162791, 32.74418604651163]",692.093,348.279,81.860,32.744,actionable,positive,action_target,ads2_click_success_20260718_085211_732,free_ad_template,weak_action_target,pending_visual_family_review
rb_000023,D:\Projects\adb_vl\vision_platform\ads\collections\reviewed_bbox_crops_20260718\crops\rb_000023.png,D:\Projects\adb_vl\vision_platform\ads\collections\reviewed_bbox_crops_20260718\context_1_5x\rb_000023_context_1_5x.png,file_257fe523aaf5236a,asset_0df138cceee42d63,D:\Projects\adb_vl\vision_platform\ads\runtime_collection\click_success\click_success_20260718_085229_340\pre_click.png,vision_platform\ads\runtime_collection\click_success\click_success_20260718_085229_340\pre_click.png,406,"[907.9069767441861, 16.372093023255815, 38.697674418604606, 37.20930232558139]",907.907,16.372,38.698,37.209,actionable,positive,action_target,ads2_click_success_20260718_085229_340,close_template,weak_action_target,pending_visual_family_review
rb_000024,D:\Projects\adb_vl\vision_platform\ads\collections\reviewed_bbox_crops_20260718\crops\rb_000024.png,D:\Projects\adb_vl\vision_platform\ads\collections\reviewed_bbox_crops_20260718\context_1_5x\rb_000024_context_1_5x.png,file_31c6dff008c6bb23,asset_097a4a7e35bdc8ee,D:\Projects\adb_vl\vision_platform\ads\runtime_collection\click_success\click_success_20260718_085234_000\pre_click.png,vision_platform\ads\runtime_collection\click_success\click_success_20260718_085234_000\pre_click.png,359,"[418.2325581395349, 139.90697674418604, 120.55813953488376, 35.720930232558146]",418.233,139.907,120.558,35.721,actionable,positive,action_target,ads2_click_success_20260718_085234_000,got_template,weak_action_target,pending_visual_family_review
rb_000025,D:\Projects\adb_vl\vision_platform\ads\collections\reviewed_bbox_crops_20260718\crops\rb_000025.png,D:\Projects\adb_vl\vision_platform\ads\collections\reviewed_bbox_crops_20260718\context_1_5x\rb_000025_context_1_5x.png,file_2a5e82f1e41448c4,asset_1fa44ff49fff3e1f,D:\Projects\adb_vl\vision_platform\ads\runtime_collection\click_success\click_success_20260718_085240_431\pre_click.png,vision_platform\ads\runtime_collection\click_success\click_success_20260718_085240_431\pre_click.png,428,"[692.0930232558139, 348.27906976744185, 81.8604651162791, 32.74418604651163]",692.093,348.279,81.860,32.744,actionable,positive,action_target,ads2_click_success_20260718_085240_431,free_ad_template,weak_action_target,pending_visual_family_review
rb_000026,D:\Projects\adb_vl\vision_platform\ads\collections\reviewed_bbox_crops_20260718\crops\rb_000026.png,D:\Projects\adb_vl\vision_platform\ads\collections\reviewed_bbox_crops_20260718\context_1_5x\rb_000026_context_1_5x.png,file_e3e00140adbfb7e8,asset_a4f70e645255b736,D:\Projects\adb_vl\vision_platform\ads\runtime_collection\click_success\click_success_20260718_085258_029\pre_click.png,vision_platform\ads\runtime_collection\click_success\click_success_20260718_085258_029\pre_click.png,399,"[903.4418604651163, 17.86046511627907, 41.67441860465112, 32.74418604651163]",903.442,17.860,41.674,32.744,actionable,positive,action_target,ads2_click_success_20260718_085258_029,close_template,weak_action_target,pending_visual_family_review
rb_000027,D:\Projects\adb_vl\vision_platform\ads\collections\reviewed_bbox_crops_20260718\crops\rb_000027.png,D:\Projects\adb_vl\vision_platform\ads\collections\reviewed_bbox_crops_20260718\context_1_5x\rb_000027_context_1_5x.png,file_95ac70506f25773f,asset_014ab628e18c4c01,D:\Projects\adb_vl\vision_platform\ads\runtime_collection\click_success\click_success_20260718_085302_739\pre_click.png,vision_platform\ads\runtime_collection\click_success\click_success_20260718_085302_739\pre_click.png,356,"[418.2325581395349, 139.90697674418604, 120.55813953488376, 35.720930232558146]",418.233,139.907,120.558,35.721,actionable,positive,action_target,ads2_click_success_20260718_085302_739,got_template,weak_action_target,pending_visual_family_review
rb_000028,D:\Projects\adb_vl\vision_platform\ads\collections\reviewed_bbox_crops_20260718\crops\rb_000028.png,D:\Projects\adb_vl\vision_platform\ads\collections\reviewed_bbox_crops_20260718\context_1_5x\rb_000028_context_1_5x.png,file_ac4db561d708b23f,asset_097638c34948d535,D:\Projects\adb_vl\vision_platform\ads\runtime_collection\click_success\click_success_20260718_093030_932\pre_click.png,vision_platform\ads\runtime_collection\click_success\click_success_20260718_093030_932\pre_click.png,487,"[413.7674418604651, 351.25581395348837, 86.32558139534882, 29.767441860465112]",413.767,351.256,86.326,29.767,actionable,positive,action_target,ads2_click_success_20260718_093030_932,free_ad_template,weak_action_target,pending_visual_family_review
rb_000029,D:\Projects\adb_vl\vision_platform\ads\collections\reviewed_bbox_crops_20260718\crops\rb_000029.png,D:\Projects\adb_vl\vision_platform\ads\collections\reviewed_bbox_crops_20260718\context_1_5x\rb_000029_context_1_5x.png,file_ac4db561d708b23f,asset_097638c34948d535,D:\Projects\adb_vl\vision_platform\ads\runtime_collection\click_success\click_success_20260718_093030_932\pre_click.png,vision_platform\ads\runtime_collection\click_success\click_success_20260718_093030_932\pre_click.png,488,"[555.1627906976744, 352.74418604651163, 80.37209302325584, 26.790697674418595]",555.163,352.744,80.372,26.791,actionable,positive,action_target,ads2_click_success_20260718_093030_932,free_ad_template,weak_action_target,pending_visual_family_review
rb_000030,D:\Projects\adb_vl\vision_platform\ads\collections\reviewed_bbox_crops_20260718\crops\rb_000030.png,D:\Projects\adb_vl\vision_platform\ads\collections\reviewed_bbox_crops_20260718\context_1_5x\rb_000030_context_1_5x.png,file_ac4db561d708b23f,asset_097638c34948d535,D:\Projects\adb_vl\vision_platform\ads\runtime_collection\click_success\click_success_20260718_093030_932\pre_click.png,vision_platform\ads\runtime_collection\click_success\click_success_20260718_093030_932\pre_click.png,489,"[693.5813953488372, 349.7674418604651, 83.34883720930236, 31.25581395348837]",693.581,349.767,83.349,31.256,actionable,positive,action_target,ads2_click_success_20260718_093030_932,free_ad_template,weak_action_target,pending_visual_family_review
rb_000031,D:\Projects\adb_vl\vision_platform\ads\collections\reviewed_bbox_crops_20260718\crops\rb_000031.png,D:\Projects\adb_vl\vision_platform\ads\collections\reviewed_bbox_crops_20260718\context_1_5x\rb_000031_context_1_5x.png,file_ac4db561d708b23f,asset_097638c34948d535,D:\Projects\adb_vl\vision_platform\ads\runtime_collection\click_success\click_success_20260718_093030_932\pre_click.png,vision_platform\ads\runtime_collection\click_success\click_success_20260718_093030_932\pre_click.png,490,"[832.0, 351.25581395348837, 86.32558139534888, 29.767441860465112]",832.000,351.256,86.326,29.767,actionable,positive,action_target,ads2_click_success_20260718_093030_932,free_ad_template,weak_action_target,pending_visual_family_review
rb_000032,D:\Projects\adb_vl\vision_platform\ads\collections\reviewed_bbox_crops_20260718\crops\rb_000032.png,D:\Projects\adb_vl\vision_platform\ads\collections\reviewed_bbox_crops_20260718\context_1_5x\rb_000032_context_1_5x.png,file_da90c5d798c0ce8d,asset_f5bbb90ad870ee0e,D:\Projects\adb_vl\vision_platform\ads\runtime_collection\click_success\click_success_20260718_093048_823\pre_click.png,vision_platform\ads\runtime_collection\click_success\click_success_20260718_093048_823\pre_click.png,551,"[903.4418604651163, 17.86046511627907, 41.67441860465112, 35.72093023255813]",903.442,17.860,41.674,35.721,actionable,positive,action_target,ads2_click_success_20260718_093048_823,close_template,weak_action_target,pending_visual_family_review
rb_000033,D:\Projects\adb_vl\vision_platform\ads\collections\reviewed_bbox_crops_20260718\crops\rb_000033.png,D:\Projects\adb_vl\vision_platform\ads\collections\reviewed_bbox_crops_20260718\context_1_5x\rb_000033_context_1_5x.png,file_08b2ef9c872ccb12,asset_e389f72eb8ee6040,D:\Projects\adb_vl\vision_platform\ads\runtime_collection\click_success\click_success_20260718_093053_539\pre_click.png,vision_platform\ads\runtime_collection\click_success\click_success_20260718_093053_539\pre_click.png,382,"[418.2325581395349, 139.90697674418604, 120.55813953488376, 35.720930232558146]",418.233,139.907,120.558,35.721,actionable,positive,action_target,ads2_click_success_20260718_093053_539,got_template,weak_action_target,pending_visual_family_review
rb_000034,D:\Projects\adb_vl\vision_platform\ads\collections\reviewed_bbox_crops_20260718\crops\rb_000034.png,D:\Projects\adb_vl\vision_platform\ads\collections\reviewed_bbox_crops_20260718\context_1_5x\rb_000034_context_1_5x.png,file_54f8ea80cc90182d,asset_62806bba2098a21d,D:\Projects\adb_vl\vision_platform\ads\runtime_collection\click_success\click_success_20260718_093059_764\pre_click.png,vision_platform\ads\runtime_collection\click_success\click_success_20260718_093059_764\pre_click.png,491,"[413.7674418604651, 351.25581395348837, 86.32558139534882, 29.767441860465112]",413.767,351.256,86.326,29.767,actionable,positive,action_target,ads2_click_success_20260718_093059_764,free_ad_template,weak_action_target,pending_visual_family_review
rb_000035,D:\Projects\adb_vl\vision_platform\ads\collections\reviewed_bbox_crops_20260718\crops\rb_000035.png,D:\Projects\adb_vl\vision_platform\ads\collections\reviewed_bbox_crops_20260718\context_1_5x\rb_000035_context_1_5x.png,file_54f8ea80cc90182d,asset_62806bba2098a21d,D:\Projects\adb_vl\vision_platform\ads\runtime_collection\click_success\click_success_20260718_093059_764\pre_click.png,vision_platform\ads\runtime_collection\click_success\click_success_20260718_093059_764\pre_click.png,492,"[555.1627906976744, 352.74418604651163, 80.37209302325584, 26.790697674418595]",555.163,352.744,80.372,26.791,actionable,positive,action_target,ads2_click_success_20260718_093059_764,free_ad_template,weak_action_target,pending_visual_family_review
rb_000036,D:\Projects\adb_vl\vision_platform\ads\collections\reviewed_bbox_crops_20260718\crops\rb_000036.png,D:\Projects\adb_vl\vision_platform\ads\collections\reviewed_bbox_crops_20260718\context_1_5x\rb_000036_context_1_5x.png,file_54f8ea80cc90182d,asset_62806bba2098a21d,D:\Projects\adb_vl\vision_platform\ads\runtime_collection\click_success\click_success_20260718_093059_764\pre_click.png,vision_platform\ads\runtime_collection\click_success\click_success_20260718_093059_764\pre_click.png,493,"[693.5813953488372, 349.7674418604651, 83.34883720930236, 31.25581395348837]",693.581,349.767,83.349,31.256,actionable,positive,action_target,ads2_click_success_20260718_093059_764,free_ad_template,weak_action_target,pending_visual_family_review
rb_000037,D:\Projects\adb_vl\vision_platform\ads\collections\reviewed_bbox_crops_20260718\crops\rb_000037.png,D:\Projects\adb_vl\vision_platform\ads\collections\reviewed_bbox_crops_20260718\context_1_5x\rb_000037_context_1_5x.png,file_54f8ea80cc90182d,asset_62806bba2098a21d,D:\Projects\adb_vl\vision_platform\ads\runtime_collection\click_success\click_success_20260718_093059_764\pre_click.png,vision_platform\ads\runtime_collection\click_success\click_success_20260718_093059_764\pre_click.png,494,"[832.0, 351.25581395348837, 86.32558139534888, 29.767441860465112]",832.000,351.256,86.326,29.767,actionable,positive,action_target,ads2_click_success_20260718_093059_764,free_ad_template,weak_action_target,pending_visual_family_review
rb_000038,D:\Projects\adb_vl\vision_platform\ads\collections\reviewed_bbox_crops_20260718\crops\rb_000038.png,D:\Projects\adb_vl\vision_platform\ads\collections\reviewed_bbox_crops_20260718\context_1_5x\rb_000038_context_1_5x.png,file_521f6b69e6174454,asset_e01fefad9cdb2ffd,D:\Projects\adb_vl\vision_platform\ads\runtime_collection\click_success\click_success_20260718_093117_690\pre_click.png,vision_platform\ads\runtime_collection\click_success\click_success_20260718_093117_690\pre_click.png,477,"[906.4186046511628, 11.906976744186046, 38.697674418604606, 40.18604651162791]",906.419,11.907,38.698,40.186,actionable,positive,action_target,ads2_click_success_20260718_093117_690,close_template,weak_action_target,pending_visual_family_review
rb_000039,D:\Projects\adb_vl\vision_platform\ads\collections\reviewed_bbox_crops_20260718\crops\rb_000039.png,D:\Projects\adb_vl\vision_platform\ads\collections\reviewed_bbox_crops_20260718\context_1_5x\rb_000039_context_1_5x.png,file_42c147ccb223f75b,asset_6bd9b14cefddc57a,D:\Projects\adb_vl\vision_platform\ads\runtime_collection\click_success\click_success_20260718_093122_460\pre_click.png,vision_platform\ads\runtime_collection\click_success\click_success_20260718_093122_460\pre_click.png,372,"[418.2325581395349, 139.90697674418604, 120.55813953488376, 35.720930232558146]",418.233,139.907,120.558,35.721,actionable,positive,action_target,ads2_click_success_20260718_093122_460,got_template,weak_action_target,pending_visual_family_review
rb_000040,D:\Projects\adb_vl\vision_platform\ads\collections\reviewed_bbox_crops_20260718\crops\rb_000040.png,D:\Projects\adb_vl\vision_platform\ads\collections\reviewed_bbox_crops_20260718\context_1_5x\rb_000040_context_1_5x.png,file_b7167ca81f67ded8,asset_3ec4003efc44a2e5,D:\Projects\adb_vl\vision_platform\ads\runtime_collection\click_success\click_success_20260718_093128_588\pre_click.png,vision_platform\ads\runtime_collection\click_success\click_success_20260718_093128_588\pre_click.png,438,"[692.0930232558139, 348.27906976744185, 81.8604651162791, 32.74418604651163]",692.093,348.279,81.860,32.744,actionable,positive,action_target,ads2_click_success_20260718_093128_588,free_ad_template,weak_action_target,pending_visual_family_review
rb_000041,D:\Projects\adb_vl\vision_platform\ads\collections\reviewed_bbox_crops_20260718\crops\rb_000041.png,D:\Projects\adb_vl\vision_platform\ads\collections\reviewed_bbox_crops_20260718\context_1_5x\rb_000041_context_1_5x.png,file_b7167ca81f67ded8,asset_3ec4003efc44a2e5,D:\Projects\adb_vl\vision_platform\ads\runtime_collection\click_success\click_success_20260718_093128_588\pre_click.png,vision_platform\ads\runtime_collection\click_success\click_success_20260718_093128_588\pre_click.png,439,"[558.1395348837209, 349.7674418604651, 74.41860465116281, 29.767441860465112]",558.140,349.767,74.419,29.767,actionable,positive,action_target,ads2_click_success_20260718_093128_588,free_ad_template,weak_action_target,pending_visual_family_review
rb_000042,D:\Projects\adb_vl\vision_platform\ads\collections\reviewed_bbox_crops_20260718\crops\rb_000042.png,D:\Projects\adb_vl\vision_platform\ads\collections\reviewed_bbox_crops_20260718\context_1_5x\rb_000042_context_1_5x.png,file_b7167ca81f67ded8,asset_3ec4003efc44a2e5,D:\Projects\adb_vl\vision_platform\ads\runtime_collection\click_success\click_success_20260718_093128_588\pre_click.png,vision_platform\ads\runtime_collection\click_success\click_success_20260718_093128_588\pre_click.png,440,"[416.74418604651163, 351.25581395348837, 78.88372093023253, 29.767441860465112]",416.744,351.256,78.884,29.767,actionable,positive,action_target,ads2_click_success_20260718_093128_588,free_ad_template,weak_action_target,pending_visual_family_review
rb_000043,D:\Projects\adb_vl\vision_platform\ads\collections\reviewed_bbox_crops_20260718\crops\rb_000043.png,D:\Projects\adb_vl\vision_platform\ads\collections\reviewed_bbox_crops_20260718\context_1_5x\rb_000043_context_1_5x.png,file_b2dd403da41cbff9,asset_a4f70e645255b736,D:\Projects\adb_vl\vision_platform\ads\runtime_collection\click_success\click_success_20260718_093146_786\pre_click.png,vision_platform\ads\runtime_collection\click_success\click_success_20260718_093146_786\pre_click.png,400,"[903.4418604651163, 17.86046511627907, 41.67441860465112, 32.74418604651163]",903.442,17.860,41.674,32.744,actionable,positive,action_target,ads2_click_success_20260718_093146_786,close_template,weak_action_target,pending_visual_family_review
rb_000044,D:\Projects\adb_vl\vision_platform\ads\collections\reviewed_bbox_crops_20260718\crops\rb_000044.png,D:\Projects\adb_vl\vision_platform\ads\collections\reviewed_bbox_crops_20260718\context_1_5x\rb_000044_context_1_5x.png,file_52f4b37a8e32a437,asset_69031b1601035f95,D:\Projects\adb_vl\vision_platform\ads\runtime_collection\click_success\click_success_20260718_093151_468\pre_click.png,vision_platform\ads\runtime_collection\click_success\click_success_20260718_093151_468\pre_click.png,373,"[418.2325581395349, 139.90697674418604, 120.55813953488376, 35.720930232558146]",418.233,139.907,120.558,35.721,actionable,positive,action_target,ads2_click_success_20260718_093151_468,got_template,weak_action_target,pending_visual_family_review
rb_000045,D:\Projects\adb_vl\vision_platform\ads\collections\reviewed_bbox_crops_20260718\crops\rb_000045.png,D:\Projects\adb_vl\vision_platform\ads\collections\reviewed_bbox_crops_20260718\context_1_5x\rb_000045_context_1_5x.png,file_7e8902cd4577e0de,asset_12a14646541be994,D:\Projects\adb_vl\vision_platform\ads\runtime_collection\click_success\click_success_20260718_093157_905\pre_click.png,vision_platform\ads\runtime_collection\click_success\click_success_20260718_093157_905\pre_click.png,433,"[692.0930232558139, 348.27906976744185, 81.8604651162791, 32.74418604651163]",692.093,348.279,81.860,32.744,actionable,positive,action_target,ads2_click_success_20260718_093157_905,free_ad_template,weak_action_target,pending_visual_family_review
rb_000046,D:\Projects\adb_vl\vision_platform\ads\collections\reviewed_bbox_crops_20260718\crops\rb_000046.png,D:\Projects\adb_vl\vision_platform\ads\collections\reviewed_bbox_crops_20260718\context_1_5x\rb_000046_context_1_5x.png,file_7e8902cd4577e0de,asset_12a14646541be994,D:\Projects\adb_vl\vision_platform\ads\runtime_collection\click_success\click_success_20260718_093157_905\pre_click.png,vision_platform\ads\runtime_collection\click_success\click_success_20260718_093157_905\pre_click.png,434,"[558.1395348837209, 349.7674418604651, 74.41860465116281, 29.767441860465112]",558.140,349.767,74.419,29.767,actionable,positive,action_target,ads2_click_success_20260718_093157_905,free_ad_template,weak_action_target,pending_visual_family_review
rb_000047,D:\Projects\adb_vl\vision_platform\ads\collections\reviewed_bbox_crops_20260718\crops\rb_000047.png,D:\Projects\adb_vl\vision_platform\ads\collections\reviewed_bbox_crops_20260718\context_1_5x\rb_000047_context_1_5x.png,file_8240b4625453bcd5,asset_e01fefad9cdb2ffd,D:\Projects\adb_vl\vision_platform\ads\runtime_collection\click_success\click_success_20260718_093215_710\pre_click.png,vision_platform\ads\runtime_collection\click_success\click_success_20260718_093215_710\pre_click.png,479,"[906.4186046511628, 11.906976744186046, 38.697674418604606, 40.18604651162791]",906.419,11.907,38.698,40.186,actionable,positive,action_target,ads2_click_success_20260718_093215_710,close_template,weak_action_target,pending_visual_family_review
rb_000048,D:\Projects\adb_vl\vision_platform\ads\collections\reviewed_bbox_crops_20260718\crops\rb_000048.png,D:\Projects\adb_vl\vision_platform\ads\collections\reviewed_bbox_crops_20260718\context_1_5x\rb_000048_context_1_5x.png,file_7bfd435a242da298,asset_dc4b1b7bf5d22ce1,D:\Projects\adb_vl\vision_platform\ads\runtime_collection\click_success\click_success_20260718_093220_419\pre_click.png,vision_platform\ads\runtime_collection\click_success\click_success_20260718_093220_419\pre_click.png,366,"[418.2325581395349, 139.90697674418604, 120.55813953488376, 35.720930232558146]",418.233,139.907,120.558,35.721,actionable,positive,action_target,ads2_click_success_20260718_093220_419,got_template,weak_action_target,pending_visual_family_review
rb_000049,D:\Projects\adb_vl\vision_platform\ads\collections\reviewed_bbox_crops_20260718\crops\rb_000049.png,D:\Projects\adb_vl\vision_platform\ads\collections\reviewed_bbox_crops_20260718\context_1_5x\rb_000049_context_1_5x.png,file_834076543c2ee80e,asset_7c12bfe480a6f4ea,D:\Projects\adb_vl\vision_platform\ads\runtime_collection\click_success\click_success_20260718_093227_071\pre_click.png,vision_platform\ads\runtime_collection\click_success\click_success_20260718_093227_071\pre_click.png,425,"[692.0930232558139, 348.27906976744185, 81.8604651162791, 32.74418604651163]",692.093,348.279,81.860,32.744,actionable,positive,action_target,ads2_click_success_20260718_093227_071,free_ad_template,weak_action_target,pending_visual_family_review
rb_000050,D:\Projects\adb_vl\vision_platform\ads\collections\reviewed_bbox_crops_20260718\crops\rb_000050.png,D:\Projects\adb_vl\vision_platform\ads\collections\reviewed_bbox_crops_20260718\context_1_5x\rb_000050_context_1_5x.png,file_a7b328df0a36c449,asset_0169178cafbbd91c,D:\Projects\adb_vl\vision_platform\ads\runtime_collection\click_success\click_success_20260718_093244_687\pre_click.png,vision_platform\ads\runtime_collection\click_success\click_success_20260718_093244_687\pre_click.png,407,"[907.9069767441861, 16.372093023255815, 38.697674418604606, 37.20930232558139]",907.907,16.372,38.698,37.209,actionable,positive,action_target,ads2_click_success_20260718_093244_687,close_template,weak_action_target,pending_visual_family_review
rb_000051,D:\Projects\adb_vl\vision_platform\ads\collections\reviewed_bbox_crops_20260718\crops\rb_000051.png,D:\Projects\adb_vl\vision_platform\ads\collections\reviewed_bbox_crops_20260718\context_1_5x\rb_000051_context_1_5x.png,file_8c1c921e7249c73c,asset_afe0216a1d510d32,D:\Projects\adb_vl\vision_platform\ads\runtime_collection\click_success\click_success_20260718_093249_317\pre_click.png,vision_platform\ads\runtime_collection\click_success\click_success_20260718_093249_317\pre_click.png,367,"[418.2325581395349, 139.90697674418604, 120.55813953488376, 35.720930232558146]",418.233,139.907,120.558,35.721,actionable,positive,action_target,ads2_click_success_20260718_093249_317,got_template,weak_action_target,pending_visual_family_review
rb_000052,D:\Projects\adb_vl\vision_platform\ads\collections\reviewed_bbox_crops_20260718\crops\rb_000052.png,D:\Projects\adb_vl\vision_platform\ads\collections\reviewed_bbox_crops_20260718\context_1_5x\rb_000052_context_1_5x.png,file_f6cee44f7ec069b4,asset_d3e2135e12ffec32,D:\Projects\adb_vl\vision_platform\ads\runtime_collection\click_success\click_success_20260718_093255_727\pre_click.png,vision_platform\ads\runtime_collection\click_success\click_success_20260718_093255_727\pre_click.png,426,"[692.0930232558139, 348.27906976744185, 81.8604651162791, 32.74418604651163]",692.093,348.279,81.860,32.744,actionable,positive,action_target,ads2_click_success_20260718_093255_727,free_ad_template,weak_action_target,pending_visual_family_review
rb_000053,D:\Projects\adb_vl\vision_platform\ads\collections\reviewed_bbox_crops_20260718\crops\rb_000053.png,D:\Projects\adb_vl\vision_platform\ads\collections\reviewed_bbox_crops_20260718\context_1_5x\rb_000053_context_1_5x.png,file_c697918680fd5079,asset_e8d240395ba90ae2,D:\Projects\adb_vl\vision_platform\ads\runtime_collection\click_success\click_success_20260718_093313_370\pre_click.png,vision_platform\ads\runtime_collection\click_success\click_success_20260718_093313_370\pre_click.png,396,"[903.4418604651163, 17.86046511627907, 41.67441860465112, 32.74418604651163]",903.442,17.860,41.674,32.744,actionable,positive,action_target,ads2_click_success_20260718_093313_370,close_template,weak_action_target,pending_visual_family_review
rb_000054,D:\Projects\adb_vl\vision_platform\ads\collections\reviewed_bbox_crops_20260718\crops\rb_000054.png,D:\Projects\adb_vl\vision_platform\ads\collections\reviewed_bbox_crops_20260718\context_1_5x\rb_000054_context_1_5x.png,file_24f3497a74974825,asset_ea84c9dcd907ccf2,D:\Projects\adb_vl\vision_platform\ads\runtime_collection\click_success\click_success_20260718_093318_020\pre_click.png,vision_platform\ads\runtime_collection\click_success\click_success_20260718_093318_020\pre_click.png,357,"[418.2325581395349, 139.90697674418604, 120.55813953488376, 35.720930232558146]",418.233,139.907,120.558,35.721,actionable,positive,action_target,ads2_click_success_20260718_093318_020,got_template,weak_action_target,pending_visual_family_review
rb_000055,D:\Projects\adb_vl\vision_platform\ads\collections\reviewed_bbox_crops_20260718\crops\rb_000055.png,D:\Projects\adb_vl\vision_platform\ads\collections\reviewed_bbox_crops_20260718\context_1_5x\rb_000055_context_1_5x.png,file_f3e3e568b2bd34ea,asset_d2c814015cac2c78,D:\Projects\adb_vl\vision_platform\ads\runtime_collection\click_success\click_success_20260718_094154_736\pre_click.png,vision_platform\ads\runtime_collection\click_success\click_success_20260718_094154_736\pre_click.png,451,"[278.3255813953488, 336.3720930232558, 96.74418604651163, 26.790697674418652]",278.326,336.372,96.744,26.791,actionable,positive,action_target,ads2_click_success_20260718_094154_736,free_ad_template,weak_action_target,pending_visual_family_review
rb_000056,D:\Projects\adb_vl\vision_platform\ads\collections\reviewed_bbox_crops_20260718\crops\rb_000056.png,D:\Projects\adb_vl\vision_platform\ads\collections\reviewed_bbox_crops_20260718\context_1_5x\rb_000056_context_1_5x.png,file_486db7597242f93e,asset_9f183babb0c335e7,D:\Projects\adb_vl\vision_platform\ads\runtime_collection\click_success\click_success_20260718_094212_661\pre_click.png,vision_platform\ads\runtime_collection\click_success\click_success_20260718_094212_661\pre_click.png,481,"[906.4186046511628, 11.906976744186046, 38.697674418604606, 40.18604651162791]",906.419,11.907,38.698,40.186,actionable,positive,action_target,ads2_click_success_20260718_094212_661,close_template,weak_action_target,pending_visual_family_review
rb_000057,D:\Projects\adb_vl\vision_platform\ads\collections\reviewed_bbox_crops_20260718\crops\rb_000057.png,D:\Projects\adb_vl\vision_platform\ads\collections\reviewed_bbox_crops_20260718\context_1_5x\rb_000057_context_1_5x.png,file_5f093f01bf0f2aa4,asset_1c8b502573b77743,D:\Projects\adb_vl\vision_platform\ads\runtime_collection\click_success\click_success_20260718_094217_391\pre_click.png,vision_platform\ads\runtime_collection\click_success\click_success_20260718_094217_391\pre_click.png,341,"[418.2325581395349, 139.90697674418604, 120.55813953488376, 35.720930232558146]",418.233,139.907,120.558,35.721,actionable,positive,action_target,ads2_click_success_20260718_094217_391,got_template,weak_action_target,pending_visual_family_review
rb_000058,D:\Projects\adb_vl\vision_platform\ads\collections\reviewed_bbox_crops_20260718\crops\rb_000058.png,D:\Projects\adb_vl\vision_platform\ads\collections\reviewed_bbox_crops_20260718\context_1_5x\rb_000058_context_1_5x.png,file_da1872a5c9194db2,asset_5cb13174e6daffbf,D:\Projects\adb_vl\vision_platform\ads\runtime_collection\click_success\click_success_20260718_094222_830\pre_click.png,vision_platform\ads\runtime_collection\click_success\click_success_20260718_094222_830\pre_click.png,452,"[278.3255813953488, 336.3720930232558, 96.74418604651163, 26.790697674418652]",278.326,336.372,96.744,26.791,actionable,positive,action_target,ads2_click_success_20260718_094222_830,free_ad_template,weak_action_target,pending_visual_family_review
rb_000059,D:\Projects\adb_vl\vision_platform\ads\collections\reviewed_bbox_crops_20260718\crops\rb_000059.png,D:\Projects\adb_vl\vision_platform\ads\collections\reviewed_bbox_crops_20260718\context_1_5x\rb_000059_context_1_5x.png,file_768e520fda85378f,asset_2347bcbf66834439,D:\Projects\adb_vl\vision_platform\ads\runtime_collection\click_success\click_success_20260718_094240_503\pre_click.png,vision_platform\ads\runtime_collection\click_success\click_success_20260718_094240_503\pre_click.png,397,"[903.4418604651163, 17.86046511627907, 41.67441860465112, 32.74418604651163]",903.442,17.860,41.674,32.744,actionable,positive,action_target,ads2_click_success_20260718_094240_503,close_template,weak_action_target,pending_visual_family_review
rb_000060,D:\Projects\adb_vl\vision_platform\ads\collections\reviewed_bbox_crops_20260718\crops\rb_000060.png,D:\Projects\adb_vl\vision_platform\ads\collections\reviewed_bbox_crops_20260718\context_1_5x\rb_000060_context_1_5x.png,file_ba33a39f3a4df742,asset_54de5b34a3e4f909,D:\Projects\adb_vl\vision_platform\ads\runtime_collection\click_success\click_success_20260718_094245_305\pre_click.png,vision_platform\ads\runtime_collection\click_success\click_success_20260718_094245_305\pre_click.png,342,"[418.2325581395349, 139.90697674418604, 120.55813953488376, 35.720930232558146]",418.233,139.907,120.558,35.721,actionable,positive,action_target,ads2_click_success_20260718_094245_305,got_template,weak_action_target,pending_visual_family_review
rb_000061,D:\Projects\adb_vl\vision_platform\ads\collections\reviewed_bbox_crops_20260718\crops\rb_000061.png,D:\Projects\adb_vl\vision_platform\ads\collections\reviewed_bbox_crops_20260718\context_1_5x\rb_000061_context_1_5x.png,file_65c6b2d42b51cdfb,asset_e8dc77cf749dcee1,D:\Projects\adb_vl\vision_platform\ads\runtime_collection\click_success\click_success_20260718_094250_745\pre_click.png,vision_platform\ads\runtime_collection\click_success\click_success_20260718_094250_745\pre_click.png,453,"[278.3255813953488, 336.3720930232558, 96.74418604651163, 26.790697674418652]",278.326,336.372,96.744,26.791,actionable,positive,action_target,ads2_click_success_20260718_094250_745,free_ad_template,weak_action_target,pending_visual_family_review
rb_000062,D:\Projects\adb_vl\vision_platform\ads\collections\reviewed_bbox_crops_20260718\crops\rb_000062.png,D:\Projects\adb_vl\vision_platform\ads\collections\reviewed_bbox_crops_20260718\context_1_5x\rb_000062_context_1_5x.png,file_285dc209cbead215,asset_1c5e9734edbfc31e,D:\Projects\adb_vl\vision_platform\ads\runtime_collection\click_success\click_success_20260718_094308_494\pre_click.png,vision_platform\ads\runtime_collection\click_success\click_success_20260718_094308_494\pre_click.png,410,"[907.9069767441861, 16.372093023255815, 38.697674418604606, 37.20930232558139]",907.907,16.372,38.698,37.209,actionable,positive,action_target,ads2_click_success_20260718_094308_494,close_template,weak_action_target,pending_visual_family_review
rb_000063,D:\Projects\adb_vl\vision_platform\ads\collections\reviewed_bbox_crops_20260718\crops\rb_000063.png,D:\Projects\adb_vl\vision_platform\ads\collections\reviewed_bbox_crops_20260718\context_1_5x\rb_000063_context_1_5x.png,file_84b0f8705ee74563,asset_b7224094a3303f19,D:\Projects\adb_vl\vision_platform\ads\runtime_collection\click_success\click_success_20260718_094313_482\pre_click.png,vision_platform\ads\runtime_collection\click_success\click_success_20260718_094313_482\pre_click.png,343,"[418.2325581395349, 139.90697674418604, 120.55813953488376, 35.720930232558146]",418.233,139.907,120.558,35.721,actionable,positive,action_target,ads2_click_success_20260718_094313_482,got_template,weak_action_target,pending_visual_family_review
rb_000064,D:\Projects\adb_vl\vision_platform\ads\collections\reviewed_bbox_crops_20260718\crops\rb_000064.png,D:\Projects\adb_vl\vision_platform\ads\collections\reviewed_bbox_crops_20260718\context_1_5x\rb_000064_context_1_5x.png,file_6b8360dadfad9a6e,asset_6fff9b507be59797,D:\Projects\adb_vl\vision_platform\ads\runtime_collection\click_success\click_success_20260718_094319_249\pre_click.png,vision_platform\ads\runtime_collection\click_success\click_success_20260718_094319_249\pre_click.png,448,"[278.3255813953488, 336.3720930232558, 96.74418604651163, 26.790697674418652]",278.326,336.372,96.744,26.791,actionable,positive,action_target,ads2_click_success_20260718_094319_249,free_ad_template,weak_action_target,pending_visual_family_review
rb_000065,D:\Projects\adb_vl\vision_platform\ads\collections\reviewed_bbox_crops_20260718\crops\rb_000065.png,D:\Projects\adb_vl\vision_platform\ads\collections\reviewed_bbox_crops_20260718\context_1_5x\rb_000065_context_1_5x.png,file_9fec6bc95a16a7b0,asset_091ff4bb92b5b4cb,D:\Projects\adb_vl\vision_platform\ads\runtime_collection\click_success\click_success_20260718_094337_171\pre_click.png,vision_platform\ads\runtime_collection\click_success\click_success_20260718_094337_171\pre_click.png,421,"[900.4651162790698, 11.906976744186046, 44.65116279069764, 47.627906976744185]",900.465,11.907,44.651,47.628,actionable,positive,action_target,ads2_click_success_20260718_094337_171,close_template,weak_action_target,pending_visual_family_review
rb_000066,D:\Projects\adb_vl\vision_platform\ads\collections\reviewed_bbox_crops_20260718\crops\rb_000066.png,D:\Projects\adb_vl\vision_platform\ads\collections\reviewed_bbox_crops_20260718\context_1_5x\rb_000066_context_1_5x.png,file_92925bd4085f2744,asset_a1357ef799a42b3d,D:\Projects\adb_vl\vision_platform\ads\runtime_collection\click_success\click_success_20260718_094342_192\pre_click.png,vision_platform\ads\runtime_collection\click_success\click_success_20260718_094342_192\pre_click.png,344,"[418.2325581395349, 139.90697674418604, 120.55813953488376, 35.720930232558146]",418.233,139.907,120.558,35.721,actionable,positive,action_target,ads2_click_success_20260718_094342_192,got_template,weak_action_target,pending_visual_family_review
rb_000067,D:\Projects\adb_vl\vision_platform\ads\collections\reviewed_bbox_crops_20260718\crops\rb_000067.png,D:\Projects\adb_vl\vision_platform\ads\collections\reviewed_bbox_crops_20260718\context_1_5x\rb_000067_context_1_5x.png,file_7e9d94fe9b2ce9bc,asset_fe810ef990123a8c,D:\Projects\adb_vl\vision_platform\ads\runtime_collection\click_success\click_success_20260718_094347_650\pre_click.png,vision_platform\ads\runtime_collection\click_success\click_success_20260718_094347_650\pre_click.png,449,"[278.3255813953488, 336.3720930232558, 96.74418604651163, 26.790697674418652]",278.326,336.372,96.744,26.791,actionable,positive,action_target,ads2_click_success_20260718_094347_650,free_ad_template,weak_action_target,pending_visual_family_review
rb_000068,D:\Projects\adb_vl\vision_platform\ads\collections\reviewed_bbox_crops_20260718\crops\rb_000068.png,D:\Projects\adb_vl\vision_platform\ads\collections\reviewed_bbox_crops_20260718\context_1_5x\rb_000068_context_1_5x.png,file_ace991fd54c0b7a0,asset_a4f70e645255b736,D:\Projects\adb_vl\vision_platform\ads\runtime_collection\click_success\click_success_20260718_094405_851\pre_click.png,vision_platform\ads\runtime_collection\click_success\click_success_20260718_094405_851\pre_click.png,401,"[903.4418604651163, 17.86046511627907, 41.67441860465112, 32.74418604651163]",903.442,17.860,41.674,32.744,actionable,positive,action_target,ads2_click_success_20260718_094405_851,close_template,weak_action_target,pending_visual_family_review
rb_000069,D:\Projects\adb_vl\vision_platform\ads\collections\reviewed_bbox_crops_20260718\crops\rb_000069.png,D:\Projects\adb_vl\vision_platform\ads\collections\reviewed_bbox_crops_20260718\context_1_5x\rb_000069_context_1_5x.png,file_0a2b0d3c8161ca42,asset_3a47bef8e6d22863,D:\Projects\adb_vl\vision_platform\ads\runtime_collection\click_success\click_success_20260718_094410_692\pre_click.png,vision_platform\ads\runtime_collection\click_success\click_success_20260718_094410_692\pre_click.png,353,"[418.2325581395349, 139.90697674418604, 120.55813953488376, 35.720930232558146]",418.233,139.907,120.558,35.721,actionable,positive,action_target,ads2_click_success_20260718_094410_692,got_template,weak_action_target,pending_visual_family_review
rb_000070,D:\Projects\adb_vl\vision_platform\ads\collections\reviewed_bbox_crops_20260718\crops\rb_000070.png,D:\Projects\adb_vl\vision_platform\ads\collections\reviewed_bbox_crops_20260718\context_1_5x\rb_000070_context_1_5x.png,file_7425ec2717bf6fd9,asset_d14a5b401c8cc8d8,D:\Projects\adb_vl\vision_platform\ads\runtime_collection\click_success\click_success_20260718_100034_511\pre_click.png,vision_platform\ads\runtime_collection\click_success\click_success_20260718_100034_511\pre_click.png,506,"[413.7674418604651, 351.25581395348837, 86.32558139534882, 29.767441860465112]",413.767,351.256,86.326,29.767,actionable,positive,action_target,ads2_click_success_20260718_100034_511,free_ad_template,weak_action_target,pending_visual_family_review
rb_000071,D:\Projects\adb_vl\vision_platform\ads\collections\reviewed_bbox_crops_20260718\crops\rb_000071.png,D:\Projects\adb_vl\vision_platform\ads\collections\reviewed_bbox_crops_20260718\context_1_5x\rb_000071_context_1_5x.png,file_7425ec2717bf6fd9,asset_d14a5b401c8cc8d8,D:\Projects\adb_vl\vision_platform\ads\runtime_collection\click_success\click_success_20260718_100034_511\pre_click.png,vision_platform\ads\runtime_collection\click_success\click_success_20260718_100034_511\pre_click.png,507,"[555.1627906976744, 352.74418604651163, 80.37209302325584, 26.790697674418595]",555.163,352.744,80.372,26.791,actionable,positive,action_target,ads2_click_success_20260718_100034_511,free_ad_template,weak_action_target,pending_visual_family_review
rb_000072,D:\Projects\adb_vl\vision_platform\ads\collections\reviewed_bbox_crops_20260718\crops\rb_000072.png,D:\Projects\adb_vl\vision_platform\ads\collections\reviewed_bbox_crops_20260718\context_1_5x\rb_000072_context_1_5x.png,file_7425ec2717bf6fd9,asset_d14a5b401c8cc8d8,D:\Projects\adb_vl\vision_platform\ads\runtime_collection\click_success\click_success_20260718_100034_511\pre_click.png,vision_platform\ads\runtime_collection\click_success\click_success_20260718_100034_511\pre_click.png,508,"[693.5813953488372, 349.7674418604651, 83.34883720930236, 31.25581395348837]",693.581,349.767,83.349,31.256,actionable,positive,action_target,ads2_click_success_20260718_100034_511,free_ad_template,weak_action_target,pending_visual_family_review
rb_000073,D:\Projects\adb_vl\vision_platform\ads\collections\reviewed_bbox_crops_20260718\crops\rb_000073.png,D:\Projects\adb_vl\vision_platform\ads\collections\reviewed_bbox_crops_20260718\context_1_5x\rb_000073_context_1_5x.png,file_7425ec2717bf6fd9,asset_d14a5b401c8cc8d8,D:\Projects\adb_vl\vision_platform\ads\runtime_collection\click_success\click_success_20260718_100034_511\pre_click.png,vision_platform\ads\runtime_collection\click_success\click_success_20260718_100034_511\pre_click.png,509,"[832.0, 351.25581395348837, 89.30232558139528, 29.767441860465112]",832.000,351.256,89.302,29.767,actionable,positive,action_target,ads2_click_success_20260718_100034_511,free_ad_template,weak_action_target,pending_visual_family_review
rb_000074,D:\Projects\adb_vl\vision_platform\ads\collections\reviewed_bbox_crops_20260718\crops\rb_000074.png,D:\Projects\adb_vl\vision_platform\ads\collections\reviewed_bbox_crops_20260718\context_1_5x\rb_000074_context_1_5x.png,file_799cf070ce9bd522,asset_c2c655c76bf5fa35,D:\Projects\adb_vl\vision_platform\ads\runtime_collection\click_success\click_success_20260718_100052_051\pre_click.png,vision_platform\ads\runtime_collection\click_success\click_success_20260718_100052_051\pre_click.png,543,"[22.325581395348838, 19.348837209302324, 87.81395348837209, 43.16279069767442]",22.326,19.349,87.814,43.163,actionable,positive,action_target,ads2_click_success_20260718_100052_051,close_template,weak_action_target,pending_visual_family_review
rb_000075,D:\Projects\adb_vl\vision_platform\ads\collections\reviewed_bbox_crops_20260718\crops\rb_000075.png,D:\Projects\adb_vl\vision_platform\ads\collections\reviewed_bbox_crops_20260718\context_1_5x\rb_000075_context_1_5x.png,file_d00fbee264bb9183,asset_fc58310606b96368,D:\Projects\adb_vl\vision_platform\ads\runtime_collection\click_success\click_success_20260718_100108_596\pre_click.png,vision_platform\ads\runtime_collection\click_success\click_success_20260718_100108_596\pre_click.png,579,"[17.86046511627907, 17.86046511627907, 92.27906976744185, 50.60465116279069]",17.860,17.860,92.279,50.605,actionable,positive,action_target,ads2_click_success_20260718_100108_596,close_template,weak_action_target,pending_visual_family_review
rb_000076,D:\Projects\adb_vl\vision_platform\ads\collections\reviewed_bbox_crops_20260718\crops\rb_000076.png,D:\Projects\adb_vl\vision_platform\ads\collections\reviewed_bbox_crops_20260718\context_1_5x\rb_000076_context_1_5x.png,file_c42db945d1111021,asset_3b7265a5d524f911,D:\Projects\adb_vl\vision_platform\ads\runtime_collection\click_success\click_success_20260718_100113_420\pre_click.png,vision_platform\ads\runtime_collection\click_success\click_success_20260718_100113_420\pre_click.png,381,"[418.2325581395349, 139.90697674418604, 120.55813953488376, 35.720930232558146]",418.233,139.907,120.558,35.721,actionable,positive,action_target,ads2_click_success_20260718_100113_420,got_template,weak_action_target,pending_visual_family_review
rb_000077,D:\Projects\adb_vl\vision_platform\ads\collections\reviewed_bbox_crops_20260718\crops\rb_000077.png,D:\Projects\adb_vl\vision_platform\ads\collections\reviewed_bbox_crops_20260718\context_1_5x\rb_000077_context_1_5x.png,file_e4d0be55b4e306a0,asset_35670afc3d0e9829,D:\Projects\adb_vl\vision_platform\ads\runtime_collection\click_success\click_success_20260718_100119_855\pre_click.png,vision_platform\ads\runtime_collection\click_success\click_success_20260718_100119_855\pre_click.png,502,"[413.7674418604651, 351.25581395348837, 86.32558139534882, 29.767441860465112]",413.767,351.256,86.326,29.767,actionable,positive,action_target,ads2_click_success_20260718_100119_855,free_ad_template,weak_action_target,pending_visual_family_review
rb_000078,D:\Projects\adb_vl\vision_platform\ads\collections\reviewed_bbox_crops_20260718\crops\rb_000078.png,D:\Projects\adb_vl\vision_platform\ads\collections\reviewed_bbox_crops_20260718\context_1_5x\rb_000078_context_1_5x.png,file_e4d0be55b4e306a0,asset_35670afc3d0e9829,D:\Projects\adb_vl\vision_platform\ads\runtime_collection\click_success\click_success_20260718_100119_855\pre_click.png,vision_platform\ads\runtime_collection\click_success\click_success_20260718_100119_855\pre_click.png,503,"[555.1627906976744, 352.74418604651163, 80.37209302325584, 26.790697674418595]",555.163,352.744,80.372,26.791,actionable,positive,action_target,ads2_click_success_20260718_100119_855,free_ad_template,weak_action_target,pending_visual_family_review
rb_000079,D:\Projects\adb_vl\vision_platform\ads\collections\reviewed_bbox_crops_20260718\crops\rb_000079.png,D:\Projects\adb_vl\vision_platform\ads\collections\reviewed_bbox_crops_20260718\context_1_5x\rb_000079_context_1_5x.png,file_e4d0be55b4e306a0,asset_35670afc3d0e9829,D:\Projects\adb_vl\vision_platform\ads\runtime_collection\click_success\click_success_20260718_100119_855\pre_click.png,vision_platform\ads\runtime_collection\click_success\click_success_20260718_100119_855\pre_click.png,504,"[693.5813953488372, 349.7674418604651, 83.34883720930236, 31.25581395348837]",693.581,349.767,83.349,31.256,actionable,positive,action_target,ads2_click_success_20260718_100119_855,free_ad_template,weak_action_target,pending_visual_family_review
rb_000080,D:\Projects\adb_vl\vision_platform\ads\collections\reviewed_bbox_crops_20260718\crops\rb_000080.png,D:\Projects\adb_vl\vision_platform\ads\collections\reviewed_bbox_crops_20260718\context_1_5x\rb_000080_context_1_5x.png,file_e4d0be55b4e306a0,asset_35670afc3d0e9829,D:\Projects\adb_vl\vision_platform\ads\runtime_collection\click_success\click_success_20260718_100119_855\pre_click.png,vision_platform\ads\runtime_collection\click_success\click_success_20260718_100119_855\pre_click.png,505,"[832.0, 351.25581395348837, 89.30232558139528, 29.767441860465112]",832.000,351.256,89.302,29.767,actionable,positive,action_target,ads2_click_success_20260718_100119_855,free_ad_template,weak_action_target,pending_visual_family_review
rb_000081,D:\Projects\adb_vl\vision_platform\ads\collections\reviewed_bbox_crops_20260718\crops\rb_000081.png,D:\Projects\adb_vl\vision_platform\ads\collections\reviewed_bbox_crops_20260718\context_1_5x\rb_000081_context_1_5x.png,file_6756a406d9a364fc,asset_0141960b21ce0c77,D:\Projects\adb_vl\vision_platform\ads\runtime_collection\click_success\click_success_20260718_100137_466\pre_click.png,vision_platform\ads\runtime_collection\click_success\click_success_20260718_100137_466\pre_click.png,554,"[11.906976744186046, 16.372093023255815, 99.72093023255815, 44.651162790697676]",11.907,16.372,99.721,44.651,actionable,positive,action_target,ads2_click_success_20260718_100137_466,close_template,weak_action_target,pending_visual_family_review
rb_000082,D:\Projects\adb_vl\vision_platform\ads\collections\reviewed_bbox_crops_20260718\crops\rb_000082.png,D:\Projects\adb_vl\vision_platform\ads\collections\reviewed_bbox_crops_20260718\context_1_5x\rb_000082_context_1_5x.png,file_2ebce35188188b1d,asset_7a3695d5a343e001,D:\Projects\adb_vl\vision_platform\ads\runtime_collection\click_success\click_success_20260718_100153_776\pre_click.png,vision_platform\ads\runtime_collection\click_success\click_success_20260718_100153_776\pre_click.png,601,"[17.86046511627907, 20.837209302325583, 90.7906976744186, 40.18604651162791]",17.860,20.837,90.791,40.186,actionable,positive,action_target,ads2_click_success_20260718_100153_776,close_template,weak_action_target,pending_visual_family_review
rb_000083,D:\Projects\adb_vl\vision_platform\ads\collections\reviewed_bbox_crops_20260718\crops\rb_000083.png,D:\Projects\adb_vl\vision_platform\ads\collections\reviewed_bbox_crops_20260718\context_1_5x\rb_000083_context_1_5x.png,file_f64d2b622dae519b,asset_113c734a8adfaa2e,D:\Projects\adb_vl\vision_platform\ads\runtime_collection\click_success\click_success_20260718_100158_460\pre_click.png,vision_platform\ads\runtime_collection\click_success\click_success_20260718_100158_460\pre_click.png,370,"[418.2325581395349, 139.90697674418604, 120.55813953488376, 35.720930232558146]",418.233,139.907,120.558,35.721,actionable,positive,action_target,ads2_click_success_20260718_100158_460,got_template,weak_action_target,pending_visual_family_review
rb_000084,D:\Projects\adb_vl\vision_platform\ads\collections\reviewed_bbox_crops_20260718\crops\rb_000084.png,D:\Projects\adb_vl\vision_platform\ads\collections\reviewed_bbox_crops_20260718\context_1_5x\rb_000084_context_1_5x.png,file_afea09ba9f9e5bb2,asset_753f965a3797b8da,D:\Projects\adb_vl\vision_platform\ads\runtime_collection\click_success\click_success_20260718_100205_161\pre_click.png,vision_platform\ads\runtime_collection\click_success\click_success_20260718_100205_161\pre_click.png,435,"[692.0930232558139, 348.27906976744185, 81.8604651162791, 32.74418604651163]",692.093,348.279,81.860,32.744,actionable,positive,action_target,ads2_click_success_20260718_100205_161,free_ad_template,weak_action_target,pending_visual_family_review
rb_000085,D:\Projects\adb_vl\vision_platform\ads\collections\reviewed_bbox_crops_20260718\crops\rb_000085.png,D:\Projects\adb_vl\vision_platform\ads\collections\reviewed_bbox_crops_20260718\context_1_5x\rb_000085_context_1_5x.png,file_afea09ba9f9e5bb2,asset_753f965a3797b8da,D:\Projects\adb_vl\vision_platform\ads\runtime_collection\click_success\click_success_20260718_100205_161\pre_click.png,vision_platform\ads\runtime_collection\click_success\click_success_20260718_100205_161\pre_click.png,436,"[558.1395348837209, 349.7674418604651, 74.41860465116281, 29.767441860465112]",558.140,349.767,74.419,29.767,actionable,positive,action_target,ads2_click_success_20260718_100205_161,free_ad_template,weak_action_target,pending_visual_family_review
rb_000086,D:\Projects\adb_vl\vision_platform\ads\collections\reviewed_bbox_crops_20260718\crops\rb_000086.png,D:\Projects\adb_vl\vision_platform\ads\collections\reviewed_bbox_crops_20260718\context_1_5x\rb_000086_context_1_5x.png,file_afea09ba9f9e5bb2,asset_753f965a3797b8da,D:\Projects\adb_vl\vision_platform\ads\runtime_collection\click_success\click_success_20260718_100205_161\pre_click.png,vision_platform\ads\runtime_collection\click_success\click_success_20260718_100205_161\pre_click.png,437,"[416.74418604651163, 351.25581395348837, 78.88372093023253, 29.767441860465112]",416.744,351.256,78.884,29.767,actionable,positive,action_target,ads2_click_success_20260718_100205_161,free_ad_template,weak_action_target,pending_visual_family_review
rb_000087,D:\Projects\adb_vl\vision_platform\ads\collections\reviewed_bbox_crops_20260718\crops\rb_000087.png,D:\Projects\adb_vl\vision_platform\ads\collections\reviewed_bbox_crops_20260718\context_1_5x\rb_000087_context_1_5x.png,file_c5cc00eb3b91ce65,asset_d17ff2e53658bea2,D:\Projects\adb_vl\vision_platform\ads\runtime_collection\click_success\click_success_20260718_100239_197\pre_click.png,vision_platform\ads\runtime_collection\click_success\click_success_20260718_100239_197\pre_click.png,564,"[22.706964520367936, 13.876478318002627, 81.99737187910644, 39.106438896189225]",22.707,13.876,81.997,39.106,actionable,positive,action_target,ads2_click_success_20260718_100239_197,close_template,weak_action_target,pending_visual_family_review
rb_000088,D:\Projects\adb_vl\vision_platform\ads\collections\reviewed_bbox_crops_20260718\crops\rb_000088.png,D:\Projects\adb_vl\vision_platform\ads\collections\reviewed_bbox_crops_20260718\context_1_5x\rb_000088_context_1_5x.png,file_5617e66e00e37e98,asset_7a6ade96a6aea532,D:\Projects\adb_vl\vision_platform\ads\runtime_collection\click_success\click_success_20260718_100245_077\pre_click.png,vision_platform\ads\runtime_collection\click_success\click_success_20260718_100245_077\pre_click.png,599,"[17.660972404730618, 16.39947437582129, 140.02628120893561, 29.014454664914584]",17.661,16.399,140.026,29.014,actionable,positive,action_target,ads2_click_success_20260718_100245_077,close_template,weak_action_target,pending_visual_family_review
rb_000089,D:\Projects\adb_vl\vision_platform\ads\collections\reviewed_bbox_crops_20260718\crops\rb_000089.png,D:\Projects\adb_vl\vision_platform\ads\collections\reviewed_bbox_crops_20260718\context_1_5x\rb_000089_context_1_5x.png,file_908ed2a06166f668,asset_c979a67015df8131,D:\Projects\adb_vl\vision_platform\ads\runtime_collection\click_success\click_success_20260718_100251_508\pre_click.png,vision_platform\ads\runtime_collection\click_success\click_success_20260718_100251_508\pre_click.png,403,"[476.84625492772665, 27.752956636005255, 32.79894875164263, 30.275952693823914]",476.846,27.753,32.799,30.276,actionable,positive,action_target,ads2_click_success_20260718_100251_508,close_template,weak_action_target,pending_visual_family_review
rb_000090,D:\Projects\adb_vl\vision_platform\ads\collections\reviewed_bbox_crops_20260718\crops\rb_000090.png,D:\Projects\adb_vl\vision_platform\ads\collections\reviewed_bbox_crops_20260718\context_1_5x\rb_000090_context_1_5x.png,file_15ea449a75832a30,asset_3c829e9e6ac64fb0,D:\Projects\adb_vl\vision_platform\ads\runtime_collection\click_success\click_success_20260718_100256_410\pre_click.png,vision_platform\ads\runtime_collection\click_success\click_success_20260718_100256_410\pre_click.png,371,"[418.2325581395349, 139.90697674418604, 120.55813953488376, 35.720930232558146]",418.233,139.907,120.558,35.721,actionable,positive,action_target,ads2_click_success_20260718_100256_410,got_template,weak_action_target,pending_visual_family_review
rb_000091,D:\Projects\adb_vl\vision_platform\ads\collections\reviewed_bbox_crops_20260718\crops\rb_000091.png,D:\Projects\adb_vl\vision_platform\ads\collections\reviewed_bbox_crops_20260718\context_1_5x\rb_000091_context_1_5x.png,file_d092fcfcf9271b71,asset_15e68c0b3c823056,D:\Projects\adb_vl\vision_platform\ads\runtime_collection\click_success\click_success_20260718_100303_038\pre_click.png,vision_platform\ads\runtime_collection\click_success\click_success_20260718_100303_038\pre_click.png,431,"[692.0930232558139, 348.27906976744185, 81.8604651162791, 32.74418604651163]",692.093,348.279,81.860,32.744,actionable,positive,action_target,ads2_click_success_20260718_100303_038,free_ad_template,weak_action_target,pending_visual_family_review
rb_000092,D:\Projects\adb_vl\vision_platform\ads\collections\reviewed_bbox_crops_20260718\crops\rb_000092.png,D:\Projects\adb_vl\vision_platform\ads\collections\reviewed_bbox_crops_20260718\context_1_5x\rb_000092_context_1_5x.png,file_d092fcfcf9271b71,asset_15e68c0b3c823056,D:\Projects\adb_vl\vision_platform\ads\runtime_collection\click_success\click_success_20260718_100303_038\pre_click.png,vision_platform\ads\runtime_collection\click_success\click_success_20260718_100303_038\pre_click.png,432,"[558.1395348837209, 349.7674418604651, 74.41860465116281, 29.767441860465112]",558.140,349.767,74.419,29.767,actionable,positive,action_target,ads2_click_success_20260718_100303_038,free_ad_template,weak_action_target,pending_visual_family_review
rb_000093,D:\Projects\adb_vl\vision_platform\ads\collections\reviewed_bbox_crops_20260718\crops\rb_000093.png,D:\Projects\adb_vl\vision_platform\ads\collections\reviewed_bbox_crops_20260718\context_1_5x\rb_000093_context_1_5x.png,file_09faf2cefbf35bfe,asset_ca0de173c996fb3c,D:\Projects\adb_vl\vision_platform\ads\runtime_collection\click_success\click_success_20260718_100320_770\pre_click.png,vision_platform\ads\runtime_collection\click_success\click_success_20260718_100320_770\pre_click.png,585,"[11.906976744185954, 20.837209302325583, 61.02325581395348, 41.674418604651166]",11.907,20.837,61.023,41.674,actionable,positive,action_target,ads2_click_success_20260718_100320_770,close_template,weak_action_target,pending_visual_family_review
rb_000094,D:\Projects\adb_vl\vision_platform\ads\collections\reviewed_bbox_crops_20260718\crops\rb_000094.png,D:\Projects\adb_vl\vision_platform\ads\collections\reviewed_bbox_crops_20260718\context_1_5x\rb_000094_context_1_5x.png,file_b623b70c7593f5b5,asset_731332d71f455c01,D:\Projects\adb_vl\vision_platform\ads\runtime_collection\click_success\click_success_20260718_100337_411\pre_click.png,vision_platform\ads\runtime_collection\click_success\click_success_20260718_100337_411\pre_click.png,580,"[17.86046511627907, 17.86046511627907, 92.27906976744185, 50.60465116279069]",17.860,17.860,92.279,50.605,actionable,positive,action_target,ads2_click_success_20260718_100337_411,close_template,weak_action_target,pending_visual_family_review
rb_000095,D:\Projects\adb_vl\vision_platform\ads\collections\reviewed_bbox_crops_20260718\crops\rb_000095.png,D:\Projects\adb_vl\vision_platform\ads\collections\reviewed_bbox_crops_20260718\context_1_5x\rb_000095_context_1_5x.png,file_277e6511c8653fa7,asset_6d7842beb0c44196,D:\Projects\adb_vl\vision_platform\ads\runtime_collection\click_success\click_success_20260718_100342_222\pre_click.png,vision_platform\ads\runtime_collection\click_success\click_success_20260718_100342_222\pre_click.png,368,"[418.2325581395349, 139.90697674418604, 120.55813953488376, 35.720930232558146]",418.233,139.907,120.558,35.721,actionable,positive,action_target,ads2_click_success_20260718_100342_222,got_template,weak_action_target,pending_visual_family_review
rb_000096,D:\Projects\adb_vl\vision_platform\ads\collections\reviewed_bbox_crops_20260718\crops\rb_000096.png,D:\Projects\adb_vl\vision_platform\ads\collections\reviewed_bbox_crops_20260718\context_1_5x\rb_000096_context_1_5x.png,file_c3f867aec741da1f,asset_9eb840bb4a6e9aa3,D:\Projects\adb_vl\vision_platform\ads\runtime_collection\click_success\click_success_20260718_100348_829\pre_click.png,vision_platform\ads\runtime_collection\click_success\click_success_20260718_100348_829\pre_click.png,423,"[692.0930232558139, 348.27906976744185, 81.8604651162791, 32.74418604651163]",692.093,348.279,81.860,32.744,actionable,positive,action_target,ads2_click_success_20260718_100348_829,free_ad_template,weak_action_target,pending_visual_family_review
rb_000097,D:\Projects\adb_vl\vision_platform\ads\collections\reviewed_bbox_crops_20260718\crops\rb_000097.png,D:\Projects\adb_vl\vision_platform\ads\collections\reviewed_bbox_crops_20260718\context_1_5x\rb_000097_context_1_5x.png,file_b720896dda0cc515,asset_29f109f1f74e4650,D:\Projects\adb_vl\vision_platform\ads\runtime_collection\click_success\click_success_20260718_100418_808\pre_click.png,vision_platform\ads\runtime_collection\click_success\click_success_20260718_100418_808\pre_click.png,558,"[16.372093023255815, 23.813953488372093, 47.627906976744185, 41.674418604651166]",16.372,23.814,47.628,41.674,actionable,positive,action_target,ads2_click_success_20260718_100418_808,close_template,weak_action_target,pending_visual_family_review
rb_000098,D:\Projects\adb_vl\vision_platform\ads\collections\reviewed_bbox_crops_20260718\crops\rb_000098.png,D:\Projects\adb_vl\vision_platform\ads\collections\reviewed_bbox_crops_20260718\context_1_5x\rb_000098_context_1_5x.png,file_6d79b8e21dbd1766,asset_4d59e91b4341b883,D:\Projects\adb_vl\vision_platform\ads\runtime_collection\click_success\click_success_20260718_100423_880\pre_click.png,vision_platform\ads\runtime_collection\click_success\click_success_20260718_100423_880\pre_click.png,369,"[418.2325581395349, 139.90697674418604, 120.55813953488376, 35.720930232558146]",418.233,139.907,120.558,35.721,actionable,positive,action_target,ads2_click_success_20260718_100423_880,got_template,weak_action_target,pending_visual_family_review
rb_000099,D:\Projects\adb_vl\vision_platform\ads\collections\reviewed_bbox_crops_20260718\crops\rb_000099.png,D:\Projects\adb_vl\vision_platform\ads\collections\reviewed_bbox_crops_20260718\context_1_5x\rb_000099_context_1_5x.png,file_1512a496da3ac94d,asset_5c79abe051e20b85,D:\Projects\adb_vl\vision_platform\ads\runtime_collection\click_success\click_success_20260718_100430_513\pre_click.png,vision_platform\ads\runtime_collection\click_success\click_success_20260718_100430_513\pre_click.png,424,"[692.0930232558139, 348.27906976744185, 81.8604651162791, 32.74418604651163]",692.093,348.279,81.860,32.744,actionable,positive,action_target,ads2_click_success_20260718_100430_513,free_ad_template,weak_action_target,pending_visual_family_review
rb_000100,D:\Projects\adb_vl\vision_platform\ads\collections\reviewed_bbox_crops_20260718\crops\rb_000100.png,D:\Projects\adb_vl\vision_platform\ads\collections\reviewed_bbox_crops_20260718\context_1_5x\rb_000100_context_1_5x.png,file_7b76e46ce585b9fb,asset_5f484ae591b6aad8,D:\Projects\adb_vl\vision_platform\ads\runtime_collection\click_success\click_success_20260718_100449_098\pre_click.png,vision_platform\ads\runtime_collection\click_success\click_success_20260718_100449_098\pre_click.png,537,"[904.9302325581396, 20.837209302325583, 50.604651162790674, 38.69767441860465]",904.930,20.837,50.605,38.698,actionable,positive,action_target,ads2_click_success_20260718_100449_098,close_template,weak_action_target,pending_visual_family_review
rb_000101,D:\Projects\adb_vl\vision_platform\ads\collections\reviewed_bbox_crops_20260718\crops\rb_000101.png,D:\Projects\adb_vl\vision_platform\ads\collections\reviewed_bbox_crops_20260718\context_1_5x\rb_000101_context_1_5x.png,file_a8cfb17cb53c698c,asset_b68a2e3cb320d985,D:\Projects\adb_vl\vision_platform\ads\runtime_collection\click_success\click_success_20260718_100453_870\pre_click.png,vision_platform\ads\runtime_collection\click_success\click_success_20260718_100453_870\pre_click.png,361,"[418.2325581395349, 139.90697674418604, 120.55813953488376, 35.720930232558146]",418.233,139.907,120.558,35.721,actionable,positive,action_target,ads2_click_success_20260718_100453_870,got_template,weak_action_target,pending_visual_family_review
rb_000102,D:\Projects\adb_vl\vision_platform\ads\collections\reviewed_bbox_crops_20260718\crops\rb_000102.png,D:\Projects\adb_vl\vision_platform\ads\collections\reviewed_bbox_crops_20260718\context_1_5x\rb_000102_context_1_5x.png,file_6b9efd2ddbf14bc1,asset_30eb5ea53b507213,D:\Projects\adb_vl\vision_platform\ads\runtime_collection\click_success\click_success_20260718_101341_799\pre_click.png,vision_platform\ads\runtime_collection\click_success\click_success_20260718_101341_799\pre_click.png,454,"[278.3255813953488, 336.3720930232558, 96.74418604651163, 26.790697674418652]",278.326,336.372,96.744,26.791,actionable,positive,action_target,ads2_click_success_20260718_101341_799,free_ad_template,weak_action_target,pending_visual_family_review
rb_000103,D:\Projects\adb_vl\vision_platform\ads\collections\reviewed_bbox_crops_20260718\crops\rb_000103.png,D:\Projects\adb_vl\vision_platform\ads\collections\reviewed_bbox_crops_20260718\context_1_5x\rb_000103_context_1_5x.png,file_16c75175160f6cd9,asset_87a7688bd140cc86,D:\Projects\adb_vl\vision_platform\ads\runtime_collection\click_success\click_success_20260718_101411_699\pre_click.png,vision_platform\ads\runtime_collection\click_success\click_success_20260718_101411_699\pre_click.png,559,"[16.372093023255815, 23.813953488372093, 47.627906976744185, 41.674418604651166]",16.372,23.814,47.628,41.674,actionable,positive,action_target,ads2_click_success_20260718_101411_699,close_template,weak_action_target,pending_visual_family_review
rb_000104,D:\Projects\adb_vl\vision_platform\ads\collections\reviewed_bbox_crops_20260718\crops\rb_000104.png,D:\Projects\adb_vl\vision_platform\ads\collections\reviewed_bbox_crops_20260718\context_1_5x\rb_000104_context_1_5x.png,file_28e0578f76ab9490,asset_ce1685538fba37c1,D:\Projects\adb_vl\vision_platform\ads\runtime_collection\click_success\click_success_20260718_101416_611\pre_click.png,vision_platform\ads\runtime_collection\click_success\click_success_20260718_101416_611\pre_click.png,345,"[418.2325581395349, 139.90697674418604, 120.55813953488376, 35.720930232558146]",418.233,139.907,120.558,35.721,actionable,positive,action_target,ads2_click_success_20260718_101416_611,got_template,weak_action_target,pending_visual_family_review
rb_000105,D:\Projects\adb_vl\vision_platform\ads\collections\reviewed_bbox_crops_20260718\crops\rb_000105.png,D:\Projects\adb_vl\vision_platform\ads\collections\reviewed_bbox_crops_20260718\context_1_5x\rb_000105_context_1_5x.png,file_7f7cc2a752c290de,asset_92b6b8dcae627956,D:\Projects\adb_vl\vision_platform\ads\runtime_collection\click_success\click_success_20260718_101422_067\pre_click.png,vision_platform\ads\runtime_collection\click_success\click_success_20260718_101422_067\pre_click.png,455,"[278.3255813953488, 336.3720930232558, 96.74418604651163, 26.790697674418652]",278.326,336.372,96.744,26.791,actionable,positive,action_target,ads2_click_success_20260718_101422_067,free_ad_template,weak_action_target,pending_visual_family_review
rb_000106,D:\Projects\adb_vl\vision_platform\ads\collections\reviewed_bbox_crops_20260718\crops\rb_000106.png,D:\Projects\adb_vl\vision_platform\ads\collections\reviewed_bbox_crops_20260718\context_1_5x\rb_000106_context_1_5x.png,file_7e979075738f4fd1,asset_6a5a49477f9ac51d,D:\Projects\adb_vl\vision_platform\ads\runtime_collection\click_success\click_success_20260718_101447_640\pre_click.png,vision_platform\ads\runtime_collection\click_success\click_success_20260718_101447_640\pre_click.png,560,"[16.372093023255815, 23.813953488372093, 47.627906976744185, 41.674418604651166]",16.372,23.814,47.628,41.674,actionable,positive,action_target,ads2_click_success_20260718_101447_640,close_template,weak_action_target,pending_visual_family_review
rb_000107,D:\Projects\adb_vl\vision_platform\ads\collections\reviewed_bbox_crops_20260718\crops\rb_000107.png,D:\Projects\adb_vl\vision_platform\ads\collections\reviewed_bbox_crops_20260718\context_1_5x\rb_000107_context_1_5x.png,file_202369c2ba18b8a8,asset_666fa9941dbf43c8,D:\Projects\adb_vl\vision_platform\ads\runtime_collection\click_success\click_success_20260718_101452_479\pre_click.png,vision_platform\ads\runtime_collection\click_success\click_success_20260718_101452_479\pre_click.png,346,"[418.2325581395349, 139.90697674418604, 120.55813953488376, 35.720930232558146]",418.233,139.907,120.558,35.721,actionable,positive,action_target,ads2_click_success_20260718_101452_479,got_template,weak_action_target,pending_visual_family_review
rb_000108,D:\Projects\adb_vl\vision_platform\ads\collections\reviewed_bbox_crops_20260718\crops\rb_000108.png,D:\Projects\adb_vl\vision_platform\ads\collections\reviewed_bbox_crops_20260718\context_1_5x\rb_000108_context_1_5x.png,file_0b84730eb8e78244,asset_0d460d22bdf818b9,D:\Projects\adb_vl\vision_platform\ads\runtime_collection\click_success\click_success_20260718_101458_434\pre_click.png,vision_platform\ads\runtime_collection\click_success\click_success_20260718_101458_434\pre_click.png,450,"[278.3255813953488, 336.3720930232558, 96.74418604651163, 26.790697674418652]",278.326,336.372,96.744,26.791,actionable,positive,action_target,ads2_click_success_20260718_101458_434,free_ad_template,weak_action_target,pending_visual_family_review
rb_000109,D:\Projects\adb_vl\vision_platform\ads\collections\reviewed_bbox_crops_20260718\crops\rb_000109.png,D:\Projects\adb_vl\vision_platform\ads\collections\reviewed_bbox_crops_20260718\context_1_5x\rb_000109_context_1_5x.png,file_dce70e83cdd80ace,asset_316e782d3954179d,D:\Projects\adb_vl\vision_platform\ads\runtime_collection\click_success\click_success_20260718_101532_986\pre_click.png,vision_platform\ads\runtime_collection\click_success\click_success_20260718_101532_986\pre_click.png,598,"[17.660972404730618, 16.39947437582129, 140.02628120893561, 29.014454664914584]",17.661,16.399,140.026,29.014,actionable,positive,action_target,ads2_click_success_20260718_101532_986,close_template,weak_action_target,pending_visual_family_review
rb_000110,D:\Projects\adb_vl\vision_platform\ads\collections\reviewed_bbox_crops_20260718\crops\rb_000110.png,D:\Projects\adb_vl\vision_platform\ads\collections\reviewed_bbox_crops_20260718\context_1_5x\rb_000110_context_1_5x.png,file_cafad58633c716cd,asset_956196dfbce26c56,D:\Projects\adb_vl\vision_platform\ads\runtime_collection\click_success\click_success_20260718_101543_016\pre_click.png,vision_platform\ads\runtime_collection\click_success\click_success_20260718_101543_016\pre_click.png,347,"[418.2325581395349, 139.90697674418604, 120.55813953488376, 35.720930232558146]",418.233,139.907,120.558,35.721,actionable,positive,action_target,ads2_click_success_20260718_101543_016,got_template,weak_action_target,pending_visual_family_review
rb_000111,D:\Projects\adb_vl\vision_platform\ads\collections\reviewed_bbox_crops_20260718\crops\rb_000111.png,D:\Projects\adb_vl\vision_platform\ads\collections\reviewed_bbox_crops_20260718\context_1_5x\rb_000111_context_1_5x.png,file_469d0e4deeb1bbe4,asset_3a36920dc4d847ff,D:\Projects\adb_vl\vision_platform\ads\runtime_collection\click_success\click_success_20260718_101548_925\pre_click.png,vision_platform\ads\runtime_collection\click_success\click_success_20260718_101548_925\pre_click.png,456,"[278.3255813953488, 336.3720930232558, 96.74418604651163, 26.790697674418652]",278.326,336.372,96.744,26.791,actionable,positive,action_target,ads2_click_success_20260718_101548_925,free_ad_template,weak_action_target,pending_visual_family_review
rb_000112,D:\Projects\adb_vl\vision_platform\ads\collections\reviewed_bbox_crops_20260718\crops\rb_000112.png,D:\Projects\adb_vl\vision_platform\ads\collections\reviewed_bbox_crops_20260718\context_1_5x\rb_000112_context_1_5x.png,file_60024493be57d7bb,asset_6f31431a8fa2bde1,D:\Projects\adb_vl\vision_platform\ads\runtime_collection\click_success\click_success_20260718_101619_423\pre_click.png,vision_platform\ads\runtime_collection\click_success\click_success_20260718_101619_423\pre_click.png,561,"[16.372093023255815, 23.813953488372093, 47.627906976744185, 41.674418604651166]",16.372,23.814,47.628,41.674,actionable,positive,action_target,ads2_click_success_20260718_101619_423,close_template,weak_action_target,pending_visual_family_review
rb_000113,D:\Projects\adb_vl\vision_platform\ads\collections\reviewed_bbox_crops_20260718\crops\rb_000113.png,D:\Projects\adb_vl\vision_platform\ads\collections\reviewed_bbox_crops_20260718\context_1_5x\rb_000113_context_1_5x.png,file_eef385cd6da742db,asset_fdf0da1c4dd216a9,D:\Projects\adb_vl\vision_platform\ads\runtime_collection\click_success\click_success_20260718_101624_405\pre_click.png,vision_platform\ads\runtime_collection\click_success\click_success_20260718_101624_405\pre_click.png,348,"[418.2325581395349, 139.90697674418604, 120.55813953488376, 35.720930232558146]",418.233,139.907,120.558,35.721,actionable,positive,action_target,ads2_click_success_20260718_101624_405,got_template,weak_action_target,pending_visual_family_review
rb_000114,D:\Projects\adb_vl\vision_platform\ads\collections\reviewed_bbox_crops_20260718\crops\rb_000114.png,D:\Projects\adb_vl\vision_platform\ads\collections\reviewed_bbox_crops_20260718\context_1_5x\rb_000114_context_1_5x.png,file_0d813f9f799e61f1,asset_6b4c19cb5f3c16b9,D:\Projects\adb_vl\vision_platform\ads\runtime_collection\click_success\click_success_20260718_101630_832\pre_click.png,vision_platform\ads\runtime_collection\click_success\click_success_20260718_101630_832\pre_click.png,457,"[278.3255813953488, 336.3720930232558, 96.74418604651163, 26.790697674418652]",278.326,336.372,96.744,26.791,actionable,positive,action_target,ads2_click_success_20260718_101630_832,free_ad_template,weak_action_target,pending_visual_family_review
rb_000115,D:\Projects\adb_vl\vision_platform\ads\collections\reviewed_bbox_crops_20260718\crops\rb_000115.png,D:\Projects\adb_vl\vision_platform\ads\collections\reviewed_bbox_crops_20260718\context_1_5x\rb_000115_context_1_5x.png,file_dd7c86b4469cb911,asset_c1212285bd9bd946,D:\Projects\adb_vl\vision_platform\ads\runtime_collection\click_success\click_success_20260718_101657_337\pre_click.png,vision_platform\ads\runtime_collection\click_success\click_success_20260718_101657_337\pre_click.png,562,"[16.372093023255815, 23.813953488372093, 47.627906976744185, 41.674418604651166]",16.372,23.814,47.628,41.674,actionable,positive,action_target,ads2_click_success_20260718_101657_337,close_template,weak_action_target,pending_visual_family_review
rb_000116,D:\Projects\adb_vl\vision_platform\ads\collections\reviewed_bbox_crops_20260718\crops\rb_000116.png,D:\Projects\adb_vl\vision_platform\ads\collections\reviewed_bbox_crops_20260718\context_1_5x\rb_000116_context_1_5x.png,file_5957661e271df6d6,asset_250fdaa293a2a2c4,D:\Projects\adb_vl\vision_platform\ads\runtime_collection\click_success\click_success_20260718_101702_582\pre_click.png,vision_platform\ads\runtime_collection\click_success\click_success_20260718_101702_582\pre_click.png,354,"[418.2325581395349, 139.90697674418604, 120.55813953488376, 35.720930232558146]",418.233,139.907,120.558,35.721,actionable,positive,action_target,ads2_click_success_20260718_101702_582,got_template,weak_action_target,pending_visual_family_review
rb_000117,D:\Projects\adb_vl\vision_platform\ads\collections\reviewed_bbox_crops_20260718\crops\rb_000117.png,D:\Projects\adb_vl\vision_platform\ads\collections\reviewed_bbox_crops_20260718\context_1_5x\rb_000117_context_1_5x.png,file_fa4a0b282f3e3fb0,asset_c214e16bf65e4d9c,D:\Projects\adb_vl\vision_platform\ads\runtime_collection\click_success\click_success_20260718_103201_251\pre_click.png,vision_platform\ads\runtime_collection\click_success\click_success_20260718_103201_251\pre_click.png,522,"[413.7674418604651, 351.25581395348837, 86.32558139534882, 29.767441860465112]",413.767,351.256,86.326,29.767,actionable,positive,action_target,ads2_click_success_20260718_103201_251,free_ad_template,weak_action_target,pending_visual_family_review
rb_000118,D:\Projects\adb_vl\vision_platform\ads\collections\reviewed_bbox_crops_20260718\crops\rb_000118.png,D:\Projects\adb_vl\vision_platform\ads\collections\reviewed_bbox_crops_20260718\context_1_5x\rb_000118_context_1_5x.png,file_fa4a0b282f3e3fb0,asset_c214e16bf65e4d9c,D:\Projects\adb_vl\vision_platform\ads\runtime_collection\click_success\click_success_20260718_103201_251\pre_click.png,vision_platform\ads\runtime_collection\click_success\click_success_20260718_103201_251\pre_click.png,523,"[555.1627906976744, 352.74418604651163, 80.37209302325584, 26.790697674418595]",555.163,352.744,80.372,26.791,actionable,positive,action_target,ads2_click_success_20260718_103201_251,free_ad_template,weak_action_target,pending_visual_family_review
rb_000119,D:\Projects\adb_vl\vision_platform\ads\collections\reviewed_bbox_crops_20260718\crops\rb_000119.png,D:\Projects\adb_vl\vision_platform\ads\collections\reviewed_bbox_crops_20260718\context_1_5x\rb_000119_context_1_5x.png,file_fa4a0b282f3e3fb0,asset_c214e16bf65e4d9c,D:\Projects\adb_vl\vision_platform\ads\runtime_collection\click_success\click_success_20260718_103201_251\pre_click.png,vision_platform\ads\runtime_collection\click_success\click_success_20260718_103201_251\pre_click.png,524,"[693.5813953488372, 349.7674418604651, 83.34883720930236, 31.25581395348837]",693.581,349.767,83.349,31.256,actionable,positive,action_target,ads2_click_success_20260718_103201_251,free_ad_template,weak_action_target,pending_visual_family_review
rb_000120,D:\Projects\adb_vl\vision_platform\ads\collections\reviewed_bbox_crops_20260718\crops\rb_000120.png,D:\Projects\adb_vl\vision_platform\ads\collections\reviewed_bbox_crops_20260718\context_1_5x\rb_000120_context_1_5x.png,file_fa4a0b282f3e3fb0,asset_c214e16bf65e4d9c,D:\Projects\adb_vl\vision_platform\ads\runtime_collection\click_success\click_success_20260718_103201_251\pre_click.png,vision_platform\ads\runtime_collection\click_success\click_success_20260718_103201_251\pre_click.png,525,"[833.4883720930233, 351.25581395348837, 89.30232558139528, 29.767441860465112]",833.488,351.256,89.302,29.767,actionable,positive,action_target,ads2_click_success_20260718_103201_251,free_ad_template,weak_action_target,pending_visual_family_review
rb_000121,D:\Projects\adb_vl\vision_platform\ads\collections\reviewed_bbox_crops_20260718\crops\rb_000121.png,D:\Projects\adb_vl\vision_platform\ads\collections\reviewed_bbox_crops_20260718\context_1_5x\rb_000121_context_1_5x.png,file_36fa3db47d9aa077,asset_23c11ca252a79917,D:\Projects\adb_vl\vision_platform\ads\runtime_collection\click_success\click_success_20260718_103217_819\pre_click.png,vision_platform\ads\runtime_collection\click_success\click_success_20260718_103217_819\pre_click.png,605,"[882.6046511627907, 14.883720930232528, 49.116279069767415, 47.627906976744185]",882.605,14.884,49.116,47.628,actionable,positive,action_target,ads2_click_success_20260718_103217_819,close_template,weak_action_target,pending_visual_family_review
rb_000122,D:\Projects\adb_vl\vision_platform\ads\collections\reviewed_bbox_crops_20260718\crops\rb_000122.png,D:\Projects\adb_vl\vision_platform\ads\collections\reviewed_bbox_crops_20260718\context_1_5x\rb_000122_context_1_5x.png,file_7f2cb3a1abc98d63,asset_c2114016ebec6d27,D:\Projects\adb_vl\vision_platform\ads\runtime_collection\click_success\click_success_20260718_103222_590\pre_click.png,vision_platform\ads\runtime_collection\click_success\click_success_20260718_103222_590\pre_click.png,380,"[418.2325581395349, 139.90697674418604, 120.55813953488376, 35.720930232558146]",418.233,139.907,120.558,35.721,actionable,positive,action_target,ads2_click_success_20260718_103222_590,got_template,weak_action_target,pending_visual_family_review
rb_000123,D:\Projects\adb_vl\vision_platform\ads\collections\reviewed_bbox_crops_20260718\crops\rb_000123.png,D:\Projects\adb_vl\vision_platform\ads\collections\reviewed_bbox_crops_20260718\context_1_5x\rb_000123_context_1_5x.png,file_9784c0b9af38fd53,asset_698441abe6868c44,D:\Projects\adb_vl\vision_platform\ads\runtime_collection\click_success\click_success_20260718_103229_215\pre_click.png,vision_platform\ads\runtime_collection\click_success\click_success_20260718_103229_215\pre_click.png,518,"[413.7674418604651, 351.25581395348837, 86.32558139534882, 29.767441860465112]",413.767,351.256,86.326,29.767,actionable,positive,action_target,ads2_click_success_20260718_103229_215,free_ad_template,weak_action_target,pending_visual_family_review
rb_000124,D:\Projects\adb_vl\vision_platform\ads\collections\reviewed_bbox_crops_20260718\crops\rb_000124.png,D:\Projects\adb_vl\vision_platform\ads\collections\reviewed_bbox_crops_20260718\context_1_5x\rb_000124_context_1_5x.png,file_9784c0b9af38fd53,asset_698441abe6868c44,D:\Projects\adb_vl\vision_platform\ads\runtime_collection\click_success\click_success_20260718_103229_215\pre_click.png,vision_platform\ads\runtime_collection\click_success\click_success_20260718_103229_215\pre_click.png,519,"[555.1627906976744, 352.74418604651163, 80.37209302325584, 26.790697674418595]",555.163,352.744,80.372,26.791,actionable,positive,action_target,ads2_click_success_20260718_103229_215,free_ad_template,weak_action_target,pending_visual_family_review
rb_000125,D:\Projects\adb_vl\vision_platform\ads\collections\reviewed_bbox_crops_20260718\crops\rb_000125.png,D:\Projects\adb_vl\vision_platform\ads\collections\reviewed_bbox_crops_20260718\context_1_5x\rb_000125_context_1_5x.png,file_9784c0b9af38fd53,asset_698441abe6868c44,D:\Projects\adb_vl\vision_platform\ads\runtime_collection\click_success\click_success_20260718_103229_215\pre_click.png,vision_platform\ads\runtime_collection\click_success\click_success_20260718_103229_215\pre_click.png,520,"[693.5813953488372, 349.7674418604651, 83.34883720930236, 31.25581395348837]",693.581,349.767,83.349,31.256,actionable,positive,action_target,ads2_click_success_20260718_103229_215,free_ad_template,weak_action_target,pending_visual_family_review
rb_000126,D:\Projects\adb_vl\vision_platform\ads\collections\reviewed_bbox_crops_20260718\crops\rb_000126.png,D:\Projects\adb_vl\vision_platform\ads\collections\reviewed_bbox_crops_20260718\context_1_5x\rb_000126_context_1_5x.png,file_9784c0b9af38fd53,asset_698441abe6868c44,D:\Projects\adb_vl\vision_platform\ads\runtime_collection\click_success\click_success_20260718_103229_215\pre_click.png,vision_platform\ads\runtime_collection\click_success\click_success_20260718_103229_215\pre_click.png,521,"[832.0, 351.25581395348837, 89.30232558139528, 29.767441860465112]",832.000,351.256,89.302,29.767,actionable,positive,action_target,ads2_click_success_20260718_103229_215,free_ad_template,weak_action_target,pending_visual_family_review
rb_000127,D:\Projects\adb_vl\vision_platform\ads\collections\reviewed_bbox_crops_20260718\crops\rb_000127.png,D:\Projects\adb_vl\vision_platform\ads\collections\reviewed_bbox_crops_20260718\context_1_5x\rb_000127_context_1_5x.png,file_71187a594ac62775,asset_8f12b42d0ca2b4d8,D:\Projects\adb_vl\vision_platform\ads\runtime_collection\click_success\click_success_20260718_103309_076\pre_click.png,vision_platform\ads\runtime_collection\click_success\click_success_20260718_103309_076\pre_click.png,378,"[418.2325581395349, 139.90697674418604, 120.55813953488376, 35.720930232558146]",418.233,139.907,120.558,35.721,actionable,positive,action_target,ads2_click_success_20260718_103309_076,got_template,weak_action_target,pending_visual_family_review
rb_000128,D:\Projects\adb_vl\vision_platform\ads\collections\reviewed_bbox_crops_20260718\crops\rb_000128.png,D:\Projects\adb_vl\vision_platform\ads\collections\reviewed_bbox_crops_20260718\context_1_5x\rb_000128_context_1_5x.png,file_59713b03f8596456,asset_0708cb1550a35190,D:\Projects\adb_vl\vision_platform\ads\runtime_collection\click_success\click_success_20260718_103316_281\pre_click.png,vision_platform\ads\runtime_collection\click_success\click_success_20260718_103316_281\pre_click.png,499,"[413.7674418604651, 351.25581395348837, 86.32558139534882, 29.767441860465112]",413.767,351.256,86.326,29.767,actionable,positive,action_target,ads2_click_success_20260718_103316_281,free_ad_template,weak_action_target,pending_visual_family_review
rb_000129,D:\Projects\adb_vl\vision_platform\ads\collections\reviewed_bbox_crops_20260718\crops\rb_000129.png,D:\Projects\adb_vl\vision_platform\ads\collections\reviewed_bbox_crops_20260718\context_1_5x\rb_000129_context_1_5x.png,file_59713b03f8596456,asset_0708cb1550a35190,D:\Projects\adb_vl\vision_platform\ads\runtime_collection\click_success\click_success_20260718_103316_281\pre_click.png,vision_platform\ads\runtime_collection\click_success\click_success_20260718_103316_281\pre_click.png,500,"[555.1627906976744, 352.74418604651163, 80.37209302325584, 26.790697674418595]",555.163,352.744,80.372,26.791,actionable,positive,action_target,ads2_click_success_20260718_103316_281,free_ad_template,weak_action_target,pending_visual_family_review
rb_000130,D:\Projects\adb_vl\vision_platform\ads\collections\reviewed_bbox_crops_20260718\crops\rb_000130.png,D:\Projects\adb_vl\vision_platform\ads\collections\reviewed_bbox_crops_20260718\context_1_5x\rb_000130_context_1_5x.png,file_59713b03f8596456,asset_0708cb1550a35190,D:\Projects\adb_vl\vision_platform\ads\runtime_collection\click_success\click_success_20260718_103316_281\pre_click.png,vision_platform\ads\runtime_collection\click_success\click_success_20260718_103316_281\pre_click.png,501,"[693.5813953488372, 349.7674418604651, 83.34883720930236, 31.25581395348837]",693.581,349.767,83.349,31.256,actionable,positive,action_target,ads2_click_success_20260718_103316_281,free_ad_template,weak_action_target,pending_visual_family_review
rb_000131,D:\Projects\adb_vl\vision_platform\ads\collections\reviewed_bbox_crops_20260718\crops\rb_000131.png,D:\Projects\adb_vl\vision_platform\ads\collections\reviewed_bbox_crops_20260718\context_1_5x\rb_000131_context_1_5x.png,file_112e4d98d4d3187e,asset_a22015a39ceeea98,D:\Projects\adb_vl\vision_platform\ads\runtime_collection\click_success\click_success_20260718_103334_541\pre_click.png,vision_platform\ads\runtime_collection\click_success\click_success_20260718_103334_541\pre_click.png,538,"[904.9302325581396, 20.837209302325583, 50.604651162790674, 38.69767441860465]",904.930,20.837,50.605,38.698,actionable,positive,action_target,ads2_click_success_20260718_103334_541,close_template,weak_action_target,pending_visual_family_review
rb_000132,D:\Projects\adb_vl\vision_platform\ads\collections\reviewed_bbox_crops_20260718\crops\rb_000132.png,D:\Projects\adb_vl\vision_platform\ads\collections\reviewed_bbox_crops_20260718\context_1_5x\rb_000132_context_1_5x.png,file_e8283bd2fd1937ff,asset_9bec455be1a9ff9f,D:\Projects\adb_vl\vision_platform\ads\runtime_collection\click_success\click_success_20260718_103339_362\pre_click.png,vision_platform\ads\runtime_collection\click_success\click_success_20260718_103339_362\pre_click.png,365,"[418.2325581395349, 139.90697674418604, 120.55813953488376, 35.720930232558146]",418.233,139.907,120.558,35.721,actionable,positive,action_target,ads2_click_success_20260718_103339_362,got_template,weak_action_target,pending_visual_family_review
rb_000133,D:\Projects\adb_vl\vision_platform\ads\collections\reviewed_bbox_crops_20260718\crops\rb_000133.png,D:\Projects\adb_vl\vision_platform\ads\collections\reviewed_bbox_crops_20260718\context_1_5x\rb_000133_context_1_5x.png,file_0b66694597b54f68,asset_1a8f1057dabc1298,D:\Projects\adb_vl\vision_platform\ads\runtime_collection\click_success\click_success_20260718_103346_364\pre_click.png,vision_platform\ads\runtime_collection\click_success\click_success_20260718_103346_364\pre_click.png,444,"[692.0930232558139, 348.27906976744185, 81.8604651162791, 32.74418604651163]",692.093,348.279,81.860,32.744,actionable,positive,action_target,ads2_click_success_20260718_103346_364,free_ad_template,weak_action_target,pending_visual_family_review
rb_000134,D:\Projects\adb_vl\vision_platform\ads\collections\reviewed_bbox_crops_20260718\crops\rb_000134.png,D:\Projects\adb_vl\vision_platform\ads\collections\reviewed_bbox_crops_20260718\context_1_5x\rb_000134_context_1_5x.png,file_0b66694597b54f68,asset_1a8f1057dabc1298,D:\Projects\adb_vl\vision_platform\ads\runtime_collection\click_success\click_success_20260718_103346_364\pre_click.png,vision_platform\ads\runtime_collection\click_success\click_success_20260718_103346_364\pre_click.png,445,"[558.1395348837209, 349.7674418604651, 74.41860465116281, 29.767441860465112]",558.140,349.767,74.419,29.767,actionable,positive,action_target,ads2_click_success_20260718_103346_364,free_ad_template,weak_action_target,pending_visual_family_review
rb_000135,D:\Projects\adb_vl\vision_platform\ads\collections\reviewed_bbox_crops_20260718\crops\rb_000135.png,D:\Projects\adb_vl\vision_platform\ads\collections\reviewed_bbox_crops_20260718\context_1_5x\rb_000135_context_1_5x.png,file_e6f7ba990a948524,asset_88fa02004a9414b1,D:\Projects\adb_vl\vision_platform\ads\runtime_collection\click_success\click_success_20260718_103404_419\pre_click.png,vision_platform\ads\runtime_collection\click_success\click_success_20260718_103404_419\pre_click.png,539,"[904.9302325581396, 20.837209302325583, 50.604651162790674, 38.69767441860465]",904.930,20.837,50.605,38.698,actionable,positive,action_target,ads2_click_success_20260718_103404_419,close_template,weak_action_target,pending_visual_family_review
rb_000136,D:\Projects\adb_vl\vision_platform\ads\collections\reviewed_bbox_crops_20260718\crops\rb_000136.png,D:\Projects\adb_vl\vision_platform\ads\collections\reviewed_bbox_crops_20260718\context_1_5x\rb_000136_context_1_5x.png,file_db49bf887e265597,asset_ea9db94b7ce859c8,D:\Projects\adb_vl\vision_platform\ads\runtime_collection\click_success\click_success_20260718_103409_095\pre_click.png,vision_platform\ads\runtime_collection\click_success\click_success_20260718_103409_095\pre_click.png,362,"[418.2325581395349, 139.90697674418604, 120.55813953488376, 35.720930232558146]",418.233,139.907,120.558,35.721,actionable,positive,action_target,ads2_click_success_20260718_103409_095,got_template,weak_action_target,pending_visual_family_review
rb_000137,D:\Projects\adb_vl\vision_platform\ads\collections\reviewed_bbox_crops_20260718\crops\rb_000137.png,D:\Projects\adb_vl\vision_platform\ads\collections\reviewed_bbox_crops_20260718\context_1_5x\rb_000137_context_1_5x.png,file_ce25688a8105327b,asset_034c95ebeeafb59d,D:\Projects\adb_vl\vision_platform\ads\runtime_collection\click_success\click_success_20260718_103415_721\pre_click.png,vision_platform\ads\runtime_collection\click_success\click_success_20260718_103415_721\pre_click.png,429,"[692.0930232558139, 348.27906976744185, 81.8604651162791, 32.74418604651163]",692.093,348.279,81.860,32.744,actionable,positive,action_target,ads2_click_success_20260718_103415_721,free_ad_template,weak_action_target,pending_visual_family_review
rb_000138,D:\Projects\adb_vl\vision_platform\ads\collections\reviewed_bbox_crops_20260718\crops\rb_000138.png,D:\Projects\adb_vl\vision_platform\ads\collections\reviewed_bbox_crops_20260718\context_1_5x\rb_000138_context_1_5x.png,file_da864522afdb89d0,asset_a8c046362b7c3a83,D:\Projects\adb_vl\vision_platform\ads\runtime_collection\click_success\click_success_20260718_103437_228\pre_click.png,vision_platform\ads\runtime_collection\click_success\click_success_20260718_103437_228\pre_click.png,533,"[20.837209302325583, 23.813953488372093, 87.81395348837208, 40.18604651162791]",20.837,23.814,87.814,40.186,actionable,positive,action_target,ads2_click_success_20260718_103437_228,close_template,weak_action_target,pending_visual_family_review
rb_000139,D:\Projects\adb_vl\vision_platform\ads\collections\reviewed_bbox_crops_20260718\crops\rb_000139.png,D:\Projects\adb_vl\vision_platform\ads\collections\reviewed_bbox_crops_20260718\context_1_5x\rb_000139_context_1_5x.png,file_34b9a227728e3bfe,asset_bd867d8ca4f950a1,D:\Projects\adb_vl\vision_platform\ads\runtime_collection\click_success\click_success_20260718_103453_684\pre_click.png,vision_platform\ads\runtime_collection\click_success\click_success_20260718_103453_684\pre_click.png,544,"[22.325581395348838, 19.348837209302324, 87.81395348837209, 43.16279069767442]",22.326,19.349,87.814,43.163,actionable,positive,action_target,ads2_click_success_20260718_103453_684,close_template,weak_action_target,pending_visual_family_review
rb_000140,D:\Projects\adb_vl\vision_platform\ads\collections\reviewed_bbox_crops_20260718\crops\rb_000140.png,D:\Projects\adb_vl\vision_platform\ads\collections\reviewed_bbox_crops_20260718\context_1_5x\rb_000140_context_1_5x.png,file_e84f6ed9eb694b4b,asset_bee02848004e407e,D:\Projects\adb_vl\vision_platform\ads\runtime_collection\click_success\click_success_20260718_103458_461\pre_click.png,vision_platform\ads\runtime_collection\click_success\click_success_20260718_103458_461\pre_click.png,363,"[418.2325581395349, 139.90697674418604, 120.55813953488376, 35.720930232558146]",418.233,139.907,120.558,35.721,actionable,positive,action_target,ads2_click_success_20260718_103458_461,got_template,weak_action_target,pending_visual_family_review
rb_000141,D:\Projects\adb_vl\vision_platform\ads\collections\reviewed_bbox_crops_20260718\crops\rb_000141.png,D:\Projects\adb_vl\vision_platform\ads\collections\reviewed_bbox_crops_20260718\context_1_5x\rb_000141_context_1_5x.png,file_d6a5e9c6056c107f,asset_4591e916a09ac92d,D:\Projects\adb_vl\vision_platform\ads\runtime_collection\click_success\click_success_20260718_103505_403\pre_click.png,vision_platform\ads\runtime_collection\click_success\click_success_20260718_103505_403\pre_click.png,430,"[692.0930232558139, 348.27906976744185, 81.8604651162791, 32.74418604651163]",692.093,348.279,81.860,32.744,actionable,positive,action_target,ads2_click_success_20260718_103505_403,free_ad_template,weak_action_target,pending_visual_family_review
rb_000142,D:\Projects\adb_vl\vision_platform\ads\collections\reviewed_bbox_crops_20260718\crops\rb_000142.png,D:\Projects\adb_vl\vision_platform\ads\collections\reviewed_bbox_crops_20260718\context_1_5x\rb_000142_context_1_5x.png,file_478199b7bd4b56ef,asset_933867506167748c,D:\Projects\adb_vl\vision_platform\ads\runtime_collection\click_success\click_success_20260718_103522_968\pre_click.png,vision_platform\ads\runtime_collection\click_success\click_success_20260718_103522_968\pre_click.png,553,"[11.906976744186046, 16.372093023255815, 99.72093023255815, 44.651162790697676]",11.907,16.372,99.721,44.651,actionable,positive,action_target,ads2_click_success_20260718_103522_968,close_template,weak_action_target,pending_visual_family_review
rb_000143,D:\Projects\adb_vl\vision_platform\ads\collections\reviewed_bbox_crops_20260718\crops\rb_000143.png,D:\Projects\adb_vl\vision_platform\ads\collections\reviewed_bbox_crops_20260718\context_1_5x\rb_000143_context_1_5x.png,file_0da279b51f55bf02,asset_8703752af0de26e6,D:\Projects\adb_vl\vision_platform\ads\runtime_collection\click_success\click_success_20260718_103539_279\pre_click.png,vision_platform\ads\runtime_collection\click_success\click_success_20260718_103539_279\pre_click.png,578,"[17.86046511627907, 17.86046511627907, 92.27906976744185, 50.60465116279069]",17.860,17.860,92.279,50.605,actionable,positive,action_target,ads2_click_success_20260718_103539_279,close_template,weak_action_target,pending_visual_family_review
rb_000144,D:\Projects\adb_vl\vision_platform\ads\collections\reviewed_bbox_crops_20260718\crops\rb_000144.png,D:\Projects\adb_vl\vision_platform\ads\collections\reviewed_bbox_crops_20260718\context_1_5x\rb_000144_context_1_5x.png,file_2c535b6ebeb60a97,asset_f87c9cf0e4be2b5b,D:\Projects\adb_vl\vision_platform\ads\runtime_collection\click_success\click_success_20260718_103543_976\pre_click.png,vision_platform\ads\runtime_collection\click_success\click_success_20260718_103543_976\pre_click.png,360,"[418.2325581395349, 139.90697674418604, 120.55813953488376, 35.720930232558146]",418.233,139.907,120.558,35.721,actionable,positive,action_target,ads2_click_success_20260718_103543_976,got_template,weak_action_target,pending_visual_family_review
rb_000145,D:\Projects\adb_vl\vision_platform\ads\collections\reviewed_bbox_crops_20260718\crops\rb_000145.png,D:\Projects\adb_vl\vision_platform\ads\collections\reviewed_bbox_crops_20260718\context_1_5x\rb_000145_context_1_5x.png,file_71268df46f057ffe,asset_3440be3489100fea,D:\Projects\adb_vl\vision_platform\ads\runtime_collection\click_success\click_success_20260718_103815_303\pre_click.png,vision_platform\ads\runtime_collection\click_success\click_success_20260718_103815_303\pre_click.png,587,"[361.6744186046512, 279.8139534883721, 56.55813953488371, 31.25581395348837]",361.674,279.814,56.558,31.256,actionable,positive,action_target,ads2_click_success_20260718_103815_303,free_ad_template,weak_action_target,pending_visual_family_review
rb_000146,D:\Projects\adb_vl\vision_platform\ads\collections\reviewed_bbox_crops_20260718\crops\rb_000146.png,D:\Projects\adb_vl\vision_platform\ads\collections\reviewed_bbox_crops_20260718\context_1_5x\rb_000146_context_1_5x.png,file_71268df46f057ffe,asset_3440be3489100fea,D:\Projects\adb_vl\vision_platform\ads\runtime_collection\click_success\click_success_20260718_103815_303\pre_click.png,vision_platform\ads\runtime_collection\click_success\click_success_20260718_103815_303\pre_click.png,588,"[683.1627906976744, 281.30232558139534, 92.27906976744191, 28.279069767441854]",683.163,281.302,92.279,28.279,actionable,positive,action_target,ads2_click_success_20260718_103815_303,free_ad_template,weak_action_target,pending_visual_family_review
rb_000147,D:\Projects\adb_vl\vision_platform\ads\collections\reviewed_bbox_crops_20260718\crops\rb_000147.png,D:\Projects\adb_vl\vision_platform\ads\collections\reviewed_bbox_crops_20260718\context_1_5x\rb_000147_context_1_5x.png,file_6375cb39f73c5d55,asset_dfb5d8eada9b27a8,D:\Projects\adb_vl\vision_platform\ads\runtime_collection\click_success\click_success_20260718_103833_543\pre_click.png,vision_platform\ads\runtime_collection\click_success\click_success_20260718_103833_543\pre_click.png,419,"[415.25581395348837, 136.93023255813952, 130.97674418604646, 41.67441860465118]",415.256,136.930,130.977,41.674,actionable,positive,action_target,ads2_click_success_20260718_103833_543,got_template,weak_action_target,pending_visual_family_review
rb_000148,D:\Projects\adb_vl\vision_platform\ads\collections\reviewed_bbox_crops_20260718\crops\rb_000148.png,D:\Projects\adb_vl\vision_platform\ads\collections\reviewed_bbox_crops_20260718\context_1_5x\rb_000148_context_1_5x.png,file_edc2165d62ffd5b5,asset_472f8329bd8f7465,D:\Projects\adb_vl\vision_platform\ads\runtime_collection\click_success\click_success_20260718_103838_936\pre_click.png,vision_platform\ads\runtime_collection\click_success\click_success_20260718_103838_936\pre_click.png,592,"[361.6744186046512, 279.8139534883721, 56.55813953488371, 31.25581395348837]",361.674,279.814,56.558,31.256,actionable,positive,action_target,ads2_click_success_20260718_103838_936,free_ad_template,weak_action_target,pending_visual_family_review
rb_000149,D:\Projects\adb_vl\vision_platform\ads\collections\reviewed_bbox_crops_20260718\crops\rb_000149.png,D:\Projects\adb_vl\vision_platform\ads\collections\reviewed_bbox_crops_20260718\context_1_5x\rb_000149_context_1_5x.png,file_f2f2f157be6ee788,asset_2be1fd5f1bc9db7b,D:\Projects\adb_vl\vision_platform\ads\runtime_collection\click_success\click_success_20260718_103900_284\pre_click.png,vision_platform\ads\runtime_collection\click_success\click_success_20260718_103900_284\pre_click.png,602,"[17.86046511627907, 20.837209302325583, 90.7906976744186, 40.18604651162791]",17.860,20.837,90.791,40.186,actionable,positive,action_target,ads2_click_success_20260718_103900_284,close_template,weak_action_target,pending_visual_family_review
rb_000150,D:\Projects\adb_vl\vision_platform\ads\collections\reviewed_bbox_crops_20260718\crops\rb_000150.png,D:\Projects\adb_vl\vision_platform\ads\collections\reviewed_bbox_crops_20260718\context_1_5x\rb_000150_context_1_5x.png,file_0a532226a5de6f69,asset_6452ed8c706702e0,D:\Projects\adb_vl\vision_platform\ads\runtime_collection\click_success\click_success_20260718_103916_962\pre_click.png,vision_platform\ads\runtime_collection\click_success\click_success_20260718_103916_962\pre_click.png,547,"[22.325581395348838, 19.348837209302324, 87.81395348837209, 43.16279069767442]",22.326,19.349,87.814,43.163,actionable,positive,action_target,ads2_click_success_20260718_103916_962,close_template,weak_action_target,pending_visual_family_review
rb_000151,D:\Projects\adb_vl\vision_platform\ads\collections\reviewed_bbox_crops_20260718\crops\rb_000151.png,D:\Projects\adb_vl\vision_platform\ads\collections\reviewed_bbox_crops_20260718\context_1_5x\rb_000151_context_1_5x.png,file_dab1f9d4381f3139,asset_c58141b127eeafdf,D:\Projects\adb_vl\vision_platform\ads\runtime_collection\click_success\click_success_20260718_103922_079\pre_click.png,vision_platform\ads\runtime_collection\click_success\click_success_20260718_103922_079\pre_click.png,418,"[415.25581395348837, 136.93023255813952, 130.97674418604646, 41.67441860465118]",415.256,136.930,130.977,41.674,actionable,positive,action_target,ads2_click_success_20260718_103922_079,got_template,weak_action_target,pending_visual_family_review
rb_000152,D:\Projects\adb_vl\vision_platform\ads\collections\reviewed_bbox_crops_20260718\crops\rb_000152.png,D:\Projects\adb_vl\vision_platform\ads\collections\reviewed_bbox_crops_20260718\context_1_5x\rb_000152_context_1_5x.png,file_6e2fe645f066194d,asset_76a6f491f73ac113,D:\Projects\adb_vl\vision_platform\ads\runtime_collection\click_success\click_success_20260718_103928_008\pre_click.png,vision_platform\ads\runtime_collection\click_success\click_success_20260718_103928_008\pre_click.png,589,"[361.6744186046512, 279.8139534883721, 56.55813953488371, 31.25581395348837]",361.674,279.814,56.558,31.256,actionable,positive,action_target,ads2_click_success_20260718_103928_008,free_ad_template,weak_action_target,pending_visual_family_review
rb_000153,D:\Projects\adb_vl\vision_platform\ads\collections\reviewed_bbox_crops_20260718\crops\rb_000153.png,D:\Projects\adb_vl\vision_platform\ads\collections\reviewed_bbox_crops_20260718\context_1_5x\rb_000153_context_1_5x.png,file_f4499d909a31b0ec,asset_a1ac0b11becd6602,D:\Projects\adb_vl\vision_platform\ads\runtime_collection\click_success\click_success_20260718_103945_649\pre_click.png,vision_platform\ads\runtime_collection\click_success\click_success_20260718_103945_649\pre_click.png,534,"[20.837209302325583, 23.813953488372093, 87.81395348837208, 40.18604651162791]",20.837,23.814,87.814,40.186,actionable,positive,action_target,ads2_click_success_20260718_103945_649,close_template,weak_action_target,pending_visual_family_review
rb_000154,D:\Projects\adb_vl\vision_platform\ads\collections\reviewed_bbox_crops_20260718\crops\rb_000154.png,D:\Projects\adb_vl\vision_platform\ads\collections\reviewed_bbox_crops_20260718\context_1_5x\rb_000154_context_1_5x.png,file_b31abbba4adde4f4,asset_ed03a706db99167f,D:\Projects\adb_vl\vision_platform\ads\runtime_collection\click_success\click_success_20260718_104002_411\pre_click.png,vision_platform\ads\runtime_collection\click_success\click_success_20260718_104002_411\pre_click.png,581,"[17.86046511627907, 17.86046511627907, 92.27906976744185, 50.60465116279069]",17.860,17.860,92.279,50.605,actionable,positive,action_target,ads2_click_success_20260718_104002_411,close_template,weak_action_target,pending_visual_family_review
rb_000155,D:\Projects\adb_vl\vision_platform\ads\collections\reviewed_bbox_crops_20260718\crops\rb_000155.png,D:\Projects\adb_vl\vision_platform\ads\collections\reviewed_bbox_crops_20260718\context_1_5x\rb_000155_context_1_5x.png,file_ccd7c4d5f49243cc,asset_4ee16d56c58dd272,D:\Projects\adb_vl\vision_platform\ads\runtime_collection\click_success\click_success_20260718_104007_369\pre_click.png,vision_platform\ads\runtime_collection\click_success\click_success_20260718_104007_369\pre_click.png,416,"[415.25581395348837, 136.93023255813952, 130.97674418604646, 41.67441860465118]",415.256,136.930,130.977,41.674,actionable,positive,action_target,ads2_click_success_20260718_104007_369,got_template,weak_action_target,pending_visual_family_review
rb_000156,D:\Projects\adb_vl\vision_platform\ads\collections\reviewed_bbox_crops_20260718\crops\rb_000156.png,D:\Projects\adb_vl\vision_platform\ads\collections\reviewed_bbox_crops_20260718\context_1_5x\rb_000156_context_1_5x.png,file_00a3f38cbba0c899,asset_c8294af90676c7fb,D:\Projects\adb_vl\vision_platform\ads\runtime_collection\click_success\click_success_20260718_104013_193\pre_click.png,vision_platform\ads\runtime_collection\click_success\click_success_20260718_104013_193\pre_click.png,591,"[361.6744186046512, 279.8139534883721, 56.55813953488371, 31.25581395348837]",361.674,279.814,56.558,31.256,actionable,positive,action_target,ads2_click_success_20260718_104013_193,free_ad_template,weak_action_target,pending_visual_family_review
rb_000157,D:\Projects\adb_vl\vision_platform\ads\collections\reviewed_bbox_crops_20260718\crops\rb_000157.png,D:\Projects\adb_vl\vision_platform\ads\collections\reviewed_bbox_crops_20260718\context_1_5x\rb_000157_context_1_5x.png,file_82931277e30e6366,asset_b491c092e60ab7ec,D:\Projects\adb_vl\vision_platform\ads\runtime_collection\click_success\click_success_20260718_104031_618\pre_click.png,vision_platform\ads\runtime_collection\click_success\click_success_20260718_104031_618\pre_click.png,540,"[904.9302325581396, 20.837209302325583, 50.604651162790674, 38.69767441860465]",904.930,20.837,50.605,38.698,actionable,positive,action_target,ads2_click_success_20260718_104031_618,close_template,weak_action_target,pending_visual_family_review
rb_000158,D:\Projects\adb_vl\vision_platform\ads\collections\reviewed_bbox_crops_20260718\crops\rb_000158.png,D:\Projects\adb_vl\vision_platform\ads\collections\reviewed_bbox_crops_20260718\context_1_5x\rb_000158_context_1_5x.png,file_99b7399d75e76bac,asset_e29e070478769a5a,D:\Projects\adb_vl\vision_platform\ads\runtime_collection\click_success\click_success_20260718_104036_562\pre_click.png,vision_platform\ads\runtime_collection\click_success\click_success_20260718_104036_562\pre_click.png,417,"[415.25581395348837, 136.93023255813952, 130.97674418604646, 41.67441860465118]",415.256,136.930,130.977,41.674,actionable,positive,action_target,ads2_click_success_20260718_104036_562,got_template,weak_action_target,pending_visual_family_review
rb_000159,D:\Projects\adb_vl\vision_platform\ads\collections\reviewed_bbox_crops_20260718\crops\rb_000159.png,D:\Projects\adb_vl\vision_platform\ads\collections\reviewed_bbox_crops_20260718\context_1_5x\rb_000159_context_1_5x.png,file_d124ee512901cd21,asset_7d85c00dfbdaffb0,D:\Projects\adb_vl\vision_platform\ads\runtime_collection\click_success\click_success_20260718_104415_308\pre_click.png,vision_platform\ads\runtime_collection\click_success\click_success_20260718_104415_308\pre_click.png,458,"[278.3255813953488, 336.3720930232558, 96.74418604651163, 26.790697674418652]",278.326,336.372,96.744,26.791,actionable,positive,action_target,ads2_click_success_20260718_104415_308,free_ad_template,weak_action_target,pending_visual_family_review
rb_000160,D:\Projects\adb_vl\vision_platform\ads\collections\reviewed_bbox_crops_20260718\crops\rb_000160.png,D:\Projects\adb_vl\vision_platform\ads\collections\reviewed_bbox_crops_20260718\context_1_5x\rb_000160_context_1_5x.png,file_6b4de3af61b1471d,asset_d8c0172a5dccbe94,D:\Projects\adb_vl\vision_platform\ads\runtime_collection\click_success\click_success_20260718_104434_299\pre_click.png,vision_platform\ads\runtime_collection\click_success\click_success_20260718_104434_299\pre_click.png,566,"[884.0930232558139, 29.767441860465116, 72.93023255813955, 29.767441860465116]",884.093,29.767,72.930,29.767,actionable,positive,action_target,ads2_click_success_20260718_104434_299,close_template,weak_action_target,pending_visual_family_review
rb_000161,D:\Projects\adb_vl\vision_platform\ads\collections\reviewed_bbox_crops_20260718\crops\rb_000161.png,D:\Projects\adb_vl\vision_platform\ads\collections\reviewed_bbox_crops_20260718\context_1_5x\rb_000161_context_1_5x.png,file_f589bf3adae9de18,asset_c9a7e51749cf8f15,D:\Projects\adb_vl\vision_platform\ads\runtime_collection\click_success\click_success_20260718_104439_330\pre_click.png,vision_platform\ads\runtime_collection\click_success\click_success_20260718_104439_330\pre_click.png,349,"[418.2325581395349, 139.90697674418604, 120.55813953488376, 35.720930232558146]",418.233,139.907,120.558,35.721,actionable,positive,action_target,ads2_click_success_20260718_104439_330,got_template,weak_action_target,pending_visual_family_review
rb_000162,D:\Projects\adb_vl\vision_platform\ads\collections\reviewed_bbox_crops_20260718\crops\rb_000162.png,D:\Projects\adb_vl\vision_platform\ads\collections\reviewed_bbox_crops_20260718\context_1_5x\rb_000162_context_1_5x.png,file_000c5c9bc35e5571,asset_af4ac045fe361ae2,D:\Projects\adb_vl\vision_platform\ads\runtime_collection\click_success\click_success_20260718_104444_893\pre_click.png,vision_platform\ads\runtime_collection\click_success\click_success_20260718_104444_893\pre_click.png,459,"[278.3255813953488, 336.3720930232558, 96.74418604651163, 26.790697674418652]",278.326,336.372,96.744,26.791,actionable,positive,action_target,ads2_click_success_20260718_104444_893,free_ad_template,weak_action_target,pending_visual_family_review
rb_000163,D:\Projects\adb_vl\vision_platform\ads\collections\reviewed_bbox_crops_20260718\crops\rb_000163.png,D:\Projects\adb_vl\vision_platform\ads\collections\reviewed_bbox_crops_20260718\context_1_5x\rb_000163_context_1_5x.png,file_eeab19a2bde74ac3,asset_2897a5436052bf8d,D:\Projects\adb_vl\vision_platform\ads\runtime_collection\click_success\click_success_20260718_104503_519\pre_click.png,vision_platform\ads\runtime_collection\click_success\click_success_20260718_104503_519\pre_click.png,567,"[884.0930232558139, 29.767441860465116, 72.93023255813955, 29.767441860465116]",884.093,29.767,72.930,29.767,actionable,positive,action_target,ads2_click_success_20260718_104503_519,close_template,weak_action_target,pending_visual_family_review
rb_000164,D:\Projects\adb_vl\vision_platform\ads\collections\reviewed_bbox_crops_20260718\crops\rb_000164.png,D:\Projects\adb_vl\vision_platform\ads\collections\reviewed_bbox_crops_20260718\context_1_5x\rb_000164_context_1_5x.png,file_7eaf2c2abbcc016e,asset_4f4f5e5e18b46918,D:\Projects\adb_vl\vision_platform\ads\runtime_collection\click_success\click_success_20260718_104508_392\pre_click.png,vision_platform\ads\runtime_collection\click_success\click_success_20260718_104508_392\pre_click.png,350,"[418.2325581395349, 139.90697674418604, 120.55813953488376, 35.720930232558146]",418.233,139.907,120.558,35.721,actionable,positive,action_target,ads2_click_success_20260718_104508_392,got_template,weak_action_target,pending_visual_family_review
rb_000165,D:\Projects\adb_vl\vision_platform\ads\collections\reviewed_bbox_crops_20260718\crops\rb_000165.png,D:\Projects\adb_vl\vision_platform\ads\collections\reviewed_bbox_crops_20260718\context_1_5x\rb_000165_context_1_5x.png,file_e2dc0a76dedfbec4,asset_2a51e0578cf9c84a,D:\Projects\adb_vl\vision_platform\ads\runtime_collection\click_success\click_success_20260718_104532_540\pre_click.png,vision_platform\ads\runtime_collection\click_success\click_success_20260718_104532_540\pre_click.png,584,"[890.046511627907, 23.813953488372093, 61.02325581395348, 41.674418604651166]",890.047,23.814,61.023,41.674,actionable,positive,action_target,ads2_click_success_20260718_104532_540,close_template,weak_action_target,pending_visual_family_review
rb_000166,D:\Projects\adb_vl\vision_platform\ads\collections\reviewed_bbox_crops_20260718\crops\rb_000166.png,D:\Projects\adb_vl\vision_platform\ads\collections\reviewed_bbox_crops_20260718\context_1_5x\rb_000166_context_1_5x.png,file_df9043a63c73eca2,asset_6159aee26fde0e86,D:\Projects\adb_vl\vision_platform\ads\runtime_collection\click_success\click_success_20260718_104537_361\pre_click.png,vision_platform\ads\runtime_collection\click_success\click_success_20260718_104537_361\pre_click.png,351,"[418.2325581395349, 139.90697674418604, 120.55813953488376, 35.720930232558146]",418.233,139.907,120.558,35.721,actionable,positive,action_target,ads2_click_success_20260718_104537_361,got_template,weak_action_target,pending_visual_family_review
rb_000167,D:\Projects\adb_vl\vision_platform\ads\collections\reviewed_bbox_crops_20260718\crops\rb_000167.png,D:\Projects\adb_vl\vision_platform\ads\collections\reviewed_bbox_crops_20260718\context_1_5x\rb_000167_context_1_5x.png,file_4e3c0706642b8383,asset_af652761d35e3973,D:\Projects\adb_vl\vision_platform\ads\runtime_collection\click_success\click_success_20260718_104543_011\pre_click.png,vision_platform\ads\runtime_collection\click_success\click_success_20260718_104543_011\pre_click.png,460,"[278.3255813953488, 336.3720930232558, 96.74418604651163, 26.790697674418652]",278.326,336.372,96.744,26.791,actionable,positive,action_target,ads2_click_success_20260718_104543_011,free_ad_template,weak_action_target,pending_visual_family_review
rb_000168,D:\Projects\adb_vl\vision_platform\ads\collections\reviewed_bbox_crops_20260718\crops\rb_000168.png,D:\Projects\adb_vl\vision_platform\ads\collections\reviewed_bbox_crops_20260718\context_1_5x\rb_000168_context_1_5x.png,file_a1c320a4d8aaf2c1,asset_5e7585d8c6982b8e,D:\Projects\adb_vl\vision_platform\ads\runtime_collection\click_success\click_success_20260718_104600_932\pre_click.png,vision_platform\ads\runtime_collection\click_success\click_success_20260718_104600_932\pre_click.png,568,"[884.0930232558139, 29.767441860465116, 72.93023255813955, 29.767441860465116]",884.093,29.767,72.930,29.767,actionable,positive,action_target,ads2_click_success_20260718_104600_932,close_template,weak_action_target,pending_visual_family_review
rb_000169,D:\Projects\adb_vl\vision_platform\ads\collections\reviewed_bbox_crops_20260718\crops\rb_000169.png,D:\Projects\adb_vl\vision_platform\ads\collections\reviewed_bbox_crops_20260718\context_1_5x\rb_000169_context_1_5x.png,file_1dfb8cd3f6b15812,asset_dd7bdc0938458765,D:\Projects\adb_vl\vision_platform\ads\runtime_collection\click_success\click_success_20260718_104605_823\pre_click.png,vision_platform\ads\runtime_collection\click_success\click_success_20260718_104605_823\pre_click.png,352,"[418.2325581395349, 139.90697674418604, 120.55813953488376, 35.720930232558146]",418.233,139.907,120.558,35.721,actionable,positive,action_target,ads2_click_success_20260718_104605_823,got_template,weak_action_target,pending_visual_family_review
rb_000170,D:\Projects\adb_vl\vision_platform\ads\collections\reviewed_bbox_crops_20260718\crops\rb_000170.png,D:\Projects\adb_vl\vision_platform\ads\collections\reviewed_bbox_crops_20260718\context_1_5x\rb_000170_context_1_5x.png,file_fb5a9c7ca47d74c9,asset_36af96f4aa307967,D:\Projects\adb_vl\vision_platform\ads\runtime_collection\click_success\click_success_20260718_104611_338\pre_click.png,vision_platform\ads\runtime_collection\click_success\click_success_20260718_104611_338\pre_click.png,461,"[278.3255813953488, 336.3720930232558, 96.74418604651163, 26.790697674418652]",278.326,336.372,96.744,26.791,actionable,positive,action_target,ads2_click_success_20260718_104611_338,free_ad_template,weak_action_target,pending_visual_family_review
rb_000171,D:\Projects\adb_vl\vision_platform\ads\collections\reviewed_bbox_crops_20260718\crops\rb_000171.png,D:\Projects\adb_vl\vision_platform\ads\collections\reviewed_bbox_crops_20260718\context_1_5x\rb_000171_context_1_5x.png,file_f4a5a330abb12f81,asset_a2c0aa7c60b2fe1e,D:\Projects\adb_vl\vision_platform\ads\runtime_collection\click_success\click_success_20260718_104629_489\pre_click.png,vision_platform\ads\runtime_collection\click_success\click_success_20260718_104629_489\pre_click.png,569,"[884.0930232558139, 29.767441860465116, 72.93023255813955, 29.767441860465116]",884.093,29.767,72.930,29.767,actionable,positive,action_target,ads2_click_success_20260718_104629_489,close_template,weak_action_target,pending_visual_family_review
rb_000172,D:\Projects\adb_vl\vision_platform\ads\collections\reviewed_bbox_crops_20260718\crops\rb_000172.png,D:\Projects\adb_vl\vision_platform\ads\collections\reviewed_bbox_crops_20260718\context_1_5x\rb_000172_context_1_5x.png,file_b105a6abcd9f2825,asset_466fab917a48add3,D:\Projects\adb_vl\vision_platform\ads\runtime_collection\click_success\click_success_20260718_104634_279\pre_click.png,vision_platform\ads\runtime_collection\click_success\click_success_20260718_104634_279\pre_click.png,355,"[418.2325581395349, 139.90697674418604, 120.55813953488376, 35.720930232558146]",418.233,139.907,120.558,35.721,actionable,positive,action_target,ads2_click_success_20260718_104634_279,got_template,weak_action_target,pending_visual_family_review
rb_000173,D:\Projects\adb_vl\vision_platform\ads\collections\reviewed_bbox_crops_20260718\crops\rb_000173.png,D:\Projects\adb_vl\vision_platform\ads\collections\reviewed_bbox_crops_20260718\context_1_5x\rb_000173_context_1_5x.png,file_4d905d34a600dd2f,asset_ed94795b4d045d53,D:\Projects\adb_vl\vision_platform\ads\runtime_collection\click_success\click_success_20260718_105157_911\pre_click.png,vision_platform\ads\runtime_collection\click_success\click_success_20260718_105157_911\pre_click.png,570,"[884.0930232558139, 29.767441860465116, 72.93023255813955, 29.767441860465116]",884.093,29.767,72.930,29.767,actionable,positive,action_target,ads2_click_success_20260718_105157_911,close_template,weak_action_target,pending_visual_family_review
rb_000174,D:\Projects\adb_vl\vision_platform\ads\collections\reviewed_bbox_crops_20260718\crops\rb_000174.png,D:\Projects\adb_vl\vision_platform\ads\collections\reviewed_bbox_crops_20260718\context_1_5x\rb_000174_context_1_5x.png,file_8cd0c36154528798,asset_e050dd8726171b15,D:\Projects\adb_vl\vision_platform\ads\runtime_collection\click_success\click_success_20260718_105202_851\pre_click.png,vision_platform\ads\runtime_collection\click_success\click_success_20260718_105202_851\pre_click.png,383,"[418.2325581395349, 139.90697674418604, 120.55813953488376, 35.720930232558146]",418.233,139.907,120.558,35.721,actionable,positive,action_target,ads2_click_success_20260718_105202_851,got_template,weak_action_target,pending_visual_family_review
rb_000175,D:\Projects\adb_vl\vision_platform\ads\collections\reviewed_bbox_crops_20260718\crops\rb_000175.png,D:\Projects\adb_vl\vision_platform\ads\collections\reviewed_bbox_crops_20260718\context_1_5x\rb_000175_context_1_5x.png,file_2114edf9c5eae20b,asset_ca3f0fd5dfd906d4,D:\Projects\adb_vl\vision_platform\ads\runtime_collection\click_success\click_success_20260718_105209_090\pre_click.png,vision_platform\ads\runtime_collection\click_success\click_success_20260718_105209_090\pre_click.png,471,"[278.3255813953488, 336.3720930232558, 96.74418604651163, 26.790697674418652]",278.326,336.372,96.744,26.791,actionable,positive,action_target,ads2_click_success_20260718_105209_090,free_ad_template,weak_action_target,pending_visual_family_review
rb_000176,D:\Projects\adb_vl\vision_platform\ads\collections\reviewed_bbox_crops_20260718\crops\rb_000176.png,D:\Projects\adb_vl\vision_platform\ads\collections\reviewed_bbox_crops_20260718\context_1_5x\rb_000176_context_1_5x.png,file_fe3c153bd2345be4,asset_8e0ca4346ff5797d,D:\Projects\adb_vl\vision_platform\ads\runtime_collection\click_success\click_success_20260718_105226_844\pre_click.png,vision_platform\ads\runtime_collection\click_success\click_success_20260718_105226_844\pre_click.png,572,"[16.372093023255815, 23.813953488372093, 96.74418604651163, 43.162790697674424]",16.372,23.814,96.744,43.163,actionable,positive,action_target,ads2_click_success_20260718_105226_844,close_template,weak_action_target,pending_visual_family_review
rb_000177,D:\Projects\adb_vl\vision_platform\ads\collections\reviewed_bbox_crops_20260718\crops\rb_000177.png,D:\Projects\adb_vl\vision_platform\ads\collections\reviewed_bbox_crops_20260718\context_1_5x\rb_000177_context_1_5x.png,file_c1740867a943f5e3,asset_769e356f9c6eb2fe,D:\Projects\adb_vl\vision_platform\ads\runtime_collection\click_success\click_success_20260718_105240_391\pre_click.png,vision_platform\ads\runtime_collection\click_success\click_success_20260718_105240_391\pre_click.png,542,"[22.325581395348838, 19.348837209302324, 87.81395348837209, 43.16279069767442]",22.326,19.349,87.814,43.163,actionable,positive,action_target,ads2_click_success_20260718_105240_391,close_template,weak_action_target,pending_visual_family_review
rb_000178,D:\Projects\adb_vl\vision_platform\ads\collections\reviewed_bbox_crops_20260718\crops\rb_000178.png,D:\Projects\adb_vl\vision_platform\ads\collections\reviewed_bbox_crops_20260718\context_1_5x\rb_000178_context_1_5x.png,file_4fbaf2ba4e7ee4bb,asset_5c345f72ebb72ad1,D:\Projects\adb_vl\vision_platform\ads\runtime_collection\click_success\click_success_20260718_105245_223\pre_click.png,vision_platform\ads\runtime_collection\click_success\click_success_20260718_105245_223\pre_click.png,384,"[418.2325581395349, 139.90697674418604, 120.55813953488376, 35.720930232558146]",418.233,139.907,120.558,35.721,actionable,positive,action_target,ads2_click_success_20260718_105245_223,got_template,weak_action_target,pending_visual_family_review
rb_000179,D:\Projects\adb_vl\vision_platform\ads\collections\reviewed_bbox_crops_20260718\crops\rb_000179.png,D:\Projects\adb_vl\vision_platform\ads\collections\reviewed_bbox_crops_20260718\context_1_5x\rb_000179_context_1_5x.png,file_2d1edfb11f98fee2,asset_861331d5aad2dab5,D:\Projects\adb_vl\vision_platform\ads\runtime_collection\click_success\click_success_20260718_105251_401\pre_click.png,vision_platform\ads\runtime_collection\click_success\click_success_20260718_105251_401\pre_click.png,462,"[278.3255813953488, 336.3720930232558, 96.74418604651163, 26.790697674418652]",278.326,336.372,96.744,26.791,actionable,positive,action_target,ads2_click_success_20260718_105251_401,free_ad_template,weak_action_target,pending_visual_family_review
rb_000180,D:\Projects\adb_vl\vision_platform\ads\collections\reviewed_bbox_crops_20260718\crops\rb_000180.png,D:\Projects\adb_vl\vision_platform\ads\collections\reviewed_bbox_crops_20260718\context_1_5x\rb_000180_context_1_5x.png,file_fa5492e3bc87991d,asset_08eebe7108e5b5d9,D:\Projects\adb_vl\vision_platform\ads\runtime_collection\click_success\click_success_20260718_105309_318\pre_click.png,vision_platform\ads\runtime_collection\click_success\click_success_20260718_105309_318\pre_click.png,583,"[890.046511627907, 23.813953488372093, 61.02325581395348, 41.674418604651166]",890.047,23.814,61.023,41.674,actionable,positive,action_target,ads2_click_success_20260718_105309_318,close_template,weak_action_target,pending_visual_family_review
rb_000181,D:\Projects\adb_vl\vision_platform\ads\collections\reviewed_bbox_crops_20260718\crops\rb_000181.png,D:\Projects\adb_vl\vision_platform\ads\collections\reviewed_bbox_crops_20260718\context_1_5x\rb_000181_context_1_5x.png,file_97c6b6820916c085,asset_07ba0e2cf9e2d681,D:\Projects\adb_vl\vision_platform\ads\runtime_collection\click_success\click_success_20260718_105314_861\pre_click.png,vision_platform\ads\runtime_collection\click_success\click_success_20260718_105314_861\pre_click.png,385,"[418.2325581395349, 139.90697674418604, 120.55813953488376, 35.720930232558146]",418.233,139.907,120.558,35.721,actionable,positive,action_target,ads2_click_success_20260718_105314_861,got_template,weak_action_target,pending_visual_family_review
rb_000182,D:\Projects\adb_vl\vision_platform\ads\collections\reviewed_bbox_crops_20260718\crops\rb_000182.png,D:\Projects\adb_vl\vision_platform\ads\collections\reviewed_bbox_crops_20260718\context_1_5x\rb_000182_context_1_5x.png,file_f008d697aadd67b7,asset_8179703a100b9e12,D:\Projects\adb_vl\vision_platform\ads\runtime_collection\click_success\click_success_20260718_105338_772\pre_click.png,vision_platform\ads\runtime_collection\click_success\click_success_20260718_105338_772\pre_click.png,573,"[16.372093023255815, 23.813953488372093, 96.74418604651163, 43.162790697674424]",16.372,23.814,96.744,43.163,actionable,positive,action_target,ads2_click_success_20260718_105338_772,close_template,weak_action_target,pending_visual_family_review
rb_000183,D:\Projects\adb_vl\vision_platform\ads\collections\reviewed_bbox_crops_20260718\crops\rb_000183.png,D:\Projects\adb_vl\vision_platform\ads\collections\reviewed_bbox_crops_20260718\context_1_5x\rb_000183_context_1_5x.png,file_bd5d7442e6ac5817,asset_259be3afda4887e3,D:\Projects\adb_vl\vision_platform\ads\runtime_collection\click_success\click_success_20260718_105355_433\pre_click.png,vision_platform\ads\runtime_collection\click_success\click_success_20260718_105355_433\pre_click.png,545,"[22.325581395348838, 19.348837209302324, 87.81395348837209, 43.16279069767442]",22.326,19.349,87.814,43.163,actionable,positive,action_target,ads2_click_success_20260718_105355_433,close_template,weak_action_target,pending_visual_family_review
rb_000184,D:\Projects\adb_vl\vision_platform\ads\collections\reviewed_bbox_crops_20260718\crops\rb_000184.png,D:\Projects\adb_vl\vision_platform\ads\collections\reviewed_bbox_crops_20260718\context_1_5x\rb_000184_context_1_5x.png,file_b4abfdbfbd364e4e,asset_38e536c33ef8c958,D:\Projects\adb_vl\vision_platform\ads\runtime_collection\click_success\click_success_20260718_105400_555\pre_click.png,vision_platform\ads\runtime_collection\click_success\click_success_20260718_105400_555\pre_click.png,386,"[418.2325581395349, 139.90697674418604, 120.55813953488376, 35.720930232558146]",418.233,139.907,120.558,35.721,actionable,positive,action_target,ads2_click_success_20260718_105400_555,got_template,weak_action_target,pending_visual_family_review
rb_000185,D:\Projects\adb_vl\vision_platform\ads\collections\reviewed_bbox_crops_20260718\crops\rb_000185.png,D:\Projects\adb_vl\vision_platform\ads\collections\reviewed_bbox_crops_20260718\context_1_5x\rb_000185_context_1_5x.png,file_556f31a88706451b,asset_436dd4201776d052,D:\Projects\adb_vl\vision_platform\ads\runtime_collection\click_success\click_success_20260718_105406_821\pre_click.png,vision_platform\ads\runtime_collection\click_success\click_success_20260718_105406_821\pre_click.png,468,"[278.3255813953488, 336.3720930232558, 96.74418604651163, 26.790697674418652]",278.326,336.372,96.744,26.791,actionable,positive,action_target,ads2_click_success_20260718_105406_821,free_ad_template,weak_action_target,pending_visual_family_review
rb_000186,D:\Projects\adb_vl\vision_platform\ads\collections\reviewed_bbox_crops_20260718\crops\rb_000186.png,D:\Projects\adb_vl\vision_platform\ads\collections\reviewed_bbox_crops_20260718\context_1_5x\rb_000186_context_1_5x.png,file_62b389c398b0573e,asset_5e08214de4503d4b,D:\Projects\adb_vl\vision_platform\ads\runtime_collection\click_success\click_success_20260718_105437_944\pre_click.png,vision_platform\ads\runtime_collection\click_success\click_success_20260718_105437_944\pre_click.png,469,"[278.3255813953488, 336.3720930232558, 96.74418604651163, 26.790697674418652]",278.326,336.372,96.744,26.791,actionable,positive,action_target,ads2_click_success_20260718_105437_944,free_ad_template,weak_action_target,pending_visual_family_review
rb_000187,D:\Projects\adb_vl\vision_platform\ads\collections\reviewed_bbox_crops_20260718\crops\rb_000187.png,D:\Projects\adb_vl\vision_platform\ads\collections\reviewed_bbox_crops_20260718\context_1_5x\rb_000187_context_1_5x.png,file_101f6ee53a1779d3,asset_e5b57ad112f91be0,D:\Projects\adb_vl\vision_platform\ads\runtime_collection\click_success\click_success_20260718_105509_202\pre_click.png,vision_platform\ads\runtime_collection\click_success\click_success_20260718_105509_202\pre_click.png,465,"[278.3255813953488, 336.3720930232558, 96.74418604651163, 26.790697674418652]",278.326,336.372,96.744,26.791,actionable,positive,action_target,ads2_click_success_20260718_105509_202,free_ad_template,weak_action_target,pending_visual_family_review
rb_000188,D:\Projects\adb_vl\vision_platform\ads\collections\reviewed_bbox_crops_20260718\crops\rb_000188.png,D:\Projects\adb_vl\vision_platform\ads\collections\reviewed_bbox_crops_20260718\context_1_5x\rb_000188_context_1_5x.png,file_390a3f6b2f92ac6f,asset_6a696dcfd7734dc6,D:\Projects\adb_vl\vision_platform\ads\runtime_collection\click_success\click_success_20260718_105557_589\pre_click.png,vision_platform\ads\runtime_collection\click_success\click_success_20260718_105557_589\pre_click.png,574,"[16.372093023255815, 23.813953488372093, 96.74418604651163, 43.162790697674424]",16.372,23.814,96.744,43.163,actionable,positive,action_target,ads2_click_success_20260718_105557_589,close_template,weak_action_target,pending_visual_family_review
rb_000189,D:\Projects\adb_vl\vision_platform\ads\collections\reviewed_bbox_crops_20260718\crops\rb_000189.png,D:\Projects\adb_vl\vision_platform\ads\collections\reviewed_bbox_crops_20260718\context_1_5x\rb_000189_context_1_5x.png,file_e6e8dd2d4ac5ae47,asset_4b3324fd93fa27ac,D:\Projects\adb_vl\vision_platform\ads\runtime_collection\click_success\click_success_20260718_105614_870\pre_click.png,vision_platform\ads\runtime_collection\click_success\click_success_20260718_105614_870\pre_click.png,546,"[22.325581395348838, 19.348837209302324, 87.81395348837209, 43.16279069767442]",22.326,19.349,87.814,43.163,actionable,positive,action_target,ads2_click_success_20260718_105614_870,close_template,weak_action_target,pending_visual_family_review
rb_000190,D:\Projects\adb_vl\vision_platform\ads\collections\reviewed_bbox_crops_20260718\crops\rb_000190.png,D:\Projects\adb_vl\vision_platform\ads\collections\reviewed_bbox_crops_20260718\context_1_5x\rb_000190_context_1_5x.png,file_9a9d085b7e6bc03c,asset_ec023aeb11d9c4a1,D:\Projects\adb_vl\vision_platform\ads\runtime_collection\click_success\click_success_20260718_105619_821\pre_click.png,vision_platform\ads\runtime_collection\click_success\click_success_20260718_105619_821\pre_click.png,374,"[418.2325581395349, 139.90697674418604, 120.55813953488376, 35.720930232558146]",418.233,139.907,120.558,35.721,actionable,positive,action_target,ads2_click_success_20260718_105619_821,got_template,weak_action_target,pending_visual_family_review
rb_000191,D:\Projects\adb_vl\vision_platform\ads\collections\reviewed_bbox_crops_20260718\crops\rb_000191.png,D:\Projects\adb_vl\vision_platform\ads\collections\reviewed_bbox_crops_20260718\context_1_5x\rb_000191_context_1_5x.png,file_9051449ea9acf342,asset_691999083f0599dd,D:\Projects\adb_vl\vision_platform\ads\runtime_collection\click_success\click_success_20260718_105745_988\pre_click.png,vision_platform\ads\runtime_collection\click_success\click_success_20260718_105745_988\pre_click.png,472,"[278.3255813953488, 336.3720930232558, 96.74418604651163, 26.790697674418652]",278.326,336.372,96.744,26.791,actionable,positive,action_target,ads2_click_success_20260718_105745_988,free_ad_template,weak_action_target,pending_visual_family_review
rb_000192,D:\Projects\adb_vl\vision_platform\ads\collections\reviewed_bbox_crops_20260718\crops\rb_000192.png,D:\Projects\adb_vl\vision_platform\ads\collections\reviewed_bbox_crops_20260718\context_1_5x\rb_000192_context_1_5x.png,file_c98c54dbe8db6a97,asset_06f5554f0c2c53ef,D:\Projects\adb_vl\vision_platform\ads\runtime_collection\click_success\click_success_20260718_105807_641\pre_click.png,vision_platform\ads\runtime_collection\click_success\click_success_20260718_105807_641\pre_click.png,604,"[890.046511627907, 154.7906976744186, 49.116279069767415, 47.627906976744185]",890.047,154.791,49.116,47.628,actionable,positive,action_target,ads2_click_success_20260718_105807_641,close_template,weak_action_target,pending_visual_family_review
rb_000193,D:\Projects\adb_vl\vision_platform\ads\collections\reviewed_bbox_crops_20260718\crops\rb_000193.png,D:\Projects\adb_vl\vision_platform\ads\collections\reviewed_bbox_crops_20260718\context_1_5x\rb_000193_context_1_5x.png,file_5e3338b564fbeaad,asset_c39788ad13048456,D:\Projects\adb_vl\vision_platform\ads\runtime_collection\click_success\click_success_20260718_105815_433\pre_click.png,vision_platform\ads\runtime_collection\click_success\click_success_20260718_105815_433\pre_click.png,339,"[899.2405063291139, 16.70886075949367, 47.088607594936775, 42.53164556962025]",899.241,16.709,47.089,42.532,actionable,positive,action_target,ads2_click_success_20260718_105815_433,close_template,weak_action_target,pending_visual_family_review
rb_000194,D:\Projects\adb_vl\vision_platform\ads\collections\reviewed_bbox_crops_20260718\crops\rb_000194.png,D:\Projects\adb_vl\vision_platform\ads\collections\reviewed_bbox_crops_20260718\context_1_5x\rb_000194_context_1_5x.png,file_85659bafe8adda57,asset_7d42d9fa97ee34fa,D:\Projects\adb_vl\vision_platform\ads\runtime_collection\click_success\click_success_20260718_105820_651\pre_click.png,vision_platform\ads\runtime_collection\click_success\click_success_20260718_105820_651\pre_click.png,387,"[418.2325581395349, 139.90697674418604, 120.55813953488376, 35.720930232558146]",418.233,139.907,120.558,35.721,actionable,positive,action_target,ads2_click_success_20260718_105820_651,got_template,weak_action_target,pending_visual_family_review
rb_000195,D:\Projects\adb_vl\vision_platform\ads\collections\reviewed_bbox_crops_20260718\crops\rb_000195.png,D:\Projects\adb_vl\vision_platform\ads\collections\reviewed_bbox_crops_20260718\context_1_5x\rb_000195_context_1_5x.png,file_b0779ea5b2962054,asset_84829a188efd056a,D:\Projects\adb_vl\vision_platform\ads\runtime_collection\click_success\click_success_20260718_105826_469\pre_click.png,vision_platform\ads\runtime_collection\click_success\click_success_20260718_105826_469\pre_click.png,474,"[278.3255813953488, 336.3720930232558, 96.74418604651163, 26.790697674418652]",278.326,336.372,96.744,26.791,actionable,positive,action_target,ads2_click_success_20260718_105826_469,free_ad_template,weak_action_target,pending_visual_family_review
rb_000196,D:\Projects\adb_vl\vision_platform\ads\collections\reviewed_bbox_crops_20260718\crops\rb_000196.png,D:\Projects\adb_vl\vision_platform\ads\collections\reviewed_bbox_crops_20260718\context_1_5x\rb_000196_context_1_5x.png,file_53ff9c1b4ced5df3,asset_1c21ba94a6f3f2b4,D:\Projects\adb_vl\vision_platform\ads\runtime_collection\click_success\click_success_20260718_105856_683\pre_click.png,vision_platform\ads\runtime_collection\click_success\click_success_20260718_105856_683\pre_click.png,596,"[19.348837209302324, 19.348837209302324, 47.62790697674419, 46.139534883720934]",19.349,19.349,47.628,46.140,actionable,positive,action_target,ads2_click_success_20260718_105856_683,close_template,weak_action_target,pending_visual_family_review
rb_000197,D:\Projects\adb_vl\vision_platform\ads\collections\reviewed_bbox_crops_20260718\crops\rb_000197.png,D:\Projects\adb_vl\vision_platform\ads\collections\reviewed_bbox_crops_20260718\context_1_5x\rb_000197_context_1_5x.png,file_46f9cf79e87cca8f,asset_8a105686d62d0afe,D:\Projects\adb_vl\vision_platform\ads\runtime_collection\click_success\click_success_20260718_105901_684\pre_click.png,vision_platform\ads\runtime_collection\click_success\click_success_20260718_105901_684\pre_click.png,388,"[418.2325581395349, 139.90697674418604, 120.55813953488376, 35.720930232558146]",418.233,139.907,120.558,35.721,actionable,positive,action_target,ads2_click_success_20260718_105901_684,got_template,weak_action_target,pending_visual_family_review
rb_000198,D:\Projects\adb_vl\vision_platform\ads\collections\reviewed_bbox_crops_20260718\crops\rb_000198.png,D:\Projects\adb_vl\vision_platform\ads\collections\reviewed_bbox_crops_20260718\context_1_5x\rb_000198_context_1_5x.png,file_6e9b490b89a95760,asset_7a3643f48f8676ff,D:\Projects\adb_vl\vision_platform\ads\runtime_collection\click_success\click_success_20260718_105933_635\pre_click.png,vision_platform\ads\runtime_collection\click_success\click_success_20260718_105933_635\pre_click.png,594,"[19.348837209302324, 19.348837209302324, 47.62790697674419, 46.139534883720934]",19.349,19.349,47.628,46.140,actionable,positive,action_target,ads2_click_success_20260718_105933_635,close_template,weak_action_target,pending_visual_family_review
rb_000199,D:\Projects\adb_vl\vision_platform\ads\collections\reviewed_bbox_crops_20260718\crops\rb_000199.png,D:\Projects\adb_vl\vision_platform\ads\collections\reviewed_bbox_crops_20260718\context_1_5x\rb_000199_context_1_5x.png,file_118ccccd700b3f80,asset_c289a1a1431e6f2c,D:\Projects\adb_vl\vision_platform\ads\runtime_collection\click_success\click_success_20260718_105938_563\pre_click.png,vision_platform\ads\runtime_collection\click_success\click_success_20260718_105938_563\pre_click.png,389,"[418.2325581395349, 139.90697674418604, 120.55813953488376, 35.720930232558146]",418.233,139.907,120.558,35.721,actionable,positive,action_target,ads2_click_success_20260718_105938_563,got_template,weak_action_target,pending_visual_family_review
rb_000200,D:\Projects\adb_vl\vision_platform\ads\collections\reviewed_bbox_crops_20260718\crops\rb_000200.png,D:\Projects\adb_vl\vision_platform\ads\collections\reviewed_bbox_crops_20260718\context_1_5x\rb_000200_context_1_5x.png,file_b31adb46af07f477,asset_7217adfd3f655754,D:\Projects\adb_vl\vision_platform\ads\runtime_collection\click_success\click_success_20260718_105945_054\pre_click.png,vision_platform\ads\runtime_collection\click_success\click_success_20260718_105945_054\pre_click.png,463,"[278.3255813953488, 336.3720930232558, 96.74418604651163, 26.790697674418652]",278.326,336.372,96.744,26.791,actionable,positive,action_target,ads2_click_success_20260718_105945_054,free_ad_template,weak_action_target,pending_visual_family_review
rb_000201,D:\Projects\adb_vl\vision_platform\ads\collections\reviewed_bbox_crops_20260718\crops\rb_000201.png,D:\Projects\adb_vl\vision_platform\ads\collections\reviewed_bbox_crops_20260718\context_1_5x\rb_000201_context_1_5x.png,file_d63a1e8ca24ef92a,asset_19bbc349541cbdd7,D:\Projects\adb_vl\vision_platform\ads\runtime_collection\click_success\click_success_20260718_110018_584\pre_click.png,vision_platform\ads\runtime_collection\click_success\click_success_20260718_110018_584\pre_click.png,549,"[17.660972404730618, 21.445466491458607, 54.24441524310119, 45.41392904073588]",17.661,21.445,54.244,45.414,actionable,positive,action_target,ads2_click_success_20260718_110018_584,close_template,weak_action_target,pending_visual_family_review
rb_000202,D:\Projects\adb_vl\vision_platform\ads\collections\reviewed_bbox_crops_20260718\crops\rb_000202.png,D:\Projects\adb_vl\vision_platform\ads\collections\reviewed_bbox_crops_20260718\context_1_5x\rb_000202_context_1_5x.png,file_9a2c24f6fb1e42af,asset_99a9b81e66b3c18e,D:\Projects\adb_vl\vision_platform\ads\runtime_collection\click_success\click_success_20260718_110026_247\pre_click.png,vision_platform\ads\runtime_collection\click_success\click_success_20260718_110026_247\pre_click.png,556,"[23.968462549277266, 21.445466491458607, 30.275952693823914, 26.491458607095925]",23.968,21.445,30.276,26.491,actionable,positive,action_target,ads2_click_success_20260718_110026_247,close_template,weak_action_target,pending_visual_family_review
rb_000203,D:\Projects\adb_vl\vision_platform\ads\collections\reviewed_bbox_crops_20260718\crops\rb_000203.png,D:\Projects\adb_vl\vision_platform\ads\collections\reviewed_bbox_crops_20260718\context_1_5x\rb_000203_context_1_5x.png,file_7564eb45cf9c8528,asset_b7cd20a5945beb9f,D:\Projects\adb_vl\vision_platform\ads\runtime_collection\click_success\click_success_20260718_110032_813\pre_click.png,vision_platform\ads\runtime_collection\click_success\click_success_20260718_110032_813\pre_click.png,412,"[476.84625492772665, 26.491458607095925, 31.537450722733297, 26.491458607095925]",476.846,26.491,31.537,26.491,actionable,positive,action_target,ads2_click_success_20260718_110032_813,close_template,weak_action_target,pending_visual_family_review
rb_000204,D:\Projects\adb_vl\vision_platform\ads\collections\reviewed_bbox_crops_20260718\crops\rb_000204.png,D:\Projects\adb_vl\vision_platform\ads\collections\reviewed_bbox_crops_20260718\context_1_5x\rb_000204_context_1_5x.png,file_dee9e1c4961009d7,asset_5c23620cad7b6430,D:\Projects\adb_vl\vision_platform\ads\runtime_collection\click_success\click_success_20260718_110038_072\pre_click.png,vision_platform\ads\runtime_collection\click_success\click_success_20260718_110038_072\pre_click.png,390,"[418.2325581395349, 139.90697674418604, 120.55813953488376, 35.720930232558146]",418.233,139.907,120.558,35.721,actionable,positive,action_target,ads2_click_success_20260718_110038_072,got_template,weak_action_target,pending_visual_family_review
rb_000205,D:\Projects\adb_vl\vision_platform\ads\collections\reviewed_bbox_crops_20260718\crops\rb_000205.png,D:\Projects\adb_vl\vision_platform\ads\collections\reviewed_bbox_crops_20260718\context_1_5x\rb_000205_context_1_5x.png,file_b75fd60209dcab2f,asset_3689572352d168b4,D:\Projects\adb_vl\vision_platform\ads\runtime_collection\click_success\click_success_20260718_110044_256\pre_click.png,vision_platform\ads\runtime_collection\click_success\click_success_20260718_110044_256\pre_click.png,466,"[278.3255813953488, 336.3720930232558, 96.74418604651163, 26.790697674418652]",278.326,336.372,96.744,26.791,actionable,positive,action_target,ads2_click_success_20260718_110044_256,free_ad_template,weak_action_target,pending_visual_family_review
rb_000206,D:\Projects\adb_vl\vision_platform\ads\collections\reviewed_bbox_crops_20260718\crops\rb_000206.png,D:\Projects\adb_vl\vision_platform\ads\collections\reviewed_bbox_crops_20260718\context_1_5x\rb_000206_context_1_5x.png,file_1b48c02f71399e8f,asset_eae065bae3dae185,D:\Projects\adb_vl\vision_platform\ads\runtime_collection\click_success\click_success_20260718_110114_573\pre_click.png,vision_platform\ads\runtime_collection\click_success\click_success_20260718_110114_573\pre_click.png,595,"[19.348837209302324, 19.348837209302324, 47.62790697674419, 46.139534883720934]",19.349,19.349,47.628,46.140,actionable,positive,action_target,ads2_click_success_20260718_110114_573,close_template,weak_action_target,pending_visual_family_review
rb_000207,D:\Projects\adb_vl\vision_platform\ads\collections\reviewed_bbox_crops_20260718\crops\rb_000207.png,D:\Projects\adb_vl\vision_platform\ads\collections\reviewed_bbox_crops_20260718\context_1_5x\rb_000207_context_1_5x.png,file_7557169e920e7e8c,asset_c2e7d538874140e7,D:\Projects\adb_vl\vision_platform\ads\runtime_collection\click_success\click_success_20260718_110119_442\pre_click.png,vision_platform\ads\runtime_collection\click_success\click_success_20260718_110119_442\pre_click.png,375,"[418.2325581395349, 139.90697674418604, 120.55813953488376, 35.720930232558146]",418.233,139.907,120.558,35.721,actionable,positive,action_target,ads2_click_success_20260718_110119_442,got_template,weak_action_target,pending_visual_family_review
rb_000208,D:\Projects\adb_vl\vision_platform\ads\collections\reviewed_bbox_crops_20260718\crops\rb_000208.png,D:\Projects\adb_vl\vision_platform\ads\collections\reviewed_bbox_crops_20260718\context_1_5x\rb_000208_context_1_5x.png,file_d1d97a90eae690d7,asset_a69fe5f84a766564,D:\Projects\adb_vl\vision_platform\ads\runtime_collection\click_success\click_success_20260718_110319_841\pre_click.png,vision_platform\ads\runtime_collection\click_success\click_success_20260718_110319_841\pre_click.png,475,"[278.3255813953488, 336.3720930232558, 96.74418604651163, 26.790697674418652]",278.326,336.372,96.744,26.791,actionable,positive,action_target,ads2_click_success_20260718_110319_841,free_ad_template,weak_action_target,pending_visual_family_review
rb_000209,D:\Projects\adb_vl\vision_platform\ads\collections\reviewed_bbox_crops_20260718\crops\rb_000209.png,D:\Projects\adb_vl\vision_platform\ads\collections\reviewed_bbox_crops_20260718\context_1_5x\rb_000209_context_1_5x.png,file_0573961976a03050,asset_3eeb22b551675460,D:\Projects\adb_vl\vision_platform\ads\runtime_collection\click_success\click_success_20260718_110337_701\pre_click.png,vision_platform\ads\runtime_collection\click_success\click_success_20260718_110337_701\pre_click.png,530,"[903.4418604651163, 19.348837209302324, 41.67441860465112, 34.23255813953488]",903.442,19.349,41.674,34.233,actionable,positive,action_target,ads2_click_success_20260718_110337_701,close_template,weak_action_target,pending_visual_family_review
rb_000210,D:\Projects\adb_vl\vision_platform\ads\collections\reviewed_bbox_crops_20260718\crops\rb_000210.png,D:\Projects\adb_vl\vision_platform\ads\collections\reviewed_bbox_crops_20260718\context_1_5x\rb_000210_context_1_5x.png,file_71fb755338f3f257,asset_d5d4b83c327b5c49,D:\Projects\adb_vl\vision_platform\ads\runtime_collection\click_success\click_success_20260718_110342_704\pre_click.png,vision_platform\ads\runtime_collection\click_success\click_success_20260718_110342_704\pre_click.png,391,"[418.2325581395349, 139.90697674418604, 120.55813953488376, 35.720930232558146]",418.233,139.907,120.558,35.721,actionable,positive,action_target,ads2_click_success_20260718_110342_704,got_template,weak_action_target,pending_visual_family_review
rb_000211,D:\Projects\adb_vl\vision_platform\ads\collections\reviewed_bbox_crops_20260718\crops\rb_000211.png,D:\Projects\adb_vl\vision_platform\ads\collections\reviewed_bbox_crops_20260718\context_1_5x\rb_000211_context_1_5x.png,file_0be5a71b43dcde7d,asset_53310d81fb5be3a1,D:\Projects\adb_vl\vision_platform\ads\runtime_collection\click_success\click_success_20260718_110348_333\pre_click.png,vision_platform\ads\runtime_collection\click_success\click_success_20260718_110348_333\pre_click.png,467,"[278.3255813953488, 336.3720930232558, 96.74418604651163, 26.790697674418652]",278.326,336.372,96.744,26.791,actionable,positive,action_target,ads2_click_success_20260718_110348_333,free_ad_template,weak_action_target,pending_visual_family_review
rb_000212,D:\Projects\adb_vl\vision_platform\ads\collections\reviewed_bbox_crops_20260718\crops\rb_000212.png,D:\Projects\adb_vl\vision_platform\ads\collections\reviewed_bbox_crops_20260718\context_1_5x\rb_000212_context_1_5x.png,file_3cb5ed7cc8311040,asset_ec83c2c1ebe46b39,D:\Projects\adb_vl\vision_platform\ads\runtime_collection\click_success\click_success_20260718_110406_185\pre_click.png,vision_platform\ads\runtime_collection\click_success\click_success_20260718_110406_185\pre_click.png,409,"[907.9069767441861, 16.372093023255815, 38.697674418604606, 37.20930232558139]",907.907,16.372,38.698,37.209,actionable,positive,action_target,ads2_click_success_20260718_110406_185,close_template,weak_action_target,pending_visual_family_review
rb_000213,D:\Projects\adb_vl\vision_platform\ads\collections\reviewed_bbox_crops_20260718\crops\rb_000213.png,D:\Projects\adb_vl\vision_platform\ads\collections\reviewed_bbox_crops_20260718\context_1_5x\rb_000213_context_1_5x.png,file_f5bfff148bf4ce72,asset_e73a3b24297bf494,D:\Projects\adb_vl\vision_platform\ads\runtime_collection\click_success\click_success_20260718_110411_052\pre_click.png,vision_platform\ads\runtime_collection\click_success\click_success_20260718_110411_052\pre_click.png,392,"[418.2325581395349, 139.90697674418604, 120.55813953488376, 35.720930232558146]",418.233,139.907,120.558,35.721,actionable,positive,action_target,ads2_click_success_20260718_110411_052,got_template,weak_action_target,pending_visual_family_review
rb_000214,D:\Projects\adb_vl\vision_platform\ads\collections\reviewed_bbox_crops_20260718\crops\rb_000214.png,D:\Projects\adb_vl\vision_platform\ads\collections\reviewed_bbox_crops_20260718\context_1_5x\rb_000214_context_1_5x.png,file_aa7cd9606ae8f5d7,asset_136f52c915f46d70,D:\Projects\adb_vl\vision_platform\ads\runtime_collection\click_success\click_success_20260718_110416_718\pre_click.png,vision_platform\ads\runtime_collection\click_success\click_success_20260718_110416_718\pre_click.png,464,"[278.3255813953488, 336.3720930232558, 96.74418604651163, 26.790697674418652]",278.326,336.372,96.744,26.791,actionable,positive,action_target,ads2_click_success_20260718_110416_718,free_ad_template,weak_action_target,pending_visual_family_review
rb_000215,D:\Projects\adb_vl\vision_platform\ads\collections\reviewed_bbox_crops_20260718\crops\rb_000215.png,D:\Projects\adb_vl\vision_platform\ads\collections\reviewed_bbox_crops_20260718\context_1_5x\rb_000215_context_1_5x.png,file_83db19d2f3f8e426,asset_c5ad53230f43a74c,D:\Projects\adb_vl\vision_platform\ads\runtime_collection\click_success\click_success_20260718_110434_595\pre_click.png,vision_platform\ads\runtime_collection\click_success\click_success_20260718_110434_595\pre_click.png,414,"[907.9069767441861, 16.372093023255815, 41.67441860465112, 37.20930232558139]",907.907,16.372,41.674,37.209,actionable,positive,action_target,ads2_click_success_20260718_110434_595,close_template,weak_action_target,pending_visual_family_review
rb_000216,D:\Projects\adb_vl\vision_platform\ads\collections\reviewed_bbox_crops_20260718\crops\rb_000216.png,D:\Projects\adb_vl\vision_platform\ads\collections\reviewed_bbox_crops_20260718\context_1_5x\rb_000216_context_1_5x.png,file_036daca5cd5d1f0f,asset_f7d2bc8e25e6c590,D:\Projects\adb_vl\vision_platform\ads\runtime_collection\click_success\click_success_20260718_110439_535\pre_click.png,vision_platform\ads\runtime_collection\click_success\click_success_20260718_110439_535\pre_click.png,393,"[418.2325581395349, 139.90697674418604, 120.55813953488376, 35.720930232558146]",418.233,139.907,120.558,35.721,actionable,positive,action_target,ads2_click_success_20260718_110439_535,got_template,weak_action_target,pending_visual_family_review
rb_000217,D:\Projects\adb_vl\vision_platform\ads\collections\reviewed_bbox_crops_20260718\crops\rb_000217.png,D:\Projects\adb_vl\vision_platform\ads\collections\reviewed_bbox_crops_20260718\context_1_5x\rb_000217_context_1_5x.png,file_cbb027d36f2e614e,asset_f20bab74d4e23683,D:\Projects\adb_vl\vision_platform\ads\runtime_collection\click_success\click_success_20260718_110445_256\pre_click.png,vision_platform\ads\runtime_collection\click_success\click_success_20260718_110445_256\pre_click.png,473,"[278.3255813953488, 336.3720930232558, 96.74418604651163, 26.790697674418652]",278.326,336.372,96.744,26.791,actionable,positive,action_target,ads2_click_success_20260718_110445_256,free_ad_template,weak_action_target,pending_visual_family_review
rb_000218,D:\Projects\adb_vl\vision_platform\ads\collections\reviewed_bbox_crops_20260718\crops\rb_000218.png,D:\Projects\adb_vl\vision_platform\ads\collections\reviewed_bbox_crops_20260718\context_1_5x\rb_000218_context_1_5x.png,file_845b4e90e4ecb54a,asset_9f183babb0c335e7,D:\Projects\adb_vl\vision_platform\ads\runtime_collection\click_success\click_success_20260718_110503_183\pre_click.png,vision_platform\ads\runtime_collection\click_success\click_success_20260718_110503_183\pre_click.png,483,"[906.4186046511628, 11.906976744186046, 38.697674418604606, 40.18604651162791]",906.419,11.907,38.698,40.186,actionable,positive,action_target,ads2_click_success_20260718_110503_183,close_template,weak_action_target,pending_visual_family_review
rb_000219,D:\Projects\adb_vl\vision_platform\ads\collections\reviewed_bbox_crops_20260718\crops\rb_000219.png,D:\Projects\adb_vl\vision_platform\ads\collections\reviewed_bbox_crops_20260718\context_1_5x\rb_000219_context_1_5x.png,file_444f77f1bfc574ad,asset_94c5feb948404354,D:\Projects\adb_vl\vision_platform\ads\runtime_collection\click_success\click_success_20260718_110508_122\pre_click.png,vision_platform\ads\runtime_collection\click_success\click_success_20260718_110508_122\pre_click.png,394,"[418.2325581395349, 139.90697674418604, 120.55813953488376, 35.720930232558146]",418.233,139.907,120.558,35.721,actionable,positive,action_target,ads2_click_success_20260718_110508_122,got_template,weak_action_target,pending_visual_family_review
rb_000220,D:\Projects\adb_vl\vision_platform\ads\collections\reviewed_bbox_crops_20260718\crops\rb_000220.png,D:\Projects\adb_vl\vision_platform\ads\collections\reviewed_bbox_crops_20260718\context_1_5x\rb_000220_context_1_5x.png,file_beb2aab2858ef578,asset_dfeb5891e30fb61a,D:\Projects\adb_vl\vision_platform\ads\runtime_collection\click_success\click_success_20260718_110513_718\pre_click.png,vision_platform\ads\runtime_collection\click_success\click_success_20260718_110513_718\pre_click.png,470,"[278.3255813953488, 336.3720930232558, 96.74418604651163, 26.790697674418652]",278.326,336.372,96.744,26.791,actionable,positive,action_target,ads2_click_success_20260718_110513_718,free_ad_template,weak_action_target,pending_visual_family_review
rb_000221,D:\Projects\adb_vl\vision_platform\ads\collections\reviewed_bbox_crops_20260718\crops\rb_000221.png,D:\Projects\adb_vl\vision_platform\ads\collections\reviewed_bbox_crops_20260718\context_1_5x\rb_000221_context_1_5x.png,file_9d153f88c277c238,asset_8a27add9c53ecdd9,D:\Projects\adb_vl\vision_platform\ads\runtime_collection\click_success\click_success_20260718_110531_653\pre_click.png,vision_platform\ads\runtime_collection\click_success\click_success_20260718_110531_653\pre_click.png,536,"[898.9767441860465, 14.883720930232558, 50.604651162790674, 38.69767441860465]",898.977,14.884,50.605,38.698,actionable,positive,action_target,ads2_click_success_20260718_110531_653,close_template,weak_action_target,pending_visual_family_review
rb_000222,D:\Projects\adb_vl\vision_platform\ads\collections\reviewed_bbox_crops_20260718\crops\rb_000222.png,D:\Projects\adb_vl\vision_platform\ads\collections\reviewed_bbox_crops_20260718\context_1_5x\rb_000222_context_1_5x.png,file_e8d82399b8282a4f,asset_8449dbc48899b49d,D:\Projects\adb_vl\vision_platform\ads\runtime_collection\click_success\click_success_20260718_110536_532\pre_click.png,vision_platform\ads\runtime_collection\click_success\click_success_20260718_110536_532\pre_click.png,376,"[418.2325581395349, 139.90697674418604, 120.55813953488376, 35.720930232558146]",418.233,139.907,120.558,35.721,actionable,positive,action_target,ads2_click_success_20260718_110536_532,got_template,weak_action_target,pending_visual_family_review
