bbox_id,instance_id,content_id,original_path,relative_path,x,y,w,h,vision_domain,asset_type,representation,screen_state,candidate_label,sample_role,sub_role,class_name,class_purpose,label,note,created_at,updated_at
192,file_00512e8371693dcd,asset_6c4e9a403f6ca6a4,D:\Projects\adb_vl\ads2\assets\3_reference_screens\ad_issue_20260606_044156.png,ads2\assets\3_reference_screens\ad_issue_20260606_044156.png,24.120603015075403,63.91959798994978,31.356783919598,24.120603015075375,ads,clean_fullscreen,raw,actionable,uncertain,uncertain,,action_target,detector,positive,,2026-07-12T09:06:14.911266+00:00,2026-07-12T09:06:22.390909+00:00
92,file_00664230c15bf43f,asset_4a60143af235e4d4,D:\Projects\adb_vl\ads2\assets\2_communication\manual_rescue_20260611_111718_edit.png,ads2\assets\2_communication\manual_rescue_20260611_111718_edit.png,557.1859296482412,354.572864321608,33.768844221105496,22.9145728643216,ads,clean_fullscreen,raw,actionable,uncertain,uncertain,play,action_target,detector,positive,,2026-07-12T07:40:32.410667+00:00,2026-07-12T07:40:32.424382+00:00
84,file_02c2144cc30cfbe9,asset_fbfb7241e62d249b,D:\Projects\adb_vl\ads2\assets\2_communication\manual_rescue_20260610_153906_edit.png,ads2\assets\2_communication\manual_rescue_20260610_153906_edit.png,406.43216080402,401.60804020100494,49.44723618090461,26.532663316582898,ads,clean_fullscreen,raw,actionable,uncertain,uncertain,play,action_target,detector,positive,,2026-07-12T07:39:08.045747+00:00,2026-07-12T07:39:26.552520+00:00
220,file_039739cdd6323385,asset_d2e4d9e90ef48dc6,D:\Projects\adb_vl\ads2\assets\3_reference_screens\ad_issue_20260606_084107.png,ads2\assets\3_reference_screens\ad_issue_20260606_084107.png,25.229960578186596,23.968462549277266,131.1957950065703,23.968462549277266,ads,uncertain,raw,actionable,uncertain,uncertain,play,action_target,detector,positive,,2026-07-12T09:22:26.796795+00:00,2026-07-12T09:22:26.821865+00:00
178,file_04613673a2a00b41,asset_8ca75c26bac1b84b,D:\Projects\adb_vl\ads2\assets\2_communication\manual_rescue_20260711_140632_edit.png,ads2\assets\2_communication\manual_rescue_20260711_140632_edit.png,377.4874371859296,290.65326633165824,34.9748743718593,13.266331658291449,shared,clean_fullscreen,raw,actionable,uncertain,uncertain,free,action_target,detector,positive,,2026-07-12T09:04:30.486547+00:00,2026-07-12T09:04:30.486547+00:00
24,file_0cc3b419504e6c6d,asset_31248d6ed529be48,D:\Projects\adb_vl\ads2\assets\2_communication\manual_rescue_20260607_101333_edit.png,ads2\assets\2_communication\manual_rescue_20260607_101333_edit.png,900.9045226130653,24.120603015075375,44.62311557788939,24.120603015075375,ads,clean_fullscreen,raw,actionable,uncertain,uncertain,,action_target,detector,positive,,2026-07-12T07:24:36.736407+00:00,2026-07-12T07:24:36.751547+00:00
142,file_0ff60244c2316f2f,asset_45b271ddcf104c5f,D:\Projects\adb_vl\ads2\assets\2_communication\manual_rescue_20260625_144927_edit.png,ads2\assets\2_communication\manual_rescue_20260625_144927_edit.png,908.1407035175879,22.914572864321606,36.18090452261299,20.50251256281407,ads,clean_fullscreen,raw,actionable,uncertain,uncertain,,action_target,detector,positive,,2026-07-12T08:56:57.478942+00:00,2026-07-12T08:56:57.478942+00:00
81,file_100daa938b119d8f,asset_0062ef6acaf85735,D:\Projects\adb_vl\ads2\assets\2_communication\manual_rescue_20260610_151332_original.png,ads2\assets\2_communication\manual_rescue_20260610_151332_original.png,809.2462311557788,467.9396984924623,49.44723618090461,26.532663316582898,shared,clean_fullscreen,raw,actionable,uncertain,uncertain,play,action_target,detector,positive,,2026-07-12T07:38:59.995790+00:00,2026-07-12T07:38:59.995790+00:00
199,file_150ad0c752d1b6a2,asset_54f7e7a96285b7ed,D:\Projects\adb_vl\ads2\assets\3_reference_screens\ad_issue_20260606_045709.png,ads2\assets\3_reference_screens\ad_issue_20260606_045709.png,27.752956636005255,23.968462549277266,123.62680683311433,20.183968462549277,ads,uncertain,raw,actionable,uncertain,uncertain,,action_target,detector,positive,,2026-07-12T09:07:38.656548+00:00,2026-07-12T09:07:38.656548+00:00
52,file_154d7198b0daa7f8,asset_9a6df08755b20a33,D:\Projects\adb_vl\ads2\assets\2_communication\manual_rescue_20260607_161637_edit.png,ads2\assets\2_communication\manual_rescue_20260607_161637_edit.png,32.552704336399465,27.902318002628114,64.07198948751642,12.401030223390272,ads,uncertain,raw,actionable,uncertain,uncertain,,action_target,detector,positive,,2026-07-12T07:34:02.752422+00:00,2026-07-12T07:34:02.752422+00:00
118,file_164a2c3f6130317e,asset_60d328a08c9a6aaf,D:\Projects\adb_vl\ads2\assets\2_communication\manual_rescue_20260614_155157_edit.png,ads2\assets\2_communication\manual_rescue_20260614_155157_edit.png,913.1095477386933,23.155778894472355,24.699497487437156,20.84020100502512,ads,clean_fullscreen,raw,actionable,uncertain,uncertain,,action_target,detector,positive,,2026-07-12T08:49:56.476934+00:00,2026-07-12T08:49:58.115024+00:00
90,file_17c948c4450ba29c,asset_beac250e4661b225,D:\Projects\adb_vl\ads2\assets\2_communication\manual_rescue_20260610_162023_edit.png,ads2\assets\2_communication\manual_rescue_20260610_162023_edit.png,441.40703517587934,475.1758793969849,78.39195979899495,19.2964824120603,shared,clean_fullscreen,raw,actionable,uncertain,uncertain,play,action_target,detector,positive,,2026-07-12T07:40:13.369122+00:00,2026-07-12T07:40:13.369122+00:00
40,file_1922bb97a02f78e7,asset_0ef85ef6c3008061,D:\Projects\adb_vl\ads2\assets\2_communication\manual_rescue_20260607_151902_edit.png,ads2\assets\2_communication\manual_rescue_20260607_151902_edit.png,908.1407035175879,24.120603015075375,34.9748743718593,20.50251256281407,ads,clean_fullscreen,raw,actionable,uncertain,uncertain,,action_target,detector,positive,,2026-07-12T07:31:53.936914+00:00,2026-07-12T07:31:53.936914+00:00
257,file_1b67921bb1d324da,asset_ce439f8a4dbcb1ce,D:\Projects\adb_vl\ads2\assets\3_reference_screens\manual_check_20260605_101959.png,ads2\assets\3_reference_screens\manual_check_20260605_101959.png,902.110552763819,31.356783919597987,37.38693467336691,37.38693467336684,ads,clean_fullscreen,raw,actionable,uncertain,uncertain,主城,action_target,detector,positive,,2026-07-12T09:27:36.814384+00:00,2026-07-12T09:27:36.843487+00:00
258,file_1b67921bb1d324da,asset_ce439f8a4dbcb1ce,D:\Projects\adb_vl\ads2\assets\3_reference_screens\manual_check_20260605_101959.png,ads2\assets\3_reference_screens\manual_check_20260605_101959.png,85.62814070351757,108.54271356783919,48.24120603015075,38.592964824120614,ads,clean_fullscreen,raw,actionable,uncertain,uncertain,主城,action_target,detector,positive,,2026-07-12T09:27:44.374252+00:00,2026-07-12T09:27:44.479695+00:00
333,file_1b67921bb1d324da,asset_ce439f8a4dbcb1ce,D:\Projects\adb_vl\ads2\assets\3_reference_screens\manual_check_20260605_101959.png,ads2\assets\3_reference_screens\manual_check_20260605_101959.png,434.0425531914894,395.74468085106383,81.7021276595745,38.297872340425556,ads,clean_fullscreen,raw,actionable,uncertain,uncertain,主城,action_target,detector,positive,,2026-07-12T09:43:07.601824+00:00,2026-07-12T09:43:07.622677+00:00
334,file_1b67921bb1d324da,asset_ce439f8a4dbcb1ce,D:\Projects\adb_vl\ads2\assets\3_reference_screens\manual_check_20260605_101959.png,ads2\assets\3_reference_screens\manual_check_20260605_101959.png,217.0212765957447,502.97872340425533,65.10638297872342,24.255319148936223,ads,clean_fullscreen,raw,actionable,uncertain,uncertain,主城,action_target,detector,positive,,2026-07-12T09:43:12.401697+00:00,2026-07-12T09:43:12.419833+00:00
335,file_1b67921bb1d324da,asset_ce439f8a4dbcb1ce,D:\Projects\adb_vl\ads2\assets\3_reference_screens\manual_check_20260605_101959.png,ads2\assets\3_reference_screens\manual_check_20260605_101959.png,51.06382978723404,508.0851063829787,67.65957446808511,15.31914893617028,ads,clean_fullscreen,raw,actionable,uncertain,uncertain,主城,action_target,detector,positive,,2026-07-12T09:43:15.859074+00:00,2026-07-12T09:43:15.954494+00:00
336,file_1b67921bb1d324da,asset_ce439f8a4dbcb1ce,D:\Projects\adb_vl\ads2\assets\3_reference_screens\manual_check_20260605_101959.png,ads2\assets\3_reference_screens\manual_check_20260605_101959.png,681.7021276595746,505.53191489361706,67.65957446808511,22.978723404255277,ads,clean_fullscreen,raw,actionable,uncertain,uncertain,主城,action_target,detector,positive,,2026-07-12T09:43:20.369588+00:00,2026-07-12T09:43:20.392377+00:00
337,file_1b67921bb1d324da,asset_ce439f8a4dbcb1ce,D:\Projects\adb_vl\ads2\assets\3_reference_screens\manual_check_20260605_101959.png,ads2\assets\3_reference_screens\manual_check_20260605_101959.png,797.872340425532,390.63829787234044,68.93617021276589,74.04255319148939,ads,clean_fullscreen,raw,actionable,uncertain,uncertain,主城,action_target,detector,positive,,2026-07-12T09:43:23.809866+00:00,2026-07-12T09:43:23.826204+00:00
280,file_1d0fb75f91c7abe3,asset_f6c3c72ac302e407,D:\Projects\adb_vl\ads2\assets\3_reference_screens\menu_test_2_20260605_104131.png,ads2\assets\3_reference_screens\menu_test_2_20260605_104131.png,902.110552763819,31.356783919597987,37.38693467336691,37.38693467336684,game,clean_fullscreen,raw,actionable,uncertain,uncertain,主城,action_target,detector,positive,,2026-07-12T09:29:12.718342+00:00,2026-07-12T09:29:12.718342+00:00
281,file_1d0fb75f91c7abe3,asset_f6c3c72ac302e407,D:\Projects\adb_vl\ads2\assets\3_reference_screens\menu_test_2_20260605_104131.png,ads2\assets\3_reference_screens\menu_test_2_20260605_104131.png,85.62814070351757,108.54271356783919,48.24120603015075,38.592964824120614,game,clean_fullscreen,raw,actionable,uncertain,uncertain,主城,action_target,detector,positive,,2026-07-12T09:29:12.733256+00:00,2026-07-12T09:29:12.733256+00:00
282,file_1d0fb75f91c7abe3,asset_f6c3c72ac302e407,D:\Projects\adb_vl\ads2\assets\3_reference_screens\menu_test_2_20260605_104131.png,ads2\assets\3_reference_screens\menu_test_2_20260605_104131.png,21.708542713567837,174.87437185929647,44.623115577889436,36.18090452261305,game,clean_fullscreen,raw,actionable,uncertain,uncertain,主城,action_target,detector,positive,,2026-07-12T09:29:12.750530+00:00,2026-07-12T09:29:12.750530+00:00
283,file_1d0fb75f91c7abe3,asset_f6c3c72ac302e407,D:\Projects\adb_vl\ads2\assets\3_reference_screens\menu_test_2_20260605_104131.png,ads2\assets\3_reference_screens\menu_test_2_20260605_104131.png,441.40703517587934,390.7537688442211,100.10050251256285,51.85929648241205,game,clean_fullscreen,raw,actionable,uncertain,uncertain,主城,action_target,detector,positive,,2026-07-12T09:29:12.765950+00:00,2026-07-12T09:29:12.765950+00:00
284,file_1d0fb75f91c7abe3,asset_f6c3c72ac302e407,D:\Projects\adb_vl\ads2\assets\3_reference_screens\menu_test_2_20260605_104131.png,ads2\assets\3_reference_screens\menu_test_2_20260605_104131.png,417.286432160804,499.29648241206024,107.3366834170854,25.32663316582915,game,clean_fullscreen,raw,actionable,uncertain,uncertain,主城,action_target,detector,positive,,2026-07-12T09:29:12.785166+00:00,2026-07-12T09:29:12.785166+00:00
285,file_1d0fb75f91c7abe3,asset_f6c3c72ac302e407,D:\Projects\adb_vl\ads2\assets\3_reference_screens\menu_test_2_20260605_104131.png,ads2\assets\3_reference_screens\menu_test_2_20260605_104131.png,669.3467336683417,494.4723618090452,72.3618090452261,31.356783919598,game,clean_fullscreen,raw,actionable,uncertain,uncertain,主城,action_target,detector,positive,,2026-07-12T09:29:12.804719+00:00,2026-07-12T09:29:12.804719+00:00
286,file_1d0fb75f91c7abe3,asset_f6c3c72ac302e407,D:\Projects\adb_vl\ads2\assets\3_reference_screens\menu_test_2_20260605_104131.png,ads2\assets\3_reference_screens\menu_test_2_20260605_104131.png,212.2613065326633,500.50251256281405,73.5678391959799,26.53266331658284,game,clean_fullscreen,raw,actionable,uncertain,uncertain,主城,action_target,detector,positive,,2026-07-12T09:29:12.822271+00:00,2026-07-12T09:29:12.822271+00:00
287,file_1d0fb75f91c7abe3,asset_f6c3c72ac302e407,D:\Projects\adb_vl\ads2\assets\3_reference_screens\menu_test_2_20260605_104131.png,ads2\assets\3_reference_screens\menu_test_2_20260605_104131.png,44.62311557788944,504.12060301507535,79.59798994974872,25.32663316582915,game,clean_fullscreen,raw,actionable,uncertain,uncertain,主城,action_target,detector,positive,,2026-07-12T09:29:12.839232+00:00,2026-07-12T09:29:12.839232+00:00
288,file_1d0fb75f91c7abe3,asset_f6c3c72ac302e407,D:\Projects\adb_vl\ads2\assets\3_reference_screens\menu_test_2_20260605_104131.png,ads2\assets\3_reference_screens\menu_test_2_20260605_104131.png,794.7738693467336,378.6934673366834,75.9798994974874,86.83417085427135,game,clean_fullscreen,raw,actionable,uncertain,uncertain,主城,action_target,detector,positive,,2026-07-12T09:29:12.854882+00:00,2026-07-12T09:29:12.854882+00:00
289,file_1d0fb75f91c7abe3,asset_f6c3c72ac302e407,D:\Projects\adb_vl\ads2\assets\3_reference_screens\menu_test_2_20260605_104131.png,ads2\assets\3_reference_screens\menu_test_2_20260605_104131.png,828.5427135678391,161.608040201005,47.035175879397,48.24120603015075,game,clean_fullscreen,raw,actionable,uncertain,uncertain,主城,action_target,detector,positive,,2026-07-12T09:29:12.871951+00:00,2026-07-12T09:29:12.871951+00:00
290,file_1d0fb75f91c7abe3,asset_f6c3c72ac302e407,D:\Projects\adb_vl\ads2\assets\3_reference_screens\menu_test_2_20260605_104131.png,ads2\assets\3_reference_screens\menu_test_2_20260605_104131.png,21.708542713567837,103.71859296482411,42.211055276381906,45.82914572864321,game,clean_fullscreen,raw,actionable,uncertain,uncertain,主城,action_target,detector,positive,,2026-07-12T09:29:12.887891+00:00,2026-07-12T09:29:12.887891+00:00
13,file_1d66d77457cb8524,asset_012e1c6083b7edb3,D:\Projects\adb_vl\ads2\assets\2_communication\manual_rescue_20260607_082726_original.png,ads2\assets\2_communication\manual_rescue_20260607_082726_original.png,420.56074766355135,131.21495327102804,122.24299065420558,39.25233644859813,shared,clean_fullscreen,raw,actionable,uncertain,uncertain,,action_target,detector,positive,,2026-07-12T07:23:37.210018+00:00,2026-07-12T07:23:37.210018+00:00
5,file_1dc86af4d362d037,asset_ab05d9f4b4d29489,D:\Projects\adb_vl\ads2\assets\2_communication\manual_rescue_20260606_231704_edit.png,ads2\assets\2_communication\manual_rescue_20260606_231704_edit.png,283.72469635627533,340.7287449392713,89.39271255060726,20.728744939271223,ads,clean_fullscreen,raw,actionable,uncertain,uncertain,play,action_target,detector,positive,,2026-07-12T07:12:52.970878+00:00,2026-07-12T07:12:52.970878+00:00
144,file_1e4f4b18bcc07ea6,asset_c81ab2155760df3c,D:\Projects\adb_vl\ads2\assets\2_communication\manual_rescue_20260625_144957_edit.png,ads2\assets\2_communication\manual_rescue_20260625_144957_edit.png,908.1407035175879,22.914572864321606,36.18090452261299,20.50251256281407,ads,clean_fullscreen,raw,actionable,uncertain,uncertain,,action_target,detector,positive,,2026-07-12T08:57:01.888258+00:00,2026-07-12T08:57:01.888258+00:00
226,file_1eb21421ca9b9649,asset_2867e99380860ce4,D:\Projects\adb_vl\ads2\assets\3_reference_screens\debug_end_20260605_081007.png,ads2\assets\3_reference_screens\debug_end_20260605_081007.png,414.87437185929645,135.0753768844221,127.83919597989944,42.2110552763819,ads,clean_fullscreen,raw,actionable,uncertain,uncertain,got,action_target,detector,positive,,2026-07-12T09:23:37.341201+00:00,2026-07-12T09:23:37.441646+00:00
43,file_1f61fa69df283b55,asset_6b5f8cdfb057831b,D:\Projects\adb_vl\ads2\assets\2_communication\manual_rescue_20260607_153732_original.png,ads2\assets\2_communication\manual_rescue_20260607_153732_original.png,908.1407035175879,24.120603015075375,34.9748743718593,20.50251256281407,ads,clean_fullscreen,raw,actionable,uncertain,uncertain,,action_target,detector,positive,,2026-07-12T07:31:59.124197+00:00,2026-07-12T07:31:59.124197+00:00
162,file_1f7b0b6d79c84dad,asset_1f86aa5565dbc45f,D:\Projects\adb_vl\ads2\assets\2_communication\manual_rescue_20260703_095006_original.png,ads2\assets\2_communication\manual_rescue_20260703_095006_original.png,94.61235216819973,18.922470433639948,36.58344283837057,30.275952693823914,ads,uncertain,raw,actionable,uncertain,uncertain,,action_target,detector,positive,,2026-07-12T09:02:01.645336+00:00,2026-07-12T09:02:01.645336+00:00
213,file_20310899d33cdbc9,asset_30d7092e08e623bc,D:\Projects\adb_vl\ads2\assets\3_reference_screens\ad_issue_20260606_083314.png,ads2\assets\3_reference_screens\ad_issue_20260606_083314.png,281.0050251256281,338.894472361809,91.65829145728645,20.502512562814104,ads,clean_fullscreen,raw,actionable,uncertain,uncertain,play,action_target,detector,positive,,2026-07-12T09:21:35.500076+00:00,2026-07-12T09:21:35.514601+00:00
338,file_22ca921e76653352,asset_a3346f5bfa58e3d4,D:\Projects\adb_vl\ads2\assets\2_communication\manual_rescue_20260703_113909_edit.png,ads2\assets\2_communication\manual_rescue_20260703_113909_edit.png,27.745664739884393,29.13294797687861,27.745664739884393,27.74566473988439,ads,clean_fullscreen,raw,actionable,uncertain,uncertain,,action_target,detector,positive,,2026-07-12T13:45:59.488985+00:00,2026-07-12T13:45:59.488985+00:00
20,file_243b7b7509dbd3e4,asset_ae18f7ee593c2fee,D:\Projects\adb_vl\ads2\assets\2_communication\manual_rescue_20260607_085221_original.png,ads2\assets\2_communication\manual_rescue_20260607_085221_original.png,428.1407035175879,143.51758793969847,97.6884422110553,31.356783919598,shared,clean_fullscreen,raw,actionable,uncertain,uncertain,,action_target,detector,positive,,2026-07-12T07:24:17.781814+00:00,2026-07-12T07:24:17.781814+00:00
214,file_26c3b4730cf5f4db,asset_6f78b2b98af5b30c,D:\Projects\adb_vl\ads2\assets\3_reference_screens\ad_issue_20260606_083435.png,ads2\assets\3_reference_screens\ad_issue_20260606_083435.png,158.0653266331658,602.4790619765492,51.557788944723626,36.44891122278063,shared,uncertain,raw,actionable,uncertain,uncertain,play,action_target,detector,positive,,2026-07-12T09:21:41.834882+00:00,2026-07-12T09:21:41.834882+00:00
215,file_26c3b4730cf5f4db,asset_6f78b2b98af5b30c,D:\Projects\adb_vl\ads2\assets\3_reference_screens\ad_issue_20260606_083435.png,ads2\assets\3_reference_screens\ad_issue_20260606_083435.png,23.968462549277266,16.39947437582129,132.45729303547964,30.275952693823914,ads,uncertain,raw,actionable,uncertain,uncertain,play,action_target,detector,positive,,2026-07-12T09:21:51.740282+00:00,2026-07-12T09:21:51.762795+00:00
64,file_29cd8a9b6ed552f6,asset_84d107a9ad22d8c6,D:\Projects\adb_vl\ads2\assets\2_communication\manual_rescue_20260607_165932_edit.png,ads2\assets\2_communication\manual_rescue_20260607_165932_edit.png,911.4114572864319,25.93447236180904,29.639396984924588,18.524623115577885,ads,clean_fullscreen,raw,actionable,uncertain,uncertain,,action_target,detector,positive,,2026-07-12T07:36:11.091378+00:00,2026-07-12T07:36:11.091378+00:00
197,file_2a37f7231e6a6bf5,asset_3975333343c205ac,D:\Projects\adb_vl\ads2\assets\3_reference_screens\ad_issue_20260606_045316.png,ads2\assets\3_reference_screens\ad_issue_20260606_045316.png,908.1407035175879,21.708542713567837,38.5929648241206,22.914572864321606,ads,clean_fullscreen,raw,actionable,uncertain,uncertain,,action_target,detector,positive,,2026-07-12T09:07:21.145070+00:00,2026-07-12T09:07:21.145070+00:00
218,file_2afb0226acc27ab5,asset_efd27acdc6f9a82d,D:\Projects\adb_vl\ads2\assets\3_reference_screens\ad_issue_20260606_083806.png,ads2\assets\3_reference_screens\ad_issue_20260606_083806.png,25.229960578186596,21.445466491458607,75.68988173455979,22.706964520367936,ads,uncertain,raw,actionable,uncertain,uncertain,play,action_target,detector,positive,,2026-07-12T09:22:07.437003+00:00,2026-07-12T09:22:07.455184+00:00
78,file_30d80381e71c4229,asset_011d6b03e2375afe,D:\Projects\adb_vl\ads2\assets\2_communication\manual_rescue_20260609_093141_original.png,ads2\assets\2_communication\manual_rescue_20260609_093141_original.png,909.2502512562812,23.15577889447236,33.96180904522612,20.84020100502512,ads,clean_fullscreen,raw,actionable,uncertain,uncertain,,action_target,detector,positive,,2026-07-12T07:38:22.888716+00:00,2026-07-12T07:38:22.888716+00:00
110,file_30e20ba407f2e735,asset_be918d46cdab9963,D:\Projects\adb_vl\ads2\assets\2_communication\manual_rescue_20260613_153604_original.png,ads2\assets\2_communication\manual_rescue_20260613_153604_original.png,906.9346733668341,21.708542713567837,39.798994974874404,21.708542713567837,ads,clean_fullscreen,raw,actionable,uncertain,uncertain,,action_target,detector,positive,,2026-07-12T07:42:35.093312+00:00,2026-07-12T07:42:35.093312+00:00
229,file_33bed67dff2f586f,asset_316d342ae711a0b1,D:\Projects\adb_vl\ads2\assets\3_reference_screens\IMG_1800.PNG,ads2\assets\3_reference_screens\IMG_1800.PNG,14.23366834170838,17.08040201005025,85.4020100502513,68.321608040201,ads,clean_fullscreen,raw,actionable,uncertain,uncertain,,action_target,detector,positive,,2026-07-12T09:23:52.086440+00:00,2026-07-12T09:23:56.523347+00:00
135,file_3476742336d99f85,asset_8cb870edb6b0eae0,D:\Projects\adb_vl\ads2\assets\2_communication\manual_rescue_20260624_122449_edit.png,ads2\assets\2_communication\manual_rescue_20260624_122449_edit.png,910.4234773869346,24.20550753768844,31.61535678391965,19.265608040201002,ads,clean_fullscreen,raw,actionable,uncertain,uncertain,,action_target,detector,positive,,2026-07-12T08:55:09.661998+00:00,2026-07-12T08:55:09.661998+00:00
36,file_36c42bd7e00afcdc,asset_003a3c06113bbe55,D:\Projects\adb_vl\ads2\assets\2_communication\manual_rescue_20260607_150413_original.png,ads2\assets\2_communication\manual_rescue_20260607_150413_original.png,916.5829145728642,24.120603015075375,20.261306532663298,18.33165829145728,ads,clean_fullscreen,raw,actionable,uncertain,uncertain,,action_target,detector,positive,,2026-07-12T07:31:30.943195+00:00,2026-07-12T07:31:30.943195+00:00
116,file_36d2228858cb0cce,asset_adbff24fa4cef34d,D:\Projects\adb_vl\ads2\assets\2_communication\manual_rescue_20260614_150919_original.png,ads2\assets\2_communication\manual_rescue_20260614_150919_original.png,908.3240201005023,24.699497487437178,35.19678391959792,18.52462311557788,ads,clean_fullscreen,raw,actionable,uncertain,uncertain,,action_target,detector,positive,,2026-07-12T08:48:48.614001+00:00,2026-07-12T08:48:48.614001+00:00
17,file_36e3a5114617b811,asset_9747d2b044514da5,D:\Projects\adb_vl\ads2\assets\2_communication\manual_rescue_20260607_084044_edit.png,ads2\assets\2_communication\manual_rescue_20260607_084044_edit.png,428.1407035175879,143.51758793969847,97.6884422110553,31.356783919598,shared,clean_fullscreen,raw,actionable,uncertain,uncertain,,action_target,detector,positive,,2026-07-12T07:24:13.200477+00:00,2026-07-12T07:24:13.200477+00:00
269,file_37a8b418e2d879fe,asset_065b12a0e022f1c9,D:\Projects\adb_vl\ads2\assets\3_reference_screens\menu_test_20260605_103846.png,ads2\assets\3_reference_screens\menu_test_20260605_103846.png,902.110552763819,31.356783919597987,37.38693467336691,37.38693467336684,game,clean_fullscreen,raw,actionable,uncertain,uncertain,主城,action_target,detector,positive,,2026-07-12T09:28:57.002559+00:00,2026-07-12T09:28:57.002559+00:00
270,file_37a8b418e2d879fe,asset_065b12a0e022f1c9,D:\Projects\adb_vl\ads2\assets\3_reference_screens\menu_test_20260605_103846.png,ads2\assets\3_reference_screens\menu_test_20260605_103846.png,85.62814070351757,108.54271356783919,48.24120603015075,38.592964824120614,game,clean_fullscreen,raw,actionable,uncertain,uncertain,主城,action_target,detector,positive,,2026-07-12T09:28:57.016321+00:00,2026-07-12T09:28:57.016321+00:00
271,file_37a8b418e2d879fe,asset_065b12a0e022f1c9,D:\Projects\adb_vl\ads2\assets\3_reference_screens\menu_test_20260605_103846.png,ads2\assets\3_reference_screens\menu_test_20260605_103846.png,21.708542713567837,174.87437185929647,44.623115577889436,36.18090452261305,game,clean_fullscreen,raw,actionable,uncertain,uncertain,主城,action_target,detector,positive,,2026-07-12T09:28:57.034739+00:00,2026-07-12T09:28:57.034739+00:00
272,file_37a8b418e2d879fe,asset_065b12a0e022f1c9,D:\Projects\adb_vl\ads2\assets\3_reference_screens\menu_test_20260605_103846.png,ads2\assets\3_reference_screens\menu_test_20260605_103846.png,441.40703517587934,390.7537688442211,100.10050251256285,51.85929648241205,game,clean_fullscreen,raw,actionable,uncertain,uncertain,主城,action_target,detector,positive,,2026-07-12T09:28:57.049275+00:00,2026-07-12T09:28:57.049275+00:00
273,file_37a8b418e2d879fe,asset_065b12a0e022f1c9,D:\Projects\adb_vl\ads2\assets\3_reference_screens\menu_test_20260605_103846.png,ads2\assets\3_reference_screens\menu_test_20260605_103846.png,417.286432160804,499.29648241206024,107.3366834170854,25.32663316582915,game,clean_fullscreen,raw,actionable,uncertain,uncertain,主城,action_target,detector,positive,,2026-07-12T09:28:57.067260+00:00,2026-07-12T09:28:57.067260+00:00
274,file_37a8b418e2d879fe,asset_065b12a0e022f1c9,D:\Projects\adb_vl\ads2\assets\3_reference_screens\menu_test_20260605_103846.png,ads2\assets\3_reference_screens\menu_test_20260605_103846.png,669.3467336683417,494.4723618090452,72.3618090452261,31.356783919598,game,clean_fullscreen,raw,actionable,uncertain,uncertain,主城,action_target,detector,positive,,2026-07-12T09:28:57.094246+00:00,2026-07-12T09:28:57.094246+00:00
275,file_37a8b418e2d879fe,asset_065b12a0e022f1c9,D:\Projects\adb_vl\ads2\assets\3_reference_screens\menu_test_20260605_103846.png,ads2\assets\3_reference_screens\menu_test_20260605_103846.png,212.2613065326633,500.50251256281405,73.5678391959799,26.53266331658284,game,clean_fullscreen,raw,actionable,uncertain,uncertain,主城,action_target,detector,positive,,2026-07-12T09:28:57.115170+00:00,2026-07-12T09:28:57.115170+00:00
276,file_37a8b418e2d879fe,asset_065b12a0e022f1c9,D:\Projects\adb_vl\ads2\assets\3_reference_screens\menu_test_20260605_103846.png,ads2\assets\3_reference_screens\menu_test_20260605_103846.png,44.62311557788944,504.12060301507535,79.59798994974872,25.32663316582915,game,clean_fullscreen,raw,actionable,uncertain,uncertain,主城,action_target,detector,positive,,2026-07-12T09:28:57.134612+00:00,2026-07-12T09:28:57.134612+00:00
277,file_37a8b418e2d879fe,asset_065b12a0e022f1c9,D:\Projects\adb_vl\ads2\assets\3_reference_screens\menu_test_20260605_103846.png,ads2\assets\3_reference_screens\menu_test_20260605_103846.png,794.7738693467336,378.6934673366834,75.9798994974874,86.83417085427135,game,clean_fullscreen,raw,actionable,uncertain,uncertain,主城,action_target,detector,positive,,2026-07-12T09:28:57.156094+00:00,2026-07-12T09:28:57.156094+00:00
278,file_37a8b418e2d879fe,asset_065b12a0e022f1c9,D:\Projects\adb_vl\ads2\assets\3_reference_screens\menu_test_20260605_103846.png,ads2\assets\3_reference_screens\menu_test_20260605_103846.png,828.5427135678391,161.608040201005,47.035175879397,48.24120603015075,game,clean_fullscreen,raw,actionable,uncertain,uncertain,主城,action_target,detector,positive,,2026-07-12T09:28:57.176364+00:00,2026-07-12T09:28:57.176364+00:00
279,file_37a8b418e2d879fe,asset_065b12a0e022f1c9,D:\Projects\adb_vl\ads2\assets\3_reference_screens\menu_test_20260605_103846.png,ads2\assets\3_reference_screens\menu_test_20260605_103846.png,21.708542713567837,103.71859296482411,42.211055276381906,45.82914572864321,ads,clean_fullscreen,raw,actionable,uncertain,uncertain,主城,action_target,detector,positive,,2026-07-12T09:29:06.118177+00:00,2026-07-12T09:29:06.228217+00:00
179,file_396e311ee8626082,asset_191230a348180ff4,D:\Projects\adb_vl\ads2\assets\2_communication\manual_rescue_20260711_140632_original.png,ads2\assets\2_communication\manual_rescue_20260711_140632_original.png,377.4874371859296,290.65326633165824,34.9748743718593,13.266331658291449,shared,clean_fullscreen,raw,actionable,uncertain,uncertain,free,action_target,detector,positive,,2026-07-12T09:04:32.157010+00:00,2026-07-12T09:04:32.157010+00:00
63,file_3d0482656b66a8c7,asset_5522d341e2105ef8,D:\Projects\adb_vl\ads2\assets\2_communication\manual_rescue_20260607_164127_edit.png,ads2\assets\2_communication\manual_rescue_20260607_164127_edit.png,911.4114572864319,25.93447236180904,29.639396984924588,18.524623115577885,ads,clean_fullscreen,raw,actionable,uncertain,uncertain,,action_target,detector,positive,,2026-07-12T07:36:08.753759+00:00,2026-07-12T07:36:08.753759+00:00
139,file_3f3709245f8648f5,asset_2e9c0f72f8a906ff,D:\Projects\adb_vl\ads2\assets\2_communication\manual_rescue_20260624_135856_edit.png,ads2\assets\2_communication\manual_rescue_20260624_135856_edit.png,911.6295075376884,22.99947738693467,31.61535678391965,19.265608040201002,ads,clean_fullscreen,raw,actionable,uncertain,uncertain,,action_target,detector,positive,,2026-07-12T08:55:33.275907+00:00,2026-07-12T08:55:33.275907+00:00
96,file_3f49ab4910595497,asset_68033ccf05c6f07c,D:\Projects\adb_vl\ads2\assets\2_communication\manual_rescue_20260613_064842_edit.png,ads2\assets\2_communication\manual_rescue_20260613_064842_edit.png,909.3467336683417,21.708542713567795,33.768844221105496,22.9145728643216,ads,clean_fullscreen,raw,actionable,uncertain,uncertain,,action_target,detector,positive,,2026-07-12T07:40:40.281422+00:00,2026-07-12T07:40:51.210155+00:00
188,file_4226114110deea3b,asset_839726e17027fcfd,D:\Projects\adb_vl\ads2\assets\3_reference_screens\ad_issue_20260606_042429.png,ads2\assets\3_reference_screens\ad_issue_20260606_042429.png,479.36925098554536,25.229960578186592,27.75295663600525,27.75295663600525,ads,uncertain,raw,actionable,uncertain,uncertain,,action_target,detector,positive,,2026-07-12T09:05:42.337470+00:00,2026-07-12T09:05:46.886952+00:00
15,file_4302c7d9cabc3a27,asset_42d55640f5e0078b,D:\Projects\adb_vl\ads2\assets\2_communication\manual_rescue_20260607_082949_edit.png,ads2\assets\2_communication\manual_rescue_20260607_082949_edit.png,428.1407035175879,143.51758793969847,97.6884422110553,31.356783919598,ads,clean_fullscreen,raw,actionable,uncertain,uncertain,,action_target,detector,positive,,2026-07-12T07:23:53.606127+00:00,2026-07-12T07:23:53.701721+00:00
41,file_44d80f437474f51b,asset_84c479c28cc73674,D:\Projects\adb_vl\ads2\assets\2_communication\manual_rescue_20260607_151902_original.png,ads2\assets\2_communication\manual_rescue_20260607_151902_original.png,908.1407035175879,24.120603015075375,34.9748743718593,20.50251256281407,ads,clean_fullscreen,raw,actionable,uncertain,uncertain,,action_target,detector,positive,,2026-07-12T07:31:56.766849+00:00,2026-07-12T07:31:56.766849+00:00
181,file_49bc9301264dc5e6,asset_6cdf6ededf658177,D:\Projects\adb_vl\ads2\assets\2_communication\manual_rescue_20260712_091320_edit.png,ads2\assets\2_communication\manual_rescue_20260712_091320_edit.png,284.6231155778894,335.2763819095477,88.04020100502515,27.738693467336702,ads,clean_fullscreen,raw,actionable,uncertain,uncertain,play,action_target,detector,positive,,2026-07-12T09:04:51.871804+00:00,2026-07-12T09:04:51.974261+00:00
156,file_4a0b887cc1021121,asset_451d0b46a3a8854c,D:\Projects\adb_vl\ads2\assets\2_communication\manual_rescue_20260630_190348_edit.png,ads2\assets\2_communication\manual_rescue_20260630_190348_edit.png,906.9346733668341,24.120603015075375,39.798994974874404,22.914572864321606,ads,clean_fullscreen,raw,actionable,uncertain,uncertain,,action_target,detector,positive,,2026-07-12T09:01:28.883362+00:00,2026-07-12T09:01:28.883362+00:00
105,file_4faf51f7efdcb762,asset_4b74d5405d484b1e,D:\Projects\adb_vl\ads2\assets\2_communication\manual_rescue_20260613_152650_edit.png,ads2\assets\2_communication\manual_rescue_20260613_152650_edit.png,906.9346733668341,21.708542713567837,39.798994974874404,21.708542713567837,ads,clean_fullscreen,raw,actionable,uncertain,uncertain,,action_target,detector,positive,,2026-07-12T07:42:23.213143+00:00,2026-07-12T07:42:23.213143+00:00
50,file_50e3a7f3bec0e370,asset_148fb06adfea06f2,D:\Projects\adb_vl\ads2\assets\2_communication\manual_rescue_20260607_161244_original.png,ads2\assets\2_communication\manual_rescue_20260607_161244_original.png,297.8894472361809,475.1758793969849,48.24120603015075,32.56281407035175,ads,clean_fullscreen,raw,actionable,uncertain,uncertain,play,action_target,detector,positive,,2026-07-12T07:33:22.103879+00:00,2026-07-12T07:33:22.207851+00:00
119,file_51e4398b2c2b97f4,asset_a147534feac4f9fe,D:\Projects\adb_vl\ads2\assets\2_communication\manual_rescue_20260614_155157_original.png,ads2\assets\2_communication\manual_rescue_20260614_155157_original.png,913.1095477386933,23.155778894472355,24.699497487437156,20.84020100502512,ads,clean_fullscreen,raw,actionable,uncertain,uncertain,,action_target,detector,positive,,2026-07-12T08:50:01.914402+00:00,2026-07-12T08:50:01.914402+00:00
177,file_5204cddb94e64d8e,asset_8089d3ec2f3418e0,D:\Projects\adb_vl\ads2\assets\2_communication\manual_rescue_20260711_140522_original.png,ads2\assets\2_communication\manual_rescue_20260711_140522_original.png,377.4874371859296,290.65326633165824,34.9748743718593,13.266331658291449,shared,clean_fullscreen,raw,actionable,uncertain,uncertain,free,action_target,detector,positive,,2026-07-12T09:04:29.071955+00:00,2026-07-12T09:04:29.071955+00:00
80,file_54649dd854c2aebf,asset_35050faa6b11f353,D:\Projects\adb_vl\ads2\assets\2_communication\manual_rescue_20260610_151332_edit.png,ads2\assets\2_communication\manual_rescue_20260610_151332_edit.png,809.2462311557788,467.9396984924623,49.44723618090461,26.532663316582898,ads,clean_fullscreen,raw,actionable,uncertain,uncertain,play,action_target,detector,positive,,2026-07-12T07:38:47.921460+00:00,2026-07-12T07:38:47.921460+00:00
137,file_571724a6f98e4c59,asset_d5764c150aa3271a,D:\Projects\adb_vl\ads2\assets\2_communication\manual_rescue_20260624_124749_edit.png,ads2\assets\2_communication\manual_rescue_20260624_124749_edit.png,911.6295075376884,22.99947738693467,31.61535678391965,19.265608040201002,ads,clean_fullscreen,raw,actionable,uncertain,uncertain,,action_target,detector,positive,,2026-07-12T08:55:16.293102+00:00,2026-07-12T08:55:21.555522+00:00
167,file_57a8534623367f8d,asset_29c8125cc98990ef,D:\Projects\adb_vl\ads2\assets\2_communication\manual_rescue_20260705_104432_edit.png,ads2\assets\2_communication\manual_rescue_20260705_104432_edit.png,909.3467336683416,22.914572864321606,31.356783919597987,27.73869346733668,ads,clean_fullscreen,raw,actionable,uncertain,uncertain,,action_target,detector,positive,,2026-07-12T09:02:42.386490+00:00,2026-07-12T09:02:46.230398+00:00
44,file_596fe48bf09caa19,asset_6cb8dabf6719aa9f,D:\Projects\adb_vl\ads2\assets\2_communication\manual_rescue_20260607_154252_edit.png,ads2\assets\2_communication\manual_rescue_20260607_154252_edit.png,908.1407035175879,24.120603015075375,34.9748743718593,20.50251256281407,ads,clean_fullscreen,raw,actionable,uncertain,uncertain,,action_target,detector,positive,,2026-07-12T07:32:00.029380+00:00,2026-07-12T07:32:00.029380+00:00
161,file_5b51190589169a7b,asset_a1b6c2355b5cf31b,D:\Projects\adb_vl\ads2\assets\2_communication\manual_rescue_20260703_095006_edit.png,ads2\assets\2_communication\manual_rescue_20260703_095006_edit.png,94.61235216819973,18.922470433639948,36.58344283837057,30.275952693823914,ads,uncertain,raw,actionable,uncertain,uncertain,,action_target,detector,positive,,2026-07-12T09:01:57.987130+00:00,2026-07-12T09:01:57.987130+00:00
97,file_5bd2e84e4b65a94b,asset_efd1608a9c659131,D:\Projects\adb_vl\ads2\assets\2_communication\manual_rescue_20260613_064842_original.png,ads2\assets\2_communication\manual_rescue_20260613_064842_original.png,909.3467336683417,21.708542713567795,33.768844221105496,22.9145728643216,ads,clean_fullscreen,raw,actionable,uncertain,uncertain,,action_target,detector,positive,,2026-07-12T07:41:02.233491+00:00,2026-07-12T07:41:02.233491+00:00
291,file_5c319c5f98288ad9,asset_b979829072a170d9,D:\Projects\adb_vl\ads2\assets\3_reference_screens\menu_test_3_20260605_104220.png,ads2\assets\3_reference_screens\menu_test_3_20260605_104220.png,902.110552763819,31.356783919597987,37.38693467336691,37.38693467336684,game,clean_fullscreen,raw,actionable,uncertain,uncertain,主城,action_target,detector,positive,,2026-07-12T09:29:16.829271+00:00,2026-07-12T09:29:16.829271+00:00
292,file_5c319c5f98288ad9,asset_b979829072a170d9,D:\Projects\adb_vl\ads2\assets\3_reference_screens\menu_test_3_20260605_104220.png,ads2\assets\3_reference_screens\menu_test_3_20260605_104220.png,85.62814070351757,108.54271356783919,48.24120603015075,38.592964824120614,game,clean_fullscreen,raw,actionable,uncertain,uncertain,主城,action_target,detector,positive,,2026-07-12T09:29:16.845224+00:00,2026-07-12T09:29:16.845224+00:00
293,file_5c319c5f98288ad9,asset_b979829072a170d9,D:\Projects\adb_vl\ads2\assets\3_reference_screens\menu_test_3_20260605_104220.png,ads2\assets\3_reference_screens\menu_test_3_20260605_104220.png,21.708542713567837,174.87437185929647,44.623115577889436,36.18090452261305,game,clean_fullscreen,raw,actionable,uncertain,uncertain,主城,action_target,detector,positive,,2026-07-12T09:29:16.862137+00:00,2026-07-12T09:29:16.862137+00:00
294,file_5c319c5f98288ad9,asset_b979829072a170d9,D:\Projects\adb_vl\ads2\assets\3_reference_screens\menu_test_3_20260605_104220.png,ads2\assets\3_reference_screens\menu_test_3_20260605_104220.png,441.40703517587934,390.7537688442211,100.10050251256285,51.85929648241205,game,clean_fullscreen,raw,actionable,uncertain,uncertain,主城,action_target,detector,positive,,2026-07-12T09:29:16.879238+00:00,2026-07-12T09:29:16.879238+00:00
295,file_5c319c5f98288ad9,asset_b979829072a170d9,D:\Projects\adb_vl\ads2\assets\3_reference_screens\menu_test_3_20260605_104220.png,ads2\assets\3_reference_screens\menu_test_3_20260605_104220.png,417.286432160804,499.29648241206024,107.3366834170854,25.32663316582915,game,clean_fullscreen,raw,actionable,uncertain,uncertain,主城,action_target,detector,positive,,2026-07-12T09:29:16.894704+00:00,2026-07-12T09:29:16.894704+00:00
296,file_5c319c5f98288ad9,asset_b979829072a170d9,D:\Projects\adb_vl\ads2\assets\3_reference_screens\menu_test_3_20260605_104220.png,ads2\assets\3_reference_screens\menu_test_3_20260605_104220.png,669.3467336683417,494.4723618090452,72.3618090452261,31.356783919598,game,clean_fullscreen,raw,actionable,uncertain,uncertain,主城,action_target,detector,positive,,2026-07-12T09:29:16.919626+00:00,2026-07-12T09:29:16.919626+00:00
297,file_5c319c5f98288ad9,asset_b979829072a170d9,D:\Projects\adb_vl\ads2\assets\3_reference_screens\menu_test_3_20260605_104220.png,ads2\assets\3_reference_screens\menu_test_3_20260605_104220.png,212.2613065326633,500.50251256281405,73.5678391959799,26.53266331658284,game,clean_fullscreen,raw,actionable,uncertain,uncertain,主城,action_target,detector,positive,,2026-07-12T09:29:16.935586+00:00,2026-07-12T09:29:16.935586+00:00
298,file_5c319c5f98288ad9,asset_b979829072a170d9,D:\Projects\adb_vl\ads2\assets\3_reference_screens\menu_test_3_20260605_104220.png,ads2\assets\3_reference_screens\menu_test_3_20260605_104220.png,44.62311557788944,504.12060301507535,79.59798994974872,25.32663316582915,game,clean_fullscreen,raw,actionable,uncertain,uncertain,主城,action_target,detector,positive,,2026-07-12T09:29:16.953015+00:00,2026-07-12T09:29:16.953015+00:00
299,file_5c319c5f98288ad9,asset_b979829072a170d9,D:\Projects\adb_vl\ads2\assets\3_reference_screens\menu_test_3_20260605_104220.png,ads2\assets\3_reference_screens\menu_test_3_20260605_104220.png,794.7738693467336,378.6934673366834,75.9798994974874,86.83417085427135,game,clean_fullscreen,raw,actionable,uncertain,uncertain,主城,action_target,detector,positive,,2026-07-12T09:29:16.968207+00:00,2026-07-12T09:29:16.968207+00:00
300,file_5c319c5f98288ad9,asset_b979829072a170d9,D:\Projects\adb_vl\ads2\assets\3_reference_screens\menu_test_3_20260605_104220.png,ads2\assets\3_reference_screens\menu_test_3_20260605_104220.png,828.5427135678391,161.608040201005,47.035175879397,48.24120603015075,game,clean_fullscreen,raw,actionable,uncertain,uncertain,主城,action_target,detector,positive,,2026-07-12T09:29:16.986367+00:00,2026-07-12T09:29:16.986367+00:00
301,file_5c319c5f98288ad9,asset_b979829072a170d9,D:\Projects\adb_vl\ads2\assets\3_reference_screens\menu_test_3_20260605_104220.png,ads2\assets\3_reference_screens\menu_test_3_20260605_104220.png,21.708542713567837,103.71859296482411,42.211055276381906,45.82914572864321,game,clean_fullscreen,raw,actionable,uncertain,uncertain,主城,action_target,detector,positive,,2026-07-12T09:29:17.001749+00:00,2026-07-12T09:29:17.001749+00:00
138,file_5c48d6bc2314a63a,asset_7c5afa1685004ea5,D:\Projects\adb_vl\ads2\assets\2_communication\manual_rescue_20260624_124749_original.png,ads2\assets\2_communication\manual_rescue_20260624_124749_original.png,911.6295075376884,22.99947738693467,31.61535678391965,19.265608040201002,ads,clean_fullscreen,raw,actionable,uncertain,uncertain,,action_target,detector,positive,,2026-07-12T08:55:32.286298+00:00,2026-07-12T08:55:32.286298+00:00
83,file_5f84afe3e6c04d9a,asset_784538fdbee4d196,D:\Projects\adb_vl\ads2\assets\2_communication\manual_rescue_20260610_151458_original.png,ads2\assets\2_communication\manual_rescue_20260610_151458_original.png,809.2462311557788,467.9396984924623,49.44723618090461,26.532663316582898,shared,clean_fullscreen,raw,actionable,uncertain,uncertain,play,action_target,detector,positive,,2026-07-12T07:39:06.582071+00:00,2026-07-12T07:39:06.582071+00:00
124,file_608055de17005875,asset_0b038a10b6c750bf,D:\Projects\adb_vl\ads2\assets\2_communication\manual_rescue_20260615_082502_original.png,ads2\assets\2_communication\manual_rescue_20260615_082502_original.png,912.8934271356783,28.15742713567839,30.133386934673354,13.831718592964819,ads,clean_fullscreen,raw,actionable,uncertain,uncertain,,action_target,detector,positive,,2026-07-12T08:50:40.771487+00:00,2026-07-12T08:50:40.771487+00:00
331,file_62915857d2a83403,asset_13f76287fd75d905,D:\Projects\adb_vl\ads2\assets\3_reference_screens\test_screen_20260605_071116.png,ads2\assets\3_reference_screens\test_screen_20260605_071116.png,419.6984924623115,356.98492462311555,78.391959798995,21.70854271356785,ads,clean_fullscreen,raw,actionable,uncertain,uncertain,play,action_target,detector,positive,,2026-07-12T09:30:07.110901+00:00,2026-07-12T09:30:07.217682+00:00
332,file_62915857d2a83403,asset_13f76287fd75d905,D:\Projects\adb_vl\ads2\assets\3_reference_screens\test_screen_20260605_071116.png,ads2\assets\3_reference_screens\test_screen_20260605_071116.png,558.3919597989949,350.9547738693467,78.391959798995,25.32663316582915,ads,clean_fullscreen,raw,actionable,uncertain,uncertain,play,action_target,detector,positive,,2026-07-12T09:30:11.807664+00:00,2026-07-12T09:30:11.910744+00:00
211,file_62eb4a22ecd67267,asset_312a606f05e4fc6b,D:\Projects\adb_vl\ads2\assets\3_reference_screens\ad_issue_20260606_082946.png,ads2\assets\3_reference_screens\ad_issue_20260606_082946.png,25.229960578186596,18.922470433639948,126.14980289093299,26.491458607095925,ads,uncertain,raw,actionable,uncertain,uncertain,,action_target,detector,positive,,2026-07-12T09:09:32.883468+00:00,2026-07-12T09:09:32.883468+00:00
187,file_63d499f21e5afbbc,asset_b73360061a4ab5ea,D:\Projects\adb_vl\ads2\assets\3_reference_screens\ad_issue_20260606_042353.png,ads2\assets\3_reference_screens\ad_issue_20260606_042353.png,484.4152431011827,249.77660972404732,27.75295663600525,27.75295663600525,ads,uncertain,raw,actionable,uncertain,uncertain,,action_target,detector,positive,,2026-07-12T09:05:40.480628+00:00,2026-07-12T09:05:40.480628+00:00
38,file_6498acc37b738765,asset_e944939861a0d57c,D:\Projects\adb_vl\ads2\assets\2_communication\manual_rescue_20260607_150759_original.png,ads2\assets\2_communication\manual_rescue_20260607_150759_original.png,916.5829145728642,24.120603015075375,20.261306532663298,18.33165829145728,ads,clean_fullscreen,raw,actionable,uncertain,uncertain,,action_target,detector,positive,,2026-07-12T07:31:33.716245+00:00,2026-07-12T07:31:33.716245+00:00
183,file_64d49b0439134d8f,asset_65fa0038dcac2a45,D:\Projects\adb_vl\ads2\assets\3_reference_screens\ad_close_20260605_071601.png,ads2\assets\3_reference_screens\ad_close_20260605_071601.png,911.7587939698492,21.708542713567837,30.150753768844197,28.94472361809045,ads,clean_fullscreen,raw,actionable,uncertain,uncertain,,action_target,detector,positive,,2026-07-12T09:05:07.648970+00:00,2026-07-12T09:05:07.648970+00:00
89,file_66430019a71b7b32,asset_404f88ea5573b3a0,D:\Projects\adb_vl\ads2\assets\2_communication\manual_rescue_20260610_161942_original.png,ads2\assets\2_communication\manual_rescue_20260610_161942_original.png,441.40703517587934,475.1758793969849,78.39195979899495,19.2964824120603,shared,clean_fullscreen,raw,actionable,uncertain,uncertain,play,action_target,detector,positive,,2026-07-12T07:40:12.260591+00:00,2026-07-12T07:40:12.260591+00:00
236,file_6648e2dee7f4014f,asset_78136f562a7d3896,D:\Projects\adb_vl\ads2\assets\3_reference_screens\main_city_20260605_101631.png,ads2\assets\3_reference_screens\main_city_20260605_101631.png,903.3165829145728,26.532663316582912,34.9748743718593,44.623115577889436,ads,clean_fullscreen,raw,actionable,uncertain,uncertain,主城,action_target,detector,positive,,2026-07-12T09:25:08.230070+00:00,2026-07-12T09:25:08.338033+00:00
237,file_6648e2dee7f4014f,asset_78136f562a7d3896,D:\Projects\adb_vl\ads2\assets\3_reference_screens\main_city_20260605_101631.png,ads2\assets\3_reference_screens\main_city_20260605_101631.png,213.46733668341707,502.91457286432154,74.77386934673368,25.32663316582915,ads,clean_fullscreen,raw,actionable,uncertain,uncertain,主城,action_target,detector,positive,,2026-07-12T09:25:15.861063+00:00,2026-07-12T09:25:15.967132+00:00
238,file_6648e2dee7f4014f,asset_78136f562a7d3896,D:\Projects\adb_vl\ads2\assets\3_reference_screens\main_city_20260605_101631.png,ads2\assets\3_reference_screens\main_city_20260605_101631.png,416.0804020100502,499.29648241206024,102.5125628140704,33.76884422110555,ads,clean_fullscreen,raw,actionable,uncertain,uncertain,主城,action_target,detector,positive,,2026-07-12T09:25:21.853935+00:00,2026-07-12T09:25:21.961332+00:00
239,file_6648e2dee7f4014f,asset_78136f562a7d3896,D:\Projects\adb_vl\ads2\assets\3_reference_screens\main_city_20260605_101631.png,ads2\assets\3_reference_screens\main_city_20260605_101631.png,672.964824120603,496.8844221105527,80.8040201005025,33.768844221105496,ads,clean_fullscreen,raw,actionable,uncertain,uncertain,主城,action_target,detector,positive,,2026-07-12T09:25:28.333487+00:00,2026-07-12T09:25:28.436056+00:00
241,file_6648e2dee7f4014f,asset_78136f562a7d3896,D:\Projects\adb_vl\ads2\assets\3_reference_screens\main_city_20260605_101631.png,ads2\assets\3_reference_screens\main_city_20260605_101631.png,41.00502512562814,494.4723618090452,80.80402010050251,32.56281407035169,ads,clean_fullscreen,raw,actionable,uncertain,uncertain,主城,action_target,detector,positive,,2026-07-12T09:25:45.781434+00:00,2026-07-12T09:25:45.804277+00:00
242,file_6648e2dee7f4014f,asset_78136f562a7d3896,D:\Projects\adb_vl\ads2\assets\3_reference_screens\main_city_20260605_101631.png,ads2\assets\3_reference_screens\main_city_20260605_101631.png,21.708542713567837,109.74874371859295,44.623115577889436,42.2110552763819,ads,clean_fullscreen,raw,actionable,uncertain,uncertain,主城,action_target,detector,positive,,2026-07-12T09:25:51.893513+00:00,2026-07-12T09:25:52.002470+00:00
243,file_6648e2dee7f4014f,asset_78136f562a7d3896,D:\Projects\adb_vl\ads2\assets\3_reference_screens\main_city_20260605_101631.png,ads2\assets\3_reference_screens\main_city_20260605_101631.png,19.2964824120603,180.9045226130653,42.211055276381906,42.21105527638193,ads,clean_fullscreen,raw,actionable,uncertain,uncertain,主城,action_target,detector,positive,,2026-07-12T09:25:58.925840+00:00,2026-07-12T09:25:58.938319+00:00
244,file_6648e2dee7f4014f,asset_78136f562a7d3896,D:\Projects\adb_vl\ads2\assets\3_reference_screens\main_city_20260605_101631.png,ads2\assets\3_reference_screens\main_city_20260605_101631.png,18.09045226130653,12.060301507537687,43.417085427135675,43.417085427135675,ads,clean_fullscreen,raw,actionable,uncertain,uncertain,主城,action_target,detector,positive,,2026-07-12T09:26:03.525114+00:00,2026-07-12T09:26:03.635121+00:00
191,file_699fcbfcfde8ea45,asset_3cb349642d8b0030,D:\Projects\adb_vl\ads2\assets\3_reference_screens\ad_issue_20260606_043707.png,ads2\assets\3_reference_screens\ad_issue_20260606_043707.png,902.110552763819,168.84422110552762,31.356783919598,24.120603015075375,ads,clean_fullscreen,raw,actionable,uncertain,uncertain,,action_target,detector,positive,,2026-07-12T09:06:07.536467+00:00,2026-07-12T09:06:10.911447+00:00
222,file_6bec458b59aed4c0,asset_b6014544ab445589,D:\Projects\adb_vl\ads2\assets\3_reference_screens\check_back_20260605_075109.png,ads2\assets\3_reference_screens\check_back_20260605_075109.png,419.6984924623115,354.572864321608,77.1859296482412,22.9145728643216,ads,clean_fullscreen,raw,actionable,uncertain,uncertain,play,action_target,detector,positive,,2026-07-12T09:23:04.301368+00:00,2026-07-12T09:23:04.409067+00:00
223,file_6bec458b59aed4c0,asset_b6014544ab445589,D:\Projects\adb_vl\ads2\assets\3_reference_screens\check_back_20260605_075109.png,ads2\assets\3_reference_screens\check_back_20260605_075109.png,557.1859296482412,352.1608040201005,78.39195979899489,25.326633165829094,ads,clean_fullscreen,raw,actionable,uncertain,uncertain,play,action_target,detector,positive,,2026-07-12T09:23:09.756287+00:00,2026-07-12T09:23:09.863011+00:00
35,file_6dac895af9d30ef2,asset_ee7c08a720254382,D:\Projects\adb_vl\ads2\assets\2_communication\manual_rescue_20260607_150413_edit.png,ads2\assets\2_communication\manual_rescue_20260607_150413_edit.png,916.5829145728642,24.120603015075375,20.261306532663298,18.33165829145728,ads,clean_fullscreen,raw,actionable,uncertain,uncertain,,action_target,detector,positive,,2026-07-12T07:31:27.218394+00:00,2026-07-12T07:31:27.218394+00:00
48,file_70f4558ba79f206e,asset_b26970a43dfdf0e2,D:\Projects\adb_vl\ads2\assets\2_communication\manual_rescue_20260607_161122_original.png,ads2\assets\2_communication\manual_rescue_20260607_161122_original.png,300.3015075376884,476.38190954773864,34.9748743718593,31.356783919598,shared,clean_fullscreen,raw,actionable,uncertain,uncertain,play,action_target,detector,positive,,2026-07-12T07:32:33.263698+00:00,2026-07-12T07:32:33.263698+00:00
77,file_756d1099ec107314,asset_0d5f9440bc991aa0,D:\Projects\adb_vl\ads2\assets\2_communication\manual_rescue_20260609_093141_edit.png,ads2\assets\2_communication\manual_rescue_20260609_093141_edit.png,909.2502512562812,23.15577889447236,33.96180904522612,20.84020100502512,ads,clean_fullscreen,raw,actionable,uncertain,uncertain,,action_target,detector,positive,,2026-07-12T07:38:07.929785+00:00,2026-07-12T07:38:08.033577+00:00
140,file_75de454102768585,asset_90e3e8ec409fe85c,D:\Projects\adb_vl\ads2\assets\2_communication\manual_rescue_20260624_135856_original.png,ads2\assets\2_communication\manual_rescue_20260624_135856_original.png,911.6295075376884,22.99947738693467,31.61535678391965,19.265608040201002,ads,clean_fullscreen,raw,actionable,uncertain,uncertain,,action_target,detector,positive,,2026-07-12T08:55:34.782174+00:00,2026-07-12T08:55:34.782174+00:00
302,file_796fcea7d245bd4e,asset_c8ed765cee5d30ad,D:\Projects\adb_vl\ads2\assets\3_reference_screens\nav_menu_20260605_100942.png,ads2\assets\3_reference_screens\nav_menu_20260605_100942.png,902.110552763819,31.356783919597987,37.38693467336691,37.38693467336684,game,clean_fullscreen,raw,actionable,uncertain,uncertain,主城,action_target,detector,positive,,2026-07-12T09:29:21.383253+00:00,2026-07-12T09:29:21.383253+00:00
303,file_796fcea7d245bd4e,asset_c8ed765cee5d30ad,D:\Projects\adb_vl\ads2\assets\3_reference_screens\nav_menu_20260605_100942.png,ads2\assets\3_reference_screens\nav_menu_20260605_100942.png,85.62814070351757,108.54271356783919,48.24120603015075,38.592964824120614,game,clean_fullscreen,raw,actionable,uncertain,uncertain,主城,action_target,detector,positive,,2026-07-12T09:29:21.399800+00:00,2026-07-12T09:29:21.399800+00:00
304,file_796fcea7d245bd4e,asset_c8ed765cee5d30ad,D:\Projects\adb_vl\ads2\assets\3_reference_screens\nav_menu_20260605_100942.png,ads2\assets\3_reference_screens\nav_menu_20260605_100942.png,21.708542713567837,174.87437185929647,44.623115577889436,36.18090452261305,game,clean_fullscreen,raw,actionable,uncertain,uncertain,主城,action_target,detector,positive,,2026-07-12T09:29:21.416258+00:00,2026-07-12T09:29:21.416258+00:00
306,file_796fcea7d245bd4e,asset_c8ed765cee5d30ad,D:\Projects\adb_vl\ads2\assets\3_reference_screens\nav_menu_20260605_100942.png,ads2\assets\3_reference_screens\nav_menu_20260605_100942.png,417.286432160804,499.29648241206024,107.3366834170854,25.32663316582915,game,clean_fullscreen,raw,actionable,uncertain,uncertain,主城,action_target,detector,positive,,2026-07-12T09:29:21.457290+00:00,2026-07-12T09:29:21.457290+00:00
307,file_796fcea7d245bd4e,asset_c8ed765cee5d30ad,D:\Projects\adb_vl\ads2\assets\3_reference_screens\nav_menu_20260605_100942.png,ads2\assets\3_reference_screens\nav_menu_20260605_100942.png,669.3467336683417,494.4723618090452,72.3618090452261,31.356783919598,game,clean_fullscreen,raw,actionable,uncertain,uncertain,主城,action_target,detector,positive,,2026-07-12T09:29:21.473371+00:00,2026-07-12T09:29:21.473371+00:00
308,file_796fcea7d245bd4e,asset_c8ed765cee5d30ad,D:\Projects\adb_vl\ads2\assets\3_reference_screens\nav_menu_20260605_100942.png,ads2\assets\3_reference_screens\nav_menu_20260605_100942.png,212.2613065326633,500.50251256281405,73.5678391959799,26.53266331658284,game,clean_fullscreen,raw,actionable,uncertain,uncertain,主城,action_target,detector,positive,,2026-07-12T09:29:21.490185+00:00,2026-07-12T09:29:21.490185+00:00
309,file_796fcea7d245bd4e,asset_c8ed765cee5d30ad,D:\Projects\adb_vl\ads2\assets\3_reference_screens\nav_menu_20260605_100942.png,ads2\assets\3_reference_screens\nav_menu_20260605_100942.png,44.62311557788944,504.12060301507535,79.59798994974872,25.32663316582915,game,clean_fullscreen,raw,actionable,uncertain,uncertain,主城,action_target,detector,positive,,2026-07-12T09:29:21.505372+00:00,2026-07-12T09:29:21.505372+00:00
311,file_796fcea7d245bd4e,asset_c8ed765cee5d30ad,D:\Projects\adb_vl\ads2\assets\3_reference_screens\nav_menu_20260605_100942.png,ads2\assets\3_reference_screens\nav_menu_20260605_100942.png,828.5427135678391,161.608040201005,47.035175879397,48.24120603015075,game,clean_fullscreen,raw,actionable,uncertain,uncertain,主城,action_target,detector,positive,,2026-07-12T09:29:21.538861+00:00,2026-07-12T09:29:21.538861+00:00
312,file_796fcea7d245bd4e,asset_c8ed765cee5d30ad,D:\Projects\adb_vl\ads2\assets\3_reference_screens\nav_menu_20260605_100942.png,ads2\assets\3_reference_screens\nav_menu_20260605_100942.png,21.708542713567837,103.71859296482411,42.211055276381906,45.82914572864321,game,clean_fullscreen,raw,actionable,uncertain,uncertain,主城,action_target,detector,positive,,2026-07-12T09:29:21.564186+00:00,2026-07-12T09:29:21.564186+00:00
66,file_7b1e49249bd69d55,asset_8cc868336d8add69,D:\Projects\adb_vl\ads2\assets\2_communication\manual_rescue_20260608_082319_edit.png,ads2\assets\2_communication\manual_rescue_20260608_082319_edit.png,911.4114572864319,25.93447236180904,29.639396984924588,18.524623115577885,ads,clean_fullscreen,raw,actionable,uncertain,uncertain,,action_target,detector,positive,,2026-07-12T07:36:14.843960+00:00,2026-07-12T07:36:14.843960+00:00
45,file_7bf7eaa14bb5cddc,asset_979a7f289e8b2244,D:\Projects\adb_vl\ads2\assets\2_communication\manual_rescue_20260607_154252_original.png,ads2\assets\2_communication\manual_rescue_20260607_154252_original.png,908.1407035175879,24.120603015075375,34.9748743718593,20.50251256281407,ads,clean_fullscreen,raw,actionable,uncertain,uncertain,,action_target,detector,positive,,2026-07-12T07:32:00.855761+00:00,2026-07-12T07:32:00.855761+00:00
166,file_7d456315cf4c9b23,asset_b5eba0c407852304,D:\Projects\adb_vl\ads2\assets\2_communication\manual_rescue_20260703_113909_original.png,ads2\assets\2_communication\manual_rescue_20260703_113909_original.png,26.532663316582912,30.15075376884422,31.356783919597987,27.73869346733668,ads,clean_fullscreen,raw,actionable,uncertain,uncertain,,action_target,detector,positive,,2026-07-12T09:02:38.871303+00:00,2026-07-12T09:02:38.871303+00:00
18,file_7e8dc83206c303ea,asset_cdbc112f29c50c6a,D:\Projects\adb_vl\ads2\assets\2_communication\manual_rescue_20260607_084044_original.png,ads2\assets\2_communication\manual_rescue_20260607_084044_original.png,428.1407035175879,143.51758793969847,97.6884422110553,31.356783919598,shared,clean_fullscreen,raw,actionable,uncertain,uncertain,,action_target,detector,positive,,2026-07-12T07:24:16.237076+00:00,2026-07-12T07:24:16.237076+00:00
85,file_7f8ff5b6a7200fb8,asset_989c6569acc7af32,D:\Projects\adb_vl\ads2\assets\2_communication\manual_rescue_20260610_153906_original.png,ads2\assets\2_communication\manual_rescue_20260610_153906_original.png,406.43216080402,401.60804020100494,49.44723618090461,26.532663316582898,shared,clean_fullscreen,raw,actionable,uncertain,uncertain,play,action_target,detector,positive,,2026-07-12T07:39:38.793190+00:00,2026-07-12T07:39:38.793190+00:00
108,file_80a71757ba9b2849,asset_09e2530be65c8860,D:\Projects\adb_vl\ads2\assets\2_communication\manual_rescue_20260613_152827_original.png,ads2\assets\2_communication\manual_rescue_20260613_152827_original.png,906.9346733668341,21.708542713567837,39.798994974874404,21.708542713567837,ads,clean_fullscreen,raw,actionable,uncertain,uncertain,,action_target,detector,positive,,2026-07-12T07:42:29.778213+00:00,2026-07-12T07:42:29.778213+00:00
34,file_836b44de324f1b1a,asset_88d4e00731bb83a4,D:\Projects\adb_vl\ads2\assets\2_communication\manual_rescue_20260607_145608_original.png,ads2\assets\2_communication\manual_rescue_20260607_145608_original.png,916.5829145728642,24.120603015075375,20.261306532663298,18.33165829145728,ads,clean_fullscreen,raw,actionable,uncertain,uncertain,,action_target,detector,positive,,2026-07-12T07:31:25.313186+00:00,2026-07-12T07:31:25.313186+00:00
174,file_8696a161a6854f90,asset_85f122e867a85630,D:\Projects\adb_vl\ads2\assets\2_communication\manual_rescue_20260711_083559_edit.png,ads2\assets\2_communication\manual_rescue_20260711_083559_edit.png,908.1407035175879,15.678391959798994,33.768844221105496,34.97487437185929,ads,clean_fullscreen,raw,actionable,uncertain,uncertain,,action_target,detector,positive,,2026-07-12T09:04:00.808125+00:00,2026-07-12T09:04:00.808125+00:00
194,file_86f1aa108b00df27,asset_00f4379729c9ed23,D:\Projects\adb_vl\ads2\assets\3_reference_screens\ad_issue_20260606_044653.png,ads2\assets\3_reference_screens\ad_issue_20260606_044653.png,484.4152431011827,249.77660972404732,26.49145860709592,25.229960578186592,ads,uncertain,raw,actionable,uncertain,uncertain,,action_target,detector,positive,,2026-07-12T09:06:46.897468+00:00,2026-07-12T09:06:46.897468+00:00
172,file_871a1eaf8b898e17,asset_dffe72d06cbfb9bc,D:\Projects\adb_vl\ads2\assets\2_communication\manual_rescue_20260708_161712_original.png,ads2\assets\2_communication\manual_rescue_20260708_161712_original.png,912.9648241206029,24.120603015075375,24.120603015075403,22.914572864321606,ads,clean_fullscreen,raw,actionable,uncertain,uncertain,,action_target,detector,positive,,2026-07-12T09:03:40.933716+00:00,2026-07-12T09:03:40.933716+00:00
16,file_884882948f49225e,asset_db91c1f09cec9eb8,D:\Projects\adb_vl\ads2\assets\2_communication\manual_rescue_20260607_082949_original.png,ads2\assets\2_communication\manual_rescue_20260607_082949_original.png,428.1407035175879,143.51758793969847,97.6884422110553,31.356783919598,shared,clean_fullscreen,raw,actionable,uncertain,uncertain,,action_target,detector,positive,,2026-07-12T07:24:06.823256+00:00,2026-07-12T07:24:06.823256+00:00
101,file_88fcbdea1d5d9255,asset_a5f588e5f344bd43,D:\Projects\adb_vl\ads2\assets\2_communication\manual_rescue_20260613_145759_edit.png,ads2\assets\2_communication\manual_rescue_20260613_145759_edit.png,908.1407035175879,21.708542713567837,34.9748743718593,21.708542713567837,ads,clean_fullscreen,raw,actionable,uncertain,uncertain,,action_target,detector,positive,,2026-07-12T07:41:46.995310+00:00,2026-07-12T07:41:46.995310+00:00
86,file_89900fa83979cda8,asset_333319d3f78eed9a,D:\Projects\adb_vl\ads2\assets\2_communication\manual_rescue_20260610_153949_edit.png,ads2\assets\2_communication\manual_rescue_20260610_153949_edit.png,406.43216080402,401.60804020100494,49.44723618090461,26.532663316582898,shared,clean_fullscreen,raw,actionable,uncertain,uncertain,play,action_target,detector,positive,,2026-07-12T07:39:40.624074+00:00,2026-07-12T07:39:40.624074+00:00
37,file_8a31e0f727b3b9cb,asset_36bc47380f8b1aa2,D:\Projects\adb_vl\ads2\assets\2_communication\manual_rescue_20260607_150759_edit.png,ads2\assets\2_communication\manual_rescue_20260607_150759_edit.png,916.5829145728642,24.120603015075375,20.261306532663298,18.33165829145728,ads,clean_fullscreen,raw,actionable,uncertain,uncertain,,action_target,detector,positive,,2026-07-12T07:31:32.316947+00:00,2026-07-12T07:31:32.316947+00:00
115,file_8b220e19790c2298,asset_4cc22374792bd870,D:\Projects\adb_vl\ads2\assets\2_communication\manual_rescue_20260614_150919_edit.png,ads2\assets\2_communication\manual_rescue_20260614_150919_edit.png,908.3240201005023,24.699497487437178,35.19678391959792,18.52462311557788,ads,clean_fullscreen,raw,actionable,uncertain,uncertain,,action_target,detector,positive,,2026-07-12T08:48:44.220349+00:00,2026-07-12T08:48:44.220349+00:00
163,file_8c53b93384b1195f,asset_48ba55a2b871b08b,D:\Projects\adb_vl\ads2\assets\2_communication\manual_rescue_20260703_095054_edit.png,ads2\assets\2_communication\manual_rescue_20260703_095054_edit.png,94.61235216819973,18.922470433639948,36.58344283837057,30.275952693823914,ads,uncertain,raw,actionable,uncertain,uncertain,,action_target,detector,positive,,2026-07-12T09:02:02.520533+00:00,2026-07-12T09:02:02.520533+00:00
259,file_8c7ca52b2fdac367,asset_03b4e6a7a4a0570c,D:\Projects\adb_vl\ads2\assets\3_reference_screens\manual_check_20260605_102938.png,ads2\assets\3_reference_screens\manual_check_20260605_102938.png,902.110552763819,31.356783919597987,37.38693467336691,37.38693467336684,game,clean_fullscreen,raw,actionable,uncertain,uncertain,主城,action_target,detector,positive,,2026-07-12T09:27:45.812597+00:00,2026-07-12T09:27:45.812597+00:00
260,file_8c7ca52b2fdac367,asset_03b4e6a7a4a0570c,D:\Projects\adb_vl\ads2\assets\3_reference_screens\manual_check_20260605_102938.png,ads2\assets\3_reference_screens\manual_check_20260605_102938.png,85.62814070351757,108.54271356783919,48.24120603015075,38.592964824120614,game,clean_fullscreen,raw,actionable,uncertain,uncertain,主城,action_target,detector,positive,,2026-07-12T09:27:45.829048+00:00,2026-07-12T09:27:45.829048+00:00
261,file_8c7ca52b2fdac367,asset_03b4e6a7a4a0570c,D:\Projects\adb_vl\ads2\assets\3_reference_screens\manual_check_20260605_102938.png,ads2\assets\3_reference_screens\manual_check_20260605_102938.png,21.708542713567837,174.87437185929647,44.623115577889436,36.18090452261305,ads,clean_fullscreen,raw,actionable,uncertain,uncertain,主城,action_target,detector,positive,,2026-07-12T09:27:58.277833+00:00,2026-07-12T09:27:58.405700+00:00
262,file_8c7ca52b2fdac367,asset_03b4e6a7a4a0570c,D:\Projects\adb_vl\ads2\assets\3_reference_screens\manual_check_20260605_102938.png,ads2\assets\3_reference_screens\manual_check_20260605_102938.png,441.40703517587934,390.7537688442211,100.10050251256285,51.85929648241205,ads,clean_fullscreen,raw,actionable,uncertain,uncertain,主城,action_target,detector,positive,,2026-07-12T09:28:09.526047+00:00,2026-07-12T09:28:09.631762+00:00
263,file_8c7ca52b2fdac367,asset_03b4e6a7a4a0570c,D:\Projects\adb_vl\ads2\assets\3_reference_screens\manual_check_20260605_102938.png,ads2\assets\3_reference_screens\manual_check_20260605_102938.png,417.286432160804,499.29648241206024,107.3366834170854,25.32663316582915,ads,clean_fullscreen,raw,actionable,uncertain,uncertain,主城,action_target,detector,positive,,2026-07-12T09:28:16.118723+00:00,2026-07-12T09:28:16.223093+00:00
264,file_8c7ca52b2fdac367,asset_03b4e6a7a4a0570c,D:\Projects\adb_vl\ads2\assets\3_reference_screens\manual_check_20260605_102938.png,ads2\assets\3_reference_screens\manual_check_20260605_102938.png,669.3467336683417,494.4723618090452,72.3618090452261,31.356783919598,ads,clean_fullscreen,raw,actionable,uncertain,uncertain,主城,action_target,detector,positive,,2026-07-12T09:28:19.901887+00:00,2026-07-12T09:28:20.019634+00:00
265,file_8c7ca52b2fdac367,asset_03b4e6a7a4a0570c,D:\Projects\adb_vl\ads2\assets\3_reference_screens\manual_check_20260605_102938.png,ads2\assets\3_reference_screens\manual_check_20260605_102938.png,212.2613065326633,500.50251256281405,73.5678391959799,26.53266331658284,ads,clean_fullscreen,raw,actionable,uncertain,uncertain,主城,action_target,detector,positive,,2026-07-12T09:28:24.038578+00:00,2026-07-12T09:28:24.059414+00:00
266,file_8c7ca52b2fdac367,asset_03b4e6a7a4a0570c,D:\Projects\adb_vl\ads2\assets\3_reference_screens\manual_check_20260605_102938.png,ads2\assets\3_reference_screens\manual_check_20260605_102938.png,44.62311557788944,504.12060301507535,79.59798994974872,25.32663316582915,ads,clean_fullscreen,raw,actionable,uncertain,uncertain,主城,action_target,detector,positive,,2026-07-12T09:28:28.493682+00:00,2026-07-12T09:28:28.515902+00:00
267,file_8c7ca52b2fdac367,asset_03b4e6a7a4a0570c,D:\Projects\adb_vl\ads2\assets\3_reference_screens\manual_check_20260605_102938.png,ads2\assets\3_reference_screens\manual_check_20260605_102938.png,794.7738693467336,378.6934673366834,75.9798994974874,86.83417085427135,ads,clean_fullscreen,raw,actionable,uncertain,uncertain,主城,action_target,detector,positive,,2026-07-12T09:28:35.352550+00:00,2026-07-12T09:28:35.457829+00:00
268,file_8c7ca52b2fdac367,asset_03b4e6a7a4a0570c,D:\Projects\adb_vl\ads2\assets\3_reference_screens\manual_check_20260605_102938.png,ads2\assets\3_reference_screens\manual_check_20260605_102938.png,828.5427135678391,161.608040201005,47.035175879397,48.24120603015075,ads,clean_fullscreen,raw,actionable,uncertain,uncertain,主城,action_target,detector,positive,,2026-07-12T09:28:49.902683+00:00,2026-07-12T09:28:50.004201+00:00
205,file_91fa657ccf5a9a56,asset_f507b80628bdf057,D:\Projects\adb_vl\ads2\assets\3_reference_screens\ad_issue_20260606_052302.png,ads2\assets\3_reference_screens\ad_issue_20260606_052302.png,910.5527638190954,24.120603015075375,28.944723618090507,25.326633165829143,ads,clean_fullscreen,raw,actionable,uncertain,uncertain,,action_target,detector,positive,,2026-07-12T09:08:28.689063+00:00,2026-07-12T09:08:28.689063+00:00
21,file_921bc8370c557d92,asset_952d77d5dade7206,D:\Projects\adb_vl\ads2\assets\2_communication\manual_rescue_20260607_085540_edit.png,ads2\assets\2_communication\manual_rescue_20260607_085540_edit.png,428.1407035175879,143.51758793969847,97.6884422110553,31.356783919598,shared,clean_fullscreen,raw,actionable,uncertain,uncertain,,action_target,detector,positive,,2026-07-12T07:24:18.504163+00:00,2026-07-12T07:24:18.504163+00:00
27,file_930ab51f7142d475,asset_278755527ca1a3e5,D:\Projects\adb_vl\ads2\assets\2_communication\manual_rescue_20260607_144904_edit.png,ads2\assets\2_communication\manual_rescue_20260607_144904_edit.png,911.7587939698492,21.708542713567837,31.356783919598,21.708542713567837,ads,clean_fullscreen,raw,actionable,uncertain,uncertain,,action_target,detector,positive,,2026-07-12T07:25:38.022193+00:00,2026-07-12T07:25:38.022193+00:00
132,file_930b0e954fd4d20f,asset_a1127cd78d9fdfe0,D:\Projects\adb_vl\ads2\assets\2_communication\manual_rescue_20260617_104135_edit.png,ads2\assets\2_communication\manual_rescue_20260617_104135_edit.png,24.120603015075375,25.326633165829143,83.21608040201005,33.768844221105525,ads,clean_fullscreen,raw,actionable,uncertain,uncertain,,action_target,detector,positive,,2026-07-12T08:52:43.141284+00:00,2026-07-12T08:52:43.141284+00:00
57,file_958cead94d8e1841,asset_3205a944e419dafa,D:\Projects\adb_vl\ads2\assets\2_communication\manual_rescue_20260607_163135_edit.png,ads2\assets\2_communication\manual_rescue_20260607_163135_edit.png,912.9648241206029,21.708542713567837,26.53266331658301,21.708542713567837,ads,clean_fullscreen,raw,actionable,uncertain,uncertain,,action_target,detector,positive,,2026-07-12T07:35:28.778019+00:00,2026-07-12T07:35:28.801144+00:00
69,file_964499e8c824d89b,asset_0400fa765d75f34b,D:\Projects\adb_vl\ads2\assets\2_communication\manual_rescue_20260609_091118_edit.png,ads2\assets\2_communication\manual_rescue_20260609_091118_edit.png,418.49246231155774,352.1608040201005,78.39195979899495,24.120603015075346,ads,clean_fullscreen,raw,actionable,uncertain,uncertain,play,action_target,detector,positive,,2026-07-12T07:37:15.858536+00:00,2026-07-12T07:37:15.957971+00:00
70,file_964499e8c824d89b,asset_0400fa765d75f34b,D:\Projects\adb_vl\ads2\assets\2_communication\manual_rescue_20260609_091118_edit.png,ads2\assets\2_communication\manual_rescue_20260609_091118_edit.png,558.3919597989949,353.36683417085425,77.1859296482412,25.32663316582915,ads,clean_fullscreen,raw,actionable,uncertain,uncertain,play,action_target,detector,positive,,2026-07-12T07:37:21.682259+00:00,2026-07-12T07:37:21.697326+00:00
71,file_964499e8c824d89b,asset_0400fa765d75f34b,D:\Projects\adb_vl\ads2\assets\2_communication\manual_rescue_20260609_091118_edit.png,ads2\assets\2_communication\manual_rescue_20260609_091118_edit.png,698.2914572864321,352.1608040201005,74.7738693467337,27.738693467336645,ads,clean_fullscreen,raw,actionable,uncertain,uncertain,play,action_target,detector,positive,,2026-07-12T07:37:27.033939+00:00,2026-07-12T07:37:27.136220+00:00
72,file_964499e8c824d89b,asset_0400fa765d75f34b,D:\Projects\adb_vl\ads2\assets\2_communication\manual_rescue_20260609_091118_edit.png,ads2\assets\2_communication\manual_rescue_20260609_091118_edit.png,834.572864321608,354.572864321608,75.9798994974874,21.70854271356785,ads,clean_fullscreen,raw,actionable,uncertain,uncertain,play,action_target,detector,positive,,2026-07-12T07:37:33.866246+00:00,2026-07-12T07:37:33.981120+00:00
143,file_985be4a18038c3c7,asset_e616283f4b7706bd,D:\Projects\adb_vl\ads2\assets\2_communication\manual_rescue_20260625_144927_original.png,ads2\assets\2_communication\manual_rescue_20260625_144927_original.png,908.1407035175879,22.914572864321606,36.18090452261299,20.50251256281407,ads,clean_fullscreen,raw,actionable,uncertain,uncertain,,action_target,detector,positive,,2026-07-12T08:57:00.006228+00:00,2026-07-12T08:57:00.006228+00:00
154,file_98d4aefb10ff3479,asset_ba6fe53170910093,D:\Projects\adb_vl\ads2\assets\2_communication\manual_rescue_20260629_105851_edit.png,ads2\assets\2_communication\manual_rescue_20260629_105851_edit.png,906.9346733668341,24.120603015075375,39.798994974874404,22.914572864321606,ads,clean_fullscreen,raw,actionable,uncertain,uncertain,,action_target,detector,positive,,2026-07-12T09:00:26.070735+00:00,2026-07-12T09:00:26.070735+00:00
148,file_9a362e65ff44e284,asset_c821d71772c59117,D:\Projects\adb_vl\ads2\assets\2_communication\manual_rescue_20260628_092450_edit.png,ads2\assets\2_communication\manual_rescue_20260628_092450_edit.png,418.49246231155774,354.572864321608,82.0100502512563,24.120603015075403,ads,clean_fullscreen,raw,actionable,uncertain,uncertain,play,action_target,detector,positive,,2026-07-12T08:58:40.807279+00:00,2026-07-12T08:58:40.825382+00:00
149,file_9a362e65ff44e284,asset_c821d71772c59117,D:\Projects\adb_vl\ads2\assets\2_communication\manual_rescue_20260628_092450_edit.png,ads2\assets\2_communication\manual_rescue_20260628_092450_edit.png,695.8793969849246,349.74874371859295,79.5979899497487,27.738693467336645,ads,clean_fullscreen,raw,actionable,uncertain,uncertain,play,action_target,detector,positive,,2026-07-12T08:58:46.630267+00:00,2026-07-12T08:58:46.647933+00:00
150,file_9a362e65ff44e284,asset_c821d71772c59117,D:\Projects\adb_vl\ads2\assets\2_communication\manual_rescue_20260628_092450_edit.png,ads2\assets\2_communication\manual_rescue_20260628_092450_edit.png,833.3668341708542,354.572864321608,79.5979899497487,24.120603015075403,ads,clean_fullscreen,raw,actionable,uncertain,uncertain,play,action_target,detector,positive,,2026-07-12T08:58:53.694785+00:00,2026-07-12T08:58:53.712926+00:00
104,file_9d1febe871779b70,asset_62b34680da624599,D:\Projects\adb_vl\ads2\assets\2_communication\manual_rescue_20260613_145852_original.png,ads2\assets\2_communication\manual_rescue_20260613_145852_original.png,906.9346733668341,21.708542713567837,39.798994974874404,21.708542713567837,ads,clean_fullscreen,raw,actionable,uncertain,uncertain,,action_target,detector,positive,,2026-07-12T07:42:20.051252+00:00,2026-07-12T07:42:20.051252+00:00
59,file_9e466ed58c8c5e3f,asset_419b00ac3f9e1f40,D:\Projects\adb_vl\ads2\assets\2_communication\manual_rescue_20260607_163211_edit.png,ads2\assets\2_communication\manual_rescue_20260607_163211_edit.png,912.9648241206029,21.708542713567837,26.53266331658301,21.708542713567837,ads,clean_fullscreen,raw,actionable,uncertain,uncertain,,action_target,detector,positive,,2026-07-12T07:35:35.857722+00:00,2026-07-12T07:35:35.857722+00:00
8,file_a38025dbb89180ef,asset_18251ebb4fbe0ec2,D:\Projects\adb_vl\ads2\assets\2_communication\manual_rescue_20260606_232156_original.png,ads2\assets\2_communication\manual_rescue_20260606_232156_original.png,430.12145748987854,147.6923076923077,99.75708502024298,23.31983805668014,ads,clean_fullscreen,raw,actionable,uncertain,uncertain,got,action_target,detector,positive,,2026-07-12T07:14:15.475535+00:00,2026-07-12T07:14:15.498642+00:00
19,file_a3ae38fcad2f22f2,asset_fa172a2f563a6c00,D:\Projects\adb_vl\ads2\assets\2_communication\manual_rescue_20260607_085221_edit.png,ads2\assets\2_communication\manual_rescue_20260607_085221_edit.png,428.1407035175879,143.51758793969847,97.6884422110553,31.356783919598,shared,clean_fullscreen,raw,actionable,uncertain,uncertain,,action_target,detector,positive,,2026-07-12T07:24:17.110272+00:00,2026-07-12T07:24:17.110272+00:00
157,file_a4972c7044ed599f,asset_154a6887d8c4149d,D:\Projects\adb_vl\ads2\assets\2_communication\manual_rescue_20260630_190348_original.png,ads2\assets\2_communication\manual_rescue_20260630_190348_original.png,906.9346733668341,24.120603015075375,39.798994974874404,22.914572864321606,ads,clean_fullscreen,raw,actionable,uncertain,uncertain,,action_target,detector,positive,,2026-07-12T09:01:29.913597+00:00,2026-07-12T09:01:29.913597+00:00
127,file_a9031c67e781d454,asset_874adabac201e985,D:\Projects\adb_vl\ads2\assets\2_communication\manual_rescue_20260615_092805_edit.png,ads2\assets\2_communication\manual_rescue_20260615_092805_edit.png,25.93447236180904,27.786934673366826,32.72683417085426,29.639396984924613,ads,clean_fullscreen,raw,actionable,uncertain,uncertain,,action_target,detector,positive,,2026-07-12T08:51:45.044762+00:00,2026-07-12T08:51:45.044762+00:00
112,file_abeea71426d40417,asset_d62f49a9b89208ee,D:\Projects\adb_vl\ads2\assets\2_communication\manual_rescue_20260613_154118_edit.png,ads2\assets\2_communication\manual_rescue_20260613_154118_edit.png,32.562814070351756,30.15075376884422,72.36180904522612,21.708542713567837,ads,clean_fullscreen,raw,actionable,uncertain,uncertain,,action_target,detector,positive,,2026-07-12T07:42:55.812455+00:00,2026-07-12T07:42:55.812455+00:00
88,file_af69e9cd56b95901,asset_bec79d4dc79846ec,D:\Projects\adb_vl\ads2\assets\2_communication\manual_rescue_20260610_161942_edit.png,ads2\assets\2_communication\manual_rescue_20260610_161942_edit.png,441.40703517587934,475.1758793969849,78.39195979899495,19.2964824120603,ads,clean_fullscreen,raw,actionable,uncertain,uncertain,play,action_target,detector,positive,,2026-07-12T07:40:03.226475+00:00,2026-07-12T07:40:03.325177+00:00
155,file_af833fb7e45331af,asset_8bcaa30d76665775,D:\Projects\adb_vl\ads2\assets\2_communication\manual_rescue_20260629_105851_original.png,ads2\assets\2_communication\manual_rescue_20260629_105851_original.png,906.9346733668341,24.120603015075375,39.798994974874404,22.914572864321606,ads,clean_fullscreen,raw,actionable,uncertain,uncertain,,action_target,detector,positive,,2026-07-12T09:01:27.618394+00:00,2026-07-12T09:01:27.618394+00:00
136,file_b1346d2ef973ee63,asset_7f562fa0234169c2,D:\Projects\adb_vl\ads2\assets\2_communication\manual_rescue_20260624_122449_original.png,ads2\assets\2_communication\manual_rescue_20260624_122449_original.png,910.4234773869346,24.20550753768844,31.61535678391965,19.265608040201002,ads,clean_fullscreen,raw,actionable,uncertain,uncertain,,action_target,detector,positive,,2026-07-12T08:55:14.633984+00:00,2026-07-12T08:55:14.633984+00:00
190,file_b13dca0c57485599,asset_85c958d4396513c0,D:\Projects\adb_vl\ads2\assets\3_reference_screens\ad_issue_20260606_043419.png,ads2\assets\3_reference_screens\ad_issue_20260606_043419.png,908.1407035175879,24.120603015075375,31.356783919598,24.120603015075375,ads,clean_fullscreen,raw,actionable,uncertain,uncertain,,action_target,detector,positive,,2026-07-12T09:06:03.951960+00:00,2026-07-12T09:06:03.951960+00:00
195,file_b1a6c217ed1812c5,asset_e9e00b6b1331c151,D:\Projects\adb_vl\ads2\assets\3_reference_screens\ad_issue_20260606_044717.png,ads2\assets\3_reference_screens\ad_issue_20260606_044717.png,480.6307490144547,27.75295663600528,26.49145860709592,25.229960578186592,ads,uncertain,raw,actionable,uncertain,uncertain,,action_target,detector,positive,,2026-07-12T09:06:48.562977+00:00,2026-07-12T09:06:51.711321+00:00
107,file_b650e197c95d1bd6,asset_8281ebec570c03d6,D:\Projects\adb_vl\ads2\assets\2_communication\manual_rescue_20260613_152827_edit.png,ads2\assets\2_communication\manual_rescue_20260613_152827_edit.png,906.9346733668341,21.708542713567837,39.798994974874404,21.708542713567837,ads,clean_fullscreen,raw,actionable,uncertain,uncertain,,action_target,detector,positive,,2026-07-12T07:42:26.270242+00:00,2026-07-12T07:42:26.270242+00:00
313,file_b70a9e54f00bdf67,asset_406af9224e28ab7c,D:\Projects\adb_vl\ads2\assets\3_reference_screens\nav_menu_2_20260605_101405.png,ads2\assets\3_reference_screens\nav_menu_2_20260605_101405.png,902.110552763819,31.356783919597987,37.38693467336691,37.38693467336684,game,clean_fullscreen,raw,actionable,uncertain,uncertain,主城,action_target,detector,positive,,2026-07-12T09:29:36.413256+00:00,2026-07-12T09:29:36.413256+00:00
314,file_b70a9e54f00bdf67,asset_406af9224e28ab7c,D:\Projects\adb_vl\ads2\assets\3_reference_screens\nav_menu_2_20260605_101405.png,ads2\assets\3_reference_screens\nav_menu_2_20260605_101405.png,85.62814070351757,108.54271356783919,48.24120603015075,38.592964824120614,game,clean_fullscreen,raw,actionable,uncertain,uncertain,主城,action_target,detector,positive,,2026-07-12T09:29:36.428397+00:00,2026-07-12T09:29:36.428397+00:00
315,file_b70a9e54f00bdf67,asset_406af9224e28ab7c,D:\Projects\adb_vl\ads2\assets\3_reference_screens\nav_menu_2_20260605_101405.png,ads2\assets\3_reference_screens\nav_menu_2_20260605_101405.png,21.708542713567837,174.87437185929647,44.623115577889436,36.18090452261305,game,clean_fullscreen,raw,actionable,uncertain,uncertain,主城,action_target,detector,positive,,2026-07-12T09:29:36.446026+00:00,2026-07-12T09:29:36.446026+00:00
316,file_b70a9e54f00bdf67,asset_406af9224e28ab7c,D:\Projects\adb_vl\ads2\assets\3_reference_screens\nav_menu_2_20260605_101405.png,ads2\assets\3_reference_screens\nav_menu_2_20260605_101405.png,417.286432160804,499.29648241206024,107.3366834170854,25.32663316582915,game,clean_fullscreen,raw,actionable,uncertain,uncertain,主城,action_target,detector,positive,,2026-07-12T09:29:36.465238+00:00,2026-07-12T09:29:36.465238+00:00
317,file_b70a9e54f00bdf67,asset_406af9224e28ab7c,D:\Projects\adb_vl\ads2\assets\3_reference_screens\nav_menu_2_20260605_101405.png,ads2\assets\3_reference_screens\nav_menu_2_20260605_101405.png,669.3467336683417,494.4723618090452,72.3618090452261,31.356783919598,game,clean_fullscreen,raw,actionable,uncertain,uncertain,主城,action_target,detector,positive,,2026-07-12T09:29:36.479023+00:00,2026-07-12T09:29:36.479023+00:00
318,file_b70a9e54f00bdf67,asset_406af9224e28ab7c,D:\Projects\adb_vl\ads2\assets\3_reference_screens\nav_menu_2_20260605_101405.png,ads2\assets\3_reference_screens\nav_menu_2_20260605_101405.png,212.2613065326633,500.50251256281405,73.5678391959799,26.53266331658284,game,clean_fullscreen,raw,actionable,uncertain,uncertain,主城,action_target,detector,positive,,2026-07-12T09:29:36.497589+00:00,2026-07-12T09:29:36.497589+00:00
319,file_b70a9e54f00bdf67,asset_406af9224e28ab7c,D:\Projects\adb_vl\ads2\assets\3_reference_screens\nav_menu_2_20260605_101405.png,ads2\assets\3_reference_screens\nav_menu_2_20260605_101405.png,44.62311557788944,504.12060301507535,79.59798994974872,25.32663316582915,game,clean_fullscreen,raw,actionable,uncertain,uncertain,主城,action_target,detector,positive,,2026-07-12T09:29:36.512101+00:00,2026-07-12T09:29:36.512101+00:00
320,file_b70a9e54f00bdf67,asset_406af9224e28ab7c,D:\Projects\adb_vl\ads2\assets\3_reference_screens\nav_menu_2_20260605_101405.png,ads2\assets\3_reference_screens\nav_menu_2_20260605_101405.png,828.5427135678391,161.608040201005,47.035175879397,48.24120603015075,game,clean_fullscreen,raw,actionable,uncertain,uncertain,主城,action_target,detector,positive,,2026-07-12T09:29:36.530523+00:00,2026-07-12T09:29:36.530523+00:00
321,file_b70a9e54f00bdf67,asset_406af9224e28ab7c,D:\Projects\adb_vl\ads2\assets\3_reference_screens\nav_menu_2_20260605_101405.png,ads2\assets\3_reference_screens\nav_menu_2_20260605_101405.png,21.708542713567837,103.71859296482411,42.211055276381906,45.82914572864321,game,clean_fullscreen,raw,actionable,uncertain,uncertain,主城,action_target,detector,positive,,2026-07-12T09:29:36.544340+00:00,2026-07-12T09:29:36.544340+00:00
7,file_b7ee94d02191862f,asset_636cdeb26ca95f12,D:\Projects\adb_vl\ads2\assets\2_communication\manual_rescue_20260606_232156_edit.png,ads2\assets\2_communication\manual_rescue_20260606_232156_edit.png,434.0080971659919,145.1012145748988,103.64372469635623,29.79757085020242,ads,clean_fullscreen,raw,actionable,uncertain,uncertain,got,action_target,detector,positive,,2026-07-12T07:13:45.795598+00:00,2026-07-12T07:13:45.817657+00:00
12,file_b83f222024e4dce3,asset_aa6d0cc26c800a10,D:\Projects\adb_vl\ads2\assets\2_communication\manual_rescue_20260607_082726_edit.png,ads2\assets\2_communication\manual_rescue_20260607_082726_edit.png,420.56074766355135,131.21495327102804,122.24299065420558,39.25233644859813,ads,clean_fullscreen,raw,actionable,uncertain,uncertain,,action_target,detector,positive,,2026-07-12T07:22:26.254484+00:00,2026-07-12T07:22:26.357203+00:00
164,file_b8ca494b1f3a2178,asset_0604819d8686c298,D:\Projects\adb_vl\ads2\assets\2_communication\manual_rescue_20260703_095054_original.png,ads2\assets\2_communication\manual_rescue_20260703_095054_original.png,94.61235216819973,18.922470433639948,36.58344283837057,30.275952693823914,ads,uncertain,raw,actionable,uncertain,uncertain,,action_target,detector,positive,,2026-07-12T09:02:03.564107+00:00,2026-07-12T09:02:03.564107+00:00
234,file_ba764025c2b5abbf,asset_9d7bae47fd97200a,D:\Projects\adb_vl\ads2\assets\3_reference_screens\IMG_1805.PNG,ads2\assets\3_reference_screens\IMG_1805.PNG,22.77386934673359,8.540201005025132,85.4020100502513,68.321608040201,ads,clean_fullscreen,raw,actionable,uncertain,uncertain,,action_target,detector,positive,,2026-07-12T09:24:29.519197+00:00,2026-07-12T09:24:29.519197+00:00
171,file_bcec00f9c51b465c,asset_fe96e218d8ab27e9,D:\Projects\adb_vl\ads2\assets\2_communication\manual_rescue_20260708_161712_edit.png,ads2\assets\2_communication\manual_rescue_20260708_161712_edit.png,912.9648241206029,24.120603015075375,24.120603015075403,22.914572864321606,ads,clean_fullscreen,raw,actionable,uncertain,uncertain,,action_target,detector,positive,,2026-07-12T09:03:38.015752+00:00,2026-07-12T09:03:38.015752+00:00
94,file_bd70b239a5fbea1e,asset_74d5a532c042508d,D:\Projects\adb_vl\ads2\assets\2_communication\manual_rescue_20260611_111745_edit.png,ads2\assets\2_communication\manual_rescue_20260611_111745_edit.png,557.1859296482412,354.572864321608,33.768844221105496,22.9145728643216,shared,clean_fullscreen,raw,actionable,uncertain,uncertain,play,action_target,detector,positive,,2026-07-12T07:40:38.442402+00:00,2026-07-12T07:40:38.442402+00:00
65,file_bed48f9ad2be2f33,asset_8ba1bdf15ecbae79,D:\Projects\adb_vl\ads2\assets\2_communication\manual_rescue_20260607_165932_original.png,ads2\assets\2_communication\manual_rescue_20260607_165932_original.png,911.4114572864319,25.93447236180904,29.639396984924588,18.524623115577885,ads,clean_fullscreen,raw,actionable,uncertain,uncertain,,action_target,detector,positive,,2026-07-12T07:36:13.013344+00:00,2026-07-12T07:36:13.013344+00:00
95,file_c1fdec59744aed96,asset_d38989a326a68217,D:\Projects\adb_vl\ads2\assets\2_communication\manual_rescue_20260611_111745_original.png,ads2\assets\2_communication\manual_rescue_20260611_111745_original.png,557.1859296482412,354.572864321608,33.768844221105496,22.9145728643216,shared,clean_fullscreen,raw,actionable,uncertain,uncertain,play,action_target,detector,positive,,2026-07-12T07:40:39.399362+00:00,2026-07-12T07:40:39.399362+00:00
93,file_c4ec37986cd6235f,asset_297f7e488e946558,D:\Projects\adb_vl\ads2\assets\2_communication\manual_rescue_20260611_111718_original.png,ads2\assets\2_communication\manual_rescue_20260611_111718_original.png,557.1859296482412,354.572864321608,33.768844221105496,22.9145728643216,shared,clean_fullscreen,raw,actionable,uncertain,uncertain,play,action_target,detector,positive,,2026-07-12T07:40:37.297231+00:00,2026-07-12T07:40:37.297231+00:00
33,file_c888bac3e43fdb07,asset_cdf3bcbb678fb092,D:\Projects\adb_vl\ads2\assets\2_communication\manual_rescue_20260607_145608_edit.png,ads2\assets\2_communication\manual_rescue_20260607_145608_edit.png,916.5829145728642,24.120603015075375,20.261306532663298,18.33165829145728,ads,clean_fullscreen,raw,actionable,uncertain,uncertain,,action_target,detector,positive,,2026-07-12T07:31:13.599767+00:00,2026-07-12T07:31:13.599767+00:00
207,file_c8a10fe285ed74e4,asset_3004dc57878821e1,D:\Projects\adb_vl\ads2\assets\3_reference_screens\ad_issue_20260606_081550.png,ads2\assets\3_reference_screens\ad_issue_20260606_081550.png,30.275952693823918,22.706964520367936,71.90538764783179,21.445466491458607,ads,uncertain,raw,actionable,uncertain,uncertain,,action_target,detector,positive,,2026-07-12T09:08:41.635838+00:00,2026-07-12T09:08:41.635838+00:00
1,file_cb92658830fac8b5,asset_1cbbbee4c4d36bef,D:\Projects\adb_vl\ads2\assets\2_communication\manual_capture_20260606_203317.png,ads2\assets\2_communication\manual_capture_20260606_203317.png,908.7554452715744,17.76233802040254,36.923076923076906,31.384615384615383,ads,clean_fullscreen,raw,actionable,uncertain,uncertain,,action_target,detector,positive,,2026-07-12T07:04:16.738030+00:00,2026-07-12T13:43:35.150884+00:00
99,file_cbc748e26d09fc65,asset_625cf2818929c1d0,D:\Projects\adb_vl\ads2\assets\2_communication\manual_rescue_20260613_083556_edit.png,ads2\assets\2_communication\manual_rescue_20260613_083556_edit.png,420.9045226130653,139.89949748743717,118.1909547738693,32.56281407035175,ads,clean_fullscreen,raw,actionable,uncertain,uncertain,got,action_target,detector,positive,,2026-07-12T07:41:17.618444+00:00,2026-07-12T07:41:17.618444+00:00
232,file_cc3184659bcf4150,asset_1eca1c1dfbe494c1,D:\Projects\adb_vl\ads2\assets\3_reference_screens\IMG_1803.PNG,ads2\assets\3_reference_screens\IMG_1803.PNG,2149.2839195979896,39.85427135678392,85.4020100502513,68.321608040201,ads,clean_fullscreen,raw,actionable,uncertain,uncertain,,action_target,detector,positive,,2026-07-12T09:24:11.702669+00:00,2026-07-12T09:24:19.971701+00:00
233,file_cd5c16a151b63323,asset_3694f10981683fb0,D:\Projects\adb_vl\ads2\assets\3_reference_screens\IMG_1804.PNG,ads2\assets\3_reference_screens\IMG_1804.PNG,22.77386934673359,8.540201005025132,85.4020100502513,68.321608040201,ads,clean_fullscreen,raw,actionable,uncertain,uncertain,,action_target,detector,positive,,2026-07-12T09:24:22.724530+00:00,2026-07-12T09:24:27.171938+00:00
61,file_cd7e7dc9299374b5,asset_256291946681e495,D:\Projects\adb_vl\ads2\assets\2_communication\manual_rescue_20260607_164029_edit.png,ads2\assets\2_communication\manual_rescue_20260607_164029_edit.png,911.4114572864319,25.93447236180904,29.639396984924588,18.524623115577885,ads,clean_fullscreen,raw,actionable,uncertain,uncertain,,action_target,detector,positive,,2026-07-12T07:36:03.913658+00:00,2026-07-12T07:36:03.913658+00:00
53,file_ce677731c403937b,asset_afd32a17c45e9e6f,D:\Projects\adb_vl\ads2\assets\2_communication\manual_rescue_20260607_161637_original.png,ads2\assets\2_communication\manual_rescue_20260607_161637_original.png,32.552704336399465,27.902318002628114,64.07198948751642,12.401030223390272,ads,uncertain,raw,actionable,uncertain,uncertain,,action_target,detector,positive,,2026-07-12T07:34:10.670206+00:00,2026-07-12T07:34:10.670206+00:00
169,file_ceaad6b701f5d5a4,asset_75d5fd01adf360e6,D:\Projects\adb_vl\ads2\assets\2_communication\manual_rescue_20260705_104516_edit.png,ads2\assets\2_communication\manual_rescue_20260705_104516_edit.png,418.49246231155774,144.72361809045225,121.80904522613065,33.768844221105525,ads,clean_fullscreen,raw,actionable,uncertain,uncertain,got,action_target,detector,positive,,2026-07-12T09:03:09.607118+00:00,2026-07-12T09:03:09.631930+00:00
106,file_d014693b458b08fa,asset_09aaf3abab38f7ff,D:\Projects\adb_vl\ads2\assets\2_communication\manual_rescue_20260613_152650_original.png,ads2\assets\2_communication\manual_rescue_20260613_152650_original.png,906.9346733668341,21.708542713567837,39.798994974874404,21.708542713567837,ads,clean_fullscreen,raw,actionable,uncertain,uncertain,,action_target,detector,positive,,2026-07-12T07:42:24.869355+00:00,2026-07-12T07:42:24.869355+00:00
9,file_d212015305644917,asset_36d0173a1ee8f012,D:\Projects\adb_vl\ads2\assets\2_communication\manual_rescue_20260607_082421_edit.png,ads2\assets\2_communication\manual_rescue_20260607_082421_edit.png,909.8734177215191,18.227848101265824,36.45569620253161,30.37974683544304,ads,clean_fullscreen,raw,actionable,uncertain,uncertain,,action_target,detector,positive,,2026-07-12T07:22:02.190869+00:00,2026-07-12T07:22:02.190869+00:00
231,file_d2f2c3c9d31bbd28,asset_6c2a6cdcae5d8129,D:\Projects\adb_vl\ads2\assets\3_reference_screens\IMG_1802.PNG,ads2\assets\3_reference_screens\IMG_1802.PNG,2157.8241206030148,22.77386934673367,85.4020100502513,68.321608040201,ads,clean_fullscreen,raw,actionable,uncertain,uncertain,,action_target,detector,positive,,2026-07-12T09:24:05.586903+00:00,2026-07-12T09:24:09.612039+00:00
82,file_d3915cb50f438194,asset_be156523a3ab5abe,D:\Projects\adb_vl\ads2\assets\2_communication\manual_rescue_20260610_151458_edit.png,ads2\assets\2_communication\manual_rescue_20260610_151458_edit.png,809.2462311557788,467.9396984924623,49.44723618090461,26.532663316582898,shared,clean_fullscreen,raw,actionable,uncertain,uncertain,play,action_target,detector,positive,,2026-07-12T07:39:05.112080+00:00,2026-07-12T07:39:05.112080+00:00
176,file_d46b197168fee412,asset_411bd82c019bb4de,D:\Projects\adb_vl\ads2\assets\2_communication\manual_rescue_20260711_140522_edit.png,ads2\assets\2_communication\manual_rescue_20260711_140522_edit.png,377.4874371859296,290.65326633165824,34.9748743718593,13.266331658291449,ads,clean_fullscreen,raw,actionable,uncertain,uncertain,free,action_target,detector,positive,,2026-07-12T09:04:20.808788+00:00,2026-07-12T09:04:20.918427+00:00
4,file_d5b98b055872b01a,asset_750d55c7609ca258,D:\Projects\adb_vl\ads2\assets\2_communication\manual_rescue_20260606_225520.png,ads2\assets\2_communication\manual_rescue_20260606_225520.png,268.1781376518219,338.13765182186233,110.12145748987854,22.024291497975753,ads,clean_fullscreen,raw,actionable,uncertain,uncertain,play,action_target,detector,positive,,2026-07-12T07:12:30.538716+00:00,2026-07-12T07:12:30.637415+00:00
103,file_d5d7c89bd289b315,asset_327e4b7be8c60bf7,D:\Projects\adb_vl\ads2\assets\2_communication\manual_rescue_20260613_145852_edit.png,ads2\assets\2_communication\manual_rescue_20260613_145852_edit.png,908.1407035175879,21.708542713567837,34.9748743718593,21.708542713567837,ads,clean_fullscreen,raw,actionable,uncertain,uncertain,,action_target,detector,positive,,2026-07-12T07:41:51.722425+00:00,2026-07-12T07:41:51.722425+00:00
209,file_d607dd2f6dff78e1,asset_47acfc5551fde842,D:\Projects\adb_vl\ads2\assets\3_reference_screens\ad_issue_20260606_081633.png,ads2\assets\3_reference_screens\ad_issue_20260606_081633.png,283.41708542713565,334.07035175879395,88.04020100502515,26.532663316582898,ads,clean_fullscreen,raw,actionable,uncertain,uncertain,play,action_target,detector,positive,,2026-07-12T09:08:59.635381+00:00,2026-07-12T09:08:59.652652+00:00
230,file_d7480ce048ad1fd0,asset_b05ffad0e7888d8a,D:\Projects\adb_vl\ads2\assets\3_reference_screens\IMG_1801.PNG,ads2\assets\3_reference_screens\IMG_1801.PNG,14.23366834170838,17.08040201005025,85.4020100502513,68.321608040201,ads,clean_fullscreen,raw,actionable,uncertain,uncertain,,action_target,detector,positive,,2026-07-12T09:23:58.865305+00:00,2026-07-12T09:23:58.865305+00:00
62,file_d81dd31cef471171,asset_e7315be7635cfbe4,D:\Projects\adb_vl\ads2\assets\2_communication\manual_rescue_20260607_164029_original.png,ads2\assets\2_communication\manual_rescue_20260607_164029_original.png,911.4114572864319,25.93447236180904,29.639396984924588,18.524623115577885,ads,clean_fullscreen,raw,actionable,uncertain,uncertain,,action_target,detector,positive,,2026-07-12T07:36:06.112946+00:00,2026-07-12T07:36:06.112946+00:00
228,file_d9135d08548fb694,asset_d3bc43a0f9246323,D:\Projects\adb_vl\ads2\assets\3_reference_screens\IMG_1799.PNG,ads2\assets\3_reference_screens\IMG_1799.PNG,572.1934673366834,130.9497487437186,85.4020100502513,68.321608040201,ads,clean_fullscreen,raw,actionable,uncertain,uncertain,,action_target,detector,positive,,2026-07-12T09:23:50.724854+00:00,2026-07-12T09:23:50.724854+00:00
128,file_da6ebf372514609a,asset_6233b442a775a94e,D:\Projects\adb_vl\ads2\assets\2_communication\manual_rescue_20260615_092805_original.png,ads2\assets\2_communication\manual_rescue_20260615_092805_original.png,25.93447236180904,27.786934673366826,32.72683417085426,29.639396984924613,ads,clean_fullscreen,raw,actionable,uncertain,uncertain,,action_target,detector,positive,,2026-07-12T08:51:49.616328+00:00,2026-07-12T08:51:49.616328+00:00
10,file_dd3404a95461a35b,asset_a8624d3b6b62bbd3,D:\Projects\adb_vl\ads2\assets\2_communication\manual_rescue_20260607_082421_original.png,ads2\assets\2_communication\manual_rescue_20260607_082421_original.png,909.8734177215191,18.227848101265824,36.45569620253161,30.37974683544304,ads,clean_fullscreen,raw,actionable,uncertain,uncertain,,action_target,detector,positive,,2026-07-12T07:22:07.464418+00:00,2026-07-12T07:22:07.464418+00:00
28,file_e0303f06c1dea025,asset_517dffb127e8e353,D:\Projects\adb_vl\ads2\assets\2_communication\manual_rescue_20260607_144904_original.png,ads2\assets\2_communication\manual_rescue_20260607_144904_original.png,911.7587939698492,21.708542713567837,31.356783919598,21.708542713567837,ads,clean_fullscreen,raw,actionable,uncertain,uncertain,,action_target,detector,positive,,2026-07-12T07:30:02.987241+00:00,2026-07-12T07:30:02.987241+00:00
30,file_e277a86da364ce73,asset_7711801e12745d2a,D:\Projects\adb_vl\ads2\assets\2_communication\manual_rescue_20260607_145346_original.png,ads2\assets\2_communication\manual_rescue_20260607_145346_original.png,911.7587939698492,21.708542713567837,31.356783919598,21.708542713567837,ads,clean_fullscreen,raw,actionable,uncertain,uncertain,,action_target,detector,positive,,2026-07-12T07:30:06.051659+00:00,2026-07-12T07:30:06.051659+00:00
160,file_e4e15b901380766a,asset_5f80f60ac4059423,D:\Projects\adb_vl\ads2\assets\2_communication\manual_rescue_20260703_094330_original.png,ads2\assets\2_communication\manual_rescue_20260703_094330_original.png,94.61235216819973,18.922470433639948,36.58344283837057,30.275952693823914,ads,uncertain,raw,actionable,uncertain,uncertain,,action_target,detector,positive,,2026-07-12T09:01:55.724385+00:00,2026-07-12T09:01:55.724385+00:00
201,file_e4f3aee4d896d4ea,asset_964562898bf756d1,D:\Projects\adb_vl\ads2\assets\3_reference_screens\ad_issue_20260606_045743.png,ads2\assets\3_reference_screens\ad_issue_20260606_045743.png,480.63074901445464,245.99211563731933,36.583442838370615,34.0604467805519,ads,uncertain,raw,actionable,uncertain,uncertain,,action_target,detector,positive,,2026-07-12T09:07:53.121495+00:00,2026-07-12T09:07:53.121495+00:00
67,file_e75ab06843e8ce99,asset_391384dd5e30726d,D:\Projects\adb_vl\ads2\assets\2_communication\manual_rescue_20260608_082319_original.png,ads2\assets\2_communication\manual_rescue_20260608_082319_original.png,911.4114572864319,25.93447236180904,29.639396984924588,18.524623115577885,ads,clean_fullscreen,raw,actionable,uncertain,uncertain,,action_target,detector,positive,,2026-07-12T07:36:15.967806+00:00,2026-07-12T07:36:15.967806+00:00
123,file_e78cdbed66e90571,asset_0772e77ac58154c7,D:\Projects\adb_vl\ads2\assets\2_communication\manual_rescue_20260615_082502_edit.png,ads2\assets\2_communication\manual_rescue_20260615_082502_edit.png,912.8934271356783,28.15742713567839,30.133386934673354,13.831718592964819,ads,clean_fullscreen,raw,actionable,uncertain,uncertain,,action_target,detector,positive,,2026-07-12T08:50:36.485095+00:00,2026-07-12T08:50:36.485095+00:00
47,file_e7bee6618f781e5d,asset_db6a9540a21dfe61,D:\Projects\adb_vl\ads2\assets\2_communication\manual_rescue_20260607_161122_edit.png,ads2\assets\2_communication\manual_rescue_20260607_161122_edit.png,300.3015075376884,476.38190954773864,34.9748743718593,31.356783919598,ads,clean_fullscreen,raw,actionable,uncertain,uncertain,play,action_target,detector,positive,,2026-07-12T07:32:18.912192+00:00,2026-07-12T07:32:18.912192+00:00
6,file_e86ea26f36534291,asset_b867455dd1ee49b4,D:\Projects\adb_vl\ads2\assets\2_communication\manual_rescue_20260606_231704_original.png,ads2\assets\2_communication\manual_rescue_20260606_231704_original.png,282.42914979757086,338.13765182186233,90.68825910931173,23.31983805668017,ads,clean_fullscreen,raw,actionable,uncertain,uncertain,play,action_target,detector,positive,,2026-07-12T07:13:21.995331+00:00,2026-07-12T07:13:22.011671+00:00
55,file_e8abe08034e3ac75,asset_c3a3348f8a247b0e,D:\Projects\adb_vl\ads2\assets\2_communication\manual_rescue_20260607_161732_edit.png,ads2\assets\2_communication\manual_rescue_20260607_161732_edit.png,480.63074901445464,247.25361366622866,34.060446780551956,30.27595269382391,ads,uncertain,raw,actionable,uncertain,uncertain,,action_target,detector,positive,,2026-07-12T07:34:25.993524+00:00,2026-07-12T07:34:25.993524+00:00
159,file_e9697d2d838ead06,asset_293c3b445e3a6bea,D:\Projects\adb_vl\ads2\assets\2_communication\manual_rescue_20260703_094330_edit.png,ads2\assets\2_communication\manual_rescue_20260703_094330_edit.png,94.61235216819973,18.922470433639948,36.58344283837057,30.275952693823914,ads,uncertain,raw,actionable,uncertain,uncertain,,action_target,detector,positive,,2026-07-12T09:01:53.638764+00:00,2026-07-12T09:01:53.638764+00:00
109,file_ea31e3232404f803,asset_739e43c6fb3d6ba0,D:\Projects\adb_vl\ads2\assets\2_communication\manual_rescue_20260613_153604_edit.png,ads2\assets\2_communication\manual_rescue_20260613_153604_edit.png,906.9346733668341,21.708542713567837,39.798994974874404,21.708542713567837,ads,clean_fullscreen,raw,actionable,uncertain,uncertain,,action_target,detector,positive,,2026-07-12T07:42:30.939570+00:00,2026-07-12T07:42:30.939570+00:00
130,file_eac8bdd9b1afbef9,asset_8b506144921e692e,D:\Projects\adb_vl\ads2\assets\2_communication\manual_rescue_20260615_093211_edit.png,ads2\assets\2_communication\manual_rescue_20260615_093211_edit.png,285.8291457286432,336.4824120603015,88.0402010050251,26.532663316582898,ads,clean_fullscreen,raw,actionable,uncertain,uncertain,,action_target,detector,positive,,2026-07-12T08:52:09.180925+00:00,2026-07-12T08:52:09.282697+00:00
133,file_ebae3e2cd1e60c0f,asset_e01f9b6db83bc730,D:\Projects\adb_vl\ads2\assets\2_communication\manual_rescue_20260617_104135_original.png,ads2\assets\2_communication\manual_rescue_20260617_104135_original.png,24.120603015075375,25.326633165829143,83.21608040201005,33.768844221105525,ads,clean_fullscreen,raw,actionable,uncertain,uncertain,,action_target,detector,positive,,2026-07-12T08:52:45.310065+00:00,2026-07-12T08:52:45.310065+00:00
42,file_ec7b16077fbaef43,asset_452c73fab94708e2,D:\Projects\adb_vl\ads2\assets\2_communication\manual_rescue_20260607_153732_edit.png,ads2\assets\2_communication\manual_rescue_20260607_153732_edit.png,908.1407035175879,24.120603015075375,34.9748743718593,20.50251256281407,ads,clean_fullscreen,raw,actionable,uncertain,uncertain,,action_target,detector,positive,,2026-07-12T07:31:57.668692+00:00,2026-07-12T07:31:57.668692+00:00
253,file_eeb26fbe9bd1b530,asset_4120ea124fd73858,D:\Projects\adb_vl\ads2\assets\3_reference_screens\manual_check2_20260605_103009.png,ads2\assets\3_reference_screens\manual_check2_20260605_103009.png,457.08542713567834,476.38190954773864,82.01005025125625,22.9145728643216,ads,clean_fullscreen,raw,actionable,uncertain,uncertain,王國事件,action_target,detector,positive,,2026-07-12T09:27:07.782042+00:00,2026-07-12T09:27:07.797834+00:00
254,file_eeb26fbe9bd1b530,asset_4120ea124fd73858,D:\Projects\adb_vl\ads2\assets\3_reference_screens\manual_check2_20260605_103009.png,ads2\assets\3_reference_screens\manual_check2_20260605_103009.png,14.472361809045225,406.43216080402004,108.54271356783919,36.180904522613105,ads,clean_fullscreen,raw,actionable,uncertain,uncertain,王國事件,action_target,detector,positive,,2026-07-12T09:27:15.558685+00:00,2026-07-12T09:27:15.674096+00:00
25,file_f006c768e3968916,asset_0bdebd9b5f09c39e,D:\Projects\adb_vl\ads2\assets\2_communication\manual_rescue_20260607_101333_original.png,ads2\assets\2_communication\manual_rescue_20260607_101333_original.png,900.9045226130653,24.120603015075375,44.62311557788939,24.120603015075375,ads,clean_fullscreen,raw,actionable,uncertain,uncertain,,action_target,detector,positive,,2026-07-12T07:25:11.093631+00:00,2026-07-12T07:25:11.093631+00:00
113,file_f01910615219089c,asset_b2e458fd374211e9,D:\Projects\adb_vl\ads2\assets\2_communication\manual_rescue_20260613_154118_original.png,ads2\assets\2_communication\manual_rescue_20260613_154118_original.png,32.562814070351756,30.15075376884422,72.36180904522612,21.708542713567837,ads,clean_fullscreen,raw,actionable,uncertain,uncertain,,action_target,detector,positive,,2026-07-12T07:43:01.038114+00:00,2026-07-12T07:43:01.038114+00:00
203,file_f18bc550dcd0d70a,asset_76a00d0efc67ebcb,D:\Projects\adb_vl\ads2\assets\3_reference_screens\ad_issue_20260606_052002.png,ads2\assets\3_reference_screens\ad_issue_20260606_052002.png,26.532663316582912,24.120603015075375,34.97487437185929,36.18090452261306,ads,clean_fullscreen,raw,actionable,uncertain,uncertain,,action_target,detector,positive,,2026-07-12T09:08:12.161081+00:00,2026-07-12T09:08:12.161081+00:00
29,file_f79203642ccdd8a7,asset_54284dbf33086654,D:\Projects\adb_vl\ads2\assets\2_communication\manual_rescue_20260607_145346_edit.png,ads2\assets\2_communication\manual_rescue_20260607_145346_edit.png,911.7587939698492,21.708542713567837,31.356783919598,21.708542713567837,ads,clean_fullscreen,raw,actionable,uncertain,uncertain,,action_target,detector,positive,,2026-07-12T07:30:04.121511+00:00,2026-07-12T07:30:04.121511+00:00
2,file_f99664a5e6236dbb,asset_c67e75b253bc5f61,D:\Projects\adb_vl\ads2\assets\2_communication\manual_capture_20260606_203646.png,ads2\assets\2_communication\manual_capture_20260606_203646.png,30.275952693823918,23.968462549277266,69.38239159001313,17.660972404730618,ads,uncertain,unknown,actionable,uncertain,uncertain,,action_target,detector,positive,,2026-07-12T07:04:59.953308+00:00,2026-07-12T07:04:59.953308+00:00
145,file_fa29544185312375,asset_595638b8d7a34d3f,D:\Projects\adb_vl\ads2\assets\2_communication\manual_rescue_20260625_144957_original.png,ads2\assets\2_communication\manual_rescue_20260625_144957_original.png,908.1407035175879,22.914572864321606,36.18090452261299,20.50251256281407,ads,clean_fullscreen,raw,actionable,uncertain,uncertain,,action_target,detector,positive,,2026-07-12T08:57:03.230848+00:00,2026-07-12T08:57:03.230848+00:00
58,file_fb0a9f57a7a57a2c,asset_9a48f187dd79d17e,D:\Projects\adb_vl\ads2\assets\2_communication\manual_rescue_20260607_163135_original.png,ads2\assets\2_communication\manual_rescue_20260607_163135_original.png,912.9648241206029,21.708542713567837,26.53266331658301,21.708542713567837,ads,clean_fullscreen,raw,actionable,uncertain,uncertain,,action_target,detector,positive,,2026-07-12T07:35:34.442794+00:00,2026-07-12T07:35:34.442794+00:00
102,file_fb32fd3ff288c730,asset_c43fdae72ed2e2d5,D:\Projects\adb_vl\ads2\assets\2_communication\manual_rescue_20260613_145759_original.png,ads2\assets\2_communication\manual_rescue_20260613_145759_original.png,908.1407035175879,21.708542713567837,34.9748743718593,21.708542713567837,ads,clean_fullscreen,raw,actionable,uncertain,uncertain,,action_target,detector,positive,,2026-07-12T07:41:50.733297+00:00,2026-07-12T07:41:50.733297+00:00
185,file_fcc2dd3c9616f0e9,asset_1e1d8fffca1a6dfb,D:\Projects\adb_vl\ads2\assets\3_reference_screens\ad_issue_20260606_042257.png,ads2\assets\3_reference_screens\ad_issue_20260606_042257.png,27.752956636005255,23.968462549277266,128.67279894875165,17.660972404730618,ads,uncertain,raw,actionable,uncertain,uncertain,,action_target,detector,positive,,2026-07-12T09:05:24.459228+00:00,2026-07-12T09:05:24.459228+00:00
22,file_fdb8b473ec271a1b,asset_105b675b3aaac632,D:\Projects\adb_vl\ads2\assets\2_communication\manual_rescue_20260607_085540_original.png,ads2\assets\2_communication\manual_rescue_20260607_085540_original.png,428.1407035175879,143.51758793969847,97.6884422110553,31.356783919598,shared,clean_fullscreen,raw,actionable,uncertain,uncertain,,action_target,detector,positive,,2026-07-12T07:24:20.764515+00:00,2026-07-12T07:24:20.764515+00:00
