bbox_id,instance_id,content_id,original_path,relative_path,x,y,w,h,vision_domain,asset_type,representation,screen_state,candidate_label,sample_role,sub_role,class_name,class_purpose,label,note,created_at,updated_at
459,file_000c5c9bc35e5571,asset_af4ac045fe361ae2,D:\Projects\adb_vl\vision_platform\ads\runtime_collection\click_success\click_success_20260718_104444_893\pre_click.png,vision_platform\ads\runtime_collection\click_success\click_success_20260718_104444_893\pre_click.png,278.3255813953488,336.3720930232558,96.74418604651163,26.790697674418652,shared,clean_fullscreen,raw,actionable,uncertain,uncertain,play,action_target,detector,positive,,2026-07-18T08:36:50.243584+00:00,2026-07-18T08:36:50.243584+00:00
192,file_00512e8371693dcd,asset_6c4e9a403f6ca6a4,D:\Projects\adb_vl\ads2\assets\3_reference_screens\ad_issue_20260606_044156.png,ads2\assets\3_reference_screens\ad_issue_20260606_044156.png,24.120603015075403,63.91959798994978,31.356783919598,24.120603015075375,ads,clean_fullscreen,raw,actionable,uncertain,uncertain,,action_target,detector,positive,,2026-07-12T09:06:14.911266+00:00,2026-07-12T09:06:22.390909+00:00
92,file_00664230c15bf43f,asset_4a60143af235e4d4,D:\Projects\adb_vl\ads2\assets\2_communication\manual_rescue_20260611_111718_edit.png,ads2\assets\2_communication\manual_rescue_20260611_111718_edit.png,557.1859296482412,354.572864321608,33.768844221105496,22.9145728643216,ads,clean_fullscreen,raw,actionable,uncertain,uncertain,play,action_target,detector,positive,,2026-07-12T07:40:32.410667+00:00,2026-07-12T07:40:32.424382+00:00
688,file_0080ffbc5934e139,asset_5cccfd42a670cdcb,D:\Projects\adb_vl\vision_platform\ads\runtime_collection\click_success\click_success_20260713_080545_818\pre_click.png,vision_platform\ads\runtime_collection\click_success\click_success_20260713_080545_818\pre_click.png,418.2325581395349,139.90697674418604,120.55813953488376,35.720930232558146,shared,clean_fullscreen,raw,actionable,uncertain,uncertain,got,action_target,detector,positive,,2026-07-21T10:04:42.361975+00:00,2026-07-21T10:04:42.361975+00:00
591,file_00a3f38cbba0c899,asset_c8294af90676c7fb,D:\Projects\adb_vl\vision_platform\ads\runtime_collection\click_success\click_success_20260718_104013_193\pre_click.png,vision_platform\ads\runtime_collection\click_success\click_success_20260718_104013_193\pre_click.png,361.6744186046512,279.8139534883721,56.55813953488371,31.25581395348837,shared,clean_fullscreen,raw,actionable,uncertain,uncertain,play,action_target,detector,positive,,2026-07-18T08:49:15.132529+00:00,2026-07-18T08:49:15.132529+00:00
628,file_011a7184fd13a902,asset_1d1e20286d818868,D:\Projects\adb_vl\vision_platform\ads\runtime_collection\click_success\click_success_20260718_182800_396\pre_click.png,vision_platform\ads\runtime_collection\click_success\click_success_20260718_182800_396\pre_click.png,418.2325581395349,139.90697674418604,120.55813953488376,35.720930232558146,shared,clean_fullscreen,raw,actionable,uncertain,uncertain,got,action_target,detector,positive,,2026-07-21T10:04:22.377779+00:00,2026-07-21T10:04:22.377779+00:00
640,file_0151551db9ed20a7,asset_d4ba9ad784756927,D:\Projects\adb_vl\vision_platform\ads\runtime_collection\click_success\click_success_20260720_131117_976\pre_click.png,vision_platform\ads\runtime_collection\click_success\click_success_20260720_131117_976\pre_click.png,418.2325581395349,139.90697674418604,120.55813953488376,35.720930232558146,shared,clean_fullscreen,raw,actionable,uncertain,uncertain,got,action_target,detector,positive,,2026-07-21T10:04:26.484830+00:00,2026-07-21T10:04:26.484830+00:00
84,file_02c2144cc30cfbe9,asset_fbfb7241e62d249b,D:\Projects\adb_vl\ads2\assets\2_communication\manual_rescue_20260610_153906_edit.png,ads2\assets\2_communication\manual_rescue_20260610_153906_edit.png,406.43216080402,401.60804020100494,49.44723618090461,26.532663316582898,ads,clean_fullscreen,raw,actionable,uncertain,uncertain,play,action_target,detector,positive,,2026-07-12T07:39:08.045747+00:00,2026-07-12T07:39:26.552520+00:00
723,file_02c24367bef4dd4b,asset_b6f4fa93ac53f7bc,D:\Projects\adb_vl\vision_platform\ads\runtime_collection\click_success\click_success_20260713_080308_161\pre_click.png,vision_platform\ads\runtime_collection\click_success\click_success_20260713_080308_161\pre_click.png,418.2325581395349,139.90697674418604,120.55813953488376,35.720930232558146,shared,clean_fullscreen,raw,actionable,uncertain,uncertain,got,action_target,detector,positive,,2026-07-21T10:04:53.233050+00:00,2026-07-21T10:04:53.233050+00:00
393,file_036daca5cd5d1f0f,asset_f7d2bc8e25e6c590,D:\Projects\adb_vl\vision_platform\ads\runtime_collection\click_success\click_success_20260718_110439_535\pre_click.png,vision_platform\ads\runtime_collection\click_success\click_success_20260718_110439_535\pre_click.png,418.2325581395349,139.90697674418604,120.55813953488376,35.720930232558146,shared,clean_fullscreen,raw,actionable,uncertain,uncertain,got,action_target,detector,positive,,2026-07-18T08:32:03.874431+00:00,2026-07-18T08:32:03.874431+00:00
220,file_039739cdd6323385,asset_d2e4d9e90ef48dc6,D:\Projects\adb_vl\ads2\assets\3_reference_screens\ad_issue_20260606_084107.png,ads2\assets\3_reference_screens\ad_issue_20260606_084107.png,25.229960578186596,23.968462549277266,131.1957950065703,23.968462549277266,ads,uncertain,raw,actionable,uncertain,uncertain,play,action_target,detector,positive,,2026-07-12T09:22:26.796795+00:00,2026-07-12T09:22:26.821865+00:00
178,file_04613673a2a00b41,asset_8ca75c26bac1b84b,D:\Projects\adb_vl\ads2\assets\2_communication\manual_rescue_20260711_140632_edit.png,ads2\assets\2_communication\manual_rescue_20260711_140632_edit.png,377.4874371859296,290.65326633165824,34.9748743718593,13.266331658291449,shared,clean_fullscreen,raw,actionable,uncertain,uncertain,free,action_target,detector,positive,,2026-07-12T09:04:30.486547+00:00,2026-07-12T09:04:30.486547+00:00
701,file_0490cec210cc3f1a,asset_8bd6b6a069a9db78,D:\Projects\adb_vl\vision_platform\ads\runtime_collection\click_success\click_success_20260713_102018_720\pre_click.png,vision_platform\ads\runtime_collection\click_success\click_success_20260713_102018_720\pre_click.png,418.2325581395349,139.90697674418604,120.55813953488376,35.720930232558146,shared,clean_fullscreen,raw,actionable,uncertain,uncertain,got,action_target,detector,positive,,2026-07-21T10:04:47.156892+00:00,2026-07-21T10:04:47.156892+00:00
530,file_0573961976a03050,asset_3eeb22b551675460,D:\Projects\adb_vl\vision_platform\ads\runtime_collection\click_success\click_success_20260718_110337_701\pre_click.png,vision_platform\ads\runtime_collection\click_success\click_success_20260718_110337_701\pre_click.png,903.4418604651163,19.348837209302324,41.67441860465112,34.23255813953488,ads,clean_fullscreen,raw,actionable,uncertain,uncertain,,action_target,detector,positive,,2026-07-18T08:42:17.780725+00:00,2026-07-18T08:42:17.882015+00:00
645,file_05e0e38a9c989543,asset_e4f1d9034c2cb468,D:\Projects\adb_vl\vision_platform\ads\runtime_collection\click_success\click_success_20260720_102502_935\pre_click.png,vision_platform\ads\runtime_collection\click_success\click_success_20260720_102502_935\pre_click.png,418.2325581395349,139.90697674418604,120.55813953488376,35.720930232558146,shared,clean_fullscreen,raw,actionable,uncertain,uncertain,got,action_target,detector,positive,,2026-07-21T10:04:27.967623+00:00,2026-07-21T10:04:27.967623+00:00
738,file_06f587637e9bbf49,asset_17822857f048ea8f,D:\Projects\adb_vl\vision_platform\ads\runtime_collection\click_success\click_success_20260713_092529_928\pre_click.png,vision_platform\ads\runtime_collection\click_success\click_success_20260713_092529_928\pre_click.png,418.2325581395349,139.90697674418604,120.55813953488376,35.720930232558146,shared,clean_fullscreen,raw,actionable,uncertain,uncertain,got,action_target,detector,positive,,2026-07-21T10:05:00.273709+00:00,2026-07-21T10:05:00.273709+00:00
675,file_072a53878072c037,asset_e029f000775a8b04,D:\Projects\adb_vl\vision_platform\ads\runtime_collection\click_success\click_success_20260719_103641_046\pre_click.png,vision_platform\ads\runtime_collection\click_success\click_success_20260719_103641_046\pre_click.png,418.2325581395349,139.90697674418604,120.55813953488376,35.720930232558146,shared,clean_fullscreen,raw,actionable,uncertain,uncertain,got,action_target,detector,positive,,2026-07-21T10:04:38.642501+00:00,2026-07-21T10:04:38.642501+00:00
656,file_0874240e0b995576,asset_2ba5407f2b090b44,D:\Projects\adb_vl\vision_platform\ads\runtime_collection\click_success\click_success_20260719_094121_626\pre_click.png,vision_platform\ads\runtime_collection\click_success\click_success_20260719_094121_626\pre_click.png,418.2325581395349,139.90697674418604,120.55813953488376,35.720930232558146,shared,clean_fullscreen,raw,actionable,uncertain,uncertain,got,action_target,detector,positive,,2026-07-21T10:04:31.286929+00:00,2026-07-21T10:04:31.286929+00:00
382,file_08b2ef9c872ccb12,asset_e389f72eb8ee6040,D:\Projects\adb_vl\vision_platform\ads\runtime_collection\click_success\click_success_20260718_093053_539\pre_click.png,vision_platform\ads\runtime_collection\click_success\click_success_20260718_093053_539\pre_click.png,418.2325581395349,139.90697674418604,120.55813953488376,35.720930232558146,shared,clean_fullscreen,raw,actionable,uncertain,uncertain,got,action_target,detector,positive,,2026-07-18T08:31:59.103587+00:00,2026-07-18T08:31:59.103587+00:00
585,file_09faf2cefbf35bfe,asset_ca0de173c996fb3c,D:\Projects\adb_vl\vision_platform\ads\runtime_collection\click_success\click_success_20260718_100320_770\pre_click.png,vision_platform\ads\runtime_collection\click_success\click_success_20260718_100320_770\pre_click.png,11.906976744185954,20.837209302325583,61.02325581395348,41.674418604651166,ads,clean_fullscreen,raw,actionable,uncertain,uncertain,,action_target,detector,positive,,2026-07-18T08:48:17.219424+00:00,2026-07-18T08:48:22.242457+00:00
353,file_0a2b0d3c8161ca42,asset_3a47bef8e6d22863,D:\Projects\adb_vl\vision_platform\ads\runtime_collection\click_success\click_success_20260718_094410_692\pre_click.png,vision_platform\ads\runtime_collection\click_success\click_success_20260718_094410_692\pre_click.png,418.2325581395349,139.90697674418604,120.55813953488376,35.720930232558146,ads,clean_fullscreen,raw,actionable,uncertain,uncertain,got,action_target,detector,positive,,2026-07-18T08:29:13.777118+00:00,2026-07-18T08:29:13.777118+00:00
547,file_0a532226a5de6f69,asset_6452ed8c706702e0,D:\Projects\adb_vl\vision_platform\ads\runtime_collection\click_success\click_success_20260718_103916_962\pre_click.png,vision_platform\ads\runtime_collection\click_success\click_success_20260718_103916_962\pre_click.png,22.325581395348838,19.348837209302324,87.81395348837209,43.16279069767442,ads,clean_fullscreen,raw,actionable,uncertain,uncertain,,action_target,detector,positive,,2026-07-18T08:44:57.694618+00:00,2026-07-18T08:44:57.694618+00:00
444,file_0b66694597b54f68,asset_1a8f1057dabc1298,D:\Projects\adb_vl\vision_platform\ads\runtime_collection\click_success\click_success_20260718_103346_364\pre_click.png,vision_platform\ads\runtime_collection\click_success\click_success_20260718_103346_364\pre_click.png,692.0930232558139,348.27906976744185,81.8604651162791,32.74418604651163,shared,clean_fullscreen,raw,actionable,uncertain,uncertain,play,action_target,detector,positive,,2026-07-18T08:36:14.174893+00:00,2026-07-18T08:36:14.174893+00:00
445,file_0b66694597b54f68,asset_1a8f1057dabc1298,D:\Projects\adb_vl\vision_platform\ads\runtime_collection\click_success\click_success_20260718_103346_364\pre_click.png,vision_platform\ads\runtime_collection\click_success\click_success_20260718_103346_364\pre_click.png,558.1395348837209,349.7674418604651,74.41860465116281,29.767441860465112,shared,clean_fullscreen,raw,actionable,uncertain,uncertain,play,action_target,detector,positive,,2026-07-18T08:36:14.197287+00:00,2026-07-18T08:36:14.197287+00:00
450,file_0b84730eb8e78244,asset_0d460d22bdf818b9,D:\Projects\adb_vl\vision_platform\ads\runtime_collection\click_success\click_success_20260718_101458_434\pre_click.png,vision_platform\ads\runtime_collection\click_success\click_success_20260718_101458_434\pre_click.png,278.3255813953488,336.3720930232558,96.74418604651163,26.790697674418652,shared,clean_fullscreen,raw,actionable,uncertain,uncertain,play,action_target,detector,positive,,2026-07-18T08:36:45.911270+00:00,2026-07-18T08:36:45.911270+00:00
467,file_0be5a71b43dcde7d,asset_53310d81fb5be3a1,D:\Projects\adb_vl\vision_platform\ads\runtime_collection\click_success\click_success_20260718_110348_333\pre_click.png,vision_platform\ads\runtime_collection\click_success\click_success_20260718_110348_333\pre_click.png,278.3255813953488,336.3720930232558,96.74418604651163,26.790697674418652,shared,clean_fullscreen,raw,actionable,uncertain,uncertain,play,action_target,detector,positive,,2026-07-18T08:36:54.172559+00:00,2026-07-18T08:36:54.172559+00:00
24,file_0cc3b419504e6c6d,asset_31248d6ed529be48,D:\Projects\adb_vl\ads2\assets\2_communication\manual_rescue_20260607_101333_edit.png,ads2\assets\2_communication\manual_rescue_20260607_101333_edit.png,900.9045226130653,24.120603015075375,44.62311557788939,24.120603015075375,ads,clean_fullscreen,raw,actionable,uncertain,uncertain,,action_target,detector,positive,,2026-07-12T07:24:36.736407+00:00,2026-07-12T07:24:36.751547+00:00
457,file_0d813f9f799e61f1,asset_6b4c19cb5f3c16b9,D:\Projects\adb_vl\vision_platform\ads\runtime_collection\click_success\click_success_20260718_101630_832\pre_click.png,vision_platform\ads\runtime_collection\click_success\click_success_20260718_101630_832\pre_click.png,278.3255813953488,336.3720930232558,96.74418604651163,26.790697674418652,shared,clean_fullscreen,raw,actionable,uncertain,uncertain,play,action_target,detector,positive,,2026-07-18T08:36:49.681694+00:00,2026-07-18T08:36:49.681694+00:00
578,file_0da279b51f55bf02,asset_8703752af0de26e6,D:\Projects\adb_vl\vision_platform\ads\runtime_collection\click_success\click_success_20260718_103539_279\pre_click.png,vision_platform\ads\runtime_collection\click_success\click_success_20260718_103539_279\pre_click.png,17.86046511627907,17.86046511627907,92.27906976744185,50.60465116279069,ads,clean_fullscreen,raw,actionable,uncertain,uncertain,,action_target,detector,positive,,2026-07-18T08:47:50.755632+00:00,2026-07-18T08:47:50.755632+00:00
646,file_0e1511de98a3814d,asset_8ffb27a92f5e5fd7,D:\Projects\adb_vl\vision_platform\ads\runtime_collection\click_success\click_success_20260713_092534_935\pre_click.png,vision_platform\ads\runtime_collection\click_success\click_success_20260713_092534_935\pre_click.png,418.2325581395349,139.90697674418604,120.55813953488376,35.720930232558146,shared,clean_fullscreen,raw,actionable,uncertain,uncertain,got,action_target,detector,positive,,2026-07-21T10:04:28.188008+00:00,2026-07-21T10:04:28.188008+00:00
642,file_0e3d1e33edb89251,asset_2c5a96e46727b676,D:\Projects\adb_vl\vision_platform\ads\runtime_collection\click_success\click_success_20260719_110532_655\pre_click.png,vision_platform\ads\runtime_collection\click_success\click_success_20260719_110532_655\pre_click.png,418.2325581395349,139.90697674418604,120.55813953488376,35.720930232558146,shared,clean_fullscreen,raw,actionable,uncertain,uncertain,got,action_target,detector,positive,,2026-07-21T10:04:27.147873+00:00,2026-07-21T10:04:27.147873+00:00
747,file_0eaf52264ce21b8e,asset_2347bcbf66834439,D:\Projects\adb_vl\vision_platform\ads\runtime_collection\click_success\click_success_20260713_085839_414\pre_click.png,vision_platform\ads\runtime_collection\click_success\click_success_20260713_085839_414\pre_click.png,903.4418604651163,17.86046511627907,41.67441860465112,32.74418604651163,ads,clean_fullscreen,raw,actionable,uncertain,uncertain,,action_target,detector,positive,,2026-07-21T10:05:02.857117+00:00,2026-07-21T10:05:02.857117+00:00
142,file_0ff60244c2316f2f,asset_45b271ddcf104c5f,D:\Projects\adb_vl\ads2\assets\2_communication\manual_rescue_20260625_144927_edit.png,ads2\assets\2_communication\manual_rescue_20260625_144927_edit.png,908.1407035175879,22.914572864321606,36.18090452261299,20.50251256281407,ads,clean_fullscreen,raw,actionable,uncertain,uncertain,,action_target,detector,positive,,2026-07-12T08:56:57.478942+00:00,2026-07-12T08:56:57.478942+00:00
644,file_0ff7e15a584a829f,asset_5e68ae411ecb6f65,D:\Projects\adb_vl\vision_platform\ads\runtime_collection\click_success\click_success_20260719_103807_546\pre_click.png,vision_platform\ads\runtime_collection\click_success\click_success_20260719_103807_546\pre_click.png,418.2325581395349,139.90697674418604,120.55813953488376,35.720930232558146,shared,clean_fullscreen,raw,actionable,uncertain,uncertain,got,action_target,detector,positive,,2026-07-21T10:04:27.745667+00:00,2026-07-21T10:04:27.745667+00:00
81,file_100daa938b119d8f,asset_0062ef6acaf85735,D:\Projects\adb_vl\ads2\assets\2_communication\manual_rescue_20260610_151332_original.png,ads2\assets\2_communication\manual_rescue_20260610_151332_original.png,809.2462311557788,467.9396984924623,49.44723618090461,26.532663316582898,shared,clean_fullscreen,raw,actionable,uncertain,uncertain,play,action_target,detector,positive,,2026-07-12T07:38:59.995790+00:00,2026-07-12T07:38:59.995790+00:00
465,file_101f6ee53a1779d3,asset_e5b57ad112f91be0,D:\Projects\adb_vl\vision_platform\ads\runtime_collection\click_success\click_success_20260718_105509_202\pre_click.png,vision_platform\ads\runtime_collection\click_success\click_success_20260718_105509_202\pre_click.png,278.3255813953488,336.3720930232558,96.74418604651163,26.790697674418652,shared,clean_fullscreen,raw,actionable,uncertain,uncertain,play,action_target,detector,positive,,2026-07-18T08:36:52.814165+00:00,2026-07-18T08:36:52.814165+00:00
690,file_10fa69125fbdf9ea,asset_46717db5a2a3987b,D:\Projects\adb_vl\vision_platform\ads\runtime_collection\click_success\click_success_20260713_085645_842\pre_click.png,vision_platform\ads\runtime_collection\click_success\click_success_20260713_085645_842\pre_click.png,418.2325581395349,139.90697674418604,120.55813953488376,35.720930232558146,shared,clean_fullscreen,raw,actionable,uncertain,uncertain,got,action_target,detector,positive,,2026-07-21T10:04:43.437929+00:00,2026-07-21T10:04:43.437929+00:00
538,file_112e4d98d4d3187e,asset_a22015a39ceeea98,D:\Projects\adb_vl\vision_platform\ads\runtime_collection\click_success\click_success_20260718_103334_541\pre_click.png,vision_platform\ads\runtime_collection\click_success\click_success_20260718_103334_541\pre_click.png,904.9302325581396,20.837209302325583,50.604651162790674,38.69767441860465,ads,clean_fullscreen,raw,actionable,uncertain,uncertain,,action_target,detector,positive,,2026-07-18T08:44:08.345609+00:00,2026-07-18T08:44:08.345609+00:00
389,file_118ccccd700b3f80,asset_c289a1a1431e6f2c,D:\Projects\adb_vl\vision_platform\ads\runtime_collection\click_success\click_success_20260718_105938_563\pre_click.png,vision_platform\ads\runtime_collection\click_success\click_success_20260718_105938_563\pre_click.png,418.2325581395349,139.90697674418604,120.55813953488376,35.720930232558146,shared,clean_fullscreen,raw,actionable,uncertain,uncertain,got,action_target,detector,positive,,2026-07-18T08:32:02.064919+00:00,2026-07-18T08:32:02.064919+00:00
662,file_137b4e74ff9881a0,asset_10a6ffac53f2707e,D:\Projects\adb_vl\vision_platform\ads\runtime_collection\click_success\click_success_20260719_110406_245\pre_click.png,vision_platform\ads\runtime_collection\click_success\click_success_20260719_110406_245\pre_click.png,418.2325581395349,139.90697674418604,120.55813953488376,35.720930232558146,shared,clean_fullscreen,raw,actionable,uncertain,uncertain,got,action_target,detector,positive,,2026-07-21T10:04:33.873129+00:00,2026-07-21T10:04:33.873129+00:00
632,file_148448ef2ae44fe9,asset_60b0ca490abdb611,D:\Projects\adb_vl\vision_platform\ads\runtime_collection\click_success\click_success_20260719_094207_685\pre_click.png,vision_platform\ads\runtime_collection\click_success\click_success_20260719_094207_685\pre_click.png,418.2325581395349,139.90697674418604,120.55813953488376,35.720930232558146,shared,clean_fullscreen,raw,actionable,uncertain,uncertain,got,action_target,detector,positive,,2026-07-21T10:04:24.426865+00:00,2026-07-21T10:04:24.426865+00:00
199,file_150ad0c752d1b6a2,asset_54f7e7a96285b7ed,D:\Projects\adb_vl\ads2\assets\3_reference_screens\ad_issue_20260606_045709.png,ads2\assets\3_reference_screens\ad_issue_20260606_045709.png,27.752956636005255,23.968462549277266,123.62680683311433,20.183968462549277,ads,uncertain,raw,actionable,uncertain,uncertain,,action_target,detector,positive,,2026-07-12T09:07:38.656548+00:00,2026-07-12T09:07:38.656548+00:00
424,file_1512a496da3ac94d,asset_5c79abe051e20b85,D:\Projects\adb_vl\vision_platform\ads\runtime_collection\click_success\click_success_20260718_100430_513\pre_click.png,vision_platform\ads\runtime_collection\click_success\click_success_20260718_100430_513\pre_click.png,692.0930232558139,348.27906976744185,81.8604651162791,32.74418604651163,shared,clean_fullscreen,raw,actionable,uncertain,uncertain,play,action_target,detector,positive,,2026-07-18T08:35:16.921766+00:00,2026-07-18T08:35:16.921766+00:00
627,file_1520c7eea24d2ae7,asset_a4609824b075598a,D:\Projects\adb_vl\vision_platform\ads\runtime_collection\click_success\click_success_20260718_182728_072\pre_click.png,vision_platform\ads\runtime_collection\click_success\click_success_20260718_182728_072\pre_click.png,418.2325581395349,139.90697674418604,120.55813953488376,35.720930232558146,shared,clean_fullscreen,raw,actionable,uncertain,uncertain,got,action_target,detector,positive,,2026-07-21T10:04:22.091442+00:00,2026-07-21T10:04:22.091442+00:00
52,file_154d7198b0daa7f8,asset_9a6df08755b20a33,D:\Projects\adb_vl\ads2\assets\2_communication\manual_rescue_20260607_161637_edit.png,ads2\assets\2_communication\manual_rescue_20260607_161637_edit.png,32.552704336399465,27.902318002628114,64.07198948751642,12.401030223390272,ads,uncertain,raw,actionable,uncertain,uncertain,,action_target,detector,positive,,2026-07-12T07:34:02.752422+00:00,2026-07-12T07:34:02.752422+00:00
663,file_15976bc883873837,asset_30d6f15302d8e81d,D:\Projects\adb_vl\vision_platform\ads\runtime_collection\click_success\click_success_20260713_102427_930\pre_click.png,vision_platform\ads\runtime_collection\click_success\click_success_20260713_102427_930\pre_click.png,418.2325581395349,139.90697674418604,120.55813953488376,35.720930232558146,shared,clean_fullscreen,raw,actionable,uncertain,uncertain,got,action_target,detector,positive,,2026-07-21T10:04:34.102507+00:00,2026-07-21T10:04:34.102507+00:00
371,file_15ea449a75832a30,asset_3c829e9e6ac64fb0,D:\Projects\adb_vl\vision_platform\ads\runtime_collection\click_success\click_success_20260718_100256_410\pre_click.png,vision_platform\ads\runtime_collection\click_success\click_success_20260718_100256_410\pre_click.png,418.2325581395349,139.90697674418604,120.55813953488376,35.720930232558146,shared,clean_fullscreen,raw,actionable,uncertain,uncertain,got,action_target,detector,positive,,2026-07-18T08:31:51.745173+00:00,2026-07-18T08:31:51.745173+00:00
118,file_164a2c3f6130317e,asset_60d328a08c9a6aaf,D:\Projects\adb_vl\ads2\assets\2_communication\manual_rescue_20260614_155157_edit.png,ads2\assets\2_communication\manual_rescue_20260614_155157_edit.png,913.1095477386933,23.155778894472355,24.699497487437156,20.84020100502512,ads,clean_fullscreen,raw,actionable,uncertain,uncertain,,action_target,detector,positive,,2026-07-12T08:49:56.476934+00:00,2026-07-12T08:49:58.115024+00:00
559,file_16c75175160f6cd9,asset_87a7688bd140cc86,D:\Projects\adb_vl\vision_platform\ads\runtime_collection\click_success\click_success_20260718_101411_699\pre_click.png,vision_platform\ads\runtime_collection\click_success\click_success_20260718_101411_699\pre_click.png,16.372093023255815,23.813953488372093,47.627906976744185,41.674418604651166,ads,clean_fullscreen,raw,actionable,uncertain,uncertain,,action_target,detector,positive,,2026-07-18T08:46:10.853004+00:00,2026-07-18T08:46:10.853004+00:00
408,file_17701a062d36f771,asset_ec83c2c1ebe46b39,D:\Projects\adb_vl\vision_platform\ads\runtime_collection\click_success\click_success_20260718_085131_891\pre_click.png,vision_platform\ads\runtime_collection\click_success\click_success_20260718_085131_891\pre_click.png,907.9069767441861,16.372093023255815,38.697674418604606,37.20930232558139,ads,clean_fullscreen,raw,actionable,uncertain,uncertain,,action_target,detector,positive,,2026-07-18T08:33:27.692258+00:00,2026-07-18T08:33:27.692258+00:00
90,file_17c948c4450ba29c,asset_beac250e4661b225,D:\Projects\adb_vl\ads2\assets\2_communication\manual_rescue_20260610_162023_edit.png,ads2\assets\2_communication\manual_rescue_20260610_162023_edit.png,441.40703517587934,475.1758793969849,78.39195979899495,19.2964824120603,shared,clean_fullscreen,raw,actionable,uncertain,uncertain,play,action_target,detector,positive,,2026-07-12T07:40:13.369122+00:00,2026-07-12T07:40:13.369122+00:00
728,file_18df67095ae460ad,asset_aab217fc5ba214ed,D:\Projects\adb_vl\vision_platform\ads\runtime_collection\click_success\click_success_20260718_164543_978\pre_click.png,vision_platform\ads\runtime_collection\click_success\click_success_20260718_164543_978\pre_click.png,418.2325581395349,139.90697674418604,120.55813953488376,35.720930232558146,shared,clean_fullscreen,raw,actionable,uncertain,uncertain,got,action_target,detector,positive,,2026-07-21T10:04:57.190424+00:00,2026-07-21T10:04:57.190424+00:00
40,file_1922bb97a02f78e7,asset_0ef85ef6c3008061,D:\Projects\adb_vl\ads2\assets\2_communication\manual_rescue_20260607_151902_edit.png,ads2\assets\2_communication\manual_rescue_20260607_151902_edit.png,908.1407035175879,24.120603015075375,34.9748743718593,20.50251256281407,ads,clean_fullscreen,raw,actionable,uncertain,uncertain,,action_target,detector,positive,,2026-07-12T07:31:53.936914+00:00,2026-07-12T07:31:53.936914+00:00
676,file_1944c628bb8a900a,asset_2baa4cd711e471f1,D:\Projects\adb_vl\vision_platform\ads\runtime_collection\click_success\click_success_20260713_092333_686\pre_click.png,vision_platform\ads\runtime_collection\click_success\click_success_20260713_092333_686\pre_click.png,418.2325581395349,139.90697674418604,120.55813953488376,35.720930232558146,shared,clean_fullscreen,raw,actionable,uncertain,uncertain,got,action_target,detector,positive,,2026-07-21T10:04:38.880305+00:00,2026-07-21T10:04:38.880305+00:00
595,file_1b48c02f71399e8f,asset_eae065bae3dae185,D:\Projects\adb_vl\vision_platform\ads\runtime_collection\click_success\click_success_20260718_110114_573\pre_click.png,vision_platform\ads\runtime_collection\click_success\click_success_20260718_110114_573\pre_click.png,19.348837209302324,19.348837209302324,47.62790697674419,46.139534883720934,ads,clean_fullscreen,raw,actionable,uncertain,uncertain,,action_target,detector,positive,,2026-07-18T08:49:43.416799+00:00,2026-07-18T08:49:43.416799+00:00
257,file_1b67921bb1d324da,asset_ce439f8a4dbcb1ce,D:\Projects\adb_vl\ads2\assets\3_reference_screens\manual_check_20260605_101959.png,ads2\assets\3_reference_screens\manual_check_20260605_101959.png,902.110552763819,31.356783919597987,37.38693467336691,37.38693467336684,ads,clean_fullscreen,raw,actionable,uncertain,uncertain,主城,action_target,detector,positive,,2026-07-12T09:27:36.814384+00:00,2026-07-12T09:27:36.843487+00:00
258,file_1b67921bb1d324da,asset_ce439f8a4dbcb1ce,D:\Projects\adb_vl\ads2\assets\3_reference_screens\manual_check_20260605_101959.png,ads2\assets\3_reference_screens\manual_check_20260605_101959.png,85.62814070351757,108.54271356783919,48.24120603015075,38.592964824120614,ads,clean_fullscreen,raw,actionable,uncertain,uncertain,主城,action_target,detector,positive,,2026-07-12T09:27:44.374252+00:00,2026-07-12T09:27:44.479695+00:00
333,file_1b67921bb1d324da,asset_ce439f8a4dbcb1ce,D:\Projects\adb_vl\ads2\assets\3_reference_screens\manual_check_20260605_101959.png,ads2\assets\3_reference_screens\manual_check_20260605_101959.png,434.0425531914894,395.74468085106383,81.7021276595745,38.297872340425556,ads,clean_fullscreen,raw,actionable,uncertain,uncertain,主城,action_target,detector,positive,,2026-07-12T09:43:07.601824+00:00,2026-07-12T09:43:07.622677+00:00
334,file_1b67921bb1d324da,asset_ce439f8a4dbcb1ce,D:\Projects\adb_vl\ads2\assets\3_reference_screens\manual_check_20260605_101959.png,ads2\assets\3_reference_screens\manual_check_20260605_101959.png,217.0212765957447,502.97872340425533,65.10638297872342,24.255319148936223,ads,clean_fullscreen,raw,actionable,uncertain,uncertain,主城,action_target,detector,positive,,2026-07-12T09:43:12.401697+00:00,2026-07-12T09:43:12.419833+00:00
335,file_1b67921bb1d324da,asset_ce439f8a4dbcb1ce,D:\Projects\adb_vl\ads2\assets\3_reference_screens\manual_check_20260605_101959.png,ads2\assets\3_reference_screens\manual_check_20260605_101959.png,51.06382978723404,508.0851063829787,67.65957446808511,15.31914893617028,ads,clean_fullscreen,raw,actionable,uncertain,uncertain,主城,action_target,detector,positive,,2026-07-12T09:43:15.859074+00:00,2026-07-12T09:43:15.954494+00:00
336,file_1b67921bb1d324da,asset_ce439f8a4dbcb1ce,D:\Projects\adb_vl\ads2\assets\3_reference_screens\manual_check_20260605_101959.png,ads2\assets\3_reference_screens\manual_check_20260605_101959.png,681.7021276595746,505.53191489361706,67.65957446808511,22.978723404255277,ads,clean_fullscreen,raw,actionable,uncertain,uncertain,主城,action_target,detector,positive,,2026-07-12T09:43:20.369588+00:00,2026-07-12T09:43:20.392377+00:00
337,file_1b67921bb1d324da,asset_ce439f8a4dbcb1ce,D:\Projects\adb_vl\ads2\assets\3_reference_screens\manual_check_20260605_101959.png,ads2\assets\3_reference_screens\manual_check_20260605_101959.png,797.872340425532,390.63829787234044,68.93617021276589,74.04255319148939,ads,clean_fullscreen,raw,actionable,uncertain,uncertain,主城,action_target,detector,positive,,2026-07-12T09:43:23.809866+00:00,2026-07-12T09:43:23.826204+00:00
665,file_1bb36f9f0658bea6,asset_016696aef327f8cd,D:\Projects\adb_vl\vision_platform\ads\runtime_collection\click_success\click_success_20260713_095502_252\pre_click.png,vision_platform\ads\runtime_collection\click_success\click_success_20260713_095502_252\pre_click.png,418.2325581395349,139.90697674418604,120.55813953488376,35.720930232558146,shared,clean_fullscreen,raw,actionable,uncertain,uncertain,got,action_target,detector,positive,,2026-07-21T10:04:34.585385+00:00,2026-07-21T10:04:34.585385+00:00
280,file_1d0fb75f91c7abe3,asset_f6c3c72ac302e407,D:\Projects\adb_vl\ads2\assets\3_reference_screens\menu_test_2_20260605_104131.png,ads2\assets\3_reference_screens\menu_test_2_20260605_104131.png,902.110552763819,31.356783919597987,37.38693467336691,37.38693467336684,game,clean_fullscreen,raw,actionable,uncertain,uncertain,主城,action_target,detector,positive,,2026-07-12T09:29:12.718342+00:00,2026-07-12T09:29:12.718342+00:00
281,file_1d0fb75f91c7abe3,asset_f6c3c72ac302e407,D:\Projects\adb_vl\ads2\assets\3_reference_screens\menu_test_2_20260605_104131.png,ads2\assets\3_reference_screens\menu_test_2_20260605_104131.png,85.62814070351757,108.54271356783919,48.24120603015075,38.592964824120614,game,clean_fullscreen,raw,actionable,uncertain,uncertain,主城,action_target,detector,positive,,2026-07-12T09:29:12.733256+00:00,2026-07-12T09:29:12.733256+00:00
282,file_1d0fb75f91c7abe3,asset_f6c3c72ac302e407,D:\Projects\adb_vl\ads2\assets\3_reference_screens\menu_test_2_20260605_104131.png,ads2\assets\3_reference_screens\menu_test_2_20260605_104131.png,21.708542713567837,174.87437185929647,44.623115577889436,36.18090452261305,game,clean_fullscreen,raw,actionable,uncertain,uncertain,主城,action_target,detector,positive,,2026-07-12T09:29:12.750530+00:00,2026-07-12T09:29:12.750530+00:00
283,file_1d0fb75f91c7abe3,asset_f6c3c72ac302e407,D:\Projects\adb_vl\ads2\assets\3_reference_screens\menu_test_2_20260605_104131.png,ads2\assets\3_reference_screens\menu_test_2_20260605_104131.png,441.40703517587934,390.7537688442211,100.10050251256285,51.85929648241205,game,clean_fullscreen,raw,actionable,uncertain,uncertain,主城,action_target,detector,positive,,2026-07-12T09:29:12.765950+00:00,2026-07-12T09:29:12.765950+00:00
284,file_1d0fb75f91c7abe3,asset_f6c3c72ac302e407,D:\Projects\adb_vl\ads2\assets\3_reference_screens\menu_test_2_20260605_104131.png,ads2\assets\3_reference_screens\menu_test_2_20260605_104131.png,417.286432160804,499.29648241206024,107.3366834170854,25.32663316582915,game,clean_fullscreen,raw,actionable,uncertain,uncertain,主城,action_target,detector,positive,,2026-07-12T09:29:12.785166+00:00,2026-07-12T09:29:12.785166+00:00
285,file_1d0fb75f91c7abe3,asset_f6c3c72ac302e407,D:\Projects\adb_vl\ads2\assets\3_reference_screens\menu_test_2_20260605_104131.png,ads2\assets\3_reference_screens\menu_test_2_20260605_104131.png,669.3467336683417,494.4723618090452,72.3618090452261,31.356783919598,game,clean_fullscreen,raw,actionable,uncertain,uncertain,主城,action_target,detector,positive,,2026-07-12T09:29:12.804719+00:00,2026-07-12T09:29:12.804719+00:00
286,file_1d0fb75f91c7abe3,asset_f6c3c72ac302e407,D:\Projects\adb_vl\ads2\assets\3_reference_screens\menu_test_2_20260605_104131.png,ads2\assets\3_reference_screens\menu_test_2_20260605_104131.png,212.2613065326633,500.50251256281405,73.5678391959799,26.53266331658284,game,clean_fullscreen,raw,actionable,uncertain,uncertain,主城,action_target,detector,positive,,2026-07-12T09:29:12.822271+00:00,2026-07-12T09:29:12.822271+00:00
287,file_1d0fb75f91c7abe3,asset_f6c3c72ac302e407,D:\Projects\adb_vl\ads2\assets\3_reference_screens\menu_test_2_20260605_104131.png,ads2\assets\3_reference_screens\menu_test_2_20260605_104131.png,44.62311557788944,504.12060301507535,79.59798994974872,25.32663316582915,game,clean_fullscreen,raw,actionable,uncertain,uncertain,主城,action_target,detector,positive,,2026-07-12T09:29:12.839232+00:00,2026-07-12T09:29:12.839232+00:00
288,file_1d0fb75f91c7abe3,asset_f6c3c72ac302e407,D:\Projects\adb_vl\ads2\assets\3_reference_screens\menu_test_2_20260605_104131.png,ads2\assets\3_reference_screens\menu_test_2_20260605_104131.png,794.7738693467336,378.6934673366834,75.9798994974874,86.83417085427135,game,clean_fullscreen,raw,actionable,uncertain,uncertain,主城,action_target,detector,positive,,2026-07-12T09:29:12.854882+00:00,2026-07-12T09:29:12.854882+00:00
289,file_1d0fb75f91c7abe3,asset_f6c3c72ac302e407,D:\Projects\adb_vl\ads2\assets\3_reference_screens\menu_test_2_20260605_104131.png,ads2\assets\3_reference_screens\menu_test_2_20260605_104131.png,828.5427135678391,161.608040201005,47.035175879397,48.24120603015075,game,clean_fullscreen,raw,actionable,uncertain,uncertain,主城,action_target,detector,positive,,2026-07-12T09:29:12.871951+00:00,2026-07-12T09:29:12.871951+00:00
290,file_1d0fb75f91c7abe3,asset_f6c3c72ac302e407,D:\Projects\adb_vl\ads2\assets\3_reference_screens\menu_test_2_20260605_104131.png,ads2\assets\3_reference_screens\menu_test_2_20260605_104131.png,21.708542713567837,103.71859296482411,42.211055276381906,45.82914572864321,game,clean_fullscreen,raw,actionable,uncertain,uncertain,主城,action_target,detector,positive,,2026-07-12T09:29:12.887891+00:00,2026-07-12T09:29:12.887891+00:00
13,file_1d66d77457cb8524,asset_012e1c6083b7edb3,D:\Projects\adb_vl\ads2\assets\2_communication\manual_rescue_20260607_082726_original.png,ads2\assets\2_communication\manual_rescue_20260607_082726_original.png,420.56074766355135,131.21495327102804,122.24299065420558,39.25233644859813,shared,clean_fullscreen,raw,actionable,uncertain,uncertain,,action_target,detector,positive,,2026-07-12T07:23:37.210018+00:00,2026-07-12T07:23:37.210018+00:00
5,file_1dc86af4d362d037,asset_ab05d9f4b4d29489,D:\Projects\adb_vl\ads2\assets\2_communication\manual_rescue_20260606_231704_edit.png,ads2\assets\2_communication\manual_rescue_20260606_231704_edit.png,283.72469635627533,340.7287449392713,89.39271255060726,20.728744939271223,ads,clean_fullscreen,raw,actionable,uncertain,uncertain,play,action_target,detector,positive,,2026-07-12T07:12:52.970878+00:00,2026-07-12T07:12:52.970878+00:00
352,file_1dfb8cd3f6b15812,asset_dd7bdc0938458765,D:\Projects\adb_vl\vision_platform\ads\runtime_collection\click_success\click_success_20260718_104605_823\pre_click.png,vision_platform\ads\runtime_collection\click_success\click_success_20260718_104605_823\pre_click.png,418.2325581395349,139.90697674418604,120.55813953488376,35.720930232558146,ads,clean_fullscreen,raw,actionable,uncertain,uncertain,got,action_target,detector,positive,,2026-07-18T08:29:13.121877+00:00,2026-07-18T08:29:13.121877+00:00
144,file_1e4f4b18bcc07ea6,asset_c81ab2155760df3c,D:\Projects\adb_vl\ads2\assets\2_communication\manual_rescue_20260625_144957_edit.png,ads2\assets\2_communication\manual_rescue_20260625_144957_edit.png,908.1407035175879,22.914572864321606,36.18090452261299,20.50251256281407,ads,clean_fullscreen,raw,actionable,uncertain,uncertain,,action_target,detector,positive,,2026-07-12T08:57:01.888258+00:00,2026-07-12T08:57:01.888258+00:00
226,file_1eb21421ca9b9649,asset_2867e99380860ce4,D:\Projects\adb_vl\ads2\assets\3_reference_screens\debug_end_20260605_081007.png,ads2\assets\3_reference_screens\debug_end_20260605_081007.png,414.87437185929645,135.0753768844221,127.83919597989944,42.2110552763819,ads,clean_fullscreen,raw,actionable,uncertain,uncertain,got,action_target,detector,positive,,2026-07-12T09:23:37.341201+00:00,2026-07-12T09:23:37.441646+00:00
713,file_1f5b563b82906000,asset_f88be296d332b8c1,D:\Projects\adb_vl\vision_platform\ads\runtime_collection\click_success\click_success_20260713_080907_353\pre_click.png,vision_platform\ads\runtime_collection\click_success\click_success_20260713_080907_353\pre_click.png,418.2325581395349,139.90697674418604,120.55813953488376,35.720930232558146,shared,clean_fullscreen,raw,actionable,uncertain,uncertain,got,action_target,detector,positive,,2026-07-21T10:04:50.273912+00:00,2026-07-21T10:04:50.273912+00:00
43,file_1f61fa69df283b55,asset_6b5f8cdfb057831b,D:\Projects\adb_vl\ads2\assets\2_communication\manual_rescue_20260607_153732_original.png,ads2\assets\2_communication\manual_rescue_20260607_153732_original.png,908.1407035175879,24.120603015075375,34.9748743718593,20.50251256281407,ads,clean_fullscreen,raw,actionable,uncertain,uncertain,,action_target,detector,positive,,2026-07-12T07:31:59.124197+00:00,2026-07-12T07:31:59.124197+00:00
162,file_1f7b0b6d79c84dad,asset_1f86aa5565dbc45f,D:\Projects\adb_vl\ads2\assets\2_communication\manual_rescue_20260703_095006_original.png,ads2\assets\2_communication\manual_rescue_20260703_095006_original.png,94.61235216819973,18.922470433639948,36.58344283837057,30.275952693823914,ads,uncertain,raw,actionable,uncertain,uncertain,,action_target,detector,positive,,2026-07-12T09:02:01.645336+00:00,2026-07-12T09:02:01.645336+00:00
346,file_202369c2ba18b8a8,asset_666fa9941dbf43c8,D:\Projects\adb_vl\vision_platform\ads\runtime_collection\click_success\click_success_20260718_101452_479\pre_click.png,vision_platform\ads\runtime_collection\click_success\click_success_20260718_101452_479\pre_click.png,418.2325581395349,139.90697674418604,120.55813953488376,35.720930232558146,ads,clean_fullscreen,raw,actionable,uncertain,uncertain,got,action_target,detector,positive,,2026-07-18T08:29:09.175179+00:00,2026-07-18T08:29:09.175179+00:00
213,file_20310899d33cdbc9,asset_30d7092e08e623bc,D:\Projects\adb_vl\ads2\assets\3_reference_screens\ad_issue_20260606_083314.png,ads2\assets\3_reference_screens\ad_issue_20260606_083314.png,281.0050251256281,338.894472361809,91.65829145728645,20.502512562814104,ads,clean_fullscreen,raw,actionable,uncertain,uncertain,play,action_target,detector,positive,,2026-07-12T09:21:35.500076+00:00,2026-07-12T09:21:35.514601+00:00
471,file_2114edf9c5eae20b,asset_ca3f0fd5dfd906d4,D:\Projects\adb_vl\vision_platform\ads\runtime_collection\click_success\click_success_20260718_105209_090\pre_click.png,vision_platform\ads\runtime_collection\click_success\click_success_20260718_105209_090\pre_click.png,278.3255813953488,336.3720930232558,96.74418604651163,26.790697674418652,shared,clean_fullscreen,raw,actionable,uncertain,uncertain,play,action_target,detector,positive,,2026-07-18T08:36:55.799022+00:00,2026-07-18T08:36:55.799022+00:00
633,file_2196ca0a8a983fc8,asset_b9d118af431c2357,D:\Projects\adb_vl\vision_platform\ads\runtime_collection\click_success\click_success_20260720_131153_058\pre_click.png,vision_platform\ads\runtime_collection\click_success\click_success_20260720_131153_058\pre_click.png,418.2325581395349,139.90697674418604,120.55813953488376,35.720930232558146,shared,clean_fullscreen,raw,actionable,uncertain,uncertain,got,action_target,detector,positive,,2026-07-21T10:04:24.693451+00:00,2026-07-21T10:04:24.693451+00:00
748,file_22935fcb2008073a,asset_a4f70e645255b736,D:\Projects\adb_vl\vision_platform\ads\runtime_collection\click_success\click_success_20260719_110430_386\pre_click.png,vision_platform\ads\runtime_collection\click_success\click_success_20260719_110430_386\pre_click.png,903.4418604651163,17.86046511627907,41.67441860465112,32.74418604651163,ads,clean_fullscreen,raw,actionable,uncertain,uncertain,,action_target,detector,positive,,2026-07-21T10:05:04.018871+00:00,2026-07-21T10:05:04.018871+00:00
338,file_22ca921e76653352,asset_a3346f5bfa58e3d4,D:\Projects\adb_vl\ads2\assets\2_communication\manual_rescue_20260703_113909_edit.png,ads2\assets\2_communication\manual_rescue_20260703_113909_edit.png,27.745664739884393,29.13294797687861,27.745664739884393,27.74566473988439,ads,clean_fullscreen,raw,actionable,uncertain,uncertain,,action_target,detector,positive,,2026-07-12T13:45:59.488985+00:00,2026-07-12T13:45:59.488985+00:00
364,file_2331f03018ffb667,asset_2bb3ab150b2c17f7,D:\Projects\adb_vl\vision_platform\ads\runtime_collection\click_success\click_success_20260718_085136_565\pre_click.png,vision_platform\ads\runtime_collection\click_success\click_success_20260718_085136_565\pre_click.png,418.2325581395349,139.90697674418604,120.55813953488376,35.720930232558146,shared,clean_fullscreen,raw,actionable,uncertain,uncertain,got,action_target,detector,positive,,2026-07-18T08:31:44.477087+00:00,2026-07-18T08:31:44.477087+00:00
679,file_233e30953fb26cb6,asset_b39a0345de984d81,D:\Projects\adb_vl\vision_platform\ads\runtime_collection\click_success\click_success_20260719_100852_946\pre_click.png,vision_platform\ads\runtime_collection\click_success\click_success_20260719_100852_946\pre_click.png,418.2325581395349,139.90697674418604,120.55813953488376,35.720930232558146,shared,clean_fullscreen,raw,actionable,uncertain,uncertain,got,action_target,detector,positive,,2026-07-21T10:04:39.905409+00:00,2026-07-21T10:04:39.905409+00:00
20,file_243b7b7509dbd3e4,asset_ae18f7ee593c2fee,D:\Projects\adb_vl\ads2\assets\2_communication\manual_rescue_20260607_085221_original.png,ads2\assets\2_communication\manual_rescue_20260607_085221_original.png,428.1407035175879,143.51758793969847,97.6884422110553,31.356783919598,shared,clean_fullscreen,raw,actionable,uncertain,uncertain,,action_target,detector,positive,,2026-07-12T07:24:17.781814+00:00,2026-07-12T07:24:17.781814+00:00
357,file_24f3497a74974825,asset_ea84c9dcd907ccf2,D:\Projects\adb_vl\vision_platform\ads\runtime_collection\click_success\click_success_20260718_093318_020\pre_click.png,vision_platform\ads\runtime_collection\click_success\click_success_20260718_093318_020\pre_click.png,418.2325581395349,139.90697674418604,120.55813953488376,35.720930232558146,ads,clean_fullscreen,raw,actionable,uncertain,uncertain,got,action_target,detector,positive,,2026-07-18T08:29:15.879263+00:00,2026-07-18T08:29:15.879263+00:00
406,file_257fe523aaf5236a,asset_0df138cceee42d63,D:\Projects\adb_vl\vision_platform\ads\runtime_collection\click_success\click_success_20260718_085229_340\pre_click.png,vision_platform\ads\runtime_collection\click_success\click_success_20260718_085229_340\pre_click.png,907.9069767441861,16.372093023255815,38.697674418604606,37.20930232558139,ads,clean_fullscreen,raw,actionable,uncertain,uncertain,,action_target,detector,positive,,2026-07-18T08:33:25.738577+00:00,2026-07-18T08:33:25.738577+00:00
214,file_26c3b4730cf5f4db,asset_6f78b2b98af5b30c,D:\Projects\adb_vl\ads2\assets\3_reference_screens\ad_issue_20260606_083435.png,ads2\assets\3_reference_screens\ad_issue_20260606_083435.png,158.0653266331658,602.4790619765492,51.557788944723626,36.44891122278063,shared,uncertain,raw,actionable,uncertain,uncertain,play,action_target,detector,positive,,2026-07-12T09:21:41.834882+00:00,2026-07-12T09:21:41.834882+00:00
215,file_26c3b4730cf5f4db,asset_6f78b2b98af5b30c,D:\Projects\adb_vl\ads2\assets\3_reference_screens\ad_issue_20260606_083435.png,ads2\assets\3_reference_screens\ad_issue_20260606_083435.png,23.968462549277266,16.39947437582129,132.45729303547964,30.275952693823914,ads,uncertain,raw,actionable,uncertain,uncertain,play,action_target,detector,positive,,2026-07-12T09:21:51.740282+00:00,2026-07-12T09:21:51.762795+00:00
368,file_277e6511c8653fa7,asset_6d7842beb0c44196,D:\Projects\adb_vl\vision_platform\ads\runtime_collection\click_success\click_success_20260718_100342_222\pre_click.png,vision_platform\ads\runtime_collection\click_success\click_success_20260718_100342_222\pre_click.png,418.2325581395349,139.90697674418604,120.55813953488376,35.720930232558146,shared,clean_fullscreen,raw,actionable,uncertain,uncertain,got,action_target,detector,positive,,2026-07-18T08:31:49.530210+00:00,2026-07-18T08:31:49.530210+00:00
410,file_285dc209cbead215,asset_1c5e9734edbfc31e,D:\Projects\adb_vl\vision_platform\ads\runtime_collection\click_success\click_success_20260718_094308_494\pre_click.png,vision_platform\ads\runtime_collection\click_success\click_success_20260718_094308_494\pre_click.png,907.9069767441861,16.372093023255815,38.697674418604606,37.20930232558139,ads,clean_fullscreen,raw,actionable,uncertain,uncertain,,action_target,detector,positive,,2026-07-18T08:33:29.426082+00:00,2026-07-18T08:33:29.426082+00:00
345,file_28e0578f76ab9490,asset_ce1685538fba37c1,D:\Projects\adb_vl\vision_platform\ads\runtime_collection\click_success\click_success_20260718_101416_611\pre_click.png,vision_platform\ads\runtime_collection\click_success\click_success_20260718_101416_611\pre_click.png,418.2325581395349,139.90697674418604,120.55813953488376,35.720930232558146,ads,clean_fullscreen,raw,actionable,uncertain,uncertain,got,action_target,detector,positive,,2026-07-18T08:29:08.233975+00:00,2026-07-18T08:29:08.233975+00:00
619,file_292260a9b2edb51f,asset_133fdef3a3538c14,D:\Projects\adb_vl\vision_platform\ads\runtime_collection\click_success\click_success_20260713_100337_863\pre_click.png,vision_platform\ads\runtime_collection\click_success\click_success_20260713_100337_863\pre_click.png,409.6,139.52,140.79999999999995,34.56,ads,clean_fullscreen,raw,actionable,uncertain,uncertain,,action_target,detector,positive,,2026-07-21T10:04:06.142656+00:00,2026-07-21T10:04:06.142656+00:00
727,file_2942548eb09a2ecb,asset_842f901bc8b6991c,D:\Projects\adb_vl\vision_platform\ads\runtime_collection\click_success\click_success_20260718_164515_611\pre_click.png,vision_platform\ads\runtime_collection\click_success\click_success_20260718_164515_611\pre_click.png,418.2325581395349,139.90697674418604,120.55813953488376,35.720930232558146,shared,clean_fullscreen,raw,actionable,uncertain,uncertain,got,action_target,detector,positive,,2026-07-21T10:04:56.978564+00:00,2026-07-21T10:04:56.978564+00:00
743,file_297c6c70feaa8f3e,asset_e8d240395ba90ae2,D:\Projects\adb_vl\vision_platform\ads\runtime_collection\click_success\click_success_20260719_110401_544\pre_click.png,vision_platform\ads\runtime_collection\click_success\click_success_20260719_110401_544\pre_click.png,903.4418604651163,17.86046511627907,41.67441860465112,32.74418604651163,ads,clean_fullscreen,raw,actionable,uncertain,uncertain,,action_target,detector,positive,,2026-07-21T10:05:01.899530+00:00,2026-07-21T10:05:01.899530+00:00
64,file_29cd8a9b6ed552f6,asset_84d107a9ad22d8c6,D:\Projects\adb_vl\ads2\assets\2_communication\manual_rescue_20260607_165932_edit.png,ads2\assets\2_communication\manual_rescue_20260607_165932_edit.png,911.4114572864319,25.93447236180904,29.639396984924588,18.524623115577885,ads,clean_fullscreen,raw,actionable,uncertain,uncertain,,action_target,detector,positive,,2026-07-12T07:36:11.091378+00:00,2026-07-12T07:36:11.091378+00:00
197,file_2a37f7231e6a6bf5,asset_3975333343c205ac,D:\Projects\adb_vl\ads2\assets\3_reference_screens\ad_issue_20260606_045316.png,ads2\assets\3_reference_screens\ad_issue_20260606_045316.png,908.1407035175879,21.708542713567837,38.5929648241206,22.914572864321606,ads,clean_fullscreen,raw,actionable,uncertain,uncertain,,action_target,detector,positive,,2026-07-12T09:07:21.145070+00:00,2026-07-12T09:07:21.145070+00:00
428,file_2a5e82f1e41448c4,asset_1fa44ff49fff3e1f,D:\Projects\adb_vl\vision_platform\ads\runtime_collection\click_success\click_success_20260718_085240_431\pre_click.png,vision_platform\ads\runtime_collection\click_success\click_success_20260718_085240_431\pre_click.png,692.0930232558139,348.27906976744185,81.8604651162791,32.74418604651163,shared,clean_fullscreen,raw,actionable,uncertain,uncertain,play,action_target,detector,positive,,2026-07-18T08:35:36.740393+00:00,2026-07-18T08:35:36.740393+00:00
754,file_2a74d48c47294157,asset_df4a78ff84e7a09a,D:\Projects\adb_vl\vision_platform\ads\runtime_collection\click_success\click_success_20260713_085640_930\pre_click.png,vision_platform\ads\runtime_collection\click_success\click_success_20260713_085640_930\pre_click.png,910.1464713715046,15.339547270306259,35.792276964047915,38.348868175765645,ads,clean_fullscreen,raw,actionable,uncertain,uncertain,got,action_target,detector,positive,,2026-07-21T10:16:23.762256+00:00,2026-07-21T10:16:23.782308+00:00
692,file_2aba453b685bd11b,asset_c86d47617931effe,D:\Projects\adb_vl\vision_platform\ads\runtime_collection\click_success\click_success_20260720_105950_883\pre_click.png,vision_platform\ads\runtime_collection\click_success\click_success_20260720_105950_883\pre_click.png,418.2325581395349,139.90697674418604,120.55813953488376,35.720930232558146,shared,clean_fullscreen,raw,actionable,uncertain,uncertain,got,action_target,detector,positive,,2026-07-21T10:04:43.961329+00:00,2026-07-21T10:04:43.961329+00:00
218,file_2afb0226acc27ab5,asset_efd27acdc6f9a82d,D:\Projects\adb_vl\ads2\assets\3_reference_screens\ad_issue_20260606_083806.png,ads2\assets\3_reference_screens\ad_issue_20260606_083806.png,25.229960578186596,21.445466491458607,75.68988173455979,22.706964520367936,ads,uncertain,raw,actionable,uncertain,uncertain,play,action_target,detector,positive,,2026-07-12T09:22:07.437003+00:00,2026-07-12T09:22:07.455184+00:00
615,file_2ba0fe4b6634570c,asset_d34d78f0a5bce729,D:\Projects\adb_vl\vision_platform\ads\runtime_collection\click_success\click_success_20260713_090311_972\pre_click.png,vision_platform\ads\runtime_collection\click_success\click_success_20260713_090311_972\pre_click.png,409.6,139.52,140.79999999999995,34.56,ads,clean_fullscreen,raw,actionable,uncertain,uncertain,,action_target,detector,positive,,2026-07-21T10:04:03.404157+00:00,2026-07-21T10:04:03.404157+00:00
722,file_2bfb5e895534ad26,asset_a6a63ef29ec8babd,D:\Projects\adb_vl\vision_platform\ads\runtime_collection\click_success\click_success_20260713_081552_811\pre_click.png,vision_platform\ads\runtime_collection\click_success\click_success_20260713_081552_811\pre_click.png,418.2325581395349,139.90697674418604,120.55813953488376,35.720930232558146,shared,clean_fullscreen,raw,actionable,uncertain,uncertain,got,action_target,detector,positive,,2026-07-21T10:04:52.899816+00:00,2026-07-21T10:04:52.899816+00:00
360,file_2c535b6ebeb60a97,asset_f87c9cf0e4be2b5b,D:\Projects\adb_vl\vision_platform\ads\runtime_collection\click_success\click_success_20260718_103543_976\pre_click.png,vision_platform\ads\runtime_collection\click_success\click_success_20260718_103543_976\pre_click.png,418.2325581395349,139.90697674418604,120.55813953488376,35.720930232558146,shared,clean_fullscreen,raw,actionable,uncertain,uncertain,got,action_target,detector,positive,,2026-07-18T08:31:39.184435+00:00,2026-07-18T08:31:39.184435+00:00
703,file_2c6e41589b7709a2,asset_2bd12a865b6d33dc,D:\Projects\adb_vl\vision_platform\ads\runtime_collection\click_success\click_success_20260720_102211_252\pre_click.png,vision_platform\ads\runtime_collection\click_success\click_success_20260720_102211_252\pre_click.png,418.2325581395349,139.90697674418604,120.55813953488376,35.720930232558146,shared,clean_fullscreen,raw,actionable,uncertain,uncertain,got,action_target,detector,positive,,2026-07-21T10:04:47.663959+00:00,2026-07-21T10:04:47.663959+00:00
677,file_2cc997305c20eaf8,asset_bc7d6317c44405bb,D:\Projects\adb_vl\vision_platform\ads\runtime_collection\click_success\click_success_20260713_095051_741\pre_click.png,vision_platform\ads\runtime_collection\click_success\click_success_20260713_095051_741\pre_click.png,418.2325581395349,139.90697674418604,120.55813953488376,35.720930232558146,shared,clean_fullscreen,raw,actionable,uncertain,uncertain,got,action_target,detector,positive,,2026-07-21T10:04:39.157830+00:00,2026-07-21T10:04:39.157830+00:00
462,file_2d1edfb11f98fee2,asset_861331d5aad2dab5,D:\Projects\adb_vl\vision_platform\ads\runtime_collection\click_success\click_success_20260718_105251_401\pre_click.png,vision_platform\ads\runtime_collection\click_success\click_success_20260718_105251_401\pre_click.png,278.3255813953488,336.3720930232558,96.74418604651163,26.790697674418652,shared,clean_fullscreen,raw,actionable,uncertain,uncertain,play,action_target,detector,positive,,2026-07-18T08:36:50.966662+00:00,2026-07-18T08:36:50.966662+00:00
601,file_2ebce35188188b1d,asset_7a3695d5a343e001,D:\Projects\adb_vl\vision_platform\ads\runtime_collection\click_success\click_success_20260718_100153_776\pre_click.png,vision_platform\ads\runtime_collection\click_success\click_success_20260718_100153_776\pre_click.png,17.86046511627907,20.837209302325583,90.7906976744186,40.18604651162791,ads,clean_fullscreen,raw,actionable,uncertain,uncertain,,action_target,detector,positive,,2026-07-18T08:50:23.170944+00:00,2026-07-18T08:50:23.170944+00:00
405,file_2ee23ae8fe9fb845,asset_0df138cceee42d63,D:\Projects\adb_vl\vision_platform\ads\runtime_collection\click_success\click_success_20260718_085103_455\pre_click.png,vision_platform\ads\runtime_collection\click_success\click_success_20260718_085103_455\pre_click.png,907.9069767441861,16.372093023255815,38.697674418604606,37.20930232558139,ads,clean_fullscreen,raw,actionable,uncertain,uncertain,,action_target,detector,positive,,2026-07-18T08:33:22.390138+00:00,2026-07-18T08:33:22.390138+00:00
698,file_2f44fb5ffcf0d7b2,asset_c62e0a1583fe6367,D:\Projects\adb_vl\vision_platform\ads\runtime_collection\click_success\click_success_20260719_110337_799\pre_click.png,vision_platform\ads\runtime_collection\click_success\click_success_20260719_110337_799\pre_click.png,418.2325581395349,139.90697674418604,120.55813953488376,35.720930232558146,shared,clean_fullscreen,raw,actionable,uncertain,uncertain,got,action_target,detector,positive,,2026-07-21T10:04:45.956210+00:00,2026-07-21T10:04:45.956210+00:00
78,file_30d80381e71c4229,asset_011d6b03e2375afe,D:\Projects\adb_vl\ads2\assets\2_communication\manual_rescue_20260609_093141_original.png,ads2\assets\2_communication\manual_rescue_20260609_093141_original.png,909.2502512562812,23.15577889447236,33.96180904522612,20.84020100502512,ads,clean_fullscreen,raw,actionable,uncertain,uncertain,,action_target,detector,positive,,2026-07-12T07:38:22.888716+00:00,2026-07-12T07:38:22.888716+00:00
110,file_30e20ba407f2e735,asset_be918d46cdab9963,D:\Projects\adb_vl\ads2\assets\2_communication\manual_rescue_20260613_153604_original.png,ads2\assets\2_communication\manual_rescue_20260613_153604_original.png,906.9346733668341,21.708542713567837,39.798994974874404,21.708542713567837,ads,clean_fullscreen,raw,actionable,uncertain,uncertain,,action_target,detector,positive,,2026-07-12T07:42:35.093312+00:00,2026-07-12T07:42:35.093312+00:00
359,file_31c6dff008c6bb23,asset_097a4a7e35bdc8ee,D:\Projects\adb_vl\vision_platform\ads\runtime_collection\click_success\click_success_20260718_085234_000\pre_click.png,vision_platform\ads\runtime_collection\click_success\click_success_20260718_085234_000\pre_click.png,418.2325581395349,139.90697674418604,120.55813953488376,35.720930232558146,shared,clean_fullscreen,raw,actionable,uncertain,uncertain,got,action_target,detector,positive,,2026-07-18T08:31:38.392898+00:00,2026-07-18T08:31:38.392898+00:00
358,file_31d3607b1f791aa3,asset_184fc9696695ed9d,D:\Projects\adb_vl\vision_platform\ads\runtime_collection\click_success\click_success_20260718_085205_267\pre_click.png,vision_platform\ads\runtime_collection\click_success\click_success_20260718_085205_267\pre_click.png,418.2325581395349,139.90697674418604,120.55813953488376,35.720930232558146,shared,clean_fullscreen,raw,actionable,uncertain,uncertain,got,action_target,detector,positive,,2026-07-18T08:31:36.903979+00:00,2026-07-18T08:31:36.903979+00:00
622,file_3311df3e4402e821,asset_048ec51362c44099,D:\Projects\adb_vl\vision_platform\ads\runtime_collection\click_success\click_success_20260713_090242_795\pre_click.png,vision_platform\ads\runtime_collection\click_success\click_success_20260713_090242_795\pre_click.png,409.6,139.52,140.79999999999995,34.56,ads,clean_fullscreen,raw,actionable,uncertain,uncertain,,action_target,detector,positive,,2026-07-21T10:04:06.799594+00:00,2026-07-21T10:04:06.799594+00:00
229,file_33bed67dff2f586f,asset_316d342ae711a0b1,D:\Projects\adb_vl\ads2\assets\3_reference_screens\IMG_1800.PNG,ads2\assets\3_reference_screens\IMG_1800.PNG,14.23366834170838,17.08040201005025,85.4020100502513,68.321608040201,ads,clean_fullscreen,raw,actionable,uncertain,uncertain,,action_target,detector,positive,,2026-07-12T09:23:52.086440+00:00,2026-07-12T09:23:56.523347+00:00
135,file_3476742336d99f85,asset_8cb870edb6b0eae0,D:\Projects\adb_vl\ads2\assets\2_communication\manual_rescue_20260624_122449_edit.png,ads2\assets\2_communication\manual_rescue_20260624_122449_edit.png,910.4234773869346,24.20550753768844,31.61535678391965,19.265608040201002,ads,clean_fullscreen,raw,actionable,uncertain,uncertain,,action_target,detector,positive,,2026-07-12T08:55:09.661998+00:00,2026-07-12T08:55:09.661998+00:00
544,file_34b9a227728e3bfe,asset_bd867d8ca4f950a1,D:\Projects\adb_vl\vision_platform\ads\runtime_collection\click_success\click_success_20260718_103453_684\pre_click.png,vision_platform\ads\runtime_collection\click_success\click_success_20260718_103453_684\pre_click.png,22.325581395348838,19.348837209302324,87.81395348837209,43.16279069767442,ads,clean_fullscreen,raw,actionable,uncertain,uncertain,,action_target,detector,positive,,2026-07-18T08:44:51.479460+00:00,2026-07-18T08:44:51.479460+00:00
36,file_36c42bd7e00afcdc,asset_003a3c06113bbe55,D:\Projects\adb_vl\ads2\assets\2_communication\manual_rescue_20260607_150413_original.png,ads2\assets\2_communication\manual_rescue_20260607_150413_original.png,916.5829145728642,24.120603015075375,20.261306532663298,18.33165829145728,ads,clean_fullscreen,raw,actionable,uncertain,uncertain,,action_target,detector,positive,,2026-07-12T07:31:30.943195+00:00,2026-07-12T07:31:30.943195+00:00
116,file_36d2228858cb0cce,asset_adbff24fa4cef34d,D:\Projects\adb_vl\ads2\assets\2_communication\manual_rescue_20260614_150919_original.png,ads2\assets\2_communication\manual_rescue_20260614_150919_original.png,908.3240201005023,24.699497487437178,35.19678391959792,18.52462311557788,ads,clean_fullscreen,raw,actionable,uncertain,uncertain,,action_target,detector,positive,,2026-07-12T08:48:48.614001+00:00,2026-07-12T08:48:48.614001+00:00
17,file_36e3a5114617b811,asset_9747d2b044514da5,D:\Projects\adb_vl\ads2\assets\2_communication\manual_rescue_20260607_084044_edit.png,ads2\assets\2_communication\manual_rescue_20260607_084044_edit.png,428.1407035175879,143.51758793969847,97.6884422110553,31.356783919598,shared,clean_fullscreen,raw,actionable,uncertain,uncertain,,action_target,detector,positive,,2026-07-12T07:24:13.200477+00:00,2026-07-12T07:24:13.200477+00:00
605,file_36fa3db47d9aa077,asset_23c11ca252a79917,D:\Projects\adb_vl\vision_platform\ads\runtime_collection\click_success\click_success_20260718_103217_819\pre_click.png,vision_platform\ads\runtime_collection\click_success\click_success_20260718_103217_819\pre_click.png,882.6046511627907,14.883720930232528,49.116279069767415,47.627906976744185,ads,clean_fullscreen,raw,actionable,uncertain,uncertain,,action_target,detector,positive,,2026-07-18T08:50:40.536669+00:00,2026-07-18T08:50:44.177506+00:00
269,file_37a8b418e2d879fe,asset_065b12a0e022f1c9,D:\Projects\adb_vl\ads2\assets\3_reference_screens\menu_test_20260605_103846.png,ads2\assets\3_reference_screens\menu_test_20260605_103846.png,902.110552763819,31.356783919597987,37.38693467336691,37.38693467336684,game,clean_fullscreen,raw,actionable,uncertain,uncertain,主城,action_target,detector,positive,,2026-07-12T09:28:57.002559+00:00,2026-07-12T09:28:57.002559+00:00
270,file_37a8b418e2d879fe,asset_065b12a0e022f1c9,D:\Projects\adb_vl\ads2\assets\3_reference_screens\menu_test_20260605_103846.png,ads2\assets\3_reference_screens\menu_test_20260605_103846.png,85.62814070351757,108.54271356783919,48.24120603015075,38.592964824120614,game,clean_fullscreen,raw,actionable,uncertain,uncertain,主城,action_target,detector,positive,,2026-07-12T09:28:57.016321+00:00,2026-07-12T09:28:57.016321+00:00
271,file_37a8b418e2d879fe,asset_065b12a0e022f1c9,D:\Projects\adb_vl\ads2\assets\3_reference_screens\menu_test_20260605_103846.png,ads2\assets\3_reference_screens\menu_test_20260605_103846.png,21.708542713567837,174.87437185929647,44.623115577889436,36.18090452261305,game,clean_fullscreen,raw,actionable,uncertain,uncertain,主城,action_target,detector,positive,,2026-07-12T09:28:57.034739+00:00,2026-07-12T09:28:57.034739+00:00
272,file_37a8b418e2d879fe,asset_065b12a0e022f1c9,D:\Projects\adb_vl\ads2\assets\3_reference_screens\menu_test_20260605_103846.png,ads2\assets\3_reference_screens\menu_test_20260605_103846.png,441.40703517587934,390.7537688442211,100.10050251256285,51.85929648241205,game,clean_fullscreen,raw,actionable,uncertain,uncertain,主城,action_target,detector,positive,,2026-07-12T09:28:57.049275+00:00,2026-07-12T09:28:57.049275+00:00
273,file_37a8b418e2d879fe,asset_065b12a0e022f1c9,D:\Projects\adb_vl\ads2\assets\3_reference_screens\menu_test_20260605_103846.png,ads2\assets\3_reference_screens\menu_test_20260605_103846.png,417.286432160804,499.29648241206024,107.3366834170854,25.32663316582915,game,clean_fullscreen,raw,actionable,uncertain,uncertain,主城,action_target,detector,positive,,2026-07-12T09:28:57.067260+00:00,2026-07-12T09:28:57.067260+00:00
274,file_37a8b418e2d879fe,asset_065b12a0e022f1c9,D:\Projects\adb_vl\ads2\assets\3_reference_screens\menu_test_20260605_103846.png,ads2\assets\3_reference_screens\menu_test_20260605_103846.png,669.3467336683417,494.4723618090452,72.3618090452261,31.356783919598,game,clean_fullscreen,raw,actionable,uncertain,uncertain,主城,action_target,detector,positive,,2026-07-12T09:28:57.094246+00:00,2026-07-12T09:28:57.094246+00:00
275,file_37a8b418e2d879fe,asset_065b12a0e022f1c9,D:\Projects\adb_vl\ads2\assets\3_reference_screens\menu_test_20260605_103846.png,ads2\assets\3_reference_screens\menu_test_20260605_103846.png,212.2613065326633,500.50251256281405,73.5678391959799,26.53266331658284,game,clean_fullscreen,raw,actionable,uncertain,uncertain,主城,action_target,detector,positive,,2026-07-12T09:28:57.115170+00:00,2026-07-12T09:28:57.115170+00:00
276,file_37a8b418e2d879fe,asset_065b12a0e022f1c9,D:\Projects\adb_vl\ads2\assets\3_reference_screens\menu_test_20260605_103846.png,ads2\assets\3_reference_screens\menu_test_20260605_103846.png,44.62311557788944,504.12060301507535,79.59798994974872,25.32663316582915,game,clean_fullscreen,raw,actionable,uncertain,uncertain,主城,action_target,detector,positive,,2026-07-12T09:28:57.134612+00:00,2026-07-12T09:28:57.134612+00:00
277,file_37a8b418e2d879fe,asset_065b12a0e022f1c9,D:\Projects\adb_vl\ads2\assets\3_reference_screens\menu_test_20260605_103846.png,ads2\assets\3_reference_screens\menu_test_20260605_103846.png,794.7738693467336,378.6934673366834,75.9798994974874,86.83417085427135,game,clean_fullscreen,raw,actionable,uncertain,uncertain,主城,action_target,detector,positive,,2026-07-12T09:28:57.156094+00:00,2026-07-12T09:28:57.156094+00:00
278,file_37a8b418e2d879fe,asset_065b12a0e022f1c9,D:\Projects\adb_vl\ads2\assets\3_reference_screens\menu_test_20260605_103846.png,ads2\assets\3_reference_screens\menu_test_20260605_103846.png,828.5427135678391,161.608040201005,47.035175879397,48.24120603015075,game,clean_fullscreen,raw,actionable,uncertain,uncertain,主城,action_target,detector,positive,,2026-07-12T09:28:57.176364+00:00,2026-07-12T09:28:57.176364+00:00
279,file_37a8b418e2d879fe,asset_065b12a0e022f1c9,D:\Projects\adb_vl\ads2\assets\3_reference_screens\menu_test_20260605_103846.png,ads2\assets\3_reference_screens\menu_test_20260605_103846.png,21.708542713567837,103.71859296482411,42.211055276381906,45.82914572864321,ads,clean_fullscreen,raw,actionable,uncertain,uncertain,主城,action_target,detector,positive,,2026-07-12T09:29:06.118177+00:00,2026-07-12T09:29:06.228217+00:00
574,file_390a3f6b2f92ac6f,asset_6a696dcfd7734dc6,D:\Projects\adb_vl\vision_platform\ads\runtime_collection\click_success\click_success_20260718_105557_589\pre_click.png,vision_platform\ads\runtime_collection\click_success\click_success_20260718_105557_589\pre_click.png,16.372093023255815,23.813953488372093,96.74418604651163,43.162790697674424,ads,clean_fullscreen,raw,actionable,uncertain,uncertain,,action_target,detector,positive,,2026-07-18T08:47:21.950828+00:00,2026-07-18T08:47:21.950828+00:00
179,file_396e311ee8626082,asset_191230a348180ff4,D:\Projects\adb_vl\ads2\assets\2_communication\manual_rescue_20260711_140632_original.png,ads2\assets\2_communication\manual_rescue_20260711_140632_original.png,377.4874371859296,290.65326633165824,34.9748743718593,13.266331658291449,shared,clean_fullscreen,raw,actionable,uncertain,uncertain,free,action_target,detector,positive,,2026-07-12T09:04:32.157010+00:00,2026-07-12T09:04:32.157010+00:00
705,file_3b1b55413c1ac610,asset_3dcac8976c71e91a,D:\Projects\adb_vl\vision_platform\ads\runtime_collection\click_success\click_success_20260720_115600_243\pre_click.png,vision_platform\ads\runtime_collection\click_success\click_success_20260720_115600_243\pre_click.png,418.2325581395349,139.90697674418604,120.55813953488376,35.720930232558146,shared,clean_fullscreen,raw,actionable,uncertain,uncertain,got,action_target,detector,positive,,2026-07-21T10:04:48.367624+00:00,2026-07-21T10:04:48.367624+00:00
427,file_3bf5dc03ed9523fe,asset_643995342e434bf3,D:\Projects\adb_vl\vision_platform\ads\runtime_collection\click_success\click_success_20260718_085211_732\pre_click.png,vision_platform\ads\runtime_collection\click_success\click_success_20260718_085211_732\pre_click.png,692.0930232558139,348.27906976744185,81.8604651162791,32.74418604651163,shared,clean_fullscreen,raw,actionable,uncertain,uncertain,play,action_target,detector,positive,,2026-07-18T08:35:36.254781+00:00,2026-07-18T08:35:36.254781+00:00
409,file_3cb5ed7cc8311040,asset_ec83c2c1ebe46b39,D:\Projects\adb_vl\vision_platform\ads\runtime_collection\click_success\click_success_20260718_110406_185\pre_click.png,vision_platform\ads\runtime_collection\click_success\click_success_20260718_110406_185\pre_click.png,907.9069767441861,16.372093023255815,38.697674418604606,37.20930232558139,ads,clean_fullscreen,raw,actionable,uncertain,uncertain,,action_target,detector,positive,,2026-07-18T08:33:28.518256+00:00,2026-07-18T08:33:28.518256+00:00
63,file_3d0482656b66a8c7,asset_5522d341e2105ef8,D:\Projects\adb_vl\ads2\assets\2_communication\manual_rescue_20260607_164127_edit.png,ads2\assets\2_communication\manual_rescue_20260607_164127_edit.png,911.4114572864319,25.93447236180904,29.639396984924588,18.524623115577885,ads,clean_fullscreen,raw,actionable,uncertain,uncertain,,action_target,detector,positive,,2026-07-12T07:36:08.753759+00:00,2026-07-12T07:36:08.753759+00:00
757,file_3d263334b9455bb0,asset_df4a78ff84e7a09a,D:\Projects\adb_vl\vision_platform\ads\runtime_collection\click_success\click_success_20260720_105911_205\pre_click.png,vision_platform\ads\runtime_collection\click_success\click_success_20260720_105911_205\pre_click.png,905.0332889480692,11.504660452729693,42.18375499334229,44.740346205059915,ads,clean_fullscreen,raw,actionable,uncertain,uncertain,got,action_target,detector,positive,,2026-07-21T10:16:56.018956+00:00,2026-07-21T10:16:56.121480+00:00
139,file_3f3709245f8648f5,asset_2e9c0f72f8a906ff,D:\Projects\adb_vl\ads2\assets\2_communication\manual_rescue_20260624_135856_edit.png,ads2\assets\2_communication\manual_rescue_20260624_135856_edit.png,911.6295075376884,22.99947738693467,31.61535678391965,19.265608040201002,ads,clean_fullscreen,raw,actionable,uncertain,uncertain,,action_target,detector,positive,,2026-07-12T08:55:33.275907+00:00,2026-07-12T08:55:33.275907+00:00
96,file_3f49ab4910595497,asset_68033ccf05c6f07c,D:\Projects\adb_vl\ads2\assets\2_communication\manual_rescue_20260613_064842_edit.png,ads2\assets\2_communication\manual_rescue_20260613_064842_edit.png,909.3467336683417,21.708542713567795,33.768844221105496,22.9145728643216,ads,clean_fullscreen,raw,actionable,uncertain,uncertain,,action_target,detector,positive,,2026-07-12T07:40:40.281422+00:00,2026-07-12T07:40:51.210155+00:00
650,file_3f5106a7a2e54a37,asset_d842e4cfb4944b3b,D:\Projects\adb_vl\vision_platform\ads\runtime_collection\click_success\click_success_20260719_110435_162\pre_click.png,vision_platform\ads\runtime_collection\click_success\click_success_20260719_110435_162\pre_click.png,418.2325581395349,139.90697674418604,120.55813953488376,35.720930232558146,shared,clean_fullscreen,raw,actionable,uncertain,uncertain,got,action_target,detector,positive,,2026-07-21T10:04:29.225675+00:00,2026-07-21T10:04:29.225675+00:00
188,file_4226114110deea3b,asset_839726e17027fcfd,D:\Projects\adb_vl\ads2\assets\3_reference_screens\ad_issue_20260606_042429.png,ads2\assets\3_reference_screens\ad_issue_20260606_042429.png,479.36925098554536,25.229960578186592,27.75295663600525,27.75295663600525,ads,uncertain,raw,actionable,uncertain,uncertain,,action_target,detector,positive,,2026-07-12T09:05:42.337470+00:00,2026-07-12T09:05:46.886952+00:00
620,file_4258da00cdc6695d,asset_b7d981ebca73b741,D:\Projects\adb_vl\vision_platform\ads\runtime_collection\click_success\click_success_20260713_090409_815\pre_click.png,vision_platform\ads\runtime_collection\click_success\click_success_20260713_090409_815\pre_click.png,409.6,139.52,140.79999999999995,34.56,ads,clean_fullscreen,raw,actionable,uncertain,uncertain,,action_target,detector,positive,,2026-07-21T10:04:06.365623+00:00,2026-07-21T10:04:06.365623+00:00
647,file_427167688f3a10e3,asset_d7415bfa8d450b2c,D:\Projects\adb_vl\vision_platform\ads\runtime_collection\click_success\click_success_20260720_115942_680\pre_click.png,vision_platform\ads\runtime_collection\click_success\click_success_20260720_115942_680\pre_click.png,418.2325581395349,139.90697674418604,120.55813953488376,35.720930232558146,shared,clean_fullscreen,raw,actionable,uncertain,uncertain,got,action_target,detector,positive,,2026-07-21T10:04:28.417127+00:00,2026-07-21T10:04:28.417127+00:00
611,file_42acb4a706959209,asset_c95b98eb173e26df,D:\Projects\adb_vl\vision_platform\ads\runtime_collection\click_success\click_success_20260713_103115_232\pre_click.png,vision_platform\ads\runtime_collection\click_success\click_success_20260713_103115_232\pre_click.png,409.6,139.52,140.79999999999995,34.56,ads,clean_fullscreen,raw,actionable,uncertain,uncertain,,action_target,detector,positive,,2026-07-21T10:04:00.539487+00:00,2026-07-21T10:04:00.539487+00:00
372,file_42c147ccb223f75b,asset_6bd9b14cefddc57a,D:\Projects\adb_vl\vision_platform\ads\runtime_collection\click_success\click_success_20260718_093122_460\pre_click.png,vision_platform\ads\runtime_collection\click_success\click_success_20260718_093122_460\pre_click.png,418.2325581395349,139.90697674418604,120.55813953488376,35.720930232558146,shared,clean_fullscreen,raw,actionable,uncertain,uncertain,got,action_target,detector,positive,,2026-07-18T08:31:52.422048+00:00,2026-07-18T08:31:52.422048+00:00
15,file_4302c7d9cabc3a27,asset_42d55640f5e0078b,D:\Projects\adb_vl\ads2\assets\2_communication\manual_rescue_20260607_082949_edit.png,ads2\assets\2_communication\manual_rescue_20260607_082949_edit.png,428.1407035175879,143.51758793969847,97.6884422110553,31.356783919598,ads,clean_fullscreen,raw,actionable,uncertain,uncertain,,action_target,detector,positive,,2026-07-12T07:23:53.606127+00:00,2026-07-12T07:23:53.701721+00:00
671,file_4357c57f60249c0e,asset_301426383cb3bc8c,D:\Projects\adb_vl\vision_platform\ads\runtime_collection\click_success\click_success_20260720_102353_115\pre_click.png,vision_platform\ads\runtime_collection\click_success\click_success_20260720_102353_115\pre_click.png,418.2325581395349,139.90697674418604,120.55813953488376,35.720930232558146,shared,clean_fullscreen,raw,actionable,uncertain,uncertain,got,action_target,detector,positive,,2026-07-21T10:04:37.255949+00:00,2026-07-21T10:04:37.255949+00:00
394,file_444f77f1bfc574ad,asset_94c5feb948404354,D:\Projects\adb_vl\vision_platform\ads\runtime_collection\click_success\click_success_20260718_110508_122\pre_click.png,vision_platform\ads\runtime_collection\click_success\click_success_20260718_110508_122\pre_click.png,418.2325581395349,139.90697674418604,120.55813953488376,35.720930232558146,shared,clean_fullscreen,raw,actionable,uncertain,uncertain,got,action_target,detector,positive,,2026-07-18T08:32:04.397996+00:00,2026-07-18T08:32:04.397996+00:00
41,file_44d80f437474f51b,asset_84c479c28cc73674,D:\Projects\adb_vl\ads2\assets\2_communication\manual_rescue_20260607_151902_original.png,ads2\assets\2_communication\manual_rescue_20260607_151902_original.png,908.1407035175879,24.120603015075375,34.9748743718593,20.50251256281407,ads,clean_fullscreen,raw,actionable,uncertain,uncertain,,action_target,detector,positive,,2026-07-12T07:31:56.766849+00:00,2026-07-12T07:31:56.766849+00:00
719,file_44e7394766d534ea,asset_d9531131f473e736,D:\Projects\adb_vl\vision_platform\ads\runtime_collection\click_success\click_success_20260713_081029_964\pre_click.png,vision_platform\ads\runtime_collection\click_success\click_success_20260713_081029_964\pre_click.png,418.2325581395349,139.90697674418604,120.55813953488376,35.720930232558146,shared,clean_fullscreen,raw,actionable,uncertain,uncertain,got,action_target,detector,positive,,2026-07-21T10:04:52.071537+00:00,2026-07-21T10:04:52.071537+00:00
741,file_4618052c521baa1e,asset_e8d240395ba90ae2,D:\Projects\adb_vl\vision_platform\ads\runtime_collection\click_success\click_success_20260713_092459_030\pre_click.png,vision_platform\ads\runtime_collection\click_success\click_success_20260713_092459_030\pre_click.png,418.2325581395349,139.90697674418604,120.55813953488376,35.720930232558146,shared,clean_fullscreen,raw,actionable,uncertain,uncertain,got,action_target,detector,positive,,2026-07-21T10:05:01.147766+00:00,2026-07-21T10:05:01.147766+00:00
456,file_469d0e4deeb1bbe4,asset_3a36920dc4d847ff,D:\Projects\adb_vl\vision_platform\ads\runtime_collection\click_success\click_success_20260718_101548_925\pre_click.png,vision_platform\ads\runtime_collection\click_success\click_success_20260718_101548_925\pre_click.png,278.3255813953488,336.3720930232558,96.74418604651163,26.790697674418652,shared,clean_fullscreen,raw,actionable,uncertain,uncertain,play,action_target,detector,positive,,2026-07-18T08:36:49.035069+00:00,2026-07-18T08:36:49.035069+00:00
388,file_46f9cf79e87cca8f,asset_8a105686d62d0afe,D:\Projects\adb_vl\vision_platform\ads\runtime_collection\click_success\click_success_20260718_105901_684\pre_click.png,vision_platform\ads\runtime_collection\click_success\click_success_20260718_105901_684\pre_click.png,418.2325581395349,139.90697674418604,120.55813953488376,35.720930232558146,shared,clean_fullscreen,raw,actionable,uncertain,uncertain,got,action_target,detector,positive,,2026-07-18T08:32:01.868794+00:00,2026-07-18T08:32:01.868794+00:00
553,file_478199b7bd4b56ef,asset_933867506167748c,D:\Projects\adb_vl\vision_platform\ads\runtime_collection\click_success\click_success_20260718_103522_968\pre_click.png,vision_platform\ads\runtime_collection\click_success\click_success_20260718_103522_968\pre_click.png,11.906976744186046,16.372093023255815,99.72093023255815,44.651162790697676,ads,clean_fullscreen,raw,actionable,uncertain,uncertain,,action_target,detector,positive,,2026-07-18T08:45:41.924751+00:00,2026-07-18T08:45:41.924751+00:00
609,file_478632bcdbfd8ad6,asset_2f05ce3c1bbcd6fa,D:\Projects\adb_vl\vision_platform\ads\runtime_collection\click_success\click_success_20260713_100125_922\pre_click.png,vision_platform\ads\runtime_collection\click_success\click_success_20260713_100125_922\pre_click.png,409.6,139.52,140.79999999999995,34.56,ads,clean_fullscreen,raw,actionable,uncertain,uncertain,,action_target,detector,positive,,2026-07-21T10:03:59.059006+00:00,2026-07-21T10:03:59.059006+00:00
481,file_486db7597242f93e,asset_9f183babb0c335e7,D:\Projects\adb_vl\vision_platform\ads\runtime_collection\click_success\click_success_20260718_094212_661\pre_click.png,vision_platform\ads\runtime_collection\click_success\click_success_20260718_094212_661\pre_click.png,906.4186046511628,11.906976744186046,38.697674418604606,40.18604651162791,ads,clean_fullscreen,raw,actionable,uncertain,uncertain,,action_target,detector,positive,,2026-07-18T08:37:27.520799+00:00,2026-07-18T08:37:27.520799+00:00
181,file_49bc9301264dc5e6,asset_6cdf6ededf658177,D:\Projects\adb_vl\ads2\assets\2_communication\manual_rescue_20260712_091320_edit.png,ads2\assets\2_communication\manual_rescue_20260712_091320_edit.png,284.6231155778894,335.2763819095477,88.04020100502515,27.738693467336702,ads,clean_fullscreen,raw,actionable,uncertain,uncertain,play,action_target,detector,positive,,2026-07-12T09:04:51.871804+00:00,2026-07-12T09:04:51.974261+00:00
636,file_49c2a1dc729142c1,asset_4e2a0ea5fcdc1a65,D:\Projects\adb_vl\vision_platform\ads\runtime_collection\click_success\click_success_20260720_110136_157\pre_click.png,vision_platform\ads\runtime_collection\click_success\click_success_20260720_110136_157\pre_click.png,418.2325581395349,139.90697674418604,120.55813953488376,35.720930232558146,shared,clean_fullscreen,raw,actionable,uncertain,uncertain,got,action_target,detector,positive,,2026-07-21T10:04:25.472984+00:00,2026-07-21T10:04:25.472984+00:00
156,file_4a0b887cc1021121,asset_451d0b46a3a8854c,D:\Projects\adb_vl\ads2\assets\2_communication\manual_rescue_20260630_190348_edit.png,ads2\assets\2_communication\manual_rescue_20260630_190348_edit.png,906.9346733668341,24.120603015075375,39.798994974874404,22.914572864321606,ads,clean_fullscreen,raw,actionable,uncertain,uncertain,,action_target,detector,positive,,2026-07-12T09:01:28.883362+00:00,2026-07-12T09:01:28.883362+00:00
608,file_4a10766426bc3a34,asset_94506a844c07221c,D:\Projects\adb_vl\vision_platform\ads\runtime_collection\click_success\click_success_20260713_103240_006\pre_click.png,vision_platform\ads\runtime_collection\click_success\click_success_20260713_103240_006\pre_click.png,409.6,139.52,140.79999999999995,34.56,ads,clean_fullscreen,raw,actionable,uncertain,uncertain,,action_target,detector,positive,,2026-07-21T10:03:56.900495+00:00,2026-07-21T10:03:56.900495+00:00
672,file_4b09f7d1ed1ec4ac,asset_fe6a94c2ec249ae9,D:\Projects\adb_vl\vision_platform\ads\runtime_collection\click_success\click_success_20260720_102428_051\pre_click.png,vision_platform\ads\runtime_collection\click_success\click_success_20260720_102428_051\pre_click.png,418.2325581395349,139.90697674418604,120.55813953488376,35.720930232558146,shared,clean_fullscreen,raw,actionable,uncertain,uncertain,got,action_target,detector,positive,,2026-07-21T10:04:37.553750+00:00,2026-07-21T10:04:37.553750+00:00
686,file_4b7bea1ea3fb7c24,asset_0dcb0e1a803a725d,D:\Projects\adb_vl\vision_platform\ads\runtime_collection\click_success\click_success_20260713_080145_040\pre_click.png,vision_platform\ads\runtime_collection\click_success\click_success_20260713_080145_040\pre_click.png,418.2325581395349,139.90697674418604,120.55813953488376,35.720930232558146,shared,clean_fullscreen,raw,actionable,uncertain,uncertain,got,action_target,detector,positive,,2026-07-21T10:04:41.895688+00:00,2026-07-21T10:04:41.895688+00:00
693,file_4d3a64d5566fab53,asset_572f6925331932d4,D:\Projects\adb_vl\vision_platform\ads\runtime_collection\click_success\click_success_20260720_130930_231\pre_click.png,vision_platform\ads\runtime_collection\click_success\click_success_20260720_130930_231\pre_click.png,418.2325581395349,139.90697674418604,120.55813953488376,35.720930232558146,shared,clean_fullscreen,raw,actionable,uncertain,uncertain,got,action_target,detector,positive,,2026-07-21T10:04:44.238502+00:00,2026-07-21T10:04:44.238502+00:00
570,file_4d905d34a600dd2f,asset_ed94795b4d045d53,D:\Projects\adb_vl\vision_platform\ads\runtime_collection\click_success\click_success_20260718_105157_911\pre_click.png,vision_platform\ads\runtime_collection\click_success\click_success_20260718_105157_911\pre_click.png,884.0930232558139,29.767441860465116,72.93023255813955,29.767441860465116,ads,clean_fullscreen,raw,actionable,uncertain,uncertain,,action_target,detector,positive,,2026-07-18T08:46:56.780406+00:00,2026-07-18T08:46:56.780406+00:00
667,file_4dbf7ab75be158b2,asset_fa866aef298d18b8,D:\Projects\adb_vl\vision_platform\ads\runtime_collection\click_success\click_success_20260713_095340_430\pre_click.png,vision_platform\ads\runtime_collection\click_success\click_success_20260713_095340_430\pre_click.png,418.2325581395349,139.90697674418604,120.55813953488376,35.720930232558146,shared,clean_fullscreen,raw,actionable,uncertain,uncertain,got,action_target,detector,positive,,2026-07-21T10:04:35.490509+00:00,2026-07-21T10:04:35.490509+00:00
707,file_4df3d99b2934bab2,asset_9bb4cadb760054a5,D:\Projects\adb_vl\vision_platform\ads\runtime_collection\click_success\click_success_20260713_092304_232\pre_click.png,vision_platform\ads\runtime_collection\click_success\click_success_20260713_092304_232\pre_click.png,418.2325581395349,139.90697674418604,120.55813953488376,35.720930232558146,shared,clean_fullscreen,raw,actionable,uncertain,uncertain,got,action_target,detector,positive,,2026-07-21T10:04:48.973612+00:00,2026-07-21T10:04:48.973612+00:00
460,file_4e3c0706642b8383,asset_af652761d35e3973,D:\Projects\adb_vl\vision_platform\ads\runtime_collection\click_success\click_success_20260718_104543_011\pre_click.png,vision_platform\ads\runtime_collection\click_success\click_success_20260718_104543_011\pre_click.png,278.3255813953488,336.3720930232558,96.74418604651163,26.790697674418652,shared,clean_fullscreen,raw,actionable,uncertain,uncertain,play,action_target,detector,positive,,2026-07-18T08:36:50.471910+00:00,2026-07-18T08:36:50.471910+00:00
105,file_4faf51f7efdcb762,asset_4b74d5405d484b1e,D:\Projects\adb_vl\ads2\assets\2_communication\manual_rescue_20260613_152650_edit.png,ads2\assets\2_communication\manual_rescue_20260613_152650_edit.png,906.9346733668341,21.708542713567837,39.798994974874404,21.708542713567837,ads,clean_fullscreen,raw,actionable,uncertain,uncertain,,action_target,detector,positive,,2026-07-12T07:42:23.213143+00:00,2026-07-12T07:42:23.213143+00:00
706,file_4fb770990024e7c8,asset_ade616fc0baeef41,D:\Projects\adb_vl\vision_platform\ads\runtime_collection\click_success\click_success_20260719_103543_766\pre_click.png,vision_platform\ads\runtime_collection\click_success\click_success_20260719_103543_766\pre_click.png,418.2325581395349,139.90697674418604,120.55813953488376,35.720930232558146,shared,clean_fullscreen,raw,actionable,uncertain,uncertain,got,action_target,detector,positive,,2026-07-21T10:04:48.768840+00:00,2026-07-21T10:04:48.768840+00:00
384,file_4fbaf2ba4e7ee4bb,asset_5c345f72ebb72ad1,D:\Projects\adb_vl\vision_platform\ads\runtime_collection\click_success\click_success_20260718_105245_223\pre_click.png,vision_platform\ads\runtime_collection\click_success\click_success_20260718_105245_223\pre_click.png,418.2325581395349,139.90697674418604,120.55813953488376,35.720930232558146,shared,clean_fullscreen,raw,actionable,uncertain,uncertain,got,action_target,detector,positive,,2026-07-18T08:31:59.520933+00:00,2026-07-18T08:31:59.520933+00:00
50,file_50e3a7f3bec0e370,asset_148fb06adfea06f2,D:\Projects\adb_vl\ads2\assets\2_communication\manual_rescue_20260607_161244_original.png,ads2\assets\2_communication\manual_rescue_20260607_161244_original.png,297.8894472361809,475.1758793969849,48.24120603015075,32.56281407035175,ads,clean_fullscreen,raw,actionable,uncertain,uncertain,play,action_target,detector,positive,,2026-07-12T07:33:22.103879+00:00,2026-07-12T07:33:22.207851+00:00
119,file_51e4398b2c2b97f4,asset_a147534feac4f9fe,D:\Projects\adb_vl\ads2\assets\2_communication\manual_rescue_20260614_155157_original.png,ads2\assets\2_communication\manual_rescue_20260614_155157_original.png,913.1095477386933,23.155778894472355,24.699497487437156,20.84020100502512,ads,clean_fullscreen,raw,actionable,uncertain,uncertain,,action_target,detector,positive,,2026-07-12T08:50:01.914402+00:00,2026-07-12T08:50:01.914402+00:00
177,file_5204cddb94e64d8e,asset_8089d3ec2f3418e0,D:\Projects\adb_vl\ads2\assets\2_communication\manual_rescue_20260711_140522_original.png,ads2\assets\2_communication\manual_rescue_20260711_140522_original.png,377.4874371859296,290.65326633165824,34.9748743718593,13.266331658291449,shared,clean_fullscreen,raw,actionable,uncertain,uncertain,free,action_target,detector,positive,,2026-07-12T09:04:29.071955+00:00,2026-07-12T09:04:29.071955+00:00
477,file_521f6b69e6174454,asset_e01fefad9cdb2ffd,D:\Projects\adb_vl\vision_platform\ads\runtime_collection\click_success\click_success_20260718_093117_690\pre_click.png,vision_platform\ads\runtime_collection\click_success\click_success_20260718_093117_690\pre_click.png,906.4186046511628,11.906976744186046,38.697674418604606,40.18604651162791,ads,clean_fullscreen,raw,actionable,uncertain,uncertain,,action_target,detector,positive,,2026-07-18T08:37:07.974239+00:00,2026-07-18T08:37:07.974239+00:00
373,file_52f4b37a8e32a437,asset_69031b1601035f95,D:\Projects\adb_vl\vision_platform\ads\runtime_collection\click_success\click_success_20260718_093151_468\pre_click.png,vision_platform\ads\runtime_collection\click_success\click_success_20260718_093151_468\pre_click.png,418.2325581395349,139.90697674418604,120.55813953488376,35.720930232558146,shared,clean_fullscreen,raw,actionable,uncertain,uncertain,got,action_target,detector,positive,,2026-07-18T08:31:53.062770+00:00,2026-07-18T08:31:53.062770+00:00
614,file_532449d228b7d116,asset_5b7154bc8d56c43b,D:\Projects\adb_vl\vision_platform\ads\runtime_collection\click_success\click_success_20260713_103609_541\pre_click.png,vision_platform\ads\runtime_collection\click_success\click_success_20260713_103609_541\pre_click.png,409.6,139.52,140.79999999999995,34.56,ads,clean_fullscreen,raw,actionable,uncertain,uncertain,,action_target,detector,positive,,2026-07-21T10:04:02.669597+00:00,2026-07-21T10:04:02.669597+00:00
596,file_53ff9c1b4ced5df3,asset_1c21ba94a6f3f2b4,D:\Projects\adb_vl\vision_platform\ads\runtime_collection\click_success\click_success_20260718_105856_683\pre_click.png,vision_platform\ads\runtime_collection\click_success\click_success_20260718_105856_683\pre_click.png,19.348837209302324,19.348837209302324,47.62790697674419,46.139534883720934,ads,clean_fullscreen,raw,actionable,uncertain,uncertain,,action_target,detector,positive,,2026-07-18T08:49:44.248572+00:00,2026-07-18T08:49:44.248572+00:00
750,file_5431d61c027a2679,asset_c1dadac2240019b5,D:\Projects\adb_vl\vision_platform\ads\runtime_collection\click_success\click_success_20260718_164434_169\pre_click.png,vision_platform\ads\runtime_collection\click_success\click_success_20260718_164434_169\pre_click.png,903.4418604651163,17.86046511627907,41.67441860465112,32.74418604651163,ads,clean_fullscreen,raw,actionable,uncertain,uncertain,,action_target,detector,positive,,2026-07-21T10:05:04.492460+00:00,2026-07-21T10:05:04.492460+00:00
80,file_54649dd854c2aebf,asset_35050faa6b11f353,D:\Projects\adb_vl\ads2\assets\2_communication\manual_rescue_20260610_151332_edit.png,ads2\assets\2_communication\manual_rescue_20260610_151332_edit.png,809.2462311557788,467.9396984924623,49.44723618090461,26.532663316582898,ads,clean_fullscreen,raw,actionable,uncertain,uncertain,play,action_target,detector,positive,,2026-07-12T07:38:47.921460+00:00,2026-07-12T07:38:47.921460+00:00
491,file_54f8ea80cc90182d,asset_62806bba2098a21d,D:\Projects\adb_vl\vision_platform\ads\runtime_collection\click_success\click_success_20260718_093059_764\pre_click.png,vision_platform\ads\runtime_collection\click_success\click_success_20260718_093059_764\pre_click.png,413.7674418604651,351.25581395348837,86.32558139534882,29.767441860465112,shared,clean_fullscreen,raw,actionable,uncertain,uncertain,play,action_target,detector,positive,,2026-07-18T08:41:21.184144+00:00,2026-07-18T08:41:21.184144+00:00
492,file_54f8ea80cc90182d,asset_62806bba2098a21d,D:\Projects\adb_vl\vision_platform\ads\runtime_collection\click_success\click_success_20260718_093059_764\pre_click.png,vision_platform\ads\runtime_collection\click_success\click_success_20260718_093059_764\pre_click.png,555.1627906976744,352.74418604651163,80.37209302325584,26.790697674418595,shared,clean_fullscreen,raw,actionable,uncertain,uncertain,play,action_target,detector,positive,,2026-07-18T08:41:21.196489+00:00,2026-07-18T08:41:21.196489+00:00
493,file_54f8ea80cc90182d,asset_62806bba2098a21d,D:\Projects\adb_vl\vision_platform\ads\runtime_collection\click_success\click_success_20260718_093059_764\pre_click.png,vision_platform\ads\runtime_collection\click_success\click_success_20260718_093059_764\pre_click.png,693.5813953488372,349.7674418604651,83.34883720930236,31.25581395348837,shared,clean_fullscreen,raw,actionable,uncertain,uncertain,play,action_target,detector,positive,,2026-07-18T08:41:21.216437+00:00,2026-07-18T08:41:21.216437+00:00
494,file_54f8ea80cc90182d,asset_62806bba2098a21d,D:\Projects\adb_vl\vision_platform\ads\runtime_collection\click_success\click_success_20260718_093059_764\pre_click.png,vision_platform\ads\runtime_collection\click_success\click_success_20260718_093059_764\pre_click.png,832.0,351.25581395348837,86.32558139534888,29.767441860465112,shared,clean_fullscreen,raw,actionable,uncertain,uncertain,play,action_target,detector,positive,,2026-07-18T08:41:21.229919+00:00,2026-07-18T08:41:21.229919+00:00
468,file_556f31a88706451b,asset_436dd4201776d052,D:\Projects\adb_vl\vision_platform\ads\runtime_collection\click_success\click_success_20260718_105406_821\pre_click.png,vision_platform\ads\runtime_collection\click_success\click_success_20260718_105406_821\pre_click.png,278.3255813953488,336.3720930232558,96.74418604651163,26.790697674418652,shared,clean_fullscreen,raw,actionable,uncertain,uncertain,play,action_target,detector,positive,,2026-07-18T08:36:54.899208+00:00,2026-07-18T08:36:54.899208+00:00
599,file_5617e66e00e37e98,asset_7a6ade96a6aea532,D:\Projects\adb_vl\vision_platform\ads\runtime_collection\click_success\click_success_20260718_100245_077\pre_click.png,vision_platform\ads\runtime_collection\click_success\click_success_20260718_100245_077\pre_click.png,17.660972404730618,16.39947437582129,140.02628120893561,29.014454664914584,ads,clean_fullscreen,raw,actionable,uncertain,uncertain,,action_target,detector,positive,,2026-07-18T08:50:00.195904+00:00,2026-07-18T08:50:00.195904+00:00
137,file_571724a6f98e4c59,asset_d5764c150aa3271a,D:\Projects\adb_vl\ads2\assets\2_communication\manual_rescue_20260624_124749_edit.png,ads2\assets\2_communication\manual_rescue_20260624_124749_edit.png,911.6295075376884,22.99947738693467,31.61535678391965,19.265608040201002,ads,clean_fullscreen,raw,actionable,uncertain,uncertain,,action_target,detector,positive,,2026-07-12T08:55:16.293102+00:00,2026-07-12T08:55:21.555522+00:00
167,file_57a8534623367f8d,asset_29c8125cc98990ef,D:\Projects\adb_vl\ads2\assets\2_communication\manual_rescue_20260705_104432_edit.png,ads2\assets\2_communication\manual_rescue_20260705_104432_edit.png,909.3467336683416,22.914572864321606,31.356783919597987,27.73869346733668,ads,clean_fullscreen,raw,actionable,uncertain,uncertain,,action_target,detector,positive,,2026-07-12T09:02:42.386490+00:00,2026-07-12T09:02:46.230398+00:00
607,file_580341d5ce64f48d,asset_e85f6385e3bbb59d,D:\Projects\adb_vl\vision_platform\ads\runtime_collection\click_success\click_success_20260713_100456_732\pre_click.png,vision_platform\ads\runtime_collection\click_success\click_success_20260713_100456_732\pre_click.png,409.6,139.52,140.79999999999995,34.56,ads,clean_fullscreen,raw,actionable,uncertain,uncertain,,action_target,detector,positive,,2026-07-21T10:03:55.195643+00:00,2026-07-21T10:03:55.195643+00:00
354,file_5957661e271df6d6,asset_250fdaa293a2a2c4,D:\Projects\adb_vl\vision_platform\ads\runtime_collection\click_success\click_success_20260718_101702_582\pre_click.png,vision_platform\ads\runtime_collection\click_success\click_success_20260718_101702_582\pre_click.png,418.2325581395349,139.90697674418604,120.55813953488376,35.720930232558146,ads,clean_fullscreen,raw,actionable,uncertain,uncertain,got,action_target,detector,positive,,2026-07-18T08:29:14.300393+00:00,2026-07-18T08:29:14.300393+00:00
44,file_596fe48bf09caa19,asset_6cb8dabf6719aa9f,D:\Projects\adb_vl\ads2\assets\2_communication\manual_rescue_20260607_154252_edit.png,ads2\assets\2_communication\manual_rescue_20260607_154252_edit.png,908.1407035175879,24.120603015075375,34.9748743718593,20.50251256281407,ads,clean_fullscreen,raw,actionable,uncertain,uncertain,,action_target,detector,positive,,2026-07-12T07:32:00.029380+00:00,2026-07-12T07:32:00.029380+00:00
499,file_59713b03f8596456,asset_0708cb1550a35190,D:\Projects\adb_vl\vision_platform\ads\runtime_collection\click_success\click_success_20260718_103316_281\pre_click.png,vision_platform\ads\runtime_collection\click_success\click_success_20260718_103316_281\pre_click.png,413.7674418604651,351.25581395348837,86.32558139534882,29.767441860465112,shared,clean_fullscreen,raw,actionable,uncertain,uncertain,play,action_target,detector,positive,,2026-07-18T08:41:39.386588+00:00,2026-07-18T08:41:39.386588+00:00
500,file_59713b03f8596456,asset_0708cb1550a35190,D:\Projects\adb_vl\vision_platform\ads\runtime_collection\click_success\click_success_20260718_103316_281\pre_click.png,vision_platform\ads\runtime_collection\click_success\click_success_20260718_103316_281\pre_click.png,555.1627906976744,352.74418604651163,80.37209302325584,26.790697674418595,shared,clean_fullscreen,raw,actionable,uncertain,uncertain,play,action_target,detector,positive,,2026-07-18T08:41:39.405561+00:00,2026-07-18T08:41:39.405561+00:00
501,file_59713b03f8596456,asset_0708cb1550a35190,D:\Projects\adb_vl\vision_platform\ads\runtime_collection\click_success\click_success_20260718_103316_281\pre_click.png,vision_platform\ads\runtime_collection\click_success\click_success_20260718_103316_281\pre_click.png,693.5813953488372,349.7674418604651,83.34883720930236,31.25581395348837,shared,clean_fullscreen,raw,actionable,uncertain,uncertain,play,action_target,detector,positive,,2026-07-18T08:41:39.426240+00:00,2026-07-18T08:41:39.426240+00:00
617,file_5a5e603abd611ebc,asset_27af756f24044d42,D:\Projects\adb_vl\vision_platform\ads\runtime_collection\click_success\click_success_20260713_092910_536\pre_click.png,vision_platform\ads\runtime_collection\click_success\click_success_20260713_092910_536\pre_click.png,409.6,139.52,140.79999999999995,34.56,ads,clean_fullscreen,raw,actionable,uncertain,uncertain,,action_target,detector,positive,,2026-07-21T10:04:05.498525+00:00,2026-07-21T10:04:05.498525+00:00
674,file_5af7bf2d1ab373e0,asset_1e39396ea99a174b,D:\Projects\adb_vl\vision_platform\ads\runtime_collection\click_success\click_success_20260713_095216_081\pre_click.png,vision_platform\ads\runtime_collection\click_success\click_success_20260713_095216_081\pre_click.png,418.2325581395349,139.90697674418604,120.55813953488376,35.720930232558146,shared,clean_fullscreen,raw,actionable,uncertain,uncertain,got,action_target,detector,positive,,2026-07-21T10:04:38.164462+00:00,2026-07-21T10:04:38.164462+00:00
161,file_5b51190589169a7b,asset_a1b6c2355b5cf31b,D:\Projects\adb_vl\ads2\assets\2_communication\manual_rescue_20260703_095006_edit.png,ads2\assets\2_communication\manual_rescue_20260703_095006_edit.png,94.61235216819973,18.922470433639948,36.58344283837057,30.275952693823914,ads,uncertain,raw,actionable,uncertain,uncertain,,action_target,detector,positive,,2026-07-12T09:01:57.987130+00:00,2026-07-12T09:01:57.987130+00:00
610,file_5b7febc619b645c4,asset_a62aeec4681881c3,D:\Projects\adb_vl\vision_platform\ads\runtime_collection\click_success\click_success_20260713_100253_288\pre_click.png,vision_platform\ads\runtime_collection\click_success\click_success_20260713_100253_288\pre_click.png,409.6,139.52,140.79999999999995,34.56,ads,clean_fullscreen,raw,actionable,uncertain,uncertain,,action_target,detector,positive,,2026-07-21T10:03:59.851842+00:00,2026-07-21T10:03:59.851842+00:00
97,file_5bd2e84e4b65a94b,asset_efd1608a9c659131,D:\Projects\adb_vl\ads2\assets\2_communication\manual_rescue_20260613_064842_original.png,ads2\assets\2_communication\manual_rescue_20260613_064842_original.png,909.3467336683417,21.708542713567795,33.768844221105496,22.9145728643216,ads,clean_fullscreen,raw,actionable,uncertain,uncertain,,action_target,detector,positive,,2026-07-12T07:41:02.233491+00:00,2026-07-12T07:41:02.233491+00:00
695,file_5bfa7ace385936e2,asset_47034a8668ba5b87,D:\Projects\adb_vl\vision_platform\ads\runtime_collection\click_success\click_success_20260719_093819_308\pre_click.png,vision_platform\ads\runtime_collection\click_success\click_success_20260719_093819_308\pre_click.png,418.2325581395349,139.90697674418604,120.55813953488376,35.720930232558146,shared,clean_fullscreen,raw,actionable,uncertain,uncertain,got,action_target,detector,positive,,2026-07-21T10:04:44.770492+00:00,2026-07-21T10:04:44.770492+00:00
651,file_5c189dbb9f24f865,asset_dae01ea3a10e0fca,D:\Projects\adb_vl\vision_platform\ads\runtime_collection\click_success\click_success_20260720_115828_348\pre_click.png,vision_platform\ads\runtime_collection\click_success\click_success_20260720_115828_348\pre_click.png,418.2325581395349,139.90697674418604,120.55813953488376,35.720930232558146,shared,clean_fullscreen,raw,actionable,uncertain,uncertain,got,action_target,detector,positive,,2026-07-21T10:04:29.888903+00:00,2026-07-21T10:04:29.888903+00:00
291,file_5c319c5f98288ad9,asset_b979829072a170d9,D:\Projects\adb_vl\ads2\assets\3_reference_screens\menu_test_3_20260605_104220.png,ads2\assets\3_reference_screens\menu_test_3_20260605_104220.png,902.110552763819,31.356783919597987,37.38693467336691,37.38693467336684,game,clean_fullscreen,raw,actionable,uncertain,uncertain,主城,action_target,detector,positive,,2026-07-12T09:29:16.829271+00:00,2026-07-12T09:29:16.829271+00:00
292,file_5c319c5f98288ad9,asset_b979829072a170d9,D:\Projects\adb_vl\ads2\assets\3_reference_screens\menu_test_3_20260605_104220.png,ads2\assets\3_reference_screens\menu_test_3_20260605_104220.png,85.62814070351757,108.54271356783919,48.24120603015075,38.592964824120614,game,clean_fullscreen,raw,actionable,uncertain,uncertain,主城,action_target,detector,positive,,2026-07-12T09:29:16.845224+00:00,2026-07-12T09:29:16.845224+00:00
293,file_5c319c5f98288ad9,asset_b979829072a170d9,D:\Projects\adb_vl\ads2\assets\3_reference_screens\menu_test_3_20260605_104220.png,ads2\assets\3_reference_screens\menu_test_3_20260605_104220.png,21.708542713567837,174.87437185929647,44.623115577889436,36.18090452261305,game,clean_fullscreen,raw,actionable,uncertain,uncertain,主城,action_target,detector,positive,,2026-07-12T09:29:16.862137+00:00,2026-07-12T09:29:16.862137+00:00
294,file_5c319c5f98288ad9,asset_b979829072a170d9,D:\Projects\adb_vl\ads2\assets\3_reference_screens\menu_test_3_20260605_104220.png,ads2\assets\3_reference_screens\menu_test_3_20260605_104220.png,441.40703517587934,390.7537688442211,100.10050251256285,51.85929648241205,game,clean_fullscreen,raw,actionable,uncertain,uncertain,主城,action_target,detector,positive,,2026-07-12T09:29:16.879238+00:00,2026-07-12T09:29:16.879238+00:00
295,file_5c319c5f98288ad9,asset_b979829072a170d9,D:\Projects\adb_vl\ads2\assets\3_reference_screens\menu_test_3_20260605_104220.png,ads2\assets\3_reference_screens\menu_test_3_20260605_104220.png,417.286432160804,499.29648241206024,107.3366834170854,25.32663316582915,game,clean_fullscreen,raw,actionable,uncertain,uncertain,主城,action_target,detector,positive,,2026-07-12T09:29:16.894704+00:00,2026-07-12T09:29:16.894704+00:00
296,file_5c319c5f98288ad9,asset_b979829072a170d9,D:\Projects\adb_vl\ads2\assets\3_reference_screens\menu_test_3_20260605_104220.png,ads2\assets\3_reference_screens\menu_test_3_20260605_104220.png,669.3467336683417,494.4723618090452,72.3618090452261,31.356783919598,game,clean_fullscreen,raw,actionable,uncertain,uncertain,主城,action_target,detector,positive,,2026-07-12T09:29:16.919626+00:00,2026-07-12T09:29:16.919626+00:00
297,file_5c319c5f98288ad9,asset_b979829072a170d9,D:\Projects\adb_vl\ads2\assets\3_reference_screens\menu_test_3_20260605_104220.png,ads2\assets\3_reference_screens\menu_test_3_20260605_104220.png,212.2613065326633,500.50251256281405,73.5678391959799,26.53266331658284,game,clean_fullscreen,raw,actionable,uncertain,uncertain,主城,action_target,detector,positive,,2026-07-12T09:29:16.935586+00:00,2026-07-12T09:29:16.935586+00:00
298,file_5c319c5f98288ad9,asset_b979829072a170d9,D:\Projects\adb_vl\ads2\assets\3_reference_screens\menu_test_3_20260605_104220.png,ads2\assets\3_reference_screens\menu_test_3_20260605_104220.png,44.62311557788944,504.12060301507535,79.59798994974872,25.32663316582915,game,clean_fullscreen,raw,actionable,uncertain,uncertain,主城,action_target,detector,positive,,2026-07-12T09:29:16.953015+00:00,2026-07-12T09:29:16.953015+00:00
299,file_5c319c5f98288ad9,asset_b979829072a170d9,D:\Projects\adb_vl\ads2\assets\3_reference_screens\menu_test_3_20260605_104220.png,ads2\assets\3_reference_screens\menu_test_3_20260605_104220.png,794.7738693467336,378.6934673366834,75.9798994974874,86.83417085427135,game,clean_fullscreen,raw,actionable,uncertain,uncertain,主城,action_target,detector,positive,,2026-07-12T09:29:16.968207+00:00,2026-07-12T09:29:16.968207+00:00
300,file_5c319c5f98288ad9,asset_b979829072a170d9,D:\Projects\adb_vl\ads2\assets\3_reference_screens\menu_test_3_20260605_104220.png,ads2\assets\3_reference_screens\menu_test_3_20260605_104220.png,828.5427135678391,161.608040201005,47.035175879397,48.24120603015075,game,clean_fullscreen,raw,actionable,uncertain,uncertain,主城,action_target,detector,positive,,2026-07-12T09:29:16.986367+00:00,2026-07-12T09:29:16.986367+00:00
301,file_5c319c5f98288ad9,asset_b979829072a170d9,D:\Projects\adb_vl\ads2\assets\3_reference_screens\menu_test_3_20260605_104220.png,ads2\assets\3_reference_screens\menu_test_3_20260605_104220.png,21.708542713567837,103.71859296482411,42.211055276381906,45.82914572864321,game,clean_fullscreen,raw,actionable,uncertain,uncertain,主城,action_target,detector,positive,,2026-07-12T09:29:17.001749+00:00,2026-07-12T09:29:17.001749+00:00
138,file_5c48d6bc2314a63a,asset_7c5afa1685004ea5,D:\Projects\adb_vl\ads2\assets\2_communication\manual_rescue_20260624_124749_original.png,ads2\assets\2_communication\manual_rescue_20260624_124749_original.png,911.6295075376884,22.99947738693467,31.61535678391965,19.265608040201002,ads,clean_fullscreen,raw,actionable,uncertain,uncertain,,action_target,detector,positive,,2026-07-12T08:55:32.286298+00:00,2026-07-12T08:55:32.286298+00:00
724,file_5c4b1ba79f38fbba,asset_d8a6f62c0a7437ea,D:\Projects\adb_vl\vision_platform\ads\runtime_collection\click_success\click_success_20260718_164612_179\pre_click.png,vision_platform\ads\runtime_collection\click_success\click_success_20260718_164612_179\pre_click.png,418.2325581395349,139.90697674418604,120.55813953488376,35.720930232558146,shared,clean_fullscreen,raw,actionable,uncertain,uncertain,got,action_target,detector,positive,,2026-07-21T10:04:56.275622+00:00,2026-07-21T10:04:56.275622+00:00
629,file_5cadf1811ac1cad2,asset_2b9b79bba2b915f4,D:\Projects\adb_vl\vision_platform\ads\runtime_collection\click_success\click_success_20260718_182832_353\pre_click.png,vision_platform\ads\runtime_collection\click_success\click_success_20260718_182832_353\pre_click.png,418.2325581395349,139.90697674418604,120.55813953488376,35.720930232558146,shared,clean_fullscreen,raw,actionable,uncertain,uncertain,got,action_target,detector,positive,,2026-07-21T10:04:22.672128+00:00,2026-07-21T10:04:22.672128+00:00
635,file_5d4663a33a227595,asset_81beb707046634bd,D:\Projects\adb_vl\vision_platform\ads\runtime_collection\click_success\click_success_20260720_110210_240\pre_click.png,vision_platform\ads\runtime_collection\click_success\click_success_20260720_110210_240\pre_click.png,418.2325581395349,139.90697674418604,120.55813953488376,35.720930232558146,shared,clean_fullscreen,raw,actionable,uncertain,uncertain,got,action_target,detector,positive,,2026-07-21T10:04:25.203755+00:00,2026-07-21T10:04:25.203755+00:00
752,file_5dfae06133a3c2a2,asset_05bb6470551686c8,D:\Projects\adb_vl\vision_platform\ads\runtime_collection\click_success\click_success_20260713_082124_182\pre_click.png,vision_platform\ads\runtime_collection\click_success\click_success_20260713_082124_182\pre_click.png,910.1464713715046,17.896138482023968,31.957390146471425,34.513981358189085,ads,clean_fullscreen,raw,actionable,uncertain,uncertain,got,action_target,detector,positive,,2026-07-21T10:16:01.930903+00:00,2026-07-21T10:16:01.955251+00:00
339,file_5e3338b564fbeaad,asset_c39788ad13048456,D:\Projects\adb_vl\vision_platform\ads\runtime_collection\click_success\click_success_20260718_105815_433\pre_click.png,vision_platform\ads\runtime_collection\click_success\click_success_20260718_105815_433\pre_click.png,899.2405063291139,16.70886075949367,47.088607594936775,42.53164556962025,ads,clean_fullscreen,raw,actionable,uncertain,uncertain,,action_target,detector,positive,,2026-07-18T08:28:43.404176+00:00,2026-07-18T08:28:43.404176+00:00
744,file_5e7c3e333e178675,asset_c46dfbaf3ef0653e,D:\Projects\adb_vl\vision_platform\ads\runtime_collection\click_success\click_success_20260719_103802_890\pre_click.png,vision_platform\ads\runtime_collection\click_success\click_success_20260719_103802_890\pre_click.png,903.4418604651163,17.86046511627907,41.67441860465112,32.74418604651163,ads,clean_fullscreen,raw,actionable,uncertain,uncertain,,action_target,detector,positive,,2026-07-21T10:05:02.178755+00:00,2026-07-21T10:05:02.178755+00:00
673,file_5ea131501aa1f787,asset_697deb64a751c2ad,D:\Projects\adb_vl\vision_platform\ads\runtime_collection\click_success\click_success_20260713_102305_939\pre_click.png,vision_platform\ads\runtime_collection\click_success\click_success_20260713_102305_939\pre_click.png,418.2325581395349,139.90697674418604,120.55813953488376,35.720930232558146,shared,clean_fullscreen,raw,actionable,uncertain,uncertain,got,action_target,detector,positive,,2026-07-21T10:04:37.877580+00:00,2026-07-21T10:04:37.877580+00:00
341,file_5f093f01bf0f2aa4,asset_1c8b502573b77743,D:\Projects\adb_vl\vision_platform\ads\runtime_collection\click_success\click_success_20260718_094217_391\pre_click.png,vision_platform\ads\runtime_collection\click_success\click_success_20260718_094217_391\pre_click.png,418.2325581395349,139.90697674418604,120.55813953488376,35.720930232558146,ads,clean_fullscreen,raw,actionable,uncertain,uncertain,got,action_target,detector,positive,,2026-07-18T08:29:04.551066+00:00,2026-07-18T08:29:04.551066+00:00
83,file_5f84afe3e6c04d9a,asset_784538fdbee4d196,D:\Projects\adb_vl\ads2\assets\2_communication\manual_rescue_20260610_151458_original.png,ads2\assets\2_communication\manual_rescue_20260610_151458_original.png,809.2462311557788,467.9396984924623,49.44723618090461,26.532663316582898,shared,clean_fullscreen,raw,actionable,uncertain,uncertain,play,action_target,detector,positive,,2026-07-12T07:39:06.582071+00:00,2026-07-12T07:39:06.582071+00:00
561,file_60024493be57d7bb,asset_6f31431a8fa2bde1,D:\Projects\adb_vl\vision_platform\ads\runtime_collection\click_success\click_success_20260718_101619_423\pre_click.png,vision_platform\ads\runtime_collection\click_success\click_success_20260718_101619_423\pre_click.png,16.372093023255815,23.813953488372093,47.627906976744185,41.674418604651166,ads,clean_fullscreen,raw,actionable,uncertain,uncertain,,action_target,detector,positive,,2026-07-18T08:46:13.631554+00:00,2026-07-18T08:46:13.631554+00:00
124,file_608055de17005875,asset_0b038a10b6c750bf,D:\Projects\adb_vl\ads2\assets\2_communication\manual_rescue_20260615_082502_original.png,ads2\assets\2_communication\manual_rescue_20260615_082502_original.png,912.8934271356783,28.15742713567839,30.133386934673354,13.831718592964819,ads,clean_fullscreen,raw,actionable,uncertain,uncertain,,action_target,detector,positive,,2026-07-12T08:50:40.771487+00:00,2026-07-12T08:50:40.771487+00:00
670,file_61732a22e3e373b5,asset_dedb6e24dded0adf,D:\Projects\adb_vl\vision_platform\ads\runtime_collection\click_success\click_success_20260719_103710_061\pre_click.png,vision_platform\ads\runtime_collection\click_success\click_success_20260719_103710_061\pre_click.png,418.2325581395349,139.90697674418604,120.55813953488376,35.720930232558146,shared,clean_fullscreen,raw,actionable,uncertain,uncertain,got,action_target,detector,positive,,2026-07-21T10:04:36.989283+00:00,2026-07-21T10:04:36.989283+00:00
331,file_62915857d2a83403,asset_13f76287fd75d905,D:\Projects\adb_vl\ads2\assets\3_reference_screens\test_screen_20260605_071116.png,ads2\assets\3_reference_screens\test_screen_20260605_071116.png,419.6984924623115,356.98492462311555,78.391959798995,21.70854271356785,ads,clean_fullscreen,raw,actionable,uncertain,uncertain,play,action_target,detector,positive,,2026-07-12T09:30:07.110901+00:00,2026-07-12T09:30:07.217682+00:00
332,file_62915857d2a83403,asset_13f76287fd75d905,D:\Projects\adb_vl\ads2\assets\3_reference_screens\test_screen_20260605_071116.png,ads2\assets\3_reference_screens\test_screen_20260605_071116.png,558.3919597989949,350.9547738693467,78.391959798995,25.32663316582915,ads,clean_fullscreen,raw,actionable,uncertain,uncertain,play,action_target,detector,positive,,2026-07-12T09:30:11.807664+00:00,2026-07-12T09:30:11.910744+00:00
469,file_62b389c398b0573e,asset_5e08214de4503d4b,D:\Projects\adb_vl\vision_platform\ads\runtime_collection\click_success\click_success_20260718_105437_944\pre_click.png,vision_platform\ads\runtime_collection\click_success\click_success_20260718_105437_944\pre_click.png,278.3255813953488,336.3720930232558,96.74418604651163,26.790697674418652,shared,clean_fullscreen,raw,actionable,uncertain,uncertain,play,action_target,detector,positive,,2026-07-18T08:36:55.267997+00:00,2026-07-18T08:36:55.267997+00:00
756,file_62d55bf5372c90d5,asset_df4a78ff84e7a09a,D:\Projects\adb_vl\vision_platform\ads\runtime_collection\click_success\click_success_20260719_110333_073\pre_click.png,vision_platform\ads\runtime_collection\click_success\click_success_20260719_110333_073\pre_click.png,908.8681757656458,17.896138482023968,34.513981358189085,35.79227696404793,ads,clean_fullscreen,raw,actionable,uncertain,uncertain,got,action_target,detector,positive,,2026-07-21T10:16:46.049901+00:00,2026-07-21T10:16:46.159679+00:00
211,file_62eb4a22ecd67267,asset_312a606f05e4fc6b,D:\Projects\adb_vl\ads2\assets\3_reference_screens\ad_issue_20260606_082946.png,ads2\assets\3_reference_screens\ad_issue_20260606_082946.png,25.229960578186596,18.922470433639948,126.14980289093299,26.491458607095925,ads,uncertain,raw,actionable,uncertain,uncertain,,action_target,detector,positive,,2026-07-12T09:09:32.883468+00:00,2026-07-12T09:09:32.883468+00:00
419,file_6375cb39f73c5d55,asset_dfb5d8eada9b27a8,D:\Projects\adb_vl\vision_platform\ads\runtime_collection\click_success\click_success_20260718_103833_543\pre_click.png,vision_platform\ads\runtime_collection\click_success\click_success_20260718_103833_543\pre_click.png,415.25581395348837,136.93023255813952,130.97674418604646,41.67441860465118,shared,clean_fullscreen,raw,actionable,uncertain,uncertain,got,action_target,detector,positive,,2026-07-18T08:34:22.318785+00:00,2026-07-18T08:34:22.318785+00:00
187,file_63d499f21e5afbbc,asset_b73360061a4ab5ea,D:\Projects\adb_vl\ads2\assets\3_reference_screens\ad_issue_20260606_042353.png,ads2\assets\3_reference_screens\ad_issue_20260606_042353.png,484.4152431011827,249.77660972404732,27.75295663600525,27.75295663600525,ads,uncertain,raw,actionable,uncertain,uncertain,,action_target,detector,positive,,2026-07-12T09:05:40.480628+00:00,2026-07-12T09:05:40.480628+00:00
38,file_6498acc37b738765,asset_e944939861a0d57c,D:\Projects\adb_vl\ads2\assets\2_communication\manual_rescue_20260607_150759_original.png,ads2\assets\2_communication\manual_rescue_20260607_150759_original.png,916.5829145728642,24.120603015075375,20.261306532663298,18.33165829145728,ads,clean_fullscreen,raw,actionable,uncertain,uncertain,,action_target,detector,positive,,2026-07-12T07:31:33.716245+00:00,2026-07-12T07:31:33.716245+00:00
183,file_64d49b0439134d8f,asset_65fa0038dcac2a45,D:\Projects\adb_vl\ads2\assets\3_reference_screens\ad_close_20260605_071601.png,ads2\assets\3_reference_screens\ad_close_20260605_071601.png,911.7587939698492,21.708542713567837,30.150753768844197,28.94472361809045,ads,clean_fullscreen,raw,actionable,uncertain,uncertain,,action_target,detector,positive,,2026-07-12T09:05:07.648970+00:00,2026-07-12T09:05:07.648970+00:00
453,file_65c6b2d42b51cdfb,asset_e8dc77cf749dcee1,D:\Projects\adb_vl\vision_platform\ads\runtime_collection\click_success\click_success_20260718_094250_745\pre_click.png,vision_platform\ads\runtime_collection\click_success\click_success_20260718_094250_745\pre_click.png,278.3255813953488,336.3720930232558,96.74418604651163,26.790697674418652,shared,clean_fullscreen,raw,actionable,uncertain,uncertain,play,action_target,detector,positive,,2026-07-18T08:36:47.792106+00:00,2026-07-18T08:36:47.792106+00:00
576,file_65c9e5dd20cb3371,asset_d1e9fdf45e469caf,D:\Projects\adb_vl\vision_platform\ads\runtime_collection\click_success\click_success_20260718_085034_878\pre_click.png,vision_platform\ads\runtime_collection\click_success\click_success_20260718_085034_878\pre_click.png,900.4651162790698,13.395348837209301,50.604651162790674,40.18604651162791,ads,clean_fullscreen,raw,actionable,uncertain,uncertain,,action_target,detector,positive,,2026-07-18T08:47:37.371592+00:00,2026-07-18T08:47:37.371592+00:00
89,file_66430019a71b7b32,asset_404f88ea5573b3a0,D:\Projects\adb_vl\ads2\assets\2_communication\manual_rescue_20260610_161942_original.png,ads2\assets\2_communication\manual_rescue_20260610_161942_original.png,441.40703517587934,475.1758793969849,78.39195979899495,19.2964824120603,shared,clean_fullscreen,raw,actionable,uncertain,uncertain,play,action_target,detector,positive,,2026-07-12T07:40:12.260591+00:00,2026-07-12T07:40:12.260591+00:00
236,file_6648e2dee7f4014f,asset_78136f562a7d3896,D:\Projects\adb_vl\ads2\assets\3_reference_screens\main_city_20260605_101631.png,ads2\assets\3_reference_screens\main_city_20260605_101631.png,903.3165829145728,26.532663316582912,34.9748743718593,44.623115577889436,ads,clean_fullscreen,raw,actionable,uncertain,uncertain,主城,action_target,detector,positive,,2026-07-12T09:25:08.230070+00:00,2026-07-12T09:25:08.338033+00:00
237,file_6648e2dee7f4014f,asset_78136f562a7d3896,D:\Projects\adb_vl\ads2\assets\3_reference_screens\main_city_20260605_101631.png,ads2\assets\3_reference_screens\main_city_20260605_101631.png,213.46733668341707,502.91457286432154,74.77386934673368,25.32663316582915,ads,clean_fullscreen,raw,actionable,uncertain,uncertain,主城,action_target,detector,positive,,2026-07-12T09:25:15.861063+00:00,2026-07-12T09:25:15.967132+00:00
238,file_6648e2dee7f4014f,asset_78136f562a7d3896,D:\Projects\adb_vl\ads2\assets\3_reference_screens\main_city_20260605_101631.png,ads2\assets\3_reference_screens\main_city_20260605_101631.png,416.0804020100502,499.29648241206024,102.5125628140704,33.76884422110555,ads,clean_fullscreen,raw,actionable,uncertain,uncertain,主城,action_target,detector,positive,,2026-07-12T09:25:21.853935+00:00,2026-07-12T09:25:21.961332+00:00
239,file_6648e2dee7f4014f,asset_78136f562a7d3896,D:\Projects\adb_vl\ads2\assets\3_reference_screens\main_city_20260605_101631.png,ads2\assets\3_reference_screens\main_city_20260605_101631.png,672.964824120603,496.8844221105527,80.8040201005025,33.768844221105496,ads,clean_fullscreen,raw,actionable,uncertain,uncertain,主城,action_target,detector,positive,,2026-07-12T09:25:28.333487+00:00,2026-07-12T09:25:28.436056+00:00
241,file_6648e2dee7f4014f,asset_78136f562a7d3896,D:\Projects\adb_vl\ads2\assets\3_reference_screens\main_city_20260605_101631.png,ads2\assets\3_reference_screens\main_city_20260605_101631.png,41.00502512562814,494.4723618090452,80.80402010050251,32.56281407035169,ads,clean_fullscreen,raw,actionable,uncertain,uncertain,主城,action_target,detector,positive,,2026-07-12T09:25:45.781434+00:00,2026-07-12T09:25:45.804277+00:00
242,file_6648e2dee7f4014f,asset_78136f562a7d3896,D:\Projects\adb_vl\ads2\assets\3_reference_screens\main_city_20260605_101631.png,ads2\assets\3_reference_screens\main_city_20260605_101631.png,21.708542713567837,109.74874371859295,44.623115577889436,42.2110552763819,ads,clean_fullscreen,raw,actionable,uncertain,uncertain,主城,action_target,detector,positive,,2026-07-12T09:25:51.893513+00:00,2026-07-12T09:25:52.002470+00:00
243,file_6648e2dee7f4014f,asset_78136f562a7d3896,D:\Projects\adb_vl\ads2\assets\3_reference_screens\main_city_20260605_101631.png,ads2\assets\3_reference_screens\main_city_20260605_101631.png,19.2964824120603,180.9045226130653,42.211055276381906,42.21105527638193,ads,clean_fullscreen,raw,actionable,uncertain,uncertain,主城,action_target,detector,positive,,2026-07-12T09:25:58.925840+00:00,2026-07-12T09:25:58.938319+00:00
244,file_6648e2dee7f4014f,asset_78136f562a7d3896,D:\Projects\adb_vl\ads2\assets\3_reference_screens\main_city_20260605_101631.png,ads2\assets\3_reference_screens\main_city_20260605_101631.png,18.09045226130653,12.060301507537687,43.417085427135675,43.417085427135675,ads,clean_fullscreen,raw,actionable,uncertain,uncertain,主城,action_target,detector,positive,,2026-07-12T09:26:03.525114+00:00,2026-07-12T09:26:03.635121+00:00
554,file_6756a406d9a364fc,asset_0141960b21ce0c77,D:\Projects\adb_vl\vision_platform\ads\runtime_collection\click_success\click_success_20260718_100137_466\pre_click.png,vision_platform\ads\runtime_collection\click_success\click_success_20260718_100137_466\pre_click.png,11.906976744186046,16.372093023255815,99.72093023255815,44.651162790697676,ads,clean_fullscreen,raw,actionable,uncertain,uncertain,,action_target,detector,positive,,2026-07-18T08:45:44.080087+00:00,2026-07-18T08:45:44.080087+00:00
191,file_699fcbfcfde8ea45,asset_3cb349642d8b0030,D:\Projects\adb_vl\ads2\assets\3_reference_screens\ad_issue_20260606_043707.png,ads2\assets\3_reference_screens\ad_issue_20260606_043707.png,902.110552763819,168.84422110552762,31.356783919598,24.120603015075375,ads,clean_fullscreen,raw,actionable,uncertain,uncertain,,action_target,detector,positive,,2026-07-12T09:06:07.536467+00:00,2026-07-12T09:06:10.911447+00:00
715,file_69c188302199a3d0,asset_d41a87a0c671bb44,D:\Projects\adb_vl\vision_platform\ads\runtime_collection\click_success\click_success_20260713_081650_337\pre_click.png,vision_platform\ads\runtime_collection\click_success\click_success_20260713_081650_337\pre_click.png,418.2325581395349,139.90697674418604,120.55813953488376,35.720930232558146,shared,clean_fullscreen,raw,actionable,uncertain,uncertain,got,action_target,detector,positive,,2026-07-21T10:04:50.815455+00:00,2026-07-21T10:04:50.815455+00:00
685,file_6a62e6eceabf6990,asset_01ab3311a294f31c,D:\Projects\adb_vl\vision_platform\ads\runtime_collection\click_success\click_success_20260713_092403_554\pre_click.png,vision_platform\ads\runtime_collection\click_success\click_success_20260713_092403_554\pre_click.png,418.2325581395349,139.90697674418604,120.55813953488376,35.720930232558146,shared,clean_fullscreen,raw,actionable,uncertain,uncertain,got,action_target,detector,positive,,2026-07-21T10:04:41.698851+00:00,2026-07-21T10:04:41.698851+00:00
566,file_6b4de3af61b1471d,asset_d8c0172a5dccbe94,D:\Projects\adb_vl\vision_platform\ads\runtime_collection\click_success\click_success_20260718_104434_299\pre_click.png,vision_platform\ads\runtime_collection\click_success\click_success_20260718_104434_299\pre_click.png,884.0930232558139,29.767441860465116,72.93023255813955,29.767441860465116,ads,clean_fullscreen,raw,actionable,uncertain,uncertain,,action_target,detector,positive,,2026-07-18T08:46:51.884272+00:00,2026-07-18T08:46:51.884272+00:00
639,file_6b51a01fa9be101a,asset_daf45bf95ed110e1,D:\Projects\adb_vl\vision_platform\ads\runtime_collection\click_success\click_success_20260713_085814_733\pre_click.png,vision_platform\ads\runtime_collection\click_success\click_success_20260713_085814_733\pre_click.png,418.2325581395349,139.90697674418604,120.55813953488376,35.720930232558146,shared,clean_fullscreen,raw,actionable,uncertain,uncertain,got,action_target,detector,positive,,2026-07-21T10:04:26.231625+00:00,2026-07-21T10:04:26.231625+00:00
448,file_6b8360dadfad9a6e,asset_6fff9b507be59797,D:\Projects\adb_vl\vision_platform\ads\runtime_collection\click_success\click_success_20260718_094319_249\pre_click.png,vision_platform\ads\runtime_collection\click_success\click_success_20260718_094319_249\pre_click.png,278.3255813953488,336.3720930232558,96.74418604651163,26.790697674418652,ads,clean_fullscreen,raw,actionable,uncertain,uncertain,play,action_target,detector,positive,,2026-07-18T08:36:36.326045+00:00,2026-07-18T08:36:36.353376+00:00
454,file_6b9efd2ddbf14bc1,asset_30eb5ea53b507213,D:\Projects\adb_vl\vision_platform\ads\runtime_collection\click_success\click_success_20260718_101341_799\pre_click.png,vision_platform\ads\runtime_collection\click_success\click_success_20260718_101341_799\pre_click.png,278.3255813953488,336.3720930232558,96.74418604651163,26.790697674418652,shared,clean_fullscreen,raw,actionable,uncertain,uncertain,play,action_target,detector,positive,,2026-07-18T08:36:48.332787+00:00,2026-07-18T08:36:48.332787+00:00
222,file_6bec458b59aed4c0,asset_b6014544ab445589,D:\Projects\adb_vl\ads2\assets\3_reference_screens\check_back_20260605_075109.png,ads2\assets\3_reference_screens\check_back_20260605_075109.png,419.6984924623115,354.572864321608,77.1859296482412,22.9145728643216,ads,clean_fullscreen,raw,actionable,uncertain,uncertain,play,action_target,detector,positive,,2026-07-12T09:23:04.301368+00:00,2026-07-12T09:23:04.409067+00:00
223,file_6bec458b59aed4c0,asset_b6014544ab445589,D:\Projects\adb_vl\ads2\assets\3_reference_screens\check_back_20260605_075109.png,ads2\assets\3_reference_screens\check_back_20260605_075109.png,557.1859296482412,352.1608040201005,78.39195979899489,25.326633165829094,ads,clean_fullscreen,raw,actionable,uncertain,uncertain,play,action_target,detector,positive,,2026-07-12T09:23:09.756287+00:00,2026-07-12T09:23:09.863011+00:00
369,file_6d79b8e21dbd1766,asset_4d59e91b4341b883,D:\Projects\adb_vl\vision_platform\ads\runtime_collection\click_success\click_success_20260718_100423_880\pre_click.png,vision_platform\ads\runtime_collection\click_success\click_success_20260718_100423_880\pre_click.png,418.2325581395349,139.90697674418604,120.55813953488376,35.720930232558146,shared,clean_fullscreen,raw,actionable,uncertain,uncertain,got,action_target,detector,positive,,2026-07-18T08:31:50.254712+00:00,2026-07-18T08:31:50.254712+00:00
35,file_6dac895af9d30ef2,asset_ee7c08a720254382,D:\Projects\adb_vl\ads2\assets\2_communication\manual_rescue_20260607_150413_edit.png,ads2\assets\2_communication\manual_rescue_20260607_150413_edit.png,916.5829145728642,24.120603015075375,20.261306532663298,18.33165829145728,ads,clean_fullscreen,raw,actionable,uncertain,uncertain,,action_target,detector,positive,,2026-07-12T07:31:27.218394+00:00,2026-07-12T07:31:27.218394+00:00
589,file_6e2fe645f066194d,asset_76a6f491f73ac113,D:\Projects\adb_vl\vision_platform\ads\runtime_collection\click_success\click_success_20260718_103928_008\pre_click.png,vision_platform\ads\runtime_collection\click_success\click_success_20260718_103928_008\pre_click.png,361.6744186046512,279.8139534883721,56.55813953488371,31.25581395348837,shared,clean_fullscreen,raw,actionable,uncertain,uncertain,play,action_target,detector,positive,,2026-07-18T08:49:06.342168+00:00,2026-07-18T08:49:06.342168+00:00
594,file_6e9b490b89a95760,asset_7a3643f48f8676ff,D:\Projects\adb_vl\vision_platform\ads\runtime_collection\click_success\click_success_20260718_105933_635\pre_click.png,vision_platform\ads\runtime_collection\click_success\click_success_20260718_105933_635\pre_click.png,19.348837209302324,19.348837209302324,47.62790697674419,46.139534883720934,ads,clean_fullscreen,raw,actionable,uncertain,uncertain,,action_target,detector,positive,,2026-07-18T08:49:33.971953+00:00,2026-07-18T08:49:33.971953+00:00
721,file_7066c788c7a77eda,asset_bdca319f377f2865,D:\Projects\adb_vl\vision_platform\ads\runtime_collection\click_success\click_success_20260713_081523_978\pre_click.png,vision_platform\ads\runtime_collection\click_success\click_success_20260713_081523_978\pre_click.png,418.2325581395349,139.90697674418604,120.55813953488376,35.720930232558146,shared,clean_fullscreen,raw,actionable,uncertain,uncertain,got,action_target,detector,positive,,2026-07-21T10:04:52.595423+00:00,2026-07-21T10:04:52.595423+00:00
48,file_70f4558ba79f206e,asset_b26970a43dfdf0e2,D:\Projects\adb_vl\ads2\assets\2_communication\manual_rescue_20260607_161122_original.png,ads2\assets\2_communication\manual_rescue_20260607_161122_original.png,300.3015075376884,476.38190954773864,34.9748743718593,31.356783919598,shared,clean_fullscreen,raw,actionable,uncertain,uncertain,play,action_target,detector,positive,,2026-07-12T07:32:33.263698+00:00,2026-07-12T07:32:33.263698+00:00
742,file_70f8f7ba6132a8d3,asset_e8d240395ba90ae2,D:\Projects\adb_vl\vision_platform\ads\runtime_collection\click_success\click_success_20260718_164510_805\pre_click.png,vision_platform\ads\runtime_collection\click_success\click_success_20260718_164510_805\pre_click.png,903.4418604651163,17.86046511627907,41.67441860465112,32.74418604651163,ads,clean_fullscreen,raw,actionable,uncertain,uncertain,,action_target,detector,positive,,2026-07-21T10:05:01.610580+00:00,2026-07-21T10:05:01.610580+00:00
378,file_71187a594ac62775,asset_8f12b42d0ca2b4d8,D:\Projects\adb_vl\vision_platform\ads\runtime_collection\click_success\click_success_20260718_103309_076\pre_click.png,vision_platform\ads\runtime_collection\click_success\click_success_20260718_103309_076\pre_click.png,418.2325581395349,139.90697674418604,120.55813953488376,35.720930232558146,shared,clean_fullscreen,raw,actionable,uncertain,uncertain,got,action_target,detector,positive,,2026-07-18T08:31:56.970854+00:00,2026-07-18T08:31:56.970854+00:00
587,file_71268df46f057ffe,asset_3440be3489100fea,D:\Projects\adb_vl\vision_platform\ads\runtime_collection\click_success\click_success_20260718_103815_303\pre_click.png,vision_platform\ads\runtime_collection\click_success\click_success_20260718_103815_303\pre_click.png,361.6744186046512,279.8139534883721,56.55813953488371,31.25581395348837,ads,clean_fullscreen,raw,actionable,uncertain,uncertain,play,action_target,detector,positive,,2026-07-18T08:48:41.699615+00:00,2026-07-18T08:48:41.802347+00:00
588,file_71268df46f057ffe,asset_3440be3489100fea,D:\Projects\adb_vl\vision_platform\ads\runtime_collection\click_success\click_success_20260718_103815_303\pre_click.png,vision_platform\ads\runtime_collection\click_success\click_success_20260718_103815_303\pre_click.png,683.1627906976744,281.30232558139534,92.27906976744191,28.279069767441854,ads,clean_fullscreen,raw,actionable,uncertain,uncertain,play,action_target,detector,positive,,2026-07-18T08:48:51.651440+00:00,2026-07-18T08:48:51.664814+00:00
678,file_718105ebd749859b,asset_0b6f561913fb7167,D:\Projects\adb_vl\vision_platform\ads\runtime_collection\click_success\click_success_20260719_100823_240\pre_click.png,vision_platform\ads\runtime_collection\click_success\click_success_20260719_100823_240\pre_click.png,418.2325581395349,139.90697674418604,120.55813953488376,35.720930232558146,shared,clean_fullscreen,raw,actionable,uncertain,uncertain,got,action_target,detector,positive,,2026-07-21T10:04:39.643810+00:00,2026-07-21T10:04:39.643810+00:00
391,file_71fb755338f3f257,asset_d5d4b83c327b5c49,D:\Projects\adb_vl\vision_platform\ads\runtime_collection\click_success\click_success_20260718_110342_704\pre_click.png,vision_platform\ads\runtime_collection\click_success\click_success_20260718_110342_704\pre_click.png,418.2325581395349,139.90697674418604,120.55813953488376,35.720930232558146,shared,clean_fullscreen,raw,actionable,uncertain,uncertain,got,action_target,detector,positive,,2026-07-18T08:32:02.523739+00:00,2026-07-18T08:32:02.523739+00:00
683,file_72f258c8e8679779,asset_395fdd064b2e3d14,D:\Projects\adb_vl\vision_platform\ads\runtime_collection\click_success\click_success_20260720_102245_381\pre_click.png,vision_platform\ads\runtime_collection\click_success\click_success_20260720_102245_381\pre_click.png,418.2325581395349,139.90697674418604,120.55813953488376,35.720930232558146,shared,clean_fullscreen,raw,actionable,uncertain,uncertain,got,action_target,detector,positive,,2026-07-21T10:04:41.183837+00:00,2026-07-21T10:04:41.183837+00:00
506,file_7425ec2717bf6fd9,asset_d14a5b401c8cc8d8,D:\Projects\adb_vl\vision_platform\ads\runtime_collection\click_success\click_success_20260718_100034_511\pre_click.png,vision_platform\ads\runtime_collection\click_success\click_success_20260718_100034_511\pre_click.png,413.7674418604651,351.25581395348837,86.32558139534882,29.767441860465112,shared,clean_fullscreen,raw,actionable,uncertain,uncertain,play,action_target,detector,positive,,2026-07-18T08:41:56.047270+00:00,2026-07-18T08:41:56.047270+00:00
507,file_7425ec2717bf6fd9,asset_d14a5b401c8cc8d8,D:\Projects\adb_vl\vision_platform\ads\runtime_collection\click_success\click_success_20260718_100034_511\pre_click.png,vision_platform\ads\runtime_collection\click_success\click_success_20260718_100034_511\pre_click.png,555.1627906976744,352.74418604651163,80.37209302325584,26.790697674418595,shared,clean_fullscreen,raw,actionable,uncertain,uncertain,play,action_target,detector,positive,,2026-07-18T08:41:56.062206+00:00,2026-07-18T08:41:56.062206+00:00
508,file_7425ec2717bf6fd9,asset_d14a5b401c8cc8d8,D:\Projects\adb_vl\vision_platform\ads\runtime_collection\click_success\click_success_20260718_100034_511\pre_click.png,vision_platform\ads\runtime_collection\click_success\click_success_20260718_100034_511\pre_click.png,693.5813953488372,349.7674418604651,83.34883720930236,31.25581395348837,shared,clean_fullscreen,raw,actionable,uncertain,uncertain,play,action_target,detector,positive,,2026-07-18T08:41:56.087925+00:00,2026-07-18T08:41:56.087925+00:00
509,file_7425ec2717bf6fd9,asset_d14a5b401c8cc8d8,D:\Projects\adb_vl\vision_platform\ads\runtime_collection\click_success\click_success_20260718_100034_511\pre_click.png,vision_platform\ads\runtime_collection\click_success\click_success_20260718_100034_511\pre_click.png,832.0,351.25581395348837,89.30232558139528,29.767441860465112,shared,clean_fullscreen,raw,actionable,uncertain,uncertain,play,action_target,detector,positive,,2026-07-18T08:41:56.105178+00:00,2026-07-18T08:41:56.105178+00:00
375,file_7557169e920e7e8c,asset_c2e7d538874140e7,D:\Projects\adb_vl\vision_platform\ads\runtime_collection\click_success\click_success_20260718_110119_442\pre_click.png,vision_platform\ads\runtime_collection\click_success\click_success_20260718_110119_442\pre_click.png,418.2325581395349,139.90697674418604,120.55813953488376,35.720930232558146,shared,clean_fullscreen,raw,actionable,uncertain,uncertain,got,action_target,detector,positive,,2026-07-18T08:31:55.008661+00:00,2026-07-18T08:31:55.008661+00:00
412,file_7564eb45cf9c8528,asset_b7cd20a5945beb9f,D:\Projects\adb_vl\vision_platform\ads\runtime_collection\click_success\click_success_20260718_110032_813\pre_click.png,vision_platform\ads\runtime_collection\click_success\click_success_20260718_110032_813\pre_click.png,476.84625492772665,26.491458607095925,31.537450722733297,26.491458607095925,ads,clean_fullscreen,raw,actionable,uncertain,uncertain,,action_target,detector,positive,,2026-07-18T08:33:42.222056+00:00,2026-07-18T08:33:42.222056+00:00
77,file_756d1099ec107314,asset_0d5f9440bc991aa0,D:\Projects\adb_vl\ads2\assets\2_communication\manual_rescue_20260609_093141_edit.png,ads2\assets\2_communication\manual_rescue_20260609_093141_edit.png,909.2502512562812,23.15577889447236,33.96180904522612,20.84020100502512,ads,clean_fullscreen,raw,actionable,uncertain,uncertain,,action_target,detector,positive,,2026-07-12T07:38:07.929785+00:00,2026-07-12T07:38:08.033577+00:00
140,file_75de454102768585,asset_90e3e8ec409fe85c,D:\Projects\adb_vl\ads2\assets\2_communication\manual_rescue_20260624_135856_original.png,ads2\assets\2_communication\manual_rescue_20260624_135856_original.png,911.6295075376884,22.99947738693467,31.61535678391965,19.265608040201002,ads,clean_fullscreen,raw,actionable,uncertain,uncertain,,action_target,detector,positive,,2026-07-12T08:55:34.782174+00:00,2026-07-12T08:55:34.782174+00:00
397,file_768e520fda85378f,asset_2347bcbf66834439,D:\Projects\adb_vl\vision_platform\ads\runtime_collection\click_success\click_success_20260718_094240_503\pre_click.png,vision_platform\ads\runtime_collection\click_success\click_success_20260718_094240_503\pre_click.png,903.4418604651163,17.86046511627907,41.67441860465112,32.74418604651163,ads,clean_fullscreen,raw,actionable,uncertain,uncertain,,action_target,detector,positive,,2026-07-18T08:32:44.268778+00:00,2026-07-18T08:32:44.268778+00:00
648,file_787b2ba030ac0a52,asset_ab0e9295dc72e77c,D:\Projects\adb_vl\vision_platform\ads\runtime_collection\click_success\click_success_20260719_101021_661\pre_click.png,vision_platform\ads\runtime_collection\click_success\click_success_20260719_101021_661\pre_click.png,418.2325581395349,139.90697674418604,120.55813953488376,35.720930232558146,shared,clean_fullscreen,raw,actionable,uncertain,uncertain,got,action_target,detector,positive,,2026-07-21T10:04:28.677904+00:00,2026-07-21T10:04:28.677904+00:00
398,file_7898ceb77f7b53fe,asset_a4f70e645255b736,D:\Projects\adb_vl\vision_platform\ads\runtime_collection\click_success\click_success_20260718_085200_606\pre_click.png,vision_platform\ads\runtime_collection\click_success\click_success_20260718_085200_606\pre_click.png,903.4418604651163,17.86046511627907,41.67441860465112,32.74418604651163,ads,clean_fullscreen,raw,actionable,uncertain,uncertain,,action_target,detector,positive,,2026-07-18T08:32:45.277732+00:00,2026-07-18T08:32:45.277732+00:00
699,file_78e8a912ff6ff864,asset_dc8da692ca1c3cd2,D:\Projects\adb_vl\vision_platform\ads\runtime_collection\click_success\click_success_20260713_102143_549\pre_click.png,vision_platform\ads\runtime_collection\click_success\click_success_20260713_102143_549\pre_click.png,418.2325581395349,139.90697674418604,120.55813953488376,35.720930232558146,shared,clean_fullscreen,raw,actionable,uncertain,uncertain,got,action_target,detector,positive,,2026-07-21T10:04:46.217662+00:00,2026-07-21T10:04:46.217662+00:00
302,file_796fcea7d245bd4e,asset_c8ed765cee5d30ad,D:\Projects\adb_vl\ads2\assets\3_reference_screens\nav_menu_20260605_100942.png,ads2\assets\3_reference_screens\nav_menu_20260605_100942.png,902.110552763819,31.356783919597987,37.38693467336691,37.38693467336684,game,clean_fullscreen,raw,actionable,uncertain,uncertain,主城,action_target,detector,positive,,2026-07-12T09:29:21.383253+00:00,2026-07-12T09:29:21.383253+00:00
303,file_796fcea7d245bd4e,asset_c8ed765cee5d30ad,D:\Projects\adb_vl\ads2\assets\3_reference_screens\nav_menu_20260605_100942.png,ads2\assets\3_reference_screens\nav_menu_20260605_100942.png,85.62814070351757,108.54271356783919,48.24120603015075,38.592964824120614,game,clean_fullscreen,raw,actionable,uncertain,uncertain,主城,action_target,detector,positive,,2026-07-12T09:29:21.399800+00:00,2026-07-12T09:29:21.399800+00:00
304,file_796fcea7d245bd4e,asset_c8ed765cee5d30ad,D:\Projects\adb_vl\ads2\assets\3_reference_screens\nav_menu_20260605_100942.png,ads2\assets\3_reference_screens\nav_menu_20260605_100942.png,21.708542713567837,174.87437185929647,44.623115577889436,36.18090452261305,game,clean_fullscreen,raw,actionable,uncertain,uncertain,主城,action_target,detector,positive,,2026-07-12T09:29:21.416258+00:00,2026-07-12T09:29:21.416258+00:00
306,file_796fcea7d245bd4e,asset_c8ed765cee5d30ad,D:\Projects\adb_vl\ads2\assets\3_reference_screens\nav_menu_20260605_100942.png,ads2\assets\3_reference_screens\nav_menu_20260605_100942.png,417.286432160804,499.29648241206024,107.3366834170854,25.32663316582915,game,clean_fullscreen,raw,actionable,uncertain,uncertain,主城,action_target,detector,positive,,2026-07-12T09:29:21.457290+00:00,2026-07-12T09:29:21.457290+00:00
307,file_796fcea7d245bd4e,asset_c8ed765cee5d30ad,D:\Projects\adb_vl\ads2\assets\3_reference_screens\nav_menu_20260605_100942.png,ads2\assets\3_reference_screens\nav_menu_20260605_100942.png,669.3467336683417,494.4723618090452,72.3618090452261,31.356783919598,game,clean_fullscreen,raw,actionable,uncertain,uncertain,主城,action_target,detector,positive,,2026-07-12T09:29:21.473371+00:00,2026-07-12T09:29:21.473371+00:00
308,file_796fcea7d245bd4e,asset_c8ed765cee5d30ad,D:\Projects\adb_vl\ads2\assets\3_reference_screens\nav_menu_20260605_100942.png,ads2\assets\3_reference_screens\nav_menu_20260605_100942.png,212.2613065326633,500.50251256281405,73.5678391959799,26.53266331658284,game,clean_fullscreen,raw,actionable,uncertain,uncertain,主城,action_target,detector,positive,,2026-07-12T09:29:21.490185+00:00,2026-07-12T09:29:21.490185+00:00
309,file_796fcea7d245bd4e,asset_c8ed765cee5d30ad,D:\Projects\adb_vl\ads2\assets\3_reference_screens\nav_menu_20260605_100942.png,ads2\assets\3_reference_screens\nav_menu_20260605_100942.png,44.62311557788944,504.12060301507535,79.59798994974872,25.32663316582915,game,clean_fullscreen,raw,actionable,uncertain,uncertain,主城,action_target,detector,positive,,2026-07-12T09:29:21.505372+00:00,2026-07-12T09:29:21.505372+00:00
311,file_796fcea7d245bd4e,asset_c8ed765cee5d30ad,D:\Projects\adb_vl\ads2\assets\3_reference_screens\nav_menu_20260605_100942.png,ads2\assets\3_reference_screens\nav_menu_20260605_100942.png,828.5427135678391,161.608040201005,47.035175879397,48.24120603015075,game,clean_fullscreen,raw,actionable,uncertain,uncertain,主城,action_target,detector,positive,,2026-07-12T09:29:21.538861+00:00,2026-07-12T09:29:21.538861+00:00
312,file_796fcea7d245bd4e,asset_c8ed765cee5d30ad,D:\Projects\adb_vl\ads2\assets\3_reference_screens\nav_menu_20260605_100942.png,ads2\assets\3_reference_screens\nav_menu_20260605_100942.png,21.708542713567837,103.71859296482411,42.211055276381906,45.82914572864321,game,clean_fullscreen,raw,actionable,uncertain,uncertain,主城,action_target,detector,positive,,2026-07-12T09:29:21.564186+00:00,2026-07-12T09:29:21.564186+00:00
543,file_799cf070ce9bd522,asset_c2c655c76bf5fa35,D:\Projects\adb_vl\vision_platform\ads\runtime_collection\click_success\click_success_20260718_100052_051\pre_click.png,vision_platform\ads\runtime_collection\click_success\click_success_20260718_100052_051\pre_click.png,22.325581395348838,19.348837209302324,87.81395348837209,43.16279069767442,ads,clean_fullscreen,raw,actionable,uncertain,uncertain,,action_target,detector,positive,,2026-07-18T08:44:49.950775+00:00,2026-07-18T08:44:49.950775+00:00
626,file_79cb056f543f4b7c,asset_f80e06223f1aaa37,D:\Projects\adb_vl\vision_platform\ads\runtime_collection\click_success\click_success_20260713_100202_021\pre_click.png,vision_platform\ads\runtime_collection\click_success\click_success_20260713_100202_021\pre_click.png,409.6,139.52,140.79999999999995,34.56,ads,clean_fullscreen,raw,actionable,uncertain,uncertain,,action_target,detector,positive,,2026-07-21T10:04:07.896064+00:00,2026-07-21T10:04:07.896064+00:00
659,file_7a774993b4416db0,asset_f6d315160a8d6a9f,D:\Projects\adb_vl\vision_platform\ads\runtime_collection\click_success\click_success_20260720_110026_161\pre_click.png,vision_platform\ads\runtime_collection\click_success\click_success_20260720_110026_161\pre_click.png,418.2325581395349,139.90697674418604,120.55813953488376,35.720930232558146,shared,clean_fullscreen,raw,actionable,uncertain,uncertain,got,action_target,detector,positive,,2026-07-21T10:04:32.008507+00:00,2026-07-21T10:04:32.008507+00:00
66,file_7b1e49249bd69d55,asset_8cc868336d8add69,D:\Projects\adb_vl\ads2\assets\2_communication\manual_rescue_20260608_082319_edit.png,ads2\assets\2_communication\manual_rescue_20260608_082319_edit.png,911.4114572864319,25.93447236180904,29.639396984924588,18.524623115577885,ads,clean_fullscreen,raw,actionable,uncertain,uncertain,,action_target,detector,positive,,2026-07-12T07:36:14.843960+00:00,2026-07-12T07:36:14.843960+00:00
537,file_7b76e46ce585b9fb,asset_5f484ae591b6aad8,D:\Projects\adb_vl\vision_platform\ads\runtime_collection\click_success\click_success_20260718_100449_098\pre_click.png,vision_platform\ads\runtime_collection\click_success\click_success_20260718_100449_098\pre_click.png,904.9302325581396,20.837209302325583,50.604651162790674,38.69767441860465,ads,clean_fullscreen,raw,actionable,uncertain,uncertain,,action_target,detector,positive,,2026-07-18T08:44:02.655688+00:00,2026-07-18T08:44:06.587446+00:00
45,file_7bf7eaa14bb5cddc,asset_979a7f289e8b2244,D:\Projects\adb_vl\ads2\assets\2_communication\manual_rescue_20260607_154252_original.png,ads2\assets\2_communication\manual_rescue_20260607_154252_original.png,908.1407035175879,24.120603015075375,34.9748743718593,20.50251256281407,ads,clean_fullscreen,raw,actionable,uncertain,uncertain,,action_target,detector,positive,,2026-07-12T07:32:00.855761+00:00,2026-07-12T07:32:00.855761+00:00
366,file_7bfd435a242da298,asset_dc4b1b7bf5d22ce1,D:\Projects\adb_vl\vision_platform\ads\runtime_collection\click_success\click_success_20260718_093220_419\pre_click.png,vision_platform\ads\runtime_collection\click_success\click_success_20260718_093220_419\pre_click.png,418.2325581395349,139.90697674418604,120.55813953488376,35.720930232558146,shared,clean_fullscreen,raw,actionable,uncertain,uncertain,got,action_target,detector,positive,,2026-07-18T08:31:45.964787+00:00,2026-07-18T08:31:45.964787+00:00
649,file_7cf52d89d358fbc8,asset_d8a5bcf060eb6a40,D:\Projects\adb_vl\vision_platform\ads\runtime_collection\click_success\click_success_20260713_095626_251\pre_click.png,vision_platform\ads\runtime_collection\click_success\click_success_20260713_095626_251\pre_click.png,418.2325581395349,139.90697674418604,120.55813953488376,35.720930232558146,shared,clean_fullscreen,raw,actionable,uncertain,uncertain,got,action_target,detector,positive,,2026-07-21T10:04:28.955410+00:00,2026-07-21T10:04:28.955410+00:00
166,file_7d456315cf4c9b23,asset_b5eba0c407852304,D:\Projects\adb_vl\ads2\assets\2_communication\manual_rescue_20260703_113909_original.png,ads2\assets\2_communication\manual_rescue_20260703_113909_original.png,26.532663316582912,30.15075376884422,31.356783919597987,27.73869346733668,ads,clean_fullscreen,raw,actionable,uncertain,uncertain,,action_target,detector,positive,,2026-07-12T09:02:38.871303+00:00,2026-07-12T09:02:38.871303+00:00
433,file_7e8902cd4577e0de,asset_12a14646541be994,D:\Projects\adb_vl\vision_platform\ads\runtime_collection\click_success\click_success_20260718_093157_905\pre_click.png,vision_platform\ads\runtime_collection\click_success\click_success_20260718_093157_905\pre_click.png,692.0930232558139,348.27906976744185,81.8604651162791,32.74418604651163,shared,clean_fullscreen,raw,actionable,uncertain,uncertain,play,action_target,detector,positive,,2026-07-18T08:35:52.066291+00:00,2026-07-18T08:35:52.066291+00:00
434,file_7e8902cd4577e0de,asset_12a14646541be994,D:\Projects\adb_vl\vision_platform\ads\runtime_collection\click_success\click_success_20260718_093157_905\pre_click.png,vision_platform\ads\runtime_collection\click_success\click_success_20260718_093157_905\pre_click.png,558.1395348837209,349.7674418604651,74.41860465116281,29.767441860465112,shared,clean_fullscreen,raw,actionable,uncertain,uncertain,play,action_target,detector,positive,,2026-07-18T08:35:52.082809+00:00,2026-07-18T08:35:52.082809+00:00
18,file_7e8dc83206c303ea,asset_cdbc112f29c50c6a,D:\Projects\adb_vl\ads2\assets\2_communication\manual_rescue_20260607_084044_original.png,ads2\assets\2_communication\manual_rescue_20260607_084044_original.png,428.1407035175879,143.51758793969847,97.6884422110553,31.356783919598,shared,clean_fullscreen,raw,actionable,uncertain,uncertain,,action_target,detector,positive,,2026-07-12T07:24:16.237076+00:00,2026-07-12T07:24:16.237076+00:00
560,file_7e979075738f4fd1,asset_6a5a49477f9ac51d,D:\Projects\adb_vl\vision_platform\ads\runtime_collection\click_success\click_success_20260718_101447_640\pre_click.png,vision_platform\ads\runtime_collection\click_success\click_success_20260718_101447_640\pre_click.png,16.372093023255815,23.813953488372093,47.627906976744185,41.674418604651166,ads,clean_fullscreen,raw,actionable,uncertain,uncertain,,action_target,detector,positive,,2026-07-18T08:46:12.666413+00:00,2026-07-18T08:46:12.666413+00:00
449,file_7e9d94fe9b2ce9bc,asset_fe810ef990123a8c,D:\Projects\adb_vl\vision_platform\ads\runtime_collection\click_success\click_success_20260718_094347_650\pre_click.png,vision_platform\ads\runtime_collection\click_success\click_success_20260718_094347_650\pre_click.png,278.3255813953488,336.3720930232558,96.74418604651163,26.790697674418652,shared,clean_fullscreen,raw,actionable,uncertain,uncertain,play,action_target,detector,positive,,2026-07-18T08:36:43.311115+00:00,2026-07-18T08:36:43.311115+00:00
350,file_7eaf2c2abbcc016e,asset_4f4f5e5e18b46918,D:\Projects\adb_vl\vision_platform\ads\runtime_collection\click_success\click_success_20260718_104508_392\pre_click.png,vision_platform\ads\runtime_collection\click_success\click_success_20260718_104508_392\pre_click.png,418.2325581395349,139.90697674418604,120.55813953488376,35.720930232558146,ads,clean_fullscreen,raw,actionable,uncertain,uncertain,got,action_target,detector,positive,,2026-07-18T08:29:11.961677+00:00,2026-07-18T08:29:11.961677+00:00
380,file_7f2cb3a1abc98d63,asset_c2114016ebec6d27,D:\Projects\adb_vl\vision_platform\ads\runtime_collection\click_success\click_success_20260718_103222_590\pre_click.png,vision_platform\ads\runtime_collection\click_success\click_success_20260718_103222_590\pre_click.png,418.2325581395349,139.90697674418604,120.55813953488376,35.720930232558146,shared,clean_fullscreen,raw,actionable,uncertain,uncertain,got,action_target,detector,positive,,2026-07-18T08:31:58.056920+00:00,2026-07-18T08:31:58.056920+00:00
657,file_7f621fffad7cde1c,asset_718f29eb1a88bba6,D:\Projects\adb_vl\vision_platform\ads\runtime_collection\click_success\click_success_20260713_085715_383\pre_click.png,vision_platform\ads\runtime_collection\click_success\click_success_20260713_085715_383\pre_click.png,418.2325581395349,139.90697674418604,120.55813953488376,35.720930232558146,shared,clean_fullscreen,raw,actionable,uncertain,uncertain,got,action_target,detector,positive,,2026-07-21T10:04:31.524345+00:00,2026-07-21T10:04:31.524345+00:00
455,file_7f7cc2a752c290de,asset_92b6b8dcae627956,D:\Projects\adb_vl\vision_platform\ads\runtime_collection\click_success\click_success_20260718_101422_067\pre_click.png,vision_platform\ads\runtime_collection\click_success\click_success_20260718_101422_067\pre_click.png,278.3255813953488,336.3720930232558,96.74418604651163,26.790697674418652,shared,clean_fullscreen,raw,actionable,uncertain,uncertain,play,action_target,detector,positive,,2026-07-18T08:36:48.741741+00:00,2026-07-18T08:36:48.741741+00:00
85,file_7f8ff5b6a7200fb8,asset_989c6569acc7af32,D:\Projects\adb_vl\ads2\assets\2_communication\manual_rescue_20260610_153906_original.png,ads2\assets\2_communication\manual_rescue_20260610_153906_original.png,406.43216080402,401.60804020100494,49.44723618090461,26.532663316582898,shared,clean_fullscreen,raw,actionable,uncertain,uncertain,play,action_target,detector,positive,,2026-07-12T07:39:38.793190+00:00,2026-07-12T07:39:38.793190+00:00
669,file_7f999df8a6b95b89,asset_ace2cac3a67c33b4,D:\Projects\adb_vl\vision_platform\ads\runtime_collection\click_success\click_success_20260719_100952_060\pre_click.png,vision_platform\ads\runtime_collection\click_success\click_success_20260719_100952_060\pre_click.png,418.2325581395349,139.90697674418604,120.55813953488376,35.720930232558146,shared,clean_fullscreen,raw,actionable,uncertain,uncertain,got,action_target,detector,positive,,2026-07-21T10:04:36.515088+00:00,2026-07-21T10:04:36.515088+00:00
108,file_80a71757ba9b2849,asset_09e2530be65c8860,D:\Projects\adb_vl\ads2\assets\2_communication\manual_rescue_20260613_152827_original.png,ads2\assets\2_communication\manual_rescue_20260613_152827_original.png,906.9346733668341,21.708542713567837,39.798994974874404,21.708542713567837,ads,clean_fullscreen,raw,actionable,uncertain,uncertain,,action_target,detector,positive,,2026-07-12T07:42:29.778213+00:00,2026-07-12T07:42:29.778213+00:00
479,file_8240b4625453bcd5,asset_e01fefad9cdb2ffd,D:\Projects\adb_vl\vision_platform\ads\runtime_collection\click_success\click_success_20260718_093215_710\pre_click.png,vision_platform\ads\runtime_collection\click_success\click_success_20260718_093215_710\pre_click.png,906.4186046511628,11.906976744186046,38.697674418604606,40.18604651162791,ads,clean_fullscreen,raw,actionable,uncertain,uncertain,,action_target,detector,positive,,2026-07-18T08:37:26.641011+00:00,2026-07-18T08:37:26.641011+00:00
540,file_82931277e30e6366,asset_b491c092e60ab7ec,D:\Projects\adb_vl\vision_platform\ads\runtime_collection\click_success\click_success_20260718_104031_618\pre_click.png,vision_platform\ads\runtime_collection\click_success\click_success_20260718_104031_618\pre_click.png,904.9302325581396,20.837209302325583,50.604651162790674,38.69767441860465,ads,clean_fullscreen,raw,actionable,uncertain,uncertain,,action_target,detector,positive,,2026-07-18T08:44:10.818129+00:00,2026-07-18T08:44:10.818129+00:00
425,file_834076543c2ee80e,asset_7c12bfe480a6f4ea,D:\Projects\adb_vl\vision_platform\ads\runtime_collection\click_success\click_success_20260718_093227_071\pre_click.png,vision_platform\ads\runtime_collection\click_success\click_success_20260718_093227_071\pre_click.png,692.0930232558139,348.27906976744185,81.8604651162791,32.74418604651163,shared,clean_fullscreen,raw,actionable,uncertain,uncertain,play,action_target,detector,positive,,2026-07-18T08:35:33.833909+00:00,2026-07-18T08:35:33.833909+00:00
34,file_836b44de324f1b1a,asset_88d4e00731bb83a4,D:\Projects\adb_vl\ads2\assets\2_communication\manual_rescue_20260607_145608_original.png,ads2\assets\2_communication\manual_rescue_20260607_145608_original.png,916.5829145728642,24.120603015075375,20.261306532663298,18.33165829145728,ads,clean_fullscreen,raw,actionable,uncertain,uncertain,,action_target,detector,positive,,2026-07-12T07:31:25.313186+00:00,2026-07-12T07:31:25.313186+00:00
414,file_83db19d2f3f8e426,asset_c5ad53230f43a74c,D:\Projects\adb_vl\vision_platform\ads\runtime_collection\click_success\click_success_20260718_110434_595\pre_click.png,vision_platform\ads\runtime_collection\click_success\click_success_20260718_110434_595\pre_click.png,907.9069767441861,16.372093023255815,41.67441860465112,37.20930232558139,ads,clean_fullscreen,raw,actionable,uncertain,uncertain,,action_target,detector,positive,,2026-07-18T08:33:55.038149+00:00,2026-07-18T08:33:55.038149+00:00
483,file_845b4e90e4ecb54a,asset_9f183babb0c335e7,D:\Projects\adb_vl\vision_platform\ads\runtime_collection\click_success\click_success_20260718_110503_183\pre_click.png,vision_platform\ads\runtime_collection\click_success\click_success_20260718_110503_183\pre_click.png,906.4186046511628,11.906976744186046,38.697674418604606,40.18604651162791,ads,clean_fullscreen,raw,actionable,uncertain,uncertain,,action_target,detector,positive,,2026-07-18T08:37:28.358628+00:00,2026-07-18T08:37:28.358628+00:00
343,file_84b0f8705ee74563,asset_b7224094a3303f19,D:\Projects\adb_vl\vision_platform\ads\runtime_collection\click_success\click_success_20260718_094313_482\pre_click.png,vision_platform\ads\runtime_collection\click_success\click_success_20260718_094313_482\pre_click.png,418.2325581395349,139.90697674418604,120.55813953488376,35.720930232558146,ads,clean_fullscreen,raw,actionable,uncertain,uncertain,got,action_target,detector,positive,,2026-07-18T08:29:06.827386+00:00,2026-07-18T08:29:06.827386+00:00
704,file_84e859fe54d6a13d,asset_6cc19fafb7da55d8,D:\Projects\adb_vl\vision_platform\ads\runtime_collection\click_success\click_success_20260719_100742_015\pre_click.png,vision_platform\ads\runtime_collection\click_success\click_success_20260719_100742_015\pre_click.png,418.2325581395349,139.90697674418604,120.55813953488376,35.720930232558146,shared,clean_fullscreen,raw,actionable,uncertain,uncertain,got,action_target,detector,positive,,2026-07-21T10:04:48.122182+00:00,2026-07-21T10:04:48.122182+00:00
387,file_85659bafe8adda57,asset_7d42d9fa97ee34fa,D:\Projects\adb_vl\vision_platform\ads\runtime_collection\click_success\click_success_20260718_105820_651\pre_click.png,vision_platform\ads\runtime_collection\click_success\click_success_20260718_105820_651\pre_click.png,418.2325581395349,139.90697674418604,120.55813953488376,35.720930232558146,shared,clean_fullscreen,raw,actionable,uncertain,uncertain,got,action_target,detector,positive,,2026-07-18T08:32:01.672218+00:00,2026-07-18T08:32:01.672218+00:00
174,file_8696a161a6854f90,asset_85f122e867a85630,D:\Projects\adb_vl\ads2\assets\2_communication\manual_rescue_20260711_083559_edit.png,ads2\assets\2_communication\manual_rescue_20260711_083559_edit.png,908.1407035175879,15.678391959798994,33.768844221105496,34.97487437185929,ads,clean_fullscreen,raw,actionable,uncertain,uncertain,,action_target,detector,positive,,2026-07-12T09:04:00.808125+00:00,2026-07-12T09:04:00.808125+00:00
630,file_86b907df4693bedb,asset_c3aeb0f60eae7fc4,D:\Projects\adb_vl\vision_platform\ads\runtime_collection\click_success\click_success_20260718_182905_434\pre_click.png,vision_platform\ads\runtime_collection\click_success\click_success_20260718_182905_434\pre_click.png,418.2325581395349,139.90697674418604,120.55813953488376,35.720930232558146,shared,clean_fullscreen,raw,actionable,uncertain,uncertain,got,action_target,detector,positive,,2026-07-21T10:04:22.991398+00:00,2026-07-21T10:04:22.991398+00:00
194,file_86f1aa108b00df27,asset_00f4379729c9ed23,D:\Projects\adb_vl\ads2\assets\3_reference_screens\ad_issue_20260606_044653.png,ads2\assets\3_reference_screens\ad_issue_20260606_044653.png,484.4152431011827,249.77660972404732,26.49145860709592,25.229960578186592,ads,uncertain,raw,actionable,uncertain,uncertain,,action_target,detector,positive,,2026-07-12T09:06:46.897468+00:00,2026-07-12T09:06:46.897468+00:00
172,file_871a1eaf8b898e17,asset_dffe72d06cbfb9bc,D:\Projects\adb_vl\ads2\assets\2_communication\manual_rescue_20260708_161712_original.png,ads2\assets\2_communication\manual_rescue_20260708_161712_original.png,912.9648241206029,24.120603015075375,24.120603015075403,22.914572864321606,ads,clean_fullscreen,raw,actionable,uncertain,uncertain,,action_target,detector,positive,,2026-07-12T09:03:40.933716+00:00,2026-07-12T09:03:40.933716+00:00
661,file_876769b2a50f83aa,asset_8db39e1d95c89358,D:\Projects\adb_vl\vision_platform\ads\runtime_collection\click_success\click_success_20260719_110503_846\pre_click.png,vision_platform\ads\runtime_collection\click_success\click_success_20260719_110503_846\pre_click.png,418.2325581395349,139.90697674418604,120.55813953488376,35.720930232558146,shared,clean_fullscreen,raw,actionable,uncertain,uncertain,got,action_target,detector,positive,,2026-07-21T10:04:33.300495+00:00,2026-07-21T10:04:33.300495+00:00
16,file_884882948f49225e,asset_db91c1f09cec9eb8,D:\Projects\adb_vl\ads2\assets\2_communication\manual_rescue_20260607_082949_original.png,ads2\assets\2_communication\manual_rescue_20260607_082949_original.png,428.1407035175879,143.51758793969847,97.6884422110553,31.356783919598,shared,clean_fullscreen,raw,actionable,uncertain,uncertain,,action_target,detector,positive,,2026-07-12T07:24:06.823256+00:00,2026-07-12T07:24:06.823256+00:00
101,file_88fcbdea1d5d9255,asset_a5f588e5f344bd43,D:\Projects\adb_vl\ads2\assets\2_communication\manual_rescue_20260613_145759_edit.png,ads2\assets\2_communication\manual_rescue_20260613_145759_edit.png,908.1407035175879,21.708542713567837,34.9748743718593,21.708542713567837,ads,clean_fullscreen,raw,actionable,uncertain,uncertain,,action_target,detector,positive,,2026-07-12T07:41:46.995310+00:00,2026-07-12T07:41:46.995310+00:00
86,file_89900fa83979cda8,asset_333319d3f78eed9a,D:\Projects\adb_vl\ads2\assets\2_communication\manual_rescue_20260610_153949_edit.png,ads2\assets\2_communication\manual_rescue_20260610_153949_edit.png,406.43216080402,401.60804020100494,49.44723618090461,26.532663316582898,shared,clean_fullscreen,raw,actionable,uncertain,uncertain,play,action_target,detector,positive,,2026-07-12T07:39:40.624074+00:00,2026-07-12T07:39:40.624074+00:00
37,file_8a31e0f727b3b9cb,asset_36bc47380f8b1aa2,D:\Projects\adb_vl\ads2\assets\2_communication\manual_rescue_20260607_150759_edit.png,ads2\assets\2_communication\manual_rescue_20260607_150759_edit.png,916.5829145728642,24.120603015075375,20.261306532663298,18.33165829145728,ads,clean_fullscreen,raw,actionable,uncertain,uncertain,,action_target,detector,positive,,2026-07-12T07:31:32.316947+00:00,2026-07-12T07:31:32.316947+00:00
115,file_8b220e19790c2298,asset_4cc22374792bd870,D:\Projects\adb_vl\ads2\assets\2_communication\manual_rescue_20260614_150919_edit.png,ads2\assets\2_communication\manual_rescue_20260614_150919_edit.png,908.3240201005023,24.699497487437178,35.19678391959792,18.52462311557788,ads,clean_fullscreen,raw,actionable,uncertain,uncertain,,action_target,detector,positive,,2026-07-12T08:48:44.220349+00:00,2026-07-12T08:48:44.220349+00:00
367,file_8c1c921e7249c73c,asset_afe0216a1d510d32,D:\Projects\adb_vl\vision_platform\ads\runtime_collection\click_success\click_success_20260718_093249_317\pre_click.png,vision_platform\ads\runtime_collection\click_success\click_success_20260718_093249_317\pre_click.png,418.2325581395349,139.90697674418604,120.55813953488376,35.720930232558146,shared,clean_fullscreen,raw,actionable,uncertain,uncertain,got,action_target,detector,positive,,2026-07-18T08:31:47.287382+00:00,2026-07-18T08:31:47.287382+00:00
710,file_8c38c065681f0486,asset_230be5ed63d27e05,D:\Projects\adb_vl\vision_platform\ads\runtime_collection\click_success\click_success_20260713_081934_414\pre_click.png,vision_platform\ads\runtime_collection\click_success\click_success_20260713_081934_414\pre_click.png,418.2325581395349,139.90697674418604,120.55813953488376,35.720930232558146,shared,clean_fullscreen,raw,actionable,uncertain,uncertain,got,action_target,detector,positive,,2026-07-21T10:04:49.610868+00:00,2026-07-21T10:04:49.610868+00:00
163,file_8c53b93384b1195f,asset_48ba55a2b871b08b,D:\Projects\adb_vl\ads2\assets\2_communication\manual_rescue_20260703_095054_edit.png,ads2\assets\2_communication\manual_rescue_20260703_095054_edit.png,94.61235216819973,18.922470433639948,36.58344283837057,30.275952693823914,ads,uncertain,raw,actionable,uncertain,uncertain,,action_target,detector,positive,,2026-07-12T09:02:02.520533+00:00,2026-07-12T09:02:02.520533+00:00
259,file_8c7ca52b2fdac367,asset_03b4e6a7a4a0570c,D:\Projects\adb_vl\ads2\assets\3_reference_screens\manual_check_20260605_102938.png,ads2\assets\3_reference_screens\manual_check_20260605_102938.png,902.110552763819,31.356783919597987,37.38693467336691,37.38693467336684,game,clean_fullscreen,raw,actionable,uncertain,uncertain,主城,action_target,detector,positive,,2026-07-12T09:27:45.812597+00:00,2026-07-12T09:27:45.812597+00:00
260,file_8c7ca52b2fdac367,asset_03b4e6a7a4a0570c,D:\Projects\adb_vl\ads2\assets\3_reference_screens\manual_check_20260605_102938.png,ads2\assets\3_reference_screens\manual_check_20260605_102938.png,85.62814070351757,108.54271356783919,48.24120603015075,38.592964824120614,game,clean_fullscreen,raw,actionable,uncertain,uncertain,主城,action_target,detector,positive,,2026-07-12T09:27:45.829048+00:00,2026-07-12T09:27:45.829048+00:00
261,file_8c7ca52b2fdac367,asset_03b4e6a7a4a0570c,D:\Projects\adb_vl\ads2\assets\3_reference_screens\manual_check_20260605_102938.png,ads2\assets\3_reference_screens\manual_check_20260605_102938.png,21.708542713567837,174.87437185929647,44.623115577889436,36.18090452261305,ads,clean_fullscreen,raw,actionable,uncertain,uncertain,主城,action_target,detector,positive,,2026-07-12T09:27:58.277833+00:00,2026-07-12T09:27:58.405700+00:00
262,file_8c7ca52b2fdac367,asset_03b4e6a7a4a0570c,D:\Projects\adb_vl\ads2\assets\3_reference_screens\manual_check_20260605_102938.png,ads2\assets\3_reference_screens\manual_check_20260605_102938.png,441.40703517587934,390.7537688442211,100.10050251256285,51.85929648241205,ads,clean_fullscreen,raw,actionable,uncertain,uncertain,主城,action_target,detector,positive,,2026-07-12T09:28:09.526047+00:00,2026-07-12T09:28:09.631762+00:00
263,file_8c7ca52b2fdac367,asset_03b4e6a7a4a0570c,D:\Projects\adb_vl\ads2\assets\3_reference_screens\manual_check_20260605_102938.png,ads2\assets\3_reference_screens\manual_check_20260605_102938.png,417.286432160804,499.29648241206024,107.3366834170854,25.32663316582915,ads,clean_fullscreen,raw,actionable,uncertain,uncertain,主城,action_target,detector,positive,,2026-07-12T09:28:16.118723+00:00,2026-07-12T09:28:16.223093+00:00
264,file_8c7ca52b2fdac367,asset_03b4e6a7a4a0570c,D:\Projects\adb_vl\ads2\assets\3_reference_screens\manual_check_20260605_102938.png,ads2\assets\3_reference_screens\manual_check_20260605_102938.png,669.3467336683417,494.4723618090452,72.3618090452261,31.356783919598,ads,clean_fullscreen,raw,actionable,uncertain,uncertain,主城,action_target,detector,positive,,2026-07-12T09:28:19.901887+00:00,2026-07-12T09:28:20.019634+00:00
265,file_8c7ca52b2fdac367,asset_03b4e6a7a4a0570c,D:\Projects\adb_vl\ads2\assets\3_reference_screens\manual_check_20260605_102938.png,ads2\assets\3_reference_screens\manual_check_20260605_102938.png,212.2613065326633,500.50251256281405,73.5678391959799,26.53266331658284,ads,clean_fullscreen,raw,actionable,uncertain,uncertain,主城,action_target,detector,positive,,2026-07-12T09:28:24.038578+00:00,2026-07-12T09:28:24.059414+00:00
266,file_8c7ca52b2fdac367,asset_03b4e6a7a4a0570c,D:\Projects\adb_vl\ads2\assets\3_reference_screens\manual_check_20260605_102938.png,ads2\assets\3_reference_screens\manual_check_20260605_102938.png,44.62311557788944,504.12060301507535,79.59798994974872,25.32663316582915,ads,clean_fullscreen,raw,actionable,uncertain,uncertain,主城,action_target,detector,positive,,2026-07-12T09:28:28.493682+00:00,2026-07-12T09:28:28.515902+00:00
267,file_8c7ca52b2fdac367,asset_03b4e6a7a4a0570c,D:\Projects\adb_vl\ads2\assets\3_reference_screens\manual_check_20260605_102938.png,ads2\assets\3_reference_screens\manual_check_20260605_102938.png,794.7738693467336,378.6934673366834,75.9798994974874,86.83417085427135,ads,clean_fullscreen,raw,actionable,uncertain,uncertain,主城,action_target,detector,positive,,2026-07-12T09:28:35.352550+00:00,2026-07-12T09:28:35.457829+00:00
268,file_8c7ca52b2fdac367,asset_03b4e6a7a4a0570c,D:\Projects\adb_vl\ads2\assets\3_reference_screens\manual_check_20260605_102938.png,ads2\assets\3_reference_screens\manual_check_20260605_102938.png,828.5427135678391,161.608040201005,47.035175879397,48.24120603015075,ads,clean_fullscreen,raw,actionable,uncertain,uncertain,主城,action_target,detector,positive,,2026-07-12T09:28:49.902683+00:00,2026-07-12T09:28:50.004201+00:00
697,file_8cbd8a1357817b03,asset_24a94dbe38265bcc,D:\Projects\adb_vl\vision_platform\ads\runtime_collection\click_success\click_success_20260720_130853_791\pre_click.png,vision_platform\ads\runtime_collection\click_success\click_success_20260720_130853_791\pre_click.png,418.2325581395349,139.90697674418604,120.55813953488376,35.720930232558146,shared,clean_fullscreen,raw,actionable,uncertain,uncertain,got,action_target,detector,positive,,2026-07-21T10:04:45.276881+00:00,2026-07-21T10:04:45.276881+00:00
696,file_8cce3327abed6c81,asset_3c097933ff436050,D:\Projects\adb_vl\vision_platform\ads\runtime_collection\click_success\click_success_20260720_105916_754\pre_click.png,vision_platform\ads\runtime_collection\click_success\click_success_20260720_105916_754\pre_click.png,418.2325581395349,139.90697674418604,120.55813953488376,35.720930232558146,shared,clean_fullscreen,raw,actionable,uncertain,uncertain,got,action_target,detector,positive,,2026-07-21T10:04:45.015755+00:00,2026-07-21T10:04:45.015755+00:00
383,file_8cd0c36154528798,asset_e050dd8726171b15,D:\Projects\adb_vl\vision_platform\ads\runtime_collection\click_success\click_success_20260718_105202_851\pre_click.png,vision_platform\ads\runtime_collection\click_success\click_success_20260718_105202_851\pre_click.png,418.2325581395349,139.90697674418604,120.55813953488376,35.720930232558146,shared,clean_fullscreen,raw,actionable,uncertain,uncertain,got,action_target,detector,positive,,2026-07-18T08:31:59.332823+00:00,2026-07-18T08:31:59.332823+00:00
680,file_8dd4564f797e6cd3,asset_8c132622d8aa14cc,D:\Projects\adb_vl\vision_platform\ads\runtime_collection\click_success\click_success_20260720_115653_777\pre_click.png,vision_platform\ads\runtime_collection\click_success\click_success_20260720_115653_777\pre_click.png,418.2325581395349,139.90697674418604,120.55813953488376,35.720930232558146,shared,clean_fullscreen,raw,actionable,uncertain,uncertain,got,action_target,detector,positive,,2026-07-21T10:04:40.168742+00:00,2026-07-21T10:04:40.168742+00:00
472,file_9051449ea9acf342,asset_691999083f0599dd,D:\Projects\adb_vl\vision_platform\ads\runtime_collection\click_success\click_success_20260718_105745_988\pre_click.png,vision_platform\ads\runtime_collection\click_success\click_success_20260718_105745_988\pre_click.png,278.3255813953488,336.3720930232558,96.74418604651163,26.790697674418652,shared,clean_fullscreen,raw,actionable,uncertain,uncertain,play,action_target,detector,positive,,2026-07-18T08:36:56.051791+00:00,2026-07-18T08:36:56.051791+00:00
638,file_9073989a9effc8b2,asset_7292b78d71243588,D:\Projects\adb_vl\vision_platform\ads\runtime_collection\click_success\click_success_20260713_085745_144\pre_click.png,vision_platform\ads\runtime_collection\click_success\click_success_20260713_085745_144\pre_click.png,418.2325581395349,139.90697674418604,120.55813953488376,35.720930232558146,shared,clean_fullscreen,raw,actionable,uncertain,uncertain,got,action_target,detector,positive,,2026-07-21T10:04:25.964479+00:00,2026-07-21T10:04:25.964479+00:00
403,file_908ed2a06166f668,asset_c979a67015df8131,D:\Projects\adb_vl\vision_platform\ads\runtime_collection\click_success\click_success_20260718_100251_508\pre_click.png,vision_platform\ads\runtime_collection\click_success\click_success_20260718_100251_508\pre_click.png,476.84625492772665,27.752956636005255,32.79894875164263,30.275952693823914,ads,clean_fullscreen,raw,actionable,uncertain,uncertain,,action_target,detector,positive,,2026-07-18T08:32:59.934193+00:00,2026-07-18T08:33:06.430017+00:00
205,file_91fa657ccf5a9a56,asset_f507b80628bdf057,D:\Projects\adb_vl\ads2\assets\3_reference_screens\ad_issue_20260606_052302.png,ads2\assets\3_reference_screens\ad_issue_20260606_052302.png,910.5527638190954,24.120603015075375,28.944723618090507,25.326633165829143,ads,clean_fullscreen,raw,actionable,uncertain,uncertain,,action_target,detector,positive,,2026-07-12T09:08:28.689063+00:00,2026-07-12T09:08:28.689063+00:00
21,file_921bc8370c557d92,asset_952d77d5dade7206,D:\Projects\adb_vl\ads2\assets\2_communication\manual_rescue_20260607_085540_edit.png,ads2\assets\2_communication\manual_rescue_20260607_085540_edit.png,428.1407035175879,143.51758793969847,97.6884422110553,31.356783919598,shared,clean_fullscreen,raw,actionable,uncertain,uncertain,,action_target,detector,positive,,2026-07-12T07:24:18.504163+00:00,2026-07-12T07:24:18.504163+00:00
344,file_92925bd4085f2744,asset_a1357ef799a42b3d,D:\Projects\adb_vl\vision_platform\ads\runtime_collection\click_success\click_success_20260718_094342_192\pre_click.png,vision_platform\ads\runtime_collection\click_success\click_success_20260718_094342_192\pre_click.png,418.2325581395349,139.90697674418604,120.55813953488376,35.720930232558146,ads,clean_fullscreen,raw,actionable,uncertain,uncertain,got,action_target,detector,positive,,2026-07-18T08:29:07.490573+00:00,2026-07-18T08:29:07.490573+00:00
27,file_930ab51f7142d475,asset_278755527ca1a3e5,D:\Projects\adb_vl\ads2\assets\2_communication\manual_rescue_20260607_144904_edit.png,ads2\assets\2_communication\manual_rescue_20260607_144904_edit.png,911.7587939698492,21.708542713567837,31.356783919598,21.708542713567837,ads,clean_fullscreen,raw,actionable,uncertain,uncertain,,action_target,detector,positive,,2026-07-12T07:25:38.022193+00:00,2026-07-12T07:25:38.022193+00:00
132,file_930b0e954fd4d20f,asset_a1127cd78d9fdfe0,D:\Projects\adb_vl\ads2\assets\2_communication\manual_rescue_20260617_104135_edit.png,ads2\assets\2_communication\manual_rescue_20260617_104135_edit.png,24.120603015075375,25.326633165829143,83.21608040201005,33.768844221105525,ads,clean_fullscreen,raw,actionable,uncertain,uncertain,,action_target,detector,positive,,2026-07-12T08:52:43.141284+00:00,2026-07-12T08:52:43.141284+00:00
700,file_953467878e4c076c,asset_4eb5b791b63b95a6,D:\Projects\adb_vl\vision_platform\ads\runtime_collection\click_success\click_success_20260719_110309_257\pre_click.png,vision_platform\ads\runtime_collection\click_success\click_success_20260719_110309_257\pre_click.png,418.2325581395349,139.90697674418604,120.55813953488376,35.720930232558146,shared,clean_fullscreen,raw,actionable,uncertain,uncertain,got,action_target,detector,positive,,2026-07-21T10:04:46.894482+00:00,2026-07-21T10:04:46.894482+00:00
57,file_958cead94d8e1841,asset_3205a944e419dafa,D:\Projects\adb_vl\ads2\assets\2_communication\manual_rescue_20260607_163135_edit.png,ads2\assets\2_communication\manual_rescue_20260607_163135_edit.png,912.9648241206029,21.708542713567837,26.53266331658301,21.708542713567837,ads,clean_fullscreen,raw,actionable,uncertain,uncertain,,action_target,detector,positive,,2026-07-12T07:35:28.778019+00:00,2026-07-12T07:35:28.801144+00:00
356,file_95ac70506f25773f,asset_014ab628e18c4c01,D:\Projects\adb_vl\vision_platform\ads\runtime_collection\click_success\click_success_20260718_085302_739\pre_click.png,vision_platform\ads\runtime_collection\click_success\click_success_20260718_085302_739\pre_click.png,418.2325581395349,139.90697674418604,120.55813953488376,35.720930232558146,ads,clean_fullscreen,raw,actionable,uncertain,uncertain,got,action_target,detector,positive,,2026-07-18T08:29:15.420727+00:00,2026-07-18T08:29:15.420727+00:00
69,file_964499e8c824d89b,asset_0400fa765d75f34b,D:\Projects\adb_vl\ads2\assets\2_communication\manual_rescue_20260609_091118_edit.png,ads2\assets\2_communication\manual_rescue_20260609_091118_edit.png,418.49246231155774,352.1608040201005,78.39195979899495,24.120603015075346,ads,clean_fullscreen,raw,actionable,uncertain,uncertain,play,action_target,detector,positive,,2026-07-12T07:37:15.858536+00:00,2026-07-12T07:37:15.957971+00:00
70,file_964499e8c824d89b,asset_0400fa765d75f34b,D:\Projects\adb_vl\ads2\assets\2_communication\manual_rescue_20260609_091118_edit.png,ads2\assets\2_communication\manual_rescue_20260609_091118_edit.png,558.3919597989949,353.36683417085425,77.1859296482412,25.32663316582915,ads,clean_fullscreen,raw,actionable,uncertain,uncertain,play,action_target,detector,positive,,2026-07-12T07:37:21.682259+00:00,2026-07-12T07:37:21.697326+00:00
71,file_964499e8c824d89b,asset_0400fa765d75f34b,D:\Projects\adb_vl\ads2\assets\2_communication\manual_rescue_20260609_091118_edit.png,ads2\assets\2_communication\manual_rescue_20260609_091118_edit.png,698.2914572864321,352.1608040201005,74.7738693467337,27.738693467336645,ads,clean_fullscreen,raw,actionable,uncertain,uncertain,play,action_target,detector,positive,,2026-07-12T07:37:27.033939+00:00,2026-07-12T07:37:27.136220+00:00
72,file_964499e8c824d89b,asset_0400fa765d75f34b,D:\Projects\adb_vl\ads2\assets\2_communication\manual_rescue_20260609_091118_edit.png,ads2\assets\2_communication\manual_rescue_20260609_091118_edit.png,834.572864321608,354.572864321608,75.9798994974874,21.70854271356785,ads,clean_fullscreen,raw,actionable,uncertain,uncertain,play,action_target,detector,positive,,2026-07-12T07:37:33.866246+00:00,2026-07-12T07:37:33.981120+00:00
518,file_9784c0b9af38fd53,asset_698441abe6868c44,D:\Projects\adb_vl\vision_platform\ads\runtime_collection\click_success\click_success_20260718_103229_215\pre_click.png,vision_platform\ads\runtime_collection\click_success\click_success_20260718_103229_215\pre_click.png,413.7674418604651,351.25581395348837,86.32558139534882,29.767441860465112,shared,clean_fullscreen,raw,actionable,uncertain,uncertain,play,action_target,detector,positive,,2026-07-18T08:42:02.383288+00:00,2026-07-18T08:42:02.383288+00:00
519,file_9784c0b9af38fd53,asset_698441abe6868c44,D:\Projects\adb_vl\vision_platform\ads\runtime_collection\click_success\click_success_20260718_103229_215\pre_click.png,vision_platform\ads\runtime_collection\click_success\click_success_20260718_103229_215\pre_click.png,555.1627906976744,352.74418604651163,80.37209302325584,26.790697674418595,shared,clean_fullscreen,raw,actionable,uncertain,uncertain,play,action_target,detector,positive,,2026-07-18T08:42:02.399938+00:00,2026-07-18T08:42:02.399938+00:00
520,file_9784c0b9af38fd53,asset_698441abe6868c44,D:\Projects\adb_vl\vision_platform\ads\runtime_collection\click_success\click_success_20260718_103229_215\pre_click.png,vision_platform\ads\runtime_collection\click_success\click_success_20260718_103229_215\pre_click.png,693.5813953488372,349.7674418604651,83.34883720930236,31.25581395348837,shared,clean_fullscreen,raw,actionable,uncertain,uncertain,play,action_target,detector,positive,,2026-07-18T08:42:02.416811+00:00,2026-07-18T08:42:02.416811+00:00
521,file_9784c0b9af38fd53,asset_698441abe6868c44,D:\Projects\adb_vl\vision_platform\ads\runtime_collection\click_success\click_success_20260718_103229_215\pre_click.png,vision_platform\ads\runtime_collection\click_success\click_success_20260718_103229_215\pre_click.png,832.0,351.25581395348837,89.30232558139528,29.767441860465112,shared,clean_fullscreen,raw,actionable,uncertain,uncertain,play,action_target,detector,positive,,2026-07-18T08:42:02.432794+00:00,2026-07-18T08:42:02.432794+00:00
514,file_979e903430aea95d,asset_865c30d9c720318e,D:\Projects\adb_vl\vision_platform\ads\runtime_collection\click_success\click_success_20260718_085045_813\pre_click.png,vision_platform\ads\runtime_collection\click_success\click_success_20260718_085045_813\pre_click.png,418.2325581395349,349.7674418604651,86.32558139534882,29.767441860465112,ads,clean_fullscreen,raw,actionable,uncertain,uncertain,play,action_target,detector,positive,,2026-07-18T08:42:01.452150+00:00,2026-07-18T08:51:04.073853+00:00
515,file_979e903430aea95d,asset_865c30d9c720318e,D:\Projects\adb_vl\vision_platform\ads\runtime_collection\click_success\click_success_20260718_085045_813\pre_click.png,vision_platform\ads\runtime_collection\click_success\click_success_20260718_085045_813\pre_click.png,555.1627906976744,352.74418604651163,80.37209302325584,26.790697674418595,shared,clean_fullscreen,raw,actionable,uncertain,uncertain,play,action_target,detector,positive,,2026-07-18T08:42:01.468051+00:00,2026-07-18T08:42:01.468051+00:00
516,file_979e903430aea95d,asset_865c30d9c720318e,D:\Projects\adb_vl\vision_platform\ads\runtime_collection\click_success\click_success_20260718_085045_813\pre_click.png,vision_platform\ads\runtime_collection\click_success\click_success_20260718_085045_813\pre_click.png,693.5813953488372,349.7674418604651,83.34883720930236,31.25581395348837,shared,clean_fullscreen,raw,actionable,uncertain,uncertain,play,action_target,detector,positive,,2026-07-18T08:42:01.484606+00:00,2026-07-18T08:42:01.484606+00:00
517,file_979e903430aea95d,asset_865c30d9c720318e,D:\Projects\adb_vl\vision_platform\ads\runtime_collection\click_success\click_success_20260718_085045_813\pre_click.png,vision_platform\ads\runtime_collection\click_success\click_success_20260718_085045_813\pre_click.png,832.0,351.25581395348837,89.30232558139528,29.767441860465112,shared,clean_fullscreen,raw,actionable,uncertain,uncertain,play,action_target,detector,positive,,2026-07-18T08:42:01.500095+00:00,2026-07-18T08:42:01.500095+00:00
385,file_97c6b6820916c085,asset_07ba0e2cf9e2d681,D:\Projects\adb_vl\vision_platform\ads\runtime_collection\click_success\click_success_20260718_105314_861\pre_click.png,vision_platform\ads\runtime_collection\click_success\click_success_20260718_105314_861\pre_click.png,418.2325581395349,139.90697674418604,120.55813953488376,35.720930232558146,shared,clean_fullscreen,raw,actionable,uncertain,uncertain,got,action_target,detector,positive,,2026-07-18T08:31:59.781946+00:00,2026-07-18T08:31:59.781946+00:00
143,file_985be4a18038c3c7,asset_e616283f4b7706bd,D:\Projects\adb_vl\ads2\assets\2_communication\manual_rescue_20260625_144927_original.png,ads2\assets\2_communication\manual_rescue_20260625_144927_original.png,908.1407035175879,22.914572864321606,36.18090452261299,20.50251256281407,ads,clean_fullscreen,raw,actionable,uncertain,uncertain,,action_target,detector,positive,,2026-07-12T08:57:00.006228+00:00,2026-07-12T08:57:00.006228+00:00
652,file_987130a887d36953,asset_ef9e2955ad2a81f9,D:\Projects\adb_vl\vision_platform\ads\runtime_collection\click_success\click_success_20260713_092433_793\pre_click.png,vision_platform\ads\runtime_collection\click_success\click_success_20260713_092433_793\pre_click.png,418.2325581395349,139.90697674418604,120.55813953488376,35.720930232558146,shared,clean_fullscreen,raw,actionable,uncertain,uncertain,got,action_target,detector,positive,,2026-07-21T10:04:30.175066+00:00,2026-07-21T10:04:30.175066+00:00
154,file_98d4aefb10ff3479,asset_ba6fe53170910093,D:\Projects\adb_vl\ads2\assets\2_communication\manual_rescue_20260629_105851_edit.png,ads2\assets\2_communication\manual_rescue_20260629_105851_edit.png,906.9346733668341,24.120603015075375,39.798994974874404,22.914572864321606,ads,clean_fullscreen,raw,actionable,uncertain,uncertain,,action_target,detector,positive,,2026-07-12T09:00:26.070735+00:00,2026-07-12T09:00:26.070735+00:00
417,file_99b7399d75e76bac,asset_e29e070478769a5a,D:\Projects\adb_vl\vision_platform\ads\runtime_collection\click_success\click_success_20260718_104036_562\pre_click.png,vision_platform\ads\runtime_collection\click_success\click_success_20260718_104036_562\pre_click.png,415.25581395348837,136.93023255813952,130.97674418604646,41.67441860465118,shared,clean_fullscreen,raw,actionable,uncertain,uncertain,got,action_target,detector,positive,,2026-07-18T08:34:20.797474+00:00,2026-07-18T08:34:20.797474+00:00
379,file_99efc798e930d2d1,asset_bb2b366ff1d4b2a7,D:\Projects\adb_vl\vision_platform\ads\runtime_collection\click_success\click_success_20260718_085039_658\pre_click.png,vision_platform\ads\runtime_collection\click_success\click_success_20260718_085039_658\pre_click.png,418.2325581395349,139.90697674418604,120.55813953488376,35.720930232558146,shared,clean_fullscreen,raw,actionable,uncertain,uncertain,got,action_target,detector,positive,,2026-07-18T08:31:57.524249+00:00,2026-07-18T08:31:57.524249+00:00
556,file_9a2c24f6fb1e42af,asset_99a9b81e66b3c18e,D:\Projects\adb_vl\vision_platform\ads\runtime_collection\click_success\click_success_20260718_110026_247\pre_click.png,vision_platform\ads\runtime_collection\click_success\click_success_20260718_110026_247\pre_click.png,23.968462549277266,21.445466491458607,30.275952693823914,26.491458607095925,ads,clean_fullscreen,raw,actionable,uncertain,uncertain,,action_target,detector,positive,,2026-07-18T08:45:52.836685+00:00,2026-07-18T08:45:52.836685+00:00
148,file_9a362e65ff44e284,asset_c821d71772c59117,D:\Projects\adb_vl\ads2\assets\2_communication\manual_rescue_20260628_092450_edit.png,ads2\assets\2_communication\manual_rescue_20260628_092450_edit.png,418.49246231155774,354.572864321608,82.0100502512563,24.120603015075403,ads,clean_fullscreen,raw,actionable,uncertain,uncertain,play,action_target,detector,positive,,2026-07-12T08:58:40.807279+00:00,2026-07-12T08:58:40.825382+00:00
149,file_9a362e65ff44e284,asset_c821d71772c59117,D:\Projects\adb_vl\ads2\assets\2_communication\manual_rescue_20260628_092450_edit.png,ads2\assets\2_communication\manual_rescue_20260628_092450_edit.png,695.8793969849246,349.74874371859295,79.5979899497487,27.738693467336645,ads,clean_fullscreen,raw,actionable,uncertain,uncertain,play,action_target,detector,positive,,2026-07-12T08:58:46.630267+00:00,2026-07-12T08:58:46.647933+00:00
150,file_9a362e65ff44e284,asset_c821d71772c59117,D:\Projects\adb_vl\ads2\assets\2_communication\manual_rescue_20260628_092450_edit.png,ads2\assets\2_communication\manual_rescue_20260628_092450_edit.png,833.3668341708542,354.572864321608,79.5979899497487,24.120603015075403,ads,clean_fullscreen,raw,actionable,uncertain,uncertain,play,action_target,detector,positive,,2026-07-12T08:58:53.694785+00:00,2026-07-12T08:58:53.712926+00:00
374,file_9a9d085b7e6bc03c,asset_ec023aeb11d9c4a1,D:\Projects\adb_vl\vision_platform\ads\runtime_collection\click_success\click_success_20260718_105619_821\pre_click.png,vision_platform\ads\runtime_collection\click_success\click_success_20260718_105619_821\pre_click.png,418.2325581395349,139.90697674418604,120.55813953488376,35.720930232558146,shared,clean_fullscreen,raw,actionable,uncertain,uncertain,got,action_target,detector,positive,,2026-07-18T08:31:53.692113+00:00,2026-07-18T08:31:53.692113+00:00
749,file_9b3abccbd2914638,asset_a4f70e645255b736,D:\Projects\adb_vl\vision_platform\ads\runtime_collection\click_success\click_success_20260720_102205_472\pre_click.png,vision_platform\ads\runtime_collection\click_success\click_success_20260720_102205_472\pre_click.png,903.4418604651163,17.86046511627907,41.67441860465112,32.74418604651163,ads,clean_fullscreen,raw,actionable,uncertain,uncertain,,action_target,detector,positive,,2026-07-21T10:05:04.231435+00:00,2026-07-21T10:05:04.231435+00:00
708,file_9cf088703f16a520,asset_f36c8525da59a701,D:\Projects\adb_vl\vision_platform\ads\runtime_collection\click_success\click_success_20260713_082129_269\pre_click.png,vision_platform\ads\runtime_collection\click_success\click_success_20260713_082129_269\pre_click.png,418.2325581395349,139.90697674418604,120.55813953488376,35.720930232558146,shared,clean_fullscreen,raw,actionable,uncertain,uncertain,got,action_target,detector,positive,,2026-07-21T10:04:49.227145+00:00,2026-07-21T10:04:49.227145+00:00
536,file_9d153f88c277c238,asset_8a27add9c53ecdd9,D:\Projects\adb_vl\vision_platform\ads\runtime_collection\click_success\click_success_20260718_110531_653\pre_click.png,vision_platform\ads\runtime_collection\click_success\click_success_20260718_110531_653\pre_click.png,898.9767441860465,14.883720930232558,50.604651162790674,38.69767441860465,ads,clean_fullscreen,raw,actionable,uncertain,uncertain,,action_target,detector,positive,,2026-07-18T08:44:00.284259+00:00,2026-07-18T08:44:00.284259+00:00
104,file_9d1febe871779b70,asset_62b34680da624599,D:\Projects\adb_vl\ads2\assets\2_communication\manual_rescue_20260613_145852_original.png,ads2\assets\2_communication\manual_rescue_20260613_145852_original.png,906.9346733668341,21.708542713567837,39.798994974874404,21.708542713567837,ads,clean_fullscreen,raw,actionable,uncertain,uncertain,,action_target,detector,positive,,2026-07-12T07:42:20.051252+00:00,2026-07-12T07:42:20.051252+00:00
59,file_9e466ed58c8c5e3f,asset_419b00ac3f9e1f40,D:\Projects\adb_vl\ads2\assets\2_communication\manual_rescue_20260607_163211_edit.png,ads2\assets\2_communication\manual_rescue_20260607_163211_edit.png,912.9648241206029,21.708542713567837,26.53266331658301,21.708542713567837,ads,clean_fullscreen,raw,actionable,uncertain,uncertain,,action_target,detector,positive,,2026-07-12T07:35:35.857722+00:00,2026-07-12T07:35:35.857722+00:00
421,file_9fec6bc95a16a7b0,asset_091ff4bb92b5b4cb,D:\Projects\adb_vl\vision_platform\ads\runtime_collection\click_success\click_success_20260718_094337_171\pre_click.png,vision_platform\ads\runtime_collection\click_success\click_success_20260718_094337_171\pre_click.png,900.4651162790698,11.906976744186046,44.65116279069764,47.627906976744185,ads,clean_fullscreen,raw,actionable,uncertain,uncertain,,action_target,detector,positive,,2026-07-18T08:34:35.525515+00:00,2026-07-18T08:34:35.525515+00:00
668,file_a07968d0ace33d0e,asset_376ab8c6d7f8374e,D:\Projects\adb_vl\vision_platform\ads\runtime_collection\click_success\click_success_20260719_100922_776\pre_click.png,vision_platform\ads\runtime_collection\click_success\click_success_20260719_100922_776\pre_click.png,418.2325581395349,139.90697674418604,120.55813953488376,35.720930232558146,shared,clean_fullscreen,raw,actionable,uncertain,uncertain,got,action_target,detector,positive,,2026-07-21T10:04:36.261518+00:00,2026-07-21T10:04:36.261518+00:00
568,file_a1c320a4d8aaf2c1,asset_5e7585d8c6982b8e,D:\Projects\adb_vl\vision_platform\ads\runtime_collection\click_success\click_success_20260718_104600_932\pre_click.png,vision_platform\ads\runtime_collection\click_success\click_success_20260718_104600_932\pre_click.png,884.0930232558139,29.767441860465116,72.93023255813955,29.767441860465116,ads,clean_fullscreen,raw,actionable,uncertain,uncertain,,action_target,detector,positive,,2026-07-18T08:46:54.883754+00:00,2026-07-18T08:46:54.883754+00:00
8,file_a38025dbb89180ef,asset_18251ebb4fbe0ec2,D:\Projects\adb_vl\ads2\assets\2_communication\manual_rescue_20260606_232156_original.png,ads2\assets\2_communication\manual_rescue_20260606_232156_original.png,430.12145748987854,147.6923076923077,99.75708502024298,23.31983805668014,ads,clean_fullscreen,raw,actionable,uncertain,uncertain,got,action_target,detector,positive,,2026-07-12T07:14:15.475535+00:00,2026-07-12T07:14:15.498642+00:00
495,file_a38c48abbc580962,asset_866a5672b0fbfcde,D:\Projects\adb_vl\vision_platform\ads\runtime_collection\click_success\click_success_20260718_085114_247\pre_click.png,vision_platform\ads\runtime_collection\click_success\click_success_20260718_085114_247\pre_click.png,413.7674418604651,351.25581395348837,86.32558139534882,29.767441860465112,shared,clean_fullscreen,raw,actionable,uncertain,uncertain,play,action_target,detector,positive,,2026-07-18T08:41:22.350173+00:00,2026-07-18T08:41:22.350173+00:00
496,file_a38c48abbc580962,asset_866a5672b0fbfcde,D:\Projects\adb_vl\vision_platform\ads\runtime_collection\click_success\click_success_20260718_085114_247\pre_click.png,vision_platform\ads\runtime_collection\click_success\click_success_20260718_085114_247\pre_click.png,555.1627906976744,352.74418604651163,80.37209302325584,26.790697674418595,shared,clean_fullscreen,raw,actionable,uncertain,uncertain,play,action_target,detector,positive,,2026-07-18T08:41:22.370102+00:00,2026-07-18T08:41:22.370102+00:00
497,file_a38c48abbc580962,asset_866a5672b0fbfcde,D:\Projects\adb_vl\vision_platform\ads\runtime_collection\click_success\click_success_20260718_085114_247\pre_click.png,vision_platform\ads\runtime_collection\click_success\click_success_20260718_085114_247\pre_click.png,693.5813953488372,349.7674418604651,83.34883720930236,31.25581395348837,shared,clean_fullscreen,raw,actionable,uncertain,uncertain,play,action_target,detector,positive,,2026-07-18T08:41:22.382617+00:00,2026-07-18T08:41:22.382617+00:00
19,file_a3ae38fcad2f22f2,asset_fa172a2f563a6c00,D:\Projects\adb_vl\ads2\assets\2_communication\manual_rescue_20260607_085221_edit.png,ads2\assets\2_communication\manual_rescue_20260607_085221_edit.png,428.1407035175879,143.51758793969847,97.6884422110553,31.356783919598,shared,clean_fullscreen,raw,actionable,uncertain,uncertain,,action_target,detector,positive,,2026-07-12T07:24:17.110272+00:00,2026-07-12T07:24:17.110272+00:00
618,file_a445b3c70ab32c8c,asset_d8cd6d4863d44f7a,D:\Projects\adb_vl\vision_platform\ads\runtime_collection\click_success\click_success_20260713_092939_863\pre_click.png,vision_platform\ads\runtime_collection\click_success\click_success_20260713_092939_863\pre_click.png,409.6,139.52,140.79999999999995,34.56,ads,clean_fullscreen,raw,actionable,uncertain,uncertain,,action_target,detector,positive,,2026-07-21T10:04:05.850340+00:00,2026-07-21T10:04:05.850340+00:00
157,file_a4972c7044ed599f,asset_154a6887d8c4149d,D:\Projects\adb_vl\ads2\assets\2_communication\manual_rescue_20260630_190348_original.png,ads2\assets\2_communication\manual_rescue_20260630_190348_original.png,906.9346733668341,24.120603015075375,39.798994974874404,22.914572864321606,ads,clean_fullscreen,raw,actionable,uncertain,uncertain,,action_target,detector,positive,,2026-07-12T09:01:29.913597+00:00,2026-07-12T09:01:29.913597+00:00
654,file_a4e8ca4f12e4a1e7,asset_5a035e32e05ad547,D:\Projects\adb_vl\vision_platform\ads\runtime_collection\click_success\click_success_20260720_115905_540\pre_click.png,vision_platform\ads\runtime_collection\click_success\click_success_20260720_115905_540\pre_click.png,418.2325581395349,139.90697674418604,120.55813953488376,35.720930232558146,shared,clean_fullscreen,raw,actionable,uncertain,uncertain,got,action_target,detector,positive,,2026-07-21T10:04:30.722416+00:00,2026-07-21T10:04:30.722416+00:00
625,file_a5869e9c099d0630,asset_c6ff9072fe60e7a8,D:\Projects\adb_vl\vision_platform\ads\runtime_collection\click_success\click_success_20260713_092841_138\pre_click.png,vision_platform\ads\runtime_collection\click_success\click_success_20260713_092841_138\pre_click.png,409.6,139.52,140.79999999999995,34.56,ads,clean_fullscreen,raw,actionable,uncertain,uncertain,,action_target,detector,positive,,2026-07-21T10:04:07.609891+00:00,2026-07-21T10:04:07.609891+00:00
510,file_a669b1e30509f098,asset_0da9172d7e75e61e,D:\Projects\adb_vl\vision_platform\ads\runtime_collection\click_success\click_success_20260718_085017_085\pre_click.png,vision_platform\ads\runtime_collection\click_success\click_success_20260718_085017_085\pre_click.png,413.7674418604651,351.25581395348837,86.32558139534882,29.767441860465112,shared,clean_fullscreen,raw,actionable,uncertain,uncertain,play,action_target,detector,positive,,2026-07-18T08:41:59.310969+00:00,2026-07-18T08:41:59.310969+00:00
511,file_a669b1e30509f098,asset_0da9172d7e75e61e,D:\Projects\adb_vl\vision_platform\ads\runtime_collection\click_success\click_success_20260718_085017_085\pre_click.png,vision_platform\ads\runtime_collection\click_success\click_success_20260718_085017_085\pre_click.png,555.1627906976744,352.74418604651163,80.37209302325584,26.790697674418595,shared,clean_fullscreen,raw,actionable,uncertain,uncertain,play,action_target,detector,positive,,2026-07-18T08:41:59.324441+00:00,2026-07-18T08:41:59.324441+00:00
512,file_a669b1e30509f098,asset_0da9172d7e75e61e,D:\Projects\adb_vl\vision_platform\ads\runtime_collection\click_success\click_success_20260718_085017_085\pre_click.png,vision_platform\ads\runtime_collection\click_success\click_success_20260718_085017_085\pre_click.png,693.5813953488372,349.7674418604651,83.34883720930236,31.25581395348837,shared,clean_fullscreen,raw,actionable,uncertain,uncertain,play,action_target,detector,positive,,2026-07-18T08:41:59.343355+00:00,2026-07-18T08:41:59.343355+00:00
513,file_a669b1e30509f098,asset_0da9172d7e75e61e,D:\Projects\adb_vl\vision_platform\ads\runtime_collection\click_success\click_success_20260718_085017_085\pre_click.png,vision_platform\ads\runtime_collection\click_success\click_success_20260718_085017_085\pre_click.png,832.0,351.25581395348837,89.30232558139528,29.767441860465112,shared,clean_fullscreen,raw,actionable,uncertain,uncertain,play,action_target,detector,positive,,2026-07-18T08:41:59.358078+00:00,2026-07-18T08:41:59.358078+00:00
751,file_a7238cac90477245,asset_c914a713b30a441f,D:\Projects\adb_vl\vision_platform\ads\runtime_collection\click_success\click_success_20260720_110020_511\pre_click.png,vision_platform\ads\runtime_collection\click_success\click_success_20260720_110020_511\pre_click.png,903.7549933422104,17.896138482023968,40.90545938748335,37.07057256990679,ads,clean_fullscreen,raw,actionable,uncertain,uncertain,got,action_target,detector,positive,,2026-07-21T10:15:47.521768+00:00,2026-07-21T10:15:47.541596+00:00
407,file_a7b328df0a36c449,asset_0169178cafbbd91c,D:\Projects\adb_vl\vision_platform\ads\runtime_collection\click_success\click_success_20260718_093244_687\pre_click.png,vision_platform\ads\runtime_collection\click_success\click_success_20260718_093244_687\pre_click.png,907.9069767441861,16.372093023255815,38.697674418604606,37.20930232558139,ads,clean_fullscreen,raw,actionable,uncertain,uncertain,,action_target,detector,positive,,2026-07-18T08:33:26.874193+00:00,2026-07-18T08:33:26.874193+00:00
361,file_a8cfb17cb53c698c,asset_b68a2e3cb320d985,D:\Projects\adb_vl\vision_platform\ads\runtime_collection\click_success\click_success_20260718_100453_870\pre_click.png,vision_platform\ads\runtime_collection\click_success\click_success_20260718_100453_870\pre_click.png,418.2325581395349,139.90697674418604,120.55813953488376,35.720930232558146,shared,clean_fullscreen,raw,actionable,uncertain,uncertain,got,action_target,detector,positive,,2026-07-18T08:31:41.256217+00:00,2026-07-18T08:31:41.256217+00:00
127,file_a9031c67e781d454,asset_874adabac201e985,D:\Projects\adb_vl\ads2\assets\2_communication\manual_rescue_20260615_092805_edit.png,ads2\assets\2_communication\manual_rescue_20260615_092805_edit.png,25.93447236180904,27.786934673366826,32.72683417085426,29.639396984924613,ads,clean_fullscreen,raw,actionable,uncertain,uncertain,,action_target,detector,positive,,2026-07-12T08:51:45.044762+00:00,2026-07-12T08:51:45.044762+00:00
623,file_aa063dd8cb383e01,asset_8b7e11f5abd6c77c,D:\Projects\adb_vl\vision_platform\ads\runtime_collection\click_success\click_success_20260713_090213_965\pre_click.png,vision_platform\ads\runtime_collection\click_success\click_success_20260713_090213_965\pre_click.png,409.6,139.52,140.79999999999995,34.56,ads,clean_fullscreen,raw,actionable,uncertain,uncertain,,action_target,detector,positive,,2026-07-21T10:04:07.044620+00:00,2026-07-21T10:04:07.044620+00:00
464,file_aa7cd9606ae8f5d7,asset_136f52c915f46d70,D:\Projects\adb_vl\vision_platform\ads\runtime_collection\click_success\click_success_20260718_110416_718\pre_click.png,vision_platform\ads\runtime_collection\click_success\click_success_20260718_110416_718\pre_click.png,278.3255813953488,336.3720930232558,96.74418604651163,26.790697674418652,shared,clean_fullscreen,raw,actionable,uncertain,uncertain,play,action_target,detector,positive,,2026-07-18T08:36:52.608274+00:00,2026-07-18T08:36:52.608274+00:00
758,file_ab068f89884b7fd7,asset_759a3d4ddb6e702c,D:\Projects\adb_vl\vision_platform\ads\runtime_collection\click_success\click_success_20260713_080135_133\pre_click.png,vision_platform\ads\runtime_collection\click_success\click_success_20260713_080135_133\pre_click.png,903.7549933422104,19.174434087882823,46.01864181091878,29.40079893475366,ads,clean_fullscreen,raw,actionable,uncertain,uncertain,got,action_target,detector,positive,,2026-07-21T10:17:12.537957+00:00,2026-07-21T10:17:12.644280+00:00
718,file_ab1cdcba2ea4e144,asset_5e48594dac416cfc,D:\Projects\adb_vl\vision_platform\ads\runtime_collection\click_success\click_success_20260713_080823_970\pre_click.png,vision_platform\ads\runtime_collection\click_success\click_success_20260713_080823_970\pre_click.png,418.2325581395349,139.90697674418604,120.55813953488376,35.720930232558146,shared,clean_fullscreen,raw,actionable,uncertain,uncertain,got,action_target,detector,positive,,2026-07-21T10:04:51.594568+00:00,2026-07-21T10:04:51.594568+00:00
112,file_abeea71426d40417,asset_d62f49a9b89208ee,D:\Projects\adb_vl\ads2\assets\2_communication\manual_rescue_20260613_154118_edit.png,ads2\assets\2_communication\manual_rescue_20260613_154118_edit.png,32.562814070351756,30.15075376884422,72.36180904522612,21.708542713567837,ads,clean_fullscreen,raw,actionable,uncertain,uncertain,,action_target,detector,positive,,2026-07-12T07:42:55.812455+00:00,2026-07-12T07:42:55.812455+00:00
487,file_ac4db561d708b23f,asset_097638c34948d535,D:\Projects\adb_vl\vision_platform\ads\runtime_collection\click_success\click_success_20260718_093030_932\pre_click.png,vision_platform\ads\runtime_collection\click_success\click_success_20260718_093030_932\pre_click.png,413.7674418604651,351.25581395348837,86.32558139534882,29.767441860465112,ads,clean_fullscreen,raw,actionable,uncertain,uncertain,play,action_target,detector,positive,,2026-07-18T08:40:54.908306+00:00,2026-07-18T08:40:55.017344+00:00
488,file_ac4db561d708b23f,asset_097638c34948d535,D:\Projects\adb_vl\vision_platform\ads\runtime_collection\click_success\click_success_20260718_093030_932\pre_click.png,vision_platform\ads\runtime_collection\click_success\click_success_20260718_093030_932\pre_click.png,555.1627906976744,352.74418604651163,80.37209302325584,26.790697674418595,ads,clean_fullscreen,raw,actionable,uncertain,uncertain,play,action_target,detector,positive,,2026-07-18T08:41:03.117341+00:00,2026-07-18T08:41:03.161803+00:00
489,file_ac4db561d708b23f,asset_097638c34948d535,D:\Projects\adb_vl\vision_platform\ads\runtime_collection\click_success\click_success_20260718_093030_932\pre_click.png,vision_platform\ads\runtime_collection\click_success\click_success_20260718_093030_932\pre_click.png,693.5813953488372,349.7674418604651,83.34883720930236,31.25581395348837,ads,clean_fullscreen,raw,actionable,uncertain,uncertain,play,action_target,detector,positive,,2026-07-18T08:41:09.820439+00:00,2026-07-18T08:41:09.842607+00:00
490,file_ac4db561d708b23f,asset_097638c34948d535,D:\Projects\adb_vl\vision_platform\ads\runtime_collection\click_success\click_success_20260718_093030_932\pre_click.png,vision_platform\ads\runtime_collection\click_success\click_success_20260718_093030_932\pre_click.png,832.0,351.25581395348837,86.32558139534888,29.767441860465112,ads,clean_fullscreen,raw,actionable,uncertain,uncertain,play,action_target,detector,positive,,2026-07-18T08:41:14.532682+00:00,2026-07-18T08:41:14.551615+00:00
401,file_ace991fd54c0b7a0,asset_a4f70e645255b736,D:\Projects\adb_vl\vision_platform\ads\runtime_collection\click_success\click_success_20260718_094405_851\pre_click.png,vision_platform\ads\runtime_collection\click_success\click_success_20260718_094405_851\pre_click.png,903.4418604651163,17.86046511627907,41.67441860465112,32.74418604651163,ads,clean_fullscreen,raw,actionable,uncertain,uncertain,,action_target,detector,positive,,2026-07-18T08:32:48.611888+00:00,2026-07-18T08:32:48.611888+00:00
88,file_af69e9cd56b95901,asset_bec79d4dc79846ec,D:\Projects\adb_vl\ads2\assets\2_communication\manual_rescue_20260610_161942_edit.png,ads2\assets\2_communication\manual_rescue_20260610_161942_edit.png,441.40703517587934,475.1758793969849,78.39195979899495,19.2964824120603,ads,clean_fullscreen,raw,actionable,uncertain,uncertain,play,action_target,detector,positive,,2026-07-12T07:40:03.226475+00:00,2026-07-12T07:40:03.325177+00:00
155,file_af833fb7e45331af,asset_8bcaa30d76665775,D:\Projects\adb_vl\ads2\assets\2_communication\manual_rescue_20260629_105851_original.png,ads2\assets\2_communication\manual_rescue_20260629_105851_original.png,906.9346733668341,24.120603015075375,39.798994974874404,22.914572864321606,ads,clean_fullscreen,raw,actionable,uncertain,uncertain,,action_target,detector,positive,,2026-07-12T09:01:27.618394+00:00,2026-07-12T09:01:27.618394+00:00
435,file_afea09ba9f9e5bb2,asset_753f965a3797b8da,D:\Projects\adb_vl\vision_platform\ads\runtime_collection\click_success\click_success_20260718_100205_161\pre_click.png,vision_platform\ads\runtime_collection\click_success\click_success_20260718_100205_161\pre_click.png,692.0930232558139,348.27906976744185,81.8604651162791,32.74418604651163,shared,clean_fullscreen,raw,actionable,uncertain,uncertain,play,action_target,detector,positive,,2026-07-18T08:35:53.915877+00:00,2026-07-18T08:35:53.915877+00:00
436,file_afea09ba9f9e5bb2,asset_753f965a3797b8da,D:\Projects\adb_vl\vision_platform\ads\runtime_collection\click_success\click_success_20260718_100205_161\pre_click.png,vision_platform\ads\runtime_collection\click_success\click_success_20260718_100205_161\pre_click.png,558.1395348837209,349.7674418604651,74.41860465116281,29.767441860465112,shared,clean_fullscreen,raw,actionable,uncertain,uncertain,play,action_target,detector,positive,,2026-07-18T08:35:53.931198+00:00,2026-07-18T08:35:53.931198+00:00
437,file_afea09ba9f9e5bb2,asset_753f965a3797b8da,D:\Projects\adb_vl\vision_platform\ads\runtime_collection\click_success\click_success_20260718_100205_161\pre_click.png,vision_platform\ads\runtime_collection\click_success\click_success_20260718_100205_161\pre_click.png,416.74418604651163,351.25581395348837,78.88372093023253,29.767441860465112,ads,clean_fullscreen,raw,actionable,uncertain,uncertain,play,action_target,detector,positive,,2026-07-18T08:36:01.926029+00:00,2026-07-18T08:36:02.071455+00:00
726,file_b010acf0105eea0b,asset_0645c4d75c791dac,D:\Projects\adb_vl\vision_platform\ads\runtime_collection\click_success\click_success_20260718_164447_460\pre_click.png,vision_platform\ads\runtime_collection\click_success\click_success_20260718_164447_460\pre_click.png,418.2325581395349,139.90697674418604,120.55813953488376,35.720930232558146,shared,clean_fullscreen,raw,actionable,uncertain,uncertain,got,action_target,detector,positive,,2026-07-21T10:04:56.781515+00:00,2026-07-21T10:04:56.781515+00:00
474,file_b0779ea5b2962054,asset_84829a188efd056a,D:\Projects\adb_vl\vision_platform\ads\runtime_collection\click_success\click_success_20260718_105826_469\pre_click.png,vision_platform\ads\runtime_collection\click_success\click_success_20260718_105826_469\pre_click.png,278.3255813953488,336.3720930232558,96.74418604651163,26.790697674418652,shared,clean_fullscreen,raw,actionable,uncertain,uncertain,play,action_target,detector,positive,,2026-07-18T08:36:56.600951+00:00,2026-07-18T08:36:56.600951+00:00
355,file_b105a6abcd9f2825,asset_466fab917a48add3,D:\Projects\adb_vl\vision_platform\ads\runtime_collection\click_success\click_success_20260718_104634_279\pre_click.png,vision_platform\ads\runtime_collection\click_success\click_success_20260718_104634_279\pre_click.png,418.2325581395349,139.90697674418604,120.55813953488376,35.720930232558146,ads,clean_fullscreen,raw,actionable,uncertain,uncertain,got,action_target,detector,positive,,2026-07-18T08:29:14.862420+00:00,2026-07-18T08:29:14.862420+00:00
712,file_b1123e30d35f6283,asset_e672f5f667f04327,D:\Projects\adb_vl\vision_platform\ads\runtime_collection\click_success\click_success_20260713_082100_584\pre_click.png,vision_platform\ads\runtime_collection\click_success\click_success_20260713_082100_584\pre_click.png,418.2325581395349,139.90697674418604,120.55813953488376,35.720930232558146,shared,clean_fullscreen,raw,actionable,uncertain,uncertain,got,action_target,detector,positive,,2026-07-21T10:04:50.036691+00:00,2026-07-21T10:04:50.036691+00:00
136,file_b1346d2ef973ee63,asset_7f562fa0234169c2,D:\Projects\adb_vl\ads2\assets\2_communication\manual_rescue_20260624_122449_original.png,ads2\assets\2_communication\manual_rescue_20260624_122449_original.png,910.4234773869346,24.20550753768844,31.61535678391965,19.265608040201002,ads,clean_fullscreen,raw,actionable,uncertain,uncertain,,action_target,detector,positive,,2026-07-12T08:55:14.633984+00:00,2026-07-12T08:55:14.633984+00:00
190,file_b13dca0c57485599,asset_85c958d4396513c0,D:\Projects\adb_vl\ads2\assets\3_reference_screens\ad_issue_20260606_043419.png,ads2\assets\3_reference_screens\ad_issue_20260606_043419.png,908.1407035175879,24.120603015075375,31.356783919598,24.120603015075375,ads,clean_fullscreen,raw,actionable,uncertain,uncertain,,action_target,detector,positive,,2026-07-12T09:06:03.951960+00:00,2026-07-12T09:06:03.951960+00:00
195,file_b1a6c217ed1812c5,asset_e9e00b6b1331c151,D:\Projects\adb_vl\ads2\assets\3_reference_screens\ad_issue_20260606_044717.png,ads2\assets\3_reference_screens\ad_issue_20260606_044717.png,480.6307490144547,27.75295663600528,26.49145860709592,25.229960578186592,ads,uncertain,raw,actionable,uncertain,uncertain,,action_target,detector,positive,,2026-07-12T09:06:48.562977+00:00,2026-07-12T09:06:51.711321+00:00
739,file_b209bbf8c1dce5a7,asset_482a2402357bb123,D:\Projects\adb_vl\vision_platform\ads\runtime_collection\click_success\click_success_20260720_110729_099\pre_click.png,vision_platform\ads\runtime_collection\click_success\click_success_20260720_110729_099\pre_click.png,418.2325581395349,139.90697674418604,120.55813953488376,35.720930232558146,shared,clean_fullscreen,raw,actionable,uncertain,uncertain,got,action_target,detector,positive,,2026-07-21T10:05:00.620585+00:00,2026-07-21T10:05:00.620585+00:00
400,file_b2dd403da41cbff9,asset_a4f70e645255b736,D:\Projects\adb_vl\vision_platform\ads\runtime_collection\click_success\click_success_20260718_093146_786\pre_click.png,vision_platform\ads\runtime_collection\click_success\click_success_20260718_093146_786\pre_click.png,903.4418604651163,17.86046511627907,41.67441860465112,32.74418604651163,ads,clean_fullscreen,raw,actionable,uncertain,uncertain,,action_target,detector,positive,,2026-07-18T08:32:47.630163+00:00,2026-07-18T08:32:47.630163+00:00
581,file_b31abbba4adde4f4,asset_ed03a706db99167f,D:\Projects\adb_vl\vision_platform\ads\runtime_collection\click_success\click_success_20260718_104002_411\pre_click.png,vision_platform\ads\runtime_collection\click_success\click_success_20260718_104002_411\pre_click.png,17.86046511627907,17.86046511627907,92.27906976744185,50.60465116279069,ads,clean_fullscreen,raw,actionable,uncertain,uncertain,,action_target,detector,positive,,2026-07-18T08:47:55.882807+00:00,2026-07-18T08:47:55.882807+00:00
463,file_b31adb46af07f477,asset_7217adfd3f655754,D:\Projects\adb_vl\vision_platform\ads\runtime_collection\click_success\click_success_20260718_105945_054\pre_click.png,vision_platform\ads\runtime_collection\click_success\click_success_20260718_105945_054\pre_click.png,278.3255813953488,336.3720930232558,96.74418604651163,26.790697674418652,shared,clean_fullscreen,raw,actionable,uncertain,uncertain,play,action_target,detector,positive,,2026-07-18T08:36:52.198407+00:00,2026-07-18T08:36:52.198407+00:00
386,file_b4abfdbfbd364e4e,asset_38e536c33ef8c958,D:\Projects\adb_vl\vision_platform\ads\runtime_collection\click_success\click_success_20260718_105400_555\pre_click.png,vision_platform\ads\runtime_collection\click_success\click_success_20260718_105400_555\pre_click.png,418.2325581395349,139.90697674418604,120.55813953488376,35.720930232558146,shared,clean_fullscreen,raw,actionable,uncertain,uncertain,got,action_target,detector,positive,,2026-07-18T08:32:01.425875+00:00,2026-07-18T08:32:01.425875+00:00
580,file_b623b70c7593f5b5,asset_731332d71f455c01,D:\Projects\adb_vl\vision_platform\ads\runtime_collection\click_success\click_success_20260718_100337_411\pre_click.png,vision_platform\ads\runtime_collection\click_success\click_success_20260718_100337_411\pre_click.png,17.86046511627907,17.86046511627907,92.27906976744185,50.60465116279069,ads,clean_fullscreen,raw,actionable,uncertain,uncertain,,action_target,detector,positive,,2026-07-18T08:47:54.908555+00:00,2026-07-18T08:47:54.908555+00:00
107,file_b650e197c95d1bd6,asset_8281ebec570c03d6,D:\Projects\adb_vl\ads2\assets\2_communication\manual_rescue_20260613_152827_edit.png,ads2\assets\2_communication\manual_rescue_20260613_152827_edit.png,906.9346733668341,21.708542713567837,39.798994974874404,21.708542713567837,ads,clean_fullscreen,raw,actionable,uncertain,uncertain,,action_target,detector,positive,,2026-07-12T07:42:26.270242+00:00,2026-07-12T07:42:26.270242+00:00
313,file_b70a9e54f00bdf67,asset_406af9224e28ab7c,D:\Projects\adb_vl\ads2\assets\3_reference_screens\nav_menu_2_20260605_101405.png,ads2\assets\3_reference_screens\nav_menu_2_20260605_101405.png,902.110552763819,31.356783919597987,37.38693467336691,37.38693467336684,game,clean_fullscreen,raw,actionable,uncertain,uncertain,主城,action_target,detector,positive,,2026-07-12T09:29:36.413256+00:00,2026-07-12T09:29:36.413256+00:00
314,file_b70a9e54f00bdf67,asset_406af9224e28ab7c,D:\Projects\adb_vl\ads2\assets\3_reference_screens\nav_menu_2_20260605_101405.png,ads2\assets\3_reference_screens\nav_menu_2_20260605_101405.png,85.62814070351757,108.54271356783919,48.24120603015075,38.592964824120614,game,clean_fullscreen,raw,actionable,uncertain,uncertain,主城,action_target,detector,positive,,2026-07-12T09:29:36.428397+00:00,2026-07-12T09:29:36.428397+00:00
315,file_b70a9e54f00bdf67,asset_406af9224e28ab7c,D:\Projects\adb_vl\ads2\assets\3_reference_screens\nav_menu_2_20260605_101405.png,ads2\assets\3_reference_screens\nav_menu_2_20260605_101405.png,21.708542713567837,174.87437185929647,44.623115577889436,36.18090452261305,game,clean_fullscreen,raw,actionable,uncertain,uncertain,主城,action_target,detector,positive,,2026-07-12T09:29:36.446026+00:00,2026-07-12T09:29:36.446026+00:00
316,file_b70a9e54f00bdf67,asset_406af9224e28ab7c,D:\Projects\adb_vl\ads2\assets\3_reference_screens\nav_menu_2_20260605_101405.png,ads2\assets\3_reference_screens\nav_menu_2_20260605_101405.png,417.286432160804,499.29648241206024,107.3366834170854,25.32663316582915,game,clean_fullscreen,raw,actionable,uncertain,uncertain,主城,action_target,detector,positive,,2026-07-12T09:29:36.465238+00:00,2026-07-12T09:29:36.465238+00:00
317,file_b70a9e54f00bdf67,asset_406af9224e28ab7c,D:\Projects\adb_vl\ads2\assets\3_reference_screens\nav_menu_2_20260605_101405.png,ads2\assets\3_reference_screens\nav_menu_2_20260605_101405.png,669.3467336683417,494.4723618090452,72.3618090452261,31.356783919598,game,clean_fullscreen,raw,actionable,uncertain,uncertain,主城,action_target,detector,positive,,2026-07-12T09:29:36.479023+00:00,2026-07-12T09:29:36.479023+00:00
318,file_b70a9e54f00bdf67,asset_406af9224e28ab7c,D:\Projects\adb_vl\ads2\assets\3_reference_screens\nav_menu_2_20260605_101405.png,ads2\assets\3_reference_screens\nav_menu_2_20260605_101405.png,212.2613065326633,500.50251256281405,73.5678391959799,26.53266331658284,game,clean_fullscreen,raw,actionable,uncertain,uncertain,主城,action_target,detector,positive,,2026-07-12T09:29:36.497589+00:00,2026-07-12T09:29:36.497589+00:00
319,file_b70a9e54f00bdf67,asset_406af9224e28ab7c,D:\Projects\adb_vl\ads2\assets\3_reference_screens\nav_menu_2_20260605_101405.png,ads2\assets\3_reference_screens\nav_menu_2_20260605_101405.png,44.62311557788944,504.12060301507535,79.59798994974872,25.32663316582915,game,clean_fullscreen,raw,actionable,uncertain,uncertain,主城,action_target,detector,positive,,2026-07-12T09:29:36.512101+00:00,2026-07-12T09:29:36.512101+00:00
320,file_b70a9e54f00bdf67,asset_406af9224e28ab7c,D:\Projects\adb_vl\ads2\assets\3_reference_screens\nav_menu_2_20260605_101405.png,ads2\assets\3_reference_screens\nav_menu_2_20260605_101405.png,828.5427135678391,161.608040201005,47.035175879397,48.24120603015075,game,clean_fullscreen,raw,actionable,uncertain,uncertain,主城,action_target,detector,positive,,2026-07-12T09:29:36.530523+00:00,2026-07-12T09:29:36.530523+00:00
321,file_b70a9e54f00bdf67,asset_406af9224e28ab7c,D:\Projects\adb_vl\ads2\assets\3_reference_screens\nav_menu_2_20260605_101405.png,ads2\assets\3_reference_screens\nav_menu_2_20260605_101405.png,21.708542713567837,103.71859296482411,42.211055276381906,45.82914572864321,game,clean_fullscreen,raw,actionable,uncertain,uncertain,主城,action_target,detector,positive,,2026-07-12T09:29:36.544340+00:00,2026-07-12T09:29:36.544340+00:00
438,file_b7167ca81f67ded8,asset_3ec4003efc44a2e5,D:\Projects\adb_vl\vision_platform\ads\runtime_collection\click_success\click_success_20260718_093128_588\pre_click.png,vision_platform\ads\runtime_collection\click_success\click_success_20260718_093128_588\pre_click.png,692.0930232558139,348.27906976744185,81.8604651162791,32.74418604651163,shared,clean_fullscreen,raw,actionable,uncertain,uncertain,play,action_target,detector,positive,,2026-07-18T08:36:05.317567+00:00,2026-07-18T08:36:05.317567+00:00
439,file_b7167ca81f67ded8,asset_3ec4003efc44a2e5,D:\Projects\adb_vl\vision_platform\ads\runtime_collection\click_success\click_success_20260718_093128_588\pre_click.png,vision_platform\ads\runtime_collection\click_success\click_success_20260718_093128_588\pre_click.png,558.1395348837209,349.7674418604651,74.41860465116281,29.767441860465112,shared,clean_fullscreen,raw,actionable,uncertain,uncertain,play,action_target,detector,positive,,2026-07-18T08:36:05.329498+00:00,2026-07-18T08:36:05.329498+00:00
440,file_b7167ca81f67ded8,asset_3ec4003efc44a2e5,D:\Projects\adb_vl\vision_platform\ads\runtime_collection\click_success\click_success_20260718_093128_588\pre_click.png,vision_platform\ads\runtime_collection\click_success\click_success_20260718_093128_588\pre_click.png,416.74418604651163,351.25581395348837,78.88372093023253,29.767441860465112,shared,clean_fullscreen,raw,actionable,uncertain,uncertain,play,action_target,detector,positive,,2026-07-18T08:36:05.342150+00:00,2026-07-18T08:36:05.342150+00:00
558,file_b720896dda0cc515,asset_29f109f1f74e4650,D:\Projects\adb_vl\vision_platform\ads\runtime_collection\click_success\click_success_20260718_100418_808\pre_click.png,vision_platform\ads\runtime_collection\click_success\click_success_20260718_100418_808\pre_click.png,16.372093023255815,23.813953488372093,47.627906976744185,41.674418604651166,ads,clean_fullscreen,raw,actionable,uncertain,uncertain,,action_target,detector,positive,,2026-07-18T08:46:03.667824+00:00,2026-07-18T08:46:03.667824+00:00
466,file_b75fd60209dcab2f,asset_3689572352d168b4,D:\Projects\adb_vl\vision_platform\ads\runtime_collection\click_success\click_success_20260718_110044_256\pre_click.png,vision_platform\ads\runtime_collection\click_success\click_success_20260718_110044_256\pre_click.png,278.3255813953488,336.3720930232558,96.74418604651163,26.790697674418652,shared,clean_fullscreen,raw,actionable,uncertain,uncertain,play,action_target,detector,positive,,2026-07-18T08:36:53.067775+00:00,2026-07-18T08:36:53.067775+00:00
7,file_b7ee94d02191862f,asset_636cdeb26ca95f12,D:\Projects\adb_vl\ads2\assets\2_communication\manual_rescue_20260606_232156_edit.png,ads2\assets\2_communication\manual_rescue_20260606_232156_edit.png,434.0080971659919,145.1012145748988,103.64372469635623,29.79757085020242,ads,clean_fullscreen,raw,actionable,uncertain,uncertain,got,action_target,detector,positive,,2026-07-12T07:13:45.795598+00:00,2026-07-12T07:13:45.817657+00:00
12,file_b83f222024e4dce3,asset_aa6d0cc26c800a10,D:\Projects\adb_vl\ads2\assets\2_communication\manual_rescue_20260607_082726_edit.png,ads2\assets\2_communication\manual_rescue_20260607_082726_edit.png,420.56074766355135,131.21495327102804,122.24299065420558,39.25233644859813,ads,clean_fullscreen,raw,actionable,uncertain,uncertain,,action_target,detector,positive,,2026-07-12T07:22:26.254484+00:00,2026-07-12T07:22:26.357203+00:00
164,file_b8ca494b1f3a2178,asset_0604819d8686c298,D:\Projects\adb_vl\ads2\assets\2_communication\manual_rescue_20260703_095054_original.png,ads2\assets\2_communication\manual_rescue_20260703_095054_original.png,94.61235216819973,18.922470433639948,36.58344283837057,30.275952693823914,ads,uncertain,raw,actionable,uncertain,uncertain,,action_target,detector,positive,,2026-07-12T09:02:03.564107+00:00,2026-07-12T09:02:03.564107+00:00
342,file_ba33a39f3a4df742,asset_54de5b34a3e4f909,D:\Projects\adb_vl\vision_platform\ads\runtime_collection\click_success\click_success_20260718_094245_305\pre_click.png,vision_platform\ads\runtime_collection\click_success\click_success_20260718_094245_305\pre_click.png,418.2325581395349,139.90697674418604,120.55813953488376,35.720930232558146,ads,clean_fullscreen,raw,actionable,uncertain,uncertain,got,action_target,detector,positive,,2026-07-18T08:29:05.911364+00:00,2026-07-18T08:29:05.911364+00:00
234,file_ba764025c2b5abbf,asset_9d7bae47fd97200a,D:\Projects\adb_vl\ads2\assets\3_reference_screens\IMG_1805.PNG,ads2\assets\3_reference_screens\IMG_1805.PNG,22.77386934673359,8.540201005025132,85.4020100502513,68.321608040201,ads,clean_fullscreen,raw,actionable,uncertain,uncertain,,action_target,detector,positive,,2026-07-12T09:24:29.519197+00:00,2026-07-12T09:24:29.519197+00:00
171,file_bcec00f9c51b465c,asset_fe96e218d8ab27e9,D:\Projects\adb_vl\ads2\assets\2_communication\manual_rescue_20260708_161712_edit.png,ads2\assets\2_communication\manual_rescue_20260708_161712_edit.png,912.9648241206029,24.120603015075375,24.120603015075403,22.914572864321606,ads,clean_fullscreen,raw,actionable,uncertain,uncertain,,action_target,detector,positive,,2026-07-12T09:03:38.015752+00:00,2026-07-12T09:03:38.015752+00:00
545,file_bd5d7442e6ac5817,asset_259be3afda4887e3,D:\Projects\adb_vl\vision_platform\ads\runtime_collection\click_success\click_success_20260718_105355_433\pre_click.png,vision_platform\ads\runtime_collection\click_success\click_success_20260718_105355_433\pre_click.png,22.325581395348838,19.348837209302324,87.81395348837209,43.16279069767442,ads,clean_fullscreen,raw,actionable,uncertain,uncertain,,action_target,detector,positive,,2026-07-18T08:44:52.444762+00:00,2026-07-18T08:44:52.444762+00:00
94,file_bd70b239a5fbea1e,asset_74d5a532c042508d,D:\Projects\adb_vl\ads2\assets\2_communication\manual_rescue_20260611_111745_edit.png,ads2\assets\2_communication\manual_rescue_20260611_111745_edit.png,557.1859296482412,354.572864321608,33.768844221105496,22.9145728643216,shared,clean_fullscreen,raw,actionable,uncertain,uncertain,play,action_target,detector,positive,,2026-07-12T07:40:38.442402+00:00,2026-07-12T07:40:38.442402+00:00
470,file_beb2aab2858ef578,asset_dfeb5891e30fb61a,D:\Projects\adb_vl\vision_platform\ads\runtime_collection\click_success\click_success_20260718_110513_718\pre_click.png,vision_platform\ads\runtime_collection\click_success\click_success_20260718_110513_718\pre_click.png,278.3255813953488,336.3720930232558,96.74418604651163,26.790697674418652,shared,clean_fullscreen,raw,actionable,uncertain,uncertain,play,action_target,detector,positive,,2026-07-18T08:36:55.554180+00:00,2026-07-18T08:36:55.554180+00:00
65,file_bed48f9ad2be2f33,asset_8ba1bdf15ecbae79,D:\Projects\adb_vl\ads2\assets\2_communication\manual_rescue_20260607_165932_original.png,ads2\assets\2_communication\manual_rescue_20260607_165932_original.png,911.4114572864319,25.93447236180904,29.639396984924588,18.524623115577885,ads,clean_fullscreen,raw,actionable,uncertain,uncertain,,action_target,detector,positive,,2026-07-12T07:36:13.013344+00:00,2026-07-12T07:36:13.013344+00:00
725,file_bf5c986d7e6feebc,asset_b84baaf6ad09373d,D:\Projects\adb_vl\vision_platform\ads\runtime_collection\click_success\click_success_20260718_164410_480\pre_click.png,vision_platform\ads\runtime_collection\click_success\click_success_20260718_164410_480\pre_click.png,418.2325581395349,139.90697674418604,120.55813953488376,35.720930232558146,shared,clean_fullscreen,raw,actionable,uncertain,uncertain,got,action_target,detector,positive,,2026-07-21T10:04:56.504435+00:00,2026-07-21T10:04:56.504435+00:00
542,file_c1740867a943f5e3,asset_769e356f9c6eb2fe,D:\Projects\adb_vl\vision_platform\ads\runtime_collection\click_success\click_success_20260718_105240_391\pre_click.png,vision_platform\ads\runtime_collection\click_success\click_success_20260718_105240_391\pre_click.png,22.325581395348838,19.348837209302324,87.81395348837209,43.16279069767442,ads,clean_fullscreen,raw,actionable,uncertain,uncertain,,action_target,detector,positive,,2026-07-18T08:44:21.140807+00:00,2026-07-18T08:44:21.140807+00:00
717,file_c1c256cffcef7289,asset_ec13a99f64ee9874,D:\Projects\adb_vl\vision_platform\ads\runtime_collection\click_success\click_success_20260713_080500_682\pre_click.png,vision_platform\ads\runtime_collection\click_success\click_success_20260713_080500_682\pre_click.png,418.2325581395349,139.90697674418604,120.55813953488376,35.720930232558146,shared,clean_fullscreen,raw,actionable,uncertain,uncertain,got,action_target,detector,positive,,2026-07-21T10:04:51.332502+00:00,2026-07-21T10:04:51.332502+00:00
709,file_c1cb2efecbd72661,asset_ab2a3411aaf41244,D:\Projects\adb_vl\vision_platform\ads\runtime_collection\click_success\click_success_20260713_082003_150\pre_click.png,vision_platform\ads\runtime_collection\click_success\click_success_20260713_082003_150\pre_click.png,418.2325581395349,139.90697674418604,120.55813953488376,35.720930232558146,shared,clean_fullscreen,raw,actionable,uncertain,uncertain,got,action_target,detector,positive,,2026-07-21T10:04:49.415263+00:00,2026-07-21T10:04:49.415263+00:00
95,file_c1fdec59744aed96,asset_d38989a326a68217,D:\Projects\adb_vl\ads2\assets\2_communication\manual_rescue_20260611_111745_original.png,ads2\assets\2_communication\manual_rescue_20260611_111745_original.png,557.1859296482412,354.572864321608,33.768844221105496,22.9145728643216,shared,clean_fullscreen,raw,actionable,uncertain,uncertain,play,action_target,detector,positive,,2026-07-12T07:40:39.399362+00:00,2026-07-12T07:40:39.399362+00:00
660,file_c23b4c0661f8633b,asset_d4ab88c2cefea08a,D:\Projects\adb_vl\vision_platform\ads\runtime_collection\click_success\click_success_20260720_131006_464\pre_click.png,vision_platform\ads\runtime_collection\click_success\click_success_20260720_131006_464\pre_click.png,418.2325581395349,139.90697674418604,120.55813953488376,35.720930232558146,shared,clean_fullscreen,raw,actionable,uncertain,uncertain,got,action_target,detector,positive,,2026-07-21T10:04:32.277748+00:00,2026-07-21T10:04:32.277748+00:00
423,file_c3f867aec741da1f,asset_9eb840bb4a6e9aa3,D:\Projects\adb_vl\vision_platform\ads\runtime_collection\click_success\click_success_20260718_100348_829\pre_click.png,vision_platform\ads\runtime_collection\click_success\click_success_20260718_100348_829\pre_click.png,692.0930232558139,348.27906976744185,81.8604651162791,32.74418604651163,ads,clean_fullscreen,raw,actionable,uncertain,uncertain,play,action_target,detector,positive,,2026-07-18T08:34:58.717758+00:00,2026-07-18T08:34:58.821637+00:00
381,file_c42db945d1111021,asset_3b7265a5d524f911,D:\Projects\adb_vl\vision_platform\ads\runtime_collection\click_success\click_success_20260718_100113_420\pre_click.png,vision_platform\ads\runtime_collection\click_success\click_success_20260718_100113_420\pre_click.png,418.2325581395349,139.90697674418604,120.55813953488376,35.720930232558146,shared,clean_fullscreen,raw,actionable,uncertain,uncertain,got,action_target,detector,positive,,2026-07-18T08:31:58.850166+00:00,2026-07-18T08:31:58.850166+00:00
93,file_c4ec37986cd6235f,asset_297f7e488e946558,D:\Projects\adb_vl\ads2\assets\2_communication\manual_rescue_20260611_111718_original.png,ads2\assets\2_communication\manual_rescue_20260611_111718_original.png,557.1859296482412,354.572864321608,33.768844221105496,22.9145728643216,shared,clean_fullscreen,raw,actionable,uncertain,uncertain,play,action_target,detector,positive,,2026-07-12T07:40:37.297231+00:00,2026-07-12T07:40:37.297231+00:00
564,file_c5cc00eb3b91ce65,asset_d17ff2e53658bea2,D:\Projects\adb_vl\vision_platform\ads\runtime_collection\click_success\click_success_20260718_100239_197\pre_click.png,vision_platform\ads\runtime_collection\click_success\click_success_20260718_100239_197\pre_click.png,22.706964520367936,13.876478318002627,81.99737187910644,39.106438896189225,ads,clean_fullscreen,raw,actionable,uncertain,uncertain,,action_target,detector,positive,,2026-07-18T08:46:31.556374+00:00,2026-07-18T08:46:31.556374+00:00
396,file_c697918680fd5079,asset_e8d240395ba90ae2,D:\Projects\adb_vl\vision_platform\ads\runtime_collection\click_success\click_success_20260718_093313_370\pre_click.png,vision_platform\ads\runtime_collection\click_success\click_success_20260718_093313_370\pre_click.png,903.4418604651163,17.86046511627907,41.67441860465112,32.74418604651163,ads,clean_fullscreen,raw,actionable,uncertain,uncertain,,action_target,detector,positive,,2026-07-18T08:32:35.773903+00:00,2026-07-18T08:32:35.874021+00:00
653,file_c810e7af00149498,asset_cfef6b1f1b2edb34,D:\Projects\adb_vl\vision_platform\ads\runtime_collection\click_success\click_success_20260713_092504_003\pre_click.png,vision_platform\ads\runtime_collection\click_success\click_success_20260713_092504_003\pre_click.png,418.2325581395349,139.90697674418604,120.55813953488376,35.720930232558146,shared,clean_fullscreen,raw,actionable,uncertain,uncertain,got,action_target,detector,positive,,2026-07-21T10:04:30.453273+00:00,2026-07-21T10:04:30.453273+00:00
33,file_c888bac3e43fdb07,asset_cdf3bcbb678fb092,D:\Projects\adb_vl\ads2\assets\2_communication\manual_rescue_20260607_145608_edit.png,ads2\assets\2_communication\manual_rescue_20260607_145608_edit.png,916.5829145728642,24.120603015075375,20.261306532663298,18.33165829145728,ads,clean_fullscreen,raw,actionable,uncertain,uncertain,,action_target,detector,positive,,2026-07-12T07:31:13.599767+00:00,2026-07-12T07:31:13.599767+00:00
207,file_c8a10fe285ed74e4,asset_3004dc57878821e1,D:\Projects\adb_vl\ads2\assets\3_reference_screens\ad_issue_20260606_081550.png,ads2\assets\3_reference_screens\ad_issue_20260606_081550.png,30.275952693823918,22.706964520367936,71.90538764783179,21.445466491458607,ads,uncertain,raw,actionable,uncertain,uncertain,,action_target,detector,positive,,2026-07-12T09:08:41.635838+00:00,2026-07-12T09:08:41.635838+00:00
655,file_c8fe8743953abb9e,asset_17c041ec4ddb0a57,D:\Projects\adb_vl\vision_platform\ads\runtime_collection\click_success\click_success_20260719_094035_435\pre_click.png,vision_platform\ads\runtime_collection\click_success\click_success_20260719_094035_435\pre_click.png,418.2325581395349,139.90697674418604,120.55813953488376,35.720930232558146,shared,clean_fullscreen,raw,actionable,uncertain,uncertain,got,action_target,detector,positive,,2026-07-21T10:04:31.000388+00:00,2026-07-21T10:04:31.000388+00:00
637,file_c93badaec6a95e16,asset_ce3d7f830de7f120,D:\Projects\adb_vl\vision_platform\ads\runtime_collection\click_success\click_success_20260720_131041_867\pre_click.png,vision_platform\ads\runtime_collection\click_success\click_success_20260720_131041_867\pre_click.png,418.2325581395349,139.90697674418604,120.55813953488376,35.720930232558146,shared,clean_fullscreen,raw,actionable,uncertain,uncertain,got,action_target,detector,positive,,2026-07-21T10:04:25.694258+00:00,2026-07-21T10:04:25.694258+00:00
604,file_c98c54dbe8db6a97,asset_06f5554f0c2c53ef,D:\Projects\adb_vl\vision_platform\ads\runtime_collection\click_success\click_success_20260718_105807_641\pre_click.png,vision_platform\ads\runtime_collection\click_success\click_success_20260718_105807_641\pre_click.png,890.046511627907,154.7906976744186,49.116279069767415,47.627906976744185,ads,clean_fullscreen,raw,actionable,uncertain,uncertain,,action_target,detector,positive,,2026-07-18T08:50:38.779486+00:00,2026-07-18T08:50:38.779486+00:00
681,file_c9e54bdc30ea89ea,asset_bf150f377d45ec29,D:\Projects\adb_vl\vision_platform\ads\runtime_collection\click_success\click_success_20260720_115749_527\pre_click.png,vision_platform\ads\runtime_collection\click_success\click_success_20260720_115749_527\pre_click.png,418.2325581395349,139.90697674418604,120.55813953488376,35.720930232558146,shared,clean_fullscreen,raw,actionable,uncertain,uncertain,got,action_target,detector,positive,,2026-07-21T10:04:40.405513+00:00,2026-07-21T10:04:40.405513+00:00
621,file_ca275edea4eee0ea,asset_dc4ef5e04f570f5d,D:\Projects\adb_vl\vision_platform\ads\runtime_collection\click_success\click_success_20260713_093038_210\pre_click.png,vision_platform\ads\runtime_collection\click_success\click_success_20260713_093038_210\pre_click.png,409.6,139.52,140.79999999999995,34.56,ads,clean_fullscreen,raw,actionable,uncertain,uncertain,,action_target,detector,positive,,2026-07-21T10:04:06.577847+00:00,2026-07-21T10:04:06.577847+00:00
347,file_cafad58633c716cd,asset_956196dfbce26c56,D:\Projects\adb_vl\vision_platform\ads\runtime_collection\click_success\click_success_20260718_101543_016\pre_click.png,vision_platform\ads\runtime_collection\click_success\click_success_20260718_101543_016\pre_click.png,418.2325581395349,139.90697674418604,120.55813953488376,35.720930232558146,ads,clean_fullscreen,raw,actionable,uncertain,uncertain,got,action_target,detector,positive,,2026-07-18T08:29:10.066589+00:00,2026-07-18T08:29:10.066589+00:00
684,file_cb362ea6d1079b3c,asset_3dad308928808801,D:\Projects\adb_vl\vision_platform\ads\runtime_collection\click_success\click_success_20260720_102319_344\pre_click.png,vision_platform\ads\runtime_collection\click_success\click_success_20260720_102319_344\pre_click.png,418.2325581395349,139.90697674418604,120.55813953488376,35.720930232558146,shared,clean_fullscreen,raw,actionable,uncertain,uncertain,got,action_target,detector,positive,,2026-07-21T10:04:41.469896+00:00,2026-07-21T10:04:41.469896+00:00
1,file_cb92658830fac8b5,asset_1cbbbee4c4d36bef,D:\Projects\adb_vl\ads2\assets\2_communication\manual_capture_20260606_203317.png,ads2\assets\2_communication\manual_capture_20260606_203317.png,908.7554452715744,17.76233802040254,36.923076923076906,31.384615384615383,ads,clean_fullscreen,raw,actionable,uncertain,uncertain,,action_target,detector,positive,,2026-07-12T07:04:16.738030+00:00,2026-07-12T13:43:35.150884+00:00
473,file_cbb027d36f2e614e,asset_f20bab74d4e23683,D:\Projects\adb_vl\vision_platform\ads\runtime_collection\click_success\click_success_20260718_110445_256\pre_click.png,vision_platform\ads\runtime_collection\click_success\click_success_20260718_110445_256\pre_click.png,278.3255813953488,336.3720930232558,96.74418604651163,26.790697674418652,shared,clean_fullscreen,raw,actionable,uncertain,uncertain,play,action_target,detector,positive,,2026-07-18T08:36:56.346949+00:00,2026-07-18T08:36:56.346949+00:00
99,file_cbc748e26d09fc65,asset_625cf2818929c1d0,D:\Projects\adb_vl\ads2\assets\2_communication\manual_rescue_20260613_083556_edit.png,ads2\assets\2_communication\manual_rescue_20260613_083556_edit.png,420.9045226130653,139.89949748743717,118.1909547738693,32.56281407035175,ads,clean_fullscreen,raw,actionable,uncertain,uncertain,got,action_target,detector,positive,,2026-07-12T07:41:17.618444+00:00,2026-07-12T07:41:17.618444+00:00
232,file_cc3184659bcf4150,asset_1eca1c1dfbe494c1,D:\Projects\adb_vl\ads2\assets\3_reference_screens\IMG_1803.PNG,ads2\assets\3_reference_screens\IMG_1803.PNG,2149.2839195979896,39.85427135678392,85.4020100502513,68.321608040201,ads,clean_fullscreen,raw,actionable,uncertain,uncertain,,action_target,detector,positive,,2026-07-12T09:24:11.702669+00:00,2026-07-12T09:24:19.971701+00:00
416,file_ccd7c4d5f49243cc,asset_4ee16d56c58dd272,D:\Projects\adb_vl\vision_platform\ads\runtime_collection\click_success\click_success_20260718_104007_369\pre_click.png,vision_platform\ads\runtime_collection\click_success\click_success_20260718_104007_369\pre_click.png,415.25581395348837,136.93023255813952,130.97674418604646,41.67441860465118,ads,clean_fullscreen,raw,actionable,uncertain,uncertain,got,action_target,detector,positive,,2026-07-18T08:34:09.494302+00:00,2026-07-18T08:34:09.494302+00:00
746,file_cd1c3e5f5feac983,asset_6d9d11b77fda5e8a,D:\Projects\adb_vl\vision_platform\ads\runtime_collection\click_success\click_success_20260719_110853_198\pre_click.png,vision_platform\ads\runtime_collection\click_success\click_success_20260719_110853_198\pre_click.png,903.4418604651163,17.86046511627907,41.67441860465112,32.74418604651163,ads,clean_fullscreen,raw,actionable,uncertain,uncertain,,action_target,detector,positive,,2026-07-21T10:05:02.652417+00:00,2026-07-21T10:05:02.652417+00:00
233,file_cd5c16a151b63323,asset_3694f10981683fb0,D:\Projects\adb_vl\ads2\assets\3_reference_screens\IMG_1804.PNG,ads2\assets\3_reference_screens\IMG_1804.PNG,22.77386934673359,8.540201005025132,85.4020100502513,68.321608040201,ads,clean_fullscreen,raw,actionable,uncertain,uncertain,,action_target,detector,positive,,2026-07-12T09:24:22.724530+00:00,2026-07-12T09:24:27.171938+00:00
61,file_cd7e7dc9299374b5,asset_256291946681e495,D:\Projects\adb_vl\ads2\assets\2_communication\manual_rescue_20260607_164029_edit.png,ads2\assets\2_communication\manual_rescue_20260607_164029_edit.png,911.4114572864319,25.93447236180904,29.639396984924588,18.524623115577885,ads,clean_fullscreen,raw,actionable,uncertain,uncertain,,action_target,detector,positive,,2026-07-12T07:36:03.913658+00:00,2026-07-12T07:36:03.913658+00:00
441,file_ce136e80c7a4a03b,asset_bc10d756a9a35133,D:\Projects\adb_vl\vision_platform\ads\runtime_collection\click_success\click_success_20260718_085142_972\pre_click.png,vision_platform\ads\runtime_collection\click_success\click_success_20260718_085142_972\pre_click.png,692.0930232558139,348.27906976744185,81.8604651162791,32.74418604651163,shared,clean_fullscreen,raw,actionable,uncertain,uncertain,play,action_target,detector,positive,,2026-07-18T08:36:06.798345+00:00,2026-07-18T08:36:06.798345+00:00
442,file_ce136e80c7a4a03b,asset_bc10d756a9a35133,D:\Projects\adb_vl\vision_platform\ads\runtime_collection\click_success\click_success_20260718_085142_972\pre_click.png,vision_platform\ads\runtime_collection\click_success\click_success_20260718_085142_972\pre_click.png,558.1395348837209,349.7674418604651,74.41860465116281,29.767441860465112,shared,clean_fullscreen,raw,actionable,uncertain,uncertain,play,action_target,detector,positive,,2026-07-18T08:36:06.810391+00:00,2026-07-18T08:36:06.810391+00:00
429,file_ce25688a8105327b,asset_034c95ebeeafb59d,D:\Projects\adb_vl\vision_platform\ads\runtime_collection\click_success\click_success_20260718_103415_721\pre_click.png,vision_platform\ads\runtime_collection\click_success\click_success_20260718_103415_721\pre_click.png,692.0930232558139,348.27906976744185,81.8604651162791,32.74418604651163,shared,clean_fullscreen,raw,actionable,uncertain,uncertain,play,action_target,detector,positive,,2026-07-18T08:35:37.264941+00:00,2026-07-18T08:35:37.264941+00:00
716,file_ce595654257bddf6,asset_f96efd1e7bcf8ce4,D:\Projects\adb_vl\vision_platform\ads\runtime_collection\click_success\click_success_20260713_080405_663\pre_click.png,vision_platform\ads\runtime_collection\click_success\click_success_20260713_080405_663\pre_click.png,418.2325581395349,139.90697674418604,120.55813953488376,35.720930232558146,shared,clean_fullscreen,raw,actionable,uncertain,uncertain,got,action_target,detector,positive,,2026-07-21T10:04:51.070497+00:00,2026-07-21T10:04:51.070497+00:00
53,file_ce677731c403937b,asset_afd32a17c45e9e6f,D:\Projects\adb_vl\ads2\assets\2_communication\manual_rescue_20260607_161637_original.png,ads2\assets\2_communication\manual_rescue_20260607_161637_original.png,32.552704336399465,27.902318002628114,64.07198948751642,12.401030223390272,ads,uncertain,raw,actionable,uncertain,uncertain,,action_target,detector,positive,,2026-07-12T07:34:10.670206+00:00,2026-07-12T07:34:10.670206+00:00
169,file_ceaad6b701f5d5a4,asset_75d5fd01adf360e6,D:\Projects\adb_vl\ads2\assets\2_communication\manual_rescue_20260705_104516_edit.png,ads2\assets\2_communication\manual_rescue_20260705_104516_edit.png,418.49246231155774,144.72361809045225,121.80904522613065,33.768844221105525,ads,clean_fullscreen,raw,actionable,uncertain,uncertain,got,action_target,detector,positive,,2026-07-12T09:03:09.607118+00:00,2026-07-12T09:03:09.631930+00:00
579,file_d00fbee264bb9183,asset_fc58310606b96368,D:\Projects\adb_vl\vision_platform\ads\runtime_collection\click_success\click_success_20260718_100108_596\pre_click.png,vision_platform\ads\runtime_collection\click_success\click_success_20260718_100108_596\pre_click.png,17.86046511627907,17.86046511627907,92.27906976744185,50.60465116279069,ads,clean_fullscreen,raw,actionable,uncertain,uncertain,,action_target,detector,positive,,2026-07-18T08:47:54.180818+00:00,2026-07-18T08:47:54.180818+00:00
106,file_d014693b458b08fa,asset_09aaf3abab38f7ff,D:\Projects\adb_vl\ads2\assets\2_communication\manual_rescue_20260613_152650_original.png,ads2\assets\2_communication\manual_rescue_20260613_152650_original.png,906.9346733668341,21.708542713567837,39.798994974874404,21.708542713567837,ads,clean_fullscreen,raw,actionable,uncertain,uncertain,,action_target,detector,positive,,2026-07-12T07:42:24.869355+00:00,2026-07-12T07:42:24.869355+00:00
431,file_d092fcfcf9271b71,asset_15e68c0b3c823056,D:\Projects\adb_vl\vision_platform\ads\runtime_collection\click_success\click_success_20260718_100303_038\pre_click.png,vision_platform\ads\runtime_collection\click_success\click_success_20260718_100303_038\pre_click.png,692.0930232558139,348.27906976744185,81.8604651162791,32.74418604651163,shared,clean_fullscreen,raw,actionable,uncertain,uncertain,play,action_target,detector,positive,,2026-07-18T08:35:38.933829+00:00,2026-07-18T08:35:38.933829+00:00
432,file_d092fcfcf9271b71,asset_15e68c0b3c823056,D:\Projects\adb_vl\vision_platform\ads\runtime_collection\click_success\click_success_20260718_100303_038\pre_click.png,vision_platform\ads\runtime_collection\click_success\click_success_20260718_100303_038\pre_click.png,558.1395348837209,349.7674418604651,74.41860465116281,29.767441860465112,ads,clean_fullscreen,raw,actionable,uncertain,uncertain,play,action_target,detector,positive,,2026-07-18T08:35:46.806417+00:00,2026-07-18T08:35:46.941465+00:00
666,file_d0d20f99f69f32c8,asset_1cae447a17439433,D:\Projects\adb_vl\vision_platform\ads\runtime_collection\click_success\click_success_20260719_103738_937\pre_click.png,vision_platform\ads\runtime_collection\click_success\click_success_20260719_103738_937\pre_click.png,418.2325581395349,139.90697674418604,120.55813953488376,35.720930232558146,shared,clean_fullscreen,raw,actionable,uncertain,uncertain,got,action_target,detector,positive,,2026-07-21T10:04:34.770324+00:00,2026-07-21T10:04:34.770324+00:00
458,file_d124ee512901cd21,asset_7d85c00dfbdaffb0,D:\Projects\adb_vl\vision_platform\ads\runtime_collection\click_success\click_success_20260718_104415_308\pre_click.png,vision_platform\ads\runtime_collection\click_success\click_success_20260718_104415_308\pre_click.png,278.3255813953488,336.3720930232558,96.74418604651163,26.790697674418652,shared,clean_fullscreen,raw,actionable,uncertain,uncertain,play,action_target,detector,positive,,2026-07-18T08:36:49.998225+00:00,2026-07-18T08:36:49.998225+00:00
475,file_d1d97a90eae690d7,asset_a69fe5f84a766564,D:\Projects\adb_vl\vision_platform\ads\runtime_collection\click_success\click_success_20260718_110319_841\pre_click.png,vision_platform\ads\runtime_collection\click_success\click_success_20260718_110319_841\pre_click.png,278.3255813953488,336.3720930232558,96.74418604651163,26.790697674418652,shared,clean_fullscreen,raw,actionable,uncertain,uncertain,play,action_target,detector,positive,,2026-07-18T08:36:56.875852+00:00,2026-07-18T08:36:56.875852+00:00
9,file_d212015305644917,asset_36d0173a1ee8f012,D:\Projects\adb_vl\ads2\assets\2_communication\manual_rescue_20260607_082421_edit.png,ads2\assets\2_communication\manual_rescue_20260607_082421_edit.png,909.8734177215191,18.227848101265824,36.45569620253161,30.37974683544304,ads,clean_fullscreen,raw,actionable,uncertain,uncertain,,action_target,detector,positive,,2026-07-12T07:22:02.190869+00:00,2026-07-12T07:22:02.190869+00:00
231,file_d2f2c3c9d31bbd28,asset_6c2a6cdcae5d8129,D:\Projects\adb_vl\ads2\assets\3_reference_screens\IMG_1802.PNG,ads2\assets\3_reference_screens\IMG_1802.PNG,2157.8241206030148,22.77386934673367,85.4020100502513,68.321608040201,ads,clean_fullscreen,raw,actionable,uncertain,uncertain,,action_target,detector,positive,,2026-07-12T09:24:05.586903+00:00,2026-07-12T09:24:09.612039+00:00
82,file_d3915cb50f438194,asset_be156523a3ab5abe,D:\Projects\adb_vl\ads2\assets\2_communication\manual_rescue_20260610_151458_edit.png,ads2\assets\2_communication\manual_rescue_20260610_151458_edit.png,809.2462311557788,467.9396984924623,49.44723618090461,26.532663316582898,shared,clean_fullscreen,raw,actionable,uncertain,uncertain,play,action_target,detector,positive,,2026-07-12T07:39:05.112080+00:00,2026-07-12T07:39:05.112080+00:00
641,file_d3f3a5adc54b2ad1,asset_95356b68cbf9a65f,D:\Projects\adb_vl\vision_platform\ads\runtime_collection\click_success\click_success_20260720_110100_889\pre_click.png,vision_platform\ads\runtime_collection\click_success\click_success_20260720_110100_889\pre_click.png,418.2325581395349,139.90697674418604,120.55813953488376,35.720930232558146,shared,clean_fullscreen,raw,actionable,uncertain,uncertain,got,action_target,detector,positive,,2026-07-21T10:04:26.730179+00:00,2026-07-21T10:04:26.730179+00:00
176,file_d46b197168fee412,asset_411bd82c019bb4de,D:\Projects\adb_vl\ads2\assets\2_communication\manual_rescue_20260711_140522_edit.png,ads2\assets\2_communication\manual_rescue_20260711_140522_edit.png,377.4874371859296,290.65326633165824,34.9748743718593,13.266331658291449,ads,clean_fullscreen,raw,actionable,uncertain,uncertain,free,action_target,detector,positive,,2026-07-12T09:04:20.808788+00:00,2026-07-12T09:04:20.918427+00:00
4,file_d5b98b055872b01a,asset_750d55c7609ca258,D:\Projects\adb_vl\ads2\assets\2_communication\manual_rescue_20260606_225520.png,ads2\assets\2_communication\manual_rescue_20260606_225520.png,268.1781376518219,338.13765182186233,110.12145748987854,22.024291497975753,ads,clean_fullscreen,raw,actionable,uncertain,uncertain,play,action_target,detector,positive,,2026-07-12T07:12:30.538716+00:00,2026-07-12T07:12:30.637415+00:00
103,file_d5d7c89bd289b315,asset_327e4b7be8c60bf7,D:\Projects\adb_vl\ads2\assets\2_communication\manual_rescue_20260613_145852_edit.png,ads2\assets\2_communication\manual_rescue_20260613_145852_edit.png,908.1407035175879,21.708542713567837,34.9748743718593,21.708542713567837,ads,clean_fullscreen,raw,actionable,uncertain,uncertain,,action_target,detector,positive,,2026-07-12T07:41:51.722425+00:00,2026-07-12T07:41:51.722425+00:00
616,file_d5f4062a5ff066b8,asset_663fdd9d9e697d08,D:\Projects\adb_vl\vision_platform\ads\runtime_collection\click_success\click_success_20260713_093009_136\pre_click.png,vision_platform\ads\runtime_collection\click_success\click_success_20260713_093009_136\pre_click.png,409.6,139.52,140.79999999999995,34.56,ads,clean_fullscreen,raw,actionable,uncertain,uncertain,,action_target,detector,positive,,2026-07-21T10:04:04.541168+00:00,2026-07-21T10:04:04.541168+00:00
209,file_d607dd2f6dff78e1,asset_47acfc5551fde842,D:\Projects\adb_vl\ads2\assets\3_reference_screens\ad_issue_20260606_081633.png,ads2\assets\3_reference_screens\ad_issue_20260606_081633.png,283.41708542713565,334.07035175879395,88.04020100502515,26.532663316582898,ads,clean_fullscreen,raw,actionable,uncertain,uncertain,play,action_target,detector,positive,,2026-07-12T09:08:59.635381+00:00,2026-07-12T09:08:59.652652+00:00
549,file_d63a1e8ca24ef92a,asset_19bbc349541cbdd7,D:\Projects\adb_vl\vision_platform\ads\runtime_collection\click_success\click_success_20260718_110018_584\pre_click.png,vision_platform\ads\runtime_collection\click_success\click_success_20260718_110018_584\pre_click.png,17.660972404730618,21.445466491458607,54.24441524310119,45.41392904073588,ads,clean_fullscreen,raw,actionable,uncertain,uncertain,,action_target,detector,positive,,2026-07-18T08:45:10.387831+00:00,2026-07-18T08:45:10.387831+00:00
430,file_d6a5e9c6056c107f,asset_4591e916a09ac92d,D:\Projects\adb_vl\vision_platform\ads\runtime_collection\click_success\click_success_20260718_103505_403\pre_click.png,vision_platform\ads\runtime_collection\click_success\click_success_20260718_103505_403\pre_click.png,692.0930232558139,348.27906976744185,81.8604651162791,32.74418604651163,shared,clean_fullscreen,raw,actionable,uncertain,uncertain,play,action_target,detector,positive,,2026-07-18T08:35:37.864999+00:00,2026-07-18T08:35:37.864999+00:00
694,file_d6efa18b71bdc000,asset_dd6fd1382dbef12a,D:\Projects\adb_vl\vision_platform\ads\runtime_collection\click_success\click_success_20260713_085616_610\pre_click.png,vision_platform\ads\runtime_collection\click_success\click_success_20260713_085616_610\pre_click.png,418.2325581395349,139.90697674418604,120.55813953488376,35.720930232558146,shared,clean_fullscreen,raw,actionable,uncertain,uncertain,got,action_target,detector,positive,,2026-07-21T10:04:44.492394+00:00,2026-07-21T10:04:44.492394+00:00
230,file_d7480ce048ad1fd0,asset_b05ffad0e7888d8a,D:\Projects\adb_vl\ads2\assets\3_reference_screens\IMG_1801.PNG,ads2\assets\3_reference_screens\IMG_1801.PNG,14.23366834170838,17.08040201005025,85.4020100502513,68.321608040201,ads,clean_fullscreen,raw,actionable,uncertain,uncertain,,action_target,detector,positive,,2026-07-12T09:23:58.865305+00:00,2026-07-12T09:23:58.865305+00:00
687,file_d7d93851d5025643,asset_95481daef7aafdf3,D:\Projects\adb_vl\vision_platform\ads\runtime_collection\click_success\click_success_20260713_081719_192\pre_click.png,vision_platform\ads\runtime_collection\click_success\click_success_20260713_081719_192\pre_click.png,418.2325581395349,139.90697674418604,120.55813953488376,35.720930232558146,shared,clean_fullscreen,raw,actionable,uncertain,uncertain,got,action_target,detector,positive,,2026-07-21T10:04:42.141518+00:00,2026-07-21T10:04:42.141518+00:00
62,file_d81dd31cef471171,asset_e7315be7635cfbe4,D:\Projects\adb_vl\ads2\assets\2_communication\manual_rescue_20260607_164029_original.png,ads2\assets\2_communication\manual_rescue_20260607_164029_original.png,911.4114572864319,25.93447236180904,29.639396984924588,18.524623115577885,ads,clean_fullscreen,raw,actionable,uncertain,uncertain,,action_target,detector,positive,,2026-07-12T07:36:06.112946+00:00,2026-07-12T07:36:06.112946+00:00
643,file_d9048580ca351983,asset_a017ec536c9886b8,D:\Projects\adb_vl\vision_platform\ads\runtime_collection\click_success\click_success_20260713_102609_950\pre_click.png,vision_platform\ads\runtime_collection\click_success\click_success_20260713_102609_950\pre_click.png,418.2325581395349,139.90697674418604,120.55813953488376,35.720930232558146,shared,clean_fullscreen,raw,actionable,uncertain,uncertain,got,action_target,detector,positive,,2026-07-21T10:04:27.360852+00:00,2026-07-21T10:04:27.360852+00:00
228,file_d9135d08548fb694,asset_d3bc43a0f9246323,D:\Projects\adb_vl\ads2\assets\3_reference_screens\IMG_1799.PNG,ads2\assets\3_reference_screens\IMG_1799.PNG,572.1934673366834,130.9497487437186,85.4020100502513,68.321608040201,ads,clean_fullscreen,raw,actionable,uncertain,uncertain,,action_target,detector,positive,,2026-07-12T09:23:50.724854+00:00,2026-07-12T09:23:50.724854+00:00
452,file_da1872a5c9194db2,asset_5cb13174e6daffbf,D:\Projects\adb_vl\vision_platform\ads\runtime_collection\click_success\click_success_20260718_094222_830\pre_click.png,vision_platform\ads\runtime_collection\click_success\click_success_20260718_094222_830\pre_click.png,278.3255813953488,336.3720930232558,96.74418604651163,26.790697674418652,shared,clean_fullscreen,raw,actionable,uncertain,uncertain,play,action_target,detector,positive,,2026-07-18T08:36:47.187913+00:00,2026-07-18T08:36:47.187913+00:00
128,file_da6ebf372514609a,asset_6233b442a775a94e,D:\Projects\adb_vl\ads2\assets\2_communication\manual_rescue_20260615_092805_original.png,ads2\assets\2_communication\manual_rescue_20260615_092805_original.png,25.93447236180904,27.786934673366826,32.72683417085426,29.639396984924613,ads,clean_fullscreen,raw,actionable,uncertain,uncertain,,action_target,detector,positive,,2026-07-12T08:51:49.616328+00:00,2026-07-12T08:51:49.616328+00:00
533,file_da864522afdb89d0,asset_a8c046362b7c3a83,D:\Projects\adb_vl\vision_platform\ads\runtime_collection\click_success\click_success_20260718_103437_228\pre_click.png,vision_platform\ads\runtime_collection\click_success\click_success_20260718_103437_228\pre_click.png,20.837209302325583,23.813953488372093,87.81395348837208,40.18604651162791,ads,clean_fullscreen,raw,actionable,uncertain,uncertain,,action_target,detector,positive,,2026-07-18T08:43:38.419923+00:00,2026-07-18T08:43:38.419923+00:00
551,file_da90c5d798c0ce8d,asset_f5bbb90ad870ee0e,D:\Projects\adb_vl\vision_platform\ads\runtime_collection\click_success\click_success_20260718_093048_823\pre_click.png,vision_platform\ads\runtime_collection\click_success\click_success_20260718_093048_823\pre_click.png,903.4418604651163,17.86046511627907,41.67441860465112,35.72093023255813,ads,clean_fullscreen,raw,actionable,uncertain,uncertain,,action_target,detector,positive,,2026-07-18T08:45:30.947699+00:00,2026-07-18T08:45:30.947699+00:00
418,file_dab1f9d4381f3139,asset_c58141b127eeafdf,D:\Projects\adb_vl\vision_platform\ads\runtime_collection\click_success\click_success_20260718_103922_079\pre_click.png,vision_platform\ads\runtime_collection\click_success\click_success_20260718_103922_079\pre_click.png,415.25581395348837,136.93023255813952,130.97674418604646,41.67441860465118,shared,clean_fullscreen,raw,actionable,uncertain,uncertain,got,action_target,detector,positive,,2026-07-18T08:34:21.673606+00:00,2026-07-18T08:34:21.673606+00:00
362,file_db49bf887e265597,asset_ea9db94b7ce859c8,D:\Projects\adb_vl\vision_platform\ads\runtime_collection\click_success\click_success_20260718_103409_095\pre_click.png,vision_platform\ads\runtime_collection\click_success\click_success_20260718_103409_095\pre_click.png,418.2325581395349,139.90697674418604,120.55813953488376,35.720930232558146,shared,clean_fullscreen,raw,actionable,uncertain,uncertain,got,action_target,detector,positive,,2026-07-18T08:31:42.227907+00:00,2026-07-18T08:31:42.227907+00:00
613,file_dc7b4ba32aea88bf,asset_28fc39a3b2be0659,D:\Projects\adb_vl\vision_platform\ads\runtime_collection\click_success\click_success_20260713_103520_712\pre_click.png,vision_platform\ads\runtime_collection\click_success\click_success_20260713_103520_712\pre_click.png,409.6,139.52,140.79999999999995,34.56,ads,clean_fullscreen,raw,actionable,uncertain,uncertain,,action_target,detector,positive,,2026-07-21T10:04:01.974458+00:00,2026-07-21T10:04:01.974458+00:00
598,file_dce70e83cdd80ace,asset_316e782d3954179d,D:\Projects\adb_vl\vision_platform\ads\runtime_collection\click_success\click_success_20260718_101532_986\pre_click.png,vision_platform\ads\runtime_collection\click_success\click_success_20260718_101532_986\pre_click.png,17.660972404730618,16.39947437582129,140.02628120893561,29.014454664914584,ads,clean_fullscreen,raw,actionable,uncertain,uncertain,,action_target,detector,positive,,2026-07-18T08:49:57.219862+00:00,2026-07-18T08:49:57.219862+00:00
10,file_dd3404a95461a35b,asset_a8624d3b6b62bbd3,D:\Projects\adb_vl\ads2\assets\2_communication\manual_rescue_20260607_082421_original.png,ads2\assets\2_communication\manual_rescue_20260607_082421_original.png,909.8734177215191,18.227848101265824,36.45569620253161,30.37974683544304,ads,clean_fullscreen,raw,actionable,uncertain,uncertain,,action_target,detector,positive,,2026-07-12T07:22:07.464418+00:00,2026-07-12T07:22:07.464418+00:00
562,file_dd7c86b4469cb911,asset_c1212285bd9bd946,D:\Projects\adb_vl\vision_platform\ads\runtime_collection\click_success\click_success_20260718_101657_337\pre_click.png,vision_platform\ads\runtime_collection\click_success\click_success_20260718_101657_337\pre_click.png,16.372093023255815,23.813953488372093,47.627906976744185,41.674418604651166,ads,clean_fullscreen,raw,actionable,uncertain,uncertain,,action_target,detector,positive,,2026-07-18T08:46:14.670336+00:00,2026-07-18T08:46:14.670336+00:00
390,file_dee9e1c4961009d7,asset_5c23620cad7b6430,D:\Projects\adb_vl\vision_platform\ads\runtime_collection\click_success\click_success_20260718_110038_072\pre_click.png,vision_platform\ads\runtime_collection\click_success\click_success_20260718_110038_072\pre_click.png,418.2325581395349,139.90697674418604,120.55813953488376,35.720930232558146,shared,clean_fullscreen,raw,actionable,uncertain,uncertain,got,action_target,detector,positive,,2026-07-18T08:32:02.286220+00:00,2026-07-18T08:32:02.286220+00:00
351,file_df9043a63c73eca2,asset_6159aee26fde0e86,D:\Projects\adb_vl\vision_platform\ads\runtime_collection\click_success\click_success_20260718_104537_361\pre_click.png,vision_platform\ads\runtime_collection\click_success\click_success_20260718_104537_361\pre_click.png,418.2325581395349,139.90697674418604,120.55813953488376,35.720930232558146,ads,clean_fullscreen,raw,actionable,uncertain,uncertain,got,action_target,detector,positive,,2026-07-18T08:29:12.567196+00:00,2026-07-18T08:29:12.567196+00:00
28,file_e0303f06c1dea025,asset_517dffb127e8e353,D:\Projects\adb_vl\ads2\assets\2_communication\manual_rescue_20260607_144904_original.png,ads2\assets\2_communication\manual_rescue_20260607_144904_original.png,911.7587939698492,21.708542713567837,31.356783919598,21.708542713567837,ads,clean_fullscreen,raw,actionable,uncertain,uncertain,,action_target,detector,positive,,2026-07-12T07:30:02.987241+00:00,2026-07-12T07:30:02.987241+00:00
634,file_e1ff9faea5865f34,asset_c3f5bb2ceff33d30,D:\Projects\adb_vl\vision_platform\ads\runtime_collection\click_success\click_success_20260713_085844_232\pre_click.png,vision_platform\ads\runtime_collection\click_success\click_success_20260713_085844_232\pre_click.png,418.2325581395349,139.90697674418604,120.55813953488376,35.720930232558146,shared,clean_fullscreen,raw,actionable,uncertain,uncertain,got,action_target,detector,positive,,2026-07-21T10:04:24.971505+00:00,2026-07-21T10:04:24.971505+00:00
30,file_e277a86da364ce73,asset_7711801e12745d2a,D:\Projects\adb_vl\ads2\assets\2_communication\manual_rescue_20260607_145346_original.png,ads2\assets\2_communication\manual_rescue_20260607_145346_original.png,911.7587939698492,21.708542713567837,31.356783919598,21.708542713567837,ads,clean_fullscreen,raw,actionable,uncertain,uncertain,,action_target,detector,positive,,2026-07-12T07:30:06.051659+00:00,2026-07-12T07:30:06.051659+00:00
658,file_e29eefdb141b3f2c,asset_90bb0917e5f67418,D:\Projects\adb_vl\vision_platform\ads\runtime_collection\click_success\click_success_20260719_093947_006\pre_click.png,vision_platform\ads\runtime_collection\click_success\click_success_20260719_093947_006\pre_click.png,418.2325581395349,139.90697674418604,120.55813953488376,35.720930232558146,shared,clean_fullscreen,raw,actionable,uncertain,uncertain,got,action_target,detector,positive,,2026-07-21T10:04:31.761793+00:00,2026-07-21T10:04:31.761793+00:00
584,file_e2dc0a76dedfbec4,asset_2a51e0578cf9c84a,D:\Projects\adb_vl\vision_platform\ads\runtime_collection\click_success\click_success_20260718_104532_540\pre_click.png,vision_platform\ads\runtime_collection\click_success\click_success_20260718_104532_540\pre_click.png,890.046511627907,23.813953488372093,61.02325581395348,41.674418604651166,ads,clean_fullscreen,raw,actionable,uncertain,uncertain,,action_target,detector,positive,,2026-07-18T08:48:15.854414+00:00,2026-07-18T08:48:15.854414+00:00
399,file_e3e00140adbfb7e8,asset_a4f70e645255b736,D:\Projects\adb_vl\vision_platform\ads\runtime_collection\click_success\click_success_20260718_085258_029\pre_click.png,vision_platform\ads\runtime_collection\click_success\click_success_20260718_085258_029\pre_click.png,903.4418604651163,17.86046511627907,41.67441860465112,32.74418604651163,ads,clean_fullscreen,raw,actionable,uncertain,uncertain,,action_target,detector,positive,,2026-07-18T08:32:45.963857+00:00,2026-07-18T08:32:45.963857+00:00
691,file_e424beda83c393f8,asset_27158d2fb03801e3,D:\Projects\adb_vl\vision_platform\ads\runtime_collection\click_success\click_success_20260719_093900_785\pre_click.png,vision_platform\ads\runtime_collection\click_success\click_success_20260719_093900_785\pre_click.png,418.2325581395349,139.90697674418604,120.55813953488376,35.720930232558146,shared,clean_fullscreen,raw,actionable,uncertain,uncertain,got,action_target,detector,positive,,2026-07-21T10:04:43.707786+00:00,2026-07-21T10:04:43.707786+00:00
689,file_e446b6b09d2a2ae5,asset_1da2465cb08de834,D:\Projects\adb_vl\vision_platform\ads\runtime_collection\click_success\click_success_20260713_081300_633\pre_click.png,vision_platform\ads\runtime_collection\click_success\click_success_20260713_081300_633\pre_click.png,418.2325581395349,139.90697674418604,120.55813953488376,35.720930232558146,shared,clean_fullscreen,raw,actionable,uncertain,uncertain,got,action_target,detector,positive,,2026-07-21T10:04:42.558872+00:00,2026-07-21T10:04:42.558872+00:00
714,file_e483278d379c4d35,asset_27366a494967715b,D:\Projects\adb_vl\vision_platform\ads\runtime_collection\click_success\click_success_20260713_081621_578\pre_click.png,vision_platform\ads\runtime_collection\click_success\click_success_20260713_081621_578\pre_click.png,418.2325581395349,139.90697674418604,120.55813953488376,35.720930232558146,shared,clean_fullscreen,raw,actionable,uncertain,uncertain,got,action_target,detector,positive,,2026-07-21T10:04:50.534860+00:00,2026-07-21T10:04:50.534860+00:00
502,file_e4d0be55b4e306a0,asset_35670afc3d0e9829,D:\Projects\adb_vl\vision_platform\ads\runtime_collection\click_success\click_success_20260718_100119_855\pre_click.png,vision_platform\ads\runtime_collection\click_success\click_success_20260718_100119_855\pre_click.png,413.7674418604651,351.25581395348837,86.32558139534882,29.767441860465112,shared,clean_fullscreen,raw,actionable,uncertain,uncertain,play,action_target,detector,positive,,2026-07-18T08:41:40.204936+00:00,2026-07-18T08:41:40.204936+00:00
503,file_e4d0be55b4e306a0,asset_35670afc3d0e9829,D:\Projects\adb_vl\vision_platform\ads\runtime_collection\click_success\click_success_20260718_100119_855\pre_click.png,vision_platform\ads\runtime_collection\click_success\click_success_20260718_100119_855\pre_click.png,555.1627906976744,352.74418604651163,80.37209302325584,26.790697674418595,shared,clean_fullscreen,raw,actionable,uncertain,uncertain,play,action_target,detector,positive,,2026-07-18T08:41:40.216256+00:00,2026-07-18T08:41:40.216256+00:00
504,file_e4d0be55b4e306a0,asset_35670afc3d0e9829,D:\Projects\adb_vl\vision_platform\ads\runtime_collection\click_success\click_success_20260718_100119_855\pre_click.png,vision_platform\ads\runtime_collection\click_success\click_success_20260718_100119_855\pre_click.png,693.5813953488372,349.7674418604651,83.34883720930236,31.25581395348837,shared,clean_fullscreen,raw,actionable,uncertain,uncertain,play,action_target,detector,positive,,2026-07-18T08:41:40.228945+00:00,2026-07-18T08:41:40.228945+00:00
505,file_e4d0be55b4e306a0,asset_35670afc3d0e9829,D:\Projects\adb_vl\vision_platform\ads\runtime_collection\click_success\click_success_20260718_100119_855\pre_click.png,vision_platform\ads\runtime_collection\click_success\click_success_20260718_100119_855\pre_click.png,832.0,351.25581395348837,89.30232558139528,29.767441860465112,ads,clean_fullscreen,raw,actionable,uncertain,uncertain,play,action_target,detector,positive,,2026-07-18T08:41:52.164886+00:00,2026-07-18T08:41:52.185245+00:00
160,file_e4e15b901380766a,asset_5f80f60ac4059423,D:\Projects\adb_vl\ads2\assets\2_communication\manual_rescue_20260703_094330_original.png,ads2\assets\2_communication\manual_rescue_20260703_094330_original.png,94.61235216819973,18.922470433639948,36.58344283837057,30.275952693823914,ads,uncertain,raw,actionable,uncertain,uncertain,,action_target,detector,positive,,2026-07-12T09:01:55.724385+00:00,2026-07-12T09:01:55.724385+00:00
201,file_e4f3aee4d896d4ea,asset_964562898bf756d1,D:\Projects\adb_vl\ads2\assets\3_reference_screens\ad_issue_20260606_045743.png,ads2\assets\3_reference_screens\ad_issue_20260606_045743.png,480.63074901445464,245.99211563731933,36.583442838370615,34.0604467805519,ads,uncertain,raw,actionable,uncertain,uncertain,,action_target,detector,positive,,2026-07-12T09:07:53.121495+00:00,2026-07-12T09:07:53.121495+00:00
612,file_e59ca79efd8f38df,asset_55ca9cbeee891598,D:\Projects\adb_vl\vision_platform\ads\runtime_collection\click_success\click_success_20260713_103403_052\pre_click.png,vision_platform\ads\runtime_collection\click_success\click_success_20260713_103403_052\pre_click.png,409.6,139.52,140.79999999999995,34.56,ads,clean_fullscreen,raw,actionable,uncertain,uncertain,,action_target,detector,positive,,2026-07-21T10:04:01.267777+00:00,2026-07-21T10:04:01.267777+00:00
624,file_e6a1abf5b6dabb4d,asset_ae5b263776ec1d9e,D:\Projects\adb_vl\vision_platform\ads\runtime_collection\click_success\click_success_20260713_090340_942\pre_click.png,vision_platform\ads\runtime_collection\click_success\click_success_20260713_090340_942\pre_click.png,409.6,139.52,140.79999999999995,34.56,ads,clean_fullscreen,raw,actionable,uncertain,uncertain,,action_target,detector,positive,,2026-07-21T10:04:07.323370+00:00,2026-07-21T10:04:07.323370+00:00
546,file_e6e8dd2d4ac5ae47,asset_4b3324fd93fa27ac,D:\Projects\adb_vl\vision_platform\ads\runtime_collection\click_success\click_success_20260718_105614_870\pre_click.png,vision_platform\ads\runtime_collection\click_success\click_success_20260718_105614_870\pre_click.png,22.325581395348838,19.348837209302324,87.81395348837209,43.16279069767442,ads,clean_fullscreen,raw,actionable,uncertain,uncertain,,action_target,detector,positive,,2026-07-18T08:44:55.256966+00:00,2026-07-18T08:44:55.256966+00:00
539,file_e6f7ba990a948524,asset_88fa02004a9414b1,D:\Projects\adb_vl\vision_platform\ads\runtime_collection\click_success\click_success_20260718_103404_419\pre_click.png,vision_platform\ads\runtime_collection\click_success\click_success_20260718_103404_419\pre_click.png,904.9302325581396,20.837209302325583,50.604651162790674,38.69767441860465,ads,clean_fullscreen,raw,actionable,uncertain,uncertain,,action_target,detector,positive,,2026-07-18T08:44:09.261859+00:00,2026-07-18T08:44:09.261859+00:00
67,file_e75ab06843e8ce99,asset_391384dd5e30726d,D:\Projects\adb_vl\ads2\assets\2_communication\manual_rescue_20260608_082319_original.png,ads2\assets\2_communication\manual_rescue_20260608_082319_original.png,911.4114572864319,25.93447236180904,29.639396984924588,18.524623115577885,ads,clean_fullscreen,raw,actionable,uncertain,uncertain,,action_target,detector,positive,,2026-07-12T07:36:15.967806+00:00,2026-07-12T07:36:15.967806+00:00
123,file_e78cdbed66e90571,asset_0772e77ac58154c7,D:\Projects\adb_vl\ads2\assets\2_communication\manual_rescue_20260615_082502_edit.png,ads2\assets\2_communication\manual_rescue_20260615_082502_edit.png,912.8934271356783,28.15742713567839,30.133386934673354,13.831718592964819,ads,clean_fullscreen,raw,actionable,uncertain,uncertain,,action_target,detector,positive,,2026-07-12T08:50:36.485095+00:00,2026-07-12T08:50:36.485095+00:00
47,file_e7bee6618f781e5d,asset_db6a9540a21dfe61,D:\Projects\adb_vl\ads2\assets\2_communication\manual_rescue_20260607_161122_edit.png,ads2\assets\2_communication\manual_rescue_20260607_161122_edit.png,300.3015075376884,476.38190954773864,34.9748743718593,31.356783919598,ads,clean_fullscreen,raw,actionable,uncertain,uncertain,play,action_target,detector,positive,,2026-07-12T07:32:18.912192+00:00,2026-07-12T07:32:18.912192+00:00
365,file_e8283bd2fd1937ff,asset_9bec455be1a9ff9f,D:\Projects\adb_vl\vision_platform\ads\runtime_collection\click_success\click_success_20260718_103339_362\pre_click.png,vision_platform\ads\runtime_collection\click_success\click_success_20260718_103339_362\pre_click.png,418.2325581395349,139.90697674418604,120.55813953488376,35.720930232558146,shared,clean_fullscreen,raw,actionable,uncertain,uncertain,got,action_target,detector,positive,,2026-07-18T08:31:45.262175+00:00,2026-07-18T08:31:45.262175+00:00
363,file_e84f6ed9eb694b4b,asset_bee02848004e407e,D:\Projects\adb_vl\vision_platform\ads\runtime_collection\click_success\click_success_20260718_103458_461\pre_click.png,vision_platform\ads\runtime_collection\click_success\click_success_20260718_103458_461\pre_click.png,418.2325581395349,139.90697674418604,120.55813953488376,35.720930232558146,shared,clean_fullscreen,raw,actionable,uncertain,uncertain,got,action_target,detector,positive,,2026-07-18T08:31:43.060848+00:00,2026-07-18T08:31:43.060848+00:00
6,file_e86ea26f36534291,asset_b867455dd1ee49b4,D:\Projects\adb_vl\ads2\assets\2_communication\manual_rescue_20260606_231704_original.png,ads2\assets\2_communication\manual_rescue_20260606_231704_original.png,282.42914979757086,338.13765182186233,90.68825910931173,23.31983805668017,ads,clean_fullscreen,raw,actionable,uncertain,uncertain,play,action_target,detector,positive,,2026-07-12T07:13:21.995331+00:00,2026-07-12T07:13:22.011671+00:00
55,file_e8abe08034e3ac75,asset_c3a3348f8a247b0e,D:\Projects\adb_vl\ads2\assets\2_communication\manual_rescue_20260607_161732_edit.png,ads2\assets\2_communication\manual_rescue_20260607_161732_edit.png,480.63074901445464,247.25361366622866,34.060446780551956,30.27595269382391,ads,uncertain,raw,actionable,uncertain,uncertain,,action_target,detector,positive,,2026-07-12T07:34:25.993524+00:00,2026-07-12T07:34:25.993524+00:00
376,file_e8d82399b8282a4f,asset_8449dbc48899b49d,D:\Projects\adb_vl\vision_platform\ads\runtime_collection\click_success\click_success_20260718_110536_532\pre_click.png,vision_platform\ads\runtime_collection\click_success\click_success_20260718_110536_532\pre_click.png,418.2325581395349,139.90697674418604,120.55813953488376,35.720930232558146,shared,clean_fullscreen,raw,actionable,uncertain,uncertain,got,action_target,detector,positive,,2026-07-18T08:31:55.607394+00:00,2026-07-18T08:31:55.607394+00:00
159,file_e9697d2d838ead06,asset_293c3b445e3a6bea,D:\Projects\adb_vl\ads2\assets\2_communication\manual_rescue_20260703_094330_edit.png,ads2\assets\2_communication\manual_rescue_20260703_094330_edit.png,94.61235216819973,18.922470433639948,36.58344283837057,30.275952693823914,ads,uncertain,raw,actionable,uncertain,uncertain,,action_target,detector,positive,,2026-07-12T09:01:53.638764+00:00,2026-07-12T09:01:53.638764+00:00
377,file_e9f738737fd54164,asset_40dba9d42050a660,D:\Projects\adb_vl\vision_platform\ads\runtime_collection\click_success\click_success_20260718_085108_150\pre_click.png,vision_platform\ads\runtime_collection\click_success\click_success_20260718_085108_150\pre_click.png,418.2325581395349,139.90697674418604,120.55813953488376,35.720930232558146,shared,clean_fullscreen,raw,actionable,uncertain,uncertain,got,action_target,detector,positive,,2026-07-18T08:31:56.289969+00:00,2026-07-18T08:31:56.289969+00:00
109,file_ea31e3232404f803,asset_739e43c6fb3d6ba0,D:\Projects\adb_vl\ads2\assets\2_communication\manual_rescue_20260613_153604_edit.png,ads2\assets\2_communication\manual_rescue_20260613_153604_edit.png,906.9346733668341,21.708542713567837,39.798994974874404,21.708542713567837,ads,clean_fullscreen,raw,actionable,uncertain,uncertain,,action_target,detector,positive,,2026-07-12T07:42:30.939570+00:00,2026-07-12T07:42:30.939570+00:00
130,file_eac8bdd9b1afbef9,asset_8b506144921e692e,D:\Projects\adb_vl\ads2\assets\2_communication\manual_rescue_20260615_093211_edit.png,ads2\assets\2_communication\manual_rescue_20260615_093211_edit.png,285.8291457286432,336.4824120603015,88.0402010050251,26.532663316582898,ads,clean_fullscreen,raw,actionable,uncertain,uncertain,,action_target,detector,positive,,2026-07-12T08:52:09.180925+00:00,2026-07-12T08:52:09.282697+00:00
133,file_ebae3e2cd1e60c0f,asset_e01f9b6db83bc730,D:\Projects\adb_vl\ads2\assets\2_communication\manual_rescue_20260617_104135_original.png,ads2\assets\2_communication\manual_rescue_20260617_104135_original.png,24.120603015075375,25.326633165829143,83.21608040201005,33.768844221105525,ads,clean_fullscreen,raw,actionable,uncertain,uncertain,,action_target,detector,positive,,2026-07-12T08:52:45.310065+00:00,2026-07-12T08:52:45.310065+00:00
682,file_ebbec839d059ff58,asset_8484050cae225067,D:\Projects\adb_vl\vision_platform\ads\runtime_collection\click_success\click_success_20260719_103612_356\pre_click.png,vision_platform\ads\runtime_collection\click_success\click_success_20260719_103612_356\pre_click.png,418.2325581395349,139.90697674418604,120.55813953488376,35.720930232558146,shared,clean_fullscreen,raw,actionable,uncertain,uncertain,got,action_target,detector,positive,,2026-07-21T10:04:40.987847+00:00,2026-07-21T10:04:40.987847+00:00
42,file_ec7b16077fbaef43,asset_452c73fab94708e2,D:\Projects\adb_vl\ads2\assets\2_communication\manual_rescue_20260607_153732_edit.png,ads2\assets\2_communication\manual_rescue_20260607_153732_edit.png,908.1407035175879,24.120603015075375,34.9748743718593,20.50251256281407,ads,clean_fullscreen,raw,actionable,uncertain,uncertain,,action_target,detector,positive,,2026-07-12T07:31:57.668692+00:00,2026-07-12T07:31:57.668692+00:00
592,file_edc2165d62ffd5b5,asset_472f8329bd8f7465,D:\Projects\adb_vl\vision_platform\ads\runtime_collection\click_success\click_success_20260718_103838_936\pre_click.png,vision_platform\ads\runtime_collection\click_success\click_success_20260718_103838_936\pre_click.png,361.6744186046512,279.8139534883721,56.55813953488371,31.25581395348837,shared,clean_fullscreen,raw,actionable,uncertain,uncertain,play,action_target,detector,positive,,2026-07-18T08:49:18.604884+00:00,2026-07-18T08:49:18.604884+00:00
567,file_eeab19a2bde74ac3,asset_2897a5436052bf8d,D:\Projects\adb_vl\vision_platform\ads\runtime_collection\click_success\click_success_20260718_104503_519\pre_click.png,vision_platform\ads\runtime_collection\click_success\click_success_20260718_104503_519\pre_click.png,884.0930232558139,29.767441860465116,72.93023255813955,29.767441860465116,ads,clean_fullscreen,raw,actionable,uncertain,uncertain,,action_target,detector,positive,,2026-07-18T08:46:54.106270+00:00,2026-07-18T08:46:54.106270+00:00
253,file_eeb26fbe9bd1b530,asset_4120ea124fd73858,D:\Projects\adb_vl\ads2\assets\3_reference_screens\manual_check2_20260605_103009.png,ads2\assets\3_reference_screens\manual_check2_20260605_103009.png,457.08542713567834,476.38190954773864,82.01005025125625,22.9145728643216,ads,clean_fullscreen,raw,actionable,uncertain,uncertain,王國事件,action_target,detector,positive,,2026-07-12T09:27:07.782042+00:00,2026-07-12T09:27:07.797834+00:00
254,file_eeb26fbe9bd1b530,asset_4120ea124fd73858,D:\Projects\adb_vl\ads2\assets\3_reference_screens\manual_check2_20260605_103009.png,ads2\assets\3_reference_screens\manual_check2_20260605_103009.png,14.472361809045225,406.43216080402004,108.54271356783919,36.180904522613105,ads,clean_fullscreen,raw,actionable,uncertain,uncertain,王國事件,action_target,detector,positive,,2026-07-12T09:27:15.558685+00:00,2026-07-12T09:27:15.674096+00:00
348,file_eef385cd6da742db,asset_fdf0da1c4dd216a9,D:\Projects\adb_vl\vision_platform\ads\runtime_collection\click_success\click_success_20260718_101624_405\pre_click.png,vision_platform\ads\runtime_collection\click_success\click_success_20260718_101624_405\pre_click.png,418.2325581395349,139.90697674418604,120.55813953488376,35.720930232558146,ads,clean_fullscreen,raw,actionable,uncertain,uncertain,got,action_target,detector,positive,,2026-07-18T08:29:10.735366+00:00,2026-07-18T08:29:10.735366+00:00
755,file_ef082796216c4a23,asset_df4a78ff84e7a09a,D:\Projects\adb_vl\vision_platform\ads\runtime_collection\click_success\click_success_20260713_085809_808\pre_click.png,vision_platform\ads\runtime_collection\click_success\click_success_20260713_085809_808\pre_click.png,905.0332889480692,17.896138482023968,40.90545938748335,33.23568575233023,ads,clean_fullscreen,raw,actionable,uncertain,uncertain,got,action_target,detector,positive,,2026-07-21T10:16:35.242413+00:00,2026-07-21T10:16:35.343727+00:00
25,file_f006c768e3968916,asset_0bdebd9b5f09c39e,D:\Projects\adb_vl\ads2\assets\2_communication\manual_rescue_20260607_101333_original.png,ads2\assets\2_communication\manual_rescue_20260607_101333_original.png,900.9045226130653,24.120603015075375,44.62311557788939,24.120603015075375,ads,clean_fullscreen,raw,actionable,uncertain,uncertain,,action_target,detector,positive,,2026-07-12T07:25:11.093631+00:00,2026-07-12T07:25:11.093631+00:00
573,file_f008d697aadd67b7,asset_8179703a100b9e12,D:\Projects\adb_vl\vision_platform\ads\runtime_collection\click_success\click_success_20260718_105338_772\pre_click.png,vision_platform\ads\runtime_collection\click_success\click_success_20260718_105338_772\pre_click.png,16.372093023255815,23.813953488372093,96.74418604651163,43.162790697674424,ads,clean_fullscreen,raw,actionable,uncertain,uncertain,,action_target,detector,positive,,2026-07-18T08:47:21.083034+00:00,2026-07-18T08:47:21.083034+00:00
753,file_f01677f9e3252b7f,asset_05bb6470551686c8,D:\Projects\adb_vl\vision_platform\ads\runtime_collection\click_success\click_success_20260713_092328_718\pre_click.png,vision_platform\ads\runtime_collection\click_success\click_success_20260713_092328_718\pre_click.png,908.8681757656458,19.174434087882823,33.235685752330255,31.95739014647137,ads,clean_fullscreen,raw,actionable,uncertain,uncertain,got,action_target,detector,positive,,2026-07-21T10:16:12.098765+00:00,2026-07-21T10:16:12.203338+00:00
113,file_f01910615219089c,asset_b2e458fd374211e9,D:\Projects\adb_vl\ads2\assets\2_communication\manual_rescue_20260613_154118_original.png,ads2\assets\2_communication\manual_rescue_20260613_154118_original.png,32.562814070351756,30.15075376884422,72.36180904522612,21.708542713567837,ads,clean_fullscreen,raw,actionable,uncertain,uncertain,,action_target,detector,positive,,2026-07-12T07:43:01.038114+00:00,2026-07-12T07:43:01.038114+00:00
745,file_f14ba573365fb207,asset_c46dfbaf3ef0653e,D:\Projects\adb_vl\vision_platform\ads\runtime_collection\click_success\click_success_20260720_102347_512\pre_click.png,vision_platform\ads\runtime_collection\click_success\click_success_20260720_102347_512\pre_click.png,903.4418604651163,17.86046511627907,41.67441860465112,32.74418604651163,ads,clean_fullscreen,raw,actionable,uncertain,uncertain,,action_target,detector,positive,,2026-07-21T10:05:02.398922+00:00,2026-07-21T10:05:02.398922+00:00
203,file_f18bc550dcd0d70a,asset_76a00d0efc67ebcb,D:\Projects\adb_vl\ads2\assets\3_reference_screens\ad_issue_20260606_052002.png,ads2\assets\3_reference_screens\ad_issue_20260606_052002.png,26.532663316582912,24.120603015075375,34.97487437185929,36.18090452261306,ads,clean_fullscreen,raw,actionable,uncertain,uncertain,,action_target,detector,positive,,2026-07-12T09:08:12.161081+00:00,2026-07-12T09:08:12.161081+00:00
631,file_f1e20981a7415733,asset_1039fb381293c84c,D:\Projects\adb_vl\vision_platform\ads\runtime_collection\click_success\click_success_20260718_182938_013\pre_click.png,vision_platform\ads\runtime_collection\click_success\click_success_20260718_182938_013\pre_click.png,418.2325581395349,139.90697674418604,120.55813953488376,35.720930232558146,shared,clean_fullscreen,raw,actionable,uncertain,uncertain,got,action_target,detector,positive,,2026-07-21T10:04:24.124394+00:00,2026-07-21T10:04:24.124394+00:00
602,file_f2f2f157be6ee788,asset_2be1fd5f1bc9db7b,D:\Projects\adb_vl\vision_platform\ads\runtime_collection\click_success\click_success_20260718_103900_284\pre_click.png,vision_platform\ads\runtime_collection\click_success\click_success_20260718_103900_284\pre_click.png,17.86046511627907,20.837209302325583,90.7906976744186,40.18604651162791,ads,clean_fullscreen,raw,actionable,uncertain,uncertain,,action_target,detector,positive,,2026-07-18T08:50:26.889101+00:00,2026-07-18T08:50:26.889101+00:00
451,file_f3e3e568b2bd34ea,asset_d2c814015cac2c78,D:\Projects\adb_vl\vision_platform\ads\runtime_collection\click_success\click_success_20260718_094154_736\pre_click.png,vision_platform\ads\runtime_collection\click_success\click_success_20260718_094154_736\pre_click.png,278.3255813953488,336.3720930232558,96.74418604651163,26.790697674418652,shared,clean_fullscreen,raw,actionable,uncertain,uncertain,play,action_target,detector,positive,,2026-07-18T08:36:46.607475+00:00,2026-07-18T08:36:46.607475+00:00
534,file_f4499d909a31b0ec,asset_a1ac0b11becd6602,D:\Projects\adb_vl\vision_platform\ads\runtime_collection\click_success\click_success_20260718_103945_649\pre_click.png,vision_platform\ads\runtime_collection\click_success\click_success_20260718_103945_649\pre_click.png,20.837209302325583,23.813953488372093,87.81395348837208,40.18604651162791,ads,clean_fullscreen,raw,actionable,uncertain,uncertain,,action_target,detector,positive,,2026-07-18T08:43:44.502584+00:00,2026-07-18T08:43:44.502584+00:00
664,file_f4729136bd986f3b,asset_62b305e6555c947c,D:\Projects\adb_vl\vision_platform\ads\runtime_collection\click_success\click_success_20260713_102516_921\pre_click.png,vision_platform\ads\runtime_collection\click_success\click_success_20260713_102516_921\pre_click.png,418.2325581395349,139.90697674418604,120.55813953488376,35.720930232558146,shared,clean_fullscreen,raw,actionable,uncertain,uncertain,got,action_target,detector,positive,,2026-07-21T10:04:34.331766+00:00,2026-07-21T10:04:34.331766+00:00
569,file_f4a5a330abb12f81,asset_a2c0aa7c60b2fe1e,D:\Projects\adb_vl\vision_platform\ads\runtime_collection\click_success\click_success_20260718_104629_489\pre_click.png,vision_platform\ads\runtime_collection\click_success\click_success_20260718_104629_489\pre_click.png,884.0930232558139,29.767441860465116,72.93023255813955,29.767441860465116,ads,clean_fullscreen,raw,actionable,uncertain,uncertain,,action_target,detector,positive,,2026-07-18T08:46:55.881841+00:00,2026-07-18T08:46:55.881841+00:00
349,file_f589bf3adae9de18,asset_c9a7e51749cf8f15,D:\Projects\adb_vl\vision_platform\ads\runtime_collection\click_success\click_success_20260718_104439_330\pre_click.png,vision_platform\ads\runtime_collection\click_success\click_success_20260718_104439_330\pre_click.png,418.2325581395349,139.90697674418604,120.55813953488376,35.720930232558146,ads,clean_fullscreen,raw,actionable,uncertain,uncertain,got,action_target,detector,positive,,2026-07-18T08:29:11.356513+00:00,2026-07-18T08:29:11.356513+00:00
392,file_f5bfff148bf4ce72,asset_e73a3b24297bf494,D:\Projects\adb_vl\vision_platform\ads\runtime_collection\click_success\click_success_20260718_110411_052\pre_click.png,vision_platform\ads\runtime_collection\click_success\click_success_20260718_110411_052\pre_click.png,418.2325581395349,139.90697674418604,120.55813953488376,35.720930232558146,shared,clean_fullscreen,raw,actionable,uncertain,uncertain,got,action_target,detector,positive,,2026-07-18T08:32:02.781953+00:00,2026-07-18T08:32:02.781953+00:00
370,file_f64d2b622dae519b,asset_113c734a8adfaa2e,D:\Projects\adb_vl\vision_platform\ads\runtime_collection\click_success\click_success_20260718_100158_460\pre_click.png,vision_platform\ads\runtime_collection\click_success\click_success_20260718_100158_460\pre_click.png,418.2325581395349,139.90697674418604,120.55813953488376,35.720930232558146,shared,clean_fullscreen,raw,actionable,uncertain,uncertain,got,action_target,detector,positive,,2026-07-18T08:31:50.925448+00:00,2026-07-18T08:31:50.925448+00:00
426,file_f6cee44f7ec069b4,asset_d3e2135e12ffec32,D:\Projects\adb_vl\vision_platform\ads\runtime_collection\click_success\click_success_20260718_093255_727\pre_click.png,vision_platform\ads\runtime_collection\click_success\click_success_20260718_093255_727\pre_click.png,692.0930232558139,348.27906976744185,81.8604651162791,32.74418604651163,shared,clean_fullscreen,raw,actionable,uncertain,uncertain,play,action_target,detector,positive,,2026-07-18T08:35:35.690559+00:00,2026-07-18T08:35:35.690559+00:00
29,file_f79203642ccdd8a7,asset_54284dbf33086654,D:\Projects\adb_vl\ads2\assets\2_communication\manual_rescue_20260607_145346_edit.png,ads2\assets\2_communication\manual_rescue_20260607_145346_edit.png,911.7587939698492,21.708542713567837,31.356783919598,21.708542713567837,ads,clean_fullscreen,raw,actionable,uncertain,uncertain,,action_target,detector,positive,,2026-07-12T07:30:04.121511+00:00,2026-07-12T07:30:04.121511+00:00
702,file_f86231f54cbc9f7a,asset_e6c667113dbec7a5,D:\Projects\adb_vl\vision_platform\ads\runtime_collection\click_success\click_success_20260713_094928_844\pre_click.png,vision_platform\ads\runtime_collection\click_success\click_success_20260713_094928_844\pre_click.png,418.2325581395349,139.90697674418604,120.55813953488376,35.720930232558146,shared,clean_fullscreen,raw,actionable,uncertain,uncertain,got,action_target,detector,positive,,2026-07-21T10:04:47.418744+00:00,2026-07-21T10:04:47.418744+00:00
2,file_f99664a5e6236dbb,asset_c67e75b253bc5f61,D:\Projects\adb_vl\ads2\assets\2_communication\manual_capture_20260606_203646.png,ads2\assets\2_communication\manual_capture_20260606_203646.png,30.275952693823918,23.968462549277266,69.38239159001313,17.660972404730618,ads,uncertain,unknown,actionable,uncertain,uncertain,,action_target,detector,positive,,2026-07-12T07:04:59.953308+00:00,2026-07-12T07:04:59.953308+00:00
145,file_fa29544185312375,asset_595638b8d7a34d3f,D:\Projects\adb_vl\ads2\assets\2_communication\manual_rescue_20260625_144957_original.png,ads2\assets\2_communication\manual_rescue_20260625_144957_original.png,908.1407035175879,22.914572864321606,36.18090452261299,20.50251256281407,ads,clean_fullscreen,raw,actionable,uncertain,uncertain,,action_target,detector,positive,,2026-07-12T08:57:03.230848+00:00,2026-07-12T08:57:03.230848+00:00
522,file_fa4a0b282f3e3fb0,asset_c214e16bf65e4d9c,D:\Projects\adb_vl\vision_platform\ads\runtime_collection\click_success\click_success_20260718_103201_251\pre_click.png,vision_platform\ads\runtime_collection\click_success\click_success_20260718_103201_251\pre_click.png,413.7674418604651,351.25581395348837,86.32558139534882,29.767441860465112,shared,clean_fullscreen,raw,actionable,uncertain,uncertain,play,action_target,detector,positive,,2026-07-18T08:42:03.295639+00:00,2026-07-18T08:42:03.295639+00:00
523,file_fa4a0b282f3e3fb0,asset_c214e16bf65e4d9c,D:\Projects\adb_vl\vision_platform\ads\runtime_collection\click_success\click_success_20260718_103201_251\pre_click.png,vision_platform\ads\runtime_collection\click_success\click_success_20260718_103201_251\pre_click.png,555.1627906976744,352.74418604651163,80.37209302325584,26.790697674418595,shared,clean_fullscreen,raw,actionable,uncertain,uncertain,play,action_target,detector,positive,,2026-07-18T08:42:03.315107+00:00,2026-07-18T08:42:03.315107+00:00
524,file_fa4a0b282f3e3fb0,asset_c214e16bf65e4d9c,D:\Projects\adb_vl\vision_platform\ads\runtime_collection\click_success\click_success_20260718_103201_251\pre_click.png,vision_platform\ads\runtime_collection\click_success\click_success_20260718_103201_251\pre_click.png,693.5813953488372,349.7674418604651,83.34883720930236,31.25581395348837,shared,clean_fullscreen,raw,actionable,uncertain,uncertain,play,action_target,detector,positive,,2026-07-18T08:42:03.328447+00:00,2026-07-18T08:42:03.328447+00:00
525,file_fa4a0b282f3e3fb0,asset_c214e16bf65e4d9c,D:\Projects\adb_vl\vision_platform\ads\runtime_collection\click_success\click_success_20260718_103201_251\pre_click.png,vision_platform\ads\runtime_collection\click_success\click_success_20260718_103201_251\pre_click.png,833.4883720930233,351.25581395348837,89.30232558139528,29.767441860465112,ads,clean_fullscreen,raw,actionable,uncertain,uncertain,play,action_target,detector,positive,,2026-07-18T08:42:03.356987+00:00,2026-07-18T08:51:13.057712+00:00
583,file_fa5492e3bc87991d,asset_08eebe7108e5b5d9,D:\Projects\adb_vl\vision_platform\ads\runtime_collection\click_success\click_success_20260718_105309_318\pre_click.png,vision_platform\ads\runtime_collection\click_success\click_success_20260718_105309_318\pre_click.png,890.046511627907,23.813953488372093,61.02325581395348,41.674418604651166,ads,clean_fullscreen,raw,actionable,uncertain,uncertain,,action_target,detector,positive,,2026-07-18T08:48:13.715933+00:00,2026-07-18T08:48:13.715933+00:00
58,file_fb0a9f57a7a57a2c,asset_9a48f187dd79d17e,D:\Projects\adb_vl\ads2\assets\2_communication\manual_rescue_20260607_163135_original.png,ads2\assets\2_communication\manual_rescue_20260607_163135_original.png,912.9648241206029,21.708542713567837,26.53266331658301,21.708542713567837,ads,clean_fullscreen,raw,actionable,uncertain,uncertain,,action_target,detector,positive,,2026-07-12T07:35:34.442794+00:00,2026-07-12T07:35:34.442794+00:00
102,file_fb32fd3ff288c730,asset_c43fdae72ed2e2d5,D:\Projects\adb_vl\ads2\assets\2_communication\manual_rescue_20260613_145759_original.png,ads2\assets\2_communication\manual_rescue_20260613_145759_original.png,908.1407035175879,21.708542713567837,34.9748743718593,21.708542713567837,ads,clean_fullscreen,raw,actionable,uncertain,uncertain,,action_target,detector,positive,,2026-07-12T07:41:50.733297+00:00,2026-07-12T07:41:50.733297+00:00
461,file_fb5a9c7ca47d74c9,asset_36af96f4aa307967,D:\Projects\adb_vl\vision_platform\ads\runtime_collection\click_success\click_success_20260718_104611_338\pre_click.png,vision_platform\ads\runtime_collection\click_success\click_success_20260718_104611_338\pre_click.png,278.3255813953488,336.3720930232558,96.74418604651163,26.790697674418652,shared,clean_fullscreen,raw,actionable,uncertain,uncertain,play,action_target,detector,positive,,2026-07-18T08:36:50.743385+00:00,2026-07-18T08:36:50.743385+00:00
185,file_fcc2dd3c9616f0e9,asset_1e1d8fffca1a6dfb,D:\Projects\adb_vl\ads2\assets\3_reference_screens\ad_issue_20260606_042257.png,ads2\assets\3_reference_screens\ad_issue_20260606_042257.png,27.752956636005255,23.968462549277266,128.67279894875165,17.660972404730618,ads,uncertain,raw,actionable,uncertain,uncertain,,action_target,detector,positive,,2026-07-12T09:05:24.459228+00:00,2026-07-12T09:05:24.459228+00:00
711,file_fcd6175ba165adef,asset_999c2354c842668c,D:\Projects\adb_vl\vision_platform\ads\runtime_collection\click_success\click_success_20260713_082031_822\pre_click.png,vision_platform\ads\runtime_collection\click_success\click_success_20260713_082031_822\pre_click.png,418.2325581395349,139.90697674418604,120.55813953488376,35.720930232558146,shared,clean_fullscreen,raw,actionable,uncertain,uncertain,got,action_target,detector,positive,,2026-07-21T10:04:49.798873+00:00,2026-07-21T10:04:49.798873+00:00
22,file_fdb8b473ec271a1b,asset_105b675b3aaac632,D:\Projects\adb_vl\ads2\assets\2_communication\manual_rescue_20260607_085540_original.png,ads2\assets\2_communication\manual_rescue_20260607_085540_original.png,428.1407035175879,143.51758793969847,97.6884422110553,31.356783919598,shared,clean_fullscreen,raw,actionable,uncertain,uncertain,,action_target,detector,positive,,2026-07-12T07:24:20.764515+00:00,2026-07-12T07:24:20.764515+00:00
572,file_fe3c153bd2345be4,asset_8e0ca4346ff5797d,D:\Projects\adb_vl\vision_platform\ads\runtime_collection\click_success\click_success_20260718_105226_844\pre_click.png,vision_platform\ads\runtime_collection\click_success\click_success_20260718_105226_844\pre_click.png,16.372093023255815,23.813953488372093,96.74418604651163,43.162790697674424,ads,clean_fullscreen,raw,actionable,uncertain,uncertain,,action_target,detector,positive,,2026-07-18T08:47:09.963929+00:00,2026-07-18T08:47:09.963929+00:00
720,file_fe6a47e9a2308e31,asset_651a6a3f27131644,D:\Projects\adb_vl\vision_platform\ads\runtime_collection\click_success\click_success_20260713_081154_299\pre_click.png,vision_platform\ads\runtime_collection\click_success\click_success_20260713_081154_299\pre_click.png,418.2325581395349,139.90697674418604,120.55813953488376,35.720930232558146,shared,clean_fullscreen,raw,actionable,uncertain,uncertain,got,action_target,detector,positive,,2026-07-21T10:04:52.325325+00:00,2026-07-21T10:04:52.325325+00:00
740,file_ff9b94015029feb7,asset_e8d240395ba90ae2,D:\Projects\adb_vl\vision_platform\ads\runtime_collection\click_success\click_success_20260713_081645_261\pre_click.png,vision_platform\ads\runtime_collection\click_success\click_success_20260713_081645_261\pre_click.png,418.2325581395349,139.90697674418604,120.55813953488376,35.720930232558146,shared,clean_fullscreen,raw,actionable,uncertain,uncertain,got,action_target,detector,positive,,2026-07-21T10:05:00.874210+00:00,2026-07-21T10:05:00.874210+00:00
