instance_id,content_id,original_path,relative_path,vision_domain,asset_role,image_scope,asset_type,representation,families,review_status,note,created_at,updated_at
file_b040dd17ca19329c,asset_1bb199c29d32b6fe,D:\Projects\adb_vl\ads2\assets\1_templates\close_glyphs\google_play_pill_edge.png,ads2\assets\1_templates\close_glyphs\google_play_pill_edge.png,ads,template,crop,template,edge_glyph,google_play,reviewed,,2026-07-14T14:40:21.009079+00:00,2026-07-14T14:40:38.794632+00:00
file_670c62c5320205f4,asset_d37ef6afc1bb29cb,D:\Projects\adb_vl\ads2\assets\1_templates\close_glyphs\skip_next_edge.png,ads2\assets\1_templates\close_glyphs\skip_next_edge.png,ads,template,crop,template,edge_glyph,arrow,reviewed,,2026-07-14T14:41:18.168522+00:00,2026-07-14T14:41:26.430538+00:00
file_bb614e957ab55bfb,asset_d6d7c33a252f2dc5,D:\Projects\adb_vl\ads2\assets\1_templates\close_glyphs\skip_next_text_edge.png,ads2\assets\1_templates\close_glyphs\skip_next_text_edge.png,ads,template,crop,template,edge_glyph,uncertain,reviewed,,2026-07-14T14:42:19.773463+00:00,2026-07-14T14:42:42.874938+00:00
file_245ef374f6c4268c,asset_7dbc3094aa7539f0,D:\Projects\adb_vl\ads2\assets\1_templates\close_icons\ad_issue_20260606_042257_roi_0.png,ads2\assets\1_templates\close_icons\ad_issue_20260606_042257_roi_0.png,ads,template,crop,template,raw,google_play,reviewed,,2026-07-14T14:40:49.755551+00:00,2026-07-16T12:37:36.806395+00:00
file_c1b82b89ebab2308,asset_d94a12829e570c5c,D:\Projects\adb_vl\ads2\assets\1_templates\close_icons\ad_issue_20260606_042353_roi_0.png,ads2\assets\1_templates\close_icons\ad_issue_20260606_042353_roi_0.png,ads,template,crop,template,raw,x_mark,reviewed,,2026-07-14T14:44:55.688452+00:00,2026-07-14T14:44:59.208693+00:00
file_0796700f3e89b234,asset_62c0598db37c8764,D:\Projects\adb_vl\ads2\assets\1_templates\close_icons\ad_issue_20260606_042429_roi_0.png,ads2\assets\1_templates\close_icons\ad_issue_20260606_042429_roi_0.png,ads,template,crop,template,raw,x_mark,reviewed,,2026-07-14T13:09:45.552879+00:00,2026-07-14T13:09:46.182621+00:00
file_ed7ecf2d8c86d633,asset_643bd48faa917df4,D:\Projects\adb_vl\ads2\assets\1_templates\close_icons\ad_issue_20260606_043419_roi_0.png,ads2\assets\1_templates\close_icons\ad_issue_20260606_043419_roi_0.png,ads,template,crop,template,raw,x_mark,reviewed,,2026-07-14T14:44:49.539259+00:00,2026-07-14T14:44:50.014072+00:00
file_e98356e6d5b0d025,asset_759712a0fa58d9bb,D:\Projects\adb_vl\ads2\assets\1_templates\close_icons\ad_issue_20260606_044156_roi_0.png,ads2\assets\1_templates\close_icons\ad_issue_20260606_044156_roi_0.png,ads,template,crop,template,raw,arrow,reviewed,,2026-07-14T14:44:51.019848+00:00,2026-07-14T14:44:55.109651+00:00
file_ff68673e47bf2194,asset_811965ed2f4bf3fe,D:\Projects\adb_vl\ads2\assets\1_templates\close_icons\ad_issue_20260606_044653_roi_0.png,ads2\assets\1_templates\close_icons\ad_issue_20260606_044653_roi_0.png,ads,template,crop,template,raw,x_mark,reviewed,,2026-07-14T14:44:50.039989+00:00,2026-07-14T14:44:50.483466+00:00
file_0c54c714e6e4e54c,asset_ef19a71539533c38,D:\Projects\adb_vl\ads2\assets\1_templates\close_icons\ad_issue_20260606_044717_roi_0.png,ads2\assets\1_templates\close_icons\ad_issue_20260606_044717_roi_0.png,ads,template,crop,template,raw,x_mark,reviewed,,2026-07-14T13:09:46.220546+00:00,2026-07-14T13:09:47.117827+00:00
file_38f39cb8171bbccd,asset_f05a7a52f60d291b,D:\Projects\adb_vl\ads2\assets\1_templates\close_icons\ad_issue_20260606_045316_roi_0.png,ads2\assets\1_templates\close_icons\ad_issue_20260606_045316_roi_0.png,ads,template,crop,template,raw,arrow,reviewed,,2026-07-14T14:43:02.709525+00:00,2026-07-16T12:38:26.460700+00:00
file_01fce48c5f827243,asset_ee02f730b82612e5,D:\Projects\adb_vl\ads2\assets\1_templates\close_icons\ad_issue_20260606_045709_roi_0.png,ads2\assets\1_templates\close_icons\ad_issue_20260606_045709_roi_0.png,ads,template,crop,template,raw,google_play,reviewed,,2026-07-14T14:43:04.292808+00:00,2026-07-14T14:43:12.189615+00:00
file_53f6b240d7847ed6,asset_ca994ca16a3dcd00,D:\Projects\adb_vl\ads2\assets\1_templates\close_icons\ad_issue_20260606_052002_roi_15.png,ads2\assets\1_templates\close_icons\ad_issue_20260606_052002_roi_15.png,ads,template,crop,template,raw,x_mark,reviewed,,2026-07-14T14:43:19.259735+00:00,2026-07-16T12:38:27.556760+00:00
file_a4f0c7925d120a09,asset_2a7b5573529608a3,D:\Projects\adb_vl\ads2\assets\1_templates\close_icons\ad_issue_20260606_052302_roi_0.png,ads2\assets\1_templates\close_icons\ad_issue_20260606_052302_roi_0.png,ads,template,crop,template,raw,x_mark,reviewed,,2026-07-14T14:41:37.181275+00:00,2026-07-14T14:41:38.703181+00:00
file_8adc86c006864b12,asset_8829832efa233731,D:\Projects\adb_vl\ads2\assets\1_templates\close_icons\ad_issue_20260606_081550_roi_9.png,ads2\assets\1_templates\close_icons\ad_issue_20260606_081550_roi_9.png,ads,template,crop,template,raw,next,reviewed,,2026-07-14T14:40:38.831233+00:00,2026-07-14T14:40:45.652168+00:00
file_541955e3cd16d297,asset_bf08eee05826fbbb,D:\Projects\adb_vl\ads2\assets\1_templates\close_icons\ad_issue_20260606_082946_roi_0.png,ads2\assets\1_templates\close_icons\ad_issue_20260606_082946_roi_0.png,ads,template,crop,template,raw,google_play,reviewed,,2026-07-14T14:44:11.555849+00:00,2026-07-14T14:44:14.874648+00:00
file_f897e9b9181629ee,asset_d67b35832487e707,D:\Projects\adb_vl\ads2\assets\1_templates\close_icons\ad_issue_20260606_083435_roi_0.png,ads2\assets\1_templates\close_icons\ad_issue_20260606_083435_roi_0.png,ads,template,crop,template,raw,google_play,reviewed,,2026-07-14T13:10:09.030703+00:00,2026-07-16T12:37:08.406831+00:00
file_183d636c777c6ea5,asset_0038b293d3fef86c,D:\Projects\adb_vl\ads2\assets\1_templates\close_icons\ad_issue_20260606_084107_roi_0.png,ads2\assets\1_templates\close_icons\ad_issue_20260606_084107_roi_0.png,ads,template,crop,template,raw,google_play,reviewed,,2026-07-14T14:40:19.354944+00:00,2026-07-14T14:40:20.974916+00:00
file_50c793b7bc956a13,asset_c67d1ef1a4afa50d,D:\Projects\adb_vl\ads2\assets\1_templates\close_icons\close_1.png,ads2\assets\1_templates\close_icons\close_1.png,ads,template,crop,template,raw,arrow,reviewed,,2026-07-14T14:44:15.589932+00:00,2026-07-16T12:38:30.173158+00:00
file_13eecab8cd7c9374,asset_5b3fbaac886e6b1c,D:\Projects\adb_vl\ads2\assets\1_templates\close_icons\close_10.png,ads2\assets\1_templates\close_icons\close_10.png,ads,template,crop,template,raw,arrow,reviewed,,2026-07-14T14:44:25.584551+00:00,2026-07-14T14:44:29.358104+00:00
file_910f6d13ad48178b,asset_814457f65714bfe8,D:\Projects\adb_vl\ads2\assets\1_templates\close_icons\close_11.png,ads2\assets\1_templates\close_icons\close_11.png,ads,template,crop,template,raw,arrow,reviewed,,2026-07-14T14:41:38.723168+00:00,2026-07-14T14:41:47.116241+00:00
file_88b1cc8a3de93123,asset_44aa502360ac075b,D:\Projects\adb_vl\ads2\assets\1_templates\close_icons\close_12.png,ads2\assets\1_templates\close_icons\close_12.png,ads,template,crop,template,raw,x_mark,reviewed,,2026-07-14T14:43:56.693372+00:00,2026-07-14T14:44:02.295463+00:00
file_a5a5bd5ba2f1d724,asset_781a510f3a857316,D:\Projects\adb_vl\ads2\assets\1_templates\close_icons\close_13.png,ads2\assets\1_templates\close_icons\close_13.png,ads,template,crop,template,raw,arrow,reviewed,,2026-07-14T14:44:30.561672+00:00,2026-07-14T14:44:31.086421+00:00
file_e01dd7c029653e86,asset_7513f11f0e141a8c,D:\Projects\adb_vl\ads2\assets\1_templates\close_icons\close_14.png,ads2\assets\1_templates\close_icons\close_14.png,ads,template,crop,template,raw,x_mark,reviewed,,2026-07-14T14:40:57.997480+00:00,2026-07-16T12:38:09.866719+00:00
file_4bf9c732ffcf4bd7,asset_b7e64faadd9ca7c4,D:\Projects\adb_vl\ads2\assets\1_templates\close_icons\close_15.png,ads2\assets\1_templates\close_icons\close_15.png,ads,template,crop,template,raw,arrow,reviewed,,2026-07-14T13:09:48.250629+00:00,2026-07-14T13:09:52.514809+00:00
file_f1c7f92038128586,asset_5d7e57a62103e2c1,D:\Projects\adb_vl\ads2\assets\1_templates\close_icons\close_16.png,ads2\assets\1_templates\close_icons\close_16.png,ads,template,crop,template,raw,arrow,reviewed,,2026-07-14T14:44:10.935345+00:00,2026-07-14T14:44:11.535683+00:00
file_c6293287feb9bff3,asset_9fdb4db2e3fe6848,D:\Projects\adb_vl\ads2\assets\1_templates\close_icons\close_17.png,ads2\assets\1_templates\close_icons\close_17.png,ads,template,crop,template,raw,x_mark,reviewed,,2026-07-14T14:44:48.916951+00:00,2026-07-14T14:44:49.517659+00:00
file_54f5287c84fc7e1d,asset_db80ab2f7ad7e606,D:\Projects\adb_vl\ads2\assets\1_templates\close_icons\close_18.png,ads2\assets\1_templates\close_icons\close_18.png,ads,template,crop,template,raw,arrow,reviewed,,2026-07-14T14:44:02.324081+00:00,2026-07-14T14:44:09.636553+00:00
file_a195dd7ba6135547,asset_e3aa0c73c537c671,D:\Projects\adb_vl\ads2\assets\1_templates\close_icons\close_19.png,ads2\assets\1_templates\close_icons\close_19.png,ads,template,crop,template,raw,arrow,reviewed,,2026-07-14T14:44:29.385057+00:00,2026-07-14T14:44:29.965727+00:00
file_e16e35dc922172f8,asset_565f2f8c61c441ed,D:\Projects\adb_vl\ads2\assets\1_templates\close_icons\close_2.png,ads2\assets\1_templates\close_icons\close_2.png,ads,template,crop,template,raw,x_mark,reviewed,故意裁歪  實際上是左邊的X,2026-07-14T13:09:34.660536+00:00,2026-07-14T13:09:36.410711+00:00
file_2200224e47c6acf2,asset_fe436527d7d5643c,D:\Projects\adb_vl\ads2\assets\1_templates\close_icons\close_20.png,ads2\assets\1_templates\close_icons\close_20.png,ads,template,crop,template,raw,arrow,reviewed,,2026-07-14T14:44:29.986332+00:00,2026-07-16T12:38:38.236060+00:00
file_857e5225a2b06af8,asset_927b02d71a0d5e87,D:\Projects\adb_vl\ads2\assets\1_templates\close_icons\close_21.png,ads2\assets\1_templates\close_icons\close_21.png,ads,template,crop,template,raw,arrow,reviewed,,2026-07-14T14:44:36.889211+00:00,2026-07-14T14:44:41.973426+00:00
file_d109bb027585db3a,asset_384d89598f4f57fc,D:\Projects\adb_vl\ads2\assets\1_templates\close_icons\close_22.png,ads2\assets\1_templates\close_icons\close_22.png,ads,template,crop,template,raw,arrow,reviewed,,2026-07-14T14:43:12.211659+00:00,2026-07-14T14:43:15.534438+00:00
file_abf6a9593a794d4f,asset_0f7f87e6da29ae62,D:\Projects\adb_vl\ads2\assets\1_templates\close_icons\close_23.png,ads2\assets\1_templates\close_icons\close_23.png,ads,template,crop,template,raw,arrow,reviewed,,2026-07-14T13:09:36.450015+00:00,2026-07-14T13:09:41.881020+00:00
file_4a39bc8220b54bcf,asset_0adb2ecfead6543b,D:\Projects\adb_vl\ads2\assets\1_templates\close_icons\close_24.png,ads2\assets\1_templates\close_icons\close_24.png,ads,template,crop,template,raw,x_mark,reviewed,,2026-07-14T13:09:31.207627+00:00,2026-07-14T13:09:34.636066+00:00
file_acc7870ed969732e,asset_d9b4a93cc253ae66,D:\Projects\adb_vl\ads2\assets\1_templates\close_icons\close_25.png,ads2\assets\1_templates\close_icons\close_25.png,ads,template,crop,template,raw,x_mark,reviewed,,2026-07-14T14:40:45.684690+00:00,2026-07-14T14:40:49.734189+00:00
file_2aafaa2342e7ff6d,asset_649d289a08c9fe33,D:\Projects\adb_vl\ads2\assets\1_templates\close_icons\close_3.png,ads2\assets\1_templates\close_icons\close_3.png,ads,template,crop,template,raw,arrow,reviewed,,2026-07-14T14:43:01.759572+00:00,2026-07-14T14:43:02.686587+00:00
file_d4c87444e5015593,asset_00f02ef77adb18c4,D:\Projects\adb_vl\ads2\assets\1_templates\close_icons\close_4.png,ads2\assets\1_templates\close_icons\close_4.png,ads,template,crop,template,raw,arrow,reviewed,,2026-07-14T14:44:09.661630+00:00,2026-07-16T12:38:28.790928+00:00
file_cd80a32dc3ce69d3,asset_59b134576fd486a2,D:\Projects\adb_vl\ads2\assets\1_templates\close_icons\close_5.png,ads2\assets\1_templates\close_icons\close_5.png,ads,template,crop,template,raw,arrow,reviewed,,2026-07-14T14:41:26.451854+00:00,2026-07-14T14:41:27.950226+00:00
file_144f33590c886b45,asset_acdbf97adac6c560,D:\Projects\adb_vl\ads2\assets\1_templates\close_icons\close_6.png,ads2\assets\1_templates\close_icons\close_6.png,ads,template,crop,template,raw,next,reviewed,,2026-07-14T14:41:59.577655+00:00,2026-07-14T14:42:02.620938+00:00
file_53c205606c848750,asset_38da3057c3705cb4,D:\Projects\adb_vl\ads2\assets\1_templates\close_icons\close_7.png,ads2\assets\1_templates\close_icons\close_7.png,ads,template,crop,template,raw,x_mark,reviewed,,2026-07-14T13:09:47.140909+00:00,2026-07-14T13:09:48.222355+00:00
file_af0af020e1d87e2e,asset_071ca7bff74e053c,D:\Projects\adb_vl\ads2\assets\1_templates\close_icons\close_8.png,ads2\assets\1_templates\close_icons\close_8.png,ads,template,crop,template,raw,arrow,reviewed,,2026-07-14T14:44:41.992618+00:00,2026-07-14T14:44:42.844618+00:00
file_55b41688a921e7a4,asset_f54277695108c8b6,D:\Projects\adb_vl\ads2\assets\1_templates\close_icons\close_9.png,ads2\assets\1_templates\close_icons\close_9.png,ads,template,crop,template,raw,arrow,reviewed,,2026-07-14T14:42:57.787188+00:00,2026-07-14T14:43:01.738194+00:00
file_c88fffda1bde6376,asset_fc192034daaaf1b7,D:\Projects\adb_vl\ads2\assets\1_templates\close_icons\close_back_gp.png,ads2\assets\1_templates\close_icons\close_back_gp.png,ads,template,crop,template,raw,arrow,reviewed,,2026-07-14T14:44:55.132954+00:00,2026-07-14T14:44:55.667882+00:00
file_bde160b4ff62fd23,asset_14abfab802adf40c,D:\Projects\adb_vl\ads2\assets\1_templates\close_icons\close_skip_gp.png,ads2\assets\1_templates\close_icons\close_skip_gp.png,ads,template,crop,template,raw,google_play,reviewed,,2026-07-14T14:44:14.902974+00:00,2026-07-14T14:44:15.561826+00:00
file_e43f95fcbeed911e,asset_bc5f8a22689dda23,D:\Projects\adb_vl\ads2\assets\1_templates\close_icons\close_skip_gp2.png,ads2\assets\1_templates\close_icons\close_skip_gp2.png,ads,template,crop,template,raw,google_play,reviewed,,2026-07-14T13:10:00.713557+00:00,2026-07-14T13:10:09.010950+00:00
file_85f3c0bdc5e04e1d,asset_5d48c64cdd081609,D:\Projects\adb_vl\ads2\assets\1_templates\close_icons\close_skip_gp3.png,ads2\assets\1_templates\close_icons\close_skip_gp3.png,ads,template,crop,template,raw,google_play,reviewed,,2026-07-14T14:40:14.567540+00:00,2026-07-16T12:37:32.808637+00:00
file_1cb77f3034b09b56,asset_ef6efb79aed47f4a,D:\Projects\adb_vl\ads2\assets\1_templates\close_icons\close_skip_next.png,ads2\assets\1_templates\close_icons\close_skip_next.png,ads,template,crop,template,raw,next,reviewed,,2026-07-14T14:40:54.203691+00:00,2026-07-14T14:40:57.966091+00:00
file_8aa403fa0a5d2da9,asset_6e9c3a68167cfe89,D:\Projects\adb_vl\ads2\assets\1_templates\close_icons\close_skip_next2.png,ads2\assets\1_templates\close_icons\close_skip_next2.png,ads,template,crop,template,raw,next,reviewed,,2026-07-14T14:41:27.981860+00:00,2026-07-14T14:41:31.998073+00:00
file_7a30ab4de7eb758c,asset_b2c26a493402602b,D:\Projects\adb_vl\ads2\assets\1_templates\close_icons\close_x_end.png,ads2\assets\1_templates\close_icons\close_x_end.png,ads,template,crop,template,raw,x_mark,reviewed,,2026-07-14T13:09:41.908021+00:00,2026-07-14T13:09:45.532760+00:00
file_7b6a90286e8fac3a,asset_f23d35799ad854e5,D:\Projects\adb_vl\ads2\assets\1_templates\close_icons\close_x_end2.png,ads2\assets\1_templates\close_icons\close_x_end2.png,ads,template,crop,template,raw,x_mark,reviewed,,2026-07-14T13:09:52.545695+00:00,2026-07-14T13:10:00.694136+00:00
file_91bbfc8a9546e898,asset_702ce9c110ac8383,D:\Projects\adb_vl\ads2\assets\1_templates\close_icons\close_x_gp.png,ads2\assets\1_templates\close_icons\close_x_gp.png,ads,template,crop,template,raw,x_mark,reviewed,,2026-07-14T14:44:59.229004+00:00,2026-07-14T14:44:59.617765+00:00
file_3dbd94023a2aefb9,asset_ae17f2d94d0c0ab9,D:\Projects\adb_vl\ads2\assets\1_templates\close_icons\close_x_gp2.png,ads2\assets\1_templates\close_icons\close_x_gp2.png,ads,template,crop,template,raw,x_mark,reviewed,,2026-07-14T14:44:50.515164+00:00,2026-07-14T14:44:50.996675+00:00
file_0da1190477d9a899,asset_720686941c854cbf,D:\Projects\adb_vl\ads2\assets\1_templates\close_icons\close_x_left.png,ads2\assets\1_templates\close_icons\close_x_left.png,ads,template,crop,template,raw,x_mark,reviewed,,2026-07-14T14:43:15.572921+00:00,2026-07-14T14:43:19.232650+00:00
file_d69076ccf60a2327,asset_172ddc86ac086eee,D:\Projects\adb_vl\ads2\assets\1_templates\close_icons\close_x_momo.png,ads2\assets\1_templates\close_icons\close_x_momo.png,ads,template,crop,template,raw,x_mark,reviewed,,2026-07-14T14:41:32.020134+00:00,2026-07-14T14:41:37.153793+00:00
file_c590ebbfe9db64ca,asset_6802a78b1f5efa66,D:\Projects\adb_vl\ads2\assets\1_templates\close_icons\close_x_valor.png,ads2\assets\1_templates\close_icons\close_x_valor.png,ads,template,crop,template,raw,x_mark,reviewed,,2026-07-14T14:41:03.022821+00:00,2026-07-14T14:41:09.315166+00:00
file_ac306bdc17a9bfa0,asset_2af1b7045f897a9e,D:\Projects\adb_vl\ads2\assets\1_templates\free_ad_icons\close_26.png,ads2\assets\1_templates\free_ad_icons\close_26.png,ads,template,crop,template,raw,free,reviewed,,2026-07-14T14:42:06.562667+00:00,2026-07-14T14:42:11.981731+00:00
file_b4be82e5125f9663,asset_48f6dabf3e612bc9,D:\Projects\adb_vl\ads2\assets\1_templates\free_ad_icons\free_ad_1.png,ads2\assets\1_templates\free_ad_icons\free_ad_1.png,ads,template,crop,template,raw,play_triangle,reviewed,,2026-07-14T14:41:56.518763+00:00,2026-07-14T14:41:58.016917+00:00
file_5e0324fe7516c5f3,asset_52da1398bb93a963,D:\Projects\adb_vl\ads2\assets\1_templates\free_ad_icons\free_ad_2.png,ads2\assets\1_templates\free_ad_icons\free_ad_2.png,ads,template,crop,template,raw,free,reviewed,,2026-07-14T14:41:09.335565+00:00,2026-07-14T14:41:18.138590+00:00
file_761ee5c898e32ec0,asset_60d2812156135339,D:\Projects\adb_vl\ads2\assets\1_templates\free_ad_icons\free_ad_3.png,ads2\assets\1_templates\free_ad_icons\free_ad_3.png,ads,template,crop,template,raw,free,reviewed,,2026-07-14T14:42:17.247158+00:00,2026-07-14T14:42:19.751253+00:00
file_1bc799289cb34fdb,asset_5c6d076a9a21278e,D:\Projects\adb_vl\ads2\assets\1_templates\free_ad_icons\free_ad_9.png,ads2\assets\1_templates\free_ad_icons\free_ad_9.png,ads,template,crop,template,raw,play_triangle,reviewed,,2026-07-14T14:41:58.783648+00:00,2026-07-16T12:38:19.200534+00:00
file_ed1467fb03b0b8ba,asset_d8a2f9660c5625b5,D:\Projects\adb_vl\ads2\assets\1_templates\free_ad_icons\播放.png,ads2\assets\1_templates\free_ad_icons\播放.png,ads,template,crop,template,raw,play_triangle,reviewed,,2026-07-14T14:42:02.642518+00:00,2026-07-14T14:42:06.530855+00:00
file_ec6a1f4e95a8737e,asset_58ed244c7878bcd7,D:\Projects\adb_vl\ads2\assets\1_templates\got_icons\got2.png,ads2\assets\1_templates\got_icons\got2.png,ads,template,crop,template,raw,got,reviewed,,2026-07-14T14:44:19.473786+00:00,2026-07-14T14:44:23.711522+00:00
file_b45e660a5a2b7d8d,asset_0d4b215867996981,D:\Projects\adb_vl\ads2\assets\1_templates\got_icons\got_1.png,ads2\assets\1_templates\got_icons\got_1.png,ads,template,crop,template,raw,got,reviewed,,2026-07-14T14:44:31.109738+00:00,2026-07-14T14:44:36.868864+00:00
file_5d287e76413cf837,asset_de76b9f42f405252,D:\Projects\adb_vl\ads2\assets\1_templates\got_icons\got_2.png,ads2\assets\1_templates\got_icons\got_2.png,ads,template,crop,template,raw,other,reviewed,,2026-07-14T14:42:45.751514+00:00,2026-07-14T14:42:53.654063+00:00
file_6f7c7aba74ab1f28,asset_0cf037e096857467,D:\Projects\adb_vl\ads2\assets\1_templates\got_icons\got_3.png,ads2\assets\1_templates\got_icons\got_3.png,ads,template,crop,template,raw,got,reviewed,,2026-07-14T14:44:23.738125+00:00,2026-07-14T14:44:24.171266+00:00
file_f1f313c24a4c1de2,asset_804eb0458e78934d,D:\Projects\adb_vl\ads2\assets\1_templates\got_icons\got_4.png,ads2\assets\1_templates\got_icons\got_4.png,ads,template,crop,template,raw,got,reviewed,,2026-07-14T14:44:25.098567+00:00,2026-07-16T12:38:33.374563+00:00
file_3c94de29e8445680,asset_a1abf4a4f6070cea,D:\Projects\adb_vl\ads2\assets\1_templates\got_icons\got_5.png,ads2\assets\1_templates\got_icons\got_5.png,ads,template,crop,template,raw,got,reviewed,,2026-07-14T14:44:24.190871+00:00,2026-07-14T14:44:24.604853+00:00
file_5e99e876883b9184,asset_d082cffe4e8f8f90,D:\Projects\adb_vl\ads2\assets\1_templates\got_icons\got_6.png,ads2\assets\1_templates\got_icons\got_6.png,ads,template,crop,template,raw,got,reviewed,,2026-07-14T14:44:24.624007+00:00,2026-07-16T12:38:32.406336+00:00
file_18fbfa6f2629be44,asset_365caeff8fffb5c6,D:\Projects\adb_vl\ads2\assets\1_templates\got_icons\got_7.png,ads2\assets\1_templates\got_icons\got_7.png,ads,template,crop,template,raw,other,reviewed,,2026-07-14T14:42:53.681903+00:00,2026-07-14T14:42:57.767383+00:00
file_1a74405b65ea4cd0,asset_97756967a933d35b,D:\Projects\adb_vl\ads2\assets\1_templates\nav_icons\nav_back.png,ads2\assets\1_templates\nav_icons\nav_back.png,ads,template,crop,template,raw,other,pending,,2026-07-14T13:10:09.856741+00:00,2026-07-14T13:11:06.287512+00:00
file_b8830cb4ed6ae986,asset_7f84bdcd38bbb605,D:\Projects\adb_vl\ads2\assets\1_templates\scene_anchors\scene_5.png,ads2\assets\1_templates\scene_anchors\scene_5.png,ads,template,crop,template,raw,,pending,,2026-07-14T13:10:41.034543+00:00,2026-07-14T13:10:42.590920+00:00
file_ec85e8680fb6449d,asset_ca2b6cba35c5b2d0,D:\Projects\adb_vl\ads2\assets\1_templates\備份\ad_issue_20260606_043707_roi_0.png,ads2\assets\1_templates\備份\ad_issue_20260606_043707_roi_0.png,ads,template,crop,template,raw,x_mark,reviewed,,2026-07-14T14:45:00.123396+00:00,2026-07-14T14:45:00.812037+00:00
file_00db74143475636c,asset_085f1c813551e8c9,D:\Projects\adb_vl\ads2\assets\1_templates\備份\btn_free_ad.png,ads2\assets\1_templates\備份\btn_free_ad.png,ads,template,crop,template,raw,free|play_triangle,reviewed,,2026-07-14T14:42:12.010210+00:00,2026-07-14T14:42:17.223759+00:00
file_ecb42889e244410f,asset_600c1aa4b826d2ff,D:\Projects\adb_vl\ads2\assets\1_templates\備份\close_4.png,ads2\assets\1_templates\備份\close_4.png,ads,template,crop,template,raw,arrow,reviewed,,2026-07-14T14:42:42.896983+00:00,2026-07-14T14:42:45.731292+00:00
file_7d7da0ebe8757d20,asset_799dbc67f3bfef79,D:\Projects\adb_vl\ads2\assets\1_templates\備份\close_x_1.png,ads2\assets\1_templates\備份\close_x_1.png,ads,template,crop,template,raw,x_mark,reviewed,,2026-07-14T13:10:36.439554+00:00,2026-07-14T13:10:41.012761+00:00
file_91401f9fb819693a,asset_36b1b5a10f89b840,D:\Projects\adb_vl\ads2\assets\1_templates\備份\close_x_trans.png,ads2\assets\1_templates\備份\close_x_trans.png,ads,template,crop,template,raw,x_mark,reviewed,,2026-07-14T14:44:59.637190+00:00,2026-07-14T14:45:00.092364+00:00
file_39c21fa7d94cb2a7,asset_4fbcd7df4f1e9032,D:\Projects\adb_vl\ads2\assets\1_templates\備份\close_x_white.png,ads2\assets\1_templates\備份\close_x_white.png,ads,template,crop,template,raw,x_mark,reviewed,,2026-07-14T14:44:42.863454+00:00,2026-07-14T14:44:48.896314+00:00
file_804b831df127544b,asset_48f6dabf3e612bc9,D:\Projects\adb_vl\ads2\assets\1_templates\備份\free_ad_1.png,ads2\assets\1_templates\備份\free_ad_1.png,ads,template,crop,template,raw,play_triangle,reviewed,,2026-07-14T14:41:58.037391+00:00,2026-07-14T14:41:58.761515+00:00
file_1cb4e2befa222329,asset_72c839c107ebef49,D:\Projects\adb_vl\ads2\assets\1_templates\備份\got1.png,ads2\assets\1_templates\備份\got1.png,ads,template,crop,template,raw,got,reviewed,,2026-07-14T14:43:33.145989+00:00,2026-07-14T14:43:56.667172+00:00
file_c9b0f3fff6864aab,asset_86d49425885a0694,D:\Projects\adb_vl\ads2\assets\1_templates\備份\got_2.png,ads2\assets\1_templates\備份\got_2.png,ads,template,crop,template,raw,got,reviewed,,2026-07-14T14:43:19.815435+00:00,2026-07-14T14:43:33.101024+00:00
file_cb080ed8eb8801eb,asset_bddb4860eddcb148,D:\Projects\adb_vl\ads2\assets\1_templates\備份\got_8.png,ads2\assets\1_templates\備份\got_8.png,ads,template,crop,template,raw,play_triangle,reviewed,,2026-07-14T14:41:47.138257+00:00,2026-07-14T14:41:56.493750+00:00
file_7c9178e33b3fff2a,asset_05e39c545c2d589c,D:\Projects\adb_vl\vision_platform\ads\collections\reviewed_bbox_crops_20260718\crops\rb_000001.png,vision_platform\ads\collections\reviewed_bbox_crops_20260718\crops\rb_000001.png,ads,candidate_crop,crop,crop,raw,play_triangle,pending,model_prefill policy=top1; checkpoint=best.pt; threshold=0.50; uncertain_low=0.15; top=play_triangle:0.218,2026-07-18T23:32:49.579830+00:00,2026-07-18T23:33:37.064510+00:00
file_b842a8b9a73e90f9,asset_3ace1f0522c58233,D:\Projects\adb_vl\vision_platform\ads\collections\reviewed_bbox_crops_20260718\crops\rb_000002.png,vision_platform\ads\collections\reviewed_bbox_crops_20260718\crops\rb_000002.png,ads,candidate_crop,crop,,,free,pending,model_prefill policy=top1; checkpoint=best.pt; threshold=0.50; uncertain_low=0.15; top=free:0.200,2026-07-18T23:32:49.595652+00:00,2026-07-18T23:33:37.073864+00:00
file_a8bd722b52284058,asset_0a4e900ac50de596,D:\Projects\adb_vl\vision_platform\ads\collections\reviewed_bbox_crops_20260718\crops\rb_000003.png,vision_platform\ads\collections\reviewed_bbox_crops_20260718\crops\rb_000003.png,ads,candidate_crop,crop,,,free,pending,model_prefill policy=top1; checkpoint=best.pt; threshold=0.50; uncertain_low=0.15; top=free:0.423,2026-07-18T23:32:49.605619+00:00,2026-07-18T23:33:37.086645+00:00
file_923a209eb4157b27,asset_b9f13ebbb5033ec5,D:\Projects\adb_vl\vision_platform\ads\collections\reviewed_bbox_crops_20260718\crops\rb_000004.png,vision_platform\ads\collections\reviewed_bbox_crops_20260718\crops\rb_000004.png,ads,candidate_crop,crop,,,free,pending,model_prefill policy=top1; checkpoint=best.pt; threshold=0.50; uncertain_low=0.15; top=free:0.417,2026-07-18T23:32:49.617096+00:00,2026-07-18T23:33:37.100156+00:00
file_0567b11b04d3ff7a,asset_d4017dc915fca39d,D:\Projects\adb_vl\vision_platform\ads\collections\reviewed_bbox_crops_20260718\crops\rb_000005.png,vision_platform\ads\collections\reviewed_bbox_crops_20260718\crops\rb_000005.png,ads,candidate_crop,crop,,,x_mark,pending,model_prefill policy=top1; checkpoint=best.pt; threshold=0.50; uncertain_low=0.15; top=x_mark:0.657,2026-07-18T23:32:49.625620+00:00,2026-07-18T23:33:37.110249+00:00
file_e702683e9176fe8f,asset_0b8ff8911a7f337f,D:\Projects\adb_vl\vision_platform\ads\collections\reviewed_bbox_crops_20260718\crops\rb_000006.png,vision_platform\ads\collections\reviewed_bbox_crops_20260718\crops\rb_000006.png,ads,candidate_crop,crop,,,got,pending,model_prefill policy=top1; checkpoint=best.pt; threshold=0.50; uncertain_low=0.15; top=got:0.285,2026-07-18T23:32:49.636741+00:00,2026-07-18T23:33:37.122733+00:00
file_1ab5b7e76dc6affa,asset_dbb710b56346500c,D:\Projects\adb_vl\vision_platform\ads\collections\reviewed_bbox_crops_20260718\crops\rb_000007.png,vision_platform\ads\collections\reviewed_bbox_crops_20260718\crops\rb_000007.png,ads,candidate_crop,crop,,,free,pending,model_prefill policy=top1; checkpoint=best.pt; threshold=0.50; uncertain_low=0.15; top=free:0.395,2026-07-18T23:32:49.649118+00:00,2026-07-18T23:33:37.134837+00:00
file_8039f8fbabb21ac2,asset_3ace1f0522c58233,D:\Projects\adb_vl\vision_platform\ads\collections\reviewed_bbox_crops_20260718\crops\rb_000008.png,vision_platform\ads\collections\reviewed_bbox_crops_20260718\crops\rb_000008.png,ads,candidate_crop,crop,,,free,pending,model_prefill policy=top1; checkpoint=best.pt; threshold=0.50; uncertain_low=0.15; top=free:0.200,2026-07-18T23:32:49.662241+00:00,2026-07-18T23:33:37.147195+00:00
file_7760835d528ca64b,asset_0a4e900ac50de596,D:\Projects\adb_vl\vision_platform\ads\collections\reviewed_bbox_crops_20260718\crops\rb_000009.png,vision_platform\ads\collections\reviewed_bbox_crops_20260718\crops\rb_000009.png,ads,candidate_crop,crop,,,free,pending,model_prefill policy=top1; checkpoint=best.pt; threshold=0.50; uncertain_low=0.15; top=free:0.423,2026-07-18T23:32:49.673000+00:00,2026-07-18T23:33:37.155572+00:00
file_9ae6b115a3d4a574,asset_b9f13ebbb5033ec5,D:\Projects\adb_vl\vision_platform\ads\collections\reviewed_bbox_crops_20260718\crops\rb_000010.png,vision_platform\ads\collections\reviewed_bbox_crops_20260718\crops\rb_000010.png,ads,candidate_crop,crop,,,free,pending,model_prefill policy=top1; checkpoint=best.pt; threshold=0.50; uncertain_low=0.15; top=free:0.417,2026-07-18T23:32:49.681893+00:00,2026-07-18T23:33:37.164454+00:00
file_1826db5c62538f61,asset_4c87c089867a99c8,D:\Projects\adb_vl\vision_platform\ads\collections\reviewed_bbox_crops_20260718\crops\rb_000011.png,vision_platform\ads\collections\reviewed_bbox_crops_20260718\crops\rb_000011.png,ads,candidate_crop,crop,,,x_mark,pending,model_prefill policy=top1; checkpoint=best.pt; threshold=0.50; uncertain_low=0.15; top=x_mark:0.246,2026-07-18T23:32:49.694311+00:00,2026-07-18T23:33:37.173421+00:00
file_0504a1c09e534466,asset_86b6f2dd24a02f43,D:\Projects\adb_vl\vision_platform\ads\collections\reviewed_bbox_crops_20260718\crops\rb_000012.png,vision_platform\ads\collections\reviewed_bbox_crops_20260718\crops\rb_000012.png,ads,candidate_crop,crop,,,got,pending,model_prefill policy=top1; checkpoint=best.pt; threshold=0.50; uncertain_low=0.15; top=got:0.255,2026-07-18T23:32:49.706202+00:00,2026-07-18T23:33:37.182798+00:00
file_0c0ae5517d44b864,asset_05e39c545c2d589c,D:\Projects\adb_vl\vision_platform\ads\collections\reviewed_bbox_crops_20260718\crops\rb_000013.png,vision_platform\ads\collections\reviewed_bbox_crops_20260718\crops\rb_000013.png,ads,candidate_crop,crop,,,play_triangle,pending,model_prefill policy=top1; checkpoint=best.pt; threshold=0.50; uncertain_low=0.15; top=play_triangle:0.218,2026-07-18T23:32:49.717044+00:00,2026-07-18T23:33:37.197702+00:00
file_36e87ea76755944a,asset_3ace1f0522c58233,D:\Projects\adb_vl\vision_platform\ads\collections\reviewed_bbox_crops_20260718\crops\rb_000014.png,vision_platform\ads\collections\reviewed_bbox_crops_20260718\crops\rb_000014.png,ads,candidate_crop,crop,,,free,pending,model_prefill policy=top1; checkpoint=best.pt; threshold=0.50; uncertain_low=0.15; top=free:0.200,2026-07-18T23:32:49.731004+00:00,2026-07-18T23:33:37.206588+00:00
file_d1695a739292094f,asset_0a4e900ac50de596,D:\Projects\adb_vl\vision_platform\ads\collections\reviewed_bbox_crops_20260718\crops\rb_000015.png,vision_platform\ads\collections\reviewed_bbox_crops_20260718\crops\rb_000015.png,ads,candidate_crop,crop,,,free,pending,model_prefill policy=top1; checkpoint=best.pt; threshold=0.50; uncertain_low=0.15; top=free:0.423,2026-07-18T23:32:49.744797+00:00,2026-07-18T23:33:37.217936+00:00
file_350e5e44d7026bec,asset_f100a9014b2156a1,D:\Projects\adb_vl\vision_platform\ads\collections\reviewed_bbox_crops_20260718\crops\rb_000016.png,vision_platform\ads\collections\reviewed_bbox_crops_20260718\crops\rb_000016.png,ads,candidate_crop,crop,,,x_mark,pending,model_prefill policy=top1; checkpoint=best.pt; threshold=0.50; uncertain_low=0.15; top=x_mark:0.151,2026-07-18T23:32:49.760135+00:00,2026-07-18T23:33:37.226426+00:00
file_2529cd8543729086,asset_3339e98614734240,D:\Projects\adb_vl\vision_platform\ads\collections\reviewed_bbox_crops_20260718\crops\rb_000017.png,vision_platform\ads\collections\reviewed_bbox_crops_20260718\crops\rb_000017.png,ads,candidate_crop,crop,,,got,pending,model_prefill policy=top1; checkpoint=best.pt; threshold=0.50; uncertain_low=0.15; top=got:0.257,2026-07-18T23:32:49.777998+00:00,2026-07-18T23:33:37.236328+00:00
file_e9ee06a1f16eb507,asset_0f4b94e17468addc,D:\Projects\adb_vl\vision_platform\ads\collections\reviewed_bbox_crops_20260718\crops\rb_000018.png,vision_platform\ads\collections\reviewed_bbox_crops_20260718\crops\rb_000018.png,ads,candidate_crop,crop,,,play_triangle,pending,model_prefill policy=top1; checkpoint=best.pt; threshold=0.50; uncertain_low=0.15; top=play_triangle:0.203,2026-07-18T23:32:49.795810+00:00,2026-07-18T23:33:37.247633+00:00
file_c2afc230dfb699a0,asset_966793a379a174df,D:\Projects\adb_vl\vision_platform\ads\collections\reviewed_bbox_crops_20260718\crops\rb_000019.png,vision_platform\ads\collections\reviewed_bbox_crops_20260718\crops\rb_000019.png,ads,candidate_crop,crop,,,free,pending,model_prefill policy=top1; checkpoint=best.pt; threshold=0.50; uncertain_low=0.15; top=free:0.287,2026-07-18T23:32:49.810183+00:00,2026-07-18T23:33:37.259195+00:00
file_24c0d6de0c1393cc,asset_36d53dd90fea6af5,D:\Projects\adb_vl\vision_platform\ads\collections\reviewed_bbox_crops_20260718\crops\rb_000020.png,vision_platform\ads\collections\reviewed_bbox_crops_20260718\crops\rb_000020.png,ads,candidate_crop,crop,,,free,pending,model_prefill policy=top1; checkpoint=best.pt; threshold=0.50; uncertain_low=0.15; top=free:0.577,2026-07-18T23:32:49.821032+00:00,2026-07-18T23:33:37.269878+00:00
file_7bdb91d7d8853f5c,asset_64e580b703f7b099,D:\Projects\adb_vl\vision_platform\ads\collections\reviewed_bbox_crops_20260718\crops\rb_000021.png,vision_platform\ads\collections\reviewed_bbox_crops_20260718\crops\rb_000021.png,ads,candidate_crop,crop,,,got,pending,model_prefill policy=top1; checkpoint=best.pt; threshold=0.50; uncertain_low=0.15; top=got:0.273,2026-07-18T23:32:49.834052+00:00,2026-07-18T23:33:37.291065+00:00
file_97087fc40d12ee4c,asset_0f4b94e17468addc,D:\Projects\adb_vl\vision_platform\ads\collections\reviewed_bbox_crops_20260718\crops\rb_000022.png,vision_platform\ads\collections\reviewed_bbox_crops_20260718\crops\rb_000022.png,ads,candidate_crop,crop,,,play_triangle,pending,model_prefill policy=top1; checkpoint=best.pt; threshold=0.50; uncertain_low=0.15; top=play_triangle:0.203,2026-07-18T23:32:49.843920+00:00,2026-07-18T23:33:37.303920+00:00
file_c0732ecb975d0119,asset_4c87c089867a99c8,D:\Projects\adb_vl\vision_platform\ads\collections\reviewed_bbox_crops_20260718\crops\rb_000023.png,vision_platform\ads\collections\reviewed_bbox_crops_20260718\crops\rb_000023.png,ads,candidate_crop,crop,,,x_mark,pending,model_prefill policy=top1; checkpoint=best.pt; threshold=0.50; uncertain_low=0.15; top=x_mark:0.246,2026-07-18T23:32:49.858305+00:00,2026-07-18T23:33:37.311830+00:00
file_15ea69f1ca4eff57,asset_263e7f9b0146a7b8,D:\Projects\adb_vl\vision_platform\ads\collections\reviewed_bbox_crops_20260718\crops\rb_000024.png,vision_platform\ads\collections\reviewed_bbox_crops_20260718\crops\rb_000024.png,ads,candidate_crop,crop,,,got,pending,model_prefill policy=top1; checkpoint=best.pt; threshold=0.50; uncertain_low=0.15; top=got:0.270,2026-07-18T23:32:49.879382+00:00,2026-07-18T23:33:37.321745+00:00
file_f1adeefce6189721,asset_0f4b94e17468addc,D:\Projects\adb_vl\vision_platform\ads\collections\reviewed_bbox_crops_20260718\crops\rb_000025.png,vision_platform\ads\collections\reviewed_bbox_crops_20260718\crops\rb_000025.png,ads,candidate_crop,crop,,,play_triangle,pending,model_prefill policy=top1; checkpoint=best.pt; threshold=0.50; uncertain_low=0.15; top=play_triangle:0.203,2026-07-18T23:32:49.901761+00:00,2026-07-18T23:33:37.332713+00:00
file_ab1710fbb3d42a20,asset_36d53dd90fea6af5,D:\Projects\adb_vl\vision_platform\ads\collections\reviewed_bbox_crops_20260718\crops\rb_000026.png,vision_platform\ads\collections\reviewed_bbox_crops_20260718\crops\rb_000026.png,ads,candidate_crop,crop,,,free,pending,model_prefill policy=top1; checkpoint=best.pt; threshold=0.50; uncertain_low=0.15; top=free:0.577,2026-07-18T23:32:49.917969+00:00,2026-07-18T23:33:37.344064+00:00
file_277c59c085cb6c63,asset_91180915c5701b39,D:\Projects\adb_vl\vision_platform\ads\collections\reviewed_bbox_crops_20260718\crops\rb_000027.png,vision_platform\ads\collections\reviewed_bbox_crops_20260718\crops\rb_000027.png,ads,candidate_crop,crop,,,x_mark,pending,model_prefill policy=top1; checkpoint=best.pt; threshold=0.50; uncertain_low=0.15; top=x_mark:0.286,2026-07-18T23:32:49.939402+00:00,2026-07-18T23:33:37.357462+00:00
file_0805ab85dda0d03a,asset_05e39c545c2d589c,D:\Projects\adb_vl\vision_platform\ads\collections\reviewed_bbox_crops_20260718\crops\rb_000028.png,vision_platform\ads\collections\reviewed_bbox_crops_20260718\crops\rb_000028.png,ads,candidate_crop,crop,,,play_triangle,pending,model_prefill policy=top1; checkpoint=best.pt; threshold=0.50; uncertain_low=0.15; top=play_triangle:0.218,2026-07-18T23:32:49.952363+00:00,2026-07-18T23:33:37.369865+00:00
file_c05d6974c44aedcd,asset_3ace1f0522c58233,D:\Projects\adb_vl\vision_platform\ads\collections\reviewed_bbox_crops_20260718\crops\rb_000029.png,vision_platform\ads\collections\reviewed_bbox_crops_20260718\crops\rb_000029.png,ads,candidate_crop,crop,,,free,pending,model_prefill policy=top1; checkpoint=best.pt; threshold=0.50; uncertain_low=0.15; top=free:0.200,2026-07-18T23:32:49.964308+00:00,2026-07-18T23:33:37.382782+00:00
file_1ff07c3709bb8d99,asset_0a4e900ac50de596,D:\Projects\adb_vl\vision_platform\ads\collections\reviewed_bbox_crops_20260718\crops\rb_000030.png,vision_platform\ads\collections\reviewed_bbox_crops_20260718\crops\rb_000030.png,ads,candidate_crop,crop,,,free,pending,model_prefill policy=top1; checkpoint=best.pt; threshold=0.50; uncertain_low=0.15; top=free:0.423,2026-07-18T23:32:49.979087+00:00,2026-07-18T23:33:37.395677+00:00
file_90977348d878021d,asset_a2b1e091a21628ed,D:\Projects\adb_vl\vision_platform\ads\collections\reviewed_bbox_crops_20260718\crops\rb_000031.png,vision_platform\ads\collections\reviewed_bbox_crops_20260718\crops\rb_000031.png,ads,candidate_crop,crop,,,free,pending,model_prefill policy=top1; checkpoint=best.pt; threshold=0.50; uncertain_low=0.15; top=free:0.488,2026-07-18T23:32:49.994179+00:00,2026-07-18T23:33:37.406147+00:00
file_5de41a6bf1b64cd8,asset_b2059348cf385652,D:\Projects\adb_vl\vision_platform\ads\collections\reviewed_bbox_crops_20260718\crops\rb_000032.png,vision_platform\ads\collections\reviewed_bbox_crops_20260718\crops\rb_000032.png,ads,candidate_crop,crop,,,free,pending,model_prefill policy=top1; checkpoint=best.pt; threshold=0.50; uncertain_low=0.15; top=free:0.298,2026-07-18T23:32:50.008963+00:00,2026-07-18T23:33:37.420198+00:00
file_5f44ff9abab2b6a8,asset_56d6ee45d39394a2,D:\Projects\adb_vl\vision_platform\ads\collections\reviewed_bbox_crops_20260718\crops\rb_000033.png,vision_platform\ads\collections\reviewed_bbox_crops_20260718\crops\rb_000033.png,ads,candidate_crop,crop,,,got,pending,model_prefill policy=top1; checkpoint=best.pt; threshold=0.50; uncertain_low=0.15; top=got:0.222,2026-07-18T23:32:50.023479+00:00,2026-07-18T23:33:37.432879+00:00
file_9a3b3a5c024c5b69,asset_05e39c545c2d589c,D:\Projects\adb_vl\vision_platform\ads\collections\reviewed_bbox_crops_20260718\crops\rb_000034.png,vision_platform\ads\collections\reviewed_bbox_crops_20260718\crops\rb_000034.png,ads,candidate_crop,crop,,,play_triangle,pending,model_prefill policy=top1; checkpoint=best.pt; threshold=0.50; uncertain_low=0.15; top=play_triangle:0.218,2026-07-18T23:32:50.039818+00:00,2026-07-18T23:33:37.445146+00:00
file_411cb0a9ee0c0ec8,asset_3ace1f0522c58233,D:\Projects\adb_vl\vision_platform\ads\collections\reviewed_bbox_crops_20260718\crops\rb_000035.png,vision_platform\ads\collections\reviewed_bbox_crops_20260718\crops\rb_000035.png,ads,candidate_crop,crop,,,free,pending,model_prefill policy=top1; checkpoint=best.pt; threshold=0.50; uncertain_low=0.15; top=free:0.200,2026-07-18T23:32:50.053690+00:00,2026-07-18T23:33:37.457521+00:00
file_d52cb9703e9f29ff,asset_0a4e900ac50de596,D:\Projects\adb_vl\vision_platform\ads\collections\reviewed_bbox_crops_20260718\crops\rb_000036.png,vision_platform\ads\collections\reviewed_bbox_crops_20260718\crops\rb_000036.png,ads,candidate_crop,crop,,,free,pending,model_prefill policy=top1; checkpoint=best.pt; threshold=0.50; uncertain_low=0.15; top=free:0.423,2026-07-18T23:32:50.071005+00:00,2026-07-18T23:33:37.466960+00:00
file_7287e1e31f1fc5de,asset_a2b1e091a21628ed,D:\Projects\adb_vl\vision_platform\ads\collections\reviewed_bbox_crops_20260718\crops\rb_000037.png,vision_platform\ads\collections\reviewed_bbox_crops_20260718\crops\rb_000037.png,ads,candidate_crop,crop,,,free,pending,model_prefill policy=top1; checkpoint=best.pt; threshold=0.50; uncertain_low=0.15; top=free:0.488,2026-07-18T23:32:50.090885+00:00,2026-07-18T23:33:37.477794+00:00
file_17d3cc87b3c2ec90,asset_0f3b38cb29c91625,D:\Projects\adb_vl\vision_platform\ads\collections\reviewed_bbox_crops_20260718\crops\rb_000038.png,vision_platform\ads\collections\reviewed_bbox_crops_20260718\crops\rb_000038.png,ads,candidate_crop,crop,,,free,pending,model_prefill policy=top1; checkpoint=best.pt; threshold=0.50; uncertain_low=0.15; top=free:0.492,2026-07-18T23:32:50.116991+00:00,2026-07-18T23:33:37.491697+00:00
file_a8ea73fb4828899e,asset_e590a003cbc9ac92,D:\Projects\adb_vl\vision_platform\ads\collections\reviewed_bbox_crops_20260718\crops\rb_000039.png,vision_platform\ads\collections\reviewed_bbox_crops_20260718\crops\rb_000039.png,ads,candidate_crop,crop,,,free,pending,model_prefill policy=top1; checkpoint=best.pt; threshold=0.50; uncertain_low=0.15; top=free:0.261,2026-07-18T23:32:50.132921+00:00,2026-07-18T23:33:37.504035+00:00
file_f32c265ebaa92314,asset_0f4b94e17468addc,D:\Projects\adb_vl\vision_platform\ads\collections\reviewed_bbox_crops_20260718\crops\rb_000040.png,vision_platform\ads\collections\reviewed_bbox_crops_20260718\crops\rb_000040.png,ads,candidate_crop,crop,,,play_triangle,pending,model_prefill policy=top1; checkpoint=best.pt; threshold=0.50; uncertain_low=0.15; top=play_triangle:0.203,2026-07-18T23:32:50.146270+00:00,2026-07-18T23:33:37.516262+00:00
file_f0d3620f031be286,asset_966793a379a174df,D:\Projects\adb_vl\vision_platform\ads\collections\reviewed_bbox_crops_20260718\crops\rb_000041.png,vision_platform\ads\collections\reviewed_bbox_crops_20260718\crops\rb_000041.png,ads,candidate_crop,crop,,,free,pending,model_prefill policy=top1; checkpoint=best.pt; threshold=0.50; uncertain_low=0.15; top=free:0.287,2026-07-18T23:32:50.159086+00:00,2026-07-18T23:33:37.527581+00:00
file_09ceb56f0995b554,asset_21c5da20d19c35cc,D:\Projects\adb_vl\vision_platform\ads\collections\reviewed_bbox_crops_20260718\crops\rb_000042.png,vision_platform\ads\collections\reviewed_bbox_crops_20260718\crops\rb_000042.png,ads,candidate_crop,crop,,,play_triangle,pending,model_prefill policy=top1; checkpoint=best.pt; threshold=0.50; uncertain_low=0.15; top=play_triangle:0.287,2026-07-18T23:32:50.171458+00:00,2026-07-18T23:33:37.540866+00:00
file_9e73e5c86075a3d7,asset_36d53dd90fea6af5,D:\Projects\adb_vl\vision_platform\ads\collections\reviewed_bbox_crops_20260718\crops\rb_000043.png,vision_platform\ads\collections\reviewed_bbox_crops_20260718\crops\rb_000043.png,ads,candidate_crop,crop,,,free,pending,model_prefill policy=top1; checkpoint=best.pt; threshold=0.50; uncertain_low=0.15; top=free:0.577,2026-07-18T23:32:50.181800+00:00,2026-07-18T23:33:37.551527+00:00
file_f778eb90bd5d0e0c,asset_f920178f94c040b8,D:\Projects\adb_vl\vision_platform\ads\collections\reviewed_bbox_crops_20260718\crops\rb_000044.png,vision_platform\ads\collections\reviewed_bbox_crops_20260718\crops\rb_000044.png,ads,candidate_crop,crop,,,got,pending,model_prefill policy=top1; checkpoint=best.pt; threshold=0.50; uncertain_low=0.15; top=got:0.274,2026-07-18T23:32:50.194198+00:00,2026-07-18T23:33:37.564357+00:00
file_b35a7d24eb0eeb08,asset_0f4b94e17468addc,D:\Projects\adb_vl\vision_platform\ads\collections\reviewed_bbox_crops_20260718\crops\rb_000045.png,vision_platform\ads\collections\reviewed_bbox_crops_20260718\crops\rb_000045.png,ads,candidate_crop,crop,,,play_triangle,pending,model_prefill policy=top1; checkpoint=best.pt; threshold=0.50; uncertain_low=0.15; top=play_triangle:0.203,2026-07-18T23:32:50.209124+00:00,2026-07-18T23:33:37.577633+00:00
file_d0ca969f145ee025,asset_966793a379a174df,D:\Projects\adb_vl\vision_platform\ads\collections\reviewed_bbox_crops_20260718\crops\rb_000046.png,vision_platform\ads\collections\reviewed_bbox_crops_20260718\crops\rb_000046.png,ads,candidate_crop,crop,,,free,pending,model_prefill policy=top1; checkpoint=best.pt; threshold=0.50; uncertain_low=0.15; top=free:0.287,2026-07-18T23:32:50.223725+00:00,2026-07-18T23:33:37.593408+00:00
file_f7dfb27948729023,asset_0f3b38cb29c91625,D:\Projects\adb_vl\vision_platform\ads\collections\reviewed_bbox_crops_20260718\crops\rb_000047.png,vision_platform\ads\collections\reviewed_bbox_crops_20260718\crops\rb_000047.png,ads,candidate_crop,crop,,,free,pending,model_prefill policy=top1; checkpoint=best.pt; threshold=0.50; uncertain_low=0.15; top=free:0.492,2026-07-18T23:32:50.239228+00:00,2026-07-18T23:33:37.607740+00:00
file_cfd1964100ca8aaa,asset_6a071a9554a7c352,D:\Projects\adb_vl\vision_platform\ads\collections\reviewed_bbox_crops_20260718\crops\rb_000048.png,vision_platform\ads\collections\reviewed_bbox_crops_20260718\crops\rb_000048.png,ads,candidate_crop,crop,,,got,pending,model_prefill policy=top1; checkpoint=best.pt; threshold=0.50; uncertain_low=0.15; top=got:0.291,2026-07-18T23:32:50.252107+00:00,2026-07-18T23:33:37.624273+00:00
file_38ee8dfbc5f6c1e4,asset_0f4b94e17468addc,D:\Projects\adb_vl\vision_platform\ads\collections\reviewed_bbox_crops_20260718\crops\rb_000049.png,vision_platform\ads\collections\reviewed_bbox_crops_20260718\crops\rb_000049.png,ads,candidate_crop,crop,,,play_triangle,pending,model_prefill policy=top1; checkpoint=best.pt; threshold=0.50; uncertain_low=0.15; top=play_triangle:0.203,2026-07-18T23:32:50.265178+00:00,2026-07-18T23:33:37.636565+00:00
file_7bb1b60bd9354098,asset_d9d86649c8843324,D:\Projects\adb_vl\vision_platform\ads\collections\reviewed_bbox_crops_20260718\crops\rb_000050.png,vision_platform\ads\collections\reviewed_bbox_crops_20260718\crops\rb_000050.png,ads,candidate_crop,crop,,,x_mark,pending,model_prefill policy=top1; checkpoint=best.pt; threshold=0.50; uncertain_low=0.15; top=x_mark:0.174,2026-07-18T23:32:50.279170+00:00,2026-07-18T23:33:37.653551+00:00
file_35b03c30d0dda3e6,asset_7dac488a639456b7,D:\Projects\adb_vl\vision_platform\ads\collections\reviewed_bbox_crops_20260718\crops\rb_000051.png,vision_platform\ads\collections\reviewed_bbox_crops_20260718\crops\rb_000051.png,ads,candidate_crop,crop,,,got,pending,model_prefill policy=top1; checkpoint=best.pt; threshold=0.50; uncertain_low=0.15; top=got:0.296,2026-07-18T23:32:50.296998+00:00,2026-07-18T23:33:37.663881+00:00
file_83e55d4c6c0500b1,asset_0f4b94e17468addc,D:\Projects\adb_vl\vision_platform\ads\collections\reviewed_bbox_crops_20260718\crops\rb_000052.png,vision_platform\ads\collections\reviewed_bbox_crops_20260718\crops\rb_000052.png,ads,candidate_crop,crop,,,play_triangle,pending,model_prefill policy=top1; checkpoint=best.pt; threshold=0.50; uncertain_low=0.15; top=play_triangle:0.203,2026-07-18T23:32:50.313887+00:00,2026-07-18T23:33:37.675705+00:00
file_833bfe34d93542e1,asset_01cb0ddbc4f9acfd,D:\Projects\adb_vl\vision_platform\ads\collections\reviewed_bbox_crops_20260718\crops\rb_000053.png,vision_platform\ads\collections\reviewed_bbox_crops_20260718\crops\rb_000053.png,ads,candidate_crop,crop,,,x_mark,pending,model_prefill policy=top1; checkpoint=best.pt; threshold=0.50; uncertain_low=0.15; top=x_mark:0.508,2026-07-18T23:32:50.325714+00:00,2026-07-18T23:33:37.689798+00:00
file_21f37d170ac3d42a,asset_d90adc52bfdb2470,D:\Projects\adb_vl\vision_platform\ads\collections\reviewed_bbox_crops_20260718\crops\rb_000054.png,vision_platform\ads\collections\reviewed_bbox_crops_20260718\crops\rb_000054.png,ads,candidate_crop,crop,,,got,pending,model_prefill policy=top1; checkpoint=best.pt; threshold=0.50; uncertain_low=0.15; top=got:0.312,2026-07-18T23:32:50.338038+00:00,2026-07-18T23:33:37.702757+00:00
file_5c7a77f09692692f,asset_1efd56983e8a2be7,D:\Projects\adb_vl\vision_platform\ads\collections\reviewed_bbox_crops_20260718\crops\rb_000055.png,vision_platform\ads\collections\reviewed_bbox_crops_20260718\crops\rb_000055.png,ads,candidate_crop,crop,,,uncertain,pending,model_prefill policy=top1; checkpoint=best.pt; threshold=0.50; uncertain_low=0.15; top=play_triangle:0.126,2026-07-18T23:32:50.352007+00:00,2026-07-18T23:33:37.713234+00:00
file_cc0295811aa6fec6,asset_653791f50f2b86dc,D:\Projects\adb_vl\vision_platform\ads\collections\reviewed_bbox_crops_20260718\crops\rb_000056.png,vision_platform\ads\collections\reviewed_bbox_crops_20260718\crops\rb_000056.png,ads,candidate_crop,crop,,,x_mark,pending,model_prefill policy=top1; checkpoint=best.pt; threshold=0.50; uncertain_low=0.15; top=x_mark:0.533,2026-07-18T23:32:50.365779+00:00,2026-07-18T23:33:37.725062+00:00
file_ffa3f00532e1de37,asset_b396b1140daa0cf6,D:\Projects\adb_vl\vision_platform\ads\collections\reviewed_bbox_crops_20260718\crops\rb_000057.png,vision_platform\ads\collections\reviewed_bbox_crops_20260718\crops\rb_000057.png,ads,candidate_crop,crop,,,got,pending,model_prefill policy=top1; checkpoint=best.pt; threshold=0.50; uncertain_low=0.15; top=got:0.249,2026-07-18T23:32:50.378275+00:00,2026-07-18T23:33:37.739911+00:00
file_50f04bb2d911e011,asset_1efd56983e8a2be7,D:\Projects\adb_vl\vision_platform\ads\collections\reviewed_bbox_crops_20260718\crops\rb_000058.png,vision_platform\ads\collections\reviewed_bbox_crops_20260718\crops\rb_000058.png,ads,candidate_crop,crop,,,uncertain,pending,model_prefill policy=top1; checkpoint=best.pt; threshold=0.50; uncertain_low=0.15; top=play_triangle:0.126,2026-07-18T23:32:50.389123+00:00,2026-07-18T23:33:37.750767+00:00
file_b487d08eaa24eee8,asset_ea993f5a4033cd11,D:\Projects\adb_vl\vision_platform\ads\collections\reviewed_bbox_crops_20260718\crops\rb_000059.png,vision_platform\ads\collections\reviewed_bbox_crops_20260718\crops\rb_000059.png,ads,candidate_crop,crop,,,free,pending,model_prefill policy=top1; checkpoint=best.pt; threshold=0.50; uncertain_low=0.15; top=free:0.577,2026-07-18T23:32:50.404088+00:00,2026-07-18T23:33:37.761131+00:00
file_013738ef2ddbf00b,asset_49685c343e3e83f2,D:\Projects\adb_vl\vision_platform\ads\collections\reviewed_bbox_crops_20260718\crops\rb_000060.png,vision_platform\ads\collections\reviewed_bbox_crops_20260718\crops\rb_000060.png,ads,candidate_crop,crop,,,got,pending,model_prefill policy=top1; checkpoint=best.pt; threshold=0.50; uncertain_low=0.15; top=got:0.238,2026-07-18T23:32:50.416875+00:00,2026-07-18T23:33:37.771003+00:00
file_2d6e32d144e028d1,asset_1efd56983e8a2be7,D:\Projects\adb_vl\vision_platform\ads\collections\reviewed_bbox_crops_20260718\crops\rb_000061.png,vision_platform\ads\collections\reviewed_bbox_crops_20260718\crops\rb_000061.png,ads,candidate_crop,crop,,,uncertain,pending,model_prefill policy=top1; checkpoint=best.pt; threshold=0.50; uncertain_low=0.15; top=play_triangle:0.126,2026-07-18T23:32:50.430768+00:00,2026-07-18T23:33:37.783817+00:00
file_f654060999aac1f5,asset_620e5e50e2098f7e,D:\Projects\adb_vl\vision_platform\ads\collections\reviewed_bbox_crops_20260718\crops\rb_000062.png,vision_platform\ads\collections\reviewed_bbox_crops_20260718\crops\rb_000062.png,ads,candidate_crop,crop,,,x_mark,pending,model_prefill policy=top1; checkpoint=best.pt; threshold=0.50; uncertain_low=0.15; top=x_mark:0.154,2026-07-18T23:32:50.441185+00:00,2026-07-18T23:33:37.795626+00:00
file_66d30e8766d0d07f,asset_4f54c7f02364deb3,D:\Projects\adb_vl\vision_platform\ads\collections\reviewed_bbox_crops_20260718\crops\rb_000063.png,vision_platform\ads\collections\reviewed_bbox_crops_20260718\crops\rb_000063.png,ads,candidate_crop,crop,,,got,pending,model_prefill policy=top1; checkpoint=best.pt; threshold=0.50; uncertain_low=0.15; top=got:0.246,2026-07-18T23:32:50.453986+00:00,2026-07-18T23:33:37.807450+00:00
file_2f8ef7c43f1a2e47,asset_1efd56983e8a2be7,D:\Projects\adb_vl\vision_platform\ads\collections\reviewed_bbox_crops_20260718\crops\rb_000064.png,vision_platform\ads\collections\reviewed_bbox_crops_20260718\crops\rb_000064.png,ads,candidate_crop,crop,,,uncertain,pending,model_prefill policy=top1; checkpoint=best.pt; threshold=0.50; uncertain_low=0.15; top=play_triangle:0.126,2026-07-18T23:32:50.467748+00:00,2026-07-18T23:33:37.818220+00:00
file_c105b48e0b40e20f,asset_12eb6334bb7457ba,D:\Projects\adb_vl\vision_platform\ads\collections\reviewed_bbox_crops_20260718\crops\rb_000065.png,vision_platform\ads\collections\reviewed_bbox_crops_20260718\crops\rb_000065.png,ads,candidate_crop,crop,,,x_mark,pending,model_prefill policy=top1; checkpoint=best.pt; threshold=0.50; uncertain_low=0.15; top=x_mark:0.551,2026-07-18T23:32:50.478211+00:00,2026-07-18T23:33:37.829096+00:00
file_8c257099e2bd386f,asset_2b457dd3565953eb,D:\Projects\adb_vl\vision_platform\ads\collections\reviewed_bbox_crops_20260718\crops\rb_000066.png,vision_platform\ads\collections\reviewed_bbox_crops_20260718\crops\rb_000066.png,ads,candidate_crop,crop,,,got,pending,model_prefill policy=top1; checkpoint=best.pt; threshold=0.50; uncertain_low=0.15; top=got:0.250,2026-07-18T23:32:50.492058+00:00,2026-07-18T23:33:37.840100+00:00
file_ca3fd5b1eb39b11d,asset_1efd56983e8a2be7,D:\Projects\adb_vl\vision_platform\ads\collections\reviewed_bbox_crops_20260718\crops\rb_000067.png,vision_platform\ads\collections\reviewed_bbox_crops_20260718\crops\rb_000067.png,ads,candidate_crop,crop,,,uncertain,pending,model_prefill policy=top1; checkpoint=best.pt; threshold=0.50; uncertain_low=0.15; top=play_triangle:0.126,2026-07-18T23:32:50.507806+00:00,2026-07-18T23:33:37.850781+00:00
file_2d4f3be6124177ed,asset_36d53dd90fea6af5,D:\Projects\adb_vl\vision_platform\ads\collections\reviewed_bbox_crops_20260718\crops\rb_000068.png,vision_platform\ads\collections\reviewed_bbox_crops_20260718\crops\rb_000068.png,ads,candidate_crop,crop,,,free,pending,model_prefill policy=top1; checkpoint=best.pt; threshold=0.50; uncertain_low=0.15; top=free:0.577,2026-07-18T23:32:50.519184+00:00,2026-07-18T23:33:37.862759+00:00
file_2c7fdf034b0a93b4,asset_99b47e8bcd3204e2,D:\Projects\adb_vl\vision_platform\ads\collections\reviewed_bbox_crops_20260718\crops\rb_000069.png,vision_platform\ads\collections\reviewed_bbox_crops_20260718\crops\rb_000069.png,ads,candidate_crop,crop,,,got,pending,model_prefill policy=top1; checkpoint=best.pt; threshold=0.50; uncertain_low=0.15; top=got:0.245,2026-07-18T23:32:50.532264+00:00,2026-07-18T23:33:37.872806+00:00
file_dc5f74071ab40cd7,asset_05e39c545c2d589c,D:\Projects\adb_vl\vision_platform\ads\collections\reviewed_bbox_crops_20260718\crops\rb_000070.png,vision_platform\ads\collections\reviewed_bbox_crops_20260718\crops\rb_000070.png,ads,candidate_crop,crop,,,play_triangle,pending,model_prefill policy=top1; checkpoint=best.pt; threshold=0.50; uncertain_low=0.15; top=play_triangle:0.218,2026-07-18T23:32:50.545062+00:00,2026-07-18T23:33:37.882756+00:00
file_6e8e7fe9af52b01b,asset_3ace1f0522c58233,D:\Projects\adb_vl\vision_platform\ads\collections\reviewed_bbox_crops_20260718\crops\rb_000071.png,vision_platform\ads\collections\reviewed_bbox_crops_20260718\crops\rb_000071.png,ads,candidate_crop,crop,,,free,pending,model_prefill policy=top1; checkpoint=best.pt; threshold=0.50; uncertain_low=0.15; top=free:0.200,2026-07-18T23:32:50.555985+00:00,2026-07-18T23:33:37.895682+00:00
file_450326474eb92b1d,asset_0a4e900ac50de596,D:\Projects\adb_vl\vision_platform\ads\collections\reviewed_bbox_crops_20260718\crops\rb_000072.png,vision_platform\ads\collections\reviewed_bbox_crops_20260718\crops\rb_000072.png,ads,candidate_crop,crop,,,free,pending,model_prefill policy=top1; checkpoint=best.pt; threshold=0.50; uncertain_low=0.15; top=free:0.423,2026-07-18T23:32:50.567439+00:00,2026-07-18T23:33:37.905647+00:00
file_316f75bc9fb119a6,asset_1666aaa13124f098,D:\Projects\adb_vl\vision_platform\ads\collections\reviewed_bbox_crops_20260718\crops\rb_000073.png,vision_platform\ads\collections\reviewed_bbox_crops_20260718\crops\rb_000073.png,ads,candidate_crop,crop,,,free,pending,model_prefill policy=top1; checkpoint=best.pt; threshold=0.50; uncertain_low=0.15; top=free:0.742,2026-07-18T23:32:50.581953+00:00,2026-07-18T23:33:37.918386+00:00
file_c001ecd3dd8e6f5a,asset_23e27746bf9acb75,D:\Projects\adb_vl\vision_platform\ads\collections\reviewed_bbox_crops_20260718\crops\rb_000074.png,vision_platform\ads\collections\reviewed_bbox_crops_20260718\crops\rb_000074.png,ads,candidate_crop,crop,,,x_mark,pending,model_prefill policy=top1; checkpoint=best.pt; threshold=0.50; uncertain_low=0.15; top=x_mark:0.707,2026-07-18T23:32:50.598231+00:00,2026-07-18T23:33:37.931343+00:00
file_98cf339e99854527,asset_1a15a1aedf1315ed,D:\Projects\adb_vl\vision_platform\ads\collections\reviewed_bbox_crops_20260718\crops\rb_000075.png,vision_platform\ads\collections\reviewed_bbox_crops_20260718\crops\rb_000075.png,ads,candidate_crop,crop,,,arrow,pending,model_prefill policy=top1; checkpoint=best.pt; threshold=0.50; uncertain_low=0.15; top=arrow:0.732,2026-07-18T23:32:50.610132+00:00,2026-07-18T23:33:37.939190+00:00
file_9463a6879cde6633,asset_c4a5faabf729b487,D:\Projects\adb_vl\vision_platform\ads\collections\reviewed_bbox_crops_20260718\crops\rb_000076.png,vision_platform\ads\collections\reviewed_bbox_crops_20260718\crops\rb_000076.png,ads,candidate_crop,crop,,,got,pending,model_prefill policy=top1; checkpoint=best.pt; threshold=0.50; uncertain_low=0.15; top=got:0.233,2026-07-18T23:32:50.622939+00:00,2026-07-18T23:33:37.947533+00:00
file_3a54261dbff44822,asset_05e39c545c2d589c,D:\Projects\adb_vl\vision_platform\ads\collections\reviewed_bbox_crops_20260718\crops\rb_000077.png,vision_platform\ads\collections\reviewed_bbox_crops_20260718\crops\rb_000077.png,ads,candidate_crop,crop,,,play_triangle,pending,model_prefill policy=top1; checkpoint=best.pt; threshold=0.50; uncertain_low=0.15; top=play_triangle:0.218,2026-07-18T23:32:50.637722+00:00,2026-07-18T23:33:37.959393+00:00
file_aa2a6861107ec762,asset_3ace1f0522c58233,D:\Projects\adb_vl\vision_platform\ads\collections\reviewed_bbox_crops_20260718\crops\rb_000078.png,vision_platform\ads\collections\reviewed_bbox_crops_20260718\crops\rb_000078.png,ads,candidate_crop,crop,,,free,pending,model_prefill policy=top1; checkpoint=best.pt; threshold=0.50; uncertain_low=0.15; top=free:0.200,2026-07-18T23:32:50.649109+00:00,2026-07-18T23:33:37.971721+00:00
file_6812c204f492edfa,asset_0a4e900ac50de596,D:\Projects\adb_vl\vision_platform\ads\collections\reviewed_bbox_crops_20260718\crops\rb_000079.png,vision_platform\ads\collections\reviewed_bbox_crops_20260718\crops\rb_000079.png,ads,candidate_crop,crop,,,free,pending,model_prefill policy=top1; checkpoint=best.pt; threshold=0.50; uncertain_low=0.15; top=free:0.423,2026-07-18T23:32:50.658967+00:00,2026-07-18T23:33:37.982088+00:00
file_f0482426ad64d2ec,asset_b9f13ebbb5033ec5,D:\Projects\adb_vl\vision_platform\ads\collections\reviewed_bbox_crops_20260718\crops\rb_000080.png,vision_platform\ads\collections\reviewed_bbox_crops_20260718\crops\rb_000080.png,ads,candidate_crop,crop,,,free,pending,model_prefill policy=top1; checkpoint=best.pt; threshold=0.50; uncertain_low=0.15; top=free:0.417,2026-07-18T23:32:50.671850+00:00,2026-07-18T23:33:37.990916+00:00
file_305f139217f54d07,asset_c966fc39fcf6d4e7,D:\Projects\adb_vl\vision_platform\ads\collections\reviewed_bbox_crops_20260718\crops\rb_000081.png,vision_platform\ads\collections\reviewed_bbox_crops_20260718\crops\rb_000081.png,ads,candidate_crop,crop,,,x_mark,pending,model_prefill policy=top1; checkpoint=best.pt; threshold=0.50; uncertain_low=0.15; top=x_mark:0.585,2026-07-18T23:32:50.683664+00:00,2026-07-18T23:33:38.004325+00:00
file_2aa5e3355a1f71c5,asset_31c3f0fd5986e5c4,D:\Projects\adb_vl\vision_platform\ads\collections\reviewed_bbox_crops_20260718\crops\rb_000082.png,vision_platform\ads\collections\reviewed_bbox_crops_20260718\crops\rb_000082.png,ads,candidate_crop,crop,,,arrow,pending,model_prefill policy=top1; checkpoint=best.pt; threshold=0.50; uncertain_low=0.15; top=arrow:0.698,2026-07-18T23:32:50.695989+00:00,2026-07-18T23:33:38.016614+00:00
file_1d29dffd18a49bed,asset_d91e3d1f08b2622c,D:\Projects\adb_vl\vision_platform\ads\collections\reviewed_bbox_crops_20260718\crops\rb_000083.png,vision_platform\ads\collections\reviewed_bbox_crops_20260718\crops\rb_000083.png,ads,candidate_crop,crop,,,got,pending,model_prefill policy=top1; checkpoint=best.pt; threshold=0.50; uncertain_low=0.15; top=got:0.258,2026-07-18T23:32:50.709308+00:00,2026-07-18T23:33:38.029052+00:00
file_c3c64ce2d911fb6e,asset_0f4b94e17468addc,D:\Projects\adb_vl\vision_platform\ads\collections\reviewed_bbox_crops_20260718\crops\rb_000084.png,vision_platform\ads\collections\reviewed_bbox_crops_20260718\crops\rb_000084.png,ads,candidate_crop,crop,,,play_triangle,pending,model_prefill policy=top1; checkpoint=best.pt; threshold=0.50; uncertain_low=0.15; top=play_triangle:0.203,2026-07-18T23:32:50.722692+00:00,2026-07-18T23:33:38.042040+00:00
file_62a8a4413542ca74,asset_966793a379a174df,D:\Projects\adb_vl\vision_platform\ads\collections\reviewed_bbox_crops_20260718\crops\rb_000085.png,vision_platform\ads\collections\reviewed_bbox_crops_20260718\crops\rb_000085.png,ads,candidate_crop,crop,,,free,pending,model_prefill policy=top1; checkpoint=best.pt; threshold=0.50; uncertain_low=0.15; top=free:0.287,2026-07-18T23:32:50.737735+00:00,2026-07-18T23:33:38.054819+00:00
file_b64ae336bb17e9f7,asset_21c5da20d19c35cc,D:\Projects\adb_vl\vision_platform\ads\collections\reviewed_bbox_crops_20260718\crops\rb_000086.png,vision_platform\ads\collections\reviewed_bbox_crops_20260718\crops\rb_000086.png,ads,candidate_crop,crop,,,play_triangle,pending,model_prefill policy=top1; checkpoint=best.pt; threshold=0.50; uncertain_low=0.15; top=play_triangle:0.287,2026-07-18T23:32:50.750204+00:00,2026-07-18T23:33:38.063668+00:00
file_bf38f78053afa077,asset_6bf76d3fd5c9b55e,D:\Projects\adb_vl\vision_platform\ads\collections\reviewed_bbox_crops_20260718\crops\rb_000087.png,vision_platform\ads\collections\reviewed_bbox_crops_20260718\crops\rb_000087.png,ads,candidate_crop,crop,,,uncertain,pending,model_prefill policy=top1; checkpoint=best.pt; threshold=0.50; uncertain_low=0.15; top=x_mark:0.111,2026-07-18T23:32:50.762220+00:00,2026-07-18T23:33:38.076603+00:00
file_9d15a57210e6aeca,asset_e4368f59b3fb23a5,D:\Projects\adb_vl\vision_platform\ads\collections\reviewed_bbox_crops_20260718\crops\rb_000088.png,vision_platform\ads\collections\reviewed_bbox_crops_20260718\crops\rb_000088.png,ads,candidate_crop,crop,,,x_mark,pending,model_prefill policy=top1; checkpoint=best.pt; threshold=0.50; uncertain_low=0.15; top=x_mark:0.546,2026-07-18T23:32:50.776004+00:00,2026-07-18T23:33:38.086965+00:00
file_67dcd96cb320b4ae,asset_3f5765ee6c16a62d,D:\Projects\adb_vl\vision_platform\ads\collections\reviewed_bbox_crops_20260718\crops\rb_000089.png,vision_platform\ads\collections\reviewed_bbox_crops_20260718\crops\rb_000089.png,ads,candidate_crop,crop,,,x_mark,pending,model_prefill policy=top1; checkpoint=best.pt; threshold=0.50; uncertain_low=0.15; top=x_mark:0.346,2026-07-18T23:32:50.790840+00:00,2026-07-18T23:33:38.099838+00:00
file_94a20eedf014cf98,asset_72017d57ab286b02,D:\Projects\adb_vl\vision_platform\ads\collections\reviewed_bbox_crops_20260718\crops\rb_000090.png,vision_platform\ads\collections\reviewed_bbox_crops_20260718\crops\rb_000090.png,ads,candidate_crop,crop,,,x_mark,pending,model_prefill policy=top1; checkpoint=best.pt; threshold=0.50; uncertain_low=0.15; top=x_mark:0.273,2026-07-18T23:32:50.805652+00:00,2026-07-18T23:33:38.109167+00:00
file_dfcf38849ad10faf,asset_0f4b94e17468addc,D:\Projects\adb_vl\vision_platform\ads\collections\reviewed_bbox_crops_20260718\crops\rb_000091.png,vision_platform\ads\collections\reviewed_bbox_crops_20260718\crops\rb_000091.png,ads,candidate_crop,crop,,,play_triangle,pending,model_prefill policy=top1; checkpoint=best.pt; threshold=0.50; uncertain_low=0.15; top=play_triangle:0.203,2026-07-18T23:32:50.814077+00:00,2026-07-18T23:33:38.117036+00:00
file_844213c3b03f993e,asset_966793a379a174df,D:\Projects\adb_vl\vision_platform\ads\collections\reviewed_bbox_crops_20260718\crops\rb_000092.png,vision_platform\ads\collections\reviewed_bbox_crops_20260718\crops\rb_000092.png,ads,candidate_crop,crop,,,free,pending,model_prefill policy=top1; checkpoint=best.pt; threshold=0.50; uncertain_low=0.15; top=free:0.287,2026-07-18T23:32:50.823670+00:00,2026-07-18T23:33:38.125930+00:00
file_b28b9ec89b84ce89,asset_226c1d36e84e0a83,D:\Projects\adb_vl\vision_platform\ads\collections\reviewed_bbox_crops_20260718\crops\rb_000093.png,vision_platform\ads\collections\reviewed_bbox_crops_20260718\crops\rb_000093.png,ads,candidate_crop,crop,,,x_mark,pending,model_prefill policy=top1; checkpoint=best.pt; threshold=0.50; uncertain_low=0.15; top=x_mark:0.816,2026-07-18T23:32:50.835052+00:00,2026-07-18T23:33:38.135298+00:00
file_a0ba5fcc9704c144,asset_3dd1cf465dd4e1fc,D:\Projects\adb_vl\vision_platform\ads\collections\reviewed_bbox_crops_20260718\crops\rb_000094.png,vision_platform\ads\collections\reviewed_bbox_crops_20260718\crops\rb_000094.png,ads,candidate_crop,crop,,,arrow,pending,model_prefill policy=top1; checkpoint=best.pt; threshold=0.50; uncertain_low=0.15; top=arrow:0.728,2026-07-18T23:32:50.843442+00:00,2026-07-18T23:33:38.146592+00:00
file_b46f3ac9a1044d1a,asset_069f2406c8d6ae4b,D:\Projects\adb_vl\vision_platform\ads\collections\reviewed_bbox_crops_20260718\crops\rb_000095.png,vision_platform\ads\collections\reviewed_bbox_crops_20260718\crops\rb_000095.png,ads,candidate_crop,crop,,,got,pending,model_prefill policy=top1; checkpoint=best.pt; threshold=0.50; uncertain_low=0.15; top=got:0.334,2026-07-18T23:32:50.856097+00:00,2026-07-18T23:33:38.156508+00:00
file_6dd9526e493f33cb,asset_0f4b94e17468addc,D:\Projects\adb_vl\vision_platform\ads\collections\reviewed_bbox_crops_20260718\crops\rb_000096.png,vision_platform\ads\collections\reviewed_bbox_crops_20260718\crops\rb_000096.png,ads,candidate_crop,crop,,,play_triangle,pending,model_prefill policy=top1; checkpoint=best.pt; threshold=0.50; uncertain_low=0.15; top=play_triangle:0.203,2026-07-18T23:32:50.869964+00:00,2026-07-18T23:33:38.167823+00:00
file_eee1062221155f09,asset_9a65aa273090dd6b,D:\Projects\adb_vl\vision_platform\ads\collections\reviewed_bbox_crops_20260718\crops\rb_000097.png,vision_platform\ads\collections\reviewed_bbox_crops_20260718\crops\rb_000097.png,ads,candidate_crop,crop,,,x_mark,pending,model_prefill policy=top1; checkpoint=best.pt; threshold=0.50; uncertain_low=0.15; top=x_mark:0.578,2026-07-18T23:32:50.877786+00:00,2026-07-18T23:33:38.180211+00:00
file_899ef938ddd45fcb,asset_469378814dd76c28,D:\Projects\adb_vl\vision_platform\ads\collections\reviewed_bbox_crops_20260718\crops\rb_000098.png,vision_platform\ads\collections\reviewed_bbox_crops_20260718\crops\rb_000098.png,ads,candidate_crop,crop,,,got,pending,model_prefill policy=top1; checkpoint=best.pt; threshold=0.50; uncertain_low=0.15; top=got:0.288,2026-07-18T23:32:50.891381+00:00,2026-07-18T23:33:38.193697+00:00
file_62e9a03cd87bb875,asset_0f4b94e17468addc,D:\Projects\adb_vl\vision_platform\ads\collections\reviewed_bbox_crops_20260718\crops\rb_000099.png,vision_platform\ads\collections\reviewed_bbox_crops_20260718\crops\rb_000099.png,ads,candidate_crop,crop,,,play_triangle,pending,model_prefill policy=top1; checkpoint=best.pt; threshold=0.50; uncertain_low=0.15; top=play_triangle:0.203,2026-07-18T23:32:50.902685+00:00,2026-07-18T23:33:38.205524+00:00
file_31980825c4420b48,asset_bcc1721bb55d1642,D:\Projects\adb_vl\vision_platform\ads\collections\reviewed_bbox_crops_20260718\crops\rb_000100.png,vision_platform\ads\collections\reviewed_bbox_crops_20260718\crops\rb_000100.png,ads,candidate_crop,crop,,,x_mark,pending,model_prefill policy=top1; checkpoint=best.pt; threshold=0.50; uncertain_low=0.15; top=x_mark:0.434,2026-07-18T23:32:50.914010+00:00,2026-07-18T23:33:38.217833+00:00
file_092f15fb75ba6dec,asset_1b3a6e6f798fa5a2,D:\Projects\adb_vl\vision_platform\ads\collections\reviewed_bbox_crops_20260718\crops\rb_000101.png,vision_platform\ads\collections\reviewed_bbox_crops_20260718\crops\rb_000101.png,ads,candidate_crop,crop,,,got,pending,model_prefill policy=top1; checkpoint=best.pt; threshold=0.50; uncertain_low=0.15; top=got:0.314,2026-07-18T23:32:50.922894+00:00,2026-07-18T23:33:38.229026+00:00
file_5486b3133fe474bb,asset_1efd56983e8a2be7,D:\Projects\adb_vl\vision_platform\ads\collections\reviewed_bbox_crops_20260718\crops\rb_000102.png,vision_platform\ads\collections\reviewed_bbox_crops_20260718\crops\rb_000102.png,ads,candidate_crop,crop,,,uncertain,pending,model_prefill policy=top1; checkpoint=best.pt; threshold=0.50; uncertain_low=0.15; top=play_triangle:0.126,2026-07-18T23:32:50.939148+00:00,2026-07-18T23:33:38.241177+00:00
file_5ad715a20931c23f,asset_9604fc1d9d28db2b,D:\Projects\adb_vl\vision_platform\ads\collections\reviewed_bbox_crops_20260718\crops\rb_000103.png,vision_platform\ads\collections\reviewed_bbox_crops_20260718\crops\rb_000103.png,ads,candidate_crop,crop,,,x_mark,pending,model_prefill policy=top1; checkpoint=best.pt; threshold=0.50; uncertain_low=0.15; top=x_mark:0.575,2026-07-18T23:32:50.952160+00:00,2026-07-18T23:33:38.252607+00:00
file_4d36aa5c301bec9f,asset_632899a232b4f932,D:\Projects\adb_vl\vision_platform\ads\collections\reviewed_bbox_crops_20260718\crops\rb_000104.png,vision_platform\ads\collections\reviewed_bbox_crops_20260718\crops\rb_000104.png,ads,candidate_crop,crop,,,got,pending,model_prefill policy=top1; checkpoint=best.pt; threshold=0.50; uncertain_low=0.15; top=got:0.295,2026-07-18T23:32:50.963955+00:00,2026-07-18T23:33:38.260038+00:00
file_54ca0c9578597cf8,asset_1efd56983e8a2be7,D:\Projects\adb_vl\vision_platform\ads\collections\reviewed_bbox_crops_20260718\crops\rb_000105.png,vision_platform\ads\collections\reviewed_bbox_crops_20260718\crops\rb_000105.png,ads,candidate_crop,crop,,,uncertain,pending,model_prefill policy=top1; checkpoint=best.pt; threshold=0.50; uncertain_low=0.15; top=play_triangle:0.126,2026-07-18T23:32:50.975764+00:00,2026-07-18T23:33:38.270851+00:00
file_05418c2afcaf9455,asset_f8140df227801008,D:\Projects\adb_vl\vision_platform\ads\collections\reviewed_bbox_crops_20260718\crops\rb_000106.png,vision_platform\ads\collections\reviewed_bbox_crops_20260718\crops\rb_000106.png,ads,candidate_crop,crop,,,x_mark,pending,model_prefill policy=top1; checkpoint=best.pt; threshold=0.50; uncertain_low=0.15; top=x_mark:0.577,2026-07-18T23:32:50.987715+00:00,2026-07-18T23:33:38.277696+00:00
file_855fe2ee803e5ef6,asset_bcbfdc32bec94ea3,D:\Projects\adb_vl\vision_platform\ads\collections\reviewed_bbox_crops_20260718\crops\rb_000107.png,vision_platform\ads\collections\reviewed_bbox_crops_20260718\crops\rb_000107.png,ads,candidate_crop,crop,,,got,pending,model_prefill policy=top1; checkpoint=best.pt; threshold=0.50; uncertain_low=0.15; top=got:0.253,2026-07-18T23:32:51.000144+00:00,2026-07-18T23:33:38.289102+00:00
file_a394e9f413666691,asset_1efd56983e8a2be7,D:\Projects\adb_vl\vision_platform\ads\collections\reviewed_bbox_crops_20260718\crops\rb_000108.png,vision_platform\ads\collections\reviewed_bbox_crops_20260718\crops\rb_000108.png,ads,candidate_crop,crop,,,uncertain,pending,model_prefill policy=top1; checkpoint=best.pt; threshold=0.50; uncertain_low=0.15; top=play_triangle:0.126,2026-07-18T23:32:51.010005+00:00,2026-07-18T23:33:38.297632+00:00
file_aecc4f11488efbe5,asset_e1d07199af8a6097,D:\Projects\adb_vl\vision_platform\ads\collections\reviewed_bbox_crops_20260718\crops\rb_000109.png,vision_platform\ads\collections\reviewed_bbox_crops_20260718\crops\rb_000109.png,ads,candidate_crop,crop,,,got,pending,model_prefill policy=top1; checkpoint=best.pt; threshold=0.50; uncertain_low=0.15; top=got:0.355,2026-07-18T23:32:51.021362+00:00,2026-07-18T23:33:38.309084+00:00
file_51c6e2845fe08c19,asset_b20513fd6c63b9ab,D:\Projects\adb_vl\vision_platform\ads\collections\reviewed_bbox_crops_20260718\crops\rb_000110.png,vision_platform\ads\collections\reviewed_bbox_crops_20260718\crops\rb_000110.png,ads,candidate_crop,crop,,,got,pending,model_prefill policy=top1; checkpoint=best.pt; threshold=0.50; uncertain_low=0.15; top=got:0.248,2026-07-18T23:32:51.032735+00:00,2026-07-18T23:33:38.320114+00:00
file_ca5c9600e4f3b15e,asset_1efd56983e8a2be7,D:\Projects\adb_vl\vision_platform\ads\collections\reviewed_bbox_crops_20260718\crops\rb_000111.png,vision_platform\ads\collections\reviewed_bbox_crops_20260718\crops\rb_000111.png,ads,candidate_crop,crop,,,uncertain,pending,model_prefill policy=top1; checkpoint=best.pt; threshold=0.50; uncertain_low=0.15; top=play_triangle:0.126,2026-07-18T23:32:51.041612+00:00,2026-07-18T23:33:38.329096+00:00
file_f153055da01f89c3,asset_1ad7fd751ce5f996,D:\Projects\adb_vl\vision_platform\ads\collections\reviewed_bbox_crops_20260718\crops\rb_000112.png,vision_platform\ads\collections\reviewed_bbox_crops_20260718\crops\rb_000112.png,ads,candidate_crop,crop,,,x_mark,pending,model_prefill policy=top1; checkpoint=best.pt; threshold=0.50; uncertain_low=0.15; top=x_mark:0.577,2026-07-18T23:32:51.056695+00:00,2026-07-18T23:33:38.340145+00:00
file_0e60eb1ed3085fcf,asset_636c3a424581ad0e,D:\Projects\adb_vl\vision_platform\ads\collections\reviewed_bbox_crops_20260718\crops\rb_000113.png,vision_platform\ads\collections\reviewed_bbox_crops_20260718\crops\rb_000113.png,ads,candidate_crop,crop,,,free,pending,model_prefill policy=top1; checkpoint=best.pt; threshold=0.50; uncertain_low=0.15; top=free:0.256,2026-07-18T23:32:51.066589+00:00,2026-07-18T23:33:38.350083+00:00
file_46fa4c81ef14c975,asset_1efd56983e8a2be7,D:\Projects\adb_vl\vision_platform\ads\collections\reviewed_bbox_crops_20260718\crops\rb_000114.png,vision_platform\ads\collections\reviewed_bbox_crops_20260718\crops\rb_000114.png,ads,candidate_crop,crop,,,uncertain,pending,model_prefill policy=top1; checkpoint=best.pt; threshold=0.50; uncertain_low=0.15; top=play_triangle:0.126,2026-07-18T23:32:51.080080+00:00,2026-07-18T23:33:38.361104+00:00
file_e5407ff0961c3cc9,asset_7419d2d1a2e13956,D:\Projects\adb_vl\vision_platform\ads\collections\reviewed_bbox_crops_20260718\crops\rb_000115.png,vision_platform\ads\collections\reviewed_bbox_crops_20260718\crops\rb_000115.png,ads,candidate_crop,crop,,,x_mark,pending,model_prefill policy=top1; checkpoint=best.pt; threshold=0.50; uncertain_low=0.15; top=x_mark:0.576,2026-07-18T23:32:51.094013+00:00,2026-07-18T23:33:38.373982+00:00
file_66acddd59232bac0,asset_3dece09d166a1594,D:\Projects\adb_vl\vision_platform\ads\collections\reviewed_bbox_crops_20260718\crops\rb_000116.png,vision_platform\ads\collections\reviewed_bbox_crops_20260718\crops\rb_000116.png,ads,candidate_crop,crop,,,got,pending,model_prefill policy=top1; checkpoint=best.pt; threshold=0.50; uncertain_low=0.15; top=got:0.232,2026-07-18T23:32:51.106898+00:00,2026-07-18T23:33:38.385934+00:00
file_d15aeb5661f9fca0,asset_05e39c545c2d589c,D:\Projects\adb_vl\vision_platform\ads\collections\reviewed_bbox_crops_20260718\crops\rb_000117.png,vision_platform\ads\collections\reviewed_bbox_crops_20260718\crops\rb_000117.png,ads,candidate_crop,crop,,,play_triangle,pending,model_prefill policy=top1; checkpoint=best.pt; threshold=0.50; uncertain_low=0.15; top=play_triangle:0.218,2026-07-18T23:32:51.117762+00:00,2026-07-18T23:33:38.397749+00:00
file_8b1c83db204d4c49,asset_3ace1f0522c58233,D:\Projects\adb_vl\vision_platform\ads\collections\reviewed_bbox_crops_20260718\crops\rb_000118.png,vision_platform\ads\collections\reviewed_bbox_crops_20260718\crops\rb_000118.png,ads,candidate_crop,crop,,,free,pending,model_prefill policy=top1; checkpoint=best.pt; threshold=0.50; uncertain_low=0.15; top=free:0.200,2026-07-18T23:32:51.131130+00:00,2026-07-18T23:33:38.411144+00:00
file_d14a07d46d0279bc,asset_0a4e900ac50de596,D:\Projects\adb_vl\vision_platform\ads\collections\reviewed_bbox_crops_20260718\crops\rb_000119.png,vision_platform\ads\collections\reviewed_bbox_crops_20260718\crops\rb_000119.png,ads,candidate_crop,crop,,,free,pending,model_prefill policy=top1; checkpoint=best.pt; threshold=0.50; uncertain_low=0.15; top=free:0.423,2026-07-18T23:32:51.143529+00:00,2026-07-18T23:33:38.423190+00:00
file_ff3629974dd436be,asset_8c06d20936fec0bb,D:\Projects\adb_vl\vision_platform\ads\collections\reviewed_bbox_crops_20260718\crops\rb_000120.png,vision_platform\ads\collections\reviewed_bbox_crops_20260718\crops\rb_000120.png,ads,candidate_crop,crop,,,free,pending,model_prefill policy=top1; checkpoint=best.pt; threshold=0.50; uncertain_low=0.15; top=free:0.373,2026-07-18T23:32:51.156603+00:00,2026-07-18T23:33:38.435019+00:00
file_1b25b331d8c51571,asset_4b460828e7852a16,D:\Projects\adb_vl\vision_platform\ads\collections\reviewed_bbox_crops_20260718\crops\rb_000121.png,vision_platform\ads\collections\reviewed_bbox_crops_20260718\crops\rb_000121.png,ads,candidate_crop,crop,,,x_mark,pending,model_prefill policy=top1; checkpoint=best.pt; threshold=0.50; uncertain_low=0.15; top=x_mark:0.516,2026-07-18T23:32:51.165004+00:00,2026-07-18T23:33:38.443901+00:00
file_834d97abbc001ce5,asset_2e9288f2d0fabccf,D:\Projects\adb_vl\vision_platform\ads\collections\reviewed_bbox_crops_20260718\crops\rb_000122.png,vision_platform\ads\collections\reviewed_bbox_crops_20260718\crops\rb_000122.png,ads,candidate_crop,crop,,,got,pending,model_prefill policy=top1; checkpoint=best.pt; threshold=0.50; uncertain_low=0.15; top=got:0.255,2026-07-18T23:32:51.175273+00:00,2026-07-18T23:33:38.453769+00:00
file_cab91239fa448f26,asset_05e39c545c2d589c,D:\Projects\adb_vl\vision_platform\ads\collections\reviewed_bbox_crops_20260718\crops\rb_000123.png,vision_platform\ads\collections\reviewed_bbox_crops_20260718\crops\rb_000123.png,ads,candidate_crop,crop,,,play_triangle,pending,model_prefill policy=top1; checkpoint=best.pt; threshold=0.50; uncertain_low=0.15; top=play_triangle:0.218,2026-07-18T23:32:51.187809+00:00,2026-07-18T23:33:38.462423+00:00
file_2160d3a8470b945a,asset_3ace1f0522c58233,D:\Projects\adb_vl\vision_platform\ads\collections\reviewed_bbox_crops_20260718\crops\rb_000124.png,vision_platform\ads\collections\reviewed_bbox_crops_20260718\crops\rb_000124.png,ads,candidate_crop,crop,,,free,pending,model_prefill policy=top1; checkpoint=best.pt; threshold=0.50; uncertain_low=0.15; top=free:0.200,2026-07-18T23:32:51.200212+00:00,2026-07-18T23:33:38.472811+00:00
file_8972b60b689b7080,asset_0a4e900ac50de596,D:\Projects\adb_vl\vision_platform\ads\collections\reviewed_bbox_crops_20260718\crops\rb_000125.png,vision_platform\ads\collections\reviewed_bbox_crops_20260718\crops\rb_000125.png,ads,candidate_crop,crop,,,free,pending,model_prefill policy=top1; checkpoint=best.pt; threshold=0.50; uncertain_low=0.15; top=free:0.423,2026-07-18T23:32:51.211862+00:00,2026-07-18T23:33:38.482782+00:00
file_526e1585f645dd14,asset_b9f13ebbb5033ec5,D:\Projects\adb_vl\vision_platform\ads\collections\reviewed_bbox_crops_20260718\crops\rb_000126.png,vision_platform\ads\collections\reviewed_bbox_crops_20260718\crops\rb_000126.png,ads,candidate_crop,crop,,,free,pending,model_prefill policy=top1; checkpoint=best.pt; threshold=0.50; uncertain_low=0.15; top=free:0.417,2026-07-18T23:32:51.223664+00:00,2026-07-18T23:33:38.492813+00:00
file_db8f38d6e6bdb2f1,asset_1dab5c000746ebe5,D:\Projects\adb_vl\vision_platform\ads\collections\reviewed_bbox_crops_20260718\crops\rb_000127.png,vision_platform\ads\collections\reviewed_bbox_crops_20260718\crops\rb_000127.png,ads,candidate_crop,crop,,,got,pending,model_prefill policy=top1; checkpoint=best.pt; threshold=0.50; uncertain_low=0.15; top=got:0.219,2026-07-18T23:32:51.237535+00:00,2026-07-18T23:33:38.504726+00:00
file_54f162f1f1ac5a0d,asset_05e39c545c2d589c,D:\Projects\adb_vl\vision_platform\ads\collections\reviewed_bbox_crops_20260718\crops\rb_000128.png,vision_platform\ads\collections\reviewed_bbox_crops_20260718\crops\rb_000128.png,ads,candidate_crop,crop,,,play_triangle,pending,model_prefill policy=top1; checkpoint=best.pt; threshold=0.50; uncertain_low=0.15; top=play_triangle:0.218,2026-07-18T23:32:51.248935+00:00,2026-07-18T23:33:38.512648+00:00
file_a24788aa155dd179,asset_3ace1f0522c58233,D:\Projects\adb_vl\vision_platform\ads\collections\reviewed_bbox_crops_20260718\crops\rb_000129.png,vision_platform\ads\collections\reviewed_bbox_crops_20260718\crops\rb_000129.png,ads,candidate_crop,crop,,,free,pending,model_prefill policy=top1; checkpoint=best.pt; threshold=0.50; uncertain_low=0.15; top=free:0.200,2026-07-18T23:32:51.259960+00:00,2026-07-18T23:33:38.525508+00:00
file_8646ff8ca8335918,asset_0a4e900ac50de596,D:\Projects\adb_vl\vision_platform\ads\collections\reviewed_bbox_crops_20260718\crops\rb_000130.png,vision_platform\ads\collections\reviewed_bbox_crops_20260718\crops\rb_000130.png,ads,candidate_crop,crop,,,free,pending,model_prefill policy=top1; checkpoint=best.pt; threshold=0.50; uncertain_low=0.15; top=free:0.423,2026-07-18T23:32:51.274863+00:00,2026-07-18T23:33:38.536846+00:00
file_14caa55f8b8cccfe,asset_bcc1721bb55d1642,D:\Projects\adb_vl\vision_platform\ads\collections\reviewed_bbox_crops_20260718\crops\rb_000131.png,vision_platform\ads\collections\reviewed_bbox_crops_20260718\crops\rb_000131.png,ads,candidate_crop,crop,,,x_mark,pending,model_prefill policy=top1; checkpoint=best.pt; threshold=0.50; uncertain_low=0.15; top=x_mark:0.434,2026-07-18T23:32:51.286688+00:00,2026-07-18T23:33:38.548233+00:00
file_45282982dc7fe8e8,asset_418166c027e47553,D:\Projects\adb_vl\vision_platform\ads\collections\reviewed_bbox_crops_20260718\crops\rb_000132.png,vision_platform\ads\collections\reviewed_bbox_crops_20260718\crops\rb_000132.png,ads,candidate_crop,crop,,,got,pending,model_prefill policy=top1; checkpoint=best.pt; threshold=0.50; uncertain_low=0.15; top=got:0.234,2026-07-18T23:32:51.296702+00:00,2026-07-18T23:33:38.560728+00:00
file_c15bee436f7a2f64,asset_0f4b94e17468addc,D:\Projects\adb_vl\vision_platform\ads\collections\reviewed_bbox_crops_20260718\crops\rb_000133.png,vision_platform\ads\collections\reviewed_bbox_crops_20260718\crops\rb_000133.png,ads,candidate_crop,crop,,,play_triangle,pending,model_prefill policy=top1; checkpoint=best.pt; threshold=0.50; uncertain_low=0.15; top=play_triangle:0.203,2026-07-18T23:32:51.311148+00:00,2026-07-18T23:33:38.571764+00:00
file_cf7c21442008830c,asset_966793a379a174df,D:\Projects\adb_vl\vision_platform\ads\collections\reviewed_bbox_crops_20260718\crops\rb_000134.png,vision_platform\ads\collections\reviewed_bbox_crops_20260718\crops\rb_000134.png,ads,candidate_crop,crop,,,free,pending,model_prefill policy=top1; checkpoint=best.pt; threshold=0.50; uncertain_low=0.15; top=free:0.287,2026-07-18T23:32:51.323012+00:00,2026-07-18T23:33:38.580162+00:00
file_46d7d0408c058727,asset_bcc1721bb55d1642,D:\Projects\adb_vl\vision_platform\ads\collections\reviewed_bbox_crops_20260718\crops\rb_000135.png,vision_platform\ads\collections\reviewed_bbox_crops_20260718\crops\rb_000135.png,ads,candidate_crop,crop,,,x_mark,pending,model_prefill policy=top1; checkpoint=best.pt; threshold=0.50; uncertain_low=0.15; top=x_mark:0.434,2026-07-18T23:32:51.337779+00:00,2026-07-18T23:33:38.591781+00:00
file_415b1759ce91e1fe,asset_8b5a5bf502b06ef1,D:\Projects\adb_vl\vision_platform\ads\collections\reviewed_bbox_crops_20260718\crops\rb_000136.png,vision_platform\ads\collections\reviewed_bbox_crops_20260718\crops\rb_000136.png,ads,candidate_crop,crop,,,got,pending,model_prefill policy=top1; checkpoint=best.pt; threshold=0.50; uncertain_low=0.15; top=got:0.364,2026-07-18T23:32:51.349727+00:00,2026-07-18T23:33:38.601664+00:00
file_93708138367d2995,asset_0f4b94e17468addc,D:\Projects\adb_vl\vision_platform\ads\collections\reviewed_bbox_crops_20260718\crops\rb_000137.png,vision_platform\ads\collections\reviewed_bbox_crops_20260718\crops\rb_000137.png,ads,candidate_crop,crop,,,play_triangle,pending,model_prefill policy=top1; checkpoint=best.pt; threshold=0.50; uncertain_low=0.15; top=play_triangle:0.203,2026-07-18T23:32:51.362621+00:00,2026-07-18T23:33:38.611029+00:00
file_09262bd1f2321a7b,asset_b2038ae70ba4928b,D:\Projects\adb_vl\vision_platform\ads\collections\reviewed_bbox_crops_20260718\crops\rb_000138.png,vision_platform\ads\collections\reviewed_bbox_crops_20260718\crops\rb_000138.png,ads,candidate_crop,crop,,,x_mark,pending,model_prefill policy=top1; checkpoint=best.pt; threshold=0.50; uncertain_low=0.15; top=x_mark:0.761,2026-07-18T23:32:51.374566+00:00,2026-07-18T23:33:38.623831+00:00
file_d434d859462d0aee,asset_9374af084265b151,D:\Projects\adb_vl\vision_platform\ads\collections\reviewed_bbox_crops_20260718\crops\rb_000139.png,vision_platform\ads\collections\reviewed_bbox_crops_20260718\crops\rb_000139.png,ads,candidate_crop,crop,,,x_mark,pending,model_prefill policy=top1; checkpoint=best.pt; threshold=0.50; uncertain_low=0.15; top=x_mark:0.690,2026-07-18T23:32:51.386861+00:00,2026-07-18T23:33:38.636136+00:00
file_88211eacebd07018,asset_859c7278c0adf604,D:\Projects\adb_vl\vision_platform\ads\collections\reviewed_bbox_crops_20260718\crops\rb_000140.png,vision_platform\ads\collections\reviewed_bbox_crops_20260718\crops\rb_000140.png,ads,candidate_crop,crop,,,got,pending,model_prefill policy=top1; checkpoint=best.pt; threshold=0.50; uncertain_low=0.15; top=got:0.313,2026-07-18T23:32:51.394773+00:00,2026-07-18T23:33:38.646408+00:00
file_f4f35fb8b2be28a3,asset_0f4b94e17468addc,D:\Projects\adb_vl\vision_platform\ads\collections\reviewed_bbox_crops_20260718\crops\rb_000141.png,vision_platform\ads\collections\reviewed_bbox_crops_20260718\crops\rb_000141.png,ads,candidate_crop,crop,,,play_triangle,pending,model_prefill policy=top1; checkpoint=best.pt; threshold=0.50; uncertain_low=0.15; top=play_triangle:0.203,2026-07-18T23:32:51.405643+00:00,2026-07-18T23:33:38.656285+00:00
file_3d395ad108b7d05d,asset_d0d6af500a45886e,D:\Projects\adb_vl\vision_platform\ads\collections\reviewed_bbox_crops_20260718\crops\rb_000142.png,vision_platform\ads\collections\reviewed_bbox_crops_20260718\crops\rb_000142.png,ads,candidate_crop,crop,,,x_mark,pending,model_prefill policy=top1; checkpoint=best.pt; threshold=0.50; uncertain_low=0.15; top=x_mark:0.600,2026-07-18T23:32:51.414048+00:00,2026-07-18T23:33:38.670178+00:00
file_4135329ece6fef7b,asset_5367678d7e7c5c9e,D:\Projects\adb_vl\vision_platform\ads\collections\reviewed_bbox_crops_20260718\crops\rb_000143.png,vision_platform\ads\collections\reviewed_bbox_crops_20260718\crops\rb_000143.png,ads,candidate_crop,crop,,,arrow,pending,model_prefill policy=top1; checkpoint=best.pt; threshold=0.50; uncertain_low=0.15; top=arrow:0.726,2026-07-18T23:32:51.422933+00:00,2026-07-18T23:33:38.682563+00:00
file_a5819c59dda8a986,asset_9869e8ef27cf226c,D:\Projects\adb_vl\vision_platform\ads\collections\reviewed_bbox_crops_20260718\crops\rb_000144.png,vision_platform\ads\collections\reviewed_bbox_crops_20260718\crops\rb_000144.png,ads,candidate_crop,crop,,,got,pending,model_prefill policy=top1; checkpoint=best.pt; threshold=0.50; uncertain_low=0.15; top=got:0.300,2026-07-18T23:32:51.433374+00:00,2026-07-18T23:33:38.696851+00:00
file_f8a408d2b9fbc248,asset_8951e1d6b133fc43,D:\Projects\adb_vl\vision_platform\ads\collections\reviewed_bbox_crops_20260718\crops\rb_000145.png,vision_platform\ads\collections\reviewed_bbox_crops_20260718\crops\rb_000145.png,ads,candidate_crop,crop,,,free,pending,model_prefill policy=top1; checkpoint=best.pt; threshold=0.50; uncertain_low=0.15; top=free:0.809,2026-07-18T23:32:51.445812+00:00,2026-07-18T23:33:38.709729+00:00
file_6795d3c28a8fb0c6,asset_ec5d107e852b1436,D:\Projects\adb_vl\vision_platform\ads\collections\reviewed_bbox_crops_20260718\crops\rb_000146.png,vision_platform\ads\collections\reviewed_bbox_crops_20260718\crops\rb_000146.png,ads,candidate_crop,crop,,,free,pending,model_prefill policy=top1; checkpoint=best.pt; threshold=0.50; uncertain_low=0.15; top=free:0.586,2026-07-18T23:32:51.456332+00:00,2026-07-18T23:33:38.723127+00:00
file_2366ed5d4044abf4,asset_aaa32e3378ef441e,D:\Projects\adb_vl\vision_platform\ads\collections\reviewed_bbox_crops_20260718\crops\rb_000147.png,vision_platform\ads\collections\reviewed_bbox_crops_20260718\crops\rb_000147.png,ads,candidate_crop,crop,,,x_mark,pending,model_prefill policy=top1; checkpoint=best.pt; threshold=0.50; uncertain_low=0.15; top=x_mark:0.370,2026-07-18T23:32:51.469284+00:00,2026-07-18T23:33:38.734495+00:00
file_8c2cfa4ed0b03676,asset_251751890e71370a,D:\Projects\adb_vl\vision_platform\ads\collections\reviewed_bbox_crops_20260718\crops\rb_000148.png,vision_platform\ads\collections\reviewed_bbox_crops_20260718\crops\rb_000148.png,ads,candidate_crop,crop,,,free,pending,model_prefill policy=top1; checkpoint=best.pt; threshold=0.50; uncertain_low=0.15; top=free:0.738,2026-07-18T23:32:51.477471+00:00,2026-07-18T23:33:38.749284+00:00
file_92bf9affe27f402d,asset_0ef553bd6095965f,D:\Projects\adb_vl\vision_platform\ads\collections\reviewed_bbox_crops_20260718\crops\rb_000149.png,vision_platform\ads\collections\reviewed_bbox_crops_20260718\crops\rb_000149.png,ads,candidate_crop,crop,,,x_mark,pending,model_prefill policy=top1; checkpoint=best.pt; threshold=0.50; uncertain_low=0.15; top=x_mark:0.675,2026-07-18T23:32:51.489861+00:00,2026-07-18T23:33:38.760808+00:00
file_8f81870f1b024972,asset_83b54a80ca6e589f,D:\Projects\adb_vl\vision_platform\ads\collections\reviewed_bbox_crops_20260718\crops\rb_000150.png,vision_platform\ads\collections\reviewed_bbox_crops_20260718\crops\rb_000150.png,ads,candidate_crop,crop,,,x_mark,pending,model_prefill policy=top1; checkpoint=best.pt; threshold=0.50; uncertain_low=0.15; top=x_mark:0.695,2026-07-18T23:32:51.501458+00:00,2026-07-18T23:33:38.773627+00:00
file_5e205dc34084d8c9,asset_ec36a0a1359d3407,D:\Projects\adb_vl\vision_platform\ads\collections\reviewed_bbox_crops_20260718\crops\rb_000151.png,vision_platform\ads\collections\reviewed_bbox_crops_20260718\crops\rb_000151.png,ads,candidate_crop,crop,,,x_mark,pending,model_prefill policy=top1; checkpoint=best.pt; threshold=0.50; uncertain_low=0.15; top=x_mark:0.369,2026-07-18T23:32:51.513743+00:00,2026-07-18T23:33:38.786675+00:00
file_5fccc5205c204e5e,asset_251751890e71370a,D:\Projects\adb_vl\vision_platform\ads\collections\reviewed_bbox_crops_20260718\crops\rb_000152.png,vision_platform\ads\collections\reviewed_bbox_crops_20260718\crops\rb_000152.png,ads,candidate_crop,crop,,,free,pending,model_prefill policy=top1; checkpoint=best.pt; threshold=0.50; uncertain_low=0.15; top=free:0.738,2026-07-18T23:32:51.525713+00:00,2026-07-18T23:33:38.798026+00:00
file_0174b767cdb80e0d,asset_50ad02b705cc23fb,D:\Projects\adb_vl\vision_platform\ads\collections\reviewed_bbox_crops_20260718\crops\rb_000153.png,vision_platform\ads\collections\reviewed_bbox_crops_20260718\crops\rb_000153.png,ads,candidate_crop,crop,,,x_mark,pending,model_prefill policy=top1; checkpoint=best.pt; threshold=0.50; uncertain_low=0.15; top=x_mark:0.663,2026-07-18T23:32:51.537241+00:00,2026-07-18T23:33:38.809018+00:00
file_bedd66115ab8ef28,asset_a419bfb7ea738f2f,D:\Projects\adb_vl\vision_platform\ads\collections\reviewed_bbox_crops_20260718\crops\rb_000154.png,vision_platform\ads\collections\reviewed_bbox_crops_20260718\crops\rb_000154.png,ads,candidate_crop,crop,crop,raw,arrow,pending,model_prefill policy=top1; checkpoint=best.pt; threshold=0.50; uncertain_low=0.15; top=arrow:0.722,2026-07-18T23:32:51.549099+00:00,2026-07-18T23:33:38.818309+00:00
file_4790826d4d4880c1,asset_93a1e4b128f9b908,D:\Projects\adb_vl\vision_platform\ads\collections\reviewed_bbox_crops_20260718\crops\rb_000155.png,vision_platform\ads\collections\reviewed_bbox_crops_20260718\crops\rb_000155.png,ads,candidate_crop,crop,,,got,pending,model_prefill policy=top1; checkpoint=best.pt; threshold=0.50; uncertain_low=0.15; top=got:0.360,2026-07-18T23:32:51.560864+00:00,2026-07-18T23:33:38.827648+00:00
file_a9355be9f4016068,asset_251751890e71370a,D:\Projects\adb_vl\vision_platform\ads\collections\reviewed_bbox_crops_20260718\crops\rb_000156.png,vision_platform\ads\collections\reviewed_bbox_crops_20260718\crops\rb_000156.png,ads,candidate_crop,crop,,,free,pending,model_prefill policy=top1; checkpoint=best.pt; threshold=0.50; uncertain_low=0.15; top=free:0.738,2026-07-18T23:32:51.572092+00:00,2026-07-18T23:33:38.836051+00:00
file_e8faeac1714fec7c,asset_bcc1721bb55d1642,D:\Projects\adb_vl\vision_platform\ads\collections\reviewed_bbox_crops_20260718\crops\rb_000157.png,vision_platform\ads\collections\reviewed_bbox_crops_20260718\crops\rb_000157.png,ads,candidate_crop,crop,,,x_mark,pending,model_prefill policy=top1; checkpoint=best.pt; threshold=0.50; uncertain_low=0.15; top=x_mark:0.434,2026-07-18T23:32:51.583973+00:00,2026-07-18T23:33:38.844433+00:00
file_42eec0ac8415b5a9,asset_232e5768608a77e9,D:\Projects\adb_vl\vision_platform\ads\collections\reviewed_bbox_crops_20260718\crops\rb_000158.png,vision_platform\ads\collections\reviewed_bbox_crops_20260718\crops\rb_000158.png,ads,candidate_crop,crop,,,x_mark,pending,model_prefill policy=top1; checkpoint=best.pt; threshold=0.50; uncertain_low=0.15; top=x_mark:0.372,2026-07-18T23:32:51.597291+00:00,2026-07-18T23:33:38.854762+00:00
file_2f60ce63befa723d,asset_1efd56983e8a2be7,D:\Projects\adb_vl\vision_platform\ads\collections\reviewed_bbox_crops_20260718\crops\rb_000159.png,vision_platform\ads\collections\reviewed_bbox_crops_20260718\crops\rb_000159.png,ads,candidate_crop,crop,,,uncertain,pending,model_prefill policy=top1; checkpoint=best.pt; threshold=0.50; uncertain_low=0.15; top=play_triangle:0.126,2026-07-18T23:32:51.608300+00:00,2026-07-18T23:33:38.862077+00:00
file_93bb21d0c9b6b5ab,asset_6104349d1d13028a,D:\Projects\adb_vl\vision_platform\ads\collections\reviewed_bbox_crops_20260718\crops\rb_000160.png,vision_platform\ads\collections\reviewed_bbox_crops_20260718\crops\rb_000160.png,ads,candidate_crop,crop,,,x_mark,pending,model_prefill policy=top1; checkpoint=best.pt; threshold=0.50; uncertain_low=0.15; top=x_mark:0.357,2026-07-18T23:32:51.621193+00:00,2026-07-18T23:33:38.870879+00:00
file_c55a07ff89eb44d9,asset_07806939f8188a93,D:\Projects\adb_vl\vision_platform\ads\collections\reviewed_bbox_crops_20260718\crops\rb_000161.png,vision_platform\ads\collections\reviewed_bbox_crops_20260718\crops\rb_000161.png,ads,candidate_crop,crop,,,got,pending,model_prefill policy=top1; checkpoint=best.pt; threshold=0.50; uncertain_low=0.15; top=got:0.307,2026-07-18T23:32:51.632171+00:00,2026-07-18T23:33:38.880737+00:00
file_5d0f4d547f12a1f9,asset_1efd56983e8a2be7,D:\Projects\adb_vl\vision_platform\ads\collections\reviewed_bbox_crops_20260718\crops\rb_000162.png,vision_platform\ads\collections\reviewed_bbox_crops_20260718\crops\rb_000162.png,ads,candidate_crop,crop,,,uncertain,pending,model_prefill policy=top1; checkpoint=best.pt; threshold=0.50; uncertain_low=0.15; top=play_triangle:0.126,2026-07-18T23:32:51.641048+00:00,2026-07-18T23:33:38.890099+00:00
file_6238053c8e348d24,asset_6104349d1d13028a,D:\Projects\adb_vl\vision_platform\ads\collections\reviewed_bbox_crops_20260718\crops\rb_000163.png,vision_platform\ads\collections\reviewed_bbox_crops_20260718\crops\rb_000163.png,ads,candidate_crop,crop,,,x_mark,pending,model_prefill policy=top1; checkpoint=best.pt; threshold=0.50; uncertain_low=0.15; top=x_mark:0.357,2026-07-18T23:32:51.657910+00:00,2026-07-18T23:33:38.899022+00:00
file_a2eefc3b32cd77d2,asset_c067442c423acf78,D:\Projects\adb_vl\vision_platform\ads\collections\reviewed_bbox_crops_20260718\crops\rb_000164.png,vision_platform\ads\collections\reviewed_bbox_crops_20260718\crops\rb_000164.png,ads,candidate_crop,crop,,,got,pending,model_prefill policy=top1; checkpoint=best.pt; threshold=0.50; uncertain_low=0.15; top=got:0.178,2026-07-18T23:32:51.667369+00:00,2026-07-18T23:33:38.907487+00:00
file_a7e95226550c356b,asset_53beadffe200f55d,D:\Projects\adb_vl\vision_platform\ads\collections\reviewed_bbox_crops_20260718\crops\rb_000165.png,vision_platform\ads\collections\reviewed_bbox_crops_20260718\crops\rb_000165.png,ads,candidate_crop,crop,,,x_mark,pending,model_prefill policy=top1; checkpoint=best.pt; threshold=0.50; uncertain_low=0.15; top=x_mark:0.417,2026-07-18T23:32:51.679224+00:00,2026-07-18T23:33:38.919895+00:00
file_081b7fcf077b5e2e,asset_4baeb732de29dc99,D:\Projects\adb_vl\vision_platform\ads\collections\reviewed_bbox_crops_20260718\crops\rb_000166.png,vision_platform\ads\collections\reviewed_bbox_crops_20260718\crops\rb_000166.png,ads,candidate_crop,crop,,,got,pending,model_prefill policy=top1; checkpoint=best.pt; threshold=0.50; uncertain_low=0.15; top=got:0.246,2026-07-18T23:32:51.691068+00:00,2026-07-18T23:33:38.932688+00:00
file_953448be23ae1db9,asset_1efd56983e8a2be7,D:\Projects\adb_vl\vision_platform\ads\collections\reviewed_bbox_crops_20260718\crops\rb_000167.png,vision_platform\ads\collections\reviewed_bbox_crops_20260718\crops\rb_000167.png,ads,candidate_crop,crop,,,uncertain,pending,model_prefill policy=top1; checkpoint=best.pt; threshold=0.50; uncertain_low=0.15; top=play_triangle:0.126,2026-07-18T23:32:51.703912+00:00,2026-07-18T23:33:38.944984+00:00
file_f3370fca6a5a25e5,asset_6104349d1d13028a,D:\Projects\adb_vl\vision_platform\ads\collections\reviewed_bbox_crops_20260718\crops\rb_000168.png,vision_platform\ads\collections\reviewed_bbox_crops_20260718\crops\rb_000168.png,ads,candidate_crop,crop,,,x_mark,pending,model_prefill policy=top1; checkpoint=best.pt; threshold=0.50; uncertain_low=0.15; top=x_mark:0.357,2026-07-18T23:32:51.716269+00:00,2026-07-18T23:33:38.953863+00:00
file_820f998b0a7abeb8,asset_5b8b9efcafa07e95,D:\Projects\adb_vl\vision_platform\ads\collections\reviewed_bbox_crops_20260718\crops\rb_000169.png,vision_platform\ads\collections\reviewed_bbox_crops_20260718\crops\rb_000169.png,ads,candidate_crop,crop,,,free,pending,model_prefill policy=top1; checkpoint=best.pt; threshold=0.50; uncertain_low=0.15; top=free:0.289,2026-07-18T23:32:51.728920+00:00,2026-07-18T23:33:38.964733+00:00
file_fa25aed9644a99f2,asset_1efd56983e8a2be7,D:\Projects\adb_vl\vision_platform\ads\collections\reviewed_bbox_crops_20260718\crops\rb_000170.png,vision_platform\ads\collections\reviewed_bbox_crops_20260718\crops\rb_000170.png,ads,candidate_crop,crop,,,uncertain,pending,model_prefill policy=top1; checkpoint=best.pt; threshold=0.50; uncertain_low=0.15; top=play_triangle:0.126,2026-07-18T23:32:51.739793+00:00,2026-07-18T23:33:38.976772+00:00
file_b2e085b44f5a5d9d,asset_6104349d1d13028a,D:\Projects\adb_vl\vision_platform\ads\collections\reviewed_bbox_crops_20260718\crops\rb_000171.png,vision_platform\ads\collections\reviewed_bbox_crops_20260718\crops\rb_000171.png,ads,candidate_crop,crop,,,x_mark,pending,model_prefill policy=top1; checkpoint=best.pt; threshold=0.50; uncertain_low=0.15; top=x_mark:0.357,2026-07-18T23:32:51.748063+00:00,2026-07-18T23:33:38.987701+00:00
file_46fa0185f555034a,asset_e726e438d0e40ddd,D:\Projects\adb_vl\vision_platform\ads\collections\reviewed_bbox_crops_20260718\crops\rb_000172.png,vision_platform\ads\collections\reviewed_bbox_crops_20260718\crops\rb_000172.png,ads,candidate_crop,crop,,,got,pending,model_prefill policy=top1; checkpoint=best.pt; threshold=0.50; uncertain_low=0.15; top=got:0.250,2026-07-18T23:32:51.758995+00:00,2026-07-18T23:33:39.002213+00:00
file_8598f00aa97cf91c,asset_6104349d1d13028a,D:\Projects\adb_vl\vision_platform\ads\collections\reviewed_bbox_crops_20260718\crops\rb_000173.png,vision_platform\ads\collections\reviewed_bbox_crops_20260718\crops\rb_000173.png,ads,candidate_crop,crop,,,x_mark,pending,model_prefill policy=top1; checkpoint=best.pt; threshold=0.50; uncertain_low=0.15; top=x_mark:0.357,2026-07-18T23:32:51.767316+00:00,2026-07-18T23:33:39.018988+00:00
file_903e2f9644579f3a,asset_b6d5a1716e40d6af,D:\Projects\adb_vl\vision_platform\ads\collections\reviewed_bbox_crops_20260718\crops\rb_000174.png,vision_platform\ads\collections\reviewed_bbox_crops_20260718\crops\rb_000174.png,ads,candidate_crop,crop,,,got,pending,model_prefill policy=top1; checkpoint=best.pt; threshold=0.50; uncertain_low=0.15; top=got:0.290,2026-07-18T23:32:51.779145+00:00,2026-07-18T23:33:39.031674+00:00
file_2522e538caa87309,asset_1efd56983e8a2be7,D:\Projects\adb_vl\vision_platform\ads\collections\reviewed_bbox_crops_20260718\crops\rb_000175.png,vision_platform\ads\collections\reviewed_bbox_crops_20260718\crops\rb_000175.png,ads,candidate_crop,crop,,,uncertain,pending,model_prefill policy=top1; checkpoint=best.pt; threshold=0.50; uncertain_low=0.15; top=play_triangle:0.126,2026-07-18T23:32:51.792009+00:00,2026-07-18T23:33:39.045946+00:00
file_20a9c5333b15a0aa,asset_4a60fdfab002b186,D:\Projects\adb_vl\vision_platform\ads\collections\reviewed_bbox_crops_20260718\crops\rb_000176.png,vision_platform\ads\collections\reviewed_bbox_crops_20260718\crops\rb_000176.png,ads,candidate_crop,crop,,,arrow,pending,model_prefill policy=top1; checkpoint=best.pt; threshold=0.50; uncertain_low=0.15; top=arrow:0.707,2026-07-18T23:32:51.801917+00:00,2026-07-18T23:33:39.061022+00:00
file_70eab4aa71566fed,asset_3ddc68d29fa37c7a,D:\Projects\adb_vl\vision_platform\ads\collections\reviewed_bbox_crops_20260718\crops\rb_000177.png,vision_platform\ads\collections\reviewed_bbox_crops_20260718\crops\rb_000177.png,ads,candidate_crop,crop,,,x_mark,pending,model_prefill policy=top1; checkpoint=best.pt; threshold=0.50; uncertain_low=0.15; top=x_mark:0.714,2026-07-18T23:32:51.810854+00:00,2026-07-18T23:33:39.071875+00:00
file_1c3630ddefa6dba6,asset_7ee24ebf67df3d33,D:\Projects\adb_vl\vision_platform\ads\collections\reviewed_bbox_crops_20260718\crops\rb_000178.png,vision_platform\ads\collections\reviewed_bbox_crops_20260718\crops\rb_000178.png,ads,candidate_crop,crop,,,got,pending,model_prefill policy=top1; checkpoint=best.pt; threshold=0.50; uncertain_low=0.15; top=got:0.264,2026-07-18T23:32:51.820877+00:00,2026-07-18T23:33:39.085661+00:00
file_b4823dc6f44ed0e4,asset_1efd56983e8a2be7,D:\Projects\adb_vl\vision_platform\ads\collections\reviewed_bbox_crops_20260718\crops\rb_000179.png,vision_platform\ads\collections\reviewed_bbox_crops_20260718\crops\rb_000179.png,ads,candidate_crop,crop,,,uncertain,pending,model_prefill policy=top1; checkpoint=best.pt; threshold=0.50; uncertain_low=0.15; top=play_triangle:0.126,2026-07-18T23:32:51.831777+00:00,2026-07-18T23:33:39.099090+00:00
file_bda9a20f9fdf9501,asset_53beadffe200f55d,D:\Projects\adb_vl\vision_platform\ads\collections\reviewed_bbox_crops_20260718\crops\rb_000180.png,vision_platform\ads\collections\reviewed_bbox_crops_20260718\crops\rb_000180.png,ads,candidate_crop,crop,,,x_mark,pending,model_prefill policy=top1; checkpoint=best.pt; threshold=0.50; uncertain_low=0.15; top=x_mark:0.417,2026-07-18T23:32:51.843261+00:00,2026-07-18T23:33:39.112031+00:00
file_9b5b5c10ec158498,asset_f8a2f617d0ab962b,D:\Projects\adb_vl\vision_platform\ads\collections\reviewed_bbox_crops_20260718\crops\rb_000181.png,vision_platform\ads\collections\reviewed_bbox_crops_20260718\crops\rb_000181.png,ads,candidate_crop,crop,,,got,pending,model_prefill policy=top1; checkpoint=best.pt; threshold=0.50; uncertain_low=0.15; top=got:0.279,2026-07-18T23:32:51.853773+00:00,2026-07-18T23:33:39.123841+00:00
file_835c9ccfae3bc599,asset_9336f42fcea7e0b7,D:\Projects\adb_vl\vision_platform\ads\collections\reviewed_bbox_crops_20260718\crops\rb_000182.png,vision_platform\ads\collections\reviewed_bbox_crops_20260718\crops\rb_000182.png,ads,candidate_crop,crop,,,arrow,pending,model_prefill policy=top1; checkpoint=best.pt; threshold=0.50; uncertain_low=0.15; top=arrow:0.705,2026-07-18T23:32:51.863655+00:00,2026-07-18T23:33:39.134769+00:00
file_b5862f5eee2bd34d,asset_258dc7524dde6bfe,D:\Projects\adb_vl\vision_platform\ads\collections\reviewed_bbox_crops_20260718\crops\rb_000183.png,vision_platform\ads\collections\reviewed_bbox_crops_20260718\crops\rb_000183.png,ads,candidate_crop,crop,,,x_mark,pending,model_prefill policy=top1; checkpoint=best.pt; threshold=0.50; uncertain_low=0.15; top=x_mark:0.710,2026-07-18T23:32:51.873999+00:00,2026-07-18T23:33:39.144632+00:00
file_b2f2ca30e61e090b,asset_47f3bd091a943bf3,D:\Projects\adb_vl\vision_platform\ads\collections\reviewed_bbox_crops_20260718\crops\rb_000184.png,vision_platform\ads\collections\reviewed_bbox_crops_20260718\crops\rb_000184.png,ads,candidate_crop,crop,,,got,pending,model_prefill policy=top1; checkpoint=best.pt; threshold=0.50; uncertain_low=0.15; top=got:0.266,2026-07-18T23:32:51.881886+00:00,2026-07-18T23:33:39.157651+00:00
file_115e03a023710f05,asset_1efd56983e8a2be7,D:\Projects\adb_vl\vision_platform\ads\collections\reviewed_bbox_crops_20260718\crops\rb_000185.png,vision_platform\ads\collections\reviewed_bbox_crops_20260718\crops\rb_000185.png,ads,candidate_crop,crop,,,uncertain,pending,model_prefill policy=top1; checkpoint=best.pt; threshold=0.50; uncertain_low=0.15; top=play_triangle:0.126,2026-07-18T23:32:51.893694+00:00,2026-07-18T23:33:39.170705+00:00
file_3a92591d77240c53,asset_1efd56983e8a2be7,D:\Projects\adb_vl\vision_platform\ads\collections\reviewed_bbox_crops_20260718\crops\rb_000186.png,vision_platform\ads\collections\reviewed_bbox_crops_20260718\crops\rb_000186.png,ads,candidate_crop,crop,,,uncertain,pending,model_prefill policy=top1; checkpoint=best.pt; threshold=0.50; uncertain_low=0.15; top=play_triangle:0.126,2026-07-18T23:32:51.902719+00:00,2026-07-18T23:33:39.180080+00:00
file_fd561f18831e0e67,asset_1efd56983e8a2be7,D:\Projects\adb_vl\vision_platform\ads\collections\reviewed_bbox_crops_20260718\crops\rb_000187.png,vision_platform\ads\collections\reviewed_bbox_crops_20260718\crops\rb_000187.png,ads,candidate_crop,crop,,,uncertain,pending,model_prefill policy=top1; checkpoint=best.pt; threshold=0.50; uncertain_low=0.15; top=play_triangle:0.126,2026-07-18T23:32:51.910122+00:00,2026-07-18T23:33:39.191911+00:00
file_5d85190da480ef0d,asset_2814a8612c24914c,D:\Projects\adb_vl\vision_platform\ads\collections\reviewed_bbox_crops_20260718\crops\rb_000188.png,vision_platform\ads\collections\reviewed_bbox_crops_20260718\crops\rb_000188.png,ads,candidate_crop,crop,,,arrow,pending,model_prefill policy=top1; checkpoint=best.pt; threshold=0.50; uncertain_low=0.15; top=arrow:0.712,2026-07-18T23:32:51.918943+00:00,2026-07-18T23:33:39.201789+00:00
file_583d3e5f16175353,asset_ba06f6fe6e90bf35,D:\Projects\adb_vl\vision_platform\ads\collections\reviewed_bbox_crops_20260718\crops\rb_000189.png,vision_platform\ads\collections\reviewed_bbox_crops_20260718\crops\rb_000189.png,ads,candidate_crop,crop,,,x_mark,pending,model_prefill policy=top1; checkpoint=best.pt; threshold=0.50; uncertain_low=0.15; top=x_mark:0.706,2026-07-18T23:32:51.926825+00:00,2026-07-18T23:33:39.211815+00:00
file_3ede1657ecbdcef2,asset_e0f9b0b7ef47940a,D:\Projects\adb_vl\vision_platform\ads\collections\reviewed_bbox_crops_20260718\crops\rb_000190.png,vision_platform\ads\collections\reviewed_bbox_crops_20260718\crops\rb_000190.png,ads,candidate_crop,crop,,,got,pending,model_prefill policy=top1; checkpoint=best.pt; threshold=0.50; uncertain_low=0.15; top=got:0.259,2026-07-18T23:32:51.939164+00:00,2026-07-18T23:33:39.225141+00:00
file_ca66e278bf651e4f,asset_49fd2de5653947b4,D:\Projects\adb_vl\vision_platform\ads\collections\reviewed_bbox_crops_20260718\crops\rb_000191.png,vision_platform\ads\collections\reviewed_bbox_crops_20260718\crops\rb_000191.png,ads,candidate_crop,crop,,,play_triangle,pending,model_prefill policy=top1; checkpoint=best.pt; threshold=0.50; uncertain_low=0.15; top=play_triangle:0.326,2026-07-18T23:32:51.950063+00:00,2026-07-18T23:33:39.236959+00:00
file_e1b144e2b6fdbd8c,asset_e803f75736766f83,D:\Projects\adb_vl\vision_platform\ads\collections\reviewed_bbox_crops_20260718\crops\rb_000192.png,vision_platform\ads\collections\reviewed_bbox_crops_20260718\crops\rb_000192.png,ads,candidate_crop,crop,,,x_mark,pending,model_prefill policy=top1; checkpoint=best.pt; threshold=0.50; uncertain_low=0.15; top=x_mark:0.686,2026-07-18T23:32:51.962018+00:00,2026-07-18T23:33:39.243885+00:00
file_9f8b320edd27915b,asset_f10069120b58ccf9,D:\Projects\adb_vl\vision_platform\ads\collections\reviewed_bbox_crops_20260718\crops\rb_000193.png,vision_platform\ads\collections\reviewed_bbox_crops_20260718\crops\rb_000193.png,ads,candidate_crop,crop,,,x_mark,pending,model_prefill policy=top1; checkpoint=best.pt; threshold=0.50; uncertain_low=0.15; top=x_mark:0.224,2026-07-18T23:32:51.972338+00:00,2026-07-18T23:33:39.252263+00:00
file_15ed11e405321cbb,asset_6a1897f966d58730,D:\Projects\adb_vl\vision_platform\ads\collections\reviewed_bbox_crops_20260718\crops\rb_000194.png,vision_platform\ads\collections\reviewed_bbox_crops_20260718\crops\rb_000194.png,ads,candidate_crop,crop,,,got,pending,model_prefill policy=top1; checkpoint=best.pt; threshold=0.50; uncertain_low=0.15; top=got:0.269,2026-07-18T23:32:51.979752+00:00,2026-07-18T23:33:39.260187+00:00
file_ce53494f6714adf5,asset_1efd56983e8a2be7,D:\Projects\adb_vl\vision_platform\ads\collections\reviewed_bbox_crops_20260718\crops\rb_000195.png,vision_platform\ads\collections\reviewed_bbox_crops_20260718\crops\rb_000195.png,ads,candidate_crop,crop,,,uncertain,pending,model_prefill policy=top1; checkpoint=best.pt; threshold=0.50; uncertain_low=0.15; top=play_triangle:0.126,2026-07-18T23:32:51.993038+00:00,2026-07-18T23:33:39.272058+00:00
file_1da5901059e13361,asset_d63984efea65ebca,D:\Projects\adb_vl\vision_platform\ads\collections\reviewed_bbox_crops_20260718\crops\rb_000196.png,vision_platform\ads\collections\reviewed_bbox_crops_20260718\crops\rb_000196.png,ads,candidate_crop,crop,,,arrow,pending,model_prefill policy=top1; checkpoint=best.pt; threshold=0.50; uncertain_low=0.15; top=arrow:0.656,2026-07-18T23:32:52.005408+00:00,2026-07-18T23:33:39.282442+00:00
file_9f8087f2af23b3fd,asset_50b9da088c5bcf37,D:\Projects\adb_vl\vision_platform\ads\collections\reviewed_bbox_crops_20260718\crops\rb_000197.png,vision_platform\ads\collections\reviewed_bbox_crops_20260718\crops\rb_000197.png,ads,candidate_crop,crop,,,got,pending,model_prefill policy=top1; checkpoint=best.pt; threshold=0.50; uncertain_low=0.15; top=got:0.282,2026-07-18T23:32:52.016762+00:00,2026-07-18T23:33:39.303117+00:00
file_61a3dc2e4a8cfa70,asset_6788df1119bb2c5c,D:\Projects\adb_vl\vision_platform\ads\collections\reviewed_bbox_crops_20260718\crops\rb_000198.png,vision_platform\ads\collections\reviewed_bbox_crops_20260718\crops\rb_000198.png,ads,candidate_crop,crop,,,arrow,pending,model_prefill policy=top1; checkpoint=best.pt; threshold=0.50; uncertain_low=0.15; top=arrow:0.669,2026-07-18T23:32:52.029119+00:00,2026-07-18T23:33:39.317883+00:00
file_cb84e9137d057526,asset_143988364bdc2b21,D:\Projects\adb_vl\vision_platform\ads\collections\reviewed_bbox_crops_20260718\crops\rb_000199.png,vision_platform\ads\collections\reviewed_bbox_crops_20260718\crops\rb_000199.png,ads,candidate_crop,crop,,,got,pending,model_prefill policy=top1; checkpoint=best.pt; threshold=0.50; uncertain_low=0.15; top=got:0.269,2026-07-18T23:32:52.038961+00:00,2026-07-18T23:33:39.328299+00:00
file_dd31e9fdb34b187c,asset_1efd56983e8a2be7,D:\Projects\adb_vl\vision_platform\ads\collections\reviewed_bbox_crops_20260718\crops\rb_000200.png,vision_platform\ads\collections\reviewed_bbox_crops_20260718\crops\rb_000200.png,ads,candidate_crop,crop,,,uncertain,pending,model_prefill policy=top1; checkpoint=best.pt; threshold=0.50; uncertain_low=0.15; top=play_triangle:0.126,2026-07-18T23:32:52.046826+00:00,2026-07-18T23:33:39.340787+00:00
file_b3d3d941c081f532,asset_713d9bd8585df68b,D:\Projects\adb_vl\vision_platform\ads\collections\reviewed_bbox_crops_20260718\crops\rb_000201.png,vision_platform\ads\collections\reviewed_bbox_crops_20260718\crops\rb_000201.png,ads,candidate_crop,crop,,,x_mark,pending,model_prefill policy=top1; checkpoint=best.pt; threshold=0.50; uncertain_low=0.15; top=x_mark:0.514,2026-07-18T23:32:52.056256+00:00,2026-07-18T23:33:39.349183+00:00
file_b3bac06a83836101,asset_93e074b680c4fe7b,D:\Projects\adb_vl\vision_platform\ads\collections\reviewed_bbox_crops_20260718\crops\rb_000202.png,vision_platform\ads\collections\reviewed_bbox_crops_20260718\crops\rb_000202.png,ads,candidate_crop,crop,,,play_triangle,pending,model_prefill policy=top1; checkpoint=best.pt; threshold=0.50; uncertain_low=0.15; top=play_triangle:0.177,2026-07-18T23:32:52.063653+00:00,2026-07-18T23:33:39.361105+00:00
file_3902cd5c61e2e3d9,asset_478ecdf953e4df35,D:\Projects\adb_vl\vision_platform\ads\collections\reviewed_bbox_crops_20260718\crops\rb_000203.png,vision_platform\ads\collections\reviewed_bbox_crops_20260718\crops\rb_000203.png,ads,candidate_crop,crop,crop,raw,x_mark,pending,model_prefill policy=top1; checkpoint=best.pt; threshold=0.50; uncertain_low=0.15; top=x_mark:0.312,2026-07-18T23:32:52.075388+00:00,2026-07-18T23:33:39.373464+00:00
file_fb5bc0ac494902be,asset_486695bef386ffa5,D:\Projects\adb_vl\vision_platform\ads\collections\reviewed_bbox_crops_20260718\crops\rb_000204.png,vision_platform\ads\collections\reviewed_bbox_crops_20260718\crops\rb_000204.png,ads,candidate_crop,crop,,,got,pending,model_prefill policy=top1; checkpoint=best.pt; threshold=0.50; uncertain_low=0.15; top=got:0.230,2026-07-18T23:32:52.085280+00:00,2026-07-18T23:33:39.385768+00:00
file_fbc2a984e4331e81,asset_1efd56983e8a2be7,D:\Projects\adb_vl\vision_platform\ads\collections\reviewed_bbox_crops_20260718\crops\rb_000205.png,vision_platform\ads\collections\reviewed_bbox_crops_20260718\crops\rb_000205.png,ads,candidate_crop,crop,,,uncertain,pending,model_prefill policy=top1; checkpoint=best.pt; threshold=0.50; uncertain_low=0.15; top=play_triangle:0.126,2026-07-18T23:32:52.097594+00:00,2026-07-18T23:33:39.399281+00:00
file_b07faf42176367f9,asset_975338eb7abf4fba,D:\Projects\adb_vl\vision_platform\ads\collections\reviewed_bbox_crops_20260718\crops\rb_000206.png,vision_platform\ads\collections\reviewed_bbox_crops_20260718\crops\rb_000206.png,ads,candidate_crop,crop,,,arrow,pending,model_prefill policy=top1; checkpoint=best.pt; threshold=0.50; uncertain_low=0.15; top=arrow:0.665,2026-07-18T23:32:52.110978+00:00,2026-07-18T23:33:39.411061+00:00
file_16878dce41e29742,asset_b5cde0641e1ee893,D:\Projects\adb_vl\vision_platform\ads\collections\reviewed_bbox_crops_20260718\crops\rb_000207.png,vision_platform\ads\collections\reviewed_bbox_crops_20260718\crops\rb_000207.png,ads,candidate_crop,crop,,,got,pending,model_prefill policy=top1; checkpoint=best.pt; threshold=0.50; uncertain_low=0.15; top=got:0.297,2026-07-18T23:32:52.124790+00:00,2026-07-18T23:33:39.424416+00:00
file_9ce824a936b14908,asset_1efd56983e8a2be7,D:\Projects\adb_vl\vision_platform\ads\collections\reviewed_bbox_crops_20260718\crops\rb_000208.png,vision_platform\ads\collections\reviewed_bbox_crops_20260718\crops\rb_000208.png,ads,candidate_crop,crop,,,uncertain,pending,model_prefill policy=top1; checkpoint=best.pt; threshold=0.50; uncertain_low=0.15; top=play_triangle:0.126,2026-07-18T23:32:52.136754+00:00,2026-07-18T23:33:39.436707+00:00
file_1874c0dc9d5aed2f,asset_f2256dfcb0dd71f5,D:\Projects\adb_vl\vision_platform\ads\collections\reviewed_bbox_crops_20260718\crops\rb_000209.png,vision_platform\ads\collections\reviewed_bbox_crops_20260718\crops\rb_000209.png,ads,candidate_crop,crop,,,free,pending,model_prefill policy=top1; checkpoint=best.pt; threshold=0.50; uncertain_low=0.15; top=free:0.472,2026-07-18T23:32:52.146257+00:00,2026-07-18T23:33:39.446604+00:00
file_b3f523ebdbe8e2f7,asset_eb80e032b6bb67fd,D:\Projects\adb_vl\vision_platform\ads\collections\reviewed_bbox_crops_20260718\crops\rb_000210.png,vision_platform\ads\collections\reviewed_bbox_crops_20260718\crops\rb_000210.png,ads,candidate_crop,crop,,,got,pending,model_prefill policy=top1; checkpoint=best.pt; threshold=0.50; uncertain_low=0.15; top=got:0.315,2026-07-18T23:32:52.157565+00:00,2026-07-18T23:33:39.456021+00:00
file_2b4197b760048f71,asset_1efd56983e8a2be7,D:\Projects\adb_vl\vision_platform\ads\collections\reviewed_bbox_crops_20260718\crops\rb_000211.png,vision_platform\ads\collections\reviewed_bbox_crops_20260718\crops\rb_000211.png,ads,candidate_crop,crop,,,uncertain,pending,model_prefill policy=top1; checkpoint=best.pt; threshold=0.50; uncertain_low=0.15; top=play_triangle:0.126,2026-07-18T23:32:52.170721+00:00,2026-07-18T23:33:39.468871+00:00
file_be3dbd3a49dbb80b,asset_f100a9014b2156a1,D:\Projects\adb_vl\vision_platform\ads\collections\reviewed_bbox_crops_20260718\crops\rb_000212.png,vision_platform\ads\collections\reviewed_bbox_crops_20260718\crops\rb_000212.png,ads,candidate_crop,crop,,,x_mark,pending,model_prefill policy=top1; checkpoint=best.pt; threshold=0.50; uncertain_low=0.15; top=x_mark:0.151,2026-07-18T23:32:52.177664+00:00,2026-07-18T23:33:39.480172+00:00
file_4ac6ad712fdb4326,asset_c90cef604d9a9e87,D:\Projects\adb_vl\vision_platform\ads\collections\reviewed_bbox_crops_20260718\crops\rb_000213.png,vision_platform\ads\collections\reviewed_bbox_crops_20260718\crops\rb_000213.png,ads,candidate_crop,crop,,,got,pending,model_prefill policy=top1; checkpoint=best.pt; threshold=0.50; uncertain_low=0.15; top=got:0.195,2026-07-18T23:32:52.190060+00:00,2026-07-18T23:33:39.494680+00:00
file_72f90d930172782c,asset_1efd56983e8a2be7,D:\Projects\adb_vl\vision_platform\ads\collections\reviewed_bbox_crops_20260718\crops\rb_000214.png,vision_platform\ads\collections\reviewed_bbox_crops_20260718\crops\rb_000214.png,ads,candidate_crop,crop,,,uncertain,pending,model_prefill policy=top1; checkpoint=best.pt; threshold=0.50; uncertain_low=0.15; top=play_triangle:0.126,2026-07-18T23:32:52.200020+00:00,2026-07-18T23:33:39.507534+00:00
file_22bf5b878c6cd933,asset_8fefe8e7dd3bc984,D:\Projects\adb_vl\vision_platform\ads\collections\reviewed_bbox_crops_20260718\crops\rb_000215.png,vision_platform\ads\collections\reviewed_bbox_crops_20260718\crops\rb_000215.png,ads,candidate_crop,crop,,,x_mark,pending,model_prefill policy=top1; checkpoint=best.pt; threshold=0.50; uncertain_low=0.15; top=x_mark:0.301,2026-07-18T23:32:52.211933+00:00,2026-07-18T23:33:39.517460+00:00
file_81e7be3ca6f94501,asset_12023eeb7ab4d73e,D:\Projects\adb_vl\vision_platform\ads\collections\reviewed_bbox_crops_20260718\crops\rb_000216.png,vision_platform\ads\collections\reviewed_bbox_crops_20260718\crops\rb_000216.png,ads,candidate_crop,crop,,,got,pending,model_prefill policy=top1; checkpoint=best.pt; threshold=0.50; uncertain_low=0.15; top=got:0.209,2026-07-18T23:32:52.223740+00:00,2026-07-18T23:33:39.529950+00:00
file_52ffc09e92218b8f,asset_1efd56983e8a2be7,D:\Projects\adb_vl\vision_platform\ads\collections\reviewed_bbox_crops_20260718\crops\rb_000217.png,vision_platform\ads\collections\reviewed_bbox_crops_20260718\crops\rb_000217.png,ads,candidate_crop,crop,,,uncertain,pending,model_prefill policy=top1; checkpoint=best.pt; threshold=0.50; uncertain_low=0.15; top=play_triangle:0.126,2026-07-18T23:32:52.235148+00:00,2026-07-18T23:33:39.541973+00:00
file_c2dfd098db422abf,asset_653791f50f2b86dc,D:\Projects\adb_vl\vision_platform\ads\collections\reviewed_bbox_crops_20260718\crops\rb_000218.png,vision_platform\ads\collections\reviewed_bbox_crops_20260718\crops\rb_000218.png,ads,candidate_crop,crop,,,x_mark,pending,model_prefill policy=top1; checkpoint=best.pt; threshold=0.50; uncertain_low=0.15; top=x_mark:0.533,2026-07-18T23:32:52.246963+00:00,2026-07-18T23:33:39.549957+00:00
file_c85aeae53940063e,asset_8cb8d384f6e20cfc,D:\Projects\adb_vl\vision_platform\ads\collections\reviewed_bbox_crops_20260718\crops\rb_000219.png,vision_platform\ads\collections\reviewed_bbox_crops_20260718\crops\rb_000219.png,ads,candidate_crop,crop,,,got,pending,model_prefill policy=top1; checkpoint=best.pt; threshold=0.50; uncertain_low=0.15; top=got:0.234,2026-07-18T23:32:52.257796+00:00,2026-07-18T23:33:39.559833+00:00
file_9c06f3d6e135662e,asset_1efd56983e8a2be7,D:\Projects\adb_vl\vision_platform\ads\collections\reviewed_bbox_crops_20260718\crops\rb_000220.png,vision_platform\ads\collections\reviewed_bbox_crops_20260718\crops\rb_000220.png,ads,candidate_crop,crop,,,uncertain,pending,model_prefill policy=top1; checkpoint=best.pt; threshold=0.50; uncertain_low=0.15; top=play_triangle:0.126,2026-07-18T23:32:52.269069+00:00,2026-07-18T23:33:39.572899+00:00
file_46f0b380dca37893,asset_1be0e923216efebf,D:\Projects\adb_vl\vision_platform\ads\collections\reviewed_bbox_crops_20260718\crops\rb_000221.png,vision_platform\ads\collections\reviewed_bbox_crops_20260718\crops\rb_000221.png,ads,candidate_crop,crop,,,x_mark,pending,model_prefill policy=top1; checkpoint=best.pt; threshold=0.50; uncertain_low=0.15; top=x_mark:0.658,2026-07-18T23:32:52.280928+00:00,2026-07-18T23:33:39.581290+00:00
file_9e30707abe11bb25,asset_566f3a1f4cc1ad7a,D:\Projects\adb_vl\vision_platform\ads\collections\reviewed_bbox_crops_20260718\crops\rb_000222.png,vision_platform\ads\collections\reviewed_bbox_crops_20260718\crops\rb_000222.png,ads,candidate_crop,crop,,,got,pending,model_prefill policy=top1; checkpoint=best.pt; threshold=0.50; uncertain_low=0.15; top=got:0.231,2026-07-18T23:32:52.293350+00:00,2026-07-18T23:33:39.595069+00:00
file_2fc3a9ed2d1cc0ce,asset_9ef01bef87a3d333,D:\Projects\adb_vl\vision_platform\ads\hard_negative_mining\batch_visual_negative_20260714\crops\hn_000001.png,vision_platform\ads\hard_negative_mining\batch_visual_negative_20260714\crops\hn_000001.png,ads,candidate_crop,crop,crop,raw,negative,reviewed,,2026-07-16T11:53:49.647904+00:00,2026-07-16T11:53:49.815043+00:00
file_57401242f424b4a2,asset_65cc9e2d3cc62a1d,D:\Projects\adb_vl\vision_platform\ads\hard_negative_mining\batch_visual_negative_20260714\crops\hn_000002.png,vision_platform\ads\hard_negative_mining\batch_visual_negative_20260714\crops\hn_000002.png,ads,candidate_crop,crop,crop,raw,negative,reviewed,,2026-07-16T11:52:52.096625+00:00,2026-07-16T11:52:52.286278+00:00
file_ef6dd82a38374174,asset_f703784b8bad0962,D:\Projects\adb_vl\vision_platform\ads\hard_negative_mining\batch_visual_negative_20260714\crops\hn_000003.png,vision_platform\ads\hard_negative_mining\batch_visual_negative_20260714\crops\hn_000003.png,ads,candidate_crop,crop,crop,raw,negative,reviewed,,2026-07-16T11:54:13.498966+00:00,2026-07-16T11:54:13.646401+00:00
file_8895534f960cc6e7,asset_c4b1d06f64941bee,D:\Projects\adb_vl\vision_platform\ads\hard_negative_mining\batch_visual_negative_20260714\crops\hn_000004.png,vision_platform\ads\hard_negative_mining\batch_visual_negative_20260714\crops\hn_000004.png,ads,candidate_crop,crop,crop,raw,negative,reviewed,,2026-07-16T11:54:04.046808+00:00,2026-07-16T11:54:04.357579+00:00
file_6a5161c71a32c6b7,asset_fdadcb641f60e884,D:\Projects\adb_vl\vision_platform\ads\hard_negative_mining\batch_visual_negative_20260714\crops\hn_000005.png,vision_platform\ads\hard_negative_mining\batch_visual_negative_20260714\crops\hn_000005.png,ads,candidate_crop,crop,crop,raw,negative,reviewed,,2026-07-16T11:54:00.616395+00:00,2026-07-16T11:54:00.787991+00:00
file_5bcdf62e3bf89a46,asset_f3cb07eb8f4577f4,D:\Projects\adb_vl\vision_platform\ads\hard_negative_mining\batch_visual_negative_20260714\crops\hn_000006.png,vision_platform\ads\hard_negative_mining\batch_visual_negative_20260714\crops\hn_000006.png,ads,candidate_crop,crop,crop,raw,negative,reviewed,,2026-07-16T11:53:56.704216+00:00,2026-07-16T11:53:56.991621+00:00
file_17615f1425fe431c,asset_c57aae3a08359e62,D:\Projects\adb_vl\vision_platform\ads\hard_negative_mining\batch_visual_negative_20260714\crops\hn_000007.png,vision_platform\ads\hard_negative_mining\batch_visual_negative_20260714\crops\hn_000007.png,ads,candidate_crop,crop,crop,raw,negative,reviewed,,2026-07-16T11:54:12.664513+00:00,2026-07-16T11:54:12.865926+00:00
file_c4c5631f81aeefa4,asset_8f3fcae0780b0cfe,D:\Projects\adb_vl\vision_platform\ads\hard_negative_mining\batch_visual_negative_20260714\crops\hn_000008.png,vision_platform\ads\hard_negative_mining\batch_visual_negative_20260714\crops\hn_000008.png,ads,candidate_crop,crop,crop,raw,negative,reviewed,,2026-07-16T11:54:42.838788+00:00,2026-07-16T11:54:43.083138+00:00
file_db2ad48c17bed1f1,asset_9caf5ab24f607598,D:\Projects\adb_vl\vision_platform\ads\hard_negative_mining\batch_visual_negative_20260714\crops\hn_000009.png,vision_platform\ads\hard_negative_mining\batch_visual_negative_20260714\crops\hn_000009.png,ads,candidate_crop,crop,crop,raw,negative,reviewed,,2026-07-16T11:52:58.355163+00:00,2026-07-16T11:52:58.518833+00:00
file_93c02eda10619bbd,asset_1a994fa8378a22c0,D:\Projects\adb_vl\vision_platform\ads\hard_negative_mining\batch_visual_negative_20260714\crops\hn_000010.png,vision_platform\ads\hard_negative_mining\batch_visual_negative_20260714\crops\hn_000010.png,ads,candidate_crop,crop,crop,raw,negative,reviewed,,2026-07-16T11:53:12.386476+00:00,2026-07-16T11:53:12.549580+00:00
file_3db4225af3c2a5f6,asset_c4122a982de9a90e,D:\Projects\adb_vl\vision_platform\ads\hard_negative_mining\batch_visual_negative_20260714\crops\hn_000011.png,vision_platform\ads\hard_negative_mining\batch_visual_negative_20260714\crops\hn_000011.png,ads,candidate_crop,crop,crop,raw,negative,reviewed,,2026-07-16T11:53:59.882552+00:00,2026-07-16T11:54:00.095638+00:00
file_781dab6275915c1e,asset_1f946a8ce72adc26,D:\Projects\adb_vl\vision_platform\ads\hard_negative_mining\batch_visual_negative_20260714\crops\hn_000012.png,vision_platform\ads\hard_negative_mining\batch_visual_negative_20260714\crops\hn_000012.png,ads,candidate_crop,crop,crop,raw,negative,reviewed,,2026-07-16T11:51:49.592026+00:00,2026-07-16T11:51:49.750882+00:00
file_d74f97b8c2648eb5,asset_5c7da141b3190365,D:\Projects\adb_vl\vision_platform\ads\hard_negative_mining\batch_visual_negative_20260714\crops\hn_000013.png,vision_platform\ads\hard_negative_mining\batch_visual_negative_20260714\crops\hn_000013.png,ads,candidate_crop,crop,crop,raw,negative,reviewed,,2026-07-16T11:54:18.465052+00:00,2026-07-16T11:54:18.735011+00:00
file_97b304b76c37fe08,asset_b316731cbc49378b,D:\Projects\adb_vl\vision_platform\ads\hard_negative_mining\batch_visual_negative_20260714\crops\hn_000014.png,vision_platform\ads\hard_negative_mining\batch_visual_negative_20260714\crops\hn_000014.png,ads,candidate_crop,crop,crop,raw,negative,reviewed,,2026-07-16T11:54:39.723995+00:00,2026-07-16T11:54:40.034891+00:00
file_de52281548d367de,asset_f9e617def8b67fd8,D:\Projects\adb_vl\vision_platform\ads\hard_negative_mining\batch_visual_negative_20260714\crops\hn_000015.png,vision_platform\ads\hard_negative_mining\batch_visual_negative_20260714\crops\hn_000015.png,ads,candidate_crop,crop,crop,raw,negative,reviewed,,2026-07-16T11:54:41.595249+00:00,2026-07-16T11:54:41.775128+00:00
file_c06def07fb59b315,asset_9caf5ab24f607598,D:\Projects\adb_vl\vision_platform\ads\hard_negative_mining\batch_visual_negative_20260714\crops\hn_000016.png,vision_platform\ads\hard_negative_mining\batch_visual_negative_20260714\crops\hn_000016.png,ads,candidate_crop,crop,crop,raw,negative,reviewed,,2026-07-16T11:52:58.559591+00:00,2026-07-16T11:52:58.780438+00:00
file_588595de6585c1d3,asset_1a994fa8378a22c0,D:\Projects\adb_vl\vision_platform\ads\hard_negative_mining\batch_visual_negative_20260714\crops\hn_000017.png,vision_platform\ads\hard_negative_mining\batch_visual_negative_20260714\crops\hn_000017.png,ads,candidate_crop,crop,crop,raw,negative,reviewed,,2026-07-16T11:53:12.599424+00:00,2026-07-16T11:53:12.778897+00:00
file_175b79e8cf0b3ba1,asset_c4122a982de9a90e,D:\Projects\adb_vl\vision_platform\ads\hard_negative_mining\batch_visual_negative_20260714\crops\hn_000018.png,vision_platform\ads\hard_negative_mining\batch_visual_negative_20260714\crops\hn_000018.png,ads,candidate_crop,crop,crop,raw,negative,reviewed,,2026-07-16T11:54:00.136345+00:00,2026-07-16T11:54:00.389367+00:00
file_8f7e692306bf90ab,asset_1f946a8ce72adc26,D:\Projects\adb_vl\vision_platform\ads\hard_negative_mining\batch_visual_negative_20260714\crops\hn_000019.png,vision_platform\ads\hard_negative_mining\batch_visual_negative_20260714\crops\hn_000019.png,ads,candidate_crop,crop,crop,raw,negative,reviewed,,2026-07-16T11:51:49.792002+00:00,2026-07-16T11:51:49.931182+00:00
file_8802eaf1fb45aa90,asset_f81ecda33da0bb23,D:\Projects\adb_vl\vision_platform\ads\hard_negative_mining\batch_visual_negative_20260714\crops\hn_000020.png,vision_platform\ads\hard_negative_mining\batch_visual_negative_20260714\crops\hn_000020.png,ads,candidate_crop,crop,crop,raw,negative,reviewed,,2026-07-16T11:54:40.076667+00:00,2026-07-16T11:54:40.476543+00:00
file_b2b2c93294c9c1c3,asset_5c7da141b3190365,D:\Projects\adb_vl\vision_platform\ads\hard_negative_mining\batch_visual_negative_20260714\crops\hn_000021.png,vision_platform\ads\hard_negative_mining\batch_visual_negative_20260714\crops\hn_000021.png,ads,candidate_crop,crop,crop,raw,negative,reviewed,,2026-07-16T11:54:18.782225+00:00,2026-07-16T11:54:18.929015+00:00
file_9de25ef3fe3134c6,asset_f9e617def8b67fd8,D:\Projects\adb_vl\vision_platform\ads\hard_negative_mining\batch_visual_negative_20260714\crops\hn_000022.png,vision_platform\ads\hard_negative_mining\batch_visual_negative_20260714\crops\hn_000022.png,ads,candidate_crop,crop,crop,raw,negative,reviewed,,2026-07-16T11:54:41.806961+00:00,2026-07-16T11:54:42.798292+00:00
file_01126979cba8737e,asset_9caf5ab24f607598,D:\Projects\adb_vl\vision_platform\ads\hard_negative_mining\batch_visual_negative_20260714\crops\hn_000023.png,vision_platform\ads\hard_negative_mining\batch_visual_negative_20260714\crops\hn_000023.png,ads,candidate_crop,crop,crop,raw,negative,reviewed,,2026-07-16T11:52:58.821041+00:00,2026-07-16T11:52:59.019152+00:00
file_6ab1cc717dba5c31,asset_1a994fa8378a22c0,D:\Projects\adb_vl\vision_platform\ads\hard_negative_mining\batch_visual_negative_20260714\crops\hn_000024.png,vision_platform\ads\hard_negative_mining\batch_visual_negative_20260714\crops\hn_000024.png,ads,candidate_crop,crop,crop,raw,negative,reviewed,,2026-07-16T11:53:12.819720+00:00,2026-07-16T11:53:12.990500+00:00
file_076c81932eedab90,asset_c4122a982de9a90e,D:\Projects\adb_vl\vision_platform\ads\hard_negative_mining\batch_visual_negative_20260714\crops\hn_000025.png,vision_platform\ads\hard_negative_mining\batch_visual_negative_20260714\crops\hn_000025.png,ads,candidate_crop,crop,crop,raw,negative,reviewed,,2026-07-16T11:54:00.431753+00:00,2026-07-16T11:54:00.583917+00:00
file_ea133383d1ab3df1,asset_1f946a8ce72adc26,D:\Projects\adb_vl\vision_platform\ads\hard_negative_mining\batch_visual_negative_20260714\crops\hn_000026.png,vision_platform\ads\hard_negative_mining\batch_visual_negative_20260714\crops\hn_000026.png,ads,candidate_crop,crop,crop,raw,negative,reviewed,,2026-07-16T11:51:49.980087+00:00,2026-07-16T11:51:50.160337+00:00
file_c4338234b637e366,asset_f81ecda33da0bb23,D:\Projects\adb_vl\vision_platform\ads\hard_negative_mining\batch_visual_negative_20260714\crops\hn_000027.png,vision_platform\ads\hard_negative_mining\batch_visual_negative_20260714\crops\hn_000027.png,ads,candidate_crop,crop,crop,raw,negative,reviewed,,2026-07-16T11:54:40.517115+00:00,2026-07-16T11:54:40.680643+00:00
file_dd3c98148a782065,asset_5c7da141b3190365,D:\Projects\adb_vl\vision_platform\ads\hard_negative_mining\batch_visual_negative_20260714\crops\hn_000028.png,vision_platform\ads\hard_negative_mining\batch_visual_negative_20260714\crops\hn_000028.png,ads,candidate_crop,crop,crop,raw,negative,reviewed,,2026-07-16T11:54:18.969672+00:00,2026-07-16T11:54:19.173931+00:00
file_5927b2275fe6b028,asset_b12a5682aa09c91e,D:\Projects\adb_vl\vision_platform\ads\hard_negative_mining\batch_visual_negative_20260714\crops\hn_000029.png,vision_platform\ads\hard_negative_mining\batch_visual_negative_20260714\crops\hn_000029.png,ads,candidate_crop,crop,crop,raw,negative,reviewed,,2026-07-16T11:51:25.385684+00:00,2026-07-16T11:51:25.507106+00:00
file_1b66dc3515ba6eee,asset_1355d96717c8cd0d,D:\Projects\adb_vl\vision_platform\ads\hard_negative_mining\batch_visual_negative_20260714\crops\hn_000030.png,vision_platform\ads\hard_negative_mining\batch_visual_negative_20260714\crops\hn_000030.png,ads,candidate_crop,crop,crop,raw,negative,reviewed,,2026-07-16T11:51:28.875889+00:00,2026-07-16T22:48:46.040915+00:00
file_57651dce8b6dfae0,asset_8c262e1166404354,D:\Projects\adb_vl\vision_platform\ads\hard_negative_mining\batch_visual_negative_20260714\crops\hn_000031.png,vision_platform\ads\hard_negative_mining\batch_visual_negative_20260714\crops\hn_000031.png,ads,candidate_crop,crop,crop,raw,negative,reviewed,,2026-07-16T11:51:29.718948+00:00,2026-07-16T11:51:29.915901+00:00
file_1cf54b14ff42df31,asset_5d603996821c6630,D:\Projects\adb_vl\vision_platform\ads\hard_negative_mining\batch_visual_negative_20260714\crops\hn_000032.png,vision_platform\ads\hard_negative_mining\batch_visual_negative_20260714\crops\hn_000032.png,ads,candidate_crop,crop,crop,raw,negative,reviewed,,2026-07-16T11:51:47.200565+00:00,2026-07-16T11:51:47.740370+00:00
file_3b61165f5f216c4e,asset_1b7294ee603b113e,D:\Projects\adb_vl\vision_platform\ads\hard_negative_mining\batch_visual_negative_20260714\crops\hn_000033.png,vision_platform\ads\hard_negative_mining\batch_visual_negative_20260714\crops\hn_000033.png,ads,candidate_crop,crop,crop,raw,negative,reviewed,,2026-07-16T11:51:17.314663+00:00,2026-07-16T11:51:19.669359+00:00
file_0c31879aa195e3f0,asset_b12a5682aa09c91e,D:\Projects\adb_vl\vision_platform\ads\hard_negative_mining\batch_visual_negative_20260714\crops\hn_000034.png,vision_platform\ads\hard_negative_mining\batch_visual_negative_20260714\crops\hn_000034.png,ads,candidate_crop,crop,crop,raw,negative,reviewed,,2026-07-16T11:51:25.548682+00:00,2026-07-16T11:51:25.671232+00:00
file_5990fed2f5a1fb53,asset_1355d96717c8cd0d,D:\Projects\adb_vl\vision_platform\ads\hard_negative_mining\batch_visual_negative_20260714\crops\hn_000035.png,vision_platform\ads\hard_negative_mining\batch_visual_negative_20260714\crops\hn_000035.png,ads,candidate_crop,crop,crop,raw,negative,reviewed,,2026-07-16T11:51:29.023286+00:00,2026-07-16T22:48:46.595470+00:00
file_a0876abc21fe9a51,asset_8c262e1166404354,D:\Projects\adb_vl\vision_platform\ads\hard_negative_mining\batch_visual_negative_20260714\crops\hn_000036.png,vision_platform\ads\hard_negative_mining\batch_visual_negative_20260714\crops\hn_000036.png,ads,candidate_crop,crop,crop,raw,negative,reviewed,,2026-07-16T11:51:29.963085+00:00,2026-07-16T11:51:30.045013+00:00
file_aacf30a9c60d6200,asset_5d603996821c6630,D:\Projects\adb_vl\vision_platform\ads\hard_negative_mining\batch_visual_negative_20260714\crops\hn_000037.png,vision_platform\ads\hard_negative_mining\batch_visual_negative_20260714\crops\hn_000037.png,ads,candidate_crop,crop,crop,raw,negative,reviewed,,2026-07-16T11:51:47.780926+00:00,2026-07-16T11:51:48.067006+00:00
file_554b1bc9a5c92103,asset_1b7294ee603b113e,D:\Projects\adb_vl\vision_platform\ads\hard_negative_mining\batch_visual_negative_20260714\crops\hn_000038.png,vision_platform\ads\hard_negative_mining\batch_visual_negative_20260714\crops\hn_000038.png,ads,candidate_crop,crop,crop,raw,negative,reviewed,,2026-07-16T11:51:19.710505+00:00,2026-07-16T11:51:21.795133+00:00
file_35c4cddec2f869ba,asset_65cc9e2d3cc62a1d,D:\Projects\adb_vl\vision_platform\ads\hard_negative_mining\batch_visual_negative_20260714\crops\hn_000039.png,vision_platform\ads\hard_negative_mining\batch_visual_negative_20260714\crops\hn_000039.png,ads,candidate_crop,crop,crop,raw,negative,reviewed,,2026-07-16T11:52:52.344664+00:00,2026-07-16T11:52:52.639294+00:00
file_7c4d1ca5c63cf524,asset_ff45658ac3f6d47f,D:\Projects\adb_vl\vision_platform\ads\hard_negative_mining\batch_visual_negative_20260714\crops\hn_000040.png,vision_platform\ads\hard_negative_mining\batch_visual_negative_20260714\crops\hn_000040.png,ads,candidate_crop,crop,crop,raw,negative,reviewed,,2026-07-16T11:54:43.124206+00:00,2026-07-16T11:54:43.744390+00:00
file_a136e7cdf93d0b9a,asset_57135a567751dc05,D:\Projects\adb_vl\vision_platform\ads\hard_negative_mining\batch_visual_negative_20260714\crops\hn_000041.png,vision_platform\ads\hard_negative_mining\batch_visual_negative_20260714\crops\hn_000041.png,ads,candidate_crop,crop,crop,raw,negative,reviewed,,2026-07-16T11:54:13.686920+00:00,2026-07-16T11:54:13.858939+00:00
file_77579c328a71dcb4,asset_c4b1d06f64941bee,D:\Projects\adb_vl\vision_platform\ads\hard_negative_mining\batch_visual_negative_20260714\crops\hn_000042.png,vision_platform\ads\hard_negative_mining\batch_visual_negative_20260714\crops\hn_000042.png,ads,candidate_crop,crop,crop,raw,negative,reviewed,,2026-07-16T11:54:04.399069+00:00,2026-07-16T11:54:04.626478+00:00
file_4bf30da4820066e0,asset_15eafa6f6d0ede04,D:\Projects\adb_vl\vision_platform\ads\hard_negative_mining\batch_visual_negative_20260714\crops\hn_000043.png,vision_platform\ads\hard_negative_mining\batch_visual_negative_20260714\crops\hn_000043.png,ads,candidate_crop,crop,crop,raw,negative,reviewed,,2026-07-16T11:54:00.826087+00:00,2026-07-16T11:54:01.005089+00:00
file_dee97dd1d6bf77b3,asset_d3d58bb31753cc34,D:\Projects\adb_vl\vision_platform\ads\hard_negative_mining\batch_visual_negative_20260714\crops\hn_000044.png,vision_platform\ads\hard_negative_mining\batch_visual_negative_20260714\crops\hn_000044.png,ads,candidate_crop,crop,crop,raw,negative,reviewed,,2026-07-16T12:00:35.164990+00:00,2026-07-16T12:00:35.773117+00:00
file_4069012b1acc6b5d,asset_f3cb07eb8f4577f4,D:\Projects\adb_vl\vision_platform\ads\hard_negative_mining\batch_visual_negative_20260714\crops\hn_000045.png,vision_platform\ads\hard_negative_mining\batch_visual_negative_20260714\crops\hn_000045.png,ads,candidate_crop,crop,crop,raw,negative,reviewed,,2026-07-16T11:53:57.033204+00:00,2026-07-16T11:53:57.180019+00:00
file_cef7d35edd121fde,asset_7dbafd1f3c70387c,D:\Projects\adb_vl\vision_platform\ads\hard_negative_mining\batch_visual_negative_20260714\crops\hn_000046.png,vision_platform\ads\hard_negative_mining\batch_visual_negative_20260714\crops\hn_000046.png,ads,candidate_crop,crop,crop,raw,negative,reviewed,,2026-07-16T11:54:12.899266+00:00,2026-07-16T11:54:13.250612+00:00
file_3562153f6ee6816b,asset_65cc9e2d3cc62a1d,D:\Projects\adb_vl\vision_platform\ads\hard_negative_mining\batch_visual_negative_20260714\crops\hn_000047.png,vision_platform\ads\hard_negative_mining\batch_visual_negative_20260714\crops\hn_000047.png,ads,candidate_crop,crop,crop,raw,negative,reviewed,,2026-07-16T11:52:52.680021+00:00,2026-07-16T11:52:52.870412+00:00
file_3d3dad5e5f58718e,asset_ff45658ac3f6d47f,D:\Projects\adb_vl\vision_platform\ads\hard_negative_mining\batch_visual_negative_20260714\crops\hn_000048.png,vision_platform\ads\hard_negative_mining\batch_visual_negative_20260714\crops\hn_000048.png,ads,candidate_crop,crop,crop,raw,negative,reviewed,,2026-07-16T11:54:43.784469+00:00,2026-07-16T11:54:44.317918+00:00
file_f537681c43f38ecd,asset_57135a567751dc05,D:\Projects\adb_vl\vision_platform\ads\hard_negative_mining\batch_visual_negative_20260714\crops\hn_000049.png,vision_platform\ads\hard_negative_mining\batch_visual_negative_20260714\crops\hn_000049.png,ads,candidate_crop,crop,crop,raw,negative,reviewed,,2026-07-16T11:54:13.900539+00:00,2026-07-16T11:54:14.064886+00:00
file_82e376bad20d77aa,asset_c4b1d06f64941bee,D:\Projects\adb_vl\vision_platform\ads\hard_negative_mining\batch_visual_negative_20260714\crops\hn_000050.png,vision_platform\ads\hard_negative_mining\batch_visual_negative_20260714\crops\hn_000050.png,ads,candidate_crop,crop,crop,raw,negative,reviewed,,2026-07-16T11:54:04.667112+00:00,2026-07-16T11:54:04.832614+00:00
file_53b0e2ed15343d57,asset_15eafa6f6d0ede04,D:\Projects\adb_vl\vision_platform\ads\hard_negative_mining\batch_visual_negative_20260714\crops\hn_000051.png,vision_platform\ads\hard_negative_mining\batch_visual_negative_20260714\crops\hn_000051.png,ads,candidate_crop,crop,crop,raw,negative,reviewed,,2026-07-16T11:54:01.038448+00:00,2026-07-16T11:54:01.225699+00:00
file_2140cbcf681e0811,asset_d3d58bb31753cc34,D:\Projects\adb_vl\vision_platform\ads\hard_negative_mining\batch_visual_negative_20260714\crops\hn_000052.png,vision_platform\ads\hard_negative_mining\batch_visual_negative_20260714\crops\hn_000052.png,ads,candidate_crop,crop,crop,raw,negative,reviewed,,2026-07-16T12:00:35.814512+00:00,2026-07-16T12:00:36.022316+00:00
file_ebb2de5e2ff50fa2,asset_f3cb07eb8f4577f4,D:\Projects\adb_vl\vision_platform\ads\hard_negative_mining\batch_visual_negative_20260714\crops\hn_000053.png,vision_platform\ads\hard_negative_mining\batch_visual_negative_20260714\crops\hn_000053.png,ads,candidate_crop,crop,crop,raw,negative,reviewed,,2026-07-16T11:53:57.225252+00:00,2026-07-16T11:53:57.423250+00:00
file_b704924adcde6ed5,asset_7dbafd1f3c70387c,D:\Projects\adb_vl\vision_platform\ads\hard_negative_mining\batch_visual_negative_20260714\crops\hn_000054.png,vision_platform\ads\hard_negative_mining\batch_visual_negative_20260714\crops\hn_000054.png,ads,candidate_crop,crop,crop,raw,negative,reviewed,,2026-07-16T11:54:13.290957+00:00,2026-07-16T11:54:13.455064+00:00
file_86b133fa30fd6c41,asset_b12a5682aa09c91e,D:\Projects\adb_vl\vision_platform\ads\hard_negative_mining\batch_visual_negative_20260714\crops\hn_000055.png,vision_platform\ads\hard_negative_mining\batch_visual_negative_20260714\crops\hn_000055.png,ads,candidate_crop,crop,crop,raw,negative,reviewed,,2026-07-16T11:51:25.711605+00:00,2026-07-16T11:51:25.835004+00:00
file_3ac302c6d43e5117,asset_8c262e1166404354,D:\Projects\adb_vl\vision_platform\ads\hard_negative_mining\batch_visual_negative_20260714\crops\hn_000056.png,vision_platform\ads\hard_negative_mining\batch_visual_negative_20260714\crops\hn_000056.png,ads,candidate_crop,crop,crop,raw,negative,reviewed,,2026-07-16T11:51:30.077587+00:00,2026-07-16T11:51:30.233592+00:00
file_14ae45f8e1481e22,asset_1b7294ee603b113e,D:\Projects\adb_vl\vision_platform\ads\hard_negative_mining\batch_visual_negative_20260714\crops\hn_000057.png,vision_platform\ads\hard_negative_mining\batch_visual_negative_20260714\crops\hn_000057.png,ads,candidate_crop,crop,crop,raw,negative,reviewed,,2026-07-16T11:51:21.836058+00:00,2026-07-16T11:51:22.253584+00:00
file_edb0f98cb6fd6e04,asset_b12a5682aa09c91e,D:\Projects\adb_vl\vision_platform\ads\hard_negative_mining\batch_visual_negative_20260714\crops\hn_000058.png,vision_platform\ads\hard_negative_mining\batch_visual_negative_20260714\crops\hn_000058.png,ads,candidate_crop,crop,crop,raw,negative,reviewed,,2026-07-16T11:51:25.883869+00:00,2026-07-16T11:51:25.998772+00:00
file_cbec02b93dd678f1,asset_8c262e1166404354,D:\Projects\adb_vl\vision_platform\ads\hard_negative_mining\batch_visual_negative_20260714\crops\hn_000059.png,vision_platform\ads\hard_negative_mining\batch_visual_negative_20260714\crops\hn_000059.png,ads,candidate_crop,crop,crop,raw,negative,reviewed,,2026-07-16T11:51:30.278066+00:00,2026-07-16T11:51:30.397051+00:00
file_d156d0c750a9771e,asset_1b7294ee603b113e,D:\Projects\adb_vl\vision_platform\ads\hard_negative_mining\batch_visual_negative_20260714\crops\hn_000060.png,vision_platform\ads\hard_negative_mining\batch_visual_negative_20260714\crops\hn_000060.png,ads,candidate_crop,crop,crop,raw,negative,reviewed,,2026-07-16T11:51:22.294148+00:00,2026-07-16T11:51:22.482232+00:00
file_c7763df60785de6e,asset_b12a5682aa09c91e,D:\Projects\adb_vl\vision_platform\ads\hard_negative_mining\batch_visual_negative_20260714\crops\hn_000061.png,vision_platform\ads\hard_negative_mining\batch_visual_negative_20260714\crops\hn_000061.png,ads,candidate_crop,crop,crop,raw,negative,reviewed,,2026-07-16T11:51:26.047773+00:00,2026-07-16T11:51:26.237338+00:00
file_9ee22410531af077,asset_8c262e1166404354,D:\Projects\adb_vl\vision_platform\ads\hard_negative_mining\batch_visual_negative_20260714\crops\hn_000062.png,vision_platform\ads\hard_negative_mining\batch_visual_negative_20260714\crops\hn_000062.png,ads,candidate_crop,crop,crop,raw,negative,reviewed,,2026-07-16T11:51:30.437778+00:00,2026-07-16T11:51:30.552267+00:00
file_36c1bf147da7bc5f,asset_1b7294ee603b113e,D:\Projects\adb_vl\vision_platform\ads\hard_negative_mining\batch_visual_negative_20260714\crops\hn_000063.png,vision_platform\ads\hard_negative_mining\batch_visual_negative_20260714\crops\hn_000063.png,ads,candidate_crop,crop,crop,raw,negative,reviewed,,2026-07-16T11:51:22.523138+00:00,2026-07-16T11:51:22.678721+00:00
file_c2ebeb47dad68ba0,asset_b12a5682aa09c91e,D:\Projects\adb_vl\vision_platform\ads\hard_negative_mining\batch_visual_negative_20260714\crops\hn_000064.png,vision_platform\ads\hard_negative_mining\batch_visual_negative_20260714\crops\hn_000064.png,ads,candidate_crop,crop,crop,raw,negative,reviewed,,2026-07-16T11:51:26.278631+00:00,2026-07-16T11:51:26.744434+00:00
file_825a6a6922119f42,asset_8c262e1166404354,D:\Projects\adb_vl\vision_platform\ads\hard_negative_mining\batch_visual_negative_20260714\crops\hn_000065.png,vision_platform\ads\hard_negative_mining\batch_visual_negative_20260714\crops\hn_000065.png,ads,candidate_crop,crop,crop,raw,negative,reviewed,,2026-07-16T11:51:30.593443+00:00,2026-07-16T11:51:30.716498+00:00
file_2787c0d61d2d6b25,asset_1b7294ee603b113e,D:\Projects\adb_vl\vision_platform\ads\hard_negative_mining\batch_visual_negative_20260714\crops\hn_000066.png,vision_platform\ads\hard_negative_mining\batch_visual_negative_20260714\crops\hn_000066.png,ads,candidate_crop,crop,crop,raw,negative,reviewed,,2026-07-16T11:51:22.723146+00:00,2026-07-16T11:51:22.866179+00:00
file_41a69b70891740ee,asset_b12a5682aa09c91e,D:\Projects\adb_vl\vision_platform\ads\hard_negative_mining\batch_visual_negative_20260714\crops\hn_000067.png,vision_platform\ads\hard_negative_mining\batch_visual_negative_20260714\crops\hn_000067.png,ads,candidate_crop,crop,crop,raw,negative,reviewed,,2026-07-16T11:51:26.802530+00:00,2026-07-16T11:51:26.917628+00:00
file_8fde2b87f72c11a8,asset_ec162651eac5be89,D:\Projects\adb_vl\vision_platform\ads\hard_negative_mining\batch_visual_negative_20260714\crops\hn_000068.png,vision_platform\ads\hard_negative_mining\batch_visual_negative_20260714\crops\hn_000068.png,ads,candidate_crop,crop,crop,raw,negative,reviewed,,2026-07-16T11:51:29.178758+00:00,2026-07-16T11:51:29.465484+00:00
file_96ccdb7da1fb2cc5,asset_8c262e1166404354,D:\Projects\adb_vl\vision_platform\ads\hard_negative_mining\batch_visual_negative_20260714\crops\hn_000069.png,vision_platform\ads\hard_negative_mining\batch_visual_negative_20260714\crops\hn_000069.png,ads,candidate_crop,crop,crop,raw,negative,reviewed,,2026-07-16T11:51:30.757209+00:00,2026-07-16T11:51:30.879177+00:00
file_e3e85b4d69b2ceab,asset_1b7294ee603b113e,D:\Projects\adb_vl\vision_platform\ads\hard_negative_mining\batch_visual_negative_20260714\crops\hn_000070.png,vision_platform\ads\hard_negative_mining\batch_visual_negative_20260714\crops\hn_000070.png,ads,candidate_crop,crop,crop,raw,negative,reviewed,,2026-07-16T11:51:22.899188+00:00,2026-07-16T11:51:23.060414+00:00
file_d423207beac7a5e7,asset_b12a5682aa09c91e,D:\Projects\adb_vl\vision_platform\ads\hard_negative_mining\batch_visual_negative_20260714\crops\hn_000071.png,vision_platform\ads\hard_negative_mining\batch_visual_negative_20260714\crops\hn_000071.png,ads,candidate_crop,crop,crop,raw,negative,reviewed,,2026-07-16T11:51:26.965766+00:00,2026-07-16T11:51:27.097056+00:00
file_6b0b2c2bad786833,asset_ec162651eac5be89,D:\Projects\adb_vl\vision_platform\ads\hard_negative_mining\batch_visual_negative_20260714\crops\hn_000072.png,vision_platform\ads\hard_negative_mining\batch_visual_negative_20260714\crops\hn_000072.png,ads,candidate_crop,crop,crop,raw,negative,reviewed,,2026-07-16T11:51:29.506308+00:00,2026-07-16T11:51:29.677542+00:00
file_f582673f0fc215e5,asset_8c262e1166404354,D:\Projects\adb_vl\vision_platform\ads\hard_negative_mining\batch_visual_negative_20260714\crops\hn_000073.png,vision_platform\ads\hard_negative_mining\batch_visual_negative_20260714\crops\hn_000073.png,ads,candidate_crop,crop,crop,raw,negative,reviewed,,2026-07-16T11:51:30.920058+00:00,2026-07-16T11:51:31.018966+00:00
file_e9df8a8c540656ea,asset_1b7294ee603b113e,D:\Projects\adb_vl\vision_platform\ads\hard_negative_mining\batch_visual_negative_20260714\crops\hn_000074.png,vision_platform\ads\hard_negative_mining\batch_visual_negative_20260714\crops\hn_000074.png,ads,candidate_crop,crop,crop,raw,negative,reviewed,,2026-07-16T11:51:23.103836+00:00,2026-07-16T11:51:23.250371+00:00
file_a41a37944b4279ca,asset_b12a5682aa09c91e,D:\Projects\adb_vl\vision_platform\ads\hard_negative_mining\batch_visual_negative_20260714\crops\hn_000075.png,vision_platform\ads\hard_negative_mining\batch_visual_negative_20260714\crops\hn_000075.png,ads,candidate_crop,crop,crop,raw,negative,reviewed,,2026-07-16T11:51:27.146428+00:00,2026-07-16T11:51:27.298995+00:00
file_d0df01cd0a067dd9,asset_bb4b02cf564b91a0,D:\Projects\adb_vl\vision_platform\ads\hard_negative_mining\batch_visual_negative_20260714\crops\hn_000076.png,vision_platform\ads\hard_negative_mining\batch_visual_negative_20260714\crops\hn_000076.png,ads,candidate_crop,crop,crop,raw,negative,reviewed,,2026-07-16T11:51:23.284113+00:00,2026-07-16T11:51:23.430558+00:00
file_a19dd677fd9102df,asset_8c262e1166404354,D:\Projects\adb_vl\vision_platform\ads\hard_negative_mining\batch_visual_negative_20260714\crops\hn_000077.png,vision_platform\ads\hard_negative_mining\batch_visual_negative_20260714\crops\hn_000077.png,ads,candidate_crop,crop,crop,raw,negative,reviewed,,2026-07-16T11:51:31.059344+00:00,2026-07-16T11:51:31.182157+00:00
file_fade7875c2957e57,asset_1b7294ee603b113e,D:\Projects\adb_vl\vision_platform\ads\hard_negative_mining\batch_visual_negative_20260714\crops\hn_000078.png,vision_platform\ads\hard_negative_mining\batch_visual_negative_20260714\crops\hn_000078.png,ads,candidate_crop,crop,crop,raw,negative,reviewed,,2026-07-16T11:51:23.472230+00:00,2026-07-16T11:51:23.592743+00:00
file_0e99e5dee81cc26e,asset_b12a5682aa09c91e,D:\Projects\adb_vl\vision_platform\ads\hard_negative_mining\batch_visual_negative_20260714\crops\hn_000079.png,vision_platform\ads\hard_negative_mining\batch_visual_negative_20260714\crops\hn_000079.png,ads,candidate_crop,crop,crop,raw,negative,reviewed,,2026-07-16T11:51:27.339534+00:00,2026-07-16T11:51:27.477076+00:00
file_3b277852af639228,asset_bb4b02cf564b91a0,D:\Projects\adb_vl\vision_platform\ads\hard_negative_mining\batch_visual_negative_20260714\crops\hn_000080.png,vision_platform\ads\hard_negative_mining\batch_visual_negative_20260714\crops\hn_000080.png,ads,candidate_crop,crop,crop,raw,negative,reviewed,,2026-07-16T11:51:23.634504+00:00,2026-07-16T11:51:23.773796+00:00
file_0cc7bdeb374610a2,asset_8c262e1166404354,D:\Projects\adb_vl\vision_platform\ads\hard_negative_mining\batch_visual_negative_20260714\crops\hn_000081.png,vision_platform\ads\hard_negative_mining\batch_visual_negative_20260714\crops\hn_000081.png,ads,candidate_crop,crop,crop,raw,negative,reviewed,,2026-07-16T11:51:31.222815+00:00,2026-07-16T11:51:31.343130+00:00
file_f7904b0a29960395,asset_1b7294ee603b113e,D:\Projects\adb_vl\vision_platform\ads\hard_negative_mining\batch_visual_negative_20260714\crops\hn_000082.png,vision_platform\ads\hard_negative_mining\batch_visual_negative_20260714\crops\hn_000082.png,ads,candidate_crop,crop,crop,raw,negative,reviewed,,2026-07-16T11:51:23.814354+00:00,2026-07-16T11:51:23.937422+00:00
file_f9deab7f8c73ec70,asset_174aee514009a28f,D:\Projects\adb_vl\vision_platform\ads\hard_negative_mining\batch_visual_negative_20260714\crops\hn_000083.png,vision_platform\ads\hard_negative_mining\batch_visual_negative_20260714\crops\hn_000083.png,ads,candidate_crop,crop,crop,raw,negative,reviewed,,2026-07-16T11:51:28.088608+00:00,2026-07-16T22:48:44.669882+00:00
file_fd520d40f4131be2,asset_837bff722f31b610,D:\Projects\adb_vl\vision_platform\ads\hard_negative_mining\batch_visual_negative_20260714\crops\hn_000084.png,vision_platform\ads\hard_negative_mining\batch_visual_negative_20260714\crops\hn_000084.png,ads,candidate_crop,crop,crop,raw,negative,reviewed,,2026-07-16T11:51:23.978850+00:00,2026-07-16T11:51:24.092706+00:00
file_006dc0cd7e6a2748,asset_b12a5682aa09c91e,D:\Projects\adb_vl\vision_platform\ads\hard_negative_mining\batch_visual_negative_20260714\crops\hn_000085.png,vision_platform\ads\hard_negative_mining\batch_visual_negative_20260714\crops\hn_000085.png,ads,candidate_crop,crop,crop,raw,negative,reviewed,,2026-07-16T11:51:27.519771+00:00,2026-07-16T11:51:27.657639+00:00
file_cba2be08f25e8169,asset_8c262e1166404354,D:\Projects\adb_vl\vision_platform\ads\hard_negative_mining\batch_visual_negative_20260714\crops\hn_000086.png,vision_platform\ads\hard_negative_mining\batch_visual_negative_20260714\crops\hn_000086.png,ads,candidate_crop,crop,crop,raw,negative,reviewed,,2026-07-16T11:51:31.384848+00:00,2026-07-16T11:51:31.680341+00:00
file_f81e759ab65ae25b,asset_1b7294ee603b113e,D:\Projects\adb_vl\vision_platform\ads\hard_negative_mining\batch_visual_negative_20260714\crops\hn_000087.png,vision_platform\ads\hard_negative_mining\batch_visual_negative_20260714\crops\hn_000087.png,ads,candidate_crop,crop,crop,raw,negative,reviewed,,2026-07-16T11:51:24.140550+00:00,2026-07-16T11:51:24.248606+00:00
file_457ac1ddb6881616,asset_e8ac08fad72b20fe,D:\Projects\adb_vl\vision_platform\ads\hard_negative_mining\batch_visual_negative_20260714\crops\hn_000088.png,vision_platform\ads\hard_negative_mining\batch_visual_negative_20260714\crops\hn_000088.png,ads,candidate_crop,crop,crop,raw,negative,reviewed,,2026-07-16T11:52:39.139158+00:00,2026-07-16T11:52:39.895306+00:00
file_c3463cd8ae7c660d,asset_174aee514009a28f,D:\Projects\adb_vl\vision_platform\ads\hard_negative_mining\batch_visual_negative_20260714\crops\hn_000089.png,vision_platform\ads\hard_negative_mining\batch_visual_negative_20260714\crops\hn_000089.png,ads,candidate_crop,crop,crop,raw,negative,reviewed,,2026-07-16T11:51:28.275887+00:00,2026-07-16T22:48:45.468690+00:00
file_dbcb265eba29993b,asset_837bff722f31b610,D:\Projects\adb_vl\vision_platform\ads\hard_negative_mining\batch_visual_negative_20260714\crops\hn_000090.png,vision_platform\ads\hard_negative_mining\batch_visual_negative_20260714\crops\hn_000090.png,ads,candidate_crop,crop,crop,raw,negative,reviewed,,2026-07-16T11:51:24.289708+00:00,2026-07-16T11:51:24.394611+00:00
file_695c3c1ef348092a,asset_b12a5682aa09c91e,D:\Projects\adb_vl\vision_platform\ads\hard_negative_mining\batch_visual_negative_20260714\crops\hn_000091.png,vision_platform\ads\hard_negative_mining\batch_visual_negative_20260714\crops\hn_000091.png,ads,candidate_crop,crop,crop,raw,negative,reviewed,,2026-07-16T11:51:27.698901+00:00,2026-07-16T11:51:27.863661+00:00
file_7f27ffa773aef556,asset_8c262e1166404354,D:\Projects\adb_vl\vision_platform\ads\hard_negative_mining\batch_visual_negative_20260714\crops\hn_000092.png,vision_platform\ads\hard_negative_mining\batch_visual_negative_20260714\crops\hn_000092.png,ads,candidate_crop,crop,crop,raw,negative,reviewed,,2026-07-16T11:51:31.721528+00:00,2026-07-16T11:51:31.827708+00:00
file_7fdce7573dab9648,asset_1b7294ee603b113e,D:\Projects\adb_vl\vision_platform\ads\hard_negative_mining\batch_visual_negative_20260714\crops\hn_000093.png,vision_platform\ads\hard_negative_mining\batch_visual_negative_20260714\crops\hn_000093.png,ads,candidate_crop,crop,crop,raw,negative,reviewed,,2026-07-16T11:51:24.436206+00:00,2026-07-16T11:51:24.559269+00:00
file_bc8ab7e4e2cc4964,asset_e8ac08fad72b20fe,D:\Projects\adb_vl\vision_platform\ads\hard_negative_mining\batch_visual_negative_20260714\crops\hn_000094.png,vision_platform\ads\hard_negative_mining\batch_visual_negative_20260714\crops\hn_000094.png,ads,candidate_crop,crop,crop,raw,negative,reviewed,,2026-07-16T11:52:39.944157+00:00,2026-07-16T11:52:41.016672+00:00
file_0c688db3ebec9938,asset_f14eaa139fee0700,D:\Projects\adb_vl\vision_platform\ads\hard_negative_mining\batch_visual_negative_20260714\crops\hn_000095.png,vision_platform\ads\hard_negative_mining\batch_visual_negative_20260714\crops\hn_000095.png,ads,candidate_crop,crop,crop,raw,negative,reviewed,,2026-07-16T11:54:35.274360+00:00,2026-07-16T11:54:35.453397+00:00
file_f313e8d4aac4c0e1,asset_f2a64e7a54229a2f,D:\Projects\adb_vl\vision_platform\ads\hard_negative_mining\batch_visual_negative_20260714\crops\hn_000096.png,vision_platform\ads\hard_negative_mining\batch_visual_negative_20260714\crops\hn_000096.png,ads,candidate_crop,crop,crop,raw,negative,reviewed,,2026-07-16T11:54:07.991620+00:00,2026-07-16T11:54:08.564246+00:00
file_237379616c0d1905,asset_3923391b1d1e587f,D:\Projects\adb_vl\vision_platform\ads\hard_negative_mining\batch_visual_negative_20260714\crops\hn_000097.png,vision_platform\ads\hard_negative_mining\batch_visual_negative_20260714\crops\hn_000097.png,ads,candidate_crop,crop,crop,raw,negative,reviewed,,2026-07-16T11:54:05.715323+00:00,2026-07-16T11:54:05.919572+00:00
file_49b5980abcd08419,asset_e6942eb5f668e9d2,D:\Projects\adb_vl\vision_platform\ads\hard_negative_mining\batch_visual_negative_20260714\crops\hn_000098.png,vision_platform\ads\hard_negative_mining\batch_visual_negative_20260714\crops\hn_000098.png,ads,candidate_crop,crop,crop,raw,negative,reviewed,,2026-07-16T12:01:03.724402+00:00,2026-07-16T12:01:03.846876+00:00
file_47aaa112972b8011,asset_61ace4d4577f3ed5,D:\Projects\adb_vl\vision_platform\ads\hard_negative_mining\batch_visual_negative_20260714\crops\hn_000099.png,vision_platform\ads\hard_negative_mining\batch_visual_negative_20260714\crops\hn_000099.png,ads,candidate_crop,crop,crop,raw,negative,reviewed,,2026-07-16T11:54:14.105240+00:00,2026-07-16T11:54:14.259651+00:00
file_34fc384718e3ce03,asset_43fe88c6c4bce1c6,D:\Projects\adb_vl\vision_platform\ads\hard_negative_mining\batch_visual_negative_20260714\crops\hn_000100.png,vision_platform\ads\hard_negative_mining\batch_visual_negative_20260714\crops\hn_000100.png,ads,candidate_crop,crop,crop,raw,negative,reviewed,,2026-07-16T11:54:21.859544+00:00,2026-07-16T11:54:22.016131+00:00
file_b81c100b14362558,asset_bcdf8f34d4b084e9,D:\Projects\adb_vl\vision_platform\ads\hard_negative_mining\batch_visual_negative_20260714\crops\hn_000101.png,vision_platform\ads\hard_negative_mining\batch_visual_negative_20260714\crops\hn_000101.png,ads,candidate_crop,crop,crop,raw,negative,reviewed,,2026-07-16T11:54:22.682396+00:00,2026-07-16T11:54:22.829435+00:00
file_c985084a0210cad2,asset_9a21504bfdc8a637,D:\Projects\adb_vl\vision_platform\ads\hard_negative_mining\batch_visual_negative_20260714\crops\hn_000102.png,vision_platform\ads\hard_negative_mining\batch_visual_negative_20260714\crops\hn_000102.png,ads,candidate_crop,crop,crop,raw,negative,reviewed,,2026-07-16T11:54:19.215595+00:00,2026-07-16T11:54:21.302756+00:00
file_58ee23aedd9071e4,asset_4b3beb342e8fa6de,D:\Projects\adb_vl\vision_platform\ads\hard_negative_mining\batch_visual_negative_20260714\crops\hn_000103.png,vision_platform\ads\hard_negative_mining\batch_visual_negative_20260714\crops\hn_000103.png,ads,candidate_crop,crop,crop,raw,negative,reviewed,,2026-07-16T11:52:52.911692+00:00,2026-07-16T11:52:53.050181+00:00
file_4d29a62939b3ad5d,asset_f4b8bc6ea9acf79e,D:\Projects\adb_vl\vision_platform\ads\hard_negative_mining\batch_visual_negative_20260714\crops\hn_000104.png,vision_platform\ads\hard_negative_mining\batch_visual_negative_20260714\crops\hn_000104.png,ads,candidate_crop,crop,crop,raw,negative,reviewed,,2026-07-16T11:54:04.873021+00:00,2026-07-16T11:54:05.051649+00:00
file_d47a5f5ab8d12df5,asset_f14eaa139fee0700,D:\Projects\adb_vl\vision_platform\ads\hard_negative_mining\batch_visual_negative_20260714\crops\hn_000105.png,vision_platform\ads\hard_negative_mining\batch_visual_negative_20260714\crops\hn_000105.png,ads,candidate_crop,crop,crop,raw,negative,reviewed,,2026-07-16T11:54:35.486780+00:00,2026-07-16T11:54:35.675115+00:00
file_5199f25af52a83a9,asset_f2a64e7a54229a2f,D:\Projects\adb_vl\vision_platform\ads\hard_negative_mining\batch_visual_negative_20260714\crops\hn_000106.png,vision_platform\ads\hard_negative_mining\batch_visual_negative_20260714\crops\hn_000106.png,ads,candidate_crop,crop,crop,raw,negative,reviewed,,2026-07-16T11:54:08.605298+00:00,2026-07-16T11:54:08.985876+00:00
file_ea36c55dafc694af,asset_3923391b1d1e587f,D:\Projects\adb_vl\vision_platform\ads\hard_negative_mining\batch_visual_negative_20260714\crops\hn_000107.png,vision_platform\ads\hard_negative_mining\batch_visual_negative_20260714\crops\hn_000107.png,ads,candidate_crop,crop,crop,raw,negative,reviewed,,2026-07-16T11:54:05.968853+00:00,2026-07-16T11:54:06.778796+00:00
file_305c3aecdc4efb65,asset_e6942eb5f668e9d2,D:\Projects\adb_vl\vision_platform\ads\hard_negative_mining\batch_visual_negative_20260714\crops\hn_000108.png,vision_platform\ads\hard_negative_mining\batch_visual_negative_20260714\crops\hn_000108.png,ads,candidate_crop,crop,crop,raw,negative,reviewed,,2026-07-16T12:01:03.893170+00:00,2026-07-16T12:01:04.042802+00:00
file_aff08e380188dbff,asset_61ace4d4577f3ed5,D:\Projects\adb_vl\vision_platform\ads\hard_negative_mining\batch_visual_negative_20260714\crops\hn_000109.png,vision_platform\ads\hard_negative_mining\batch_visual_negative_20260714\crops\hn_000109.png,ads,candidate_crop,crop,crop,raw,negative,reviewed,,2026-07-16T11:54:14.334672+00:00,2026-07-16T11:54:14.449193+00:00
file_e7dffd2bfd5c61f7,asset_43fe88c6c4bce1c6,D:\Projects\adb_vl\vision_platform\ads\hard_negative_mining\batch_visual_negative_20260714\crops\hn_000110.png,vision_platform\ads\hard_negative_mining\batch_visual_negative_20260714\crops\hn_000110.png,ads,candidate_crop,crop,crop,raw,negative,reviewed,,2026-07-16T11:54:22.184541+00:00,2026-07-16T11:54:22.277413+00:00
file_5a84b2466aca71a8,asset_bcdf8f34d4b084e9,D:\Projects\adb_vl\vision_platform\ads\hard_negative_mining\batch_visual_negative_20260714\crops\hn_000111.png,vision_platform\ads\hard_negative_mining\batch_visual_negative_20260714\crops\hn_000111.png,ads,candidate_crop,crop,crop,raw,negative,reviewed,,2026-07-16T11:54:22.870910+00:00,2026-07-16T11:54:22.994374+00:00
file_eb97e04156b07340,asset_9a21504bfdc8a637,D:\Projects\adb_vl\vision_platform\ads\hard_negative_mining\batch_visual_negative_20260714\crops\hn_000112.png,vision_platform\ads\hard_negative_mining\batch_visual_negative_20260714\crops\hn_000112.png,ads,candidate_crop,crop,crop,raw,negative,reviewed,,2026-07-16T11:54:21.351366+00:00,2026-07-16T11:54:21.444137+00:00
file_4a4b92ba6d86b275,asset_4b3beb342e8fa6de,D:\Projects\adb_vl\vision_platform\ads\hard_negative_mining\batch_visual_negative_20260714\crops\hn_000113.png,vision_platform\ads\hard_negative_mining\batch_visual_negative_20260714\crops\hn_000113.png,ads,candidate_crop,crop,crop,raw,negative,reviewed,,2026-07-16T11:52:53.103604+00:00,2026-07-16T11:52:53.269049+00:00
file_978c4afeb656a050,asset_f4b8bc6ea9acf79e,D:\Projects\adb_vl\vision_platform\ads\hard_negative_mining\batch_visual_negative_20260714\crops\hn_000114.png,vision_platform\ads\hard_negative_mining\batch_visual_negative_20260714\crops\hn_000114.png,ads,candidate_crop,crop,crop,raw,negative,reviewed,,2026-07-16T11:54:05.092126+00:00,2026-07-16T11:54:05.256735+00:00
file_66b315df38e51663,asset_f14eaa139fee0700,D:\Projects\adb_vl\vision_platform\ads\hard_negative_mining\batch_visual_negative_20260714\crops\hn_000115.png,vision_platform\ads\hard_negative_mining\batch_visual_negative_20260714\crops\hn_000115.png,ads,candidate_crop,crop,crop,raw,negative,reviewed,,2026-07-16T11:54:35.732086+00:00,2026-07-16T11:54:35.895275+00:00
file_d4939a10fdad342d,asset_f2a64e7a54229a2f,D:\Projects\adb_vl\vision_platform\ads\hard_negative_mining\batch_visual_negative_20260714\crops\hn_000116.png,vision_platform\ads\hard_negative_mining\batch_visual_negative_20260714\crops\hn_000116.png,ads,candidate_crop,crop,crop,raw,negative,reviewed,,2026-07-16T11:54:09.026845+00:00,2026-07-16T11:54:09.211313+00:00
file_95d3391cbfb54ed7,asset_3923391b1d1e587f,D:\Projects\adb_vl\vision_platform\ads\hard_negative_mining\batch_visual_negative_20260714\crops\hn_000117.png,vision_platform\ads\hard_negative_mining\batch_visual_negative_20260714\crops\hn_000117.png,ads,candidate_crop,crop,crop,raw,negative,reviewed,,2026-07-16T11:54:06.818505+00:00,2026-07-16T11:54:07.458834+00:00
file_b65228f9b633c7f4,asset_e6942eb5f668e9d2,D:\Projects\adb_vl\vision_platform\ads\hard_negative_mining\batch_visual_negative_20260714\crops\hn_000118.png,vision_platform\ads\hard_negative_mining\batch_visual_negative_20260714\crops\hn_000118.png,ads,candidate_crop,crop,crop,raw,negative,reviewed,,2026-07-16T12:01:04.101432+00:00,2026-07-16T12:01:04.236124+00:00
file_d941b1c1bccbe4b6,asset_61ace4d4577f3ed5,D:\Projects\adb_vl\vision_platform\ads\hard_negative_mining\batch_visual_negative_20260714\crops\hn_000119.png,vision_platform\ads\hard_negative_mining\batch_visual_negative_20260714\crops\hn_000119.png,ads,candidate_crop,crop,crop,raw,negative,reviewed,,2026-07-16T11:54:14.490258+00:00,2026-07-16T11:54:14.690288+00:00
file_d9d98446107981f2,asset_43fe88c6c4bce1c6,D:\Projects\adb_vl\vision_platform\ads\hard_negative_mining\batch_visual_negative_20260714\crops\hn_000120.png,vision_platform\ads\hard_negative_mining\batch_visual_negative_20260714\crops\hn_000120.png,ads,candidate_crop,crop,crop,raw,negative,reviewed,,2026-07-16T11:54:22.318486+00:00,2026-07-16T11:54:22.444140+00:00
file_a9894437e18f462b,asset_bcdf8f34d4b084e9,D:\Projects\adb_vl\vision_platform\ads\hard_negative_mining\batch_visual_negative_20260714\crops\hn_000121.png,vision_platform\ads\hard_negative_mining\batch_visual_negative_20260714\crops\hn_000121.png,ads,candidate_crop,crop,crop,raw,negative,reviewed,,2026-07-16T11:54:23.035191+00:00,2026-07-16T11:54:23.202826+00:00
file_82a7ea42c32a8a02,asset_9a21504bfdc8a637,D:\Projects\adb_vl\vision_platform\ads\hard_negative_mining\batch_visual_negative_20260714\crops\hn_000122.png,vision_platform\ads\hard_negative_mining\batch_visual_negative_20260714\crops\hn_000122.png,ads,candidate_crop,crop,crop,raw,negative,reviewed,,2026-07-16T11:54:21.485552+00:00,2026-07-16T11:54:21.582981+00:00
file_0523fe87270bc37f,asset_4b3beb342e8fa6de,D:\Projects\adb_vl\vision_platform\ads\hard_negative_mining\batch_visual_negative_20260714\crops\hn_000123.png,vision_platform\ads\hard_negative_mining\batch_visual_negative_20260714\crops\hn_000123.png,ads,candidate_crop,crop,crop,raw,negative,reviewed,,2026-07-16T11:52:53.309849+00:00,2026-07-16T11:52:54.069588+00:00
file_da95932bd97ef1eb,asset_f4b8bc6ea9acf79e,D:\Projects\adb_vl\vision_platform\ads\hard_negative_mining\batch_visual_negative_20260714\crops\hn_000124.png,vision_platform\ads\hard_negative_mining\batch_visual_negative_20260714\crops\hn_000124.png,ads,candidate_crop,crop,crop,raw,negative,reviewed,,2026-07-16T11:54:05.298783+00:00,2026-07-16T11:54:05.437129+00:00
file_b0656e3d26f3995b,asset_f14eaa139fee0700,D:\Projects\adb_vl\vision_platform\ads\hard_negative_mining\batch_visual_negative_20260714\crops\hn_000125.png,vision_platform\ads\hard_negative_mining\batch_visual_negative_20260714\crops\hn_000125.png,ads,candidate_crop,crop,crop,raw,negative,reviewed,,2026-07-16T11:54:35.936131+00:00,2026-07-16T11:54:36.140192+00:00
file_f6abc5c1147d7e82,asset_f2a64e7a54229a2f,D:\Projects\adb_vl\vision_platform\ads\hard_negative_mining\batch_visual_negative_20260714\crops\hn_000126.png,vision_platform\ads\hard_negative_mining\batch_visual_negative_20260714\crops\hn_000126.png,ads,candidate_crop,crop,crop,raw,negative,reviewed,,2026-07-16T11:54:09.252288+00:00,2026-07-16T11:54:09.599848+00:00
file_2d0ebecb1c9b0433,asset_3923391b1d1e587f,D:\Projects\adb_vl\vision_platform\ads\hard_negative_mining\batch_visual_negative_20260714\crops\hn_000127.png,vision_platform\ads\hard_negative_mining\batch_visual_negative_20260714\crops\hn_000127.png,ads,candidate_crop,crop,crop,raw,negative,reviewed,,2026-07-16T11:54:07.499586+00:00,2026-07-16T11:54:07.950445+00:00
file_ca17576ab141ef55,asset_e6942eb5f668e9d2,D:\Projects\adb_vl\vision_platform\ads\hard_negative_mining\batch_visual_negative_20260714\crops\hn_000128.png,vision_platform\ads\hard_negative_mining\batch_visual_negative_20260714\crops\hn_000128.png,ads,candidate_crop,crop,crop,raw,negative,reviewed,,2026-07-16T12:01:04.289270+00:00,2026-07-16T12:01:04.445337+00:00
file_4e528020dcadbd86,asset_61ace4d4577f3ed5,D:\Projects\adb_vl\vision_platform\ads\hard_negative_mining\batch_visual_negative_20260714\crops\hn_000129.png,vision_platform\ads\hard_negative_mining\batch_visual_negative_20260714\crops\hn_000129.png,ads,candidate_crop,crop,crop,raw,negative,reviewed,,2026-07-16T11:54:14.732592+00:00,2026-07-16T11:54:14.887385+00:00
file_68901308f42e8e4d,asset_43fe88c6c4bce1c6,D:\Projects\adb_vl\vision_platform\ads\hard_negative_mining\batch_visual_negative_20260714\crops\hn_000130.png,vision_platform\ads\hard_negative_mining\batch_visual_negative_20260714\crops\hn_000130.png,ads,candidate_crop,crop,crop,raw,negative,reviewed,,2026-07-16T11:54:22.491322+00:00,2026-07-16T11:54:22.641414+00:00
file_ac47b1ff0ec5def0,asset_bcdf8f34d4b084e9,D:\Projects\adb_vl\vision_platform\ads\hard_negative_mining\batch_visual_negative_20260714\crops\hn_000131.png,vision_platform\ads\hard_negative_mining\batch_visual_negative_20260714\crops\hn_000131.png,ads,candidate_crop,crop,crop,raw,negative,reviewed,,2026-07-16T11:54:23.243499+00:00,2026-07-16T11:54:23.398026+00:00
file_44effa25f057c9db,asset_9a21504bfdc8a637,D:\Projects\adb_vl\vision_platform\ads\hard_negative_mining\batch_visual_negative_20260714\crops\hn_000132.png,vision_platform\ads\hard_negative_mining\batch_visual_negative_20260714\crops\hn_000132.png,ads,candidate_crop,crop,crop,raw,negative,reviewed,,2026-07-16T11:54:21.624936+00:00,2026-07-16T11:54:21.815501+00:00
file_8882b44a097dcce9,asset_4b3beb342e8fa6de,D:\Projects\adb_vl\vision_platform\ads\hard_negative_mining\batch_visual_negative_20260714\crops\hn_000133.png,vision_platform\ads\hard_negative_mining\batch_visual_negative_20260714\crops\hn_000133.png,ads,candidate_crop,crop,crop,raw,negative,reviewed,,2026-07-16T11:52:54.107093+00:00,2026-07-16T11:52:54.329056+00:00
file_edcf0f64eb55ef57,asset_f4b8bc6ea9acf79e,D:\Projects\adb_vl\vision_platform\ads\hard_negative_mining\batch_visual_negative_20260714\crops\hn_000134.png,vision_platform\ads\hard_negative_mining\batch_visual_negative_20260714\crops\hn_000134.png,ads,candidate_crop,crop,crop,raw,negative,reviewed,,2026-07-16T11:54:05.477156+00:00,2026-07-16T11:54:05.666259+00:00
file_ce83c86447928e4c,asset_2dd12bfcf07023a6,D:\Projects\adb_vl\vision_platform\ads\hard_negative_mining\batch_visual_negative_20260714\crops\hn_000135.png,vision_platform\ads\hard_negative_mining\batch_visual_negative_20260714\crops\hn_000135.png,ads,candidate_crop,crop,crop,raw,negative,reviewed,,2026-07-16T12:00:36.574849+00:00,2026-07-16T22:49:08.900294+00:00
file_4957b6fcc6f8b0e7,asset_51ac9c7f114cd623,D:\Projects\adb_vl\vision_platform\ads\hard_negative_mining\batch_visual_negative_20260714\crops\hn_000136.png,vision_platform\ads\hard_negative_mining\batch_visual_negative_20260714\crops\hn_000136.png,ads,candidate_crop,crop,crop,raw,negative,reviewed,,2026-07-16T11:51:44.948534+00:00,2026-07-16T11:51:45.294555+00:00
file_a8aaffec5ace5590,asset_d30b5d3b349008b2,D:\Projects\adb_vl\vision_platform\ads\hard_negative_mining\batch_visual_negative_20260714\crops\hn_000137.png,vision_platform\ads\hard_negative_mining\batch_visual_negative_20260714\crops\hn_000137.png,ads,candidate_crop,crop,crop,raw,negative,reviewed,,2026-07-16T11:53:06.816227+00:00,2026-07-16T22:48:47.019892+00:00
file_3a5570f81fc9c248,asset_1fcd71d7d284530d,D:\Projects\adb_vl\vision_platform\ads\hard_negative_mining\batch_visual_negative_20260714\crops\hn_000138.png,vision_platform\ads\hard_negative_mining\batch_visual_negative_20260714\crops\hn_000138.png,ads,candidate_crop,crop,crop,raw,negative,reviewed,,2026-07-16T12:00:52.101672+00:00,2026-07-16T12:00:52.183658+00:00
file_ec421cc01b4c1cd0,asset_2dd12bfcf07023a6,D:\Projects\adb_vl\vision_platform\ads\hard_negative_mining\batch_visual_negative_20260714\crops\hn_000139.png,vision_platform\ads\hard_negative_mining\batch_visual_negative_20260714\crops\hn_000139.png,ads,candidate_crop,crop,crop,raw,negative,reviewed,,2026-07-16T12:00:36.901879+00:00,2026-07-16T22:49:09.130227+00:00
file_4fdfe101678a182d,asset_51ac9c7f114cd623,D:\Projects\adb_vl\vision_platform\ads\hard_negative_mining\batch_visual_negative_20260714\crops\hn_000140.png,vision_platform\ads\hard_negative_mining\batch_visual_negative_20260714\crops\hn_000140.png,ads,candidate_crop,crop,crop,raw,negative,reviewed,,2026-07-16T11:51:45.336228+00:00,2026-07-16T11:51:45.646903+00:00
file_67e22b67ffdb6d58,asset_d30b5d3b349008b2,D:\Projects\adb_vl\vision_platform\ads\hard_negative_mining\batch_visual_negative_20260714\crops\hn_000141.png,vision_platform\ads\hard_negative_mining\batch_visual_negative_20260714\crops\hn_000141.png,ads,candidate_crop,crop,crop,raw,negative,reviewed,,2026-07-16T11:53:07.046719+00:00,2026-07-16T22:48:47.445465+00:00
file_d76317d3ee9ef67d,asset_1fcd71d7d284530d,D:\Projects\adb_vl\vision_platform\ads\hard_negative_mining\batch_visual_negative_20260714\crops\hn_000142.png,vision_platform\ads\hard_negative_mining\batch_visual_negative_20260714\crops\hn_000142.png,ads,candidate_crop,crop,crop,raw,negative,reviewed,,2026-07-16T12:00:52.224416+00:00,2026-07-16T12:00:52.306541+00:00
file_f593997f7321a3d6,asset_2dd12bfcf07023a6,D:\Projects\adb_vl\vision_platform\ads\hard_negative_mining\batch_visual_negative_20260714\crops\hn_000143.png,vision_platform\ads\hard_negative_mining\batch_visual_negative_20260714\crops\hn_000143.png,ads,candidate_crop,crop,crop,raw,negative,reviewed,,2026-07-16T12:00:37.152828+00:00,2026-07-16T22:49:09.441444+00:00
file_481e275b576cf756,asset_51ac9c7f114cd623,D:\Projects\adb_vl\vision_platform\ads\hard_negative_mining\batch_visual_negative_20260714\crops\hn_000144.png,vision_platform\ads\hard_negative_mining\batch_visual_negative_20260714\crops\hn_000144.png,ads,candidate_crop,crop,crop,raw,negative,reviewed,,2026-07-16T11:51:45.687770+00:00,2026-07-16T11:51:45.867854+00:00
file_2c0d23f19bece0c6,asset_d30b5d3b349008b2,D:\Projects\adb_vl\vision_platform\ads\hard_negative_mining\batch_visual_negative_20260714\crops\hn_000145.png,vision_platform\ads\hard_negative_mining\batch_visual_negative_20260714\crops\hn_000145.png,ads,candidate_crop,crop,crop,raw,negative,reviewed,,2026-07-16T11:53:07.250454+00:00,2026-07-16T22:48:47.928247+00:00
file_e6de0581d28b0f9d,asset_1fcd71d7d284530d,D:\Projects\adb_vl\vision_platform\ads\hard_negative_mining\batch_visual_negative_20260714\crops\hn_000146.png,vision_platform\ads\hard_negative_mining\batch_visual_negative_20260714\crops\hn_000146.png,ads,candidate_crop,crop,crop,raw,negative,reviewed,,2026-07-16T12:00:52.347199+00:00,2026-07-16T12:00:52.445133+00:00
file_14b3e6c5478f7cc7,asset_2dd12bfcf07023a6,D:\Projects\adb_vl\vision_platform\ads\hard_negative_mining\batch_visual_negative_20260714\crops\hn_000147.png,vision_platform\ads\hard_negative_mining\batch_visual_negative_20260714\crops\hn_000147.png,ads,candidate_crop,crop,crop,raw,negative,reviewed,,2026-07-16T12:00:37.278497+00:00,2026-07-16T22:49:09.670544+00:00
file_e8bbb84d7e4dd137,asset_51ac9c7f114cd623,D:\Projects\adb_vl\vision_platform\ads\hard_negative_mining\batch_visual_negative_20260714\crops\hn_000148.png,vision_platform\ads\hard_negative_mining\batch_visual_negative_20260714\crops\hn_000148.png,ads,candidate_crop,crop,crop,raw,negative,reviewed,,2026-07-16T11:51:45.909421+00:00,2026-07-16T11:51:46.081840+00:00
file_3486060ad0e8ad4f,asset_d30b5d3b349008b2,D:\Projects\adb_vl\vision_platform\ads\hard_negative_mining\batch_visual_negative_20260714\crops\hn_000149.png,vision_platform\ads\hard_negative_mining\batch_visual_negative_20260714\crops\hn_000149.png,ads,candidate_crop,crop,crop,raw,negative,reviewed,,2026-07-16T11:53:07.447032+00:00,2026-07-16T22:48:48.328894+00:00
file_27c30e35a37ed113,asset_1fcd71d7d284530d,D:\Projects\adb_vl\vision_platform\ads\hard_negative_mining\batch_visual_negative_20260714\crops\hn_000150.png,vision_platform\ads\hard_negative_mining\batch_visual_negative_20260714\crops\hn_000150.png,ads,candidate_crop,crop,crop,raw,negative,reviewed,,2026-07-16T12:00:52.502466+00:00,2026-07-16T12:00:52.584547+00:00
file_d2d203c752c00eb3,asset_2dd12bfcf07023a6,D:\Projects\adb_vl\vision_platform\ads\hard_negative_mining\batch_visual_negative_20260714\crops\hn_000151.png,vision_platform\ads\hard_negative_mining\batch_visual_negative_20260714\crops\hn_000151.png,ads,candidate_crop,crop,crop,raw,negative,reviewed,,2026-07-16T12:00:37.490340+00:00,2026-07-16T22:49:10.004995+00:00
file_75df405a834176a1,asset_51ac9c7f114cd623,D:\Projects\adb_vl\vision_platform\ads\hard_negative_mining\batch_visual_negative_20260714\crops\hn_000152.png,vision_platform\ads\hard_negative_mining\batch_visual_negative_20260714\crops\hn_000152.png,ads,candidate_crop,crop,crop,raw,negative,reviewed,,2026-07-16T11:51:46.122919+00:00,2026-07-16T11:51:46.293505+00:00
file_d6b89e850c393744,asset_d30b5d3b349008b2,D:\Projects\adb_vl\vision_platform\ads\hard_negative_mining\batch_visual_negative_20260714\crops\hn_000153.png,vision_platform\ads\hard_negative_mining\batch_visual_negative_20260714\crops\hn_000153.png,ads,candidate_crop,crop,crop,raw,negative,reviewed,,2026-07-16T11:53:07.651348+00:00,2026-07-16T22:48:48.827179+00:00
file_5f857e1aa27bce11,asset_1fcd71d7d284530d,D:\Projects\adb_vl\vision_platform\ads\hard_negative_mining\batch_visual_negative_20260714\crops\hn_000154.png,vision_platform\ads\hard_negative_mining\batch_visual_negative_20260714\crops\hn_000154.png,ads,candidate_crop,crop,crop,raw,negative,reviewed,,2026-07-16T12:00:52.625783+00:00,2026-07-16T12:00:52.715454+00:00
file_ca44191e7a178460,asset_2dd12bfcf07023a6,D:\Projects\adb_vl\vision_platform\ads\hard_negative_mining\batch_visual_negative_20260714\crops\hn_000155.png,vision_platform\ads\hard_negative_mining\batch_visual_negative_20260714\crops\hn_000155.png,ads,candidate_crop,crop,crop,raw,negative,reviewed,,2026-07-16T12:00:37.630540+00:00,2026-07-16T22:49:10.299917+00:00
file_590bdf578da8149e,asset_51ac9c7f114cd623,D:\Projects\adb_vl\vision_platform\ads\hard_negative_mining\batch_visual_negative_20260714\crops\hn_000156.png,vision_platform\ads\hard_negative_mining\batch_visual_negative_20260714\crops\hn_000156.png,ads,candidate_crop,crop,crop,raw,negative,reviewed,,2026-07-16T11:51:46.334110+00:00,2026-07-16T11:51:46.464395+00:00
file_d24f52806af63653,asset_d30b5d3b349008b2,D:\Projects\adb_vl\vision_platform\ads\hard_negative_mining\batch_visual_negative_20260714\crops\hn_000157.png,vision_platform\ads\hard_negative_mining\batch_visual_negative_20260714\crops\hn_000157.png,ads,candidate_crop,crop,crop,raw,negative,reviewed,,2026-07-16T11:53:07.856301+00:00,2026-07-16T22:48:49.244784+00:00
file_21f617d7d1be5ae6,asset_1fcd71d7d284530d,D:\Projects\adb_vl\vision_platform\ads\hard_negative_mining\batch_visual_negative_20260714\crops\hn_000158.png,vision_platform\ads\hard_negative_mining\batch_visual_negative_20260714\crops\hn_000158.png,ads,candidate_crop,crop,crop,raw,negative,reviewed,,2026-07-16T12:00:52.755538+00:00,2026-07-16T12:00:52.904993+00:00
file_f16f1d9bd35c1d13,asset_505dc525203b5c2d,D:\Projects\adb_vl\vision_platform\ads\hard_negative_mining\batch_visual_negative_20260714\crops\hn_000159.png,vision_platform\ads\hard_negative_mining\batch_visual_negative_20260714\crops\hn_000159.png,ads,candidate_crop,crop,crop,raw,negative,reviewed,,2026-07-16T11:54:09.639382+00:00,2026-07-16T11:54:10.114852+00:00
file_6b2bb1ae8b36b008,asset_505dc525203b5c2d,D:\Projects\adb_vl\vision_platform\ads\hard_negative_mining\batch_visual_negative_20260714\crops\hn_000160.png,vision_platform\ads\hard_negative_mining\batch_visual_negative_20260714\crops\hn_000160.png,ads,candidate_crop,crop,crop,raw,negative,reviewed,,2026-07-16T11:54:10.155796+00:00,2026-07-16T11:54:10.344336+00:00
file_71fbf9a40b8206f3,asset_b11bd236a49a8aef,D:\Projects\adb_vl\vision_platform\ads\hard_negative_mining\batch_visual_negative_20260714\crops\hn_000161.png,vision_platform\ads\hard_negative_mining\batch_visual_negative_20260714\crops\hn_000161.png,ads,candidate_crop,crop,crop,raw,negative,reviewed,,2026-07-16T11:53:55.140361+00:00,2026-07-16T11:53:55.401642+00:00
file_7a7a231f69dd9a5b,asset_e3c0d48aa2618c3a,D:\Projects\adb_vl\vision_platform\ads\hard_negative_mining\batch_visual_negative_20260714\crops\hn_000162.png,vision_platform\ads\hard_negative_mining\batch_visual_negative_20260714\crops\hn_000162.png,ads,candidate_crop,crop,crop,raw,negative,reviewed,,2026-07-16T11:53:02.539186+00:00,2026-07-16T11:53:02.757742+00:00
file_a91fc91ddb328e3b,asset_0484d75c3ab7de13,D:\Projects\adb_vl\vision_platform\ads\hard_negative_mining\batch_visual_negative_20260714\crops\hn_000163.png,vision_platform\ads\hard_negative_mining\batch_visual_negative_20260714\crops\hn_000163.png,ads,candidate_crop,crop,crop,raw,negative,reviewed,,2026-07-16T11:53:09.790134+00:00,2026-07-16T11:53:09.937272+00:00
file_b9778a231a995e84,asset_d2399a87090a92c0,D:\Projects\adb_vl\vision_platform\ads\hard_negative_mining\batch_visual_negative_20260714\crops\hn_000164.png,vision_platform\ads\hard_negative_mining\batch_visual_negative_20260714\crops\hn_000164.png,ads,candidate_crop,crop,crop,raw,negative,reviewed,,2026-07-16T12:00:59.264951+00:00,2026-07-16T12:00:59.457302+00:00
file_2152bb9248937d0c,asset_629df8034a49a412,D:\Projects\adb_vl\vision_platform\ads\hard_negative_mining\batch_visual_negative_20260714\crops\hn_000165.png,vision_platform\ads\hard_negative_mining\batch_visual_negative_20260714\crops\hn_000165.png,ads,candidate_crop,crop,crop,raw,negative,reviewed,,2026-07-16T11:53:11.712311+00:00,2026-07-16T11:53:11.902967+00:00
file_8a621205f5bfab19,asset_2810ab1fe8d79b9a,D:\Projects\adb_vl\vision_platform\ads\hard_negative_mining\batch_visual_negative_20260714\crops\hn_000166.png,vision_platform\ads\hard_negative_mining\batch_visual_negative_20260714\crops\hn_000166.png,ads,candidate_crop,crop,crop,raw,negative,reviewed,,2026-07-16T11:54:30.106360+00:00,2026-07-16T11:54:30.253379+00:00
file_a26a7c5b3c28a388,asset_4a4e5f6e92faf280,D:\Projects\adb_vl\vision_platform\ads\hard_negative_mining\batch_visual_negative_20260714\crops\hn_000167.png,vision_platform\ads\hard_negative_mining\batch_visual_negative_20260714\crops\hn_000167.png,ads,candidate_crop,crop,crop,raw,negative,reviewed,,2026-07-16T11:52:32.826619+00:00,2026-07-16T11:52:37.348599+00:00
file_7763e2d8217a144b,asset_5a9b1ded37fe9835,D:\Projects\adb_vl\vision_platform\ads\hard_negative_mining\batch_visual_negative_20260714\crops\hn_000168.png,vision_platform\ads\hard_negative_mining\batch_visual_negative_20260714\crops\hn_000168.png,ads,candidate_crop,crop,crop,raw,negative,reviewed,,2026-07-16T11:53:51.018470+00:00,2026-07-16T11:53:51.309790+00:00
file_30d184c655f7e4f3,asset_b11bd236a49a8aef,D:\Projects\adb_vl\vision_platform\ads\hard_negative_mining\batch_visual_negative_20260714\crops\hn_000169.png,vision_platform\ads\hard_negative_mining\batch_visual_negative_20260714\crops\hn_000169.png,ads,candidate_crop,crop,crop,raw,negative,reviewed,,2026-07-16T11:53:55.443258+00:00,2026-07-16T11:53:55.690645+00:00
file_e22c76d349a35064,asset_e3c0d48aa2618c3a,D:\Projects\adb_vl\vision_platform\ads\hard_negative_mining\batch_visual_negative_20260714\crops\hn_000170.png,vision_platform\ads\hard_negative_mining\batch_visual_negative_20260714\crops\hn_000170.png,ads,candidate_crop,crop,crop,raw,negative,reviewed,,2026-07-16T11:53:02.799356+00:00,2026-07-16T11:53:04.544571+00:00
file_10ba71942c492428,asset_0484d75c3ab7de13,D:\Projects\adb_vl\vision_platform\ads\hard_negative_mining\batch_visual_negative_20260714\crops\hn_000171.png,vision_platform\ads\hard_negative_mining\batch_visual_negative_20260714\crops\hn_000171.png,ads,candidate_crop,crop,crop,raw,negative,reviewed,,2026-07-16T11:53:09.977826+00:00,2026-07-16T11:53:10.378895+00:00
file_3765877e938ae9c9,asset_d2399a87090a92c0,D:\Projects\adb_vl\vision_platform\ads\hard_negative_mining\batch_visual_negative_20260714\crops\hn_000172.png,vision_platform\ads\hard_negative_mining\batch_visual_negative_20260714\crops\hn_000172.png,ads,candidate_crop,crop,crop,raw,negative,reviewed,,2026-07-16T12:00:59.510932+00:00,2026-07-16T12:00:59.649394+00:00
file_31dc9ae9711d4a95,asset_629df8034a49a412,D:\Projects\adb_vl\vision_platform\ads\hard_negative_mining\batch_visual_negative_20260714\crops\hn_000173.png,vision_platform\ads\hard_negative_mining\batch_visual_negative_20260714\crops\hn_000173.png,ads,candidate_crop,crop,crop,raw,negative,reviewed,,2026-07-16T11:53:11.943960+00:00,2026-07-16T11:53:12.115401+00:00
file_3d3bdd6a75fad2d6,asset_2810ab1fe8d79b9a,D:\Projects\adb_vl\vision_platform\ads\hard_negative_mining\batch_visual_negative_20260714\crops\hn_000174.png,vision_platform\ads\hard_negative_mining\batch_visual_negative_20260714\crops\hn_000174.png,ads,candidate_crop,crop,crop,raw,negative,reviewed,,2026-07-16T11:54:30.301721+00:00,2026-07-16T11:54:30.498943+00:00
file_fa5369f82ba2250e,asset_4a4e5f6e92faf280,D:\Projects\adb_vl\vision_platform\ads\hard_negative_mining\batch_visual_negative_20260714\crops\hn_000175.png,vision_platform\ads\hard_negative_mining\batch_visual_negative_20260714\crops\hn_000175.png,ads,candidate_crop,crop,crop,raw,negative,reviewed,,2026-07-16T11:52:37.387413+00:00,2026-07-16T11:52:38.002070+00:00
file_14c9c843ff797c5b,asset_5a9b1ded37fe9835,D:\Projects\adb_vl\vision_platform\ads\hard_negative_mining\batch_visual_negative_20260714\crops\hn_000176.png,vision_platform\ads\hard_negative_mining\batch_visual_negative_20260714\crops\hn_000176.png,ads,candidate_crop,crop,crop,raw,negative,reviewed,,2026-07-16T11:53:51.340402+00:00,2026-07-16T11:53:51.743585+00:00
file_6f1abc3faedac547,asset_b11bd236a49a8aef,D:\Projects\adb_vl\vision_platform\ads\hard_negative_mining\batch_visual_negative_20260714\crops\hn_000177.png,vision_platform\ads\hard_negative_mining\batch_visual_negative_20260714\crops\hn_000177.png,ads,candidate_crop,crop,crop,raw,negative,reviewed,,2026-07-16T11:53:55.723097+00:00,2026-07-16T11:53:56.027508+00:00
file_4fab1f771626dce0,asset_e3c0d48aa2618c3a,D:\Projects\adb_vl\vision_platform\ads\hard_negative_mining\batch_visual_negative_20260714\crops\hn_000178.png,vision_platform\ads\hard_negative_mining\batch_visual_negative_20260714\crops\hn_000178.png,ads,candidate_crop,crop,crop,raw,negative,reviewed,,2026-07-16T11:53:04.594108+00:00,2026-07-16T11:53:05.375914+00:00
file_241536b5ac4bc01c,asset_0484d75c3ab7de13,D:\Projects\adb_vl\vision_platform\ads\hard_negative_mining\batch_visual_negative_20260714\crops\hn_000179.png,vision_platform\ads\hard_negative_mining\batch_visual_negative_20260714\crops\hn_000179.png,ads,candidate_crop,crop,crop,raw,negative,reviewed,,2026-07-16T11:53:10.422251+00:00,2026-07-16T11:53:10.578523+00:00
file_96c0f0d397350506,asset_115e85acfe681724,D:\Projects\adb_vl\vision_platform\ads\hard_negative_mining\batch_visual_negative_20260714\crops\hn_000180.png,vision_platform\ads\hard_negative_mining\batch_visual_negative_20260714\crops\hn_000180.png,ads,candidate_crop,crop,crop,raw,negative,reviewed,,2026-07-16T12:00:59.714353+00:00,2026-07-16T12:00:59.853935+00:00
file_3844cf7b0fa72b7f,asset_9d58288c3f8df317,D:\Projects\adb_vl\vision_platform\ads\hard_negative_mining\batch_visual_negative_20260714\crops\hn_000181.png,vision_platform\ads\hard_negative_mining\batch_visual_negative_20260714\crops\hn_000181.png,ads,candidate_crop,crop,crop,raw,negative,reviewed,,2026-07-16T11:53:12.155343+00:00,2026-07-16T11:53:12.344847+00:00
file_87beb4afed6f21a6,asset_2810ab1fe8d79b9a,D:\Projects\adb_vl\vision_platform\ads\hard_negative_mining\batch_visual_negative_20260714\crops\hn_000182.png,vision_platform\ads\hard_negative_mining\batch_visual_negative_20260714\crops\hn_000182.png,ads,candidate_crop,crop,crop,raw,negative,reviewed,,2026-07-16T11:54:30.539396+00:00,2026-07-16T11:54:31.624135+00:00
file_20411e35b51802de,asset_4a4e5f6e92faf280,D:\Projects\adb_vl\vision_platform\ads\hard_negative_mining\batch_visual_negative_20260714\crops\hn_000183.png,vision_platform\ads\hard_negative_mining\batch_visual_negative_20260714\crops\hn_000183.png,ads,candidate_crop,crop,crop,raw,negative,reviewed,,2026-07-16T11:52:38.059472+00:00,2026-07-16T11:52:38.590253+00:00
file_5cc376c436409339,asset_22fb5506b2ad638a,D:\Projects\adb_vl\vision_platform\ads\hard_negative_mining\batch_visual_negative_20260714\crops\hn_000184.png,vision_platform\ads\hard_negative_mining\batch_visual_negative_20260714\crops\hn_000184.png,ads,candidate_crop,crop,crop,raw,negative,reviewed,,2026-07-16T11:53:06.573094+00:00,2026-07-16T11:53:06.774181+00:00
file_cd0b9d4287f23337,asset_5a9b1ded37fe9835,D:\Projects\adb_vl\vision_platform\ads\hard_negative_mining\batch_visual_negative_20260714\crops\hn_000185.png,vision_platform\ads\hard_negative_mining\batch_visual_negative_20260714\crops\hn_000185.png,ads,candidate_crop,crop,crop,raw,negative,reviewed,,2026-07-16T11:53:51.784336+00:00,2026-07-16T11:53:52.136620+00:00
file_1ba705845f2fc9e2,asset_2dd12bfcf07023a6,D:\Projects\adb_vl\vision_platform\ads\hard_negative_mining\batch_visual_negative_20260714\crops\hn_000186.png,vision_platform\ads\hard_negative_mining\batch_visual_negative_20260714\crops\hn_000186.png,ads,candidate_crop,crop,crop,raw,negative,reviewed,,2026-07-16T12:00:37.776463+00:00,2026-07-16T22:49:10.554022+00:00
file_fbc220ff5b7f85d7,asset_51ac9c7f114cd623,D:\Projects\adb_vl\vision_platform\ads\hard_negative_mining\batch_visual_negative_20260714\crops\hn_000187.png,vision_platform\ads\hard_negative_mining\batch_visual_negative_20260714\crops\hn_000187.png,ads,candidate_crop,crop,crop,raw,negative,reviewed,,2026-07-16T11:51:46.505639+00:00,2026-07-16T11:51:46.652020+00:00
file_ef847d000f83a44b,asset_d30b5d3b349008b2,D:\Projects\adb_vl\vision_platform\ads\hard_negative_mining\batch_visual_negative_20260714\crops\hn_000188.png,vision_platform\ads\hard_negative_mining\batch_visual_negative_20260714\crops\hn_000188.png,ads,candidate_crop,crop,crop,raw,negative,reviewed,,2026-07-16T11:53:08.068899+00:00,2026-07-16T22:48:49.498462+00:00
file_c7c9ef85a5b1f85d,asset_2dd12bfcf07023a6,D:\Projects\adb_vl\vision_platform\ads\hard_negative_mining\batch_visual_negative_20260714\crops\hn_000189.png,vision_platform\ads\hard_negative_mining\batch_visual_negative_20260714\crops\hn_000189.png,ads,candidate_crop,crop,crop,raw,negative,reviewed,,2026-07-16T12:00:37.906969+00:00,2026-07-16T22:49:10.782352+00:00
file_7bc1e708046889e9,asset_51ac9c7f114cd623,D:\Projects\adb_vl\vision_platform\ads\hard_negative_mining\batch_visual_negative_20260714\crops\hn_000190.png,vision_platform\ads\hard_negative_mining\batch_visual_negative_20260714\crops\hn_000190.png,ads,candidate_crop,crop,crop,raw,negative,reviewed,,2026-07-16T11:51:46.693538+00:00,2026-07-16T11:51:46.870530+00:00
file_57eb253678d502b3,asset_d30b5d3b349008b2,D:\Projects\adb_vl\vision_platform\ads\hard_negative_mining\batch_visual_negative_20260714\crops\hn_000191.png,vision_platform\ads\hard_negative_mining\batch_visual_negative_20260714\crops\hn_000191.png,ads,candidate_crop,crop,crop,raw,negative,reviewed,,2026-07-16T11:53:08.263820+00:00,2026-07-16T22:48:49.727083+00:00
file_f7d66b3ae3255ca2,asset_2dd12bfcf07023a6,D:\Projects\adb_vl\vision_platform\ads\hard_negative_mining\batch_visual_negative_20260714\crops\hn_000192.png,vision_platform\ads\hard_negative_mining\batch_visual_negative_20260714\crops\hn_000192.png,ads,candidate_crop,crop,crop,raw,negative,reviewed,,2026-07-16T12:00:38.037487+00:00,2026-07-16T22:49:11.035654+00:00
file_c8b772b2ab2d543a,asset_60268476bacbc8ef,D:\Projects\adb_vl\vision_platform\ads\hard_negative_mining\batch_visual_negative_20260714\crops\hn_000193.png,vision_platform\ads\hard_negative_mining\batch_visual_negative_20260714\crops\hn_000193.png,ads,candidate_crop,crop,crop,raw,negative,reviewed,,2026-07-16T12:00:54.670375+00:00,2026-07-16T12:00:54.833607+00:00
file_eb8540ba62fed567,asset_51ac9c7f114cd623,D:\Projects\adb_vl\vision_platform\ads\hard_negative_mining\batch_visual_negative_20260714\crops\hn_000194.png,vision_platform\ads\hard_negative_mining\batch_visual_negative_20260714\crops\hn_000194.png,ads,candidate_crop,crop,crop,raw,negative,reviewed,,2026-07-16T11:51:46.906412+00:00,2026-07-16T11:51:47.159245+00:00
file_aa3578c23f6f013e,asset_d30b5d3b349008b2,D:\Projects\adb_vl\vision_platform\ads\hard_negative_mining\batch_visual_negative_20260714\crops\hn_000195.png,vision_platform\ads\hard_negative_mining\batch_visual_negative_20260714\crops\hn_000195.png,ads,candidate_crop,crop,crop,raw,negative,reviewed,,2026-07-16T11:53:08.485887+00:00,2026-07-16T22:48:49.932018+00:00
file_8711b5e5a308a203,asset_cfc5b6cc2ed31dc0,D:\Projects\adb_vl\vision_platform\ads\hard_negative_mining\batch_visual_negative_20260714\crops\hn_000196.png,vision_platform\ads\hard_negative_mining\batch_visual_negative_20260714\crops\hn_000196.png,ads,candidate_crop,crop,crop,raw,negative,reviewed,,2026-07-16T12:00:40.458622+00:00,2026-07-16T12:00:40.548389+00:00
file_4ae71eec4b11003b,asset_dd2743a4cd62c3af,D:\Projects\adb_vl\vision_platform\ads\hard_negative_mining\batch_visual_negative_20260714\crops\hn_000197.png,vision_platform\ads\hard_negative_mining\batch_visual_negative_20260714\crops\hn_000197.png,ads,candidate_crop,crop,crop,raw,negative,reviewed,,2026-07-16T12:00:50.057425+00:00,2026-07-16T12:00:50.163759+00:00
file_ddf39e661dfc4d81,asset_1eba96f00b8c8142,D:\Projects\adb_vl\vision_platform\ads\hard_negative_mining\batch_visual_negative_20260714\crops\hn_000198.png,vision_platform\ads\hard_negative_mining\batch_visual_negative_20260714\crops\hn_000198.png,ads,candidate_crop,crop,crop,raw,negative,reviewed,,2026-07-16T12:01:00.736703+00:00,2026-07-16T12:01:00.869197+00:00
file_e799f70a4adbd587,asset_b7069f8964fa8e36,D:\Projects\adb_vl\vision_platform\ads\hard_negative_mining\batch_visual_negative_20260714\crops\hn_000199.png,vision_platform\ads\hard_negative_mining\batch_visual_negative_20260714\crops\hn_000199.png,ads,candidate_crop,crop,crop,raw,negative,reviewed,,2026-07-16T12:01:03.149150+00:00,2026-07-16T12:01:03.296647+00:00
file_417437424f987edb,asset_9c8b000bcd05e806,D:\Projects\adb_vl\vision_platform\ads\hard_negative_mining\batch_visual_negative_20260714\crops\hn_000200.png,vision_platform\ads\hard_negative_mining\batch_visual_negative_20260714\crops\hn_000200.png,ads,candidate_crop,crop,crop,raw,negative,reviewed,,2026-07-16T12:01:01.985620+00:00,2026-07-16T12:01:02.143247+00:00
file_bcfa9a60d906812e,asset_4cb135c0b84a2d81,D:\Projects\adb_vl\vision_platform\ads\hard_negative_mining\batch_visual_negative_20260714\crops\hn_000201.png,vision_platform\ads\hard_negative_mining\batch_visual_negative_20260714\crops\hn_000201.png,ads,candidate_crop,crop,crop,raw,negative,reviewed,,2026-07-16T12:01:02.569006+00:00,2026-07-16T12:01:02.717668+00:00
file_4b0dd14b9f229301,asset_f57e20b0c9e3efcf,D:\Projects\adb_vl\vision_platform\ads\hard_negative_mining\batch_visual_negative_20260714\crops\hn_000202.png,vision_platform\ads\hard_negative_mining\batch_visual_negative_20260714\crops\hn_000202.png,ads,candidate_crop,crop,crop,raw,negative,reviewed,,2026-07-16T12:00:50.519135+00:00,2026-07-16T12:00:50.658816+00:00
file_cae6fec426076907,asset_cfc5b6cc2ed31dc0,D:\Projects\adb_vl\vision_platform\ads\hard_negative_mining\batch_visual_negative_20260714\crops\hn_000203.png,vision_platform\ads\hard_negative_mining\batch_visual_negative_20260714\crops\hn_000203.png,ads,candidate_crop,crop,crop,raw,negative,reviewed,,2026-07-16T12:00:40.589147+00:00,2026-07-16T12:00:40.753117+00:00
file_7326a3fdc14c971a,asset_dd2743a4cd62c3af,D:\Projects\adb_vl\vision_platform\ads\hard_negative_mining\batch_visual_negative_20260714\crops\hn_000204.png,vision_platform\ads\hard_negative_mining\batch_visual_negative_20260714\crops\hn_000204.png,ads,candidate_crop,crop,crop,raw,negative,reviewed,,2026-07-16T12:00:50.205223+00:00,2026-07-16T12:00:50.294821+00:00
file_c84b3c906438dd7c,asset_1eba96f00b8c8142,D:\Projects\adb_vl\vision_platform\ads\hard_negative_mining\batch_visual_negative_20260714\crops\hn_000205.png,vision_platform\ads\hard_negative_mining\batch_visual_negative_20260714\crops\hn_000205.png,ads,candidate_crop,crop,crop,raw,negative,reviewed,,2026-07-16T12:01:00.918779+00:00,2026-07-16T12:01:01.033934+00:00
file_412233d553ecb05d,asset_b7069f8964fa8e36,D:\Projects\adb_vl\vision_platform\ads\hard_negative_mining\batch_visual_negative_20260714\crops\hn_000206.png,vision_platform\ads\hard_negative_mining\batch_visual_negative_20260714\crops\hn_000206.png,ads,candidate_crop,crop,crop,raw,negative,reviewed,,2026-07-16T12:01:03.345235+00:00,2026-07-16T12:01:03.477473+00:00
file_4730dadbe2208427,asset_9c8b000bcd05e806,D:\Projects\adb_vl\vision_platform\ads\hard_negative_mining\batch_visual_negative_20260714\crops\hn_000207.png,vision_platform\ads\hard_negative_mining\batch_visual_negative_20260714\crops\hn_000207.png,ads,candidate_crop,crop,crop,raw,negative,reviewed,,2026-07-16T12:01:02.184917+00:00,2026-07-16T12:01:02.355627+00:00
file_95128085266a9a4a,asset_4cb135c0b84a2d81,D:\Projects\adb_vl\vision_platform\ads\hard_negative_mining\batch_visual_negative_20260714\crops\hn_000208.png,vision_platform\ads\hard_negative_mining\batch_visual_negative_20260714\crops\hn_000208.png,ads,candidate_crop,crop,crop,raw,negative,reviewed,,2026-07-16T12:01:02.755777+00:00,2026-07-16T12:01:02.895308+00:00
file_9e729f2ad0f5e2a1,asset_f57e20b0c9e3efcf,D:\Projects\adb_vl\vision_platform\ads\hard_negative_mining\batch_visual_negative_20260714\crops\hn_000209.png,vision_platform\ads\hard_negative_mining\batch_visual_negative_20260714\crops\hn_000209.png,ads,candidate_crop,crop,crop,raw,negative,reviewed,,2026-07-16T12:00:50.707337+00:00,2026-07-16T12:00:50.981469+00:00
file_0d431070739ad3e5,asset_cfc5b6cc2ed31dc0,D:\Projects\adb_vl\vision_platform\ads\hard_negative_mining\batch_visual_negative_20260714\crops\hn_000210.png,vision_platform\ads\hard_negative_mining\batch_visual_negative_20260714\crops\hn_000210.png,ads,candidate_crop,crop,crop,raw,negative,reviewed,,2026-07-16T12:00:40.804894+00:00,2026-07-16T12:00:40.993069+00:00
file_40c1bcbca1a695c9,asset_dd2743a4cd62c3af,D:\Projects\adb_vl\vision_platform\ads\hard_negative_mining\batch_visual_negative_20260714\crops\hn_000211.png,vision_platform\ads\hard_negative_mining\batch_visual_negative_20260714\crops\hn_000211.png,ads,candidate_crop,crop,crop,raw,negative,reviewed,,2026-07-16T12:00:50.336173+00:00,2026-07-16T12:00:50.477434+00:00
file_570ffcffef8ed608,asset_1eba96f00b8c8142,D:\Projects\adb_vl\vision_platform\ads\hard_negative_mining\batch_visual_negative_20260714\crops\hn_000212.png,vision_platform\ads\hard_negative_mining\batch_visual_negative_20260714\crops\hn_000212.png,ads,candidate_crop,crop,crop,raw,negative,reviewed,,2026-07-16T12:01:01.086254+00:00,2026-07-16T12:01:01.218167+00:00
file_c59219cd37841cc6,asset_b7069f8964fa8e36,D:\Projects\adb_vl\vision_platform\ads\hard_negative_mining\batch_visual_negative_20260714\crops\hn_000213.png,vision_platform\ads\hard_negative_mining\batch_visual_negative_20260714\crops\hn_000213.png,ads,candidate_crop,crop,crop,raw,negative,reviewed,,2026-07-16T12:01:03.534653+00:00,2026-07-16T12:01:03.672372+00:00
file_7e42dda63aabb699,asset_9c8b000bcd05e806,D:\Projects\adb_vl\vision_platform\ads\hard_negative_mining\batch_visual_negative_20260714\crops\hn_000214.png,vision_platform\ads\hard_negative_mining\batch_visual_negative_20260714\crops\hn_000214.png,ads,candidate_crop,crop,crop,raw,negative,reviewed,,2026-07-16T12:01:02.404812+00:00,2026-07-16T12:01:02.519490+00:00
file_2c02358a4f6e5e03,asset_4cb135c0b84a2d81,D:\Projects\adb_vl\vision_platform\ads\hard_negative_mining\batch_visual_negative_20260714\crops\hn_000215.png,vision_platform\ads\hard_negative_mining\batch_visual_negative_20260714\crops\hn_000215.png,ads,candidate_crop,crop,crop,raw,negative,reviewed,,2026-07-16T12:01:02.936467+00:00,2026-07-16T12:01:03.107786+00:00
file_e4021ff65828d7b0,asset_f57e20b0c9e3efcf,D:\Projects\adb_vl\vision_platform\ads\hard_negative_mining\batch_visual_negative_20260714\crops\hn_000216.png,vision_platform\ads\hard_negative_mining\batch_visual_negative_20260714\crops\hn_000216.png,ads,candidate_crop,crop,crop,raw,negative,reviewed,,2026-07-16T12:00:51.022322+00:00,2026-07-16T12:00:51.185981+00:00
file_36a1a776dd6b016b,asset_3eed03525f82ecc9,D:\Projects\adb_vl\vision_platform\ads\hard_negative_mining\batch_visual_negative_20260714\crops\hn_000217.png,vision_platform\ads\hard_negative_mining\batch_visual_negative_20260714\crops\hn_000217.png,ads,candidate_crop,crop,crop,raw,negative,reviewed,,2026-07-16T12:00:42.755429+00:00,2026-07-16T12:00:42.903460+00:00
file_63fdc0c543f423c2,asset_70813f3445672330,D:\Projects\adb_vl\vision_platform\ads\hard_negative_mining\batch_visual_negative_20260714\crops\hn_000218.png,vision_platform\ads\hard_negative_mining\batch_visual_negative_20260714\crops\hn_000218.png,ads,candidate_crop,crop,crop,raw,negative,reviewed,,2026-07-16T11:54:59.109426+00:00,2026-07-16T12:00:34.403391+00:00
file_99a20ea44f9287ab,asset_a2def49787a601f9,D:\Projects\adb_vl\vision_platform\ads\hard_negative_mining\batch_visual_negative_20260714\crops\hn_000219.png,vision_platform\ads\hard_negative_mining\batch_visual_negative_20260714\crops\hn_000219.png,ads,candidate_crop,crop,crop,raw,negative,reviewed,,2026-07-16T11:54:27.612463+00:00,2026-07-16T11:54:27.750885+00:00
file_7bc838a11788ffbd,asset_a1652a32dbef3365,D:\Projects\adb_vl\vision_platform\ads\hard_negative_mining\batch_visual_negative_20260714\crops\hn_000220.png,vision_platform\ads\hard_negative_mining\batch_visual_negative_20260714\crops\hn_000220.png,ads,candidate_crop,crop,crop,raw,negative,reviewed,,2026-07-16T12:00:38.651370+00:00,2026-07-16T12:00:38.814801+00:00
file_37b30e49e65a6ec5,asset_42af79d6f3977354,D:\Projects\adb_vl\vision_platform\ads\hard_negative_mining\batch_visual_negative_20260714\crops\hn_000221.png,vision_platform\ads\hard_negative_mining\batch_visual_negative_20260714\crops\hn_000221.png,ads,candidate_crop,crop,crop,raw,negative,reviewed,,2026-07-16T12:00:43.917649+00:00,2026-07-16T22:49:11.206857+00:00
file_bd8b6b69af036f26,asset_dc3dc837810a96ff,D:\Projects\adb_vl\vision_platform\ads\hard_negative_mining\batch_visual_negative_20260714\crops\hn_000222.png,vision_platform\ads\hard_negative_mining\batch_visual_negative_20260714\crops\hn_000222.png,ads,candidate_crop,crop,crop,raw,negative,reviewed,,2026-07-16T11:54:47.228020+00:00,2026-07-16T11:54:47.767210+00:00
file_2a8cba52f8f570b1,asset_799747195dbb5834,D:\Projects\adb_vl\vision_platform\ads\hard_negative_mining\batch_visual_negative_20260714\crops\hn_000223.png,vision_platform\ads\hard_negative_mining\batch_visual_negative_20260714\crops\hn_000223.png,ads,candidate_crop,crop,crop,raw,negative,reviewed,,2026-07-16T11:54:24.226946+00:00,2026-07-16T11:54:24.390246+00:00
file_15cb9fd3b7b16124,asset_35ac884fc325961e,D:\Projects\adb_vl\vision_platform\ads\hard_negative_mining\batch_visual_negative_20260714\crops\hn_000224.png,vision_platform\ads\hard_negative_mining\batch_visual_negative_20260714\crops\hn_000224.png,ads,candidate_crop,crop,crop,raw,negative,reviewed,,2026-07-16T12:00:41.038569+00:00,2026-07-16T12:00:41.144921+00:00
file_4b6094f1e32c9d36,asset_3eed03525f82ecc9,D:\Projects\adb_vl\vision_platform\ads\hard_negative_mining\batch_visual_negative_20260714\crops\hn_000225.png,vision_platform\ads\hard_negative_mining\batch_visual_negative_20260714\crops\hn_000225.png,ads,candidate_crop,crop,crop,raw,negative,reviewed,,2026-07-16T12:00:42.942978+00:00,2026-07-16T12:00:43.099185+00:00
file_e2ec8dee534e61c7,asset_70813f3445672330,D:\Projects\adb_vl\vision_platform\ads\hard_negative_mining\batch_visual_negative_20260714\crops\hn_000226.png,vision_platform\ads\hard_negative_mining\batch_visual_negative_20260714\crops\hn_000226.png,ads,candidate_crop,crop,crop,raw,negative,reviewed,,2026-07-16T12:00:34.444190+00:00,2026-07-16T12:00:35.115826+00:00
file_4889630d0397ecad,asset_a2def49787a601f9,D:\Projects\adb_vl\vision_platform\ads\hard_negative_mining\batch_visual_negative_20260714\crops\hn_000227.png,vision_platform\ads\hard_negative_mining\batch_visual_negative_20260714\crops\hn_000227.png,ads,candidate_crop,crop,crop,raw,negative,reviewed,,2026-07-16T11:54:27.792919+00:00,2026-07-16T11:54:27.955699+00:00
file_39dfbcfb03ba2fb0,asset_a1652a32dbef3365,D:\Projects\adb_vl\vision_platform\ads\hard_negative_mining\batch_visual_negative_20260714\crops\hn_000228.png,vision_platform\ads\hard_negative_mining\batch_visual_negative_20260714\crops\hn_000228.png,ads,candidate_crop,crop,crop,raw,negative,reviewed,,2026-07-16T12:00:38.863794+00:00,2026-07-16T12:00:38.998689+00:00
file_ae20fd14c3b78ed2,asset_42af79d6f3977354,D:\Projects\adb_vl\vision_platform\ads\hard_negative_mining\batch_visual_negative_20260714\crops\hn_000229.png,vision_platform\ads\hard_negative_mining\batch_visual_negative_20260714\crops\hn_000229.png,ads,candidate_crop,crop,crop,raw,negative,reviewed,,2026-07-16T12:00:44.069496+00:00,2026-07-16T22:49:11.394101+00:00
file_7cd0b77a206fa6c7,asset_dc3dc837810a96ff,D:\Projects\adb_vl\vision_platform\ads\hard_negative_mining\batch_visual_negative_20260714\crops\hn_000230.png,vision_platform\ads\hard_negative_mining\batch_visual_negative_20260714\crops\hn_000230.png,ads,candidate_crop,crop,crop,raw,negative,reviewed,,2026-07-16T11:54:47.809092+00:00,2026-07-16T11:54:48.278035+00:00
file_cb00cea635197e1f,asset_799747195dbb5834,D:\Projects\adb_vl\vision_platform\ads\hard_negative_mining\batch_visual_negative_20260714\crops\hn_000231.png,vision_platform\ads\hard_negative_mining\batch_visual_negative_20260714\crops\hn_000231.png,ads,candidate_crop,crop,crop,raw,negative,reviewed,,2026-07-16T11:54:24.432232+00:00,2026-07-16T11:54:24.562705+00:00
file_d3fa8550365f8fe4,asset_35ac884fc325961e,D:\Projects\adb_vl\vision_platform\ads\hard_negative_mining\batch_visual_negative_20260714\crops\hn_000232.png,vision_platform\ads\hard_negative_mining\batch_visual_negative_20260714\crops\hn_000232.png,ads,candidate_crop,crop,crop,raw,negative,reviewed,,2026-07-16T12:00:41.186845+00:00,2026-07-16T12:00:41.374707+00:00
file_e4281c012ef515dd,asset_2a0f570b2f00cb3d,D:\Projects\adb_vl\vision_platform\ads\hard_negative_mining\batch_visual_negative_20260714\crops\hn_000233.png,vision_platform\ads\hard_negative_mining\batch_visual_negative_20260714\crops\hn_000233.png,ads,candidate_crop,crop,crop,raw,negative,reviewed,,2026-07-16T11:54:02.239280+00:00,2026-07-16T11:54:03.188875+00:00
file_8c4907b15f97a471,asset_fbcc564523d58e3a,D:\Projects\adb_vl\vision_platform\ads\hard_negative_mining\batch_visual_negative_20260714\crops\hn_000234.png,vision_platform\ads\hard_negative_mining\batch_visual_negative_20260714\crops\hn_000234.png,ads,candidate_crop,crop,crop,raw,negative,reviewed,,2026-07-16T11:53:54.853807+00:00,2026-07-16T11:53:55.099162+00:00
file_9571d299368d849d,asset_f41984001785bb2e,D:\Projects\adb_vl\vision_platform\ads\hard_negative_mining\batch_visual_negative_20260714\crops\hn_000235.png,vision_platform\ads\hard_negative_mining\batch_visual_negative_20260714\crops\hn_000235.png,ads,candidate_crop,crop,crop,raw,negative,reviewed,,2026-07-16T11:54:03.609811+00:00,2026-07-16T11:54:03.773252+00:00
file_9cf757558f9e0af1,asset_9a379d2a900c1801,D:\Projects\adb_vl\vision_platform\ads\hard_negative_mining\batch_visual_negative_20260714\crops\hn_000236.png,vision_platform\ads\hard_negative_mining\batch_visual_negative_20260714\crops\hn_000236.png,ads,candidate_crop,crop,crop,raw,negative,reviewed,,2026-07-16T11:54:18.045726+00:00,2026-07-16T11:54:18.217017+00:00
file_25e7518c9fbdab74,asset_9a379d2a900c1801,D:\Projects\adb_vl\vision_platform\ads\hard_negative_mining\batch_visual_negative_20260714\crops\hn_000237.png,vision_platform\ads\hard_negative_mining\batch_visual_negative_20260714\crops\hn_000237.png,ads,candidate_crop,crop,crop,raw,negative,reviewed,,2026-07-16T11:54:18.258582+00:00,2026-07-16T11:54:18.423151+00:00
file_7c75055982a0cbdc,asset_b9a0d9fdf86fb0f3,D:\Projects\adb_vl\vision_platform\ads\hard_negative_mining\batch_visual_negative_20260714\crops\hn_000238.png,vision_platform\ads\hard_negative_mining\batch_visual_negative_20260714\crops\hn_000238.png,ads,candidate_crop,crop,crop,raw,negative,reviewed,,2026-07-16T11:53:13.030651+00:00,2026-07-16T11:53:13.199932+00:00
file_17749d389d2719e4,asset_33a77d82715fbedc,D:\Projects\adb_vl\vision_platform\ads\hard_negative_mining\batch_visual_negative_20260714\crops\hn_000239.png,vision_platform\ads\hard_negative_mining\batch_visual_negative_20260714\crops\hn_000239.png,ads,candidate_crop,crop,crop,raw,negative,reviewed,,2026-07-16T11:53:50.788461+00:00,2026-07-16T11:53:50.976709+00:00
file_2ecde3fe23f31891,asset_4b4254cab0997fc5,D:\Projects\adb_vl\vision_platform\ads\hard_negative_mining\batch_visual_negative_20260714\crops\hn_000240.png,vision_platform\ads\hard_negative_mining\batch_visual_negative_20260714\crops\hn_000240.png,ads,candidate_crop,crop,crop,raw,negative,reviewed,,2026-07-16T12:00:48.978392+00:00,2026-07-16T12:00:49.122239+00:00
file_514e2d28ad14648c,asset_624d00d50131b009,D:\Projects\adb_vl\vision_platform\ads\hard_negative_mining\batch_visual_negative_20260714\crops\hn_000241.png,vision_platform\ads\hard_negative_mining\batch_visual_negative_20260714\crops\hn_000241.png,ads,candidate_crop,crop,crop,raw,negative,reviewed,,2026-07-16T11:54:33.687466+00:00,2026-07-16T11:54:33.872232+00:00
file_90554c10a617dd43,asset_d64c31b4e165a289,D:\Projects\adb_vl\vision_platform\ads\hard_negative_mining\batch_visual_negative_20260714\crops\hn_000242.png,vision_platform\ads\hard_negative_mining\batch_visual_negative_20260714\crops\hn_000242.png,ads,candidate_crop,crop,crop,raw,negative,reviewed,,2026-07-16T11:53:47.758508+00:00,2026-07-16T11:53:48.023634+00:00
file_fb4425bbd2d07b96,asset_3f6859149ae19ee2,D:\Projects\adb_vl\vision_platform\ads\hard_negative_mining\batch_visual_negative_20260714\crops\hn_000243.png,vision_platform\ads\hard_negative_mining\batch_visual_negative_20260714\crops\hn_000243.png,ads,candidate_crop,crop,crop,raw,negative,reviewed,,2026-07-16T11:54:40.722071+00:00,2026-07-16T11:54:40.911586+00:00
file_cc7010bfe5c8ae5a,asset_e68604b0aa84e362,D:\Projects\adb_vl\vision_platform\ads\hard_negative_mining\batch_visual_negative_20260714\crops\hn_000244.png,vision_platform\ads\hard_negative_mining\batch_visual_negative_20260714\crops\hn_000244.png,ads,candidate_crop,crop,crop,raw,negative,reviewed,,2026-07-16T11:53:10.841196+00:00,2026-07-16T11:53:10.996577+00:00
file_20b9181688f766f5,asset_092b1e6a6323cd51,D:\Projects\adb_vl\vision_platform\ads\hard_negative_mining\batch_visual_negative_20260714\crops\hn_000245.png,vision_platform\ads\hard_negative_mining\batch_visual_negative_20260714\crops\hn_000245.png,ads,candidate_crop,crop,crop,raw,negative,reviewed,,2026-07-16T11:53:48.805460+00:00,2026-07-16T11:53:48.959301+00:00
file_40e524b703b5715d,asset_b9a0d9fdf86fb0f3,D:\Projects\adb_vl\vision_platform\ads\hard_negative_mining\batch_visual_negative_20260714\crops\hn_000246.png,vision_platform\ads\hard_negative_mining\batch_visual_negative_20260714\crops\hn_000246.png,ads,candidate_crop,crop,crop,raw,negative,reviewed,,2026-07-16T11:53:13.248885+00:00,2026-07-16T11:53:13.412425+00:00
file_b53a86ef89e6815d,asset_4e0cefcf1ece8cc8,D:\Projects\adb_vl\vision_platform\ads\hard_negative_mining\batch_visual_negative_20260714\crops\hn_000247.png,vision_platform\ads\hard_negative_mining\batch_visual_negative_20260714\crops\hn_000247.png,ads,candidate_crop,crop,crop,raw,negative,reviewed,,2026-07-16T11:53:05.417534+00:00,2026-07-16T11:53:05.689522+00:00
file_8f916714afacd431,asset_4b4254cab0997fc5,D:\Projects\adb_vl\vision_platform\ads\hard_negative_mining\batch_visual_negative_20260714\crops\hn_000248.png,vision_platform\ads\hard_negative_mining\batch_visual_negative_20260714\crops\hn_000248.png,ads,candidate_crop,crop,crop,raw,negative,reviewed,,2026-07-16T12:00:49.167031+00:00,2026-07-16T12:00:49.316339+00:00
file_19a9461f25c2941c,asset_624d00d50131b009,D:\Projects\adb_vl\vision_platform\ads\hard_negative_mining\batch_visual_negative_20260714\crops\hn_000249.png,vision_platform\ads\hard_negative_mining\batch_visual_negative_20260714\crops\hn_000249.png,ads,candidate_crop,crop,crop,raw,negative,reviewed,,2026-07-16T11:54:33.918462+00:00,2026-07-16T11:54:34.213409+00:00
file_d3a1ce23f7878e60,asset_d64c31b4e165a289,D:\Projects\adb_vl\vision_platform\ads\hard_negative_mining\batch_visual_negative_20260714\crops\hn_000250.png,vision_platform\ads\hard_negative_mining\batch_visual_negative_20260714\crops\hn_000250.png,ads,candidate_crop,crop,crop,raw,negative,reviewed,,2026-07-16T11:53:48.070365+00:00,2026-07-16T11:53:48.267507+00:00
file_4b1a3f275345124b,asset_3f6859149ae19ee2,D:\Projects\adb_vl\vision_platform\ads\hard_negative_mining\batch_visual_negative_20260714\crops\hn_000251.png,vision_platform\ads\hard_negative_mining\batch_visual_negative_20260714\crops\hn_000251.png,ads,candidate_crop,crop,crop,raw,negative,reviewed,,2026-07-16T11:54:40.948392+00:00,2026-07-16T11:54:41.120451+00:00
file_ca708631cd1a1fe3,asset_e68604b0aa84e362,D:\Projects\adb_vl\vision_platform\ads\hard_negative_mining\batch_visual_negative_20260714\crops\hn_000252.png,vision_platform\ads\hard_negative_mining\batch_visual_negative_20260714\crops\hn_000252.png,ads,candidate_crop,crop,crop,raw,negative,reviewed,,2026-07-16T11:53:11.037179+00:00,2026-07-16T11:53:11.334576+00:00
file_2572f965c7a79d8e,asset_092b1e6a6323cd51,D:\Projects\adb_vl\vision_platform\ads\hard_negative_mining\batch_visual_negative_20260714\crops\hn_000253.png,vision_platform\ads\hard_negative_mining\batch_visual_negative_20260714\crops\hn_000253.png,ads,candidate_crop,crop,crop,raw,negative,reviewed,,2026-07-16T11:53:49.001803+00:00,2026-07-16T11:53:49.189345+00:00
file_a29a7aa97d65b9ea,asset_b9a0d9fdf86fb0f3,D:\Projects\adb_vl\vision_platform\ads\hard_negative_mining\batch_visual_negative_20260714\crops\hn_000254.png,vision_platform\ads\hard_negative_mining\batch_visual_negative_20260714\crops\hn_000254.png,ads,candidate_crop,crop,crop,raw,negative,reviewed,,2026-07-16T11:53:13.459347+00:00,2026-07-16T11:53:13.622616+00:00
file_d00b620936310524,asset_4e0cefcf1ece8cc8,D:\Projects\adb_vl\vision_platform\ads\hard_negative_mining\batch_visual_negative_20260714\crops\hn_000255.png,vision_platform\ads\hard_negative_mining\batch_visual_negative_20260714\crops\hn_000255.png,ads,candidate_crop,crop,crop,raw,negative,reviewed,,2026-07-16T11:53:05.738613+00:00,2026-07-16T11:53:06.328524+00:00
file_e897343a0b28823c,asset_4b4254cab0997fc5,D:\Projects\adb_vl\vision_platform\ads\hard_negative_mining\batch_visual_negative_20260714\crops\hn_000256.png,vision_platform\ads\hard_negative_mining\batch_visual_negative_20260714\crops\hn_000256.png,ads,candidate_crop,crop,crop,raw,negative,reviewed,,2026-07-16T12:00:49.355017+00:00,2026-07-16T12:00:49.495520+00:00
file_ace56457f134bf4a,asset_a527cf4aa3fa1661,D:\Projects\adb_vl\vision_platform\ads\hard_negative_mining\batch_visual_negative_20260714\crops\hn_000257.png,vision_platform\ads\hard_negative_mining\batch_visual_negative_20260714\crops\hn_000257.png,ads,candidate_crop,crop,crop,raw,negative,reviewed,,2026-07-16T11:54:32.699462+00:00,2026-07-16T11:54:33.087427+00:00
file_fa5f36ef899d722e,asset_d64c31b4e165a289,D:\Projects\adb_vl\vision_platform\ads\hard_negative_mining\batch_visual_negative_20260714\crops\hn_000258.png,vision_platform\ads\hard_negative_mining\batch_visual_negative_20260714\crops\hn_000258.png,ads,candidate_crop,crop,crop,raw,negative,reviewed,,2026-07-16T11:53:48.307156+00:00,2026-07-16T11:53:48.537020+00:00
file_bc200ef398fc787f,asset_3f6859149ae19ee2,D:\Projects\adb_vl\vision_platform\ads\hard_negative_mining\batch_visual_negative_20260714\crops\hn_000259.png,vision_platform\ads\hard_negative_mining\batch_visual_negative_20260714\crops\hn_000259.png,ads,candidate_crop,crop,crop,raw,negative,reviewed,,2026-07-16T11:54:41.169424+00:00,2026-07-16T11:54:41.341049+00:00
file_f6b4bc989a7b7284,asset_479218a9a6c55280,D:\Projects\adb_vl\vision_platform\ads\hard_negative_mining\batch_visual_negative_20260714\crops\hn_000260.png,vision_platform\ads\hard_negative_mining\batch_visual_negative_20260714\crops\hn_000260.png,ads,candidate_crop,crop,crop,raw,negative,reviewed,,2026-07-16T11:53:11.383766+00:00,2026-07-16T11:53:11.490655+00:00
file_a8e07d190544e5e4,asset_092b1e6a6323cd51,D:\Projects\adb_vl\vision_platform\ads\hard_negative_mining\batch_visual_negative_20260714\crops\hn_000261.png,vision_platform\ads\hard_negative_mining\batch_visual_negative_20260714\crops\hn_000261.png,ads,candidate_crop,crop,crop,raw,negative,reviewed,,2026-07-16T11:53:49.229519+00:00,2026-07-16T11:53:49.418839+00:00
file_a21df86bc1da6101,asset_b9a0d9fdf86fb0f3,D:\Projects\adb_vl\vision_platform\ads\hard_negative_mining\batch_visual_negative_20260714\crops\hn_000262.png,vision_platform\ads\hard_negative_mining\batch_visual_negative_20260714\crops\hn_000262.png,ads,candidate_crop,crop,crop,raw,negative,reviewed,,2026-07-16T11:53:13.663595+00:00,2026-07-16T11:53:13.852281+00:00
file_29513f0fde9b44ec,asset_4e0cefcf1ece8cc8,D:\Projects\adb_vl\vision_platform\ads\hard_negative_mining\batch_visual_negative_20260714\crops\hn_000263.png,vision_platform\ads\hard_negative_mining\batch_visual_negative_20260714\crops\hn_000263.png,ads,candidate_crop,crop,crop,raw,negative,reviewed,,2026-07-16T11:53:06.369335+00:00,2026-07-16T11:53:06.533882+00:00
file_b33c04a1e88d29fc,asset_4b4254cab0997fc5,D:\Projects\adb_vl\vision_platform\ads\hard_negative_mining\batch_visual_negative_20260714\crops\hn_000264.png,vision_platform\ads\hard_negative_mining\batch_visual_negative_20260714\crops\hn_000264.png,ads,candidate_crop,crop,crop,raw,negative,reviewed,,2026-07-16T12:00:49.534710+00:00,2026-07-16T12:00:50.008574+00:00
file_94e53b4d61a36129,asset_a527cf4aa3fa1661,D:\Projects\adb_vl\vision_platform\ads\hard_negative_mining\batch_visual_negative_20260714\crops\hn_000265.png,vision_platform\ads\hard_negative_mining\batch_visual_negative_20260714\crops\hn_000265.png,ads,candidate_crop,crop,crop,raw,negative,reviewed,,2026-07-16T11:54:33.144485+00:00,2026-07-16T11:54:33.646910+00:00
file_685ac4b82a4c1664,asset_d64c31b4e165a289,D:\Projects\adb_vl\vision_platform\ads\hard_negative_mining\batch_visual_negative_20260714\crops\hn_000266.png,vision_platform\ads\hard_negative_mining\batch_visual_negative_20260714\crops\hn_000266.png,ads,candidate_crop,crop,crop,raw,negative,reviewed,,2026-07-16T11:53:48.577519+00:00,2026-07-16T11:53:48.764418+00:00
file_87d85cb8e6e468a8,asset_3f6859149ae19ee2,D:\Projects\adb_vl\vision_platform\ads\hard_negative_mining\batch_visual_negative_20260714\crops\hn_000267.png,vision_platform\ads\hard_negative_mining\batch_visual_negative_20260714\crops\hn_000267.png,ads,candidate_crop,crop,crop,raw,negative,reviewed,,2026-07-16T11:54:41.382052+00:00,2026-07-16T11:54:41.553358+00:00
file_3ecb27f3c60e1580,asset_479218a9a6c55280,D:\Projects\adb_vl\vision_platform\ads\hard_negative_mining\batch_visual_negative_20260714\crops\hn_000268.png,vision_platform\ads\hard_negative_mining\batch_visual_negative_20260714\crops\hn_000268.png,ads,candidate_crop,crop,crop,raw,negative,reviewed,,2026-07-16T11:53:11.539436+00:00,2026-07-16T11:53:11.654471+00:00
file_1d62fae1bf8a5879,asset_092b1e6a6323cd51,D:\Projects\adb_vl\vision_platform\ads\hard_negative_mining\batch_visual_negative_20260714\crops\hn_000269.png,vision_platform\ads\hard_negative_mining\batch_visual_negative_20260714\crops\hn_000269.png,ads,candidate_crop,crop,crop,raw,negative,reviewed,,2026-07-16T11:53:49.459384+00:00,2026-07-16T11:53:49.606806+00:00
file_52dd77aa6a4fb144,asset_65975859fc58a188,D:\Projects\adb_vl\vision_platform\ads\hard_negative_mining\batch_visual_negative_20260714\crops\hn_000270.png,vision_platform\ads\hard_negative_mining\batch_visual_negative_20260714\crops\hn_000270.png,ads,candidate_crop,crop,crop,raw,negative,reviewed,,2026-07-16T11:53:53.632534+00:00,2026-07-16T11:53:54.572262+00:00
file_fc5aec71430aa03c,asset_a9d96fef2d6ec515,D:\Projects\adb_vl\vision_platform\ads\hard_negative_mining\batch_visual_negative_20260714\crops\hn_000271.png,vision_platform\ads\hard_negative_mining\batch_visual_negative_20260714\crops\hn_000271.png,ads,candidate_crop,crop,crop,raw,negative,reviewed,,2026-07-16T11:51:48.598587+00:00,2026-07-16T11:51:48.767742+00:00
file_ffcb1a39d5287189,asset_98ee59d34bec3e01,D:\Projects\adb_vl\vision_platform\ads\hard_negative_mining\batch_visual_negative_20260714\crops\hn_000272.png,vision_platform\ads\hard_negative_mining\batch_visual_negative_20260714\crops\hn_000272.png,ads,candidate_crop,crop,crop,raw,negative,reviewed,,2026-07-16T11:53:13.901894+00:00,2026-07-16T11:53:14.041076+00:00
file_da4d433b941e83c2,asset_3a70a38f501424ae,D:\Projects\adb_vl\vision_platform\ads\hard_negative_mining\batch_visual_negative_20260714\crops\hn_000273.png,vision_platform\ads\hard_negative_mining\batch_visual_negative_20260714\crops\hn_000273.png,ads,candidate_crop,crop,crop,raw,negative,reviewed,,2026-07-16T11:51:35.117127+00:00,2026-07-16T11:51:35.256292+00:00
file_1e78acf3c19943d7,asset_955d0a5838b50e44,D:\Projects\adb_vl\vision_platform\ads\hard_negative_mining\batch_visual_negative_20260714\crops\hn_000274.png,vision_platform\ads\hard_negative_mining\batch_visual_negative_20260714\crops\hn_000274.png,ads,candidate_crop,crop,crop,raw,negative,reviewed,,2026-07-16T11:51:34.210564+00:00,2026-07-16T11:51:34.366558+00:00
file_c44991840af9fc81,asset_65975859fc58a188,D:\Projects\adb_vl\vision_platform\ads\hard_negative_mining\batch_visual_negative_20260714\crops\hn_000275.png,vision_platform\ads\hard_negative_mining\batch_visual_negative_20260714\crops\hn_000275.png,ads,candidate_crop,crop,crop,raw,negative,reviewed,,2026-07-16T11:53:54.613501+00:00,2026-07-16T11:53:54.801423+00:00
file_da3c1dcb0222d871,asset_a9d96fef2d6ec515,D:\Projects\adb_vl\vision_platform\ads\hard_negative_mining\batch_visual_negative_20260714\crops\hn_000276.png,vision_platform\ads\hard_negative_mining\batch_visual_negative_20260714\crops\hn_000276.png,ads,candidate_crop,crop,crop,raw,negative,reviewed,,2026-07-16T11:51:48.809281+00:00,2026-07-16T11:51:48.990516+00:00
file_14898c73c98be21a,asset_98ee59d34bec3e01,D:\Projects\adb_vl\vision_platform\ads\hard_negative_mining\batch_visual_negative_20260714\crops\hn_000277.png,vision_platform\ads\hard_negative_mining\batch_visual_negative_20260714\crops\hn_000277.png,ads,candidate_crop,crop,crop,raw,negative,reviewed,,2026-07-16T11:53:14.082701+00:00,2026-07-16T11:53:14.262251+00:00
file_9b57e29b0445b9f0,asset_3a70a38f501424ae,D:\Projects\adb_vl\vision_platform\ads\hard_negative_mining\batch_visual_negative_20260714\crops\hn_000278.png,vision_platform\ads\hard_negative_mining\batch_visual_negative_20260714\crops\hn_000278.png,ads,candidate_crop,crop,crop,raw,negative,reviewed,,2026-07-16T11:51:35.297274+00:00,2026-07-16T11:51:42.676426+00:00
file_0fc3ab379204bc7f,asset_955d0a5838b50e44,D:\Projects\adb_vl\vision_platform\ads\hard_negative_mining\batch_visual_negative_20260714\crops\hn_000279.png,vision_platform\ads\hard_negative_mining\batch_visual_negative_20260714\crops\hn_000279.png,ads,candidate_crop,crop,crop,raw,negative,reviewed,,2026-07-16T11:51:34.405273+00:00,2026-07-16T11:51:34.560517+00:00
file_121dbf42304146d6,asset_645fc598baa74b13,D:\Projects\adb_vl\vision_platform\ads\hard_negative_mining\batch_visual_negative_20260714\crops\hn_000280.png,vision_platform\ads\hard_negative_mining\batch_visual_negative_20260714\crops\hn_000280.png,ads,candidate_crop,crop,crop,raw,negative,reviewed,,2026-07-16T11:51:49.031096+00:00,2026-07-16T11:51:49.166492+00:00
file_43643f13f528a6d4,asset_98ee59d34bec3e01,D:\Projects\adb_vl\vision_platform\ads\hard_negative_mining\batch_visual_negative_20260714\crops\hn_000281.png,vision_platform\ads\hard_negative_mining\batch_visual_negative_20260714\crops\hn_000281.png,ads,candidate_crop,crop,crop,raw,negative,reviewed,,2026-07-16T11:53:14.303330+00:00,2026-07-16T11:53:34.952851+00:00
file_c7f6049ee26e0913,asset_6d7210ba44990ec1,D:\Projects\adb_vl\vision_platform\ads\hard_negative_mining\batch_visual_negative_20260714\crops\hn_000282.png,vision_platform\ads\hard_negative_mining\batch_visual_negative_20260714\crops\hn_000282.png,ads,candidate_crop,crop,crop,raw,negative,reviewed,,2026-07-16T11:51:42.717876+00:00,2026-07-16T11:51:42.937277+00:00
file_19e71da0176b2a2b,asset_d29651a7cc984daa,D:\Projects\adb_vl\vision_platform\ads\hard_negative_mining\batch_visual_negative_20260714\crops\hn_000283.png,vision_platform\ads\hard_negative_mining\batch_visual_negative_20260714\crops\hn_000283.png,ads,candidate_crop,crop,crop,raw,negative,reviewed,,2026-07-16T11:51:34.600809+00:00,2026-07-16T11:51:34.732445+00:00
file_f1141de47ce99b42,asset_a9b476d44194e237,D:\Projects\adb_vl\vision_platform\ads\hard_negative_mining\batch_visual_negative_20260714\crops\hn_000284.png,vision_platform\ads\hard_negative_mining\batch_visual_negative_20260714\crops\hn_000284.png,ads,candidate_crop,crop,crop,raw,negative,reviewed,,2026-07-16T11:51:32.765308+00:00,2026-07-16T11:51:32.879721+00:00
file_8818ecd5ac6f5f18,asset_40388cbeda722631,D:\Projects\adb_vl\vision_platform\ads\hard_negative_mining\batch_visual_negative_20260714\crops\hn_000285.png,vision_platform\ads\hard_negative_mining\batch_visual_negative_20260714\crops\hn_000285.png,ads,candidate_crop,crop,crop,raw,negative,reviewed,,2026-07-16T11:51:49.199205+00:00,2026-07-16T11:51:49.361686+00:00
file_5482a1f721713907,asset_a9b476d44194e237,D:\Projects\adb_vl\vision_platform\ads\hard_negative_mining\batch_visual_negative_20260714\crops\hn_000286.png,vision_platform\ads\hard_negative_mining\batch_visual_negative_20260714\crops\hn_000286.png,ads,candidate_crop,crop,crop,raw,negative,reviewed,,2026-07-16T11:51:32.937265+00:00,2026-07-16T11:51:33.678638+00:00
file_7f06fb45d47553d8,asset_40388cbeda722631,D:\Projects\adb_vl\vision_platform\ads\hard_negative_mining\batch_visual_negative_20260714\crops\hn_000287.png,vision_platform\ads\hard_negative_mining\batch_visual_negative_20260714\crops\hn_000287.png,ads,candidate_crop,crop,crop,raw,negative,reviewed,,2026-07-16T11:51:49.403573+00:00,2026-07-16T11:51:49.559374+00:00
file_96d167cbef64b580,asset_a9b476d44194e237,D:\Projects\adb_vl\vision_platform\ads\hard_negative_mining\batch_visual_negative_20260714\crops\hn_000288.png,vision_platform\ads\hard_negative_mining\batch_visual_negative_20260714\crops\hn_000288.png,ads,candidate_crop,crop,crop,raw,negative,reviewed,,2026-07-16T11:51:33.710985+00:00,2026-07-16T11:51:42.392772+00:00
file_ce88567c4d3d712e,asset_42bcf57ba667185d,D:\Projects\adb_vl\vision_platform\ads\hard_negative_mining\batch_visual_negative_20260714\crops\hn_000289.png,vision_platform\ads\hard_negative_mining\batch_visual_negative_20260714\crops\hn_000289.png,ads,candidate_crop,crop,crop,raw,negative,reviewed,,2026-07-16T11:52:54.361224+00:00,2026-07-16T11:52:54.675423+00:00
file_c5e364b48f51f902,asset_4de72edb8b93dbe3,D:\Projects\adb_vl\vision_platform\ads\hard_negative_mining\batch_visual_negative_20260714\crops\hn_000290.png,vision_platform\ads\hard_negative_mining\batch_visual_negative_20260714\crops\hn_000290.png,ads,candidate_crop,crop,crop,raw,negative,reviewed,,2026-07-16T11:51:24.600362+00:00,2026-07-16T11:51:24.714075+00:00
file_cc7cfd7a79d66b2b,asset_1b07d33b8110e6a8,D:\Projects\adb_vl\vision_platform\ads\hard_negative_mining\batch_visual_negative_20260714\crops\hn_000291.png,vision_platform\ads\hard_negative_mining\batch_visual_negative_20260714\crops\hn_000291.png,ads,candidate_crop,crop,crop,raw,negative,reviewed,,2026-07-16T11:51:32.036100+00:00,2026-07-16T11:51:32.166918+00:00
file_6ac09f0896d934dc,asset_42bcf57ba667185d,D:\Projects\adb_vl\vision_platform\ads\hard_negative_mining\batch_visual_negative_20260714\crops\hn_000292.png,vision_platform\ads\hard_negative_mining\batch_visual_negative_20260714\crops\hn_000292.png,ads,candidate_crop,crop,crop,raw,negative,reviewed,,2026-07-16T11:52:54.732718+00:00,2026-07-16T11:52:55.336714+00:00
file_09c6954d9c752647,asset_4de72edb8b93dbe3,D:\Projects\adb_vl\vision_platform\ads\hard_negative_mining\batch_visual_negative_20260714\crops\hn_000293.png,vision_platform\ads\hard_negative_mining\batch_visual_negative_20260714\crops\hn_000293.png,ads,candidate_crop,crop,crop,raw,negative,reviewed,,2026-07-16T11:51:24.764043+00:00,2026-07-16T11:51:24.876982+00:00
file_9522839fd4e95c44,asset_1b07d33b8110e6a8,D:\Projects\adb_vl\vision_platform\ads\hard_negative_mining\batch_visual_negative_20260714\crops\hn_000294.png,vision_platform\ads\hard_negative_mining\batch_visual_negative_20260714\crops\hn_000294.png,ads,candidate_crop,crop,crop,raw,negative,reviewed,,2026-07-16T11:51:32.208081+00:00,2026-07-16T11:51:32.379873+00:00
file_d24922487b21a99d,asset_42bcf57ba667185d,D:\Projects\adb_vl\vision_platform\ads\hard_negative_mining\batch_visual_negative_20260714\crops\hn_000295.png,vision_platform\ads\hard_negative_mining\batch_visual_negative_20260714\crops\hn_000295.png,ads,candidate_crop,crop,crop,raw,negative,reviewed,,2026-07-16T11:52:55.379089+00:00,2026-07-16T11:52:55.672974+00:00
file_c94bfc1ebe5a288a,asset_4de72edb8b93dbe3,D:\Projects\adb_vl\vision_platform\ads\hard_negative_mining\batch_visual_negative_20260714\crops\hn_000296.png,vision_platform\ads\hard_negative_mining\batch_visual_negative_20260714\crops\hn_000296.png,ads,candidate_crop,crop,crop,raw,negative,reviewed,,2026-07-16T11:51:24.918971+00:00,2026-07-16T11:51:25.189303+00:00
file_75c0d405ba45a9bf,asset_1b07d33b8110e6a8,D:\Projects\adb_vl\vision_platform\ads\hard_negative_mining\batch_visual_negative_20260714\crops\hn_000297.png,vision_platform\ads\hard_negative_mining\batch_visual_negative_20260714\crops\hn_000297.png,ads,candidate_crop,crop,crop,raw,negative,reviewed,,2026-07-16T11:51:32.428585+00:00,2026-07-16T11:51:32.551534+00:00
file_9cd4e22991a9d403,asset_42bcf57ba667185d,D:\Projects\adb_vl\vision_platform\ads\hard_negative_mining\batch_visual_negative_20260714\crops\hn_000298.png,vision_platform\ads\hard_negative_mining\batch_visual_negative_20260714\crops\hn_000298.png,ads,candidate_crop,crop,crop,raw,negative,reviewed,,2026-07-16T11:52:55.714091+00:00,2026-07-16T11:52:56.221057+00:00
file_77e98e430a0b3935,asset_4de72edb8b93dbe3,D:\Projects\adb_vl\vision_platform\ads\hard_negative_mining\batch_visual_negative_20260714\crops\hn_000299.png,vision_platform\ads\hard_negative_mining\batch_visual_negative_20260714\crops\hn_000299.png,ads,candidate_crop,crop,crop,raw,negative,reviewed,,2026-07-16T11:51:25.229823+00:00,2026-07-16T11:51:25.343776+00:00
file_3430db5a0949f456,asset_1b07d33b8110e6a8,D:\Projects\adb_vl\vision_platform\ads\hard_negative_mining\batch_visual_negative_20260714\crops\hn_000300.png,vision_platform\ads\hard_negative_mining\batch_visual_negative_20260714\crops\hn_000300.png,ads,candidate_crop,crop,crop,raw,negative,reviewed,,2026-07-16T11:51:32.601539+00:00,2026-07-16T11:51:32.724084+00:00
file_2b16a0fd0a225134,asset_8580e7b49b6e771d,D:\Projects\adb_vl\vision_platform\ads\hard_negative_mining\batch_visual_negative_20260714\crops\hn_000301.png,vision_platform\ads\hard_negative_mining\batch_visual_negative_20260714\crops\hn_000301.png,ads,candidate_crop,crop,crop,raw,negative,reviewed,,2026-07-16T11:54:17.554343+00:00,2026-07-16T11:54:17.729093+00:00
file_40370224697fe438,asset_f1cb4d65508dd864,D:\Projects\adb_vl\vision_platform\ads\hard_negative_mining\batch_visual_negative_20260714\crops\hn_000302.png,vision_platform\ads\hard_negative_mining\batch_visual_negative_20260714\crops\hn_000302.png,ads,candidate_crop,crop,crop,raw,negative,reviewed,,2026-07-16T12:00:39.992555+00:00,2026-07-16T12:00:40.163864+00:00
file_f9e7077be354e25a,asset_8580e7b49b6e771d,D:\Projects\adb_vl\vision_platform\ads\hard_negative_mining\batch_visual_negative_20260714\crops\hn_000303.png,vision_platform\ads\hard_negative_mining\batch_visual_negative_20260714\crops\hn_000303.png,ads,candidate_crop,crop,crop,raw,negative,reviewed,,2026-07-16T11:54:17.762730+00:00,2026-07-16T11:54:18.000024+00:00
file_da3814be67290755,asset_f1cb4d65508dd864,D:\Projects\adb_vl\vision_platform\ads\hard_negative_mining\batch_visual_negative_20260714\crops\hn_000304.png,vision_platform\ads\hard_negative_mining\batch_visual_negative_20260714\crops\hn_000304.png,ads,candidate_crop,crop,crop,raw,negative,reviewed,,2026-07-16T12:00:40.205354+00:00,2026-07-16T12:00:40.416857+00:00
file_eee3fc82eb1d6848,asset_43cdb0a366cb2109,D:\Projects\adb_vl\vision_platform\ads\hard_negative_mining\batch_visual_negative_20260714\crops\hn_000305.png,vision_platform\ads\hard_negative_mining\batch_visual_negative_20260714\crops\hn_000305.png,ads,candidate_crop,crop,crop,raw,negative,reviewed,,2026-07-16T11:51:42.979446+00:00,2026-07-16T11:51:43.298558+00:00
file_b0b3fd4045496077,asset_b12a5682aa09c91e,D:\Projects\adb_vl\vision_platform\ads\hard_negative_mining\batch_visual_negative_20260714\crops\hn_000306.png,vision_platform\ads\hard_negative_mining\batch_visual_negative_20260714\crops\hn_000306.png,ads,candidate_crop,crop,crop,raw,negative,reviewed,,2026-07-16T11:51:27.905287+00:00,2026-07-16T11:51:28.035047+00:00
file_2b0bcc34173eed9b,asset_8c262e1166404354,D:\Projects\adb_vl\vision_platform\ads\hard_negative_mining\batch_visual_negative_20260714\crops\hn_000307.png,vision_platform\ads\hard_negative_mining\batch_visual_negative_20260714\crops\hn_000307.png,ads,candidate_crop,crop,crop,raw,negative,reviewed,,2026-07-16T11:51:31.867882+00:00,2026-07-16T11:51:31.995006+00:00
file_d19c1ae5042e913b,asset_cc04ebf72c4073f4,D:\Projects\adb_vl\vision_platform\ads\hard_negative_mining\batch_visual_negative_20260714\crops\hn_000308.png,vision_platform\ads\hard_negative_mining\batch_visual_negative_20260714\crops\hn_000308.png,ads,candidate_crop,crop,crop,raw,negative,reviewed,,2026-07-16T11:54:36.182072+00:00,2026-07-16T22:48:55.442109+00:00
file_8e7f52c8f7d8ace0,asset_a90bf6e8c30e3f01,D:\Projects\adb_vl\vision_platform\ads\hard_negative_mining\batch_visual_negative_20260714\crops\hn_000309.png,vision_platform\ads\hard_negative_mining\batch_visual_negative_20260714\crops\hn_000309.png,ads,candidate_crop,crop,crop,raw,negative,reviewed,,2026-07-16T12:00:39.046869+00:00,2026-07-16T12:00:39.419564+00:00
file_42048ec848b1a262,asset_a2def49787a601f9,D:\Projects\adb_vl\vision_platform\ads\hard_negative_mining\batch_visual_negative_20260714\crops\hn_000310.png,vision_platform\ads\hard_negative_mining\batch_visual_negative_20260714\crops\hn_000310.png,ads,candidate_crop,crop,crop,raw,negative,reviewed,,2026-07-16T11:54:27.997222+00:00,2026-07-16T11:54:28.151071+00:00
file_ba75b3f37d2efca7,asset_4b068622ed61adf2,D:\Projects\adb_vl\vision_platform\ads\hard_negative_mining\batch_visual_negative_20260714\crops\hn_000311.png,vision_platform\ads\hard_negative_mining\batch_visual_negative_20260714\crops\hn_000311.png,ads,candidate_crop,crop,crop,raw,negative,reviewed,,2026-07-16T12:00:47.301927+00:00,2026-07-16T12:00:47.449610+00:00
file_290380b8dd3659ab,asset_42af79d6f3977354,D:\Projects\adb_vl\vision_platform\ads\hard_negative_mining\batch_visual_negative_20260714\crops\hn_000312.png,vision_platform\ads\hard_negative_mining\batch_visual_negative_20260714\crops\hn_000312.png,ads,candidate_crop,crop,crop,raw,negative,reviewed,,2026-07-16T12:00:44.298650+00:00,2026-07-16T22:49:11.549996+00:00
file_5188e12767990e92,asset_2fb49c996019a16e,D:\Projects\adb_vl\vision_platform\ads\hard_negative_mining\batch_visual_negative_20260714\crops\hn_000313.png,vision_platform\ads\hard_negative_mining\batch_visual_negative_20260714\crops\hn_000313.png,ads,candidate_crop,crop,crop,raw,negative,reviewed,,2026-07-16T11:54:48.318984+00:00,2026-07-16T22:49:07.749476+00:00
file_c02b5dd3ee28e6bc,asset_03f12eaabb1d5d91,D:\Projects\adb_vl\vision_platform\ads\hard_negative_mining\batch_visual_negative_20260714\crops\hn_000314.png,vision_platform\ads\hard_negative_mining\batch_visual_negative_20260714\crops\hn_000314.png,ads,candidate_crop,crop,crop,raw,negative,reviewed,,2026-07-16T11:54:24.612185+00:00,2026-07-16T11:54:24.946532+00:00
file_9d37ff9d74a486c1,asset_cc04ebf72c4073f4,D:\Projects\adb_vl\vision_platform\ads\hard_negative_mining\batch_visual_negative_20260714\crops\hn_000315.png,vision_platform\ads\hard_negative_mining\batch_visual_negative_20260714\crops\hn_000315.png,ads,candidate_crop,crop,crop,raw,negative,reviewed,,2026-07-16T11:54:36.385733+00:00,2026-07-16T22:48:55.949805+00:00
file_ce61e804b5433bad,asset_a90bf6e8c30e3f01,D:\Projects\adb_vl\vision_platform\ads\hard_negative_mining\batch_visual_negative_20260714\crops\hn_000316.png,vision_platform\ads\hard_negative_mining\batch_visual_negative_20260714\crops\hn_000316.png,ads,candidate_crop,crop,crop,raw,negative,reviewed,,2026-07-16T12:00:39.461107+00:00,2026-07-16T12:00:39.583202+00:00
file_4f62c0a24236e839,asset_a2def49787a601f9,D:\Projects\adb_vl\vision_platform\ads\hard_negative_mining\batch_visual_negative_20260714\crops\hn_000317.png,vision_platform\ads\hard_negative_mining\batch_visual_negative_20260714\crops\hn_000317.png,ads,candidate_crop,crop,crop,raw,negative,reviewed,,2026-07-16T11:54:28.191977+00:00,2026-07-16T11:54:28.315069+00:00
file_f0c6e47b17f299af,asset_4b068622ed61adf2,D:\Projects\adb_vl\vision_platform\ads\hard_negative_mining\batch_visual_negative_20260714\crops\hn_000318.png,vision_platform\ads\hard_negative_mining\batch_visual_negative_20260714\crops\hn_000318.png,ads,candidate_crop,crop,crop,raw,negative,reviewed,,2026-07-16T12:00:47.490306+00:00,2026-07-16T12:00:47.630012+00:00
file_9215811702b5bf4e,asset_42af79d6f3977354,D:\Projects\adb_vl\vision_platform\ads\hard_negative_mining\batch_visual_negative_20260714\crops\hn_000319.png,vision_platform\ads\hard_negative_mining\batch_visual_negative_20260714\crops\hn_000319.png,ads,candidate_crop,crop,crop,raw,negative,reviewed,,2026-07-16T12:00:44.752719+00:00,2026-07-16T22:49:11.697158+00:00
file_4132ab7be97bcab6,asset_2fb49c996019a16e,D:\Projects\adb_vl\vision_platform\ads\hard_negative_mining\batch_visual_negative_20260714\crops\hn_000320.png,vision_platform\ads\hard_negative_mining\batch_visual_negative_20260714\crops\hn_000320.png,ads,candidate_crop,crop,crop,raw,negative,reviewed,,2026-07-16T11:54:48.801187+00:00,2026-07-16T22:49:08.248038+00:00
file_a039d795385464cd,asset_03f12eaabb1d5d91,D:\Projects\adb_vl\vision_platform\ads\hard_negative_mining\batch_visual_negative_20260714\crops\hn_000321.png,vision_platform\ads\hard_negative_mining\batch_visual_negative_20260714\crops\hn_000321.png,ads,candidate_crop,crop,crop,raw,negative,reviewed,,2026-07-16T11:54:24.987043+00:00,2026-07-16T11:54:25.225762+00:00
file_a2f05c715f944360,asset_cd4feeeba2a6e045,D:\Projects\adb_vl\vision_platform\ads\hard_negative_mining\batch_visual_negative_20260714\crops\hn_000322.png,vision_platform\ads\hard_negative_mining\batch_visual_negative_20260714\crops\hn_000322.png,ads,candidate_crop,crop,crop,raw,negative,reviewed,,2026-07-16T11:54:57.538535+00:00,2026-07-16T11:54:58.332665+00:00
file_0a806ecf64a8466a,asset_a2def49787a601f9,D:\Projects\adb_vl\vision_platform\ads\hard_negative_mining\batch_visual_negative_20260714\crops\hn_000323.png,vision_platform\ads\hard_negative_mining\batch_visual_negative_20260714\crops\hn_000323.png,ads,candidate_crop,crop,crop,raw,negative,reviewed,,2026-07-16T11:54:28.355119+00:00,2026-07-16T11:54:28.518559+00:00
file_6b3433b6719e3cf2,asset_4b068622ed61adf2,D:\Projects\adb_vl\vision_platform\ads\hard_negative_mining\batch_visual_negative_20260714\crops\hn_000324.png,vision_platform\ads\hard_negative_mining\batch_visual_negative_20260714\crops\hn_000324.png,ads,candidate_crop,crop,crop,raw,negative,reviewed,,2026-07-16T12:00:47.736338+00:00,2026-07-16T12:00:47.851437+00:00
file_5cb230a2c08bfbaa,asset_42af79d6f3977354,D:\Projects\adb_vl\vision_platform\ads\hard_negative_mining\batch_visual_negative_20260714\crops\hn_000325.png,vision_platform\ads\hard_negative_mining\batch_visual_negative_20260714\crops\hn_000325.png,ads,candidate_crop,crop,crop,raw,negative,reviewed,,2026-07-16T12:00:45.579293+00:00,2026-07-16T22:49:11.835729+00:00
file_404ea00f75b23ecf,asset_597e4fc09ad77f6a,D:\Projects\adb_vl\vision_platform\ads\hard_negative_mining\batch_visual_negative_20260714\crops\hn_000326.png,vision_platform\ads\hard_negative_mining\batch_visual_negative_20260714\crops\hn_000326.png,ads,candidate_crop,crop,crop,raw,negative,reviewed,,2026-07-16T11:54:27.220400+00:00,2026-07-16T11:54:27.375213+00:00
file_2ea14d486c15dd39,asset_68809f272d8661a8,D:\Projects\adb_vl\vision_platform\ads\hard_negative_mining\batch_visual_negative_20260714\crops\hn_000327.png,vision_platform\ads\hard_negative_mining\batch_visual_negative_20260714\crops\hn_000327.png,ads,candidate_crop,crop,crop,raw,negative,reviewed,,2026-07-16T11:54:25.273989+00:00,2026-07-16T11:54:25.396591+00:00
file_1103b5d3f1768c92,asset_60cc72e9e8403906,D:\Projects\adb_vl\vision_platform\ads\hard_negative_mining\batch_visual_negative_20260714\crops\hn_000328.png,vision_platform\ads\hard_negative_mining\batch_visual_negative_20260714\crops\hn_000328.png,ads,candidate_crop,crop,crop,raw,negative,reviewed,,2026-07-16T11:54:38.847211+00:00,2026-07-16T11:54:38.994118+00:00
file_a5f98309afd90b77,asset_cd4feeeba2a6e045,D:\Projects\adb_vl\vision_platform\ads\hard_negative_mining\batch_visual_negative_20260714\crops\hn_000329.png,vision_platform\ads\hard_negative_mining\batch_visual_negative_20260714\crops\hn_000329.png,ads,candidate_crop,crop,crop,raw,negative,reviewed,,2026-07-16T11:54:58.372953+00:00,2026-07-16T11:54:59.060773+00:00
file_6982a6c32172e754,asset_a2def49787a601f9,D:\Projects\adb_vl\vision_platform\ads\hard_negative_mining\batch_visual_negative_20260714\crops\hn_000330.png,vision_platform\ads\hard_negative_mining\batch_visual_negative_20260714\crops\hn_000330.png,ads,candidate_crop,crop,crop,raw,negative,reviewed,,2026-07-16T11:54:28.559953+00:00,2026-07-16T11:54:28.707145+00:00
file_44de320c22e8967d,asset_4b068622ed61adf2,D:\Projects\adb_vl\vision_platform\ads\hard_negative_mining\batch_visual_negative_20260714\crops\hn_000331.png,vision_platform\ads\hard_negative_mining\batch_visual_negative_20260714\crops\hn_000331.png,ads,candidate_crop,crop,crop,raw,negative,reviewed,,2026-07-16T12:00:47.892129+00:00,2026-07-16T12:00:48.038307+00:00
file_6bb4379479fb8dc8,asset_42af79d6f3977354,D:\Projects\adb_vl\vision_platform\ads\hard_negative_mining\batch_visual_negative_20260714\crops\hn_000332.png,vision_platform\ads\hard_negative_mining\batch_visual_negative_20260714\crops\hn_000332.png,ads,candidate_crop,crop,crop,raw,negative,reviewed,,2026-07-16T12:00:45.748869+00:00,2026-07-16T22:49:11.951960+00:00
file_0deff6a5e370b6e8,asset_597e4fc09ad77f6a,D:\Projects\adb_vl\vision_platform\ads\hard_negative_mining\batch_visual_negative_20260714\crops\hn_000333.png,vision_platform\ads\hard_negative_mining\batch_visual_negative_20260714\crops\hn_000333.png,ads,candidate_crop,crop,crop,raw,negative,reviewed,,2026-07-16T11:54:27.416359+00:00,2026-07-16T11:54:27.571111+00:00
file_18e5c6f678bb8682,asset_68809f272d8661a8,D:\Projects\adb_vl\vision_platform\ads\hard_negative_mining\batch_visual_negative_20260714\crops\hn_000334.png,vision_platform\ads\hard_negative_mining\batch_visual_negative_20260714\crops\hn_000334.png,ads,candidate_crop,crop,crop,raw,negative,reviewed,,2026-07-16T11:54:25.436932+00:00,2026-07-16T11:54:25.601139+00:00
file_5731f3e2b74db0da,asset_60cc72e9e8403906,D:\Projects\adb_vl\vision_platform\ads\hard_negative_mining\batch_visual_negative_20260714\crops\hn_000335.png,vision_platform\ads\hard_negative_mining\batch_visual_negative_20260714\crops\hn_000335.png,ads,candidate_crop,crop,crop,raw,negative,reviewed,,2026-07-16T11:54:39.026981+00:00,2026-07-16T11:54:39.233842+00:00
file_3efd5fff0535d842,asset_d049e2e5337d8fee,D:\Projects\adb_vl\vision_platform\ads\hard_negative_mining\batch_visual_negative_20260714\crops\hn_000336.png,vision_platform\ads\hard_negative_mining\batch_visual_negative_20260714\crops\hn_000336.png,ads,candidate_crop,crop,crop,raw,negative,reviewed,,2026-07-16T11:54:45.925927+00:00,2026-07-16T11:54:46.614657+00:00
file_84f81bc6b8589bf5,asset_78200bb8f99dc1dc,D:\Projects\adb_vl\vision_platform\ads\hard_negative_mining\batch_visual_negative_20260714\crops\hn_000337.png,vision_platform\ads\hard_negative_mining\batch_visual_negative_20260714\crops\hn_000337.png,ads,candidate_crop,crop,crop,raw,negative,reviewed,,2026-07-16T11:54:49.180904+00:00,2026-07-16T11:54:49.533917+00:00
file_ad2c5dad7e41cf6d,asset_a2def49787a601f9,D:\Projects\adb_vl\vision_platform\ads\hard_negative_mining\batch_visual_negative_20260714\crops\hn_000338.png,vision_platform\ads\hard_negative_mining\batch_visual_negative_20260714\crops\hn_000338.png,ads,candidate_crop,crop,crop,raw,negative,reviewed,,2026-07-16T11:54:28.747807+00:00,2026-07-16T11:54:29.063691+00:00
file_bc4916ac2ac9067a,asset_df59bfeb9efde882,D:\Projects\adb_vl\vision_platform\ads\hard_negative_mining\batch_visual_negative_20260714\crops\hn_000339.png,vision_platform\ads\hard_negative_mining\batch_visual_negative_20260714\crops\hn_000339.png,ads,candidate_crop,crop,crop,raw,negative,reviewed,,2026-07-16T12:00:41.577142+00:00,2026-07-16T12:00:41.929889+00:00
file_3a183a0a02450988,asset_42af79d6f3977354,D:\Projects\adb_vl\vision_platform\ads\hard_negative_mining\batch_visual_negative_20260714\crops\hn_000340.png,vision_platform\ads\hard_negative_mining\batch_visual_negative_20260714\crops\hn_000340.png,ads,candidate_crop,crop,crop,raw,negative,reviewed,,2026-07-16T12:00:46.124434+00:00,2026-07-16T22:49:12.067038+00:00
file_1835d59ff2e3d0a0,asset_ad8ab8e8dd9e1cd1,D:\Projects\adb_vl\vision_platform\ads\hard_negative_mining\batch_visual_negative_20260714\crops\hn_000341.png,vision_platform\ads\hard_negative_mining\batch_visual_negative_20260714\crops\hn_000341.png,ads,candidate_crop,crop,crop,raw,negative,reviewed,,2026-07-16T11:54:49.983688+00:00,2026-07-16T22:49:08.500101+00:00
file_218cf005980c6e7b,asset_2d6f100f7b65e9e4,D:\Projects\adb_vl\vision_platform\ads\hard_negative_mining\batch_visual_negative_20260714\crops\hn_000342.png,vision_platform\ads\hard_negative_mining\batch_visual_negative_20260714\crops\hn_000342.png,ads,candidate_crop,crop,crop,raw,negative,reviewed,,2026-07-16T11:54:25.661588+00:00,2026-07-16T11:54:25.800857+00:00
file_99de56bfa2edab5c,asset_d049e2e5337d8fee,D:\Projects\adb_vl\vision_platform\ads\hard_negative_mining\batch_visual_negative_20260714\crops\hn_000343.png,vision_platform\ads\hard_negative_mining\batch_visual_negative_20260714\crops\hn_000343.png,ads,candidate_crop,crop,crop,raw,negative,reviewed,,2026-07-16T11:54:46.655856+00:00,2026-07-16T11:54:47.186893+00:00
file_a3e60bf035623387,asset_78200bb8f99dc1dc,D:\Projects\adb_vl\vision_platform\ads\hard_negative_mining\batch_visual_negative_20260714\crops\hn_000344.png,vision_platform\ads\hard_negative_mining\batch_visual_negative_20260714\crops\hn_000344.png,ads,candidate_crop,crop,crop,raw,negative,reviewed,,2026-07-16T11:54:49.583079+00:00,2026-07-16T11:54:49.942756+00:00
file_ac3dd2fde9d8bd59,asset_a2def49787a601f9,D:\Projects\adb_vl\vision_platform\ads\hard_negative_mining\batch_visual_negative_20260714\crops\hn_000345.png,vision_platform\ads\hard_negative_mining\batch_visual_negative_20260714\crops\hn_000345.png,ads,candidate_crop,crop,crop,raw,negative,reviewed,,2026-07-16T11:54:29.103331+00:00,2026-07-16T11:54:29.423639+00:00
file_7eaa6c88ca6e0c54,asset_df59bfeb9efde882,D:\Projects\adb_vl\vision_platform\ads\hard_negative_mining\batch_visual_negative_20260714\crops\hn_000346.png,vision_platform\ads\hard_negative_mining\batch_visual_negative_20260714\crops\hn_000346.png,ads,candidate_crop,crop,crop,raw,negative,reviewed,,2026-07-16T12:00:41.971195+00:00,2026-07-16T12:00:42.109747+00:00
file_81c63211c9437130,asset_42af79d6f3977354,D:\Projects\adb_vl\vision_platform\ads\hard_negative_mining\batch_visual_negative_20260714\crops\hn_000347.png,vision_platform\ads\hard_negative_mining\batch_visual_negative_20260714\crops\hn_000347.png,ads,candidate_crop,crop,crop,raw,negative,reviewed,,2026-07-16T12:00:46.466423+00:00,2026-07-16T22:49:12.213363+00:00
file_cfb05e46e18a00c8,asset_ad8ab8e8dd9e1cd1,D:\Projects\adb_vl\vision_platform\ads\hard_negative_mining\batch_visual_negative_20260714\crops\hn_000348.png,vision_platform\ads\hard_negative_mining\batch_visual_negative_20260714\crops\hn_000348.png,ads,candidate_crop,crop,crop,raw,negative,reviewed,,2026-07-16T11:54:50.366958+00:00,2026-07-16T22:49:08.697302+00:00
file_b5c10a6d5a07e8c5,asset_2d6f100f7b65e9e4,D:\Projects\adb_vl\vision_platform\ads\hard_negative_mining\batch_visual_negative_20260714\crops\hn_000349.png,vision_platform\ads\hard_negative_mining\batch_visual_negative_20260714\crops\hn_000349.png,ads,candidate_crop,crop,crop,raw,negative,reviewed,,2026-07-16T11:54:25.833660+00:00,2026-07-16T11:54:26.005075+00:00
file_89389865da304844,asset_ef41f623b88483c2,D:\Projects\adb_vl\vision_platform\ads\hard_negative_mining\batch_visual_negative_20260714\crops\hn_000350.png,vision_platform\ads\hard_negative_mining\batch_visual_negative_20260714\crops\hn_000350.png,ads,candidate_crop,crop,crop,raw,negative,reviewed,,2026-07-16T12:00:43.540202+00:00,2026-07-16T12:00:43.736977+00:00
file_cfc0f2f8b4fee847,asset_ed6521302e7d3560,D:\Projects\adb_vl\vision_platform\ads\hard_negative_mining\batch_visual_negative_20260714\crops\hn_000351.png,vision_platform\ads\hard_negative_mining\batch_visual_negative_20260714\crops\hn_000351.png,ads,candidate_crop,crop,crop,raw,negative,reviewed,,2026-07-16T11:54:53.827244+00:00,2026-07-16T11:54:54.422713+00:00
file_2104552c1667fa38,asset_5ecfccca33b63d71,D:\Projects\adb_vl\vision_platform\ads\hard_negative_mining\batch_visual_negative_20260714\crops\hn_000352.png,vision_platform\ads\hard_negative_mining\batch_visual_negative_20260714\crops\hn_000352.png,ads,candidate_crop,crop,crop,raw,negative,reviewed,,2026-07-16T11:54:52.210991+00:00,2026-07-16T11:54:52.512148+00:00
file_e7d620e73f7e6506,asset_a2def49787a601f9,D:\Projects\adb_vl\vision_platform\ads\hard_negative_mining\batch_visual_negative_20260714\crops\hn_000353.png,vision_platform\ads\hard_negative_mining\batch_visual_negative_20260714\crops\hn_000353.png,ads,candidate_crop,crop,crop,raw,negative,reviewed,,2026-07-16T11:54:29.472200+00:00,2026-07-16T11:54:29.574167+00:00
file_01184174149575c1,asset_4b068622ed61adf2,D:\Projects\adb_vl\vision_platform\ads\hard_negative_mining\batch_visual_negative_20260714\crops\hn_000354.png,vision_platform\ads\hard_negative_mining\batch_visual_negative_20260714\crops\hn_000354.png,ads,candidate_crop,crop,crop,raw,negative,reviewed,,2026-07-16T12:00:48.078341+00:00,2026-07-16T12:00:48.250679+00:00
file_bb33204c2d173671,asset_42af79d6f3977354,D:\Projects\adb_vl\vision_platform\ads\hard_negative_mining\batch_visual_negative_20260714\crops\hn_000355.png,vision_platform\ads\hard_negative_mining\batch_visual_negative_20260714\crops\hn_000355.png,ads,candidate_crop,crop,crop,raw,negative,reviewed,,2026-07-16T12:00:46.589150+00:00,2026-07-16T22:49:12.312062+00:00
file_2689bf8f60a2232d,asset_37e8fee3e074855a,D:\Projects\adb_vl\vision_platform\ads\hard_negative_mining\batch_visual_negative_20260714\crops\hn_000356.png,vision_platform\ads\hard_negative_mining\batch_visual_negative_20260714\crops\hn_000356.png,ads,candidate_crop,crop,crop,raw,negative,reviewed,,2026-07-16T11:54:26.038657+00:00,2026-07-16T11:54:26.193792+00:00
file_ab9931bcec4ad6f0,asset_ef41f623b88483c2,D:\Projects\adb_vl\vision_platform\ads\hard_negative_mining\batch_visual_negative_20260714\crops\hn_000357.png,vision_platform\ads\hard_negative_mining\batch_visual_negative_20260714\crops\hn_000357.png,ads,candidate_crop,crop,crop,raw,negative,reviewed,,2026-07-16T12:00:43.778972+00:00,2026-07-16T12:00:43.876225+00:00
file_f78ca7c3d9da81bc,asset_ed6521302e7d3560,D:\Projects\adb_vl\vision_platform\ads\hard_negative_mining\batch_visual_negative_20260714\crops\hn_000358.png,vision_platform\ads\hard_negative_mining\batch_visual_negative_20260714\crops\hn_000358.png,ads,candidate_crop,crop,crop,raw,negative,reviewed,,2026-07-16T11:54:54.463478+00:00,2026-07-16T11:54:57.492634+00:00
file_e31f4b7779e59994,asset_5ecfccca33b63d71,D:\Projects\adb_vl\vision_platform\ads\hard_negative_mining\batch_visual_negative_20260714\crops\hn_000359.png,vision_platform\ads\hard_negative_mining\batch_visual_negative_20260714\crops\hn_000359.png,ads,candidate_crop,crop,crop,raw,negative,reviewed,,2026-07-16T11:54:52.559514+00:00,2026-07-16T11:54:53.777078+00:00
file_74e2693350bdc202,asset_a2def49787a601f9,D:\Projects\adb_vl\vision_platform\ads\hard_negative_mining\batch_visual_negative_20260714\crops\hn_000360.png,vision_platform\ads\hard_negative_mining\batch_visual_negative_20260714\crops\hn_000360.png,ads,candidate_crop,crop,crop,raw,negative,reviewed,,2026-07-16T11:54:29.614919+00:00,2026-07-16T11:54:29.705141+00:00
file_e0e7cd1b5bb32460,asset_4b068622ed61adf2,D:\Projects\adb_vl\vision_platform\ads\hard_negative_mining\batch_visual_negative_20260714\crops\hn_000361.png,vision_platform\ads\hard_negative_mining\batch_visual_negative_20260714\crops\hn_000361.png,ads,candidate_crop,crop,crop,raw,negative,reviewed,,2026-07-16T12:00:48.291156+00:00,2026-07-16T12:00:48.454521+00:00
file_359073feb3e998cb,asset_42af79d6f3977354,D:\Projects\adb_vl\vision_platform\ads\hard_negative_mining\batch_visual_negative_20260714\crops\hn_000362.png,vision_platform\ads\hard_negative_mining\batch_visual_negative_20260714\crops\hn_000362.png,ads,candidate_crop,crop,crop,raw,negative,reviewed,,2026-07-16T12:00:46.730462+00:00,2026-07-16T22:49:12.447346+00:00
file_2d7beffe0b73c5eb,asset_37e8fee3e074855a,D:\Projects\adb_vl\vision_platform\ads\hard_negative_mining\batch_visual_negative_20260714\crops\hn_000363.png,vision_platform\ads\hard_negative_mining\batch_visual_negative_20260714\crops\hn_000363.png,ads,candidate_crop,crop,crop,raw,negative,reviewed,,2026-07-16T11:54:26.227241+00:00,2026-07-16T11:54:26.390266+00:00
file_b06bfd083cd62f0f,asset_a2def49787a601f9,D:\Projects\adb_vl\vision_platform\ads\hard_negative_mining\batch_visual_negative_20260714\crops\hn_000364.png,vision_platform\ads\hard_negative_mining\batch_visual_negative_20260714\crops\hn_000364.png,ads,candidate_crop,crop,crop,raw,negative,reviewed,,2026-07-16T11:54:29.746335+00:00,2026-07-16T11:54:29.852632+00:00
file_48daf11d80036707,asset_4b068622ed61adf2,D:\Projects\adb_vl\vision_platform\ads\hard_negative_mining\batch_visual_negative_20260714\crops\hn_000365.png,vision_platform\ads\hard_negative_mining\batch_visual_negative_20260714\crops\hn_000365.png,ads,candidate_crop,crop,crop,raw,negative,reviewed,,2026-07-16T12:00:48.496306+00:00,2026-07-16T12:00:48.618377+00:00
file_882ed2d5cd6931e1,asset_42af79d6f3977354,D:\Projects\adb_vl\vision_platform\ads\hard_negative_mining\batch_visual_negative_20260714\crops\hn_000366.png,vision_platform\ads\hard_negative_mining\batch_visual_negative_20260714\crops\hn_000366.png,ads,candidate_crop,crop,crop,raw,negative,reviewed,,2026-07-16T12:00:46.869199+00:00,2026-07-16T22:49:12.565162+00:00
file_67b4244f5d9a41c2,asset_1ff7fa799dd8b1d4,D:\Projects\adb_vl\vision_platform\ads\hard_negative_mining\batch_visual_negative_20260714\crops\hn_000367.png,vision_platform\ads\hard_negative_mining\batch_visual_negative_20260714\crops\hn_000367.png,ads,candidate_crop,crop,crop,raw,negative,reviewed,,2026-07-16T11:54:26.851983+00:00,2026-07-16T11:54:27.008085+00:00
file_17440aa0f342d459,asset_4392d2262880dc55,D:\Projects\adb_vl\vision_platform\ads\hard_negative_mining\batch_visual_negative_20260714\crops\hn_000368.png,vision_platform\ads\hard_negative_mining\batch_visual_negative_20260714\crops\hn_000368.png,ads,candidate_crop,crop,crop,raw,negative,reviewed,,2026-07-16T11:54:26.433813+00:00,2026-07-16T11:54:26.599004+00:00
file_d18c83f943b93da4,asset_a2def49787a601f9,D:\Projects\adb_vl\vision_platform\ads\hard_negative_mining\batch_visual_negative_20260714\crops\hn_000369.png,vision_platform\ads\hard_negative_mining\batch_visual_negative_20260714\crops\hn_000369.png,ads,candidate_crop,crop,crop,raw,negative,reviewed,,2026-07-16T11:54:29.894106+00:00,2026-07-16T11:54:30.065739+00:00
file_95ba27da16ee13ca,asset_4b068622ed61adf2,D:\Projects\adb_vl\vision_platform\ads\hard_negative_mining\batch_visual_negative_20260714\crops\hn_000370.png,vision_platform\ads\hard_negative_mining\batch_visual_negative_20260714\crops\hn_000370.png,ads,candidate_crop,crop,crop,raw,negative,reviewed,,2026-07-16T12:00:48.667770+00:00,2026-07-16T12:00:48.929796+00:00
file_a8ca0d5ca56c64b4,asset_42af79d6f3977354,D:\Projects\adb_vl\vision_platform\ads\hard_negative_mining\batch_visual_negative_20260714\crops\hn_000371.png,vision_platform\ads\hard_negative_mining\batch_visual_negative_20260714\crops\hn_000371.png,ads,candidate_crop,crop,crop,raw,negative,reviewed,,2026-07-16T12:00:47.098510+00:00,2026-07-16T22:49:12.851641+00:00
file_5a5b412b363ef9c5,asset_1ff7fa799dd8b1d4,D:\Projects\adb_vl\vision_platform\ads\hard_negative_mining\batch_visual_negative_20260714\crops\hn_000372.png,vision_platform\ads\hard_negative_mining\batch_visual_negative_20260714\crops\hn_000372.png,ads,candidate_crop,crop,crop,raw,negative,reviewed,,2026-07-16T11:54:27.048540+00:00,2026-07-16T11:54:27.179747+00:00
file_fa39372207b1e625,asset_4392d2262880dc55,D:\Projects\adb_vl\vision_platform\ads\hard_negative_mining\batch_visual_negative_20260714\crops\hn_000373.png,vision_platform\ads\hard_negative_mining\batch_visual_negative_20260714\crops\hn_000373.png,ads,candidate_crop,crop,crop,raw,negative,reviewed,,2026-07-16T11:54:26.639229+00:00,2026-07-16T11:54:26.811245+00:00
file_31531da69b44398a,asset_a0b98f0e01520223,D:\Projects\adb_vl\vision_platform\ads\hard_negative_mining\batch_visual_negative_20260714\crops\hn_000374.png,vision_platform\ads\hard_negative_mining\batch_visual_negative_20260714\crops\hn_000374.png,ads,candidate_crop,crop,crop,raw,negative,reviewed,,2026-07-16T12:01:01.258588+00:00,2026-07-16T12:01:01.383434+00:00
file_a57ae8310996e0c7,asset_1e7898e3da6c271d,D:\Projects\adb_vl\vision_platform\ads\hard_negative_mining\batch_visual_negative_20260714\crops\hn_000375.png,vision_platform\ads\hard_negative_mining\batch_visual_negative_20260714\crops\hn_000375.png,ads,candidate_crop,crop,crop,raw,negative,reviewed,,2026-07-16T11:54:15.685793+00:00,2026-07-16T11:54:15.861944+00:00
file_b3b77e3653dc48c2,asset_5c65f6af85caabd3,D:\Projects\adb_vl\vision_platform\ads\hard_negative_mining\batch_visual_negative_20260714\crops\hn_000376.png,vision_platform\ads\hard_negative_mining\batch_visual_negative_20260714\crops\hn_000376.png,ads,candidate_crop,crop,crop,raw,negative,reviewed,,2026-07-16T11:53:46.107461+00:00,2026-07-16T11:53:46.291656+00:00
file_de2d7b1fac976217,asset_5da59d74a43bc611,D:\Projects\adb_vl\vision_platform\ads\hard_negative_mining\batch_visual_negative_20260714\crops\hn_000377.png,vision_platform\ads\hard_negative_mining\batch_visual_negative_20260714\crops\hn_000377.png,ads,candidate_crop,crop,crop,raw,uncertain,reviewed,,2026-07-16T11:51:50.761343+00:00,2026-07-16T11:52:31.747581+00:00
file_5d839c822291d0aa,asset_e8a6796e5ecef108,D:\Projects\adb_vl\vision_platform\ads\hard_negative_mining\batch_visual_negative_20260714\crops\hn_000378.png,vision_platform\ads\hard_negative_mining\batch_visual_negative_20260714\crops\hn_000378.png,ads,candidate_crop,crop,crop,raw,negative,reviewed,,2026-07-16T11:54:31.676805+00:00,2026-07-16T11:54:32.429396+00:00
file_7d5940f8c1c5402a,asset_bd8fbdec49539e2f,D:\Projects\adb_vl\vision_platform\ads\hard_negative_mining\batch_visual_negative_20260714\crops\hn_000379.png,vision_platform\ads\hard_negative_mining\batch_visual_negative_20260714\crops\hn_000379.png,ads,candidate_crop,crop,crop,raw,negative,reviewed,,2026-07-16T11:53:40.382627+00:00,2026-07-16T11:53:45.062958+00:00
file_003199f84a50a732,asset_1c6997b2a2fda2fe,D:\Projects\adb_vl\vision_platform\ads\hard_negative_mining\batch_visual_negative_20260714\crops\hn_000380.png,vision_platform\ads\hard_negative_mining\batch_visual_negative_20260714\crops\hn_000380.png,ads,candidate_crop,crop,crop,raw,negative,reviewed,,2026-07-16T11:51:43.347061+00:00,2026-07-16T11:51:44.351293+00:00
file_ee8034bb89210c91,asset_83991ebba7659248,D:\Projects\adb_vl\vision_platform\ads\hard_negative_mining\batch_visual_negative_20260714\crops\hn_000381.png,vision_platform\ads\hard_negative_mining\batch_visual_negative_20260714\crops\hn_000381.png,ads,candidate_crop,crop,crop,raw,negative,reviewed,,2026-07-16T11:53:46.815778+00:00,2026-07-16T11:53:47.191894+00:00
file_61fb9a08a845953f,asset_a0b98f0e01520223,D:\Projects\adb_vl\vision_platform\ads\hard_negative_mining\batch_visual_negative_20260714\crops\hn_000382.png,vision_platform\ads\hard_negative_mining\batch_visual_negative_20260714\crops\hn_000382.png,ads,candidate_crop,crop,crop,raw,negative,reviewed,,2026-07-16T12:01:01.423293+00:00,2026-07-16T12:01:01.943747+00:00
file_7a9e69d2521bd6ce,asset_1e7898e3da6c271d,D:\Projects\adb_vl\vision_platform\ads\hard_negative_mining\batch_visual_negative_20260714\crops\hn_000383.png,vision_platform\ads\hard_negative_mining\batch_visual_negative_20260714\crops\hn_000383.png,ads,candidate_crop,crop,crop,raw,negative,reviewed,,2026-07-16T11:54:15.909932+00:00,2026-07-16T11:54:16.397928+00:00
file_1276d863e4758766,asset_5c65f6af85caabd3,D:\Projects\adb_vl\vision_platform\ads\hard_negative_mining\batch_visual_negative_20260714\crops\hn_000384.png,vision_platform\ads\hard_negative_mining\batch_visual_negative_20260714\crops\hn_000384.png,ads,candidate_crop,crop,crop,raw,negative,reviewed,,2026-07-16T11:53:46.332967+00:00,2026-07-16T11:53:46.773707+00:00
file_58349478110561e0,asset_5da59d74a43bc611,D:\Projects\adb_vl\vision_platform\ads\hard_negative_mining\batch_visual_negative_20260714\crops\hn_000385.png,vision_platform\ads\hard_negative_mining\batch_visual_negative_20260714\crops\hn_000385.png,ads,candidate_crop,crop,crop,raw,uncertain,reviewed,,2026-07-16T11:52:31.788662+00:00,2026-07-16T11:52:32.777700+00:00
file_02ca7b7838d81077,asset_e8a6796e5ecef108,D:\Projects\adb_vl\vision_platform\ads\hard_negative_mining\batch_visual_negative_20260714\crops\hn_000386.png,vision_platform\ads\hard_negative_mining\batch_visual_negative_20260714\crops\hn_000386.png,ads,candidate_crop,crop,crop,raw,negative,reviewed,,2026-07-16T11:54:32.478465+00:00,2026-07-16T11:54:32.658628+00:00
file_656afbe2b9b3373e,asset_bd8fbdec49539e2f,D:\Projects\adb_vl\vision_platform\ads\hard_negative_mining\batch_visual_negative_20260714\crops\hn_000387.png,vision_platform\ads\hard_negative_mining\batch_visual_negative_20260714\crops\hn_000387.png,ads,candidate_crop,crop,crop,raw,negative,reviewed,,2026-07-16T11:53:45.103448+00:00,2026-07-16T11:53:45.464021+00:00
file_7b0859eb79bfc192,asset_1c6997b2a2fda2fe,D:\Projects\adb_vl\vision_platform\ads\hard_negative_mining\batch_visual_negative_20260714\crops\hn_000388.png,vision_platform\ads\hard_negative_mining\batch_visual_negative_20260714\crops\hn_000388.png,ads,candidate_crop,crop,crop,raw,negative,reviewed,,2026-07-16T11:51:44.716917+00:00,2026-07-16T11:51:44.907713+00:00
file_0e6f5b7dfbf49636,asset_83991ebba7659248,D:\Projects\adb_vl\vision_platform\ads\hard_negative_mining\batch_visual_negative_20260714\crops\hn_000389.png,vision_platform\ads\hard_negative_mining\batch_visual_negative_20260714\crops\hn_000389.png,ads,candidate_crop,crop,crop,raw,negative,reviewed,,2026-07-16T11:53:47.235225+00:00,2026-07-16T11:53:47.718401+00:00
file_0ff4f82c2d67a5d8,asset_5f91f528927a03d0,D:\Projects\adb_vl\vision_platform\ads\hard_negative_mining\batch_visual_negative_20260714\crops\hn_000390.png,vision_platform\ads\hard_negative_mining\batch_visual_negative_20260714\crops\hn_000390.png,ads,candidate_crop,crop,crop,raw,negative,reviewed,,2026-07-16T12:01:00.397646+00:00,2026-07-16T12:01:00.524166+00:00
file_d94d01d387a3d321,asset_8fdcab5bb6099060,D:\Projects\adb_vl\vision_platform\ads\hard_negative_mining\batch_visual_negative_20260714\crops\hn_000391.png,vision_platform\ads\hard_negative_mining\batch_visual_negative_20260714\crops\hn_000391.png,ads,candidate_crop,crop,crop,raw,negative,reviewed,,2026-07-16T11:54:01.266781+00:00,2026-07-16T11:54:01.766007+00:00
file_ada75a0d8705e134,asset_5f91f528927a03d0,D:\Projects\adb_vl\vision_platform\ads\hard_negative_mining\batch_visual_negative_20260714\crops\hn_000392.png,vision_platform\ads\hard_negative_mining\batch_visual_negative_20260714\crops\hn_000392.png,ads,candidate_crop,crop,crop,raw,negative,reviewed,,2026-07-16T12:01:00.564987+00:00,2026-07-16T12:01:00.673065+00:00
file_f4cc43ddb44f0264,asset_8fdcab5bb6099060,D:\Projects\adb_vl\vision_platform\ads\hard_negative_mining\batch_visual_negative_20260714\crops\hn_000393.png,vision_platform\ads\hard_negative_mining\batch_visual_negative_20260714\crops\hn_000393.png,ads,candidate_crop,crop,crop,raw,negative,reviewed,,2026-07-16T11:54:01.806633+00:00,2026-07-16T11:54:01.978124+00:00
file_a8b653c103fee451,asset_8c8e1f5975ad4e61,D:\Projects\adb_vl\vision_platform\ads\hard_negative_mining\batch_visual_negative_20260714\crops\hn_000394.png,vision_platform\ads\hard_negative_mining\batch_visual_negative_20260714\crops\hn_000394.png,ads,candidate_crop,crop,crop,raw,negative,reviewed,,2026-07-16T11:54:16.859308+00:00,2026-07-16T11:54:17.055786+00:00
file_b5a0473816e4ae76,asset_cdedc803c18eff1b,D:\Projects\adb_vl\vision_platform\ads\hard_negative_mining\batch_visual_negative_20260714\crops\hn_000395.png,vision_platform\ads\hard_negative_mining\batch_visual_negative_20260714\crops\hn_000395.png,ads,candidate_crop,crop,crop,raw,negative,reviewed,,2026-07-16T12:00:55.299612+00:00,2026-07-16T12:00:55.471241+00:00
file_83dfe84222bbfe49,asset_ad3a27eb626340b0,D:\Projects\adb_vl\vision_platform\ads\hard_negative_mining\batch_visual_negative_20260714\crops\hn_000396.png,vision_platform\ads\hard_negative_mining\batch_visual_negative_20260714\crops\hn_000396.png,ads,candidate_crop,crop,crop,raw,negative,reviewed,,2026-07-16T11:54:37.934349+00:00,2026-07-16T11:54:38.131889+00:00
file_4c77db217c500eba,asset_8909b9d12e2f12af,D:\Projects\adb_vl\vision_platform\ads\hard_negative_mining\batch_visual_negative_20260714\crops\hn_000397.png,vision_platform\ads\hard_negative_mining\batch_visual_negative_20260714\crops\hn_000397.png,ads,candidate_crop,crop,crop,raw,negative,reviewed,,2026-07-16T11:54:16.446436+00:00,2026-07-16T11:54:16.597356+00:00
file_4d4e4b68b758adfd,asset_9067c8369fda01b3,D:\Projects\adb_vl\vision_platform\ads\hard_negative_mining\batch_visual_negative_20260714\crops\hn_000398.png,vision_platform\ads\hard_negative_mining\batch_visual_negative_20260714\crops\hn_000398.png,ads,candidate_crop,crop,crop,raw,negative,reviewed,,2026-07-16T11:51:34.773663+00:00,2026-07-16T11:51:34.913240+00:00
file_4a761cb8214f685d,asset_e2094db78e0d8415,D:\Projects\adb_vl\vision_platform\ads\hard_negative_mining\batch_visual_negative_20260714\crops\hn_000399.png,vision_platform\ads\hard_negative_mining\batch_visual_negative_20260714\crops\hn_000399.png,ads,candidate_crop,crop,crop,raw,negative,reviewed,,2026-07-16T11:53:56.279089+00:00,2026-07-16T11:53:56.459333+00:00
file_387c5c53c9e19ca2,asset_e234de39a1dacdf2,D:\Projects\adb_vl\vision_platform\ads\hard_negative_mining\batch_visual_negative_20260714\crops\hn_000400.png,vision_platform\ads\hard_negative_mining\batch_visual_negative_20260714\crops\hn_000400.png,ads,candidate_crop,crop,crop,raw,negative,reviewed,,2026-07-16T12:00:39.632457+00:00,2026-07-16T12:00:39.738238+00:00
file_dd88a1d29373f3b7,asset_8c8e1f5975ad4e61,D:\Projects\adb_vl\vision_platform\ads\hard_negative_mining\batch_visual_negative_20260714\crops\hn_000401.png,vision_platform\ads\hard_negative_mining\batch_visual_negative_20260714\crops\hn_000401.png,ads,candidate_crop,crop,crop,raw,negative,reviewed,,2026-07-16T11:54:17.096398+00:00,2026-07-16T11:54:17.521440+00:00
file_c2799272b7b7ca0e,asset_cdedc803c18eff1b,D:\Projects\adb_vl\vision_platform\ads\hard_negative_mining\batch_visual_negative_20260714\crops\hn_000402.png,vision_platform\ads\hard_negative_mining\batch_visual_negative_20260714\crops\hn_000402.png,ads,candidate_crop,crop,crop,raw,negative,reviewed,,2026-07-16T12:00:55.512627+00:00,2026-07-16T12:00:55.691171+00:00
file_5143aefed4d8eee6,asset_ad3a27eb626340b0,D:\Projects\adb_vl\vision_platform\ads\hard_negative_mining\batch_visual_negative_20260714\crops\hn_000403.png,vision_platform\ads\hard_negative_mining\batch_visual_negative_20260714\crops\hn_000403.png,ads,candidate_crop,crop,crop,raw,negative,reviewed,,2026-07-16T11:54:38.180890+00:00,2026-07-16T11:54:38.336481+00:00
file_4954754fa9167339,asset_8909b9d12e2f12af,D:\Projects\adb_vl\vision_platform\ads\hard_negative_mining\batch_visual_negative_20260714\crops\hn_000404.png,vision_platform\ads\hard_negative_mining\batch_visual_negative_20260714\crops\hn_000404.png,ads,candidate_crop,crop,crop,raw,negative,reviewed,,2026-07-16T11:54:16.638825+00:00,2026-07-16T11:54:16.818471+00:00
file_1993c388e7497a40,asset_9067c8369fda01b3,D:\Projects\adb_vl\vision_platform\ads\hard_negative_mining\batch_visual_negative_20260714\crops\hn_000405.png,vision_platform\ads\hard_negative_mining\batch_visual_negative_20260714\crops\hn_000405.png,ads,candidate_crop,crop,crop,raw,negative,reviewed,,2026-07-16T11:51:34.969316+00:00,2026-07-16T11:51:35.075943+00:00
file_04e00753c464f27f,asset_e2094db78e0d8415,D:\Projects\adb_vl\vision_platform\ads\hard_negative_mining\batch_visual_negative_20260714\crops\hn_000406.png,vision_platform\ads\hard_negative_mining\batch_visual_negative_20260714\crops\hn_000406.png,ads,candidate_crop,crop,crop,raw,negative,reviewed,,2026-07-16T11:53:56.499870+00:00,2026-07-16T11:53:56.663199+00:00
file_18c633c9c7187575,asset_e234de39a1dacdf2,D:\Projects\adb_vl\vision_platform\ads\hard_negative_mining\batch_visual_negative_20260714\crops\hn_000407.png,vision_platform\ads\hard_negative_mining\batch_visual_negative_20260714\crops\hn_000407.png,ads,candidate_crop,crop,crop,raw,negative,reviewed,,2026-07-16T12:00:39.788240+00:00,2026-07-16T12:00:39.951109+00:00
file_381d983473a9ccfd,asset_d8c7a2cae4db60f1,D:\Projects\adb_vl\vision_platform\ads\hard_negative_mining\batch_visual_negative_20260714\crops\hn_000408.png,vision_platform\ads\hard_negative_mining\batch_visual_negative_20260714\crops\hn_000408.png,ads,candidate_crop,crop,crop,raw,negative,reviewed,,2026-07-16T11:54:50.842964+00:00,2026-07-16T11:54:51.414761+00:00
file_b030e63c8e034663,asset_a7eb90b90ec44f28,D:\Projects\adb_vl\vision_platform\ads\hard_negative_mining\batch_visual_negative_20260714\crops\hn_000409.png,vision_platform\ads\hard_negative_mining\batch_visual_negative_20260714\crops\hn_000409.png,ads,candidate_crop,crop,crop,raw,negative,reviewed,,2026-07-16T11:53:52.436868+00:00,2026-07-16T11:53:52.682747+00:00
file_23783aeac83ec68a,asset_a1dec426b151cd0c,D:\Projects\adb_vl\vision_platform\ads\hard_negative_mining\batch_visual_negative_20260714\crops\hn_000410.png,vision_platform\ads\hard_negative_mining\batch_visual_negative_20260714\crops\hn_000410.png,ads,candidate_crop,crop,crop,raw,negative,reviewed,,2026-07-16T12:00:36.071519+00:00,2026-07-16T12:00:36.275916+00:00
file_e58575fdb2072574,asset_d8c7a2cae4db60f1,D:\Projects\adb_vl\vision_platform\ads\hard_negative_mining\batch_visual_negative_20260714\crops\hn_000411.png,vision_platform\ads\hard_negative_mining\batch_visual_negative_20260714\crops\hn_000411.png,ads,candidate_crop,crop,crop,raw,negative,reviewed,,2026-07-16T11:54:51.455887+00:00,2026-07-16T11:54:52.167036+00:00
file_da663e61e8b915bb,asset_a7eb90b90ec44f28,D:\Projects\adb_vl\vision_platform\ads\hard_negative_mining\batch_visual_negative_20260714\crops\hn_000412.png,vision_platform\ads\hard_negative_mining\batch_visual_negative_20260714\crops\hn_000412.png,ads,candidate_crop,crop,crop,raw,negative,reviewed,,2026-07-16T11:53:52.723293+00:00,2026-07-16T11:53:52.977381+00:00
file_ee04089407ece7b7,asset_a1dec426b151cd0c,D:\Projects\adb_vl\vision_platform\ads\hard_negative_mining\batch_visual_negative_20260714\crops\hn_000413.png,vision_platform\ads\hard_negative_mining\batch_visual_negative_20260714\crops\hn_000413.png,ads,candidate_crop,crop,crop,raw,negative,reviewed,,2026-07-16T12:00:36.325247+00:00,2026-07-16T12:00:36.471958+00:00
file_ad2a0ed2dd8dcc7d,asset_98a96f5633e7b417,D:\Projects\adb_vl\vision_platform\ads\hard_negative_mining\batch_visual_negative_20260714\crops\hn_000414.png,vision_platform\ads\hard_negative_mining\batch_visual_negative_20260714\crops\hn_000414.png,ads,candidate_crop,crop,crop,raw,negative,reviewed,,2026-07-16T11:54:11.051654+00:00,2026-07-16T11:54:11.260522+00:00
file_8e9d7f424debdd27,asset_1f9bb92b70cdd5e9,D:\Projects\adb_vl\vision_platform\ads\hard_negative_mining\batch_visual_negative_20260714\crops\hn_000415.png,vision_platform\ads\hard_negative_mining\batch_visual_negative_20260714\crops\hn_000415.png,ads,candidate_crop,crop,crop,raw,negative,reviewed,,2026-07-16T12:00:59.902342+00:00,2026-07-16T12:01:00.158218+00:00
file_cb96778ce2637d1d,asset_51f31492518a613c,D:\Projects\adb_vl\vision_platform\ads\hard_negative_mining\batch_visual_negative_20260714\crops\hn_000416.png,vision_platform\ads\hard_negative_mining\batch_visual_negative_20260714\crops\hn_000416.png,ads,candidate_crop,crop,crop,raw,negative,reviewed,,2026-07-16T11:53:58.870487+00:00,2026-07-16T11:53:59.204355+00:00
file_451013469397a4ba,asset_5e27748ae170c12c,D:\Projects\adb_vl\vision_platform\ads\hard_negative_mining\batch_visual_negative_20260714\crops\hn_000417.png,vision_platform\ads\hard_negative_mining\batch_visual_negative_20260714\crops\hn_000417.png,ads,candidate_crop,crop,crop,raw,uncertain,reviewed,,2026-07-16T11:52:41.071215+00:00,2026-07-16T11:52:46.427738+00:00
file_37c927539f69d7db,asset_17a648c454f69753,D:\Projects\adb_vl\vision_platform\ads\hard_negative_mining\batch_visual_negative_20260714\crops\hn_000418.png,vision_platform\ads\hard_negative_mining\batch_visual_negative_20260714\crops\hn_000418.png,ads,candidate_crop,crop,crop,raw,negative,reviewed,,2026-07-16T11:53:14.509598+00:00,2026-07-16T11:53:31.344980+00:00
file_3a3858f7caa3e03f,asset_881d5f55b1fd4cb8,D:\Projects\adb_vl\vision_platform\ads\hard_negative_mining\batch_visual_negative_20260714\crops\hn_000419.png,vision_platform\ads\hard_negative_mining\batch_visual_negative_20260714\crops\hn_000419.png,ads,candidate_crop,crop,crop,raw,negative,reviewed,,2026-07-16T11:52:57.835368+00:00,2026-07-16T11:52:58.052091+00:00
file_c71981d6643cb2cc,asset_569cd673359f917f,D:\Projects\adb_vl\vision_platform\ads\hard_negative_mining\batch_visual_negative_20260714\crops\hn_000420.png,vision_platform\ads\hard_negative_mining\batch_visual_negative_20260714\crops\hn_000420.png,ads,candidate_crop,crop,crop,raw,negative,reviewed,,2026-07-16T11:53:45.504595+00:00,2026-07-16T11:53:45.722408+00:00
file_2711495718f99287,asset_121c1c77088daf4c,D:\Projects\adb_vl\vision_platform\ads\hard_negative_mining\batch_visual_negative_20260714\crops\hn_000421.png,vision_platform\ads\hard_negative_mining\batch_visual_negative_20260714\crops\hn_000421.png,ads,candidate_crop,crop,crop,raw,negative,reviewed,,2026-07-16T11:53:57.911363+00:00,2026-07-16T11:53:58.592493+00:00
file_c3af6d60583e9080,asset_98a96f5633e7b417,D:\Projects\adb_vl\vision_platform\ads\hard_negative_mining\batch_visual_negative_20260714\crops\hn_000422.png,vision_platform\ads\hard_negative_mining\batch_visual_negative_20260714\crops\hn_000422.png,ads,candidate_crop,crop,crop,raw,negative,reviewed,,2026-07-16T11:54:11.301668+00:00,2026-07-16T11:54:11.906034+00:00
file_4bd0b9b0302c4245,asset_1f9bb92b70cdd5e9,D:\Projects\adb_vl\vision_platform\ads\hard_negative_mining\batch_visual_negative_20260714\crops\hn_000423.png,vision_platform\ads\hard_negative_mining\batch_visual_negative_20260714\crops\hn_000423.png,ads,candidate_crop,crop,crop,raw,negative,reviewed,,2026-07-16T12:01:00.221689+00:00,2026-07-16T12:01:00.343901+00:00
file_0496ebe45cd2e78c,asset_51f31492518a613c,D:\Projects\adb_vl\vision_platform\ads\hard_negative_mining\batch_visual_negative_20260714\crops\hn_000424.png,vision_platform\ads\hard_negative_mining\batch_visual_negative_20260714\crops\hn_000424.png,ads,candidate_crop,crop,crop,raw,negative,reviewed,,2026-07-16T11:53:59.245300+00:00,2026-07-16T11:53:59.352314+00:00
file_668c7cabaa9145a0,asset_5e27748ae170c12c,D:\Projects\adb_vl\vision_platform\ads\hard_negative_mining\batch_visual_negative_20260714\crops\hn_000425.png,vision_platform\ads\hard_negative_mining\batch_visual_negative_20260714\crops\hn_000425.png,ads,candidate_crop,crop,crop,raw,uncertain,reviewed,,2026-07-16T11:52:46.468343+00:00,2026-07-16T11:52:47.185982+00:00
file_7f74c0a29479afb2,asset_17a648c454f69753,D:\Projects\adb_vl\vision_platform\ads\hard_negative_mining\batch_visual_negative_20260714\crops\hn_000426.png,vision_platform\ads\hard_negative_mining\batch_visual_negative_20260714\crops\hn_000426.png,ads,candidate_crop,crop,crop,raw,uncertain,reviewed,,2026-07-16T11:53:14.816230+00:00,2026-07-16T11:53:40.341179+00:00
file_59fd6a786fe4430c,asset_881d5f55b1fd4cb8,D:\Projects\adb_vl\vision_platform\ads\hard_negative_mining\batch_visual_negative_20260714\crops\hn_000427.png,vision_platform\ads\hard_negative_mining\batch_visual_negative_20260714\crops\hn_000427.png,ads,candidate_crop,crop,crop,raw,negative,reviewed,,2026-07-16T11:52:58.096700+00:00,2026-07-16T11:52:58.309193+00:00
file_5675368f70bf7113,asset_569cd673359f917f,D:\Projects\adb_vl\vision_platform\ads\hard_negative_mining\batch_visual_negative_20260714\crops\hn_000428.png,vision_platform\ads\hard_negative_mining\batch_visual_negative_20260714\crops\hn_000428.png,ads,candidate_crop,crop,crop,raw,negative,reviewed,,2026-07-16T11:53:45.763395+00:00,2026-07-16T11:53:46.066339+00:00
file_00c193eaf92669b2,asset_121c1c77088daf4c,D:\Projects\adb_vl\vision_platform\ads\hard_negative_mining\batch_visual_negative_20260714\crops\hn_000429.png,vision_platform\ads\hard_negative_mining\batch_visual_negative_20260714\crops\hn_000429.png,ads,candidate_crop,crop,crop,raw,negative,reviewed,,2026-07-16T11:53:58.634005+00:00,2026-07-16T11:53:58.822013+00:00
file_0218449f42edbaf3,asset_9bc381ef0c68bbc3,D:\Projects\adb_vl\vision_platform\ads\hard_negative_mining\batch_visual_negative_20260714\crops\hn_000430.png,vision_platform\ads\hard_negative_mining\batch_visual_negative_20260714\crops\hn_000430.png,ads,candidate_crop,crop,crop,raw,negative,reviewed,,2026-07-16T12:00:51.226793+00:00,2026-07-16T12:00:51.496882+00:00
file_802a9c08b7af6ba6,asset_1f525b1c7216f47a,D:\Projects\adb_vl\vision_platform\ads\hard_negative_mining\batch_visual_negative_20260714\crops\hn_000431.png,vision_platform\ads\hard_negative_mining\batch_visual_negative_20260714\crops\hn_000431.png,ads,candidate_crop,crop,crop,raw,negative,reviewed,,2026-07-16T11:53:56.075143+00:00,2026-07-16T11:53:56.229918+00:00
file_6e20fb04dd1eddca,asset_3e0413b5fa5c216f,D:\Projects\adb_vl\vision_platform\ads\hard_negative_mining\batch_visual_negative_20260714\crops\hn_000432.png,vision_platform\ads\hard_negative_mining\batch_visual_negative_20260714\crops\hn_000432.png,ads,candidate_crop,crop,crop,raw,negative,reviewed,,2026-07-16T11:53:52.177983+00:00,2026-07-16T22:48:52.273363+00:00
file_61f231736fa8f453,asset_b12f92fba3bdb0f0,D:\Projects\adb_vl\vision_platform\ads\hard_negative_mining\batch_visual_negative_20260714\crops\hn_000433.png,vision_platform\ads\hard_negative_mining\batch_visual_negative_20260714\crops\hn_000433.png,ads,candidate_crop,crop,crop,raw,negative,reviewed,,2026-07-16T11:53:53.018567+00:00,2026-07-16T11:53:53.255920+00:00
file_aad3a8dd24fa7ebf,asset_b3d0e849e8d93f80,D:\Projects\adb_vl\vision_platform\ads\hard_negative_mining\batch_visual_negative_20260714\crops\hn_000434.png,vision_platform\ads\hard_negative_mining\batch_visual_negative_20260714\crops\hn_000434.png,ads,candidate_crop,crop,crop,raw,negative,reviewed,,2026-07-16T11:53:53.296883+00:00,2026-07-16T11:53:53.582617+00:00
file_6192565f7b4042fd,asset_5474a52ae2e93b2f,D:\Projects\adb_vl\vision_platform\ads\hard_negative_mining\batch_visual_negative_20260714\crops\hn_000435.png,vision_platform\ads\hard_negative_mining\batch_visual_negative_20260714\crops\hn_000435.png,ads,candidate_crop,crop,crop,raw,negative,reviewed,,2026-07-16T12:00:41.416401+00:00,2026-07-16T12:00:41.535399+00:00
file_cdae1b6587215de1,asset_d73a88ad80afa725,D:\Projects\adb_vl\vision_platform\ads\hard_negative_mining\batch_visual_negative_20260714\crops\hn_000436.png,vision_platform\ads\hard_negative_mining\batch_visual_negative_20260714\crops\hn_000436.png,ads,candidate_crop,crop,crop,raw,negative,reviewed,,2026-07-16T11:51:50.209390+00:00,2026-07-16T11:51:50.342890+00:00
file_aba9c46c1e8362cf,asset_db58b7734b7a237e,D:\Projects\adb_vl\vision_platform\ads\hard_negative_mining\batch_visual_negative_20260714\crops\hn_000437.png,vision_platform\ads\hard_negative_mining\batch_visual_negative_20260714\crops\hn_000437.png,ads,candidate_crop,crop,crop,raw,negative,reviewed,,2026-07-16T11:52:38.632435+00:00,2026-07-16T11:52:39.098215+00:00
file_344aa24cfd8f52fe,asset_467a52c34a17caa3,D:\Projects\adb_vl\vision_platform\ads\hard_negative_mining\batch_visual_negative_20260714\crops\hn_000438.png,vision_platform\ads\hard_negative_mining\batch_visual_negative_20260714\crops\hn_000438.png,ads,candidate_crop,crop,crop,raw,negative,reviewed,,2026-07-16T11:53:57.472130+00:00,2026-07-16T11:53:57.657798+00:00
file_176d5b104e56a3b7,asset_a50b8ded84cef065,D:\Projects\adb_vl\vision_platform\ads\hard_negative_mining\batch_visual_negative_20260714\crops\hn_000439.png,vision_platform\ads\hard_negative_mining\batch_visual_negative_20260714\crops\hn_000439.png,ads,candidate_crop,crop,crop,raw,negative,reviewed,,2026-07-16T11:52:51.107408+00:00,2026-07-16T11:52:51.553486+00:00
file_6ad738d9b178e236,asset_a0dcb07dc2f5b905,D:\Projects\adb_vl\vision_platform\ads\hard_negative_mining\batch_visual_negative_20260714\crops\hn_000440.png,vision_platform\ads\hard_negative_mining\batch_visual_negative_20260714\crops\hn_000440.png,ads,candidate_crop,crop,crop,raw,negative,reviewed,,2026-07-16T11:53:59.393162+00:00,2026-07-16T11:53:59.655636+00:00
file_0a817ead256eb13a,asset_7df6f950bddd88f9,D:\Projects\adb_vl\vision_platform\ads\hard_negative_mining\batch_visual_negative_20260714\crops\hn_000441.png,vision_platform\ads\hard_negative_mining\batch_visual_negative_20260714\crops\hn_000441.png,ads,candidate_crop,crop,crop,raw,negative,reviewed,,2026-07-16T11:53:01.301662+00:00,2026-07-16T11:53:01.745557+00:00
file_1a85fa2991aa93f7,asset_729342d62d8d49fa,D:\Projects\adb_vl\vision_platform\ads\hard_negative_mining\batch_visual_negative_20260714\crops\hn_000442.png,vision_platform\ads\hard_negative_mining\batch_visual_negative_20260714\crops\hn_000442.png,ads,candidate_crop,crop,crop,raw,negative,reviewed,,2026-07-16T11:52:57.364194+00:00,2026-07-16T11:52:57.560321+00:00
file_7938583d7fed3975,asset_98927a24f1a19ae5,D:\Projects\adb_vl\vision_platform\ads\hard_negative_mining\batch_visual_negative_20260714\crops\hn_000443.png,vision_platform\ads\hard_negative_mining\batch_visual_negative_20260714\crops\hn_000443.png,ads,candidate_crop,crop,crop,raw,negative,reviewed,,2026-07-16T11:51:48.107381+00:00,2026-07-16T11:51:48.304540+00:00
file_80e18effbb1172ed,asset_ad9c86e09b91f3cb,D:\Projects\adb_vl\vision_platform\ads\hard_negative_mining\batch_visual_negative_20260714\crops\hn_000444.png,vision_platform\ads\hard_negative_mining\batch_visual_negative_20260714\crops\hn_000444.png,ads,candidate_crop,crop,crop,raw,negative,reviewed,,2026-07-16T11:54:37.496876+00:00,2026-07-16T11:54:37.681193+00:00
file_9a4a696e9b4656f8,asset_e4ec6fe1e73c8fab,D:\Projects\adb_vl\vision_platform\ads\hard_negative_mining\batch_visual_negative_20260714\crops\hn_000445.png,vision_platform\ads\hard_negative_mining\batch_visual_negative_20260714\crops\hn_000445.png,ads,candidate_crop,crop,crop,raw,negative,reviewed,,2026-07-16T11:53:00.834298+00:00,2026-07-16T11:53:00.998767+00:00
file_2cc5a4ddf15183f1,asset_307e5b02106e11f1,D:\Projects\adb_vl\vision_platform\ads\hard_negative_mining\batch_visual_negative_20260714\crops\hn_000446.png,vision_platform\ads\hard_negative_mining\batch_visual_negative_20260714\crops\hn_000446.png,ads,candidate_crop,crop,crop,raw,negative,reviewed,,2026-07-16T11:51:50.381845+00:00,2026-07-16T11:51:50.528930+00:00
file_44548adfaee5a5bd,asset_467a52c34a17caa3,D:\Projects\adb_vl\vision_platform\ads\hard_negative_mining\batch_visual_negative_20260714\crops\hn_000447.png,vision_platform\ads\hard_negative_mining\batch_visual_negative_20260714\crops\hn_000447.png,ads,candidate_crop,crop,crop,raw,negative,reviewed,,2026-07-16T11:53:57.698984+00:00,2026-07-16T11:53:57.869241+00:00
file_cd29cdea7125144b,asset_a50b8ded84cef065,D:\Projects\adb_vl\vision_platform\ads\hard_negative_mining\batch_visual_negative_20260714\crops\hn_000448.png,vision_platform\ads\hard_negative_mining\batch_visual_negative_20260714\crops\hn_000448.png,ads,candidate_crop,crop,crop,raw,negative,reviewed,,2026-07-16T11:52:51.593547+00:00,2026-07-16T11:52:51.749573+00:00
file_de5dbeea00344e22,asset_a0dcb07dc2f5b905,D:\Projects\adb_vl\vision_platform\ads\hard_negative_mining\batch_visual_negative_20260714\crops\hn_000449.png,vision_platform\ads\hard_negative_mining\batch_visual_negative_20260714\crops\hn_000449.png,ads,candidate_crop,crop,crop,raw,negative,reviewed,,2026-07-16T11:53:59.696974+00:00,2026-07-16T11:53:59.843873+00:00
file_9270bd26b1805973,asset_7df6f950bddd88f9,D:\Projects\adb_vl\vision_platform\ads\hard_negative_mining\batch_visual_negative_20260714\crops\hn_000450.png,vision_platform\ads\hard_negative_mining\batch_visual_negative_20260714\crops\hn_000450.png,ads,candidate_crop,crop,crop,raw,negative,reviewed,,2026-07-16T11:53:01.786826+00:00,2026-07-16T11:53:02.342895+00:00
file_d1217f281df00709,asset_729342d62d8d49fa,D:\Projects\adb_vl\vision_platform\ads\hard_negative_mining\batch_visual_negative_20260714\crops\hn_000451.png,vision_platform\ads\hard_negative_mining\batch_visual_negative_20260714\crops\hn_000451.png,ads,candidate_crop,crop,crop,raw,negative,reviewed,,2026-07-16T11:52:57.602495+00:00,2026-07-16T11:52:57.793741+00:00
file_e588c77fd84d3ca8,asset_98927a24f1a19ae5,D:\Projects\adb_vl\vision_platform\ads\hard_negative_mining\batch_visual_negative_20260714\crops\hn_000452.png,vision_platform\ads\hard_negative_mining\batch_visual_negative_20260714\crops\hn_000452.png,ads,candidate_crop,crop,crop,raw,negative,reviewed,,2026-07-16T11:51:48.344884+00:00,2026-07-16T11:51:48.557736+00:00
file_a199e1a5f77190e7,asset_ad9c86e09b91f3cb,D:\Projects\adb_vl\vision_platform\ads\hard_negative_mining\batch_visual_negative_20260714\crops\hn_000453.png,vision_platform\ads\hard_negative_mining\batch_visual_negative_20260714\crops\hn_000453.png,ads,candidate_crop,crop,crop,raw,negative,reviewed,,2026-07-16T11:54:37.721478+00:00,2026-07-16T11:54:37.894343+00:00
file_59796d6bf9b338f9,asset_e4ec6fe1e73c8fab,D:\Projects\adb_vl\vision_platform\ads\hard_negative_mining\batch_visual_negative_20260714\crops\hn_000454.png,vision_platform\ads\hard_negative_mining\batch_visual_negative_20260714\crops\hn_000454.png,ads,candidate_crop,crop,crop,raw,negative,reviewed,,2026-07-16T11:53:01.047323+00:00,2026-07-16T11:53:01.259457+00:00
file_87c626cf3e42b73a,asset_307e5b02106e11f1,D:\Projects\adb_vl\vision_platform\ads\hard_negative_mining\batch_visual_negative_20260714\crops\hn_000455.png,vision_platform\ads\hard_negative_mining\batch_visual_negative_20260714\crops\hn_000455.png,ads,candidate_crop,crop,crop,raw,negative,reviewed,,2026-07-16T11:51:50.570158+00:00,2026-07-16T11:52:24.546987+00:00
file_b802e76e37a4a3e0,asset_1b00effb5b4f59d7,D:\Projects\adb_vl\vision_platform\ads\hard_negative_mining\batch_visual_negative_20260714\crops\hn_000456.png,vision_platform\ads\hard_negative_mining\batch_visual_negative_20260714\crops\hn_000456.png,ads,candidate_crop,crop,crop,raw,negative,reviewed,,2026-07-16T11:54:02.019173+00:00,2026-07-16T11:54:02.198955+00:00
file_276a28d3463b5cd1,asset_95f3c8776d31be18,D:\Projects\adb_vl\vision_platform\ads\hard_negative_mining\batch_visual_negative_20260714\crops\hn_000457.png,vision_platform\ads\hard_negative_mining\batch_visual_negative_20260714\crops\hn_000457.png,ads,candidate_crop,crop,crop,raw,negative,reviewed,,2026-07-16T12:00:52.944506+00:00,2026-07-16T12:00:53.067197+00:00
file_f45f37c18153c82f,asset_0d9906356f208687,D:\Projects\adb_vl\vision_platform\ads\hard_negative_mining\batch_visual_negative_20260714\crops\hn_000458.png,vision_platform\ads\hard_negative_mining\batch_visual_negative_20260714\crops\hn_000458.png,ads,candidate_crop,crop,crop,raw,negative,reviewed,,2026-07-16T11:54:10.394214+00:00,2026-07-16T22:48:53.528825+00:00
file_0f08b035eb6652b0,asset_45179bd4f2e585ba,D:\Projects\adb_vl\vision_platform\ads\hard_negative_mining\batch_visual_negative_20260714\crops\hn_000459.png,vision_platform\ads\hard_negative_mining\batch_visual_negative_20260714\crops\hn_000459.png,ads,candidate_crop,crop,crop,raw,negative,reviewed,,2026-07-16T12:00:38.217678+00:00,2026-07-16T12:00:38.295273+00:00
file_426ef8c26be634e5,asset_95f3c8776d31be18,D:\Projects\adb_vl\vision_platform\ads\hard_negative_mining\batch_visual_negative_20260714\crops\hn_000460.png,vision_platform\ads\hard_negative_mining\batch_visual_negative_20260714\crops\hn_000460.png,ads,candidate_crop,crop,crop,raw,negative,reviewed,,2026-07-16T12:00:53.107126+00:00,2026-07-16T12:00:53.279664+00:00
file_7fbcbc970bab12d6,asset_0d9906356f208687,D:\Projects\adb_vl\vision_platform\ads\hard_negative_mining\batch_visual_negative_20260714\crops\hn_000461.png,vision_platform\ads\hard_negative_mining\batch_visual_negative_20260714\crops\hn_000461.png,ads,candidate_crop,crop,crop,raw,negative,reviewed,,2026-07-16T11:54:10.617786+00:00,2026-07-16T22:48:54.084614+00:00
file_b34522e8af0adc7c,asset_45179bd4f2e585ba,D:\Projects\adb_vl\vision_platform\ads\hard_negative_mining\batch_visual_negative_20260714\crops\hn_000462.png,vision_platform\ads\hard_negative_mining\batch_visual_negative_20260714\crops\hn_000462.png,ads,candidate_crop,crop,crop,raw,negative,reviewed,,2026-07-16T12:00:38.332352+00:00,2026-07-16T12:00:38.609526+00:00
file_bb81ca257c30b5fa,asset_07e1c3cf78b4b917,D:\Projects\adb_vl\vision_platform\ads\hard_negative_mining\batch_visual_negative_20260714\crops\hn_000463.png,vision_platform\ads\hard_negative_mining\batch_visual_negative_20260714\crops\hn_000463.png,ads,candidate_crop,crop,crop,raw,negative,reviewed,,2026-07-16T12:00:53.671525+00:00,2026-07-16T12:00:54.465526+00:00
file_7fb1e4a6a45e728a,asset_0456bb695cc0e6b1,D:\Projects\adb_vl\vision_platform\ads\hard_negative_mining\batch_visual_negative_20260714\crops\hn_000464.png,vision_platform\ads\hard_negative_mining\batch_visual_negative_20260714\crops\hn_000464.png,ads,candidate_crop,crop,crop,raw,negative,reviewed,,2026-07-16T12:01:09.755322+00:00,2026-07-16T12:01:09.943642+00:00
file_8aa4dadeeec02720,asset_fb7c62ad9232883c,D:\Projects\adb_vl\vision_platform\ads\hard_negative_mining\batch_visual_negative_20260714\crops\hn_000465.png,vision_platform\ads\hard_negative_mining\batch_visual_negative_20260714\crops\hn_000465.png,ads,candidate_crop,crop,crop,raw,negative,reviewed,,2026-07-16T12:00:58.877728+00:00,2026-07-16T12:00:59.033536+00:00
file_a3352dc74c5f11eb,asset_4368d3023586bce9,D:\Projects\adb_vl\vision_platform\ads\hard_negative_mining\batch_visual_negative_20260714\crops\hn_000466.png,vision_platform\ads\hard_negative_mining\batch_visual_negative_20260714\crops\hn_000466.png,ads,candidate_crop,crop,crop,raw,negative,reviewed,,2026-07-16T12:00:42.331003+00:00,2026-07-16T12:00:42.510271+00:00
file_8d1899996bb47db4,asset_973d7f536645eaf0,D:\Projects\adb_vl\vision_platform\ads\hard_negative_mining\batch_visual_negative_20260714\crops\hn_000467.png,vision_platform\ads\hard_negative_mining\batch_visual_negative_20260714\crops\hn_000467.png,ads,candidate_crop,crop,crop,raw,negative,reviewed,,2026-07-16T11:54:23.891849+00:00,2026-07-16T11:54:24.031112+00:00
file_52352db16febab53,asset_c925c1cbebe902d8,D:\Projects\adb_vl\vision_platform\ads\hard_negative_mining\batch_visual_negative_20260714\crops\hn_000468.png,vision_platform\ads\hard_negative_mining\batch_visual_negative_20260714\crops\hn_000468.png,ads,candidate_crop,crop,crop,raw,negative,reviewed,,2026-07-16T11:54:23.448495+00:00,2026-07-16T11:54:23.663172+00:00
file_3ada7e051e3adc5b,asset_37a8095027de793b,D:\Projects\adb_vl\vision_platform\ads\hard_negative_mining\batch_visual_negative_20260714\crops\hn_000469.png,vision_platform\ads\hard_negative_mining\batch_visual_negative_20260714\crops\hn_000469.png,ads,candidate_crop,crop,crop,raw,negative,reviewed,,2026-07-16T11:54:11.947401+00:00,2026-07-16T11:54:12.160329+00:00
file_2196711fbe063a08,asset_0eb7001fb90c7ab5,D:\Projects\adb_vl\vision_platform\ads\hard_negative_mining\batch_visual_negative_20260714\crops\hn_000470.png,vision_platform\ads\hard_negative_mining\batch_visual_negative_20260714\crops\hn_000470.png,ads,candidate_crop,crop,crop,raw,negative,reviewed,,2026-07-16T12:00:57.717640+00:00,2026-07-16T12:00:58.669523+00:00
file_a11dbc89164cb5d9,asset_e81029be4d5f2f38,D:\Projects\adb_vl\vision_platform\ads\hard_negative_mining\batch_visual_negative_20260714\crops\hn_000471.png,vision_platform\ads\hard_negative_mining\batch_visual_negative_20260714\crops\hn_000471.png,ads,candidate_crop,crop,crop,raw,negative,reviewed,,2026-07-16T12:00:53.319909+00:00,2026-07-16T12:00:53.459531+00:00
file_3fb23508805b4005,asset_0b590b370863f8c6,D:\Projects\adb_vl\vision_platform\ads\hard_negative_mining\batch_visual_negative_20260714\crops\hn_000472.png,vision_platform\ads\hard_negative_mining\batch_visual_negative_20260714\crops\hn_000472.png,ads,candidate_crop,crop,crop,raw,negative,reviewed,,2026-07-16T12:01:10.205097+00:00,2026-07-16T12:01:10.401546+00:00
file_24159310c6ee980f,asset_07e1c3cf78b4b917,D:\Projects\adb_vl\vision_platform\ads\hard_negative_mining\batch_visual_negative_20260714\crops\hn_000473.png,vision_platform\ads\hard_negative_mining\batch_visual_negative_20260714\crops\hn_000473.png,ads,candidate_crop,crop,crop,raw,negative,reviewed,,2026-07-16T12:00:54.535722+00:00,2026-07-16T12:00:54.626022+00:00
file_ecea4baaac531b28,asset_0456bb695cc0e6b1,D:\Projects\adb_vl\vision_platform\ads\hard_negative_mining\batch_visual_negative_20260714\crops\hn_000474.png,vision_platform\ads\hard_negative_mining\batch_visual_negative_20260714\crops\hn_000474.png,ads,candidate_crop,crop,crop,raw,negative,reviewed,,2026-07-16T12:01:10.000663+00:00,2026-07-16T12:01:10.172241+00:00
file_20e4899f9a0949b3,asset_fb7c62ad9232883c,D:\Projects\adb_vl\vision_platform\ads\hard_negative_mining\batch_visual_negative_20260714\crops\hn_000475.png,vision_platform\ads\hard_negative_mining\batch_visual_negative_20260714\crops\hn_000475.png,ads,candidate_crop,crop,crop,raw,negative,reviewed,,2026-07-16T12:00:59.109244+00:00,2026-07-16T12:00:59.224294+00:00
file_7d257c53c984c767,asset_4368d3023586bce9,D:\Projects\adb_vl\vision_platform\ads\hard_negative_mining\batch_visual_negative_20260714\crops\hn_000476.png,vision_platform\ads\hard_negative_mining\batch_visual_negative_20260714\crops\hn_000476.png,ads,candidate_crop,crop,crop,raw,negative,reviewed,,2026-07-16T12:00:42.559423+00:00,2026-07-16T12:00:42.715364+00:00
file_77f4da6c43badf8b,asset_973d7f536645eaf0,D:\Projects\adb_vl\vision_platform\ads\hard_negative_mining\batch_visual_negative_20260714\crops\hn_000477.png,vision_platform\ads\hard_negative_mining\batch_visual_negative_20260714\crops\hn_000477.png,ads,candidate_crop,crop,crop,raw,negative,reviewed,,2026-07-16T11:54:24.071252+00:00,2026-07-16T11:54:24.185738+00:00
file_3cbf464078475f46,asset_c925c1cbebe902d8,D:\Projects\adb_vl\vision_platform\ads\hard_negative_mining\batch_visual_negative_20260714\crops\hn_000478.png,vision_platform\ads\hard_negative_mining\batch_visual_negative_20260714\crops\hn_000478.png,ads,candidate_crop,crop,crop,raw,negative,reviewed,,2026-07-16T11:54:23.703306+00:00,2026-07-16T11:54:23.850443+00:00
file_2835bf6b613bb260,asset_37a8095027de793b,D:\Projects\adb_vl\vision_platform\ads\hard_negative_mining\batch_visual_negative_20260714\crops\hn_000479.png,vision_platform\ads\hard_negative_mining\batch_visual_negative_20260714\crops\hn_000479.png,ads,candidate_crop,crop,crop,raw,negative,reviewed,,2026-07-16T11:54:12.214446+00:00,2026-07-16T11:54:12.369458+00:00
file_18d1b5108e9f08b8,asset_0eb7001fb90c7ab5,D:\Projects\adb_vl\vision_platform\ads\hard_negative_mining\batch_visual_negative_20260714\crops\hn_000480.png,vision_platform\ads\hard_negative_mining\batch_visual_negative_20260714\crops\hn_000480.png,ads,candidate_crop,crop,crop,raw,negative,reviewed,,2026-07-16T12:00:58.710836+00:00,2026-07-16T12:00:58.836362+00:00
file_7eaed53e6221e854,asset_e81029be4d5f2f38,D:\Projects\adb_vl\vision_platform\ads\hard_negative_mining\batch_visual_negative_20260714\crops\hn_000481.png,vision_platform\ads\hard_negative_mining\batch_visual_negative_20260714\crops\hn_000481.png,ads,candidate_crop,crop,crop,raw,negative,reviewed,,2026-07-16T12:00:53.500705+00:00,2026-07-16T12:00:53.639207+00:00
file_247878eeb2153bcd,asset_0b590b370863f8c6,D:\Projects\adb_vl\vision_platform\ads\hard_negative_mining\batch_visual_negative_20260714\crops\hn_000482.png,vision_platform\ads\hard_negative_mining\batch_visual_negative_20260714\crops\hn_000482.png,ads,candidate_crop,crop,crop,raw,negative,reviewed,,2026-07-16T12:01:10.463360+00:00,2026-07-16T12:01:10.638436+00:00
file_9eee08746eb5772e,asset_c6b501de27429b96,D:\Projects\adb_vl\vision_platform\ads\hard_negative_mining\batch_visual_negative_20260714\crops\hn_000483.png,vision_platform\ads\hard_negative_mining\batch_visual_negative_20260714\crops\hn_000483.png,ads,candidate_crop,crop,crop,raw,negative,reviewed,,2026-07-16T11:53:49.856111+00:00,2026-07-16T11:53:50.044089+00:00
file_c71ae0f3a13520fc,asset_be923395b401e764,D:\Projects\adb_vl\vision_platform\ads\hard_negative_mining\batch_visual_negative_20260714\crops\hn_000484.png,vision_platform\ads\hard_negative_mining\batch_visual_negative_20260714\crops\hn_000484.png,ads,candidate_crop,crop,crop,raw,negative,reviewed,,2026-07-16T11:54:34.864542+00:00,2026-07-16T11:54:35.011575+00:00
file_92152b71dcfb2dc1,asset_c6b501de27429b96,D:\Projects\adb_vl\vision_platform\ads\hard_negative_mining\batch_visual_negative_20260714\crops\hn_000485.png,vision_platform\ads\hard_negative_mining\batch_visual_negative_20260714\crops\hn_000485.png,ads,candidate_crop,crop,crop,raw,negative,reviewed,,2026-07-16T11:53:50.094299+00:00,2026-07-16T11:53:50.747275+00:00
file_25dbbfdb3b13b598,asset_be923395b401e764,D:\Projects\adb_vl\vision_platform\ads\hard_negative_mining\batch_visual_negative_20260714\crops\hn_000486.png,vision_platform\ads\hard_negative_mining\batch_visual_negative_20260714\crops\hn_000486.png,ads,candidate_crop,crop,crop,raw,negative,reviewed,,2026-07-16T11:54:35.053052+00:00,2026-07-16T11:54:35.241089+00:00
file_698ab4d8dfdaa70c,asset_c412159d54d19f56,D:\Projects\adb_vl\vision_platform\ads\hard_negative_mining\batch_visual_negative_20260714\crops\hn_000487.png,vision_platform\ads\hard_negative_mining\batch_visual_negative_20260714\crops\hn_000487.png,ads,candidate_crop,crop,crop,raw,negative,reviewed,,2026-07-16T11:54:36.616172+00:00,2026-07-16T11:54:36.730889+00:00
file_25cdece063e952b2,asset_e3338db9463b440a,D:\Projects\adb_vl\vision_platform\ads\hard_negative_mining\batch_visual_negative_20260714\crops\hn_000488.png,vision_platform\ads\hard_negative_mining\batch_visual_negative_20260714\crops\hn_000488.png,ads,candidate_crop,crop,crop,raw,negative,reviewed,,2026-07-16T12:01:06.754206+00:00,2026-07-16T12:01:06.983790+00:00
file_1e09171eccd10a88,asset_a9da8bac3bf76043,D:\Projects\adb_vl\vision_platform\ads\hard_negative_mining\batch_visual_negative_20260714\crops\hn_000489.png,vision_platform\ads\hard_negative_mining\batch_visual_negative_20260714\crops\hn_000489.png,ads,candidate_crop,crop,crop,raw,negative,reviewed,,2026-07-16T12:01:04.849638+00:00,2026-07-16T12:01:05.000087+00:00
file_88b0a092c83df5ed,asset_c412159d54d19f56,D:\Projects\adb_vl\vision_platform\ads\hard_negative_mining\batch_visual_negative_20260714\crops\hn_000490.png,vision_platform\ads\hard_negative_mining\batch_visual_negative_20260714\crops\hn_000490.png,ads,candidate_crop,crop,crop,raw,negative,reviewed,,2026-07-16T11:54:36.771749+00:00,2026-07-16T11:54:36.933333+00:00
file_5f26f1784fef09f1,asset_e3338db9463b440a,D:\Projects\adb_vl\vision_platform\ads\hard_negative_mining\batch_visual_negative_20260714\crops\hn_000491.png,vision_platform\ads\hard_negative_mining\batch_visual_negative_20260714\crops\hn_000491.png,ads,candidate_crop,crop,crop,raw,negative,reviewed,,2026-07-16T12:01:07.024409+00:00,2026-07-16T12:01:07.187453+00:00
file_06f176974802dfd8,asset_a9da8bac3bf76043,D:\Projects\adb_vl\vision_platform\ads\hard_negative_mining\batch_visual_negative_20260714\crops\hn_000492.png,vision_platform\ads\hard_negative_mining\batch_visual_negative_20260714\crops\hn_000492.png,ads,candidate_crop,crop,crop,raw,negative,reviewed,,2026-07-16T12:01:05.048606+00:00,2026-07-16T12:01:05.520565+00:00
file_c736f74bbedbeb30,asset_b61fa7e905cd1a2f,D:\Projects\adb_vl\vision_platform\ads\hard_negative_mining\batch_visual_negative_20260714\crops\hn_000493.png,vision_platform\ads\hard_negative_mining\batch_visual_negative_20260714\crops\hn_000493.png,ads,candidate_crop,crop,crop,raw,negative,reviewed,,2026-07-16T11:54:34.253277+00:00,2026-07-16T11:54:34.614381+00:00
file_cbce7689f2e7b16c,asset_c412159d54d19f56,D:\Projects\adb_vl\vision_platform\ads\hard_negative_mining\batch_visual_negative_20260714\crops\hn_000494.png,vision_platform\ads\hard_negative_mining\batch_visual_negative_20260714\crops\hn_000494.png,ads,candidate_crop,crop,crop,raw,negative,reviewed,,2026-07-16T11:54:36.974680+00:00,2026-07-16T11:54:37.152147+00:00
file_d681784b24e6089d,asset_d81ae443cf1200bd,D:\Projects\adb_vl\vision_platform\ads\hard_negative_mining\batch_visual_negative_20260714\crops\hn_000495.png,vision_platform\ads\hard_negative_mining\batch_visual_negative_20260714\crops\hn_000495.png,ads,candidate_crop,crop,crop,raw,negative,reviewed,,2026-07-16T12:00:54.874330+00:00,2026-07-16T12:00:55.063623+00:00
file_645c5e886e00759e,asset_f7678a5e6f931254,D:\Projects\adb_vl\vision_platform\ads\hard_negative_mining\batch_visual_negative_20260714\crops\hn_000496.png,vision_platform\ads\hard_negative_mining\batch_visual_negative_20260714\crops\hn_000496.png,ads,candidate_crop,crop,crop,raw,negative,reviewed,,2026-07-16T12:01:05.911440+00:00,2026-07-16T12:01:06.452139+00:00
file_e4dc47555a2f4b23,asset_a9da8bac3bf76043,D:\Projects\adb_vl\vision_platform\ads\hard_negative_mining\batch_visual_negative_20260714\crops\hn_000497.png,vision_platform\ads\hard_negative_mining\batch_visual_negative_20260714\crops\hn_000497.png,ads,candidate_crop,crop,crop,raw,negative,reviewed,,2026-07-16T12:01:05.577813+00:00,2026-07-16T12:01:05.717784+00:00
file_62093f5328a11df1,asset_b61fa7e905cd1a2f,D:\Projects\adb_vl\vision_platform\ads\hard_negative_mining\batch_visual_negative_20260714\crops\hn_000498.png,vision_platform\ads\hard_negative_mining\batch_visual_negative_20260714\crops\hn_000498.png,ads,candidate_crop,crop,crop,raw,negative,reviewed,,2026-07-16T11:54:34.654027+00:00,2026-07-16T11:54:34.824344+00:00
file_02fb6342b36397e3,asset_c412159d54d19f56,D:\Projects\adb_vl\vision_platform\ads\hard_negative_mining\batch_visual_negative_20260714\crops\hn_000499.png,vision_platform\ads\hard_negative_mining\batch_visual_negative_20260714\crops\hn_000499.png,ads,candidate_crop,crop,crop,raw,negative,reviewed,,2026-07-16T11:54:37.194189+00:00,2026-07-16T11:54:37.455410+00:00
file_1cfad5c708d77183,asset_d81ae443cf1200bd,D:\Projects\adb_vl\vision_platform\ads\hard_negative_mining\batch_visual_negative_20260714\crops\hn_000500.png,vision_platform\ads\hard_negative_mining\batch_visual_negative_20260714\crops\hn_000500.png,ads,candidate_crop,crop,crop,raw,negative,reviewed,,2026-07-16T12:00:55.104332+00:00,2026-07-16T12:00:55.258890+00:00
file_3ac4684d297103ab,asset_f7678a5e6f931254,D:\Projects\adb_vl\vision_platform\ads\hard_negative_mining\batch_visual_negative_20260714\crops\hn_000501.png,vision_platform\ads\hard_negative_mining\batch_visual_negative_20260714\crops\hn_000501.png,ads,candidate_crop,crop,crop,raw,negative,reviewed,,2026-07-16T12:01:06.501391+00:00,2026-07-16T12:01:06.704963+00:00
file_4b7519384af52cfa,asset_a9da8bac3bf76043,D:\Projects\adb_vl\vision_platform\ads\hard_negative_mining\batch_visual_negative_20260714\crops\hn_000502.png,vision_platform\ads\hard_negative_mining\batch_visual_negative_20260714\crops\hn_000502.png,ads,candidate_crop,crop,crop,raw,negative,reviewed,,2026-07-16T12:01:05.760249+00:00,2026-07-16T12:01:05.861573+00:00
file_fb0d7e73125c05cc,asset_e7fea01bc0b14283,D:\Projects\adb_vl\vision_platform\ads\hard_negative_mining\batch_visual_negative_20260714\crops\hn_000503.png,vision_platform\ads\hard_negative_mining\batch_visual_negative_20260714\crops\hn_000503.png,ads,candidate_crop,crop,crop,raw,negative,reviewed,,2026-07-16T11:53:02.384074+00:00,2026-07-16T11:53:02.498279+00:00
file_9ac929c0e2bb89c7,asset_3f363ed316e8c63b,D:\Projects\adb_vl\vision_platform\ads\hard_negative_mining\batch_visual_negative_20260714\crops\hn_000504.png,vision_platform\ads\hard_negative_mining\batch_visual_negative_20260714\crops\hn_000504.png,ads,candidate_crop,crop,crop,raw,negative,reviewed,,2026-07-16T11:53:10.619553+00:00,2026-07-16T22:48:50.120150+00:00
file_54e3bd63fdceb305,asset_2a0f570b2f00cb3d,D:\Projects\adb_vl\vision_platform\ads\hard_negative_mining\batch_visual_negative_20260714\crops\hn_000505.png,vision_platform\ads\hard_negative_mining\batch_visual_negative_20260714\crops\hn_000505.png,ads,candidate_crop,crop,crop,raw,negative,reviewed,,2026-07-16T11:54:03.229352+00:00,2026-07-16T11:54:03.559425+00:00
file_0ca7929710908e6d,asset_f41984001785bb2e,D:\Projects\adb_vl\vision_platform\ads\hard_negative_mining\batch_visual_negative_20260714\crops\hn_000506.png,vision_platform\ads\hard_negative_mining\batch_visual_negative_20260714\crops\hn_000506.png,ads,candidate_crop,crop,crop,raw,negative,reviewed,,2026-07-16T11:54:03.821925+00:00,2026-07-16T11:54:04.005938+00:00
file_62cb550c0c1eca55,asset_07c15594c440c640,D:\Projects\adb_vl\vision_platform\ads\hard_negative_mining\batch_visual_negative_20260714\crops\hn_000507.png,vision_platform\ads\hard_negative_mining\batch_visual_negative_20260714\crops\hn_000507.png,ads,candidate_crop,crop,crop,raw,negative,reviewed,,2026-07-16T11:54:38.377399+00:00,2026-07-16T11:54:38.552435+00:00
file_80109e6312647797,asset_d1e153feb5d24055,D:\Projects\adb_vl\vision_platform\ads\hard_negative_mining\batch_visual_negative_20260714\crops\hn_000508.png,vision_platform\ads\hard_negative_mining\batch_visual_negative_20260714\crops\hn_000508.png,ads,candidate_crop,crop,crop,raw,negative,reviewed,,2026-07-16T12:00:43.148673+00:00,2026-07-16T12:00:43.312615+00:00
file_87cab4fe9cb57458,asset_07c15594c440c640,D:\Projects\adb_vl\vision_platform\ads\hard_negative_mining\batch_visual_negative_20260714\crops\hn_000509.png,vision_platform\ads\hard_negative_mining\batch_visual_negative_20260714\crops\hn_000509.png,ads,candidate_crop,crop,crop,raw,negative,reviewed,,2026-07-16T11:54:38.593764+00:00,2026-07-16T11:54:38.789683+00:00
file_14cc2fd6c233eebc,asset_d1e153feb5d24055,D:\Projects\adb_vl\vision_platform\ads\hard_negative_mining\batch_visual_negative_20260714\crops\hn_000510.png,vision_platform\ads\hard_negative_mining\batch_visual_negative_20260714\crops\hn_000510.png,ads,candidate_crop,crop,crop,raw,negative,reviewed,,2026-07-16T12:00:43.360660+00:00,2026-07-16T12:00:43.499654+00:00
file_d0c5fe72a1230b6a,asset_8dd5c61457b2b3ad,D:\Projects\adb_vl\vision_platform\ads\hard_negative_mining\batch_visual_negative_20260714\crops\hn_000511.png,vision_platform\ads\hard_negative_mining\batch_visual_negative_20260714\crops\hn_000511.png,ads,candidate_crop,crop,crop,raw,negative,reviewed,,2026-07-16T11:54:44.357433+00:00,2026-07-16T11:54:45.030068+00:00
file_3151c7fb58875bdb,asset_42ac010188926cee,D:\Projects\adb_vl\vision_platform\ads\hard_negative_mining\batch_visual_negative_20260714\crops\hn_000512.png,vision_platform\ads\hard_negative_mining\batch_visual_negative_20260714\crops\hn_000512.png,ads,candidate_crop,crop,crop,raw,negative,reviewed,,2026-07-16T12:01:04.486324+00:00,2026-07-16T12:01:04.620875+00:00
file_72f9e642b73ff79f,asset_30eada6e537ba869,D:\Projects\adb_vl\vision_platform\ads\hard_negative_mining\batch_visual_negative_20260714\crops\hn_000513.png,vision_platform\ads\hard_negative_mining\batch_visual_negative_20260714\crops\hn_000513.png,ads,candidate_crop,crop,crop,raw,negative,reviewed,,2026-07-16T12:00:56.125247+00:00,2026-07-16T12:00:56.247059+00:00
file_f694c6232887136a,asset_8dd5c61457b2b3ad,D:\Projects\adb_vl\vision_platform\ads\hard_negative_mining\batch_visual_negative_20260714\crops\hn_000514.png,vision_platform\ads\hard_negative_mining\batch_visual_negative_20260714\crops\hn_000514.png,ads,candidate_crop,crop,crop,raw,negative,reviewed,,2026-07-16T11:54:45.071515+00:00,2026-07-16T11:54:45.888814+00:00
file_4a46dc3b70f345eb,asset_42ac010188926cee,D:\Projects\adb_vl\vision_platform\ads\hard_negative_mining\batch_visual_negative_20260714\crops\hn_000515.png,vision_platform\ads\hard_negative_mining\batch_visual_negative_20260714\crops\hn_000515.png,ads,candidate_crop,crop,crop,raw,negative,reviewed,,2026-07-16T12:01:04.667281+00:00,2026-07-16T12:01:04.819136+00:00
file_ee319f420cecc510,asset_30eada6e537ba869,D:\Projects\adb_vl\vision_platform\ads\hard_negative_mining\batch_visual_negative_20260714\crops\hn_000516.png,vision_platform\ads\hard_negative_mining\batch_visual_negative_20260714\crops\hn_000516.png,ads,candidate_crop,crop,crop,raw,negative,reviewed,,2026-07-16T12:00:56.280719+00:00,2026-07-16T12:00:56.443283+00:00
file_2f29f8736a753e53,asset_aee12920a8e1635a,D:\Projects\adb_vl\vision_platform\ads\hard_negative_mining\batch_visual_negative_20260714\crops\hn_000517.png,vision_platform\ads\hard_negative_mining\batch_visual_negative_20260714\crops\hn_000517.png,ads,candidate_crop,crop,crop,raw,negative,reviewed,,2026-07-16T11:52:59.057194+00:00,2026-07-16T11:52:59.289388+00:00
file_923f8f909d6fb52d,asset_6916e15b3e5f02d7,D:\Projects\adb_vl\vision_platform\ads\hard_negative_mining\batch_visual_negative_20260714\crops\hn_000518.png,vision_platform\ads\hard_negative_mining\batch_visual_negative_20260714\crops\hn_000518.png,ads,candidate_crop,crop,crop,raw,negative,reviewed,,2026-07-16T11:52:59.527252+00:00,2026-07-16T11:52:59.729379+00:00
file_987145385462b025,asset_4e608738c595692a,D:\Projects\adb_vl\vision_platform\ads\hard_negative_mining\batch_visual_negative_20260714\crops\hn_000519.png,vision_platform\ads\hard_negative_mining\batch_visual_negative_20260714\crops\hn_000519.png,ads,candidate_crop,crop,crop,raw,negative,reviewed,,2026-07-16T11:53:09.368863+00:00,2026-07-16T11:53:09.502867+00:00
file_0d58c2c54e27a062,asset_ea66fd1ad75d8afe,D:\Projects\adb_vl\vision_platform\ads\hard_negative_mining\batch_visual_negative_20260714\crops\hn_000520.png,vision_platform\ads\hard_negative_mining\batch_visual_negative_20260714\crops\hn_000520.png,ads,candidate_crop,crop,crop,raw,negative,reviewed,,2026-07-16T11:53:08.728747+00:00,2026-07-16T11:53:08.944232+00:00
file_d7b838ad3c7f0f9b,asset_658a08f4cdee1bf6,D:\Projects\adb_vl\vision_platform\ads\hard_negative_mining\batch_visual_negative_20260714\crops\hn_000521.png,vision_platform\ads\hard_negative_mining\batch_visual_negative_20260714\crops\hn_000521.png,ads,candidate_crop,crop,crop,raw,negative,reviewed,,2026-07-16T11:53:00.415965+00:00,2026-07-16T11:53:00.564754+00:00
file_a57c45f4c381c6f3,asset_8226bffb9ee871c5,D:\Projects\adb_vl\vision_platform\ads\hard_negative_mining\batch_visual_negative_20260714\crops\hn_000522.png,vision_platform\ads\hard_negative_mining\batch_visual_negative_20260714\crops\hn_000522.png,ads,candidate_crop,crop,crop,raw,negative,reviewed,,2026-07-16T11:52:56.269977+00:00,2026-07-16T11:52:56.401756+00:00
file_39ded8a51a666115,asset_aec6f5737582ccd6,D:\Projects\adb_vl\vision_platform\ads\hard_negative_mining\batch_visual_negative_20260714\crops\hn_000523.png,vision_platform\ads\hard_negative_mining\batch_visual_negative_20260714\crops\hn_000523.png,ads,candidate_crop,crop,crop,raw,negative,reviewed,,2026-07-16T11:52:56.785996+00:00,2026-07-16T11:52:57.031330+00:00
file_f9bf2e52219ec041,asset_f28598b5e6392e36,D:\Projects\adb_vl\vision_platform\ads\hard_negative_mining\batch_visual_negative_20260714\crops\hn_000524.png,vision_platform\ads\hard_negative_mining\batch_visual_negative_20260714\crops\hn_000524.png,ads,candidate_crop,crop,crop,raw,negative,reviewed,,2026-07-16T11:52:47.225977+00:00,2026-07-16T11:52:50.256748+00:00
file_f319839a367a699e,asset_cf42023e5725393c,D:\Projects\adb_vl\vision_platform\ads\hard_negative_mining\batch_visual_negative_20260714\crops\hn_000525.png,vision_platform\ads\hard_negative_mining\batch_visual_negative_20260714\crops\hn_000525.png,ads,candidate_crop,crop,crop,raw,negative,reviewed,,2026-07-16T11:54:14.928617+00:00,2026-07-16T22:48:54.616102+00:00
file_dbe23edbc0f646fa,asset_aee12920a8e1635a,D:\Projects\adb_vl\vision_platform\ads\hard_negative_mining\batch_visual_negative_20260714\crops\hn_000526.png,vision_platform\ads\hard_negative_mining\batch_visual_negative_20260714\crops\hn_000526.png,ads,candidate_crop,crop,crop,raw,negative,reviewed,,2026-07-16T11:52:59.322623+00:00,2026-07-16T11:52:59.494580+00:00
file_dbf970c1e3ffbc38,asset_6916e15b3e5f02d7,D:\Projects\adb_vl\vision_platform\ads\hard_negative_mining\batch_visual_negative_20260714\crops\hn_000527.png,vision_platform\ads\hard_negative_mining\batch_visual_negative_20260714\crops\hn_000527.png,ads,candidate_crop,crop,crop,raw,negative,reviewed,,2026-07-16T11:52:59.778840+00:00,2026-07-16T11:53:00.366804+00:00
file_23a787ecef9fdd7c,asset_4e608738c595692a,D:\Projects\adb_vl\vision_platform\ads\hard_negative_mining\batch_visual_negative_20260714\crops\hn_000528.png,vision_platform\ads\hard_negative_mining\batch_visual_negative_20260714\crops\hn_000528.png,ads,candidate_crop,crop,crop,raw,negative,reviewed,,2026-07-16T11:53:09.535835+00:00,2026-07-16T11:53:09.748765+00:00
file_8d97298b3157a670,asset_ea66fd1ad75d8afe,D:\Projects\adb_vl\vision_platform\ads\hard_negative_mining\batch_visual_negative_20260714\crops\hn_000529.png,vision_platform\ads\hard_negative_mining\batch_visual_negative_20260714\crops\hn_000529.png,ads,candidate_crop,crop,crop,raw,negative,reviewed,,2026-07-16T11:53:08.984747+00:00,2026-07-16T11:53:09.327284+00:00
file_78e8cb5ac19e8be2,asset_658a08f4cdee1bf6,D:\Projects\adb_vl\vision_platform\ads\hard_negative_mining\batch_visual_negative_20260714\crops\hn_000530.png,vision_platform\ads\hard_negative_mining\batch_visual_negative_20260714\crops\hn_000530.png,ads,candidate_crop,crop,crop,raw,negative,reviewed,,2026-07-16T11:53:00.605935+00:00,2026-07-16T11:53:00.793256+00:00
file_2b55d011077b8365,asset_8226bffb9ee871c5,D:\Projects\adb_vl\vision_platform\ads\hard_negative_mining\batch_visual_negative_20260714\crops\hn_000531.png,vision_platform\ads\hard_negative_mining\batch_visual_negative_20260714\crops\hn_000531.png,ads,candidate_crop,crop,crop,raw,negative,reviewed,,2026-07-16T11:52:56.441957+00:00,2026-07-16T11:52:56.744623+00:00
file_fc14f41ec9bfe53c,asset_aec6f5737582ccd6,D:\Projects\adb_vl\vision_platform\ads\hard_negative_mining\batch_visual_negative_20260714\crops\hn_000532.png,vision_platform\ads\hard_negative_mining\batch_visual_negative_20260714\crops\hn_000532.png,ads,candidate_crop,crop,crop,raw,negative,reviewed,,2026-07-16T11:52:57.077447+00:00,2026-07-16T11:52:57.322545+00:00
file_128c54ad7658d290,asset_f28598b5e6392e36,D:\Projects\adb_vl\vision_platform\ads\hard_negative_mining\batch_visual_negative_20260714\crops\hn_000533.png,vision_platform\ads\hard_negative_mining\batch_visual_negative_20260714\crops\hn_000533.png,ads,candidate_crop,crop,crop,raw,negative,reviewed,,2026-07-16T11:52:50.302689+00:00,2026-07-16T11:52:51.067097+00:00
file_369d1f8224cacbef,asset_cf42023e5725393c,D:\Projects\adb_vl\vision_platform\ads\hard_negative_mining\batch_visual_negative_20260714\crops\hn_000534.png,vision_platform\ads\hard_negative_mining\batch_visual_negative_20260714\crops\hn_000534.png,ads,candidate_crop,crop,crop,raw,negative,reviewed,,2026-07-16T11:54:15.134213+00:00,2026-07-16T22:48:55.041847+00:00
file_ab36935b139816fa,asset_bce3541345c1cf44,D:\Projects\adb_vl\vision_platform\ads\hard_negative_mining\batch_visual_negative_20260714\crops\hn_000535.png,vision_platform\ads\hard_negative_mining\batch_visual_negative_20260714\crops\hn_000535.png,ads,candidate_crop,crop,crop,raw,negative,reviewed,,2026-07-16T12:00:55.732246+00:00,2026-07-16T12:00:56.085006+00:00
file_f47a194a48eb303f,asset_b8e24783cba5f65a,D:\Projects\adb_vl\vision_platform\ads\hard_negative_mining\batch_visual_negative_20260714\crops\hn_000536.png,vision_platform\ads\hard_negative_mining\batch_visual_negative_20260714\crops\hn_000536.png,ads,candidate_crop,crop,crop,raw,negative,reviewed,,2026-07-16T11:52:51.790365+00:00,2026-07-16T11:52:52.054996+00:00
file_fc1afa9c7da4b733,asset_76b5380cb42e727d,D:\Projects\adb_vl\vision_platform\ads\hard_negative_mining\batch_visual_negative_20260714\crops\hn_000537.png,vision_platform\ads\hard_negative_mining\batch_visual_negative_20260714\crops\hn_000537.png,ads,candidate_crop,crop,crop,raw,negative,reviewed,,2026-07-16T12:00:42.151003+00:00,2026-07-16T12:00:42.291814+00:00
file_7dcfcd1d8a9ce3aa,asset_aaa0d5a713804a65,D:\Projects\adb_vl\vision_platform\ads\hard_negative_mining\batch_visual_negative_20260714\crops\hn_000538.png,vision_platform\ads\hard_negative_mining\batch_visual_negative_20260714\crops\hn_000538.png,ads,candidate_crop,crop,crop,raw,negative,reviewed,,2026-07-16T12:01:07.261993+00:00,2026-07-16T12:01:07.620809+00:00
file_9e4bed44b9eab229,asset_3fe73a234ec58863,D:\Projects\adb_vl\vision_platform\ads\hard_negative_mining\batch_visual_negative_20260714\crops\hn_000539.png,vision_platform\ads\hard_negative_mining\batch_visual_negative_20260714\crops\hn_000539.png,ads,candidate_crop,crop,crop,raw,negative,reviewed,,2026-07-16T12:01:08.300448+00:00,2026-07-16T12:01:08.520821+00:00
file_dec70e6f91fd7665,asset_f9cca6c6bc1a4ac0,D:\Projects\adb_vl\vision_platform\ads\hard_negative_mining\batch_visual_negative_20260714\crops\hn_000540.png,vision_platform\ads\hard_negative_mining\batch_visual_negative_20260714\crops\hn_000540.png,ads,candidate_crop,crop,crop,raw,negative,reviewed,,2026-07-16T12:00:56.902190+00:00,2026-07-16T12:00:57.032731+00:00
file_9674c85380c83776,asset_e011f0b8ff9e8ada,D:\Projects\adb_vl\vision_platform\ads\hard_negative_mining\batch_visual_negative_20260714\crops\hn_000541.png,vision_platform\ads\hard_negative_mining\batch_visual_negative_20260714\crops\hn_000541.png,ads,candidate_crop,crop,crop,raw,negative,reviewed,,2026-07-16T12:00:56.485428+00:00,2026-07-16T22:49:13.105180+00:00
file_e994f3b131af2bbb,asset_601ca7d61640ccfb,D:\Projects\adb_vl\vision_platform\ads\hard_negative_mining\batch_visual_negative_20260714\crops\hn_000542.png,vision_platform\ads\hard_negative_mining\batch_visual_negative_20260714\crops\hn_000542.png,ads,candidate_crop,crop,crop,raw,negative,reviewed,,2026-07-16T12:01:07.834561+00:00,2026-07-16T22:49:13.603968+00:00
file_595ca1d96a6158ff,asset_9d9e9a3f6e013250,D:\Projects\adb_vl\vision_platform\ads\hard_negative_mining\batch_visual_negative_20260714\crops\hn_000543.png,vision_platform\ads\hard_negative_mining\batch_visual_negative_20260714\crops\hn_000543.png,ads,candidate_crop,crop,crop,raw,negative,reviewed,,2026-07-16T12:00:51.644905+00:00,2026-07-16T12:00:51.910994+00:00
file_14d710915da9aab5,asset_5da219f0f83898a0,D:\Projects\adb_vl\vision_platform\ads\hard_negative_mining\batch_visual_negative_20260714\crops\hn_000544.png,vision_platform\ads\hard_negative_mining\batch_visual_negative_20260714\crops\hn_000544.png,ads,candidate_crop,crop,crop,raw,negative,reviewed,,2026-07-16T12:01:09.285200+00:00,2026-07-16T12:01:09.451326+00:00
file_84cff02cc92502ee,asset_8e83cc1a03881aef,D:\Projects\adb_vl\vision_platform\ads\hard_negative_mining\batch_visual_negative_20260714\crops\hn_000545.png,vision_platform\ads\hard_negative_mining\batch_visual_negative_20260714\crops\hn_000545.png,ads,candidate_crop,crop,crop,raw,negative,reviewed,,2026-07-16T12:00:57.319424+00:00,2026-07-16T12:00:57.456369+00:00
file_31ac96b566461cb6,asset_25e21f191981bac8,D:\Projects\adb_vl\vision_platform\ads\hard_negative_mining\batch_visual_negative_20260714\crops\hn_000546.png,vision_platform\ads\hard_negative_mining\batch_visual_negative_20260714\crops\hn_000546.png,ads,candidate_crop,crop,crop,raw,negative,reviewed,,2026-07-16T12:01:08.789473+00:00,2026-07-16T12:01:08.978999+00:00
file_330819cac3745bbd,asset_aaa0d5a713804a65,D:\Projects\adb_vl\vision_platform\ads\hard_negative_mining\batch_visual_negative_20260714\crops\hn_000547.png,vision_platform\ads\hard_negative_mining\batch_visual_negative_20260714\crops\hn_000547.png,ads,candidate_crop,crop,crop,raw,negative,reviewed,,2026-07-16T12:01:07.687316+00:00,2026-07-16T12:01:07.793289+00:00
file_92be8bf974e5cc5a,asset_3fe73a234ec58863,D:\Projects\adb_vl\vision_platform\ads\hard_negative_mining\batch_visual_negative_20260714\crops\hn_000548.png,vision_platform\ads\hard_negative_mining\batch_visual_negative_20260714\crops\hn_000548.png,ads,candidate_crop,crop,crop,raw,negative,reviewed,,2026-07-16T12:01:08.561224+00:00,2026-07-16T12:01:08.740464+00:00
file_5b2e17c693b411fe,asset_f9cca6c6bc1a4ac0,D:\Projects\adb_vl\vision_platform\ads\hard_negative_mining\batch_visual_negative_20260714\crops\hn_000549.png,vision_platform\ads\hard_negative_mining\batch_visual_negative_20260714\crops\hn_000549.png,ads,candidate_crop,crop,crop,raw,negative,reviewed,,2026-07-16T12:00:57.065381+00:00,2026-07-16T12:00:57.281151+00:00
file_c13a2d81972022d0,asset_e011f0b8ff9e8ada,D:\Projects\adb_vl\vision_platform\ads\hard_negative_mining\batch_visual_negative_20260714\crops\hn_000550.png,vision_platform\ads\hard_negative_mining\batch_visual_negative_20260714\crops\hn_000550.png,ads,candidate_crop,crop,crop,raw,negative,reviewed,,2026-07-16T12:00:56.689019+00:00,2026-07-16T22:49:13.350768+00:00
file_520ad734884b6ab9,asset_601ca7d61640ccfb,D:\Projects\adb_vl\vision_platform\ads\hard_negative_mining\batch_visual_negative_20260714\crops\hn_000551.png,vision_platform\ads\hard_negative_mining\batch_visual_negative_20260714\crops\hn_000551.png,ads,candidate_crop,crop,crop,raw,negative,reviewed,,2026-07-16T12:01:08.071692+00:00,2026-07-16T22:49:14.366805+00:00
file_3478d422a386ae0a,asset_9d9e9a3f6e013250,D:\Projects\adb_vl\vision_platform\ads\hard_negative_mining\batch_visual_negative_20260714\crops\hn_000552.png,vision_platform\ads\hard_negative_mining\batch_visual_negative_20260714\crops\hn_000552.png,ads,candidate_crop,crop,crop,raw,negative,reviewed,,2026-07-16T12:00:51.969460+00:00,2026-07-16T12:00:52.060996+00:00
file_1d40c3390298bb29,asset_5da219f0f83898a0,D:\Projects\adb_vl\vision_platform\ads\hard_negative_mining\batch_visual_negative_20260714\crops\hn_000553.png,vision_platform\ads\hard_negative_mining\batch_visual_negative_20260714\crops\hn_000553.png,ads,candidate_crop,crop,crop,raw,negative,reviewed,,2026-07-16T12:01:09.499143+00:00,2026-07-16T12:01:09.714463+00:00
file_ee5c0c160d2f8266,asset_8e83cc1a03881aef,D:\Projects\adb_vl\vision_platform\ads\hard_negative_mining\batch_visual_negative_20260714\crops\hn_000554.png,vision_platform\ads\hard_negative_mining\batch_visual_negative_20260714\crops\hn_000554.png,ads,candidate_crop,crop,crop,raw,negative,reviewed,,2026-07-16T12:00:57.496964+00:00,2026-07-16T12:00:57.669471+00:00
file_a5e2fc096b294429,asset_25e21f191981bac8,D:\Projects\adb_vl\vision_platform\ads\hard_negative_mining\batch_visual_negative_20260714\crops\hn_000555.png,vision_platform\ads\hard_negative_mining\batch_visual_negative_20260714\crops\hn_000555.png,ads,candidate_crop,crop,crop,raw,negative,reviewed,,2026-07-16T12:01:09.019354+00:00,2026-07-16T12:01:09.232375+00:00
file_45712a59133fb173,asset_0fdf0fe39326cc6e,D:\Projects\adb_vl\vision_platform\ads\hard_negative_mining\batch_visual_negative_20260714\crops\hn_000556.png,vision_platform\ads\hard_negative_mining\batch_visual_negative_20260714\crops\hn_000556.png,ads,candidate_crop,crop,crop,raw,negative,reviewed,,2026-07-16T11:54:12.410792+00:00,2026-07-16T11:54:12.623614+00:00
file_17fe3cf46f69152a,asset_077e8cd494dee233,D:\Projects\adb_vl\vision_platform\ads\hard_negative_mining\batch_visual_negative_20260714\crops\hn_000557.png,vision_platform\ads\hard_negative_mining\batch_visual_negative_20260714\crops\hn_000557.png,ads,candidate_crop,crop,crop,raw,negative,reviewed,,2026-07-16T11:54:39.346700+00:00,2026-07-16T11:54:39.469585+00:00
file_e972f5889402233d,asset_2b6292ad717f73cc,D:\Projects\adb_vl\vision_platform\ads\hard_negative_mining\batch_visual_negative_20260714\crops\hn_000558.png,vision_platform\ads\hard_negative_mining\batch_visual_negative_20260714\crops\hn_000558.png,ads,candidate_crop,crop,crop,raw,negative,reviewed,,2026-07-16T11:54:39.511090+00:00,2026-07-16T11:54:39.682989+00:00
file_4b55666f7d26ba68,asset_88342de1955d7710,D:\Projects\adb_vl\vision_platform\ads\runtime_collection\click_success\click_success_20260713_080054_581\crops\bbox.png,vision_platform\ads\runtime_collection\click_success\click_success_20260713_080054_581\crops\bbox.png,ads,runtime_collection,crop,crop,raw,play_triangle,reviewed,,2026-07-14T12:54:24.678853+00:00,2026-07-14T12:54:34.566236+00:00
file_da24a97c4580a385,asset_8246d10f6c6dfb69,D:\Projects\adb_vl\vision_platform\ads\runtime_collection\click_success\click_success_20260713_080135_133\crops\bbox.png,vision_platform\ads\runtime_collection\click_success\click_success_20260713_080135_133\crops\bbox.png,ads,runtime_collection,crop,crop,raw,arrow|next,reviewed,,2026-07-14T12:53:56.003277+00:00,2026-07-14T12:54:21.419912+00:00
file_94c067721838b5a7,asset_10a60b88bb107d49,D:\Projects\adb_vl\vision_platform\ads\runtime_collection\click_success\click_success_20260713_080145_040\crops\bbox.png,vision_platform\ads\runtime_collection\click_success\click_success_20260713_080145_040\crops\bbox.png,ads,runtime_collection,crop,crop,raw,got,reviewed,,2026-07-14T12:53:38.004231+00:00,2026-07-16T12:36:54.284872+00:00
file_52d5a310ba32c303,asset_542d5a8ba5e8e090,D:\Projects\adb_vl\vision_platform\ads\runtime_collection\click_success\click_success_20260713_080151_966\crops\bbox.png,vision_platform\ads\runtime_collection\click_success\click_success_20260713_080151_966\crops\bbox.png,ads,runtime_collection,crop,crop,raw,play_triangle,reviewed,,2026-07-14T12:54:34.587499+00:00,2026-07-14T12:54:35.515184+00:00
file_993270f6ad69f631,asset_b3e20e7760a44b0a,D:\Projects\adb_vl\vision_platform\ads\runtime_collection\click_success\click_success_20260713_080258_516\crops\bbox.png,vision_platform\ads\runtime_collection\click_success\click_success_20260713_080258_516\crops\bbox.png,ads,runtime_collection,crop,crop,raw,arrow,reviewed,,2026-07-14T12:54:22.292771+00:00,2026-07-16T12:37:45.049508+00:00
file_096cbf9643228a54,asset_056a75a95fd0004a,D:\Projects\adb_vl\vision_platform\ads\runtime_collection\click_success\click_success_20260713_080308_161\crops\bbox.png,vision_platform\ads\runtime_collection\click_success\click_success_20260713_080308_161\crops\bbox.png,ads,runtime_collection,crop,crop,raw,got,reviewed,,2026-07-14T12:55:04.939169+00:00,2026-07-14T12:55:05.105238+00:00
file_7051ab9bc6b4fb7f,asset_1681b89025c9902b,D:\Projects\adb_vl\vision_platform\ads\runtime_collection\click_success\click_success_20260713_080316_811\crops\bbox.png,vision_platform\ads\runtime_collection\click_success\click_success_20260713_080316_811\crops\bbox.png,ads,runtime_collection,crop,crop,raw,play_triangle,reviewed,,2026-07-14T12:54:35.535821+00:00,2026-07-14T12:54:36.065385+00:00
file_7003e76f1c605201,asset_57a3a364e16b9e38,D:\Projects\adb_vl\vision_platform\ads\runtime_collection\click_success\click_success_20260713_080355_864\crops\bbox.png,vision_platform\ads\runtime_collection\click_success\click_success_20260713_080355_864\crops\bbox.png,ads,runtime_collection,crop,crop,raw,arrow,reviewed,,2026-07-14T13:06:51.143553+00:00,2026-07-14T13:06:51.668204+00:00
file_4b3f40d609b103c8,asset_3da5069be36e1858,D:\Projects\adb_vl\vision_platform\ads\runtime_collection\click_success\click_success_20260713_080405_663\crops\bbox.png,vision_platform\ads\runtime_collection\click_success\click_success_20260713_080405_663\crops\bbox.png,ads,runtime_collection,crop,crop,raw,got,reviewed,,2026-07-14T12:55:05.307163+00:00,2026-07-14T12:55:05.456155+00:00
file_a9b3de8ef22b83c9,asset_da86db81efb2b312,D:\Projects\adb_vl\vision_platform\ads\runtime_collection\click_success\click_success_20260713_080412_253\crops\bbox.png,vision_platform\ads\runtime_collection\click_success\click_success_20260713_080412_253\crops\bbox.png,ads,runtime_collection,crop,crop,raw,play_triangle,reviewed,,2026-07-14T12:54:36.082853+00:00,2026-07-14T12:54:36.535039+00:00
file_89bf80364d6050d5,asset_8263ab7cd58c1c1f,D:\Projects\adb_vl\vision_platform\ads\runtime_collection\click_success\click_success_20260713_080451_263\crops\bbox.png,vision_platform\ads\runtime_collection\click_success\click_success_20260713_080451_263\crops\bbox.png,ads,runtime_collection,crop,crop,raw,arrow,reviewed,,2026-07-14T13:07:05.559085+00:00,2026-07-16T12:38:39.863993+00:00
file_f17f0597f4a960bf,asset_28434918920405bd,D:\Projects\adb_vl\vision_platform\ads\runtime_collection\click_success\click_success_20260713_080500_682\crops\bbox.png,vision_platform\ads\runtime_collection\click_success\click_success_20260713_080500_682\crops\bbox.png,ads,runtime_collection,crop,crop,raw,got,reviewed,,2026-07-14T12:55:02.035422+00:00,2026-07-16T12:38:02.331477+00:00
file_3f84811f20709357,asset_bd0db35d86d5fa07,D:\Projects\adb_vl\vision_platform\ads\runtime_collection\click_success\click_success_20260713_080508_706\crops\bbox.png,vision_platform\ads\runtime_collection\click_success\click_success_20260713_080508_706\crops\bbox.png,ads,runtime_collection,crop,crop,raw,play_triangle,reviewed,,2026-07-14T12:54:46.534463+00:00,2026-07-14T12:54:46.675519+00:00
file_ef413d45fecc7350,asset_fb6f9655e9c30e97,D:\Projects\adb_vl\vision_platform\ads\runtime_collection\click_success\click_success_20260713_080545_818\crops\bbox.png,vision_platform\ads\runtime_collection\click_success\click_success_20260713_080545_818\crops\bbox.png,ads,runtime_collection,crop,crop,raw,got,reviewed,,2026-07-14T12:55:01.708713+00:00,2026-07-14T12:55:01.791760+00:00
file_0ce1716b8f344970,asset_88342de1955d7710,D:\Projects\adb_vl\vision_platform\ads\runtime_collection\click_success\click_success_20260713_080711_318\crops\bbox.png,vision_platform\ads\runtime_collection\click_success\click_success_20260713_080711_318\crops\bbox.png,ads,runtime_collection,crop,crop,raw,play_triangle,reviewed,,2026-07-14T12:54:36.578879+00:00,2026-07-14T12:54:37.535804+00:00
file_80933b388bcd6724,asset_52eb220e60027c56,D:\Projects\adb_vl\vision_platform\ads\runtime_collection\click_success\click_success_20260713_080814_562\crops\bbox.png,vision_platform\ads\runtime_collection\click_success\click_success_20260713_080814_562\crops\bbox.png,ads,runtime_collection,crop,crop,raw,arrow|next,reviewed,,2026-07-14T13:06:28.175259+00:00,2026-07-14T13:06:35.632874+00:00
file_fa231e96cc4ad879,asset_7fd813ce3578ef46,D:\Projects\adb_vl\vision_platform\ads\runtime_collection\click_success\click_success_20260713_080823_970\crops\bbox.png,vision_platform\ads\runtime_collection\click_success\click_success_20260713_080823_970\crops\bbox.png,ads,runtime_collection,crop,crop,raw,got,reviewed,,2026-07-14T12:55:02.427558+00:00,2026-07-14T12:55:02.479206+00:00
file_819590d43e808e84,asset_de74d2f098c11963,D:\Projects\adb_vl\vision_platform\ads\runtime_collection\click_success\click_success_20260713_080848_828\crops\bbox.png,vision_platform\ads\runtime_collection\click_success\click_success_20260713_080848_828\crops\bbox.png,ads,runtime_collection,crop,crop,raw,arrow,reviewed,,2026-07-14T12:55:15.045518+00:00,2026-07-16T12:38:14.987301+00:00
file_74eb22cf9cc7cda8,asset_1a3ff2eb8f7093d8,D:\Projects\adb_vl\vision_platform\ads\runtime_collection\click_success\click_success_20260713_080901_974\crops\bbox.png,vision_platform\ads\runtime_collection\click_success\click_success_20260713_080901_974\crops\bbox.png,ads,runtime_collection,crop,crop,raw,arrow,reviewed,,2026-07-14T13:06:41.470095+00:00,2026-07-14T13:06:44.766914+00:00
file_8c24b44569d0efa9,asset_ef8824e2b0e42aaf,D:\Projects\adb_vl\vision_platform\ads\runtime_collection\click_success\click_success_20260713_080907_353\crops\bbox.png,vision_platform\ads\runtime_collection\click_success\click_success_20260713_080907_353\crops\bbox.png,ads,runtime_collection,crop,crop,raw,got,reviewed,,2026-07-14T12:55:04.149369+00:00,2026-07-14T12:55:04.339196+00:00
file_30148b2a62e0ad60,asset_1681b89025c9902b,D:\Projects\adb_vl\vision_platform\ads\runtime_collection\click_success\click_success_20260713_080913_676\crops\bbox.png,vision_platform\ads\runtime_collection\click_success\click_success_20260713_080913_676\crops\bbox.png,ads,runtime_collection,crop,crop,raw,play_triangle,reviewed,,2026-07-14T12:54:37.577594+00:00,2026-07-14T12:54:37.910276+00:00
file_5dd1802e3abed8ce,asset_7c2cc704821e7c64,D:\Projects\adb_vl\vision_platform\ads\runtime_collection\click_success\click_success_20260713_081020_456\crops\bbox.png,vision_platform\ads\runtime_collection\click_success\click_success_20260713_081020_456\crops\bbox.png,ads,runtime_collection,crop,crop,raw,arrow,reviewed,,2026-07-14T13:07:02.240641+00:00,2026-07-14T13:07:03.575579+00:00
file_25f3ac1b552bd237,asset_d3a2423f432b3a89,D:\Projects\adb_vl\vision_platform\ads\runtime_collection\click_success\click_success_20260713_081029_964\crops\bbox.png,vision_platform\ads\runtime_collection\click_success\click_success_20260713_081029_964\crops\bbox.png,ads,runtime_collection,crop,crop,raw,got,reviewed,,2026-07-14T12:55:05.126085+00:00,2026-07-14T12:55:05.284052+00:00
file_5aef0a69d205702c,asset_d0c43c6062f54e39,D:\Projects\adb_vl\vision_platform\ads\runtime_collection\click_success\click_success_20260713_081038_362\crops\bbox.png,vision_platform\ads\runtime_collection\click_success\click_success_20260713_081038_362\crops\bbox.png,ads,runtime_collection,crop,crop,raw,play_triangle,reviewed,,2026-07-14T12:54:46.696489+00:00,2026-07-14T12:54:47.010521+00:00
file_a54b16efa4d7551a,asset_8524767750bea86e,D:\Projects\adb_vl\vision_platform\ads\runtime_collection\click_success\click_success_20260713_081144_892\crops\bbox.png,vision_platform\ads\runtime_collection\click_success\click_success_20260713_081144_892\crops\bbox.png,ads,runtime_collection,crop,crop,raw,arrow|next,reviewed,,2026-07-14T13:06:17.340644+00:00,2026-07-14T13:06:17.793575+00:00
file_18b5612cf996a0e2,asset_e6692a08aff865cc,D:\Projects\adb_vl\vision_platform\ads\runtime_collection\click_success\click_success_20260713_081154_299\crops\bbox.png,vision_platform\ads\runtime_collection\click_success\click_success_20260713_081154_299\crops\bbox.png,ads,runtime_collection,crop,crop,raw,got,reviewed,,2026-07-14T12:55:05.477818+00:00,2026-07-14T12:55:05.673636+00:00
file_6eeb0cbcc44f6725,asset_56f1aad4a5d1e8bc,D:\Projects\adb_vl\vision_platform\ads\runtime_collection\click_success\click_success_20260713_081203_020\crops\bbox.png,vision_platform\ads\runtime_collection\click_success\click_success_20260713_081203_020\crops\bbox.png,ads,runtime_collection,crop,crop,raw,play_triangle,reviewed,,2026-07-14T12:54:37.930619+00:00,2026-07-14T12:54:38.130172+00:00
file_cd87cbee7fb17dd2,asset_8246d10f6c6dfb69,D:\Projects\adb_vl\vision_platform\ads\runtime_collection\click_success\click_success_20260713_081251_268\crops\bbox.png,vision_platform\ads\runtime_collection\click_success\click_success_20260713_081251_268\crops\bbox.png,ads,runtime_collection,crop,crop,raw,arrow|next,reviewed,,2026-07-14T12:54:21.461898+00:00,2026-07-14T12:54:22.258075+00:00
file_d47e518578ccb400,asset_052743a3536937ab,D:\Projects\adb_vl\vision_platform\ads\runtime_collection\click_success\click_success_20260713_081300_633\crops\bbox.png,vision_platform\ads\runtime_collection\click_success\click_success_20260713_081300_633\crops\bbox.png,ads,runtime_collection,crop,crop,raw,got,reviewed,,2026-07-14T12:55:01.815527+00:00,2026-07-14T12:55:02.014955+00:00
file_69fb836754e891f4,asset_88342de1955d7710,D:\Projects\adb_vl\vision_platform\ads\runtime_collection\click_success\click_success_20260713_081501_024\crops\bbox.png,vision_platform\ads\runtime_collection\click_success\click_success_20260713_081501_024\crops\bbox.png,ads,runtime_collection,crop,crop,raw,play_triangle,reviewed,,2026-07-14T12:54:38.172866+00:00,2026-07-14T12:54:38.458672+00:00
file_30b93db89322c3ed,asset_339992e49e34ab57,D:\Projects\adb_vl\vision_platform\ads\runtime_collection\click_success\click_success_20260713_081518_911\crops\bbox.png,vision_platform\ads\runtime_collection\click_success\click_success_20260713_081518_911\crops\bbox.png,ads,runtime_collection,crop,crop,raw,x_mark,reviewed,,2026-07-14T12:53:20.814190+00:00,2026-07-16T12:36:21.601586+00:00
file_8530abf2f6494c7a,asset_963baf19279319e4,D:\Projects\adb_vl\vision_platform\ads\runtime_collection\click_success\click_success_20260713_081523_978\crops\bbox.png,vision_platform\ads\runtime_collection\click_success\click_success_20260713_081523_978\crops\bbox.png,ads,runtime_collection,crop,crop,raw,got,reviewed,,2026-07-14T12:55:02.684851+00:00,2026-07-14T12:55:03.057953+00:00
file_80479f91e8f5495e,asset_542d5a8ba5e8e090,D:\Projects\adb_vl\vision_platform\ads\runtime_collection\click_success\click_success_20260713_081529_784\crops\bbox.png,vision_platform\ads\runtime_collection\click_success\click_success_20260713_081529_784\crops\bbox.png,ads,runtime_collection,crop,crop,raw,play_triangle,reviewed,,2026-07-14T12:54:38.500069+00:00,2026-07-14T12:54:38.834044+00:00
file_706ed24dc0f647f5,asset_2117e8b585c0bc87,D:\Projects\adb_vl\vision_platform\ads\runtime_collection\click_success\click_success_20260713_081547_761\crops\bbox.png,vision_platform\ads\runtime_collection\click_success\click_success_20260713_081547_761\crops\bbox.png,ads,runtime_collection,crop,crop,raw,x_mark,reviewed,,2026-07-14T12:53:34.897974+00:00,2026-07-14T12:53:35.373558+00:00
file_15d57ab21d089397,asset_737da74c398dd713,D:\Projects\adb_vl\vision_platform\ads\runtime_collection\click_success\click_success_20260713_081552_811\crops\bbox.png,vision_platform\ads\runtime_collection\click_success\click_success_20260713_081552_811\crops\bbox.png,ads,runtime_collection,crop,crop,raw,got,reviewed,,2026-07-14T12:55:05.857219+00:00,2026-07-14T12:55:06.032565+00:00
file_db9ed6991b2b35e2,asset_1681b89025c9902b,D:\Projects\adb_vl\vision_platform\ads\runtime_collection\click_success\click_success_20260713_081558_495\crops\bbox.png,vision_platform\ads\runtime_collection\click_success\click_success_20260713_081558_495\crops\bbox.png,ads,runtime_collection,crop,crop,raw,play_triangle,reviewed,,2026-07-14T12:54:38.874583+00:00,2026-07-14T12:54:39.177003+00:00
file_5ba1025efbe9a527,asset_497df773d3786fa2,D:\Projects\adb_vl\vision_platform\ads\runtime_collection\click_success\click_success_20260713_081616_570\crops\bbox.png,vision_platform\ads\runtime_collection\click_success\click_success_20260713_081616_570\crops\bbox.png,ads,runtime_collection,crop,crop,raw,x_mark,reviewed,,2026-07-14T12:53:54.047144+00:00,2026-07-14T12:53:54.794138+00:00
file_a74329e46e350a11,asset_003f01a0aee6b9bc,D:\Projects\adb_vl\vision_platform\ads\runtime_collection\click_success\click_success_20260713_081621_578\crops\bbox.png,vision_platform\ads\runtime_collection\click_success\click_success_20260713_081621_578\crops\bbox.png,ads,runtime_collection,crop,crop,raw,got,reviewed,,2026-07-14T12:55:03.738298+00:00,2026-07-14T12:55:03.917480+00:00
file_10574d3caef6663b,asset_da86db81efb2b312,D:\Projects\adb_vl\vision_platform\ads\runtime_collection\click_success\click_success_20260713_081627_502\crops\bbox.png,vision_platform\ads\runtime_collection\click_success\click_success_20260713_081627_502\crops\bbox.png,ads,runtime_collection,crop,crop,raw,play_triangle,reviewed,,2026-07-14T12:54:39.217953+00:00,2026-07-14T12:54:41.679444+00:00
file_b054d740af129652,asset_30c8ee229aa044f4,D:\Projects\adb_vl\vision_platform\ads\runtime_collection\click_success\click_success_20260713_081645_261\crops\bbox.png,vision_platform\ads\runtime_collection\click_success\click_success_20260713_081645_261\crops\bbox.png,ads,runtime_collection,crop,crop,raw,x_mark,reviewed,,2026-07-14T12:53:25.051679+00:00,2026-07-14T12:53:26.600562+00:00
file_3fb8b5064903ca0c,asset_11db72d833ab9f3d,D:\Projects\adb_vl\vision_platform\ads\runtime_collection\click_success\click_success_20260713_081650_337\crops\bbox.png,vision_platform\ads\runtime_collection\click_success\click_success_20260713_081650_337\crops\bbox.png,ads,runtime_collection,crop,crop,raw,got,reviewed,,2026-07-14T12:55:04.742414+00:00,2026-07-14T12:55:04.909260+00:00
file_fd79ffd3d3a51e10,asset_56f1aad4a5d1e8bc,D:\Projects\adb_vl\vision_platform\ads\runtime_collection\click_success\click_success_20260713_081656_210\crops\bbox.png,vision_platform\ads\runtime_collection\click_success\click_success_20260713_081656_210\crops\bbox.png,ads,runtime_collection,crop,crop,raw,play_triangle,reviewed,,2026-07-14T12:54:41.719939+00:00,2026-07-14T12:54:42.554259+00:00
file_2a9c4cbc79d3cdd4,asset_dfe2e766e76863a7,D:\Projects\adb_vl\vision_platform\ads\runtime_collection\click_success\click_success_20260713_081714_190\crops\bbox.png,vision_platform\ads\runtime_collection\click_success\click_success_20260713_081714_190\crops\bbox.png,ads,runtime_collection,crop,crop,raw,x_mark,reviewed,,2026-07-14T13:00:43.020583+00:00,2026-07-14T13:00:47.660076+00:00
file_1d474dd251495027,asset_64468130aeae340f,D:\Projects\adb_vl\vision_platform\ads\runtime_collection\click_success\click_success_20260713_081719_192\crops\bbox.png,vision_platform\ads\runtime_collection\click_success\click_success_20260713_081719_192\crops\bbox.png,ads,runtime_collection,crop,crop,raw,got,reviewed,,2026-07-14T12:55:03.941647+00:00,2026-07-14T12:55:04.124317+00:00
file_672929415db32729,asset_88342de1955d7710,D:\Projects\adb_vl\vision_platform\ads\runtime_collection\click_success\click_success_20260713_081911_232\crops\bbox.png,vision_platform\ads\runtime_collection\click_success\click_success_20260713_081911_232\crops\bbox.png,ads,runtime_collection,crop,crop,raw,play_triangle,reviewed,,2026-07-14T12:54:42.595232+00:00,2026-07-14T12:54:42.987082+00:00
file_f50bc4b9ee8e7895,asset_fdc90db3b9dedd4d,D:\Projects\adb_vl\vision_platform\ads\runtime_collection\click_success\click_success_20260713_081929_330\crops\bbox.png,vision_platform\ads\runtime_collection\click_success\click_success_20260713_081929_330\crops\bbox.png,ads,runtime_collection,crop,crop,raw,x_mark,reviewed,,2026-07-14T12:53:23.083573+00:00,2026-07-14T12:53:23.656962+00:00
file_2099c897741bb7ac,asset_3f76ae4068c4ab21,D:\Projects\adb_vl\vision_platform\ads\runtime_collection\click_success\click_success_20260713_081934_414\crops\bbox.png,vision_platform\ads\runtime_collection\click_success\click_success_20260713_081934_414\crops\bbox.png,ads,runtime_collection,crop,crop,raw,got,reviewed,,2026-07-14T12:55:03.094082+00:00,2026-07-14T12:55:03.150376+00:00
file_b5d0052acd788220,asset_542d5a8ba5e8e090,D:\Projects\adb_vl\vision_platform\ads\runtime_collection\click_success\click_success_20260713_081940_245\crops\bbox.png,vision_platform\ads\runtime_collection\click_success\click_success_20260713_081940_245\crops\bbox.png,ads,runtime_collection,crop,crop,raw,play_triangle,reviewed,,2026-07-14T12:54:43.028451+00:00,2026-07-14T12:54:43.240088+00:00
file_05def3d81c771cda,asset_dfe2e766e76863a7,D:\Projects\adb_vl\vision_platform\ads\runtime_collection\click_success\click_success_20260713_081958_183\crops\bbox.png,vision_platform\ads\runtime_collection\click_success\click_success_20260713_081958_183\crops\bbox.png,ads,runtime_collection,crop,crop,raw,x_mark,reviewed,,2026-07-14T13:00:47.700811+00:00,2026-07-14T13:00:48.323697+00:00
file_889c5f7849e9e56b,asset_3666987badf94225,D:\Projects\adb_vl\vision_platform\ads\runtime_collection\click_success\click_success_20260713_082003_150\crops\bbox.png,vision_platform\ads\runtime_collection\click_success\click_success_20260713_082003_150\crops\bbox.png,ads,runtime_collection,crop,crop,raw,got,reviewed,,2026-07-14T12:55:04.543402+00:00,2026-07-14T12:55:04.723547+00:00
file_9d8d4508c8c86c30,asset_1681b89025c9902b,D:\Projects\adb_vl\vision_platform\ads\runtime_collection\click_success\click_success_20260713_082008_915\crops\bbox.png,vision_platform\ads\runtime_collection\click_success\click_success_20260713_082008_915\crops\bbox.png,ads,runtime_collection,crop,crop,raw,play_triangle,reviewed,,2026-07-14T12:54:43.282558+00:00,2026-07-14T12:54:43.437677+00:00
file_75f0a3f1005b8cf5,asset_e18d2d36b4462d42,D:\Projects\adb_vl\vision_platform\ads\runtime_collection\click_success\click_success_20260713_082026_800\crops\bbox.png,vision_platform\ads\runtime_collection\click_success\click_success_20260713_082026_800\crops\bbox.png,ads,runtime_collection,crop,crop,raw,x_mark,reviewed,,2026-07-14T12:53:43.780413+00:00,2026-07-16T12:37:09.534974+00:00
file_7ba37ba4e13e658e,asset_649ddbb0bb1f8942,D:\Projects\adb_vl\vision_platform\ads\runtime_collection\click_success\click_success_20260713_082031_822\crops\bbox.png,vision_platform\ads\runtime_collection\click_success\click_success_20260713_082031_822\crops\bbox.png,ads,runtime_collection,crop,crop,raw,got,reviewed,,2026-07-14T12:55:06.065131+00:00,2026-07-14T12:55:06.196995+00:00
file_3525844c4acdff86,asset_da86db81efb2b312,D:\Projects\adb_vl\vision_platform\ads\runtime_collection\click_success\click_success_20260713_082037_725\crops\bbox.png,vision_platform\ads\runtime_collection\click_success\click_success_20260713_082037_725\crops\bbox.png,ads,runtime_collection,crop,crop,raw,play_triangle,reviewed,,2026-07-14T12:54:43.477535+00:00,2026-07-14T12:54:43.608437+00:00
file_b33179d5dfc36f66,asset_ee8d8097b6a92785,D:\Projects\adb_vl\vision_platform\ads\runtime_collection\click_success\click_success_20260713_082055_561\crops\bbox.png,vision_platform\ads\runtime_collection\click_success\click_success_20260713_082055_561\crops\bbox.png,ads,runtime_collection,crop,crop,raw,x_mark,reviewed,,2026-07-14T12:53:27.993891+00:00,2026-07-14T12:53:29.304860+00:00
file_e3f93854a48c596e,asset_ebe1049d4839024b,D:\Projects\adb_vl\vision_platform\ads\runtime_collection\click_success\click_success_20260713_082100_584\crops\bbox.png,vision_platform\ads\runtime_collection\click_success\click_success_20260713_082100_584\crops\bbox.png,ads,runtime_collection,crop,crop,raw,got,reviewed,,2026-07-14T12:55:03.170217+00:00,2026-07-14T12:55:03.330458+00:00
file_6075c2b75004a318,asset_56f1aad4a5d1e8bc,D:\Projects\adb_vl\vision_platform\ads\runtime_collection\click_success\click_success_20260713_082106_393\crops\bbox.png,vision_platform\ads\runtime_collection\click_success\click_success_20260713_082106_393\crops\bbox.png,ads,runtime_collection,crop,crop,raw,play_triangle,reviewed,,2026-07-14T12:54:43.649254+00:00,2026-07-14T12:54:43.772814+00:00
file_f2bf26ce0c230be2,asset_ea6642c3c3ac92c6,D:\Projects\adb_vl\vision_platform\ads\runtime_collection\click_success\click_success_20260713_082124_182\crops\bbox.png,vision_platform\ads\runtime_collection\click_success\click_success_20260713_082124_182\crops\bbox.png,ads,runtime_collection,crop,crop,raw,x_mark,reviewed,,2026-07-14T12:53:32.249780+00:00,2026-07-14T12:53:33.500476+00:00
file_9036c20d93a62e90,asset_bac6666a761e1adc,D:\Projects\adb_vl\vision_platform\ads\runtime_collection\click_success\click_success_20260713_082129_269\crops\bbox.png,vision_platform\ads\runtime_collection\click_success\click_success_20260713_082129_269\crops\bbox.png,ads,runtime_collection,crop,crop,raw,got,reviewed,,2026-07-14T12:55:04.361573+00:00,2026-07-14T12:55:04.516833+00:00
file_2d32d81af259db34,asset_83b91869426baa8c,D:\Projects\adb_vl\vision_platform\ads\runtime_collection\click_success\click_success_20260713_085553_483\crops\bbox.png,vision_platform\ads\runtime_collection\click_success\click_success_20260713_085553_483\crops\bbox.png,ads,runtime_collection,crop,crop,raw,free,reviewed,,2026-07-14T13:05:46.579717+00:00,2026-07-14T13:05:46.752632+00:00
file_2b98d225f12d47e0,asset_497df773d3786fa2,D:\Projects\adb_vl\vision_platform\ads\runtime_collection\click_success\click_success_20260713_085611_661\crops\bbox.png,vision_platform\ads\runtime_collection\click_success\click_success_20260713_085611_661\crops\bbox.png,ads,runtime_collection,crop,crop,raw,x_mark,reviewed,,2026-07-14T12:53:54.835173+00:00,2026-07-14T12:53:55.978760+00:00
file_5aae88bba4e0d939,asset_5c41eb2044704344,D:\Projects\adb_vl\vision_platform\ads\runtime_collection\click_success\click_success_20260713_085616_610\crops\bbox.png,vision_platform\ads\runtime_collection\click_success\click_success_20260713_085616_610\crops\bbox.png,ads,runtime_collection,crop,crop,raw,got,reviewed,,2026-07-14T12:55:06.607468+00:00,2026-07-14T12:55:06.757043+00:00
file_e2bd959159fec617,asset_83b91869426baa8c,D:\Projects\adb_vl\vision_platform\ads\runtime_collection\click_success\click_success_20260713_085623_123\crops\bbox.png,vision_platform\ads\runtime_collection\click_success\click_success_20260713_085623_123\crops\bbox.png,ads,runtime_collection,crop,crop,raw,free,reviewed,,2026-07-14T13:05:46.812441+00:00,2026-07-14T13:05:46.943959+00:00
file_d6d7b8fe54105f23,asset_11f12a7a90864764,D:\Projects\adb_vl\vision_platform\ads\runtime_collection\click_success\click_success_20260713_085640_930\crops\bbox.png,vision_platform\ads\runtime_collection\click_success\click_success_20260713_085640_930\crops\bbox.png,ads,runtime_collection,crop,crop,raw,x_mark,reviewed,,2026-07-14T12:52:56.420734+00:00,2026-07-14T12:52:58.229755+00:00
file_a13826c1f7dc3962,asset_a58eabf57128a6da,D:\Projects\adb_vl\vision_platform\ads\runtime_collection\click_success\click_success_20260713_085645_842\crops\bbox.png,vision_platform\ads\runtime_collection\click_success\click_success_20260713_085645_842\crops\bbox.png,ads,runtime_collection,crop,crop,raw,got,reviewed,,2026-07-14T12:55:03.541076+00:00,2026-07-14T12:55:03.712594+00:00
file_6c2513b39535128b,asset_f969550042dd8a5c,D:\Projects\adb_vl\vision_platform\ads\runtime_collection\click_success\click_success_20260713_085652_323\crops\bbox.png,vision_platform\ads\runtime_collection\click_success\click_success_20260713_085652_323\crops\bbox.png,ads,runtime_collection,crop,crop,raw,free,reviewed,,2026-07-14T13:05:47.741907+00:00,2026-07-14T13:05:47.849475+00:00
file_f5a827ce6ecfcbc9,asset_dfe2e766e76863a7,D:\Projects\adb_vl\vision_platform\ads\runtime_collection\click_success\click_success_20260713_085710_406\crops\bbox.png,vision_platform\ads\runtime_collection\click_success\click_success_20260713_085710_406\crops\bbox.png,ads,runtime_collection,crop,crop,raw,x_mark,reviewed,,2026-07-14T13:00:48.372411+00:00,2026-07-14T13:00:48.904581+00:00
file_89f5783d6a5d01a2,asset_5e68128f2f5b8dab,D:\Projects\adb_vl\vision_platform\ads\runtime_collection\click_success\click_success_20260713_085715_383\crops\bbox.png,vision_platform\ads\runtime_collection\click_success\click_success_20260713_085715_383\crops\bbox.png,ads,runtime_collection,crop,crop,raw,got,reviewed,,2026-07-14T12:54:58.581884+00:00,2026-07-14T12:54:58.768534+00:00
file_29945fa12019fd30,asset_0f62c98e529b3d06,D:\Projects\adb_vl\vision_platform\ads\runtime_collection\click_success\click_success_20260713_085722_178\crops\bbox.png,vision_platform\ads\runtime_collection\click_success\click_success_20260713_085722_178\crops\bbox.png,ads,runtime_collection,crop,crop,raw,free,reviewed,,2026-07-14T13:05:45.288886+00:00,2026-07-14T13:05:45.700310+00:00
file_809e2278f198a6c1,asset_186ef5c07473c5f7,D:\Projects\adb_vl\vision_platform\ads\runtime_collection\click_success\click_success_20260713_085740_231\crops\bbox.png,vision_platform\ads\runtime_collection\click_success\click_success_20260713_085740_231\crops\bbox.png,ads,runtime_collection,crop,crop,raw,x_mark,reviewed,,2026-07-14T12:53:15.241974+00:00,2026-07-14T12:53:20.788793+00:00
file_74e06e5ceb318bc4,asset_7ea505252b3da083,D:\Projects\adb_vl\vision_platform\ads\runtime_collection\click_success\click_success_20260713_085745_144\crops\bbox.png,vision_platform\ads\runtime_collection\click_success\click_success_20260713_085745_144\crops\bbox.png,ads,runtime_collection,crop,crop,raw,got,reviewed,,2026-07-14T12:55:01.083854+00:00,2026-07-16T12:37:59.899085+00:00
file_11a448cc2c021c50,asset_cd28afeb00146427,D:\Projects\adb_vl\vision_platform\ads\runtime_collection\click_success\click_success_20260713_085751_923\crops\bbox.png,vision_platform\ads\runtime_collection\click_success\click_success_20260713_085751_923\crops\bbox.png,ads,runtime_collection,crop,crop,raw,free,reviewed,,2026-07-14T13:01:44.553965+00:00,2026-07-14T13:01:48.382021+00:00
file_3e8530f504ae91eb,asset_11f12a7a90864764,D:\Projects\adb_vl\vision_platform\ads\runtime_collection\click_success\click_success_20260713_085809_808\crops\bbox.png,vision_platform\ads\runtime_collection\click_success\click_success_20260713_085809_808\crops\bbox.png,ads,runtime_collection,crop,crop,raw,x_mark,reviewed,,2026-07-14T12:52:58.270512+00:00,2026-07-14T12:52:59.342022+00:00
file_4ab6e280b19b2c27,asset_2cc9ebf57e082dc9,D:\Projects\adb_vl\vision_platform\ads\runtime_collection\click_success\click_success_20260713_085814_733\crops\bbox.png,vision_platform\ads\runtime_collection\click_success\click_success_20260713_085814_733\crops\bbox.png,ads,runtime_collection,crop,crop,raw,got,reviewed,,2026-07-14T12:54:57.376011+00:00,2026-07-14T12:54:57.575442+00:00
file_25576e1587bb3d2c,asset_cd28afeb00146427,D:\Projects\adb_vl\vision_platform\ads\runtime_collection\click_success\click_success_20260713_085821_544\crops\bbox.png,vision_platform\ads\runtime_collection\click_success\click_success_20260713_085821_544\crops\bbox.png,ads,runtime_collection,crop,crop,raw,free,reviewed,,2026-07-14T13:01:48.447741+00:00,2026-07-14T13:05:42.017240+00:00
file_20377abdaa1b4e5b,asset_e9a31cd691f5a239,D:\Projects\adb_vl\vision_platform\ads\runtime_collection\click_success\click_success_20260713_085839_414\crops\bbox.png,vision_platform\ads\runtime_collection\click_success\click_success_20260713_085839_414\crops\bbox.png,ads,runtime_collection,crop,crop,raw,x_mark,reviewed,,2026-07-14T12:53:21.856384+00:00,2026-07-14T12:53:22.340556+00:00
file_b651671549196160,asset_00f7d7b29ed47ea4,D:\Projects\adb_vl\vision_platform\ads\runtime_collection\click_success\click_success_20260713_085844_232\crops\bbox.png,vision_platform\ads\runtime_collection\click_success\click_success_20260713_085844_232\crops\bbox.png,ads,runtime_collection,crop,crop,raw,got,reviewed,,2026-07-14T12:54:58.353401+00:00,2026-07-14T12:54:58.556028+00:00
file_61ea568b16c69a4a,asset_5643b71b7351e12b,D:\Projects\adb_vl\vision_platform\ads\runtime_collection\click_success\click_success_20260713_085911_846\crops\bbox.png,vision_platform\ads\runtime_collection\click_success\click_success_20260713_085911_846\crops\bbox.png,ads,runtime_collection,crop,crop,raw,x_mark,reviewed,,2026-07-14T12:53:23.678021+00:00,2026-07-14T12:53:24.295048+00:00
file_22c6d5ea5f4ac98b,asset_13567d4eacd981a8,D:\Projects\adb_vl\vision_platform\ads\runtime_collection\click_success\click_success_20260713_085925_098\crops\bbox.png,vision_platform\ads\runtime_collection\click_success\click_success_20260713_085925_098\crops\bbox.png,ads,runtime_collection,crop,crop,raw,x_mark,reviewed,,2026-07-14T12:55:10.370224+00:00,2026-07-16T12:38:08.607662+00:00
file_5bfda3c051041ad2,asset_a91cc48870a330e4,D:\Projects\adb_vl\vision_platform\ads\runtime_collection\click_success\click_success_20260713_085930_193\crops\bbox.png,vision_platform\ads\runtime_collection\click_success\click_success_20260713_085930_193\crops\bbox.png,ads,runtime_collection,crop,crop,raw,got,reviewed,,2026-07-14T13:00:24.380294+00:00,2026-07-14T13:00:33.439454+00:00
file_feba933493202f49,asset_de7b8c7922f1f900,D:\Projects\adb_vl\vision_platform\ads\runtime_collection\click_success\click_success_20260713_085957_142\crops\bbox.png,vision_platform\ads\runtime_collection\click_success\click_success_20260713_085957_142\crops\bbox.png,ads,runtime_collection,crop,crop,raw,x_mark,reviewed,,2026-07-14T12:50:17.753877+00:00,2026-07-14T12:50:19.745986+00:00
file_ac40e0b46fb02e4d,asset_8563daf0cc5f8eee,D:\Projects\adb_vl\vision_platform\ads\runtime_collection\click_success\click_success_20260713_090002_331\crops\bbox.png,vision_platform\ads\runtime_collection\click_success\click_success_20260713_090002_331\crops\bbox.png,ads,runtime_collection,crop,crop,raw,got,reviewed,,2026-07-14T13:00:35.495174+00:00,2026-07-14T13:00:35.959176+00:00
file_107b4cb1288bc630,asset_88342de1955d7710,D:\Projects\adb_vl\vision_platform\ads\runtime_collection\click_success\click_success_20260713_090150_924\crops\bbox.png,vision_platform\ads\runtime_collection\click_success\click_success_20260713_090150_924\crops\bbox.png,ads,runtime_collection,crop,crop,raw,play_triangle,reviewed,,2026-07-14T12:54:43.812797+00:00,2026-07-14T12:54:43.951753+00:00
file_94f1bde14ac54667,asset_90ce48e4e47a01c1,D:\Projects\adb_vl\vision_platform\ads\runtime_collection\click_success\click_success_20260713_090208_867\crops\bbox.png,vision_platform\ads\runtime_collection\click_success\click_success_20260713_090208_867\crops\bbox.png,ads,runtime_collection,crop,crop,raw,x_mark,reviewed,,2026-07-14T12:50:06.626027+00:00,2026-07-14T12:50:08.034674+00:00
file_0d067cdbf10452a5,asset_dea8ae9d91e5e666,D:\Projects\adb_vl\vision_platform\ads\runtime_collection\click_success\click_success_20260713_090213_965\crops\bbox.png,vision_platform\ads\runtime_collection\click_success\click_success_20260713_090213_965\crops\bbox.png,ads,runtime_collection,crop,crop,raw,got,reviewed,,2026-07-14T12:55:07.550952+00:00,2026-07-16T12:38:04.135016+00:00
file_87ac57244ab5f299,asset_542d5a8ba5e8e090,D:\Projects\adb_vl\vision_platform\ads\runtime_collection\click_success\click_success_20260713_090219_764\crops\bbox.png,vision_platform\ads\runtime_collection\click_success\click_success_20260713_090219_764\crops\bbox.png,ads,runtime_collection,crop,crop,raw,play_triangle,reviewed,,2026-07-14T12:54:43.993034+00:00,2026-07-14T12:54:44.156715+00:00
file_22ff620fe77cc31e,asset_6245704c040830e6,D:\Projects\adb_vl\vision_platform\ads\runtime_collection\click_success\click_success_20260713_090237_721\crops\bbox.png,vision_platform\ads\runtime_collection\click_success\click_success_20260713_090237_721\crops\bbox.png,ads,runtime_collection,crop,crop,raw,x_mark,reviewed,,2026-07-14T12:53:29.327894+00:00,2026-07-14T12:53:29.846243+00:00
file_e48611eca572140a,asset_2a225f2e94246f95,D:\Projects\adb_vl\vision_platform\ads\runtime_collection\click_success\click_success_20260713_090242_795\crops\bbox.png,vision_platform\ads\runtime_collection\click_success\click_success_20260713_090242_795\crops\bbox.png,ads,runtime_collection,crop,crop,raw,got,reviewed,,2026-07-14T12:55:08.496515+00:00,2026-07-14T12:55:09.013086+00:00
file_b9fda2c43c5f7e13,asset_1681b89025c9902b,D:\Projects\adb_vl\vision_platform\ads\runtime_collection\click_success\click_success_20260713_090248_537\crops\bbox.png,vision_platform\ads\runtime_collection\click_success\click_success_20260713_090248_537\crops\bbox.png,ads,runtime_collection,crop,crop,raw,play_triangle,reviewed,,2026-07-14T12:54:44.199612+00:00,2026-07-14T12:54:44.321699+00:00
file_e3f11b73be192b16,asset_2117e8b585c0bc87,D:\Projects\adb_vl\vision_platform\ads\runtime_collection\click_success\click_success_20260713_090306_881\crops\bbox.png,vision_platform\ads\runtime_collection\click_success\click_success_20260713_090306_881\crops\bbox.png,ads,runtime_collection,crop,crop,raw,x_mark,reviewed,,2026-07-14T12:53:35.414284+00:00,2026-07-14T12:53:35.896340+00:00
file_8bd6e958d40d0a1b,asset_3911db3a08d8407c,D:\Projects\adb_vl\vision_platform\ads\runtime_collection\click_success\click_success_20260713_090311_972\crops\bbox.png,vision_platform\ads\runtime_collection\click_success\click_success_20260713_090311_972\crops\bbox.png,ads,runtime_collection,crop,crop,raw,got,reviewed,,2026-07-14T12:55:00.097238+00:00,2026-07-16T12:37:47.697165+00:00
file_67b6becbf74cb4f1,asset_da86db81efb2b312,D:\Projects\adb_vl\vision_platform\ads\runtime_collection\click_success\click_success_20260713_090317_809\crops\bbox.png,vision_platform\ads\runtime_collection\click_success\click_success_20260713_090317_809\crops\bbox.png,ads,runtime_collection,crop,crop,raw,play_triangle,reviewed,,2026-07-14T12:54:44.354487+00:00,2026-07-14T12:54:44.502581+00:00
file_c3c020f092590994,asset_3603e8e8712294aa,D:\Projects\adb_vl\vision_platform\ads\runtime_collection\click_success\click_success_20260713_090335_921\crops\bbox.png,vision_platform\ads\runtime_collection\click_success\click_success_20260713_090335_921\crops\bbox.png,ads,runtime_collection,crop,crop,raw,x_mark,reviewed,,2026-07-14T12:53:35.916443+00:00,2026-07-16T12:36:45.925449+00:00
file_ce79f73ed3186b0d,asset_49afee44f4eb1fa6,D:\Projects\adb_vl\vision_platform\ads\runtime_collection\click_success\click_success_20260713_090340_942\crops\bbox.png,vision_platform\ads\runtime_collection\click_success\click_success_20260713_090340_942\crops\bbox.png,ads,runtime_collection,crop,crop,raw,got,reviewed,,2026-07-14T12:55:09.575689+00:00,2026-07-14T12:56:04.445712+00:00
file_eb313578ce0e8ad1,asset_56f1aad4a5d1e8bc,D:\Projects\adb_vl\vision_platform\ads\runtime_collection\click_success\click_success_20260713_090346_734\crops\bbox.png,vision_platform\ads\runtime_collection\click_success\click_success_20260713_090346_734\crops\bbox.png,ads,runtime_collection,crop,crop,raw,play_triangle,reviewed,,2026-07-14T12:54:44.543576+00:00,2026-07-14T12:54:44.674042+00:00
file_1aef1805ac019b89,asset_6245704c040830e6,D:\Projects\adb_vl\vision_platform\ads\runtime_collection\click_success\click_success_20260713_090404_778\crops\bbox.png,vision_platform\ads\runtime_collection\click_success\click_success_20260713_090404_778\crops\bbox.png,ads,runtime_collection,crop,crop,raw,x_mark,reviewed,,2026-07-14T12:53:29.886662+00:00,2026-07-14T12:53:30.609097+00:00
file_f9f17c7bbbe70566,asset_28ce3027c4b3f3b5,D:\Projects\adb_vl\vision_platform\ads\runtime_collection\click_success\click_success_20260713_090409_815\crops\bbox.png,vision_platform\ads\runtime_collection\click_success\click_success_20260713_090409_815\crops\bbox.png,ads,runtime_collection,crop,crop,raw,got,reviewed,,2026-07-14T12:55:07.742966+00:00,2026-07-14T12:55:07.913387+00:00
file_a6dcd08b6131a096,asset_83b91869426baa8c,D:\Projects\adb_vl\vision_platform\ads\runtime_collection\click_success\click_success_20260713_092236_610\crops\bbox.png,vision_platform\ads\runtime_collection\click_success\click_success_20260713_092236_610\crops\bbox.png,ads,runtime_collection,crop,crop,raw,free,reviewed,,2026-07-14T13:05:46.992812+00:00,2026-07-14T13:05:47.104386+00:00
file_05ef3bfa3c39ee51,asset_eaa49f6694344ff9,D:\Projects\adb_vl\vision_platform\ads\runtime_collection\click_success\click_success_20260713_092259_291\crops\bbox.png,vision_platform\ads\runtime_collection\click_success\click_success_20260713_092259_291\crops\bbox.png,ads,runtime_collection,crop,crop,raw,x_mark,reviewed,,2026-07-14T12:53:31.162521+00:00,2026-07-14T12:53:32.226187+00:00
file_a0e42b51ed07b933,asset_b4c1b399a527bf19,D:\Projects\adb_vl\vision_platform\ads\runtime_collection\click_success\click_success_20260713_092304_232\crops\bbox.png,vision_platform\ads\runtime_collection\click_success\click_success_20260713_092304_232\crops\bbox.png,ads,runtime_collection,crop,crop,raw,got,reviewed,,2026-07-14T12:55:05.699256+00:00,2026-07-14T12:55:05.832762+00:00
file_acd7a48387f3eb34,asset_83b91869426baa8c,D:\Projects\adb_vl\vision_platform\ads\runtime_collection\click_success\click_success_20260713_092310_697\crops\bbox.png,vision_platform\ads\runtime_collection\click_success\click_success_20260713_092310_697\crops\bbox.png,ads,runtime_collection,crop,crop,raw,free,reviewed,,2026-07-14T13:05:47.145395+00:00,2026-07-14T13:05:47.341725+00:00
file_399bc34ef8ddbc74,asset_ea6642c3c3ac92c6,D:\Projects\adb_vl\vision_platform\ads\runtime_collection\click_success\click_success_20260713_092328_718\crops\bbox.png,vision_platform\ads\runtime_collection\click_success\click_success_20260713_092328_718\crops\bbox.png,ads,runtime_collection,crop,crop,raw,x_mark,reviewed,,2026-07-14T12:53:33.541945+00:00,2026-07-14T12:53:34.187862+00:00
file_8d4e790d85b34365,asset_122938791c6b146a,D:\Projects\adb_vl\vision_platform\ads\runtime_collection\click_success\click_success_20260713_092333_686\crops\bbox.png,vision_platform\ads\runtime_collection\click_success\click_success_20260713_092333_686\crops\bbox.png,ads,runtime_collection,crop,crop,raw,got,reviewed,,2026-07-14T12:55:03.350829+00:00,2026-07-14T12:55:03.516029+00:00
file_299fc7f5bf0cc61f,asset_f969550042dd8a5c,D:\Projects\adb_vl\vision_platform\ads\runtime_collection\click_success\click_success_20260713_092340_435\crops\bbox.png,vision_platform\ads\runtime_collection\click_success\click_success_20260713_092340_435\crops\bbox.png,ads,runtime_collection,crop,crop,raw,free,reviewed,,2026-07-14T13:05:47.892353+00:00,2026-07-14T13:05:47.974919+00:00
file_ad7e4eb378125644,asset_507e8cbb255ddbba,D:\Projects\adb_vl\vision_platform\ads\runtime_collection\click_success\click_success_20260713_092358_638\crops\bbox.png,vision_platform\ads\runtime_collection\click_success\click_success_20260713_092358_638\crops\bbox.png,ads,runtime_collection,crop,crop,raw,x_mark,reviewed,,2026-07-14T12:53:27.259050+00:00,2026-07-14T12:53:27.972746+00:00
file_92496cc044399074,asset_ff4135452321c27d,D:\Projects\adb_vl\vision_platform\ads\runtime_collection\click_success\click_success_20260713_092403_554\crops\bbox.png,vision_platform\ads\runtime_collection\click_success\click_success_20260713_092403_554\crops\bbox.png,ads,runtime_collection,crop,crop,raw,got,reviewed,,2026-07-14T12:55:00.895228+00:00,2026-07-14T12:55:01.053280+00:00
file_5037ba8f8428854c,asset_0f62c98e529b3d06,D:\Projects\adb_vl\vision_platform\ads\runtime_collection\click_success\click_success_20260713_092410_770\crops\bbox.png,vision_platform\ads\runtime_collection\click_success\click_success_20260713_092410_770\crops\bbox.png,ads,runtime_collection,crop,crop,raw,free,reviewed,,2026-07-14T13:05:45.750188+00:00,2026-07-14T13:05:45.967780+00:00
file_ef5e65b9f913f3ba,asset_e18d2d36b4462d42,D:\Projects\adb_vl\vision_platform\ads\runtime_collection\click_success\click_success_20260713_092428_852\crops\bbox.png,vision_platform\ads\runtime_collection\click_success\click_success_20260713_092428_852\crops\bbox.png,ads,runtime_collection,crop,crop,raw,x_mark,reviewed,,2026-07-14T12:53:53.354893+00:00,2026-07-16T12:37:11.718588+00:00
file_6baeafdbf1505b34,asset_42640b7956e1a5af,D:\Projects\adb_vl\vision_platform\ads\runtime_collection\click_success\click_success_20260713_092433_793\crops\bbox.png,vision_platform\ads\runtime_collection\click_success\click_success_20260713_092433_793\crops\bbox.png,ads,runtime_collection,crop,crop,raw,got,reviewed,,2026-07-14T12:54:57.596303+00:00,2026-07-14T12:54:57.779274+00:00
file_ab90d0a0298a6948,asset_cd28afeb00146427,D:\Projects\adb_vl\vision_platform\ads\runtime_collection\click_success\click_success_20260713_092440_855\crops\bbox.png,vision_platform\ads\runtime_collection\click_success\click_success_20260713_092440_855\crops\bbox.png,ads,runtime_collection,crop,crop,raw,free,reviewed,,2026-07-14T13:05:42.065872+00:00,2026-07-14T13:05:44.053240+00:00
file_87d9500c65b6a4f2,asset_30c8ee229aa044f4,D:\Projects\adb_vl\vision_platform\ads\runtime_collection\click_success\click_success_20260713_092459_030\crops\bbox.png,vision_platform\ads\runtime_collection\click_success\click_success_20260713_092459_030\crops\bbox.png,ads,runtime_collection,crop,crop,raw,x_mark,reviewed,,2026-07-14T12:53:26.641964+00:00,2026-07-14T12:53:27.238392+00:00
file_84a8d2e130401c22,asset_d66a3b4c3a54e582,D:\Projects\adb_vl\vision_platform\ads\runtime_collection\click_success\click_success_20260713_092504_003\crops\bbox.png,vision_platform\ads\runtime_collection\click_success\click_success_20260713_092504_003\crops\bbox.png,ads,runtime_collection,crop,crop,raw,got,reviewed,,2026-07-14T12:54:58.120675+00:00,2026-07-14T12:54:58.327139+00:00
file_42bf27b449a4c57a,asset_cd28afeb00146427,D:\Projects\adb_vl\vision_platform\ads\runtime_collection\click_success\click_success_20260713_092511_425\crops\bbox.png,vision_platform\ads\runtime_collection\click_success\click_success_20260713_092511_425\crops\bbox.png,ads,runtime_collection,crop,crop,raw,free,reviewed,,2026-07-14T13:05:44.102274+00:00,2026-07-14T13:05:44.704803+00:00
file_e1121a57558fb4d8,asset_6cc55a7b44c3cff4,D:\Projects\adb_vl\vision_platform\ads\runtime_collection\click_success\click_success_20260713_092529_928\crops\bbox.png,vision_platform\ads\runtime_collection\click_success\click_success_20260713_092529_928\crops\bbox.png,ads,runtime_collection,crop,crop,raw,x_mark,reviewed,,2026-07-14T12:49:50.018148+00:00,2026-07-16T12:36:20.382472+00:00
file_3606147f537f0ca8,asset_cd7bd45565e944d8,D:\Projects\adb_vl\vision_platform\ads\runtime_collection\click_success\click_success_20260713_092534_935\crops\bbox.png,vision_platform\ads\runtime_collection\click_success\click_success_20260713_092534_935\crops\bbox.png,ads,runtime_collection,crop,crop,raw,got,reviewed,,2026-07-14T12:54:57.801740+00:00,2026-07-14T12:54:58.089857+00:00
file_910704808a5e9385,asset_6335f512afc499b7,D:\Projects\adb_vl\vision_platform\ads\runtime_collection\click_success\click_success_20260713_092617_850\crops\bbox.png,vision_platform\ads\runtime_collection\click_success\click_success_20260713_092617_850\crops\bbox.png,ads,runtime_collection,crop,crop,raw,x_mark,reviewed,,2026-07-14T12:53:37.035486+00:00,2026-07-16T12:36:49.460661+00:00
file_8162960727650f5f,asset_6555ba34f68fbad7,D:\Projects\adb_vl\vision_platform\ads\runtime_collection\click_success\click_success_20260713_092623_009\crops\bbox.png,vision_platform\ads\runtime_collection\click_success\click_success_20260713_092623_009\crops\bbox.png,ads,runtime_collection,crop,crop,raw,got,reviewed,,2026-07-14T13:00:33.460762+00:00,2026-07-16T12:38:22.355428+00:00
file_7355bcb1bf51b0e6,asset_98c24948b203b45b,D:\Projects\adb_vl\vision_platform\ads\runtime_collection\click_success\click_success_20260713_092637_056\crops\bbox.png,vision_platform\ads\runtime_collection\click_success\click_success_20260713_092637_056\crops\bbox.png,ads,runtime_collection,crop,crop,raw,x_mark,reviewed,,2026-07-14T12:53:24.315406+00:00,2026-07-14T12:53:25.030550+00:00
file_aaef03b0d97202b8,asset_9e1fb426ba026819,D:\Projects\adb_vl\vision_platform\ads\runtime_collection\click_success\click_success_20260713_092646_757\crops\bbox.png,vision_platform\ads\runtime_collection\click_success\click_success_20260713_092646_757\crops\bbox.png,ads,runtime_collection,crop,crop,raw,x_mark,reviewed,,2026-07-14T12:53:34.209320+00:00,2026-07-14T12:53:34.873518+00:00
file_e3d10cbaef88c1de,asset_5d48d448576b133c,D:\Projects\adb_vl\vision_platform\ads\runtime_collection\click_success\click_success_20260713_092651_933\crops\bbox.png,vision_platform\ads\runtime_collection\click_success\click_success_20260713_092651_933\crops\bbox.png,ads,runtime_collection,crop,crop,raw,got,reviewed,,2026-07-14T13:00:35.029673+00:00,2026-07-14T13:00:35.467897+00:00
file_91d2283860b96df5,asset_88342de1955d7710,D:\Projects\adb_vl\vision_platform\ads\runtime_collection\click_success\click_success_20260713_092817_744\crops\bbox.png,vision_platform\ads\runtime_collection\click_success\click_success_20260713_092817_744\crops\bbox.png,ads,runtime_collection,crop,crop,raw,play_triangle,reviewed,,2026-07-14T12:54:44.715109+00:00,2026-07-14T12:54:44.860089+00:00
file_32bf64afd9c4411a,asset_dfe2e766e76863a7,D:\Projects\adb_vl\vision_platform\ads\runtime_collection\click_success\click_success_20260713_092835_996\crops\bbox.png,vision_platform\ads\runtime_collection\click_success\click_success_20260713_092835_996\crops\bbox.png,ads,runtime_collection,crop,crop,raw,x_mark,reviewed,,2026-07-14T13:00:48.953815+00:00,2026-07-14T13:01:00.675869+00:00
file_d86e984d901f001c,asset_054e2d14776c7eaa,D:\Projects\adb_vl\vision_platform\ads\runtime_collection\click_success\click_success_20260713_092841_138\crops\bbox.png,vision_platform\ads\runtime_collection\click_success\click_success_20260713_092841_138\crops\bbox.png,ads,runtime_collection,crop,crop,raw,got,reviewed,,2026-07-14T12:55:07.342706+00:00,2026-07-14T12:55:07.517787+00:00
file_98b7978876377b57,asset_542d5a8ba5e8e090,D:\Projects\adb_vl\vision_platform\ads\runtime_collection\click_success\click_success_20260713_092847_103\crops\bbox.png,vision_platform\ads\runtime_collection\click_success\click_success_20260713_092847_103\crops\bbox.png,ads,runtime_collection,crop,crop,raw,play_triangle,reviewed,,2026-07-14T12:54:44.900879+00:00,2026-07-14T12:54:45.069814+00:00
file_5112e13caf63a384,asset_36e63d1e55168e8f,D:\Projects\adb_vl\vision_platform\ads\runtime_collection\click_success\click_success_20260713_092905_503\crops\bbox.png,vision_platform\ads\runtime_collection\click_success\click_success_20260713_092905_503\crops\bbox.png,ads,runtime_collection,crop,crop,raw,x_mark,reviewed,,2026-07-14T12:53:36.468431+00:00,2026-07-14T12:53:37.008621+00:00
file_5127788b0383ad92,asset_ab19bac3e1d1fc80,D:\Projects\adb_vl\vision_platform\ads\runtime_collection\click_success\click_success_20260713_092910_536\crops\bbox.png,vision_platform\ads\runtime_collection\click_success\click_success_20260713_092910_536\crops\bbox.png,ads,runtime_collection,crop,crop,raw,got,reviewed,,2026-07-14T12:55:08.117273+00:00,2026-07-14T12:55:08.297945+00:00
file_17c41195373d39df,asset_1681b89025c9902b,D:\Projects\adb_vl\vision_platform\ads\runtime_collection\click_success\click_success_20260713_092916_449\crops\bbox.png,vision_platform\ads\runtime_collection\click_success\click_success_20260713_092916_449\crops\bbox.png,ads,runtime_collection,crop,crop,raw,play_triangle,reviewed,,2026-07-14T12:54:45.113653+00:00,2026-07-14T12:54:45.284314+00:00
file_0b95398e6c4be8d8,asset_90ce48e4e47a01c1,D:\Projects\adb_vl\vision_platform\ads\runtime_collection\click_success\click_success_20260713_092934_813\crops\bbox.png,vision_platform\ads\runtime_collection\click_success\click_success_20260713_092934_813\crops\bbox.png,ads,runtime_collection,crop,crop,raw,x_mark,reviewed,,2026-07-14T12:50:08.103202+00:00,2026-07-14T12:50:12.601681+00:00
file_fbaa02f8549aa9f7,asset_fe628b894f9e9d17,D:\Projects\adb_vl\vision_platform\ads\runtime_collection\click_success\click_success_20260713_092939_863\crops\bbox.png,vision_platform\ads\runtime_collection\click_success\click_success_20260713_092939_863\crops\bbox.png,ads,runtime_collection,crop,crop,raw,got,reviewed,,2026-07-14T12:54:58.794852+00:00,2026-07-14T12:54:59.001378+00:00
file_3f18d06520b7ad61,asset_da86db81efb2b312,D:\Projects\adb_vl\vision_platform\ads\runtime_collection\click_success\click_success_20260713_092945_822\crops\bbox.png,vision_platform\ads\runtime_collection\click_success\click_success_20260713_092945_822\crops\bbox.png,ads,runtime_collection,crop,crop,raw,play_triangle,reviewed,,2026-07-14T12:54:45.325571+00:00,2026-07-14T12:54:45.480840+00:00
file_8206cc5578bc22ba,asset_7a4697aa90795534,D:\Projects\adb_vl\vision_platform\ads\runtime_collection\click_success\click_success_20260713_093004_075\crops\bbox.png,vision_platform\ads\runtime_collection\click_success\click_success_20260713_093004_075\crops\bbox.png,ads,runtime_collection,crop,crop,raw,x_mark,reviewed,,2026-07-14T12:53:22.360330+00:00,2026-07-16T12:36:39.549493+00:00
file_4170949ace142843,asset_9e94bd7f0e647f3d,D:\Projects\adb_vl\vision_platform\ads\runtime_collection\click_success\click_success_20260713_093009_136\crops\bbox.png,vision_platform\ads\runtime_collection\click_success\click_success_20260713_093009_136\crops\bbox.png,ads,runtime_collection,crop,crop,raw,got,reviewed,,2026-07-14T12:55:00.285340+00:00,2026-07-14T12:55:00.472517+00:00
file_28f5c856364afeff,asset_56f1aad4a5d1e8bc,D:\Projects\adb_vl\vision_platform\ads\runtime_collection\click_success\click_success_20260713_093014_935\crops\bbox.png,vision_platform\ads\runtime_collection\click_success\click_success_20260713_093014_935\crops\bbox.png,ads,runtime_collection,crop,crop,raw,play_triangle,reviewed,,2026-07-14T12:54:45.529860+00:00,2026-07-14T12:54:45.678532+00:00
file_2d90d832b7fe97b8,asset_6610b5dfb445dd5f,D:\Projects\adb_vl\vision_platform\ads\runtime_collection\click_success\click_success_20260713_093033_128\crops\bbox.png,vision_platform\ads\runtime_collection\click_success\click_success_20260713_093033_128\crops\bbox.png,ads,runtime_collection,crop,crop,raw,x_mark,reviewed,,2026-07-14T12:52:50.740498+00:00,2026-07-14T12:52:56.394116+00:00
file_a2e7dd396ff48987,asset_f6644fda6fd59f54,D:\Projects\adb_vl\vision_platform\ads\runtime_collection\click_success\click_success_20260713_093038_210\crops\bbox.png,vision_platform\ads\runtime_collection\click_success\click_success_20260713_093038_210\crops\bbox.png,ads,runtime_collection,crop,crop,raw,got,reviewed,,2026-07-14T12:55:07.931685+00:00,2026-07-14T12:55:08.090201+00:00
file_ee09c70dd73a299b,asset_83b91869426baa8c,D:\Projects\adb_vl\vision_platform\ads\runtime_collection\click_success\click_success_20260713_094810_782\crops\bbox.png,vision_platform\ads\runtime_collection\click_success\click_success_20260713_094810_782\crops\bbox.png,ads,runtime_collection,crop,crop,raw,free,reviewed,,2026-07-14T13:05:47.394789+00:00,2026-07-14T13:05:47.481080+00:00
file_ee0387d4d77b785c,asset_ff5fa003b27b535b,D:\Projects\adb_vl\vision_platform\ads\runtime_collection\click_success\click_success_20260713_094919_639\crops\bbox.png,vision_platform\ads\runtime_collection\click_success\click_success_20260713_094919_639\crops\bbox.png,ads,runtime_collection,crop,crop,raw,arrow|next,reviewed,,2026-07-14T12:54:22.804397+00:00,2026-07-14T12:54:23.272946+00:00
file_f9a4d13ef3124789,asset_97db52526fea1d31,D:\Projects\adb_vl\vision_platform\ads\runtime_collection\click_success\click_success_20260713_094928_844\crops\bbox.png,vision_platform\ads\runtime_collection\click_success\click_success_20260713_094928_844\crops\bbox.png,ads,runtime_collection,crop,crop,raw,got,reviewed,,2026-07-14T12:55:06.223347+00:00,2026-07-14T12:55:06.405065+00:00
file_3c1dd248079e27eb,asset_22931ff7d50a4007,D:\Projects\adb_vl\vision_platform\ads\runtime_collection\click_success\click_success_20260713_095042_528\crops\bbox.png,vision_platform\ads\runtime_collection\click_success\click_success_20260713_095042_528\crops\bbox.png,ads,runtime_collection,crop,crop,raw,arrow|next,reviewed,,2026-07-14T13:06:18.640413+00:00,2026-07-14T13:06:19.476240+00:00
file_11d37ff21c14074b,asset_cbed584f4a7a79fc,D:\Projects\adb_vl\vision_platform\ads\runtime_collection\click_success\click_success_20260713_095051_741\crops\bbox.png,vision_platform\ads\runtime_collection\click_success\click_success_20260713_095051_741\crops\bbox.png,ads,runtime_collection,crop,crop,raw,got,reviewed,,2026-07-14T12:55:02.502692+00:00,2026-07-14T12:55:02.658887+00:00
file_58f0089e63510c13,asset_f969550042dd8a5c,D:\Projects\adb_vl\vision_platform\ads\runtime_collection\click_success\click_success_20260713_095100_859\crops\bbox.png,vision_platform\ads\runtime_collection\click_success\click_success_20260713_095100_859\crops\bbox.png,ads,runtime_collection,crop,crop,raw,free,reviewed,,2026-07-14T13:05:48.015644+00:00,2026-07-14T13:05:48.797635+00:00
file_8b0c0a1b8dcc6487,asset_7c2cc704821e7c64,D:\Projects\adb_vl\vision_platform\ads\runtime_collection\click_success\click_success_20260713_095207_013\crops\bbox.png,vision_platform\ads\runtime_collection\click_success\click_success_20260713_095207_013\crops\bbox.png,ads,runtime_collection,crop,crop,raw,arrow,reviewed,,2026-07-14T13:07:03.617661+00:00,2026-07-14T13:07:04.382593+00:00
file_a067bd798a422f13,asset_183568ccccf9b17c,D:\Projects\adb_vl\vision_platform\ads\runtime_collection\click_success\click_success_20260713_095216_081\crops\bbox.png,vision_platform\ads\runtime_collection\click_success\click_success_20260713_095216_081\crops\bbox.png,ads,runtime_collection,crop,crop,raw,got,reviewed,,2026-07-14T12:54:56.436547+00:00,2026-07-14T12:54:56.822318+00:00
file_b0c70fd401f60b33,asset_0f62c98e529b3d06,D:\Projects\adb_vl\vision_platform\ads\runtime_collection\click_success\click_success_20260713_095225_035\crops\bbox.png,vision_platform\ads\runtime_collection\click_success\click_success_20260713_095225_035\crops\bbox.png,ads,runtime_collection,crop,crop,raw,free,reviewed,,2026-07-14T13:05:46.033055+00:00,2026-07-14T13:05:46.158817+00:00
file_bf5064b3c751fece,asset_57057a2072ac0aa9,D:\Projects\adb_vl\vision_platform\ads\runtime_collection\click_success\click_success_20260713_095331_314\crops\bbox.png,vision_platform\ads\runtime_collection\click_success\click_success_20260713_095331_314\crops\bbox.png,ads,runtime_collection,crop,crop,raw,arrow|next,reviewed,,2026-07-14T13:06:38.576522+00:00,2026-07-14T13:06:39.615313+00:00
file_313025013de0d9bf,asset_3d50df392fb8fb02,D:\Projects\adb_vl\vision_platform\ads\runtime_collection\click_success\click_success_20260713_095340_430\crops\bbox.png,vision_platform\ads\runtime_collection\click_success\click_success_20260713_095340_430\crops\bbox.png,ads,runtime_collection,crop,crop,raw,got,reviewed,,2026-07-14T12:54:49.128984+00:00,2026-07-14T12:54:55.026331+00:00
file_dc8d7a91ae6c1b7a,asset_2055f74f2afad9a7,D:\Projects\adb_vl\vision_platform\ads\runtime_collection\click_success\click_success_20260713_095349_700\crops\bbox.png,vision_platform\ads\runtime_collection\click_success\click_success_20260713_095349_700\crops\bbox.png,ads,runtime_collection,crop,crop,raw,free,reviewed,,2026-07-14T13:05:44.730667+00:00,2026-07-14T13:05:45.259082+00:00
file_acb5f507ac5a49a9,asset_a267329783339e3b,D:\Projects\adb_vl\vision_platform\ads\runtime_collection\click_success\click_success_20260713_095453_234\crops\bbox.png,vision_platform\ads\runtime_collection\click_success\click_success_20260713_095453_234\crops\bbox.png,ads,runtime_collection,crop,crop,raw,arrow,reviewed,,2026-07-14T13:06:51.692722+00:00,2026-07-14T13:06:52.239921+00:00
file_a798424dfdb246f2,asset_c5baf12d61cdbd4b,D:\Projects\adb_vl\vision_platform\ads\runtime_collection\click_success\click_success_20260713_095502_252\crops\bbox.png,vision_platform\ads\runtime_collection\click_success\click_success_20260713_095502_252\crops\bbox.png,ads,runtime_collection,crop,crop,raw,got,reviewed,,2026-07-14T12:54:55.767128+00:00,2026-07-14T12:54:56.081875+00:00
file_7898c2909207f993,asset_01a630b36d6a62c1,D:\Projects\adb_vl\vision_platform\ads\runtime_collection\click_success\click_success_20260713_095511_360\crops\bbox.png,vision_platform\ads\runtime_collection\click_success\click_success_20260713_095511_360\crops\bbox.png,ads,runtime_collection,crop,crop,raw,free,reviewed,,2026-07-14T13:01:33.545075+00:00,2026-07-14T13:01:42.830278+00:00
file_80043a8ad38fcdf0,asset_c7e460477e6815ca,D:\Projects\adb_vl\vision_platform\ads\runtime_collection\click_success\click_success_20260713_095617_140\crops\bbox.png,vision_platform\ads\runtime_collection\click_success\click_success_20260713_095617_140\crops\bbox.png,ads,runtime_collection,crop,crop,raw,arrow|next,reviewed,,2026-07-14T13:05:49.392082+00:00,2026-07-14T13:06:15.560787+00:00
file_2d8c856bebd75ce8,asset_741a7dc2efc4ab03,D:\Projects\adb_vl\vision_platform\ads\runtime_collection\click_success\click_success_20260713_095626_251\crops\bbox.png,vision_platform\ads\runtime_collection\click_success\click_success_20260713_095626_251\crops\bbox.png,ads,runtime_collection,crop,crop,raw,got,reviewed,,2026-07-14T12:54:57.130204+00:00,2026-07-14T12:54:57.354289+00:00
file_f23916b7cd727fea,asset_53debd4fe80fc84a,D:\Projects\adb_vl\vision_platform\ads\runtime_collection\click_success\click_success_20260713_095859_772\crops\bbox.png,vision_platform\ads\runtime_collection\click_success\click_success_20260713_095859_772\crops\bbox.png,ads,runtime_collection,crop,crop,raw,got,reviewed,,2026-07-14T13:00:35.980982+00:00,2026-07-14T13:00:42.998930+00:00
file_4f0533509dde0ef4,asset_83893a37ecb22a22,D:\Projects\adb_vl\vision_platform\ads\runtime_collection\click_success\click_success_20260713_095949_902\crops\bbox.png,vision_platform\ads\runtime_collection\click_success\click_success_20260713_095949_902\crops\bbox.png,ads,runtime_collection,crop,crop,raw,arrow,reviewed,,2026-07-14T13:06:49.859855+00:00,2026-07-14T13:06:50.629976+00:00
file_1c570333b2533d97,asset_1d446d38215dd71a,D:\Projects\adb_vl\vision_platform\ads\runtime_collection\click_success\click_success_20260713_095959_600\crops\bbox.png,vision_platform\ads\runtime_collection\click_success\click_success_20260713_095959_600\crops\bbox.png,ads,runtime_collection,crop,crop,raw,got,reviewed,,2026-07-14T13:00:34.059176+00:00,2026-07-14T13:00:34.544143+00:00
file_a4dedb1f18ff9439,asset_959ff3cdd6771a3f,D:\Projects\adb_vl\vision_platform\ads\runtime_collection\click_success\click_success_20260713_100053_163\crops\bbox.png,vision_platform\ads\runtime_collection\click_success\click_success_20260713_100053_163\crops\bbox.png,ads,runtime_collection,crop,crop,raw,play_triangle,reviewed,,2026-07-14T12:54:46.190560+00:00,2026-07-14T12:54:46.331591+00:00
file_8fa1a19595654b28,asset_b0b35ce09c8f69e6,D:\Projects\adb_vl\vision_platform\ads\runtime_collection\click_success\click_success_20260713_100125_922\crops\bbox.png,vision_platform\ads\runtime_collection\click_success\click_success_20260713_100125_922\crops\bbox.png,ads,runtime_collection,crop,crop,raw,got,reviewed,,2026-07-14T12:54:59.700014+00:00,2026-07-14T12:54:59.866439+00:00
file_12c96f7abeb57584,asset_542d5a8ba5e8e090,D:\Projects\adb_vl\vision_platform\ads\runtime_collection\click_success\click_success_20260713_100132_667\crops\bbox.png,vision_platform\ads\runtime_collection\click_success\click_success_20260713_100132_667\crops\bbox.png,ads,runtime_collection,crop,crop,raw,play_triangle,reviewed,,2026-07-14T12:54:45.720072+00:00,2026-07-14T12:54:45.850473+00:00
file_abe392545a8d5177,asset_55fbb5e834c0e298,D:\Projects\adb_vl\vision_platform\ads\runtime_collection\click_success\click_success_20260713_100156_787\crops\bbox.png,vision_platform\ads\runtime_collection\click_success\click_success_20260713_100156_787\crops\bbox.png,ads,runtime_collection,crop,crop,raw,x_mark,reviewed,,2026-07-14T12:56:37.167327+00:00,2026-07-14T12:56:42.265330+00:00
file_a6dbca664e932053,asset_fe9d31d6ed9b602d,D:\Projects\adb_vl\vision_platform\ads\runtime_collection\click_success\click_success_20260713_100202_021\crops\bbox.png,vision_platform\ads\runtime_collection\click_success\click_success_20260713_100202_021\crops\bbox.png,ads,runtime_collection,crop,crop,raw,got,reviewed,,2026-07-14T12:55:09.037545+00:00,2026-07-14T12:55:09.553299+00:00
file_b2cb2d334ed2695f,asset_1681b89025c9902b,D:\Projects\adb_vl\vision_platform\ads\runtime_collection\click_success\click_success_20260713_100208_161\crops\bbox.png,vision_platform\ads\runtime_collection\click_success\click_success_20260713_100208_161\crops\bbox.png,ads,runtime_collection,crop,crop,raw,play_triangle,reviewed,,2026-07-14T12:54:45.891766+00:00,2026-07-14T12:54:46.014952+00:00
file_c09160be9fefe870,asset_7b1a58c3ef6bea6c,D:\Projects\adb_vl\vision_platform\ads\runtime_collection\click_success\click_success_20260713_100244_003\crops\bbox.png,vision_platform\ads\runtime_collection\click_success\click_success_20260713_100244_003\crops\bbox.png,ads,runtime_collection,crop,crop,raw,arrow,reviewed,,2026-07-14T13:07:04.946335+00:00,2026-07-14T13:07:05.184512+00:00
file_4779a278b028aa94,asset_93e8a1c52eeed49d,D:\Projects\adb_vl\vision_platform\ads\runtime_collection\click_success\click_success_20260713_100253_288\crops\bbox.png,vision_platform\ads\runtime_collection\click_success\click_success_20260713_100253_288\crops\bbox.png,ads,runtime_collection,crop,crop,raw,got,reviewed,,2026-07-14T12:55:06.784820+00:00,2026-07-14T12:55:06.972792+00:00
file_333b52283f37291a,asset_d6ebeced837f0875,D:\Projects\adb_vl\vision_platform\ads\runtime_collection\click_success\click_success_20260713_100301_337\crops\bbox.png,vision_platform\ads\runtime_collection\click_success\click_success_20260713_100301_337\crops\bbox.png,ads,runtime_collection,crop,crop,raw,play_triangle,reviewed,,2026-07-14T12:54:48.122493+00:00,2026-07-14T12:54:49.104270+00:00
file_e220e13fef12d437,asset_7b686d6471fd540c,D:\Projects\adb_vl\vision_platform\ads\runtime_collection\click_success\click_success_20260713_100319_204\crops\bbox.png,vision_platform\ads\runtime_collection\click_success\click_success_20260713_100319_204\crops\bbox.png,ads,runtime_collection,crop,crop,raw,arrow|next,reviewed,,2026-07-14T12:56:35.651699+00:00,2026-07-14T12:56:37.143108+00:00
file_1d5e457bcbcb4021,asset_7e28f00f839fce1f,D:\Projects\adb_vl\vision_platform\ads\runtime_collection\click_success\click_success_20260713_100332_771\crops\bbox.png,vision_platform\ads\runtime_collection\click_success\click_success_20260713_100332_771\crops\bbox.png,ads,runtime_collection,crop,crop,raw,arrow|next,reviewed,,2026-07-14T12:52:59.369269+00:00,2026-07-14T12:53:15.212331+00:00
file_c4b10a260a8dd4ba,asset_ec0f3962ae857614,D:\Projects\adb_vl\vision_platform\ads\runtime_collection\click_success\click_success_20260713_100337_863\crops\bbox.png,vision_platform\ads\runtime_collection\click_success\click_success_20260713_100337_863\crops\bbox.png,ads,runtime_collection,crop,crop,raw,got,reviewed,,2026-07-14T12:55:08.324669+00:00,2026-07-16T12:38:04.756320+00:00
file_98370146f870c367,asset_b0fb1915ebdcef1f,D:\Projects\adb_vl\vision_platform\ads\runtime_collection\click_success\click_success_20260713_100345_889\crops\bbox.png,vision_platform\ads\runtime_collection\click_success\click_success_20260713_100345_889\crops\bbox.png,ads,runtime_collection,crop,crop,raw,play_triangle,reviewed,,2026-07-14T12:54:47.032576+00:00,2026-07-14T12:54:47.198378+00:00
file_3dc0d458cc883ee3,asset_57057a2072ac0aa9,D:\Projects\adb_vl\vision_platform\ads\runtime_collection\click_success\click_success_20260713_100447_093\crops\bbox.png,vision_platform\ads\runtime_collection\click_success\click_success_20260713_100447_093\crops\bbox.png,ads,runtime_collection,crop,crop,raw,arrow|next,reviewed,,2026-07-14T13:06:39.657175+00:00,2026-07-14T13:06:40.204137+00:00
file_3812d68168c166a4,asset_b1f9c1b9f8fac2f0,D:\Projects\adb_vl\vision_platform\ads\runtime_collection\click_success\click_success_20260713_100456_732\crops\bbox.png,vision_platform\ads\runtime_collection\click_success\click_success_20260713_100456_732\crops\bbox.png,ads,runtime_collection,crop,crop,raw,got,reviewed,,2026-07-14T12:54:59.018870+00:00,2026-07-14T12:54:59.225816+00:00
file_51ff00bc3d7603bf,asset_83b91869426baa8c,D:\Projects\adb_vl\vision_platform\ads\runtime_collection\click_success\click_success_20260713_101942_470\crops\bbox.png,vision_platform\ads\runtime_collection\click_success\click_success_20260713_101942_470\crops\bbox.png,ads,runtime_collection,crop,crop,raw,free,reviewed,,2026-07-14T13:05:47.522402+00:00,2026-07-14T13:05:47.603877+00:00
file_396637fffb08b166,asset_6464ee682b6e9539,D:\Projects\adb_vl\vision_platform\ads\runtime_collection\click_success\click_success_20260713_102018_720\crops\bbox.png,vision_platform\ads\runtime_collection\click_success\click_success_20260713_102018_720\crops\bbox.png,ads,runtime_collection,crop,crop,raw,got,reviewed,,2026-07-14T12:55:06.431992+00:00,2026-07-14T12:55:06.581149+00:00
file_e399230a20703d71,asset_14a81fb73235b2ae,D:\Projects\adb_vl\vision_platform\ads\runtime_collection\click_success\click_success_20260713_102027_859\crops\bbox.png,vision_platform\ads\runtime_collection\click_success\click_success_20260713_102027_859\crops\bbox.png,ads,runtime_collection,crop,crop,raw,free,reviewed,,2026-07-14T13:05:46.374694+00:00,2026-07-14T13:05:46.551133+00:00
file_1621862b6acb7cf3,asset_ff5fa003b27b535b,D:\Projects\adb_vl\vision_platform\ads\runtime_collection\click_success\click_success_20260713_102134_709\crops\bbox.png,vision_platform\ads\runtime_collection\click_success\click_success_20260713_102134_709\crops\bbox.png,ads,runtime_collection,crop,crop,raw,arrow|next,reviewed,,2026-07-14T12:54:23.314097+00:00,2026-07-14T12:54:23.872815+00:00
file_62c3dd3102650707,asset_a6a1a807225333d3,D:\Projects\adb_vl\vision_platform\ads\runtime_collection\click_success\click_success_20260713_102143_549\crops\bbox.png,vision_platform\ads\runtime_collection\click_success\click_success_20260713_102143_549\crops\bbox.png,ads,runtime_collection,crop,crop,raw,got,reviewed,,2026-07-14T12:55:01.277710+00:00,2026-07-16T12:38:01.460667+00:00
file_e2acb648add334e4,asset_f969550042dd8a5c,D:\Projects\adb_vl\vision_platform\ads\runtime_collection\click_success\click_success_20260713_102152_561\crops\bbox.png,vision_platform\ads\runtime_collection\click_success\click_success_20260713_102152_561\crops\bbox.png,ads,runtime_collection,crop,crop,raw,free,reviewed,,2026-07-14T13:05:48.840409+00:00,2026-07-14T13:05:49.370625+00:00
file_ee87316a9ecc6f93,asset_c7e460477e6815ca,D:\Projects\adb_vl\vision_platform\ads\runtime_collection\click_success\click_success_20260713_102257_097\crops\bbox.png,vision_platform\ads\runtime_collection\click_success\click_success_20260713_102257_097\crops\bbox.png,ads,runtime_collection,crop,crop,raw,arrow|next,reviewed,,2026-07-14T13:06:15.608428+00:00,2026-07-14T13:06:16.580657+00:00
file_6c9d7fd2cf8b2a09,asset_263d9bbf7a74f119,D:\Projects\adb_vl\vision_platform\ads\runtime_collection\click_success\click_success_20260713_102305_939\crops\bbox.png,vision_platform\ads\runtime_collection\click_success\click_success_20260713_102305_939\crops\bbox.png,ads,runtime_collection,crop,crop,raw,got,reviewed,,2026-07-14T12:55:00.490274+00:00,2026-07-14T12:55:00.676918+00:00
file_885c0ed210a32954,asset_0f62c98e529b3d06,D:\Projects\adb_vl\vision_platform\ads\runtime_collection\click_success\click_success_20260713_102315_017\crops\bbox.png,vision_platform\ads\runtime_collection\click_success\click_success_20260713_102315_017\crops\bbox.png,ads,runtime_collection,crop,crop,raw,free,reviewed,,2026-07-14T13:05:46.207340+00:00,2026-07-14T13:05:46.346312+00:00
file_3aaed400e7ccbc64,asset_7fa875a023c06075,D:\Projects\adb_vl\vision_platform\ads\runtime_collection\click_success\click_success_20260713_102419_119\crops\bbox.png,vision_platform\ads\runtime_collection\click_success\click_success_20260713_102419_119\crops\bbox.png,ads,runtime_collection,crop,crop,raw,arrow,reviewed,,2026-07-14T13:06:44.789712+00:00,2026-07-14T13:06:49.836792+00:00
file_ec52bec92f18b3a6,asset_09db06e79617a5ab,D:\Projects\adb_vl\vision_platform\ads\runtime_collection\click_success\click_success_20260713_102427_930\crops\bbox.png,vision_platform\ads\runtime_collection\click_success\click_success_20260713_102427_930\crops\bbox.png,ads,runtime_collection,crop,crop,raw,got,reviewed,,2026-07-14T12:54:56.844151+00:00,2026-07-14T12:54:57.108219+00:00
file_6950c99c8d27fc0f,asset_b24e578fa8ac8e25,D:\Projects\adb_vl\vision_platform\ads\runtime_collection\click_success\click_success_20260713_102437_108\crops\bbox.png,vision_platform\ads\runtime_collection\click_success\click_success_20260713_102437_108\crops\bbox.png,ads,runtime_collection,crop,crop,raw,free,reviewed,,2026-07-14T13:05:47.625937+00:00,2026-07-16T12:38:24.181097+00:00
file_1c610c21e82f0a3b,asset_3e2ac2ef5377fc3b,D:\Projects\adb_vl\vision_platform\ads\runtime_collection\click_success\click_success_20260713_102508_020\crops\bbox.png,vision_platform\ads\runtime_collection\click_success\click_success_20260713_102508_020\crops\bbox.png,ads,runtime_collection,crop,crop,raw,arrow,reviewed,,2026-07-14T13:06:52.266223+00:00,2026-07-14T13:06:52.954128+00:00
file_561deffd5e29abeb,asset_cc988facf7de4b10,D:\Projects\adb_vl\vision_platform\ads\runtime_collection\click_success\click_success_20260713_102516_921\crops\bbox.png,vision_platform\ads\runtime_collection\click_success\click_success_20260713_102516_921\crops\bbox.png,ads,runtime_collection,crop,crop,raw,got,reviewed,,2026-07-14T12:54:56.099647+00:00,2026-07-14T12:54:56.404890+00:00
file_034039de9157fe6e,asset_49c3633bf8d96c23,D:\Projects\adb_vl\vision_platform\ads\runtime_collection\click_success\click_success_20260713_102525_452\crops\bbox.png,vision_platform\ads\runtime_collection\click_success\click_success_20260713_102525_452\crops\bbox.png,ads,runtime_collection,crop,crop,raw,free,reviewed,,2026-07-14T13:01:42.849773+00:00,2026-07-14T13:01:44.528133+00:00
file_4b40434ea29380f7,asset_7acc39b655a0bda9,D:\Projects\adb_vl\vision_platform\ads\runtime_collection\click_success\click_success_20260713_102601_006\crops\bbox.png,vision_platform\ads\runtime_collection\click_success\click_success_20260713_102601_006\crops\bbox.png,ads,runtime_collection,crop,crop,raw,arrow,reviewed,,2026-07-14T13:06:58.501635+00:00,2026-07-14T13:07:02.219303+00:00
file_f759dfcce3ea6dba,asset_8f85cf781a2c4892,D:\Projects\adb_vl\vision_platform\ads\runtime_collection\click_success\click_success_20260713_102609_950\crops\bbox.png,vision_platform\ads\runtime_collection\click_success\click_success_20260713_102609_950\crops\bbox.png,ads,runtime_collection,crop,crop,raw,got,reviewed,,2026-07-14T12:54:55.054809+00:00,2026-07-14T12:54:55.745995+00:00
file_4efc8ba784626b00,asset_673e1ce09b1c7183,D:\Projects\adb_vl\vision_platform\ads\runtime_collection\click_success\click_success_20260713_102831_533\crops\bbox.png,vision_platform\ads\runtime_collection\click_success\click_success_20260713_102831_533\crops\bbox.png,ads,runtime_collection,crop,crop,raw,got,reviewed,,2026-07-14T12:57:21.788492+00:00,2026-07-14T13:00:24.352448+00:00
file_28db17c1fdc6810f,asset_13fae01f38c68d9b,D:\Projects\adb_vl\vision_platform\ads\runtime_collection\click_success\click_success_20260713_102840_468\crops\bbox.png,vision_platform\ads\runtime_collection\click_success\click_success_20260713_102840_468\crops\bbox.png,ads,runtime_collection,crop,crop,raw,negative,reviewed,,2026-07-14T13:06:52.974232+00:00,2026-07-14T13:06:58.482054+00:00
file_709feda930d44fc0,asset_161fe2d19fd904c5,D:\Projects\adb_vl\vision_platform\ads\runtime_collection\click_success\click_success_20260713_102941_228\crops\bbox.png,vision_platform\ads\runtime_collection\click_success\click_success_20260713_102941_228\crops\bbox.png,ads,runtime_collection,crop,crop,raw,arrow|next,reviewed,,2026-07-14T13:06:19.502387+00:00,2026-07-14T13:06:20.239444+00:00
file_5bb144b3ebce64b2,asset_88b020cf71cd95fe,D:\Projects\adb_vl\vision_platform\ads\runtime_collection\click_success\click_success_20260713_102950_486\crops\bbox.png,vision_platform\ads\runtime_collection\click_success\click_success_20260713_102950_486\crops\bbox.png,ads,runtime_collection,crop,crop,raw,got,reviewed,,2026-07-14T13:00:34.571414+00:00,2026-07-14T13:00:34.997136+00:00
file_ac3e4fe5765358fe,asset_88342de1955d7710,D:\Projects\adb_vl\vision_platform\ads\runtime_collection\click_success\click_success_20260713_103043_470\crops\bbox.png,vision_platform\ads\runtime_collection\click_success\click_success_20260713_103043_470\crops\bbox.png,ads,runtime_collection,crop,crop,raw,play_triangle,reviewed,,2026-07-14T12:54:46.056933+00:00,2026-07-14T12:54:46.167782+00:00
file_a5745491741dd931,asset_d94098ff97a6d4e1,D:\Projects\adb_vl\vision_platform\ads\runtime_collection\click_success\click_success_20260713_103115_232\crops\bbox.png,vision_platform\ads\runtime_collection\click_success\click_success_20260713_103115_232\crops\bbox.png,ads,runtime_collection,crop,crop,raw,got,reviewed,,2026-07-14T12:54:59.254009+00:00,2026-07-14T12:54:59.446924+00:00
file_53aaf77bc2d63184,asset_76e8e41d64c43242,D:\Projects\adb_vl\vision_platform\ads\runtime_collection\click_success\click_success_20260713_103123_852\crops\bbox.png,vision_platform\ads\runtime_collection\click_success\click_success_20260713_103123_852\crops\bbox.png,ads,runtime_collection,crop,crop,raw,play_triangle,reviewed,,2026-07-14T12:54:46.353918+00:00,2026-07-14T12:54:46.513737+00:00
file_0b9a658f960097b9,asset_ff5fa003b27b535b,D:\Projects\adb_vl\vision_platform\ads\runtime_collection\click_success\click_success_20260713_103231_073\crops\bbox.png,vision_platform\ads\runtime_collection\click_success\click_success_20260713_103231_073\crops\bbox.png,ads,runtime_collection,crop,crop,raw,arrow|next,reviewed,,2026-07-14T12:54:23.922335+00:00,2026-07-14T12:54:24.656440+00:00
file_0e55e2d594079fed,asset_56d393572f6f818f,D:\Projects\adb_vl\vision_platform\ads\runtime_collection\click_success\click_success_20260713_103240_006\crops\bbox.png,vision_platform\ads\runtime_collection\click_success\click_success_20260713_103240_006\crops\bbox.png,ads,runtime_collection,crop,crop,raw,got,reviewed,,2026-07-14T12:55:06.992052+00:00,2026-07-16T12:38:03.418838+00:00
file_0cb007c6af738353,asset_472bfd838b165cc8,D:\Projects\adb_vl\vision_platform\ads\runtime_collection\click_success\click_success_20260713_103248_223\crops\bbox.png,vision_platform\ads\runtime_collection\click_success\click_success_20260713_103248_223\crops\bbox.png,ads,runtime_collection,crop,crop,raw,play_triangle,reviewed,,2026-07-14T12:54:47.220164+00:00,2026-07-14T12:54:47.631813+00:00
file_0cb2478740ea3954,asset_c7e460477e6815ca,D:\Projects\adb_vl\vision_platform\ads\runtime_collection\click_success\click_success_20260713_103353_299\crops\bbox.png,vision_platform\ads\runtime_collection\click_success\click_success_20260713_103353_299\crops\bbox.png,ads,runtime_collection,crop,crop,raw,arrow|next,reviewed,,2026-07-14T13:06:16.622924+00:00,2026-07-14T13:06:17.317401+00:00
file_da898d64ad5b3d30,asset_2b0bcfa2d943e368,D:\Projects\adb_vl\vision_platform\ads\runtime_collection\click_success\click_success_20260713_103403_052\crops\bbox.png,vision_platform\ads\runtime_collection\click_success\click_success_20260713_103403_052\crops\bbox.png,ads,runtime_collection,crop,crop,raw,got,reviewed,,2026-07-14T12:54:59.468156+00:00,2026-07-14T12:54:59.664102+00:00
file_95b833f90a11d605,asset_c2c2dd5810451d31,D:\Projects\adb_vl\vision_platform\ads\runtime_collection\click_success\click_success_20260713_103411_857\crops\bbox.png,vision_platform\ads\runtime_collection\click_success\click_success_20260713_103411_857\crops\bbox.png,ads,runtime_collection,crop,crop,raw,play_triangle,reviewed,,2026-07-14T12:54:47.654716+00:00,2026-07-14T12:54:47.830388+00:00
file_54dcfd8a6e1ab7bd,asset_57057a2072ac0aa9,D:\Projects\adb_vl\vision_platform\ads\runtime_collection\click_success\click_success_20260713_103511_714\crops\bbox.png,vision_platform\ads\runtime_collection\click_success\click_success_20260713_103511_714\crops\bbox.png,ads,runtime_collection,crop,crop,raw,arrow|next,reviewed,,2026-07-14T13:06:40.253062+00:00,2026-07-14T13:06:40.808792+00:00
file_02ce57272c84b6f5,asset_6e8a5d255426a167,D:\Projects\adb_vl\vision_platform\ads\runtime_collection\click_success\click_success_20260713_103520_712\crops\bbox.png,vision_platform\ads\runtime_collection\click_success\click_success_20260713_103520_712\crops\bbox.png,ads,runtime_collection,crop,crop,raw,got,reviewed,,2026-07-14T12:54:59.886705+00:00,2026-07-14T12:55:00.071151+00:00
file_5d7a867c228aefef,asset_ebdc895ca71436f4,D:\Projects\adb_vl\vision_platform\ads\runtime_collection\click_success\click_success_20260713_103528_711\crops\bbox.png,vision_platform\ads\runtime_collection\click_success\click_success_20260713_103528_711\crops\bbox.png,ads,runtime_collection,crop,crop,raw,play_triangle,reviewed,,2026-07-14T12:54:47.850647+00:00,2026-07-14T12:54:48.098146+00:00
file_201035a596c9f39e,asset_8bcc258909ab5d1b,D:\Projects\adb_vl\vision_platform\ads\runtime_collection\click_success\click_success_20260713_103600_510\crops\bbox.png,vision_platform\ads\runtime_collection\click_success\click_success_20260713_103600_510\crops\bbox.png,ads,runtime_collection,crop,crop,raw,arrow,reviewed,,2026-07-14T13:06:50.652496+00:00,2026-07-14T13:06:51.120416+00:00
file_dd15bfd220012da9,asset_5d8ca4120212a47b,D:\Projects\adb_vl\vision_platform\ads\runtime_collection\click_success\click_success_20260713_103609_541\crops\bbox.png,vision_platform\ads\runtime_collection\click_success\click_success_20260713_103609_541\crops\bbox.png,ads,runtime_collection,crop,crop,raw,got,reviewed,,2026-07-14T12:55:07.170540+00:00,2026-07-14T12:55:07.323833+00:00
file_235d042046ef0efc,asset_300c377715d5afb0,D:\Projects\adb_vl\vision_platform\ads\runtime_collection\click_success\click_success_20260713_132307_180\crops\bbox.png,vision_platform\ads\runtime_collection\click_success\click_success_20260713_132307_180\crops\bbox.png,ads,runtime_collection,crop,crop,raw,free,reviewed,,2026-07-14T13:06:26.797232+00:00,2026-07-14T13:06:28.147581+00:00
file_12942deaafab87b9,asset_52eb220e60027c56,D:\Projects\adb_vl\vision_platform\ads\runtime_collection\click_success\click_success_20260713_132413_787\crops\bbox.png,vision_platform\ads\runtime_collection\click_success\click_success_20260713_132413_787\crops\bbox.png,ads,runtime_collection,crop,crop,raw,arrow|next,reviewed,,2026-07-14T13:06:35.681917+00:00,2026-07-14T13:06:38.552537+00:00
file_a574b3c911c67677,asset_0ca047e6691654c6,D:\Projects\adb_vl\vision_platform\ads\runtime_collection\click_success\click_success_20260713_132432_330\crops\bbox.png,vision_platform\ads\runtime_collection\click_success\click_success_20260713_132432_330\crops\bbox.png,ads,runtime_collection,crop,crop,raw,free,reviewed,,2026-07-14T13:01:00.707784+00:00,2026-07-14T13:01:06.230881+00:00
file_6a655907ea5df0f6,asset_5ae52b786c1d5b30,D:\Projects\adb_vl\vision_platform\ads\runtime_collection\click_success\click_success_20260713_132506_535\crops\bbox.png,vision_platform\ads\runtime_collection\click_success\click_success_20260713_132506_535\crops\bbox.png,ads,runtime_collection,crop,crop,raw,arrow,reviewed,,2026-07-14T13:07:05.207015+00:00,2026-07-14T13:07:05.531138+00:00
file_20bbead1e685ba75,asset_1ff75886bdde89cb,D:\Projects\adb_vl\vision_platform\ads\runtime_collection\click_success\click_success_20260713_132517_247\crops\bbox.png,vision_platform\ads\runtime_collection\click_success\click_success_20260713_132517_247\crops\bbox.png,ads,runtime_collection,crop,crop,raw,got,reviewed,,2026-07-14T12:56:42.284348+00:00,2026-07-14T13:00:20.749919+00:00
file_1d5070a87234423c,asset_fac9e420afb5975f,D:\Projects\adb_vl\vision_platform\ads\runtime_collection\click_success\click_success_20260713_132525_866\crops\bbox.png,vision_platform\ads\runtime_collection\click_success\click_success_20260713_132525_866\crops\bbox.png,ads,runtime_collection,crop,crop,raw,free,reviewed,,2026-07-14T13:01:06.272790+00:00,2026-07-14T13:01:14.677217+00:00
file_255e40d648488c61,asset_8263ab7cd58c1c1f,D:\Projects\adb_vl\vision_platform\ads\runtime_collection\click_success\click_success_20260713_132603_698\crops\bbox.png,vision_platform\ads\runtime_collection\click_success\click_success_20260713_132603_698\crops\bbox.png,ads,runtime_collection,crop,crop,raw,arrow,reviewed,,2026-07-14T13:07:06.312646+00:00,2026-07-16T12:38:45.521436+00:00
file_e41974232e7b3369,asset_25a22f5df74ffae1,D:\Projects\adb_vl\vision_platform\ads\runtime_collection\click_success\click_success_20260713_132613_620\crops\bbox.png,vision_platform\ads\runtime_collection\click_success\click_success_20260713_132613_620\crops\bbox.png,ads,runtime_collection,crop,crop,raw,got,reviewed,,2026-07-14T12:55:00.694750+00:00,2026-07-14T12:55:00.869955+00:00
file_5e2cb9b5f76696fd,asset_d39eaaf081574a79,D:\Projects\adb_vl\vision_platform\ads\runtime_collection\click_success\click_success_20260713_135019_884\crops\bbox.png,vision_platform\ads\runtime_collection\click_success\click_success_20260713_135019_884\crops\bbox.png,ads,runtime_collection,crop,crop,raw,free,reviewed,,2026-07-14T12:45:48.655253+00:00,2026-07-14T13:01:41.863844+00:00
file_e1800e087389adce,asset_4d6685ea797b7292,D:\Projects\adb_vl\vision_platform\ads\runtime_collection\click_success\click_success_20260713_135039_335\crops\bbox.png,vision_platform\ads\runtime_collection\click_success\click_success_20260713_135039_335\crops\bbox.png,ads,runtime_collection,crop,crop,raw,got|x_mark,reviewed,,2026-07-14T12:45:45.475496+00:00,2026-07-14T12:45:45.999444+00:00
file_fb098839f9644186,asset_fac9e420afb5975f,D:\Projects\adb_vl\vision_platform\ads\runtime_collection\click_success\click_success_20260713_135045_291\crops\bbox.png,vision_platform\ads\runtime_collection\click_success\click_success_20260713_135045_291\crops\bbox.png,ads,runtime_collection,crop,crop,raw,free,reviewed,,2026-07-14T13:01:14.718386+00:00,2026-07-14T13:01:15.249866+00:00
file_095d6322a813c6b4,asset_6d53b8801d29cfb7,D:\Projects\adb_vl\vision_platform\ads\runtime_collection\click_success\click_success_20260713_135103_925\crops\bbox.png,vision_platform\ads\runtime_collection\click_success\click_success_20260713_135103_925\crops\bbox.png,ads,runtime_collection,crop,crop,raw,x_mark,reviewed,,2026-07-14T12:45:22.450924+00:00,2026-07-14T12:45:34.490381+00:00
file_f1e86606970a4098,asset_6f98cd8786ef6aa9,D:\Projects\adb_vl\vision_platform\ads\runtime_collection\click_success\click_success_20260713_135109_301\crops\bbox.png,vision_platform\ads\runtime_collection\click_success\click_success_20260713_135109_301\crops\bbox.png,ads,runtime_collection,crop,crop,raw,got|x_mark,reviewed,,2026-07-14T12:45:45.108171+00:00,2026-07-14T12:45:45.411051+00:00
file_bfec20153c26acc4,asset_fac9e420afb5975f,D:\Projects\adb_vl\vision_platform\ads\runtime_collection\click_success\click_success_20260713_135115_758\crops\bbox.png,vision_platform\ads\runtime_collection\click_success\click_success_20260713_135115_758\crops\bbox.png,ads,runtime_collection,crop,crop,raw,free,reviewed,,2026-07-14T13:01:15.290031+00:00,2026-07-14T13:01:15.712792+00:00
file_70e06950bb8b1955,asset_6245704c040830e6,D:\Projects\adb_vl\vision_platform\ads\runtime_collection\click_success\click_success_20260713_135134_191\crops\bbox.png,vision_platform\ads\runtime_collection\click_success\click_success_20260713_135134_191\crops\bbox.png,ads,runtime_collection,crop,crop,raw,x_mark,reviewed,,2026-07-14T12:53:30.649952+00:00,2026-07-14T12:53:31.137735+00:00
file_60bac38a55997464,asset_c9fd61a5d932e963,D:\Projects\adb_vl\vision_platform\ads\runtime_collection\click_success\click_success_20260713_135139_606\crops\bbox.png,vision_platform\ads\runtime_collection\click_success\click_success_20260713_135139_606\crops\bbox.png,ads,runtime_collection,crop,crop,raw,got|x_mark,reviewed,,2026-07-14T12:45:44.870773+00:00,2026-07-14T12:45:45.051028+00:00
file_c24e99671a1ad255,asset_fac9e420afb5975f,D:\Projects\adb_vl\vision_platform\ads\runtime_collection\click_success\click_success_20260713_135145_455\crops\bbox.png,vision_platform\ads\runtime_collection\click_success\click_success_20260713_135145_455\crops\bbox.png,ads,runtime_collection,crop,crop,raw,free,reviewed,,2026-07-14T13:01:15.763714+00:00,2026-07-14T13:01:22.240119+00:00
file_886b5d6376adfe5c,asset_90ce48e4e47a01c1,D:\Projects\adb_vl\vision_platform\ads\runtime_collection\click_success\click_success_20260713_135203_544\crops\bbox.png,vision_platform\ads\runtime_collection\click_success\click_success_20260713_135203_544\crops\bbox.png,ads,runtime_collection,crop,crop,raw,x_mark,reviewed,,2026-07-14T12:50:12.677633+00:00,2026-07-14T12:50:13.924221+00:00
file_e8cec87605007653,asset_d03e45f89671476c,D:\Projects\adb_vl\vision_platform\ads\runtime_collection\click_success\click_success_20260713_135208_961\crops\bbox.png,vision_platform\ads\runtime_collection\click_success\click_success_20260713_135208_961\crops\bbox.png,ads,runtime_collection,crop,crop,raw,got,reviewed,,2026-07-14T12:45:47.011920+00:00,2026-07-14T13:00:21.950233+00:00
file_8ffbba45af380a08,asset_02c72c16cadd5f8d,D:\Projects\adb_vl\vision_platform\ads\runtime_collection\click_success\click_success_20260713_135749_996\crops\bbox.png,vision_platform\ads\runtime_collection\click_success\click_success_20260713_135749_996\crops\bbox.png,ads,runtime_collection,crop,crop,raw,free|got|x_mark,reviewed,,2026-07-14T12:45:52.927137+00:00,2026-07-14T12:45:53.957200+00:00
file_336863d2e06088df,asset_cd2eb5e6a77d8f9f,D:\Projects\adb_vl\vision_platform\ads\runtime_collection\click_success\click_success_20260713_135808_322\crops\bbox.png,vision_platform\ads\runtime_collection\click_success\click_success_20260713_135808_322\crops\bbox.png,ads,runtime_collection,crop,crop,raw,x_mark,reviewed,,2026-07-14T12:45:35.451395+00:00,2026-07-14T12:45:35.985914+00:00
file_169eb54afbb52619,asset_91f479ecaa1bfa86,D:\Projects\adb_vl\vision_platform\ads\runtime_collection\click_success\click_success_20260713_135813_823\crops\bbox.png,vision_platform\ads\runtime_collection\click_success\click_success_20260713_135813_823\crops\bbox.png,ads,runtime_collection,crop,crop,raw,got,reviewed,,2026-07-14T12:45:47.649217+00:00,2026-07-16T12:38:21.065466+00:00
file_0eaa4839c84ae728,asset_fac9e420afb5975f,D:\Projects\adb_vl\vision_platform\ads\runtime_collection\click_success\click_success_20260713_135819_740\crops\bbox.png,vision_platform\ads\runtime_collection\click_success\click_success_20260713_135819_740\crops\bbox.png,ads,runtime_collection,crop,crop,raw,free,reviewed,,2026-07-14T13:01:22.280367+00:00,2026-07-14T13:01:22.788122+00:00
file_475f74fc1f507182,asset_f469d877decb6ba4,D:\Projects\adb_vl\vision_platform\ads\runtime_collection\click_success\click_success_20260713_135838_244\crops\bbox.png,vision_platform\ads\runtime_collection\click_success\click_success_20260713_135838_244\crops\bbox.png,ads,runtime_collection,crop,crop,raw,x_mark,reviewed,,2026-07-14T12:45:34.550618+00:00,2026-07-16T12:36:42.763700+00:00
file_b69dcf4baa8fa608,asset_603ade2051e58c6b,D:\Projects\adb_vl\vision_platform\ads\runtime_collection\click_success\click_success_20260713_135843_585\crops\bbox.png,vision_platform\ads\runtime_collection\click_success\click_success_20260713_135843_585\crops\bbox.png,ads,runtime_collection,crop,crop,raw,got,reviewed,,2026-07-14T12:45:46.547684+00:00,2026-07-14T13:00:21.460855+00:00
file_d8447af34fcfeb43,asset_fac9e420afb5975f,D:\Projects\adb_vl\vision_platform\ads\runtime_collection\click_success\click_success_20260713_135849_493\crops\bbox.png,vision_platform\ads\runtime_collection\click_success\click_success_20260713_135849_493\crops\bbox.png,ads,runtime_collection,crop,crop,raw,free,reviewed,,2026-07-14T13:01:22.837097+00:00,2026-07-14T13:01:23.262765+00:00
file_b5ceb53f6363eb00,asset_1bcb39cc4cf3bcf4,D:\Projects\adb_vl\vision_platform\ads\runtime_collection\click_success\click_success_20260713_135907_953\crops\bbox.png,vision_platform\ads\runtime_collection\click_success\click_success_20260713_135907_953\crops\bbox.png,ads,runtime_collection,crop,crop,raw,x_mark,reviewed,,2026-07-14T12:45:36.055942+00:00,2026-07-14T12:45:38.071341+00:00
file_ebae8724ba32676c,asset_a7d9dca074810b98,D:\Projects\adb_vl\vision_platform\ads\runtime_collection\click_success\click_success_20260713_135913_569\crops\bbox.png,vision_platform\ads\runtime_collection\click_success\click_success_20260713_135913_569\crops\bbox.png,ads,runtime_collection,crop,crop,raw,got|x_mark,reviewed,,2026-07-14T12:45:46.055145+00:00,2026-07-14T12:45:46.489206+00:00
file_979f91745dd47490,asset_02c72c16cadd5f8d,D:\Projects\adb_vl\vision_platform\ads\runtime_collection\click_success\click_success_20260713_162808_649\crops\bbox.png,vision_platform\ads\runtime_collection\click_success\click_success_20260713_162808_649\crops\bbox.png,ads,runtime_collection,crop,crop,raw,free,reviewed,,2026-07-14T13:06:20.285321+00:00,2026-07-14T13:06:26.764693+00:00
file_bacdf7e09c08d915,asset_57057a2072ac0aa9,D:\Projects\adb_vl\vision_platform\ads\runtime_collection\click_success\click_success_20260713_162912_856\crops\bbox.png,vision_platform\ads\runtime_collection\click_success\click_success_20260713_162912_856\crops\bbox.png,ads,runtime_collection,crop,crop,raw,arrow|next,reviewed,,2026-07-14T13:06:40.849793+00:00,2026-07-14T13:06:41.447287+00:00
file_4a79ba7a94cfeb5a,asset_f4267fd43f7332c6,D:\Projects\adb_vl\vision_platform\ads\runtime_collection\click_success\click_success_20260713_162923_454\crops\bbox.png,vision_platform\ads\runtime_collection\click_success\click_success_20260713_162923_454\crops\bbox.png,ads,runtime_collection,crop,crop,raw,got,reviewed,,2026-07-14T12:45:43.603457+00:00,2026-07-16T12:37:57.298757+00:00
file_60b5def19a7c9a71,asset_fac9e420afb5975f,D:\Projects\adb_vl\vision_platform\ads\runtime_collection\click_success\click_success_20260713_162932_645\crops\bbox.png,vision_platform\ads\runtime_collection\click_success\click_success_20260713_162932_645\crops\bbox.png,ads,runtime_collection,crop,crop,raw,free,reviewed,,2026-07-14T13:01:23.303323+00:00,2026-07-14T13:01:40.008771+00:00
file_10ad0c35675aa5ca,asset_8524767750bea86e,D:\Projects\adb_vl\vision_platform\ads\runtime_collection\click_success\click_success_20260713_163040_449\crops\bbox.png,vision_platform\ads\runtime_collection\click_success\click_success_20260713_163040_449\crops\bbox.png,ads,runtime_collection,crop,crop,raw,arrow|next,reviewed,,2026-07-14T13:06:17.835898+00:00,2026-07-14T13:06:18.620390+00:00
file_ed775e73f24dae53,asset_57705cc7f11a2a7f,D:\Projects\adb_vl\vision_platform\ads\runtime_collection\click_success\click_success_20260713_163051_076\crops\bbox.png,vision_platform\ads\runtime_collection\click_success\click_success_20260713_163051_076\crops\bbox.png,ads,runtime_collection,crop,crop,raw,got,reviewed,,2026-07-14T12:45:38.143792+00:00,2026-07-16T12:37:53.921699+00:00
file_704278aafd9cec6b,asset_fac9e420afb5975f,D:\Projects\adb_vl\vision_platform\ads\runtime_collection\click_success\click_success_20260713_163100_630\crops\bbox.png,vision_platform\ads\runtime_collection\click_success\click_success_20260713_163100_630\crops\bbox.png,ads,runtime_collection,crop,crop,raw,free,reviewed,,2026-07-14T13:01:23.744724+00:00,2026-07-14T13:01:41.448120+00:00
file_ed00cb5095d619f9,asset_7c2cc704821e7c64,D:\Projects\adb_vl\vision_platform\ads\runtime_collection\click_success\click_success_20260713_163154_531\crops\bbox.png,vision_platform\ads\runtime_collection\click_success\click_success_20260713_163154_531\crops\bbox.png,ads,runtime_collection,crop,crop,raw,arrow,reviewed,,2026-07-14T13:07:04.423820+00:00,2026-07-14T13:07:04.922023+00:00
file_dddc8918627d32c5,asset_fbc8aa9f5506c36f,D:\Projects\adb_vl\vision_platform\ads\runtime_collection\click_success\click_success_20260713_163205_424\crops\bbox.png,vision_platform\ads\runtime_collection\click_success\click_success_20260713_163205_424\crops\bbox.png,ads,runtime_collection,crop,crop,raw,got|x_mark,reviewed,,2026-07-14T12:45:44.347269+00:00,2026-07-14T12:45:44.814744+00:00
