instance_id,content_id,original_path,relative_path,vision_domain,families,trace_status,parent_instance_id,parent_content_id,parent_path,bbox_id,bbox,bbox_x,bbox_y,bbox_w,bbox_h
file_095d6322a813c6b4,asset_6d53b8801d29cfb7,D:\Projects\adb_vl\vision_platform\ads\runtime_collection\click_success\click_success_20260713_135103_925\crops\bbox.png,vision_platform\ads\runtime_collection\click_success\click_success_20260713_135103_925\crops\bbox.png,ads,x_mark,traceable_parent_bbox,,,D:\Projects\adb_vl\vision_platform\ads\runtime_collection\click_success\click_success_20260713_135103_925\pre_click.png,,"[877.0, 20.0, 75.0, 33.0]",877.000,20.000,75.000,33.000
file_475f74fc1f507182,asset_f469d877decb6ba4,D:\Projects\adb_vl\vision_platform\ads\runtime_collection\click_success\click_success_20260713_135838_244\crops\bbox.png,vision_platform\ads\runtime_collection\click_success\click_success_20260713_135838_244\crops\bbox.png,ads,x_mark,traceable_parent_bbox,,,D:\Projects\adb_vl\vision_platform\ads\runtime_collection\click_success\click_success_20260713_135838_244\pre_click.png,,"[877.0, 20.0, 75.0, 33.0]",877.000,20.000,75.000,33.000
file_336863d2e06088df,asset_cd2eb5e6a77d8f9f,D:\Projects\adb_vl\vision_platform\ads\runtime_collection\click_success\click_success_20260713_135808_322\crops\bbox.png,vision_platform\ads\runtime_collection\click_success\click_success_20260713_135808_322\crops\bbox.png,ads,x_mark,traceable_parent_bbox,,,D:\Projects\adb_vl\vision_platform\ads\runtime_collection\click_success\click_success_20260713_135808_322\pre_click.png,,"[877.0, 20.0, 75.0, 33.0]",877.000,20.000,75.000,33.000
file_b5ceb53f6363eb00,asset_1bcb39cc4cf3bcf4,D:\Projects\adb_vl\vision_platform\ads\runtime_collection\click_success\click_success_20260713_135907_953\crops\bbox.png,vision_platform\ads\runtime_collection\click_success\click_success_20260713_135907_953\crops\bbox.png,ads,x_mark,traceable_parent_bbox,,,D:\Projects\adb_vl\vision_platform\ads\runtime_collection\click_success\click_success_20260713_135907_953\pre_click.png,,"[877.0, 20.0, 75.0, 33.0]",877.000,20.000,75.000,33.000
file_ed775e73f24dae53,asset_57705cc7f11a2a7f,D:\Projects\adb_vl\vision_platform\ads\runtime_collection\click_success\click_success_20260713_163051_076\crops\bbox.png,vision_platform\ads\runtime_collection\click_success\click_success_20260713_163051_076\crops\bbox.png,ads,got,traceable_parent_bbox,,,D:\Projects\adb_vl\vision_platform\ads\runtime_collection\click_success\click_success_20260713_163051_076\pre_click.png,,"[414.0, 134.0, 139.0, 47.0]",414.000,134.000,139.000,47.000
file_4a79ba7a94cfeb5a,asset_f4267fd43f7332c6,D:\Projects\adb_vl\vision_platform\ads\runtime_collection\click_success\click_success_20260713_162923_454\crops\bbox.png,vision_platform\ads\runtime_collection\click_success\click_success_20260713_162923_454\crops\bbox.png,ads,got,traceable_parent_bbox,,,D:\Projects\adb_vl\vision_platform\ads\runtime_collection\click_success\click_success_20260713_162923_454\pre_click.png,,"[414.0, 134.0, 139.0, 47.0]",414.000,134.000,139.000,47.000
file_dddc8918627d32c5,asset_fbc8aa9f5506c36f,D:\Projects\adb_vl\vision_platform\ads\runtime_collection\click_success\click_success_20260713_163205_424\crops\bbox.png,vision_platform\ads\runtime_collection\click_success\click_success_20260713_163205_424\crops\bbox.png,ads,got,traceable_parent_bbox,,,D:\Projects\adb_vl\vision_platform\ads\runtime_collection\click_success\click_success_20260713_163205_424\pre_click.png,,"[414.0, 134.0, 139.0, 47.0]",414.000,134.000,139.000,47.000
file_60bac38a55997464,asset_c9fd61a5d932e963,D:\Projects\adb_vl\vision_platform\ads\runtime_collection\click_success\click_success_20260713_135139_606\crops\bbox.png,vision_platform\ads\runtime_collection\click_success\click_success_20260713_135139_606\crops\bbox.png,ads,got,traceable_parent_bbox,,,D:\Projects\adb_vl\vision_platform\ads\runtime_collection\click_success\click_success_20260713_135139_606\pre_click.png,,"[414.0, 134.0, 139.0, 47.0]",414.000,134.000,139.000,47.000
file_f1e86606970a4098,asset_6f98cd8786ef6aa9,D:\Projects\adb_vl\vision_platform\ads\runtime_collection\click_success\click_success_20260713_135109_301\crops\bbox.png,vision_platform\ads\runtime_collection\click_success\click_success_20260713_135109_301\crops\bbox.png,ads,got,traceable_parent_bbox,,,D:\Projects\adb_vl\vision_platform\ads\runtime_collection\click_success\click_success_20260713_135109_301\pre_click.png,,"[414.0, 134.0, 139.0, 47.0]",414.000,134.000,139.000,47.000
file_e1800e087389adce,asset_4d6685ea797b7292,D:\Projects\adb_vl\vision_platform\ads\runtime_collection\click_success\click_success_20260713_135039_335\crops\bbox.png,vision_platform\ads\runtime_collection\click_success\click_success_20260713_135039_335\crops\bbox.png,ads,got,traceable_parent_bbox,,,D:\Projects\adb_vl\vision_platform\ads\runtime_collection\click_success\click_success_20260713_135039_335\pre_click.png,,"[414.0, 134.0, 139.0, 47.0]",414.000,134.000,139.000,47.000
file_ebae8724ba32676c,asset_a7d9dca074810b98,D:\Projects\adb_vl\vision_platform\ads\runtime_collection\click_success\click_success_20260713_135913_569\crops\bbox.png,vision_platform\ads\runtime_collection\click_success\click_success_20260713_135913_569\crops\bbox.png,ads,got,traceable_parent_bbox,,,D:\Projects\adb_vl\vision_platform\ads\runtime_collection\click_success\click_success_20260713_135913_569\pre_click.png,,"[414.0, 134.0, 139.0, 47.0]",414.000,134.000,139.000,47.000
file_b69dcf4baa8fa608,asset_603ade2051e58c6b,D:\Projects\adb_vl\vision_platform\ads\runtime_collection\click_success\click_success_20260713_135843_585\crops\bbox.png,vision_platform\ads\runtime_collection\click_success\click_success_20260713_135843_585\crops\bbox.png,ads,got,traceable_parent_bbox,,,D:\Projects\adb_vl\vision_platform\ads\runtime_collection\click_success\click_success_20260713_135843_585\pre_click.png,,"[414.0, 134.0, 139.0, 47.0]",414.000,134.000,139.000,47.000
file_e8cec87605007653,asset_d03e45f89671476c,D:\Projects\adb_vl\vision_platform\ads\runtime_collection\click_success\click_success_20260713_135208_961\crops\bbox.png,vision_platform\ads\runtime_collection\click_success\click_success_20260713_135208_961\crops\bbox.png,ads,got,traceable_parent_bbox,,,D:\Projects\adb_vl\vision_platform\ads\runtime_collection\click_success\click_success_20260713_135208_961\pre_click.png,,"[414.0, 134.0, 139.0, 47.0]",414.000,134.000,139.000,47.000
file_169eb54afbb52619,asset_91f479ecaa1bfa86,D:\Projects\adb_vl\vision_platform\ads\runtime_collection\click_success\click_success_20260713_135813_823\crops\bbox.png,vision_platform\ads\runtime_collection\click_success\click_success_20260713_135813_823\crops\bbox.png,ads,got,traceable_parent_bbox,,,D:\Projects\adb_vl\vision_platform\ads\runtime_collection\click_success\click_success_20260713_135813_823\pre_click.png,,"[414.0, 134.0, 139.0, 47.0]",414.000,134.000,139.000,47.000
file_5e2cb9b5f76696fd,asset_d39eaaf081574a79,D:\Projects\adb_vl\vision_platform\ads\runtime_collection\click_success\click_success_20260713_135019_884\crops\bbox.png,vision_platform\ads\runtime_collection\click_success\click_success_20260713_135019_884\crops\bbox.png,ads,free,traceable_parent_bbox,,,D:\Projects\adb_vl\vision_platform\ads\runtime_collection\click_success\click_success_20260713_135019_884\pre_click.png,,"[376.0, 285.0, 34.0, 19.0]",376.000,285.000,34.000,19.000
file_8ffbba45af380a08,asset_02c72c16cadd5f8d,D:\Projects\adb_vl\vision_platform\ads\runtime_collection\click_success\click_success_20260713_135749_996\crops\bbox.png,vision_platform\ads\runtime_collection\click_success\click_success_20260713_135749_996\crops\bbox.png,ads,free,traceable_parent_bbox,,,D:\Projects\adb_vl\vision_platform\ads\runtime_collection\click_success\click_success_20260713_135749_996\pre_click.png,,"[376.0, 285.0, 34.0, 19.0]",376.000,285.000,34.000,19.000
file_e1121a57558fb4d8,asset_6cc55a7b44c3cff4,D:\Projects\adb_vl\vision_platform\ads\runtime_collection\click_success\click_success_20260713_092529_928\crops\bbox.png,vision_platform\ads\runtime_collection\click_success\click_success_20260713_092529_928\crops\bbox.png,ads,x_mark,traceable_parent_bbox,,,D:\Projects\adb_vl\vision_platform\ads\runtime_collection\click_success\click_success_20260713_092529_928\pre_click.png,,"[877.0, 20.0, 75.0, 33.0]",877.000,20.000,75.000,33.000
file_94f1bde14ac54667,asset_90ce48e4e47a01c1,D:\Projects\adb_vl\vision_platform\ads\runtime_collection\click_success\click_success_20260713_090208_867\crops\bbox.png,vision_platform\ads\runtime_collection\click_success\click_success_20260713_090208_867\crops\bbox.png,ads,x_mark,traceable_parent_bbox,,,D:\Projects\adb_vl\vision_platform\ads\runtime_collection\click_success\click_success_20260713_090208_867\pre_click.png,,"[877.0, 20.0, 75.0, 33.0]",877.000,20.000,75.000,33.000
file_0b95398e6c4be8d8,asset_90ce48e4e47a01c1,D:\Projects\adb_vl\vision_platform\ads\runtime_collection\click_success\click_success_20260713_092934_813\crops\bbox.png,vision_platform\ads\runtime_collection\click_success\click_success_20260713_092934_813\crops\bbox.png,ads,x_mark,traceable_parent_bbox,,,D:\Projects\adb_vl\vision_platform\ads\runtime_collection\click_success\click_success_20260713_092934_813\pre_click.png,,"[877.0, 20.0, 75.0, 33.0]",877.000,20.000,75.000,33.000
file_886b5d6376adfe5c,asset_90ce48e4e47a01c1,D:\Projects\adb_vl\vision_platform\ads\runtime_collection\click_success\click_success_20260713_135203_544\crops\bbox.png,vision_platform\ads\runtime_collection\click_success\click_success_20260713_135203_544\crops\bbox.png,ads,x_mark,traceable_parent_bbox,,,D:\Projects\adb_vl\vision_platform\ads\runtime_collection\click_success\click_success_20260713_135203_544\pre_click.png,,"[877.0, 20.0, 75.0, 33.0]",877.000,20.000,75.000,33.000
file_feba933493202f49,asset_de7b8c7922f1f900,D:\Projects\adb_vl\vision_platform\ads\runtime_collection\click_success\click_success_20260713_085957_142\crops\bbox.png,vision_platform\ads\runtime_collection\click_success\click_success_20260713_085957_142\crops\bbox.png,ads,x_mark,traceable_parent_bbox,,,D:\Projects\adb_vl\vision_platform\ads\runtime_collection\click_success\click_success_20260713_085957_142\pre_click.png,,"[877.0, 20.0, 75.0, 33.0]",877.000,20.000,75.000,33.000
file_2d90d832b7fe97b8,asset_6610b5dfb445dd5f,D:\Projects\adb_vl\vision_platform\ads\runtime_collection\click_success\click_success_20260713_093033_128\crops\bbox.png,vision_platform\ads\runtime_collection\click_success\click_success_20260713_093033_128\crops\bbox.png,ads,x_mark,traceable_parent_bbox,,,D:\Projects\adb_vl\vision_platform\ads\runtime_collection\click_success\click_success_20260713_093033_128\pre_click.png,,"[877.0, 20.0, 75.0, 33.0]",877.000,20.000,75.000,33.000
file_d6d7b8fe54105f23,asset_11f12a7a90864764,D:\Projects\adb_vl\vision_platform\ads\runtime_collection\click_success\click_success_20260713_085640_930\crops\bbox.png,vision_platform\ads\runtime_collection\click_success\click_success_20260713_085640_930\crops\bbox.png,ads,x_mark,traceable_parent_bbox,,,D:\Projects\adb_vl\vision_platform\ads\runtime_collection\click_success\click_success_20260713_085640_930\pre_click.png,,"[877.0, 20.0, 75.0, 33.0]",877.000,20.000,75.000,33.000
file_3e8530f504ae91eb,asset_11f12a7a90864764,D:\Projects\adb_vl\vision_platform\ads\runtime_collection\click_success\click_success_20260713_085809_808\crops\bbox.png,vision_platform\ads\runtime_collection\click_success\click_success_20260713_085809_808\crops\bbox.png,ads,x_mark,traceable_parent_bbox,,,D:\Projects\adb_vl\vision_platform\ads\runtime_collection\click_success\click_success_20260713_085809_808\pre_click.png,,"[877.0, 20.0, 75.0, 33.0]",877.000,20.000,75.000,33.000
file_1d5e457bcbcb4021,asset_7e28f00f839fce1f,D:\Projects\adb_vl\vision_platform\ads\runtime_collection\click_success\click_success_20260713_100332_771\crops\bbox.png,vision_platform\ads\runtime_collection\click_success\click_success_20260713_100332_771\crops\bbox.png,ads,arrow,traceable_parent_bbox,,,D:\Projects\adb_vl\vision_platform\ads\runtime_collection\click_success\click_success_20260713_100332_771\pre_click.png,,"[21.0, 24.0, 87.0, 33.0]",21.000,24.000,87.000,33.000
file_809e2278f198a6c1,asset_186ef5c07473c5f7,D:\Projects\adb_vl\vision_platform\ads\runtime_collection\click_success\click_success_20260713_085740_231\crops\bbox.png,vision_platform\ads\runtime_collection\click_success\click_success_20260713_085740_231\crops\bbox.png,ads,x_mark,traceable_parent_bbox,,,D:\Projects\adb_vl\vision_platform\ads\runtime_collection\click_success\click_success_20260713_085740_231\pre_click.png,,"[877.0, 20.0, 75.0, 33.0]",877.000,20.000,75.000,33.000
file_30b93db89322c3ed,asset_339992e49e34ab57,D:\Projects\adb_vl\vision_platform\ads\runtime_collection\click_success\click_success_20260713_081518_911\crops\bbox.png,vision_platform\ads\runtime_collection\click_success\click_success_20260713_081518_911\crops\bbox.png,ads,x_mark,traceable_parent_bbox,,,D:\Projects\adb_vl\vision_platform\ads\runtime_collection\click_success\click_success_20260713_081518_911\pre_click.png,,"[877.0, 20.0, 75.0, 33.0]",877.000,20.000,75.000,33.000
file_20377abdaa1b4e5b,asset_e9a31cd691f5a239,D:\Projects\adb_vl\vision_platform\ads\runtime_collection\click_success\click_success_20260713_085839_414\crops\bbox.png,vision_platform\ads\runtime_collection\click_success\click_success_20260713_085839_414\crops\bbox.png,ads,x_mark,traceable_parent_bbox,,,D:\Projects\adb_vl\vision_platform\ads\runtime_collection\click_success\click_success_20260713_085839_414\pre_click.png,,"[877.0, 20.0, 75.0, 33.0]",877.000,20.000,75.000,33.000
file_8206cc5578bc22ba,asset_7a4697aa90795534,D:\Projects\adb_vl\vision_platform\ads\runtime_collection\click_success\click_success_20260713_093004_075\crops\bbox.png,vision_platform\ads\runtime_collection\click_success\click_success_20260713_093004_075\crops\bbox.png,ads,x_mark,traceable_parent_bbox,,,D:\Projects\adb_vl\vision_platform\ads\runtime_collection\click_success\click_success_20260713_093004_075\pre_click.png,,"[877.0, 20.0, 75.0, 33.0]",877.000,20.000,75.000,33.000
file_f50bc4b9ee8e7895,asset_fdc90db3b9dedd4d,D:\Projects\adb_vl\vision_platform\ads\runtime_collection\click_success\click_success_20260713_081929_330\crops\bbox.png,vision_platform\ads\runtime_collection\click_success\click_success_20260713_081929_330\crops\bbox.png,ads,x_mark,traceable_parent_bbox,,,D:\Projects\adb_vl\vision_platform\ads\runtime_collection\click_success\click_success_20260713_081929_330\pre_click.png,,"[877.0, 20.0, 75.0, 33.0]",877.000,20.000,75.000,33.000
file_61ea568b16c69a4a,asset_5643b71b7351e12b,D:\Projects\adb_vl\vision_platform\ads\runtime_collection\click_success\click_success_20260713_085911_846\crops\bbox.png,vision_platform\ads\runtime_collection\click_success\click_success_20260713_085911_846\crops\bbox.png,ads,x_mark,traceable_parent_bbox,,,D:\Projects\adb_vl\vision_platform\ads\runtime_collection\click_success\click_success_20260713_085911_846\pre_click.png,,"[877.0, 20.0, 75.0, 33.0]",877.000,20.000,75.000,33.000
file_7355bcb1bf51b0e6,asset_98c24948b203b45b,D:\Projects\adb_vl\vision_platform\ads\runtime_collection\click_success\click_success_20260713_092637_056\crops\bbox.png,vision_platform\ads\runtime_collection\click_success\click_success_20260713_092637_056\crops\bbox.png,ads,x_mark,traceable_parent_bbox,,,D:\Projects\adb_vl\vision_platform\ads\runtime_collection\click_success\click_success_20260713_092637_056\pre_click.png,,"[877.0, 20.0, 75.0, 33.0]",877.000,20.000,75.000,33.000
file_b054d740af129652,asset_30c8ee229aa044f4,D:\Projects\adb_vl\vision_platform\ads\runtime_collection\click_success\click_success_20260713_081645_261\crops\bbox.png,vision_platform\ads\runtime_collection\click_success\click_success_20260713_081645_261\crops\bbox.png,ads,x_mark,traceable_parent_bbox,,,D:\Projects\adb_vl\vision_platform\ads\runtime_collection\click_success\click_success_20260713_081645_261\pre_click.png,,"[877.0, 20.0, 75.0, 33.0]",877.000,20.000,75.000,33.000
file_87d9500c65b6a4f2,asset_30c8ee229aa044f4,D:\Projects\adb_vl\vision_platform\ads\runtime_collection\click_success\click_success_20260713_092459_030\crops\bbox.png,vision_platform\ads\runtime_collection\click_success\click_success_20260713_092459_030\crops\bbox.png,ads,x_mark,traceable_parent_bbox,,,D:\Projects\adb_vl\vision_platform\ads\runtime_collection\click_success\click_success_20260713_092459_030\pre_click.png,,"[877.0, 20.0, 75.0, 33.0]",877.000,20.000,75.000,33.000
file_ad7e4eb378125644,asset_507e8cbb255ddbba,D:\Projects\adb_vl\vision_platform\ads\runtime_collection\click_success\click_success_20260713_092358_638\crops\bbox.png,vision_platform\ads\runtime_collection\click_success\click_success_20260713_092358_638\crops\bbox.png,ads,x_mark,traceable_parent_bbox,,,D:\Projects\adb_vl\vision_platform\ads\runtime_collection\click_success\click_success_20260713_092358_638\pre_click.png,,"[877.0, 20.0, 75.0, 33.0]",877.000,20.000,75.000,33.000
file_b33179d5dfc36f66,asset_ee8d8097b6a92785,D:\Projects\adb_vl\vision_platform\ads\runtime_collection\click_success\click_success_20260713_082055_561\crops\bbox.png,vision_platform\ads\runtime_collection\click_success\click_success_20260713_082055_561\crops\bbox.png,ads,x_mark,traceable_parent_bbox,,,D:\Projects\adb_vl\vision_platform\ads\runtime_collection\click_success\click_success_20260713_082055_561\pre_click.png,,"[877.0, 20.0, 75.0, 33.0]",877.000,20.000,75.000,33.000
file_22ff620fe77cc31e,asset_6245704c040830e6,D:\Projects\adb_vl\vision_platform\ads\runtime_collection\click_success\click_success_20260713_090237_721\crops\bbox.png,vision_platform\ads\runtime_collection\click_success\click_success_20260713_090237_721\crops\bbox.png,ads,x_mark,traceable_parent_bbox,,,D:\Projects\adb_vl\vision_platform\ads\runtime_collection\click_success\click_success_20260713_090237_721\pre_click.png,,"[877.0, 20.0, 75.0, 33.0]",877.000,20.000,75.000,33.000
file_1aef1805ac019b89,asset_6245704c040830e6,D:\Projects\adb_vl\vision_platform\ads\runtime_collection\click_success\click_success_20260713_090404_778\crops\bbox.png,vision_platform\ads\runtime_collection\click_success\click_success_20260713_090404_778\crops\bbox.png,ads,x_mark,traceable_parent_bbox,,,D:\Projects\adb_vl\vision_platform\ads\runtime_collection\click_success\click_success_20260713_090404_778\pre_click.png,,"[877.0, 20.0, 75.0, 33.0]",877.000,20.000,75.000,33.000
file_70e06950bb8b1955,asset_6245704c040830e6,D:\Projects\adb_vl\vision_platform\ads\runtime_collection\click_success\click_success_20260713_135134_191\crops\bbox.png,vision_platform\ads\runtime_collection\click_success\click_success_20260713_135134_191\crops\bbox.png,ads,x_mark,traceable_parent_bbox,,,D:\Projects\adb_vl\vision_platform\ads\runtime_collection\click_success\click_success_20260713_135134_191\pre_click.png,,"[877.0, 20.0, 75.0, 33.0]",877.000,20.000,75.000,33.000
file_05ef3bfa3c39ee51,asset_eaa49f6694344ff9,D:\Projects\adb_vl\vision_platform\ads\runtime_collection\click_success\click_success_20260713_092259_291\crops\bbox.png,vision_platform\ads\runtime_collection\click_success\click_success_20260713_092259_291\crops\bbox.png,ads,x_mark,traceable_parent_bbox,,,D:\Projects\adb_vl\vision_platform\ads\runtime_collection\click_success\click_success_20260713_092259_291\pre_click.png,,"[877.0, 20.0, 75.0, 33.0]",877.000,20.000,75.000,33.000
file_f2bf26ce0c230be2,asset_ea6642c3c3ac92c6,D:\Projects\adb_vl\vision_platform\ads\runtime_collection\click_success\click_success_20260713_082124_182\crops\bbox.png,vision_platform\ads\runtime_collection\click_success\click_success_20260713_082124_182\crops\bbox.png,ads,x_mark,traceable_parent_bbox,,,D:\Projects\adb_vl\vision_platform\ads\runtime_collection\click_success\click_success_20260713_082124_182\pre_click.png,,"[877.0, 20.0, 75.0, 33.0]",877.000,20.000,75.000,33.000
file_399bc34ef8ddbc74,asset_ea6642c3c3ac92c6,D:\Projects\adb_vl\vision_platform\ads\runtime_collection\click_success\click_success_20260713_092328_718\crops\bbox.png,vision_platform\ads\runtime_collection\click_success\click_success_20260713_092328_718\crops\bbox.png,ads,x_mark,traceable_parent_bbox,,,D:\Projects\adb_vl\vision_platform\ads\runtime_collection\click_success\click_success_20260713_092328_718\pre_click.png,,"[877.0, 20.0, 75.0, 33.0]",877.000,20.000,75.000,33.000
file_aaef03b0d97202b8,asset_9e1fb426ba026819,D:\Projects\adb_vl\vision_platform\ads\runtime_collection\click_success\click_success_20260713_092646_757\crops\bbox.png,vision_platform\ads\runtime_collection\click_success\click_success_20260713_092646_757\crops\bbox.png,ads,x_mark,traceable_parent_bbox,,,D:\Projects\adb_vl\vision_platform\ads\runtime_collection\click_success\click_success_20260713_092646_757\pre_click.png,,"[877.0, 20.0, 75.0, 33.0]",877.000,20.000,75.000,33.000
file_706ed24dc0f647f5,asset_2117e8b585c0bc87,D:\Projects\adb_vl\vision_platform\ads\runtime_collection\click_success\click_success_20260713_081547_761\crops\bbox.png,vision_platform\ads\runtime_collection\click_success\click_success_20260713_081547_761\crops\bbox.png,ads,x_mark,traceable_parent_bbox,,,D:\Projects\adb_vl\vision_platform\ads\runtime_collection\click_success\click_success_20260713_081547_761\pre_click.png,,"[877.0, 20.0, 75.0, 33.0]",877.000,20.000,75.000,33.000
file_e3f11b73be192b16,asset_2117e8b585c0bc87,D:\Projects\adb_vl\vision_platform\ads\runtime_collection\click_success\click_success_20260713_090306_881\crops\bbox.png,vision_platform\ads\runtime_collection\click_success\click_success_20260713_090306_881\crops\bbox.png,ads,x_mark,traceable_parent_bbox,,,D:\Projects\adb_vl\vision_platform\ads\runtime_collection\click_success\click_success_20260713_090306_881\pre_click.png,,"[877.0, 20.0, 75.0, 33.0]",877.000,20.000,75.000,33.000
file_c3c020f092590994,asset_3603e8e8712294aa,D:\Projects\adb_vl\vision_platform\ads\runtime_collection\click_success\click_success_20260713_090335_921\crops\bbox.png,vision_platform\ads\runtime_collection\click_success\click_success_20260713_090335_921\crops\bbox.png,ads,x_mark,traceable_parent_bbox,,,D:\Projects\adb_vl\vision_platform\ads\runtime_collection\click_success\click_success_20260713_090335_921\pre_click.png,,"[877.0, 20.0, 75.0, 33.0]",877.000,20.000,75.000,33.000
file_5112e13caf63a384,asset_36e63d1e55168e8f,D:\Projects\adb_vl\vision_platform\ads\runtime_collection\click_success\click_success_20260713_092905_503\crops\bbox.png,vision_platform\ads\runtime_collection\click_success\click_success_20260713_092905_503\crops\bbox.png,ads,x_mark,traceable_parent_bbox,,,D:\Projects\adb_vl\vision_platform\ads\runtime_collection\click_success\click_success_20260713_092905_503\pre_click.png,,"[877.0, 20.0, 75.0, 33.0]",877.000,20.000,75.000,33.000
file_910704808a5e9385,asset_6335f512afc499b7,D:\Projects\adb_vl\vision_platform\ads\runtime_collection\click_success\click_success_20260713_092617_850\crops\bbox.png,vision_platform\ads\runtime_collection\click_success\click_success_20260713_092617_850\crops\bbox.png,ads,x_mark,traceable_parent_bbox,,,D:\Projects\adb_vl\vision_platform\ads\runtime_collection\click_success\click_success_20260713_092617_850\pre_click.png,,"[877.0, 20.0, 75.0, 33.0]",877.000,20.000,75.000,33.000
file_94c067721838b5a7,asset_10a60b88bb107d49,D:\Projects\adb_vl\vision_platform\ads\runtime_collection\click_success\click_success_20260713_080145_040\crops\bbox.png,vision_platform\ads\runtime_collection\click_success\click_success_20260713_080145_040\crops\bbox.png,ads,got,traceable_parent_bbox,,,D:\Projects\adb_vl\vision_platform\ads\runtime_collection\click_success\click_success_20260713_080145_040\pre_click.png,,"[414.0, 134.0, 139.0, 47.0]",414.000,134.000,139.000,47.000
file_75f0a3f1005b8cf5,asset_e18d2d36b4462d42,D:\Projects\adb_vl\vision_platform\ads\runtime_collection\click_success\click_success_20260713_082026_800\crops\bbox.png,vision_platform\ads\runtime_collection\click_success\click_success_20260713_082026_800\crops\bbox.png,ads,x_mark,traceable_parent_bbox,,,D:\Projects\adb_vl\vision_platform\ads\runtime_collection\click_success\click_success_20260713_082026_800\pre_click.png,,"[877.0, 20.0, 75.0, 33.0]",877.000,20.000,75.000,33.000
file_ef5e65b9f913f3ba,asset_e18d2d36b4462d42,D:\Projects\adb_vl\vision_platform\ads\runtime_collection\click_success\click_success_20260713_092428_852\crops\bbox.png,vision_platform\ads\runtime_collection\click_success\click_success_20260713_092428_852\crops\bbox.png,ads,x_mark,traceable_parent_bbox,,,D:\Projects\adb_vl\vision_platform\ads\runtime_collection\click_success\click_success_20260713_092428_852\pre_click.png,,"[877.0, 20.0, 75.0, 33.0]",877.000,20.000,75.000,33.000
file_5ba1025efbe9a527,asset_497df773d3786fa2,D:\Projects\adb_vl\vision_platform\ads\runtime_collection\click_success\click_success_20260713_081616_570\crops\bbox.png,vision_platform\ads\runtime_collection\click_success\click_success_20260713_081616_570\crops\bbox.png,ads,x_mark,traceable_parent_bbox,,,D:\Projects\adb_vl\vision_platform\ads\runtime_collection\click_success\click_success_20260713_081616_570\pre_click.png,,"[877.0, 20.0, 75.0, 33.0]",877.000,20.000,75.000,33.000
file_2b98d225f12d47e0,asset_497df773d3786fa2,D:\Projects\adb_vl\vision_platform\ads\runtime_collection\click_success\click_success_20260713_085611_661\crops\bbox.png,vision_platform\ads\runtime_collection\click_success\click_success_20260713_085611_661\crops\bbox.png,ads,x_mark,traceable_parent_bbox,,,D:\Projects\adb_vl\vision_platform\ads\runtime_collection\click_success\click_success_20260713_085611_661\pre_click.png,,"[877.0, 20.0, 75.0, 33.0]",877.000,20.000,75.000,33.000
file_da24a97c4580a385,asset_8246d10f6c6dfb69,D:\Projects\adb_vl\vision_platform\ads\runtime_collection\click_success\click_success_20260713_080135_133\crops\bbox.png,vision_platform\ads\runtime_collection\click_success\click_success_20260713_080135_133\crops\bbox.png,ads,arrow,traceable_parent_bbox,,,D:\Projects\adb_vl\vision_platform\ads\runtime_collection\click_success\click_success_20260713_080135_133\pre_click.png,,"[907.0, 22.0, 36.0, 26.0]",907.000,22.000,36.000,26.000
file_cd87cbee7fb17dd2,asset_8246d10f6c6dfb69,D:\Projects\adb_vl\vision_platform\ads\runtime_collection\click_success\click_success_20260713_081251_268\crops\bbox.png,vision_platform\ads\runtime_collection\click_success\click_success_20260713_081251_268\crops\bbox.png,ads,arrow,traceable_parent_bbox,,,D:\Projects\adb_vl\vision_platform\ads\runtime_collection\click_success\click_success_20260713_081251_268\pre_click.png,,"[907.0, 22.0, 36.0, 26.0]",907.000,22.000,36.000,26.000
file_993270f6ad69f631,asset_b3e20e7760a44b0a,D:\Projects\adb_vl\vision_platform\ads\runtime_collection\click_success\click_success_20260713_080258_516\crops\bbox.png,vision_platform\ads\runtime_collection\click_success\click_success_20260713_080258_516\crops\bbox.png,ads,arrow,traceable_parent_bbox,,,D:\Projects\adb_vl\vision_platform\ads\runtime_collection\click_success\click_success_20260713_080258_516\pre_click.png,,"[907.0, 22.0, 36.0, 26.0]",907.000,22.000,36.000,26.000
file_ee0387d4d77b785c,asset_ff5fa003b27b535b,D:\Projects\adb_vl\vision_platform\ads\runtime_collection\click_success\click_success_20260713_094919_639\crops\bbox.png,vision_platform\ads\runtime_collection\click_success\click_success_20260713_094919_639\crops\bbox.png,ads,arrow,traceable_parent_bbox,,,D:\Projects\adb_vl\vision_platform\ads\runtime_collection\click_success\click_success_20260713_094919_639\pre_click.png,,"[907.0, 22.0, 36.0, 26.0]",907.000,22.000,36.000,26.000
file_1621862b6acb7cf3,asset_ff5fa003b27b535b,D:\Projects\adb_vl\vision_platform\ads\runtime_collection\click_success\click_success_20260713_102134_709\crops\bbox.png,vision_platform\ads\runtime_collection\click_success\click_success_20260713_102134_709\crops\bbox.png,ads,arrow,traceable_parent_bbox,,,D:\Projects\adb_vl\vision_platform\ads\runtime_collection\click_success\click_success_20260713_102134_709\pre_click.png,,"[907.0, 22.0, 36.0, 26.0]",907.000,22.000,36.000,26.000
file_0b9a658f960097b9,asset_ff5fa003b27b535b,D:\Projects\adb_vl\vision_platform\ads\runtime_collection\click_success\click_success_20260713_103231_073\crops\bbox.png,vision_platform\ads\runtime_collection\click_success\click_success_20260713_103231_073\crops\bbox.png,ads,arrow,traceable_parent_bbox,,,D:\Projects\adb_vl\vision_platform\ads\runtime_collection\click_success\click_success_20260713_103231_073\pre_click.png,,"[907.0, 22.0, 36.0, 26.0]",907.000,22.000,36.000,26.000
file_4b55666f7d26ba68,asset_88342de1955d7710,D:\Projects\adb_vl\vision_platform\ads\runtime_collection\click_success\click_success_20260713_080054_581\crops\bbox.png,vision_platform\ads\runtime_collection\click_success\click_success_20260713_080054_581\crops\bbox.png,ads,play_triangle,traceable_parent_bbox,,,D:\Projects\adb_vl\vision_platform\ads\runtime_collection\click_success\click_success_20260713_080054_581\pre_click.png,,"[277.0, 335.0, 49.0, 30.0]",277.000,335.000,49.000,30.000
file_52d5a310ba32c303,asset_542d5a8ba5e8e090,D:\Projects\adb_vl\vision_platform\ads\runtime_collection\click_success\click_success_20260713_080151_966\crops\bbox.png,vision_platform\ads\runtime_collection\click_success\click_success_20260713_080151_966\crops\bbox.png,ads,play_triangle,traceable_parent_bbox,,,D:\Projects\adb_vl\vision_platform\ads\runtime_collection\click_success\click_success_20260713_080151_966\pre_click.png,,"[277.0, 335.0, 49.0, 30.0]",277.000,335.000,49.000,30.000
file_7051ab9bc6b4fb7f,asset_1681b89025c9902b,D:\Projects\adb_vl\vision_platform\ads\runtime_collection\click_success\click_success_20260713_080316_811\crops\bbox.png,vision_platform\ads\runtime_collection\click_success\click_success_20260713_080316_811\crops\bbox.png,ads,play_triangle,traceable_parent_bbox,,,D:\Projects\adb_vl\vision_platform\ads\runtime_collection\click_success\click_success_20260713_080316_811\pre_click.png,,"[277.0, 335.0, 49.0, 30.0]",277.000,335.000,49.000,30.000
file_a9b3de8ef22b83c9,asset_da86db81efb2b312,D:\Projects\adb_vl\vision_platform\ads\runtime_collection\click_success\click_success_20260713_080412_253\crops\bbox.png,vision_platform\ads\runtime_collection\click_success\click_success_20260713_080412_253\crops\bbox.png,ads,play_triangle,traceable_parent_bbox,,,D:\Projects\adb_vl\vision_platform\ads\runtime_collection\click_success\click_success_20260713_080412_253\pre_click.png,,"[277.0, 335.0, 49.0, 30.0]",277.000,335.000,49.000,30.000
file_0ce1716b8f344970,asset_88342de1955d7710,D:\Projects\adb_vl\vision_platform\ads\runtime_collection\click_success\click_success_20260713_080711_318\crops\bbox.png,vision_platform\ads\runtime_collection\click_success\click_success_20260713_080711_318\crops\bbox.png,ads,play_triangle,traceable_parent_bbox,,,D:\Projects\adb_vl\vision_platform\ads\runtime_collection\click_success\click_success_20260713_080711_318\pre_click.png,,"[277.0, 335.0, 49.0, 30.0]",277.000,335.000,49.000,30.000
file_30148b2a62e0ad60,asset_1681b89025c9902b,D:\Projects\adb_vl\vision_platform\ads\runtime_collection\click_success\click_success_20260713_080913_676\crops\bbox.png,vision_platform\ads\runtime_collection\click_success\click_success_20260713_080913_676\crops\bbox.png,ads,play_triangle,traceable_parent_bbox,,,D:\Projects\adb_vl\vision_platform\ads\runtime_collection\click_success\click_success_20260713_080913_676\pre_click.png,,"[277.0, 335.0, 49.0, 30.0]",277.000,335.000,49.000,30.000
file_6eeb0cbcc44f6725,asset_56f1aad4a5d1e8bc,D:\Projects\adb_vl\vision_platform\ads\runtime_collection\click_success\click_success_20260713_081203_020\crops\bbox.png,vision_platform\ads\runtime_collection\click_success\click_success_20260713_081203_020\crops\bbox.png,ads,play_triangle,traceable_parent_bbox,,,D:\Projects\adb_vl\vision_platform\ads\runtime_collection\click_success\click_success_20260713_081203_020\pre_click.png,,"[277.0, 335.0, 49.0, 30.0]",277.000,335.000,49.000,30.000
file_69fb836754e891f4,asset_88342de1955d7710,D:\Projects\adb_vl\vision_platform\ads\runtime_collection\click_success\click_success_20260713_081501_024\crops\bbox.png,vision_platform\ads\runtime_collection\click_success\click_success_20260713_081501_024\crops\bbox.png,ads,play_triangle,traceable_parent_bbox,,,D:\Projects\adb_vl\vision_platform\ads\runtime_collection\click_success\click_success_20260713_081501_024\pre_click.png,,"[277.0, 335.0, 49.0, 30.0]",277.000,335.000,49.000,30.000
file_80479f91e8f5495e,asset_542d5a8ba5e8e090,D:\Projects\adb_vl\vision_platform\ads\runtime_collection\click_success\click_success_20260713_081529_784\crops\bbox.png,vision_platform\ads\runtime_collection\click_success\click_success_20260713_081529_784\crops\bbox.png,ads,play_triangle,traceable_parent_bbox,,,D:\Projects\adb_vl\vision_platform\ads\runtime_collection\click_success\click_success_20260713_081529_784\pre_click.png,,"[277.0, 335.0, 49.0, 30.0]",277.000,335.000,49.000,30.000
file_db9ed6991b2b35e2,asset_1681b89025c9902b,D:\Projects\adb_vl\vision_platform\ads\runtime_collection\click_success\click_success_20260713_081558_495\crops\bbox.png,vision_platform\ads\runtime_collection\click_success\click_success_20260713_081558_495\crops\bbox.png,ads,play_triangle,traceable_parent_bbox,,,D:\Projects\adb_vl\vision_platform\ads\runtime_collection\click_success\click_success_20260713_081558_495\pre_click.png,,"[277.0, 335.0, 49.0, 30.0]",277.000,335.000,49.000,30.000
file_10574d3caef6663b,asset_da86db81efb2b312,D:\Projects\adb_vl\vision_platform\ads\runtime_collection\click_success\click_success_20260713_081627_502\crops\bbox.png,vision_platform\ads\runtime_collection\click_success\click_success_20260713_081627_502\crops\bbox.png,ads,play_triangle,traceable_parent_bbox,,,D:\Projects\adb_vl\vision_platform\ads\runtime_collection\click_success\click_success_20260713_081627_502\pre_click.png,,"[277.0, 335.0, 49.0, 30.0]",277.000,335.000,49.000,30.000
file_fd79ffd3d3a51e10,asset_56f1aad4a5d1e8bc,D:\Projects\adb_vl\vision_platform\ads\runtime_collection\click_success\click_success_20260713_081656_210\crops\bbox.png,vision_platform\ads\runtime_collection\click_success\click_success_20260713_081656_210\crops\bbox.png,ads,play_triangle,traceable_parent_bbox,,,D:\Projects\adb_vl\vision_platform\ads\runtime_collection\click_success\click_success_20260713_081656_210\pre_click.png,,"[277.0, 335.0, 49.0, 30.0]",277.000,335.000,49.000,30.000
file_672929415db32729,asset_88342de1955d7710,D:\Projects\adb_vl\vision_platform\ads\runtime_collection\click_success\click_success_20260713_081911_232\crops\bbox.png,vision_platform\ads\runtime_collection\click_success\click_success_20260713_081911_232\crops\bbox.png,ads,play_triangle,traceable_parent_bbox,,,D:\Projects\adb_vl\vision_platform\ads\runtime_collection\click_success\click_success_20260713_081911_232\pre_click.png,,"[277.0, 335.0, 49.0, 30.0]",277.000,335.000,49.000,30.000
file_b5d0052acd788220,asset_542d5a8ba5e8e090,D:\Projects\adb_vl\vision_platform\ads\runtime_collection\click_success\click_success_20260713_081940_245\crops\bbox.png,vision_platform\ads\runtime_collection\click_success\click_success_20260713_081940_245\crops\bbox.png,ads,play_triangle,traceable_parent_bbox,,,D:\Projects\adb_vl\vision_platform\ads\runtime_collection\click_success\click_success_20260713_081940_245\pre_click.png,,"[277.0, 335.0, 49.0, 30.0]",277.000,335.000,49.000,30.000
file_9d8d4508c8c86c30,asset_1681b89025c9902b,D:\Projects\adb_vl\vision_platform\ads\runtime_collection\click_success\click_success_20260713_082008_915\crops\bbox.png,vision_platform\ads\runtime_collection\click_success\click_success_20260713_082008_915\crops\bbox.png,ads,play_triangle,traceable_parent_bbox,,,D:\Projects\adb_vl\vision_platform\ads\runtime_collection\click_success\click_success_20260713_082008_915\pre_click.png,,"[277.0, 335.0, 49.0, 30.0]",277.000,335.000,49.000,30.000
file_3525844c4acdff86,asset_da86db81efb2b312,D:\Projects\adb_vl\vision_platform\ads\runtime_collection\click_success\click_success_20260713_082037_725\crops\bbox.png,vision_platform\ads\runtime_collection\click_success\click_success_20260713_082037_725\crops\bbox.png,ads,play_triangle,traceable_parent_bbox,,,D:\Projects\adb_vl\vision_platform\ads\runtime_collection\click_success\click_success_20260713_082037_725\pre_click.png,,"[277.0, 335.0, 49.0, 30.0]",277.000,335.000,49.000,30.000
file_6075c2b75004a318,asset_56f1aad4a5d1e8bc,D:\Projects\adb_vl\vision_platform\ads\runtime_collection\click_success\click_success_20260713_082106_393\crops\bbox.png,vision_platform\ads\runtime_collection\click_success\click_success_20260713_082106_393\crops\bbox.png,ads,play_triangle,traceable_parent_bbox,,,D:\Projects\adb_vl\vision_platform\ads\runtime_collection\click_success\click_success_20260713_082106_393\pre_click.png,,"[277.0, 335.0, 49.0, 30.0]",277.000,335.000,49.000,30.000
file_107b4cb1288bc630,asset_88342de1955d7710,D:\Projects\adb_vl\vision_platform\ads\runtime_collection\click_success\click_success_20260713_090150_924\crops\bbox.png,vision_platform\ads\runtime_collection\click_success\click_success_20260713_090150_924\crops\bbox.png,ads,play_triangle,traceable_parent_bbox,,,D:\Projects\adb_vl\vision_platform\ads\runtime_collection\click_success\click_success_20260713_090150_924\pre_click.png,,"[277.0, 335.0, 49.0, 30.0]",277.000,335.000,49.000,30.000
file_87ac57244ab5f299,asset_542d5a8ba5e8e090,D:\Projects\adb_vl\vision_platform\ads\runtime_collection\click_success\click_success_20260713_090219_764\crops\bbox.png,vision_platform\ads\runtime_collection\click_success\click_success_20260713_090219_764\crops\bbox.png,ads,play_triangle,traceable_parent_bbox,,,D:\Projects\adb_vl\vision_platform\ads\runtime_collection\click_success\click_success_20260713_090219_764\pre_click.png,,"[277.0, 335.0, 49.0, 30.0]",277.000,335.000,49.000,30.000
file_b9fda2c43c5f7e13,asset_1681b89025c9902b,D:\Projects\adb_vl\vision_platform\ads\runtime_collection\click_success\click_success_20260713_090248_537\crops\bbox.png,vision_platform\ads\runtime_collection\click_success\click_success_20260713_090248_537\crops\bbox.png,ads,play_triangle,traceable_parent_bbox,,,D:\Projects\adb_vl\vision_platform\ads\runtime_collection\click_success\click_success_20260713_090248_537\pre_click.png,,"[277.0, 335.0, 49.0, 30.0]",277.000,335.000,49.000,30.000
file_67b6becbf74cb4f1,asset_da86db81efb2b312,D:\Projects\adb_vl\vision_platform\ads\runtime_collection\click_success\click_success_20260713_090317_809\crops\bbox.png,vision_platform\ads\runtime_collection\click_success\click_success_20260713_090317_809\crops\bbox.png,ads,play_triangle,traceable_parent_bbox,,,D:\Projects\adb_vl\vision_platform\ads\runtime_collection\click_success\click_success_20260713_090317_809\pre_click.png,,"[277.0, 335.0, 49.0, 30.0]",277.000,335.000,49.000,30.000
file_eb313578ce0e8ad1,asset_56f1aad4a5d1e8bc,D:\Projects\adb_vl\vision_platform\ads\runtime_collection\click_success\click_success_20260713_090346_734\crops\bbox.png,vision_platform\ads\runtime_collection\click_success\click_success_20260713_090346_734\crops\bbox.png,ads,play_triangle,traceable_parent_bbox,,,D:\Projects\adb_vl\vision_platform\ads\runtime_collection\click_success\click_success_20260713_090346_734\pre_click.png,,"[277.0, 335.0, 49.0, 30.0]",277.000,335.000,49.000,30.000
file_91d2283860b96df5,asset_88342de1955d7710,D:\Projects\adb_vl\vision_platform\ads\runtime_collection\click_success\click_success_20260713_092817_744\crops\bbox.png,vision_platform\ads\runtime_collection\click_success\click_success_20260713_092817_744\crops\bbox.png,ads,play_triangle,traceable_parent_bbox,,,D:\Projects\adb_vl\vision_platform\ads\runtime_collection\click_success\click_success_20260713_092817_744\pre_click.png,,"[277.0, 335.0, 49.0, 30.0]",277.000,335.000,49.000,30.000
file_98b7978876377b57,asset_542d5a8ba5e8e090,D:\Projects\adb_vl\vision_platform\ads\runtime_collection\click_success\click_success_20260713_092847_103\crops\bbox.png,vision_platform\ads\runtime_collection\click_success\click_success_20260713_092847_103\crops\bbox.png,ads,play_triangle,traceable_parent_bbox,,,D:\Projects\adb_vl\vision_platform\ads\runtime_collection\click_success\click_success_20260713_092847_103\pre_click.png,,"[277.0, 335.0, 49.0, 30.0]",277.000,335.000,49.000,30.000
file_17c41195373d39df,asset_1681b89025c9902b,D:\Projects\adb_vl\vision_platform\ads\runtime_collection\click_success\click_success_20260713_092916_449\crops\bbox.png,vision_platform\ads\runtime_collection\click_success\click_success_20260713_092916_449\crops\bbox.png,ads,play_triangle,traceable_parent_bbox,,,D:\Projects\adb_vl\vision_platform\ads\runtime_collection\click_success\click_success_20260713_092916_449\pre_click.png,,"[277.0, 335.0, 49.0, 30.0]",277.000,335.000,49.000,30.000
file_3f18d06520b7ad61,asset_da86db81efb2b312,D:\Projects\adb_vl\vision_platform\ads\runtime_collection\click_success\click_success_20260713_092945_822\crops\bbox.png,vision_platform\ads\runtime_collection\click_success\click_success_20260713_092945_822\crops\bbox.png,ads,play_triangle,traceable_parent_bbox,,,D:\Projects\adb_vl\vision_platform\ads\runtime_collection\click_success\click_success_20260713_092945_822\pre_click.png,,"[277.0, 335.0, 49.0, 30.0]",277.000,335.000,49.000,30.000
file_28f5c856364afeff,asset_56f1aad4a5d1e8bc,D:\Projects\adb_vl\vision_platform\ads\runtime_collection\click_success\click_success_20260713_093014_935\crops\bbox.png,vision_platform\ads\runtime_collection\click_success\click_success_20260713_093014_935\crops\bbox.png,ads,play_triangle,traceable_parent_bbox,,,D:\Projects\adb_vl\vision_platform\ads\runtime_collection\click_success\click_success_20260713_093014_935\pre_click.png,,"[277.0, 335.0, 49.0, 30.0]",277.000,335.000,49.000,30.000
file_12c96f7abeb57584,asset_542d5a8ba5e8e090,D:\Projects\adb_vl\vision_platform\ads\runtime_collection\click_success\click_success_20260713_100132_667\crops\bbox.png,vision_platform\ads\runtime_collection\click_success\click_success_20260713_100132_667\crops\bbox.png,ads,play_triangle,traceable_parent_bbox,,,D:\Projects\adb_vl\vision_platform\ads\runtime_collection\click_success\click_success_20260713_100132_667\pre_click.png,,"[277.0, 335.0, 49.0, 30.0]",277.000,335.000,49.000,30.000
file_b2cb2d334ed2695f,asset_1681b89025c9902b,D:\Projects\adb_vl\vision_platform\ads\runtime_collection\click_success\click_success_20260713_100208_161\crops\bbox.png,vision_platform\ads\runtime_collection\click_success\click_success_20260713_100208_161\crops\bbox.png,ads,play_triangle,traceable_parent_bbox,,,D:\Projects\adb_vl\vision_platform\ads\runtime_collection\click_success\click_success_20260713_100208_161\pre_click.png,,"[277.0, 335.0, 49.0, 30.0]",277.000,335.000,49.000,30.000
file_ac3e4fe5765358fe,asset_88342de1955d7710,D:\Projects\adb_vl\vision_platform\ads\runtime_collection\click_success\click_success_20260713_103043_470\crops\bbox.png,vision_platform\ads\runtime_collection\click_success\click_success_20260713_103043_470\crops\bbox.png,ads,play_triangle,traceable_parent_bbox,,,D:\Projects\adb_vl\vision_platform\ads\runtime_collection\click_success\click_success_20260713_103043_470\pre_click.png,,"[277.0, 335.0, 49.0, 30.0]",277.000,335.000,49.000,30.000
file_a4dedb1f18ff9439,asset_959ff3cdd6771a3f,D:\Projects\adb_vl\vision_platform\ads\runtime_collection\click_success\click_success_20260713_100053_163\crops\bbox.png,vision_platform\ads\runtime_collection\click_success\click_success_20260713_100053_163\crops\bbox.png,ads,play_triangle,traceable_parent_bbox,,,D:\Projects\adb_vl\vision_platform\ads\runtime_collection\click_success\click_success_20260713_100053_163\pre_click.png,,"[277.0, 335.0, 49.0, 30.0]",277.000,335.000,49.000,30.000
file_53aaf77bc2d63184,asset_76e8e41d64c43242,D:\Projects\adb_vl\vision_platform\ads\runtime_collection\click_success\click_success_20260713_103123_852\crops\bbox.png,vision_platform\ads\runtime_collection\click_success\click_success_20260713_103123_852\crops\bbox.png,ads,play_triangle,traceable_parent_bbox,,,D:\Projects\adb_vl\vision_platform\ads\runtime_collection\click_success\click_success_20260713_103123_852\pre_click.png,,"[277.0, 335.0, 49.0, 30.0]",277.000,335.000,49.000,30.000
file_3f84811f20709357,asset_bd0db35d86d5fa07,D:\Projects\adb_vl\vision_platform\ads\runtime_collection\click_success\click_success_20260713_080508_706\crops\bbox.png,vision_platform\ads\runtime_collection\click_success\click_success_20260713_080508_706\crops\bbox.png,ads,play_triangle,traceable_parent_bbox,,,D:\Projects\adb_vl\vision_platform\ads\runtime_collection\click_success\click_success_20260713_080508_706\pre_click.png,,"[277.0, 335.0, 49.0, 30.0]",277.000,335.000,49.000,30.000
file_5aef0a69d205702c,asset_d0c43c6062f54e39,D:\Projects\adb_vl\vision_platform\ads\runtime_collection\click_success\click_success_20260713_081038_362\crops\bbox.png,vision_platform\ads\runtime_collection\click_success\click_success_20260713_081038_362\crops\bbox.png,ads,play_triangle,traceable_parent_bbox,,,D:\Projects\adb_vl\vision_platform\ads\runtime_collection\click_success\click_success_20260713_081038_362\pre_click.png,,"[277.0, 335.0, 49.0, 30.0]",277.000,335.000,49.000,30.000
file_98370146f870c367,asset_b0fb1915ebdcef1f,D:\Projects\adb_vl\vision_platform\ads\runtime_collection\click_success\click_success_20260713_100345_889\crops\bbox.png,vision_platform\ads\runtime_collection\click_success\click_success_20260713_100345_889\crops\bbox.png,ads,play_triangle,traceable_parent_bbox,,,D:\Projects\adb_vl\vision_platform\ads\runtime_collection\click_success\click_success_20260713_100345_889\pre_click.png,,"[277.0, 335.0, 49.0, 30.0]",277.000,335.000,49.000,30.000
file_0cb007c6af738353,asset_472bfd838b165cc8,D:\Projects\adb_vl\vision_platform\ads\runtime_collection\click_success\click_success_20260713_103248_223\crops\bbox.png,vision_platform\ads\runtime_collection\click_success\click_success_20260713_103248_223\crops\bbox.png,ads,play_triangle,traceable_parent_bbox,,,D:\Projects\adb_vl\vision_platform\ads\runtime_collection\click_success\click_success_20260713_103248_223\pre_click.png,,"[277.0, 335.0, 49.0, 30.0]",277.000,335.000,49.000,30.000
file_95b833f90a11d605,asset_c2c2dd5810451d31,D:\Projects\adb_vl\vision_platform\ads\runtime_collection\click_success\click_success_20260713_103411_857\crops\bbox.png,vision_platform\ads\runtime_collection\click_success\click_success_20260713_103411_857\crops\bbox.png,ads,play_triangle,traceable_parent_bbox,,,D:\Projects\adb_vl\vision_platform\ads\runtime_collection\click_success\click_success_20260713_103411_857\pre_click.png,,"[277.0, 335.0, 49.0, 30.0]",277.000,335.000,49.000,30.000
file_5d7a867c228aefef,asset_ebdc895ca71436f4,D:\Projects\adb_vl\vision_platform\ads\runtime_collection\click_success\click_success_20260713_103528_711\crops\bbox.png,vision_platform\ads\runtime_collection\click_success\click_success_20260713_103528_711\crops\bbox.png,ads,play_triangle,traceable_parent_bbox,,,D:\Projects\adb_vl\vision_platform\ads\runtime_collection\click_success\click_success_20260713_103528_711\pre_click.png,,"[277.0, 335.0, 49.0, 30.0]",277.000,335.000,49.000,30.000
file_333b52283f37291a,asset_d6ebeced837f0875,D:\Projects\adb_vl\vision_platform\ads\runtime_collection\click_success\click_success_20260713_100301_337\crops\bbox.png,vision_platform\ads\runtime_collection\click_success\click_success_20260713_100301_337\crops\bbox.png,ads,play_triangle,traceable_parent_bbox,,,D:\Projects\adb_vl\vision_platform\ads\runtime_collection\click_success\click_success_20260713_100301_337\pre_click.png,,"[277.0, 335.0, 49.0, 30.0]",277.000,335.000,49.000,30.000
file_313025013de0d9bf,asset_3d50df392fb8fb02,D:\Projects\adb_vl\vision_platform\ads\runtime_collection\click_success\click_success_20260713_095340_430\crops\bbox.png,vision_platform\ads\runtime_collection\click_success\click_success_20260713_095340_430\crops\bbox.png,ads,got,traceable_parent_bbox,,,D:\Projects\adb_vl\vision_platform\ads\runtime_collection\click_success\click_success_20260713_095340_430\pre_click.png,,"[414.0, 134.0, 139.0, 47.0]",414.000,134.000,139.000,47.000
file_f759dfcce3ea6dba,asset_8f85cf781a2c4892,D:\Projects\adb_vl\vision_platform\ads\runtime_collection\click_success\click_success_20260713_102609_950\crops\bbox.png,vision_platform\ads\runtime_collection\click_success\click_success_20260713_102609_950\crops\bbox.png,ads,got,traceable_parent_bbox,,,D:\Projects\adb_vl\vision_platform\ads\runtime_collection\click_success\click_success_20260713_102609_950\pre_click.png,,"[414.0, 134.0, 139.0, 47.0]",414.000,134.000,139.000,47.000
file_a798424dfdb246f2,asset_c5baf12d61cdbd4b,D:\Projects\adb_vl\vision_platform\ads\runtime_collection\click_success\click_success_20260713_095502_252\crops\bbox.png,vision_platform\ads\runtime_collection\click_success\click_success_20260713_095502_252\crops\bbox.png,ads,got,traceable_parent_bbox,,,D:\Projects\adb_vl\vision_platform\ads\runtime_collection\click_success\click_success_20260713_095502_252\pre_click.png,,"[414.0, 134.0, 139.0, 47.0]",414.000,134.000,139.000,47.000
file_561deffd5e29abeb,asset_cc988facf7de4b10,D:\Projects\adb_vl\vision_platform\ads\runtime_collection\click_success\click_success_20260713_102516_921\crops\bbox.png,vision_platform\ads\runtime_collection\click_success\click_success_20260713_102516_921\crops\bbox.png,ads,got,traceable_parent_bbox,,,D:\Projects\adb_vl\vision_platform\ads\runtime_collection\click_success\click_success_20260713_102516_921\pre_click.png,,"[414.0, 134.0, 139.0, 47.0]",414.000,134.000,139.000,47.000
file_a067bd798a422f13,asset_183568ccccf9b17c,D:\Projects\adb_vl\vision_platform\ads\runtime_collection\click_success\click_success_20260713_095216_081\crops\bbox.png,vision_platform\ads\runtime_collection\click_success\click_success_20260713_095216_081\crops\bbox.png,ads,got,traceable_parent_bbox,,,D:\Projects\adb_vl\vision_platform\ads\runtime_collection\click_success\click_success_20260713_095216_081\pre_click.png,,"[414.0, 134.0, 139.0, 47.0]",414.000,134.000,139.000,47.000
file_ec52bec92f18b3a6,asset_09db06e79617a5ab,D:\Projects\adb_vl\vision_platform\ads\runtime_collection\click_success\click_success_20260713_102427_930\crops\bbox.png,vision_platform\ads\runtime_collection\click_success\click_success_20260713_102427_930\crops\bbox.png,ads,got,traceable_parent_bbox,,,D:\Projects\adb_vl\vision_platform\ads\runtime_collection\click_success\click_success_20260713_102427_930\pre_click.png,,"[414.0, 134.0, 139.0, 47.0]",414.000,134.000,139.000,47.000
file_2d8c856bebd75ce8,asset_741a7dc2efc4ab03,D:\Projects\adb_vl\vision_platform\ads\runtime_collection\click_success\click_success_20260713_095626_251\crops\bbox.png,vision_platform\ads\runtime_collection\click_success\click_success_20260713_095626_251\crops\bbox.png,ads,got,traceable_parent_bbox,,,D:\Projects\adb_vl\vision_platform\ads\runtime_collection\click_success\click_success_20260713_095626_251\pre_click.png,,"[414.0, 134.0, 139.0, 47.0]",414.000,134.000,139.000,47.000
file_4ab6e280b19b2c27,asset_2cc9ebf57e082dc9,D:\Projects\adb_vl\vision_platform\ads\runtime_collection\click_success\click_success_20260713_085814_733\crops\bbox.png,vision_platform\ads\runtime_collection\click_success\click_success_20260713_085814_733\crops\bbox.png,ads,got,traceable_parent_bbox,,,D:\Projects\adb_vl\vision_platform\ads\runtime_collection\click_success\click_success_20260713_085814_733\pre_click.png,,"[414.0, 134.0, 139.0, 47.0]",414.000,134.000,139.000,47.000
file_6baeafdbf1505b34,asset_42640b7956e1a5af,D:\Projects\adb_vl\vision_platform\ads\runtime_collection\click_success\click_success_20260713_092433_793\crops\bbox.png,vision_platform\ads\runtime_collection\click_success\click_success_20260713_092433_793\crops\bbox.png,ads,got,traceable_parent_bbox,,,D:\Projects\adb_vl\vision_platform\ads\runtime_collection\click_success\click_success_20260713_092433_793\pre_click.png,,"[414.0, 134.0, 139.0, 47.0]",414.000,134.000,139.000,47.000
file_3606147f537f0ca8,asset_cd7bd45565e944d8,D:\Projects\adb_vl\vision_platform\ads\runtime_collection\click_success\click_success_20260713_092534_935\crops\bbox.png,vision_platform\ads\runtime_collection\click_success\click_success_20260713_092534_935\crops\bbox.png,ads,got,traceable_parent_bbox,,,D:\Projects\adb_vl\vision_platform\ads\runtime_collection\click_success\click_success_20260713_092534_935\pre_click.png,,"[414.0, 134.0, 139.0, 47.0]",414.000,134.000,139.000,47.000
file_84a8d2e130401c22,asset_d66a3b4c3a54e582,D:\Projects\adb_vl\vision_platform\ads\runtime_collection\click_success\click_success_20260713_092504_003\crops\bbox.png,vision_platform\ads\runtime_collection\click_success\click_success_20260713_092504_003\crops\bbox.png,ads,got,traceable_parent_bbox,,,D:\Projects\adb_vl\vision_platform\ads\runtime_collection\click_success\click_success_20260713_092504_003\pre_click.png,,"[414.0, 134.0, 139.0, 47.0]",414.000,134.000,139.000,47.000
file_b651671549196160,asset_00f7d7b29ed47ea4,D:\Projects\adb_vl\vision_platform\ads\runtime_collection\click_success\click_success_20260713_085844_232\crops\bbox.png,vision_platform\ads\runtime_collection\click_success\click_success_20260713_085844_232\crops\bbox.png,ads,got,traceable_parent_bbox,,,D:\Projects\adb_vl\vision_platform\ads\runtime_collection\click_success\click_success_20260713_085844_232\pre_click.png,,"[414.0, 134.0, 139.0, 47.0]",414.000,134.000,139.000,47.000
file_89f5783d6a5d01a2,asset_5e68128f2f5b8dab,D:\Projects\adb_vl\vision_platform\ads\runtime_collection\click_success\click_success_20260713_085715_383\crops\bbox.png,vision_platform\ads\runtime_collection\click_success\click_success_20260713_085715_383\crops\bbox.png,ads,got,traceable_parent_bbox,,,D:\Projects\adb_vl\vision_platform\ads\runtime_collection\click_success\click_success_20260713_085715_383\pre_click.png,,"[414.0, 134.0, 139.0, 47.0]",414.000,134.000,139.000,47.000
file_fbaa02f8549aa9f7,asset_fe628b894f9e9d17,D:\Projects\adb_vl\vision_platform\ads\runtime_collection\click_success\click_success_20260713_092939_863\crops\bbox.png,vision_platform\ads\runtime_collection\click_success\click_success_20260713_092939_863\crops\bbox.png,ads,got,traceable_parent_bbox,,,D:\Projects\adb_vl\vision_platform\ads\runtime_collection\click_success\click_success_20260713_092939_863\pre_click.png,,"[414.0, 134.0, 139.0, 47.0]",414.000,134.000,139.000,47.000
file_3812d68168c166a4,asset_b1f9c1b9f8fac2f0,D:\Projects\adb_vl\vision_platform\ads\runtime_collection\click_success\click_success_20260713_100456_732\crops\bbox.png,vision_platform\ads\runtime_collection\click_success\click_success_20260713_100456_732\crops\bbox.png,ads,got,traceable_parent_bbox,,,D:\Projects\adb_vl\vision_platform\ads\runtime_collection\click_success\click_success_20260713_100456_732\pre_click.png,,"[414.0, 134.0, 139.0, 47.0]",414.000,134.000,139.000,47.000
file_a5745491741dd931,asset_d94098ff97a6d4e1,D:\Projects\adb_vl\vision_platform\ads\runtime_collection\click_success\click_success_20260713_103115_232\crops\bbox.png,vision_platform\ads\runtime_collection\click_success\click_success_20260713_103115_232\crops\bbox.png,ads,got,traceable_parent_bbox,,,D:\Projects\adb_vl\vision_platform\ads\runtime_collection\click_success\click_success_20260713_103115_232\pre_click.png,,"[414.0, 134.0, 139.0, 47.0]",414.000,134.000,139.000,47.000
file_da898d64ad5b3d30,asset_2b0bcfa2d943e368,D:\Projects\adb_vl\vision_platform\ads\runtime_collection\click_success\click_success_20260713_103403_052\crops\bbox.png,vision_platform\ads\runtime_collection\click_success\click_success_20260713_103403_052\crops\bbox.png,ads,got,traceable_parent_bbox,,,D:\Projects\adb_vl\vision_platform\ads\runtime_collection\click_success\click_success_20260713_103403_052\pre_click.png,,"[414.0, 134.0, 139.0, 47.0]",414.000,134.000,139.000,47.000
file_8fa1a19595654b28,asset_b0b35ce09c8f69e6,D:\Projects\adb_vl\vision_platform\ads\runtime_collection\click_success\click_success_20260713_100125_922\crops\bbox.png,vision_platform\ads\runtime_collection\click_success\click_success_20260713_100125_922\crops\bbox.png,ads,got,traceable_parent_bbox,,,D:\Projects\adb_vl\vision_platform\ads\runtime_collection\click_success\click_success_20260713_100125_922\pre_click.png,,"[414.0, 134.0, 139.0, 47.0]",414.000,134.000,139.000,47.000
file_02ce57272c84b6f5,asset_6e8a5d255426a167,D:\Projects\adb_vl\vision_platform\ads\runtime_collection\click_success\click_success_20260713_103520_712\crops\bbox.png,vision_platform\ads\runtime_collection\click_success\click_success_20260713_103520_712\crops\bbox.png,ads,got,traceable_parent_bbox,,,D:\Projects\adb_vl\vision_platform\ads\runtime_collection\click_success\click_success_20260713_103520_712\pre_click.png,,"[414.0, 134.0, 139.0, 47.0]",414.000,134.000,139.000,47.000
file_8bd6e958d40d0a1b,asset_3911db3a08d8407c,D:\Projects\adb_vl\vision_platform\ads\runtime_collection\click_success\click_success_20260713_090311_972\crops\bbox.png,vision_platform\ads\runtime_collection\click_success\click_success_20260713_090311_972\crops\bbox.png,ads,got,traceable_parent_bbox,,,D:\Projects\adb_vl\vision_platform\ads\runtime_collection\click_success\click_success_20260713_090311_972\pre_click.png,,"[414.0, 134.0, 139.0, 47.0]",414.000,134.000,139.000,47.000
file_4170949ace142843,asset_9e94bd7f0e647f3d,D:\Projects\adb_vl\vision_platform\ads\runtime_collection\click_success\click_success_20260713_093009_136\crops\bbox.png,vision_platform\ads\runtime_collection\click_success\click_success_20260713_093009_136\crops\bbox.png,ads,got,traceable_parent_bbox,,,D:\Projects\adb_vl\vision_platform\ads\runtime_collection\click_success\click_success_20260713_093009_136\pre_click.png,,"[414.0, 134.0, 139.0, 47.0]",414.000,134.000,139.000,47.000
file_6c9d7fd2cf8b2a09,asset_263d9bbf7a74f119,D:\Projects\adb_vl\vision_platform\ads\runtime_collection\click_success\click_success_20260713_102305_939\crops\bbox.png,vision_platform\ads\runtime_collection\click_success\click_success_20260713_102305_939\crops\bbox.png,ads,got,traceable_parent_bbox,,,D:\Projects\adb_vl\vision_platform\ads\runtime_collection\click_success\click_success_20260713_102305_939\pre_click.png,,"[414.0, 134.0, 139.0, 47.0]",414.000,134.000,139.000,47.000
file_e41974232e7b3369,asset_25a22f5df74ffae1,D:\Projects\adb_vl\vision_platform\ads\runtime_collection\click_success\click_success_20260713_132613_620\crops\bbox.png,vision_platform\ads\runtime_collection\click_success\click_success_20260713_132613_620\crops\bbox.png,ads,got,traceable_parent_bbox,,,D:\Projects\adb_vl\vision_platform\ads\runtime_collection\click_success\click_success_20260713_132613_620\pre_click.png,,"[414.0, 134.0, 139.0, 47.0]",414.000,134.000,139.000,47.000
file_92496cc044399074,asset_ff4135452321c27d,D:\Projects\adb_vl\vision_platform\ads\runtime_collection\click_success\click_success_20260713_092403_554\crops\bbox.png,vision_platform\ads\runtime_collection\click_success\click_success_20260713_092403_554\crops\bbox.png,ads,got,traceable_parent_bbox,,,D:\Projects\adb_vl\vision_platform\ads\runtime_collection\click_success\click_success_20260713_092403_554\pre_click.png,,"[414.0, 134.0, 139.0, 47.0]",414.000,134.000,139.000,47.000
file_74e06e5ceb318bc4,asset_7ea505252b3da083,D:\Projects\adb_vl\vision_platform\ads\runtime_collection\click_success\click_success_20260713_085745_144\crops\bbox.png,vision_platform\ads\runtime_collection\click_success\click_success_20260713_085745_144\crops\bbox.png,ads,got,traceable_parent_bbox,,,D:\Projects\adb_vl\vision_platform\ads\runtime_collection\click_success\click_success_20260713_085745_144\pre_click.png,,"[414.0, 134.0, 139.0, 47.0]",414.000,134.000,139.000,47.000
file_62c3dd3102650707,asset_a6a1a807225333d3,D:\Projects\adb_vl\vision_platform\ads\runtime_collection\click_success\click_success_20260713_102143_549\crops\bbox.png,vision_platform\ads\runtime_collection\click_success\click_success_20260713_102143_549\crops\bbox.png,ads,got,traceable_parent_bbox,,,D:\Projects\adb_vl\vision_platform\ads\runtime_collection\click_success\click_success_20260713_102143_549\pre_click.png,,"[414.0, 134.0, 139.0, 47.0]",414.000,134.000,139.000,47.000
file_ef413d45fecc7350,asset_fb6f9655e9c30e97,D:\Projects\adb_vl\vision_platform\ads\runtime_collection\click_success\click_success_20260713_080545_818\crops\bbox.png,vision_platform\ads\runtime_collection\click_success\click_success_20260713_080545_818\crops\bbox.png,ads,got,traceable_parent_bbox,,,D:\Projects\adb_vl\vision_platform\ads\runtime_collection\click_success\click_success_20260713_080545_818\pre_click.png,,"[414.0, 134.0, 139.0, 47.0]",414.000,134.000,139.000,47.000
file_d47e518578ccb400,asset_052743a3536937ab,D:\Projects\adb_vl\vision_platform\ads\runtime_collection\click_success\click_success_20260713_081300_633\crops\bbox.png,vision_platform\ads\runtime_collection\click_success\click_success_20260713_081300_633\crops\bbox.png,ads,got,traceable_parent_bbox,,,D:\Projects\adb_vl\vision_platform\ads\runtime_collection\click_success\click_success_20260713_081300_633\pre_click.png,,"[414.0, 134.0, 139.0, 47.0]",414.000,134.000,139.000,47.000
file_f17f0597f4a960bf,asset_28434918920405bd,D:\Projects\adb_vl\vision_platform\ads\runtime_collection\click_success\click_success_20260713_080500_682\crops\bbox.png,vision_platform\ads\runtime_collection\click_success\click_success_20260713_080500_682\crops\bbox.png,ads,got,traceable_parent_bbox,,,D:\Projects\adb_vl\vision_platform\ads\runtime_collection\click_success\click_success_20260713_080500_682\pre_click.png,,"[414.0, 134.0, 139.0, 47.0]",414.000,134.000,139.000,47.000
file_fa231e96cc4ad879,asset_7fd813ce3578ef46,D:\Projects\adb_vl\vision_platform\ads\runtime_collection\click_success\click_success_20260713_080823_970\crops\bbox.png,vision_platform\ads\runtime_collection\click_success\click_success_20260713_080823_970\crops\bbox.png,ads,got,traceable_parent_bbox,,,D:\Projects\adb_vl\vision_platform\ads\runtime_collection\click_success\click_success_20260713_080823_970\pre_click.png,,"[414.0, 134.0, 139.0, 47.0]",414.000,134.000,139.000,47.000
file_11d37ff21c14074b,asset_cbed584f4a7a79fc,D:\Projects\adb_vl\vision_platform\ads\runtime_collection\click_success\click_success_20260713_095051_741\crops\bbox.png,vision_platform\ads\runtime_collection\click_success\click_success_20260713_095051_741\crops\bbox.png,ads,got,traceable_parent_bbox,,,D:\Projects\adb_vl\vision_platform\ads\runtime_collection\click_success\click_success_20260713_095051_741\pre_click.png,,"[414.0, 134.0, 139.0, 47.0]",414.000,134.000,139.000,47.000
file_8530abf2f6494c7a,asset_963baf19279319e4,D:\Projects\adb_vl\vision_platform\ads\runtime_collection\click_success\click_success_20260713_081523_978\crops\bbox.png,vision_platform\ads\runtime_collection\click_success\click_success_20260713_081523_978\crops\bbox.png,ads,got,traceable_parent_bbox,,,D:\Projects\adb_vl\vision_platform\ads\runtime_collection\click_success\click_success_20260713_081523_978\pre_click.png,,"[414.0, 134.0, 139.0, 47.0]",414.000,134.000,139.000,47.000
file_2099c897741bb7ac,asset_3f76ae4068c4ab21,D:\Projects\adb_vl\vision_platform\ads\runtime_collection\click_success\click_success_20260713_081934_414\crops\bbox.png,vision_platform\ads\runtime_collection\click_success\click_success_20260713_081934_414\crops\bbox.png,ads,got,traceable_parent_bbox,,,D:\Projects\adb_vl\vision_platform\ads\runtime_collection\click_success\click_success_20260713_081934_414\pre_click.png,,"[414.0, 134.0, 139.0, 47.0]",414.000,134.000,139.000,47.000
file_e3f93854a48c596e,asset_ebe1049d4839024b,D:\Projects\adb_vl\vision_platform\ads\runtime_collection\click_success\click_success_20260713_082100_584\crops\bbox.png,vision_platform\ads\runtime_collection\click_success\click_success_20260713_082100_584\crops\bbox.png,ads,got,traceable_parent_bbox,,,D:\Projects\adb_vl\vision_platform\ads\runtime_collection\click_success\click_success_20260713_082100_584\pre_click.png,,"[414.0, 134.0, 139.0, 47.0]",414.000,134.000,139.000,47.000
file_8d4e790d85b34365,asset_122938791c6b146a,D:\Projects\adb_vl\vision_platform\ads\runtime_collection\click_success\click_success_20260713_092333_686\crops\bbox.png,vision_platform\ads\runtime_collection\click_success\click_success_20260713_092333_686\crops\bbox.png,ads,got,traceable_parent_bbox,,,D:\Projects\adb_vl\vision_platform\ads\runtime_collection\click_success\click_success_20260713_092333_686\pre_click.png,,"[414.0, 134.0, 139.0, 47.0]",414.000,134.000,139.000,47.000
file_a13826c1f7dc3962,asset_a58eabf57128a6da,D:\Projects\adb_vl\vision_platform\ads\runtime_collection\click_success\click_success_20260713_085645_842\crops\bbox.png,vision_platform\ads\runtime_collection\click_success\click_success_20260713_085645_842\crops\bbox.png,ads,got,traceable_parent_bbox,,,D:\Projects\adb_vl\vision_platform\ads\runtime_collection\click_success\click_success_20260713_085645_842\pre_click.png,,"[414.0, 134.0, 139.0, 47.0]",414.000,134.000,139.000,47.000
file_a74329e46e350a11,asset_003f01a0aee6b9bc,D:\Projects\adb_vl\vision_platform\ads\runtime_collection\click_success\click_success_20260713_081621_578\crops\bbox.png,vision_platform\ads\runtime_collection\click_success\click_success_20260713_081621_578\crops\bbox.png,ads,got,traceable_parent_bbox,,,D:\Projects\adb_vl\vision_platform\ads\runtime_collection\click_success\click_success_20260713_081621_578\pre_click.png,,"[414.0, 134.0, 139.0, 47.0]",414.000,134.000,139.000,47.000
file_1d474dd251495027,asset_64468130aeae340f,D:\Projects\adb_vl\vision_platform\ads\runtime_collection\click_success\click_success_20260713_081719_192\crops\bbox.png,vision_platform\ads\runtime_collection\click_success\click_success_20260713_081719_192\crops\bbox.png,ads,got,traceable_parent_bbox,,,D:\Projects\adb_vl\vision_platform\ads\runtime_collection\click_success\click_success_20260713_081719_192\pre_click.png,,"[414.0, 134.0, 139.0, 47.0]",414.000,134.000,139.000,47.000
file_8c24b44569d0efa9,asset_ef8824e2b0e42aaf,D:\Projects\adb_vl\vision_platform\ads\runtime_collection\click_success\click_success_20260713_080907_353\crops\bbox.png,vision_platform\ads\runtime_collection\click_success\click_success_20260713_080907_353\crops\bbox.png,ads,got,traceable_parent_bbox,,,D:\Projects\adb_vl\vision_platform\ads\runtime_collection\click_success\click_success_20260713_080907_353\pre_click.png,,"[414.0, 134.0, 139.0, 47.0]",414.000,134.000,139.000,47.000
file_9036c20d93a62e90,asset_bac6666a761e1adc,D:\Projects\adb_vl\vision_platform\ads\runtime_collection\click_success\click_success_20260713_082129_269\crops\bbox.png,vision_platform\ads\runtime_collection\click_success\click_success_20260713_082129_269\crops\bbox.png,ads,got,traceable_parent_bbox,,,D:\Projects\adb_vl\vision_platform\ads\runtime_collection\click_success\click_success_20260713_082129_269\pre_click.png,,"[414.0, 134.0, 139.0, 47.0]",414.000,134.000,139.000,47.000
file_889c5f7849e9e56b,asset_3666987badf94225,D:\Projects\adb_vl\vision_platform\ads\runtime_collection\click_success\click_success_20260713_082003_150\crops\bbox.png,vision_platform\ads\runtime_collection\click_success\click_success_20260713_082003_150\crops\bbox.png,ads,got,traceable_parent_bbox,,,D:\Projects\adb_vl\vision_platform\ads\runtime_collection\click_success\click_success_20260713_082003_150\pre_click.png,,"[414.0, 134.0, 139.0, 47.0]",414.000,134.000,139.000,47.000
file_3fb8b5064903ca0c,asset_11db72d833ab9f3d,D:\Projects\adb_vl\vision_platform\ads\runtime_collection\click_success\click_success_20260713_081650_337\crops\bbox.png,vision_platform\ads\runtime_collection\click_success\click_success_20260713_081650_337\crops\bbox.png,ads,got,traceable_parent_bbox,,,D:\Projects\adb_vl\vision_platform\ads\runtime_collection\click_success\click_success_20260713_081650_337\pre_click.png,,"[414.0, 134.0, 139.0, 47.0]",414.000,134.000,139.000,47.000
file_096cbf9643228a54,asset_056a75a95fd0004a,D:\Projects\adb_vl\vision_platform\ads\runtime_collection\click_success\click_success_20260713_080308_161\crops\bbox.png,vision_platform\ads\runtime_collection\click_success\click_success_20260713_080308_161\crops\bbox.png,ads,got,traceable_parent_bbox,,,D:\Projects\adb_vl\vision_platform\ads\runtime_collection\click_success\click_success_20260713_080308_161\pre_click.png,,"[414.0, 134.0, 139.0, 47.0]",414.000,134.000,139.000,47.000
file_25f3ac1b552bd237,asset_d3a2423f432b3a89,D:\Projects\adb_vl\vision_platform\ads\runtime_collection\click_success\click_success_20260713_081029_964\crops\bbox.png,vision_platform\ads\runtime_collection\click_success\click_success_20260713_081029_964\crops\bbox.png,ads,got,traceable_parent_bbox,,,D:\Projects\adb_vl\vision_platform\ads\runtime_collection\click_success\click_success_20260713_081029_964\pre_click.png,,"[414.0, 134.0, 139.0, 47.0]",414.000,134.000,139.000,47.000
file_4b3f40d609b103c8,asset_3da5069be36e1858,D:\Projects\adb_vl\vision_platform\ads\runtime_collection\click_success\click_success_20260713_080405_663\crops\bbox.png,vision_platform\ads\runtime_collection\click_success\click_success_20260713_080405_663\crops\bbox.png,ads,got,traceable_parent_bbox,,,D:\Projects\adb_vl\vision_platform\ads\runtime_collection\click_success\click_success_20260713_080405_663\pre_click.png,,"[414.0, 134.0, 139.0, 47.0]",414.000,134.000,139.000,47.000
file_18b5612cf996a0e2,asset_e6692a08aff865cc,D:\Projects\adb_vl\vision_platform\ads\runtime_collection\click_success\click_success_20260713_081154_299\crops\bbox.png,vision_platform\ads\runtime_collection\click_success\click_success_20260713_081154_299\crops\bbox.png,ads,got,traceable_parent_bbox,,,D:\Projects\adb_vl\vision_platform\ads\runtime_collection\click_success\click_success_20260713_081154_299\pre_click.png,,"[414.0, 134.0, 139.0, 47.0]",414.000,134.000,139.000,47.000
file_a0e42b51ed07b933,asset_b4c1b399a527bf19,D:\Projects\adb_vl\vision_platform\ads\runtime_collection\click_success\click_success_20260713_092304_232\crops\bbox.png,vision_platform\ads\runtime_collection\click_success\click_success_20260713_092304_232\crops\bbox.png,ads,got,traceable_parent_bbox,,,D:\Projects\adb_vl\vision_platform\ads\runtime_collection\click_success\click_success_20260713_092304_232\pre_click.png,,"[414.0, 134.0, 139.0, 47.0]",414.000,134.000,139.000,47.000
file_15d57ab21d089397,asset_737da74c398dd713,D:\Projects\adb_vl\vision_platform\ads\runtime_collection\click_success\click_success_20260713_081552_811\crops\bbox.png,vision_platform\ads\runtime_collection\click_success\click_success_20260713_081552_811\crops\bbox.png,ads,got,traceable_parent_bbox,,,D:\Projects\adb_vl\vision_platform\ads\runtime_collection\click_success\click_success_20260713_081552_811\pre_click.png,,"[414.0, 134.0, 139.0, 47.0]",414.000,134.000,139.000,47.000
file_7ba37ba4e13e658e,asset_649ddbb0bb1f8942,D:\Projects\adb_vl\vision_platform\ads\runtime_collection\click_success\click_success_20260713_082031_822\crops\bbox.png,vision_platform\ads\runtime_collection\click_success\click_success_20260713_082031_822\crops\bbox.png,ads,got,traceable_parent_bbox,,,D:\Projects\adb_vl\vision_platform\ads\runtime_collection\click_success\click_success_20260713_082031_822\pre_click.png,,"[414.0, 134.0, 139.0, 47.0]",414.000,134.000,139.000,47.000
file_f9a4d13ef3124789,asset_97db52526fea1d31,D:\Projects\adb_vl\vision_platform\ads\runtime_collection\click_success\click_success_20260713_094928_844\crops\bbox.png,vision_platform\ads\runtime_collection\click_success\click_success_20260713_094928_844\crops\bbox.png,ads,got,traceable_parent_bbox,,,D:\Projects\adb_vl\vision_platform\ads\runtime_collection\click_success\click_success_20260713_094928_844\pre_click.png,,"[414.0, 134.0, 139.0, 47.0]",414.000,134.000,139.000,47.000
file_396637fffb08b166,asset_6464ee682b6e9539,D:\Projects\adb_vl\vision_platform\ads\runtime_collection\click_success\click_success_20260713_102018_720\crops\bbox.png,vision_platform\ads\runtime_collection\click_success\click_success_20260713_102018_720\crops\bbox.png,ads,got,traceable_parent_bbox,,,D:\Projects\adb_vl\vision_platform\ads\runtime_collection\click_success\click_success_20260713_102018_720\pre_click.png,,"[414.0, 134.0, 139.0, 47.0]",414.000,134.000,139.000,47.000
file_5aae88bba4e0d939,asset_5c41eb2044704344,D:\Projects\adb_vl\vision_platform\ads\runtime_collection\click_success\click_success_20260713_085616_610\crops\bbox.png,vision_platform\ads\runtime_collection\click_success\click_success_20260713_085616_610\crops\bbox.png,ads,got,traceable_parent_bbox,,,D:\Projects\adb_vl\vision_platform\ads\runtime_collection\click_success\click_success_20260713_085616_610\pre_click.png,,"[414.0, 134.0, 139.0, 47.0]",414.000,134.000,139.000,47.000
file_4779a278b028aa94,asset_93e8a1c52eeed49d,D:\Projects\adb_vl\vision_platform\ads\runtime_collection\click_success\click_success_20260713_100253_288\crops\bbox.png,vision_platform\ads\runtime_collection\click_success\click_success_20260713_100253_288\crops\bbox.png,ads,got,traceable_parent_bbox,,,D:\Projects\adb_vl\vision_platform\ads\runtime_collection\click_success\click_success_20260713_100253_288\pre_click.png,,"[414.0, 134.0, 139.0, 47.0]",414.000,134.000,139.000,47.000
file_0e55e2d594079fed,asset_56d393572f6f818f,D:\Projects\adb_vl\vision_platform\ads\runtime_collection\click_success\click_success_20260713_103240_006\crops\bbox.png,vision_platform\ads\runtime_collection\click_success\click_success_20260713_103240_006\crops\bbox.png,ads,got,traceable_parent_bbox,,,D:\Projects\adb_vl\vision_platform\ads\runtime_collection\click_success\click_success_20260713_103240_006\pre_click.png,,"[414.0, 134.0, 139.0, 47.0]",414.000,134.000,139.000,47.000
file_dd15bfd220012da9,asset_5d8ca4120212a47b,D:\Projects\adb_vl\vision_platform\ads\runtime_collection\click_success\click_success_20260713_103609_541\crops\bbox.png,vision_platform\ads\runtime_collection\click_success\click_success_20260713_103609_541\crops\bbox.png,ads,got,traceable_parent_bbox,,,D:\Projects\adb_vl\vision_platform\ads\runtime_collection\click_success\click_success_20260713_103609_541\pre_click.png,,"[414.0, 134.0, 139.0, 47.0]",414.000,134.000,139.000,47.000
file_d86e984d901f001c,asset_054e2d14776c7eaa,D:\Projects\adb_vl\vision_platform\ads\runtime_collection\click_success\click_success_20260713_092841_138\crops\bbox.png,vision_platform\ads\runtime_collection\click_success\click_success_20260713_092841_138\crops\bbox.png,ads,got,traceable_parent_bbox,,,D:\Projects\adb_vl\vision_platform\ads\runtime_collection\click_success\click_success_20260713_092841_138\pre_click.png,,"[414.0, 134.0, 139.0, 47.0]",414.000,134.000,139.000,47.000
file_0d067cdbf10452a5,asset_dea8ae9d91e5e666,D:\Projects\adb_vl\vision_platform\ads\runtime_collection\click_success\click_success_20260713_090213_965\crops\bbox.png,vision_platform\ads\runtime_collection\click_success\click_success_20260713_090213_965\crops\bbox.png,ads,got,traceable_parent_bbox,,,D:\Projects\adb_vl\vision_platform\ads\runtime_collection\click_success\click_success_20260713_090213_965\pre_click.png,,"[414.0, 134.0, 139.0, 47.0]",414.000,134.000,139.000,47.000
file_f9f17c7bbbe70566,asset_28ce3027c4b3f3b5,D:\Projects\adb_vl\vision_platform\ads\runtime_collection\click_success\click_success_20260713_090409_815\crops\bbox.png,vision_platform\ads\runtime_collection\click_success\click_success_20260713_090409_815\crops\bbox.png,ads,got,traceable_parent_bbox,,,D:\Projects\adb_vl\vision_platform\ads\runtime_collection\click_success\click_success_20260713_090409_815\pre_click.png,,"[414.0, 134.0, 139.0, 47.0]",414.000,134.000,139.000,47.000
file_a2e7dd396ff48987,asset_f6644fda6fd59f54,D:\Projects\adb_vl\vision_platform\ads\runtime_collection\click_success\click_success_20260713_093038_210\crops\bbox.png,vision_platform\ads\runtime_collection\click_success\click_success_20260713_093038_210\crops\bbox.png,ads,got,traceable_parent_bbox,,,D:\Projects\adb_vl\vision_platform\ads\runtime_collection\click_success\click_success_20260713_093038_210\pre_click.png,,"[414.0, 134.0, 139.0, 47.0]",414.000,134.000,139.000,47.000
file_5127788b0383ad92,asset_ab19bac3e1d1fc80,D:\Projects\adb_vl\vision_platform\ads\runtime_collection\click_success\click_success_20260713_092910_536\crops\bbox.png,vision_platform\ads\runtime_collection\click_success\click_success_20260713_092910_536\crops\bbox.png,ads,got,traceable_parent_bbox,,,D:\Projects\adb_vl\vision_platform\ads\runtime_collection\click_success\click_success_20260713_092910_536\pre_click.png,,"[414.0, 134.0, 139.0, 47.0]",414.000,134.000,139.000,47.000
file_c4b10a260a8dd4ba,asset_ec0f3962ae857614,D:\Projects\adb_vl\vision_platform\ads\runtime_collection\click_success\click_success_20260713_100337_863\crops\bbox.png,vision_platform\ads\runtime_collection\click_success\click_success_20260713_100337_863\crops\bbox.png,ads,got,traceable_parent_bbox,,,D:\Projects\adb_vl\vision_platform\ads\runtime_collection\click_success\click_success_20260713_100337_863\pre_click.png,,"[414.0, 134.0, 139.0, 47.0]",414.000,134.000,139.000,47.000
file_e48611eca572140a,asset_2a225f2e94246f95,D:\Projects\adb_vl\vision_platform\ads\runtime_collection\click_success\click_success_20260713_090242_795\crops\bbox.png,vision_platform\ads\runtime_collection\click_success\click_success_20260713_090242_795\crops\bbox.png,ads,got,traceable_parent_bbox,,,D:\Projects\adb_vl\vision_platform\ads\runtime_collection\click_success\click_success_20260713_090242_795\pre_click.png,,"[414.0, 134.0, 139.0, 47.0]",414.000,134.000,139.000,47.000
file_a6dbca664e932053,asset_fe9d31d6ed9b602d,D:\Projects\adb_vl\vision_platform\ads\runtime_collection\click_success\click_success_20260713_100202_021\crops\bbox.png,vision_platform\ads\runtime_collection\click_success\click_success_20260713_100202_021\crops\bbox.png,ads,got,traceable_parent_bbox,,,D:\Projects\adb_vl\vision_platform\ads\runtime_collection\click_success\click_success_20260713_100202_021\pre_click.png,,"[414.0, 134.0, 139.0, 47.0]",414.000,134.000,139.000,47.000
file_ce79f73ed3186b0d,asset_49afee44f4eb1fa6,D:\Projects\adb_vl\vision_platform\ads\runtime_collection\click_success\click_success_20260713_090340_942\crops\bbox.png,vision_platform\ads\runtime_collection\click_success\click_success_20260713_090340_942\crops\bbox.png,ads,got,traceable_parent_bbox,,,D:\Projects\adb_vl\vision_platform\ads\runtime_collection\click_success\click_success_20260713_090340_942\pre_click.png,,"[414.0, 134.0, 139.0, 47.0]",414.000,134.000,139.000,47.000
file_22c6d5ea5f4ac98b,asset_13567d4eacd981a8,D:\Projects\adb_vl\vision_platform\ads\runtime_collection\click_success\click_success_20260713_085925_098\crops\bbox.png,vision_platform\ads\runtime_collection\click_success\click_success_20260713_085925_098\crops\bbox.png,ads,x_mark,traceable_parent_bbox,,,D:\Projects\adb_vl\vision_platform\ads\runtime_collection\click_success\click_success_20260713_085925_098\pre_click.png,,"[877.0, 20.0, 75.0, 33.0]",877.000,20.000,75.000,33.000
file_819590d43e808e84,asset_de74d2f098c11963,D:\Projects\adb_vl\vision_platform\ads\runtime_collection\click_success\click_success_20260713_080848_828\crops\bbox.png,vision_platform\ads\runtime_collection\click_success\click_success_20260713_080848_828\crops\bbox.png,ads,arrow,traceable_parent_bbox,,,D:\Projects\adb_vl\vision_platform\ads\runtime_collection\click_success\click_success_20260713_080848_828\pre_click.png,,"[30.0, 29.0, 74.0, 23.0]",30.000,29.000,74.000,23.000
file_e220e13fef12d437,asset_7b686d6471fd540c,D:\Projects\adb_vl\vision_platform\ads\runtime_collection\click_success\click_success_20260713_100319_204\crops\bbox.png,vision_platform\ads\runtime_collection\click_success\click_success_20260713_100319_204\crops\bbox.png,ads,arrow,traceable_parent_bbox,,,D:\Projects\adb_vl\vision_platform\ads\runtime_collection\click_success\click_success_20260713_100319_204\pre_click.png,,"[30.0, 29.0, 74.0, 23.0]",30.000,29.000,74.000,23.000
file_abe392545a8d5177,asset_55fbb5e834c0e298,D:\Projects\adb_vl\vision_platform\ads\runtime_collection\click_success\click_success_20260713_100156_787\crops\bbox.png,vision_platform\ads\runtime_collection\click_success\click_success_20260713_100156_787\crops\bbox.png,ads,x_mark,traceable_parent_bbox,,,D:\Projects\adb_vl\vision_platform\ads\runtime_collection\click_success\click_success_20260713_100156_787\pre_click.png,,"[911.0, 25.0, 40.0, 33.0]",911.000,25.000,40.000,33.000
file_20bbead1e685ba75,asset_1ff75886bdde89cb,D:\Projects\adb_vl\vision_platform\ads\runtime_collection\click_success\click_success_20260713_132517_247\crops\bbox.png,vision_platform\ads\runtime_collection\click_success\click_success_20260713_132517_247\crops\bbox.png,ads,got,traceable_parent_bbox,,,D:\Projects\adb_vl\vision_platform\ads\runtime_collection\click_success\click_success_20260713_132517_247\pre_click.png,,"[414.0, 134.0, 139.0, 47.0]",414.000,134.000,139.000,47.000
file_4efc8ba784626b00,asset_673e1ce09b1c7183,D:\Projects\adb_vl\vision_platform\ads\runtime_collection\click_success\click_success_20260713_102831_533\crops\bbox.png,vision_platform\ads\runtime_collection\click_success\click_success_20260713_102831_533\crops\bbox.png,ads,got,traceable_parent_bbox,,,D:\Projects\adb_vl\vision_platform\ads\runtime_collection\click_success\click_success_20260713_102831_533\pre_click.png,,"[414.0, 134.0, 139.0, 47.0]",414.000,134.000,139.000,47.000
file_5bfda3c051041ad2,asset_a91cc48870a330e4,D:\Projects\adb_vl\vision_platform\ads\runtime_collection\click_success\click_success_20260713_085930_193\crops\bbox.png,vision_platform\ads\runtime_collection\click_success\click_success_20260713_085930_193\crops\bbox.png,ads,got,traceable_parent_bbox,,,D:\Projects\adb_vl\vision_platform\ads\runtime_collection\click_success\click_success_20260713_085930_193\pre_click.png,,"[414.0, 134.0, 139.0, 47.0]",414.000,134.000,139.000,47.000
file_8162960727650f5f,asset_6555ba34f68fbad7,D:\Projects\adb_vl\vision_platform\ads\runtime_collection\click_success\click_success_20260713_092623_009\crops\bbox.png,vision_platform\ads\runtime_collection\click_success\click_success_20260713_092623_009\crops\bbox.png,ads,got,traceable_parent_bbox,,,D:\Projects\adb_vl\vision_platform\ads\runtime_collection\click_success\click_success_20260713_092623_009\pre_click.png,,"[414.0, 134.0, 139.0, 47.0]",414.000,134.000,139.000,47.000
file_1c570333b2533d97,asset_1d446d38215dd71a,D:\Projects\adb_vl\vision_platform\ads\runtime_collection\click_success\click_success_20260713_095959_600\crops\bbox.png,vision_platform\ads\runtime_collection\click_success\click_success_20260713_095959_600\crops\bbox.png,ads,got,traceable_parent_bbox,,,D:\Projects\adb_vl\vision_platform\ads\runtime_collection\click_success\click_success_20260713_095959_600\pre_click.png,,"[414.0, 134.0, 139.0, 47.0]",414.000,134.000,139.000,47.000
file_5bb144b3ebce64b2,asset_88b020cf71cd95fe,D:\Projects\adb_vl\vision_platform\ads\runtime_collection\click_success\click_success_20260713_102950_486\crops\bbox.png,vision_platform\ads\runtime_collection\click_success\click_success_20260713_102950_486\crops\bbox.png,ads,got,traceable_parent_bbox,,,D:\Projects\adb_vl\vision_platform\ads\runtime_collection\click_success\click_success_20260713_102950_486\pre_click.png,,"[414.0, 134.0, 139.0, 47.0]",414.000,134.000,139.000,47.000
file_e3d10cbaef88c1de,asset_5d48d448576b133c,D:\Projects\adb_vl\vision_platform\ads\runtime_collection\click_success\click_success_20260713_092651_933\crops\bbox.png,vision_platform\ads\runtime_collection\click_success\click_success_20260713_092651_933\crops\bbox.png,ads,got,traceable_parent_bbox,,,D:\Projects\adb_vl\vision_platform\ads\runtime_collection\click_success\click_success_20260713_092651_933\pre_click.png,,"[414.0, 134.0, 139.0, 47.0]",414.000,134.000,139.000,47.000
file_ac40e0b46fb02e4d,asset_8563daf0cc5f8eee,D:\Projects\adb_vl\vision_platform\ads\runtime_collection\click_success\click_success_20260713_090002_331\crops\bbox.png,vision_platform\ads\runtime_collection\click_success\click_success_20260713_090002_331\crops\bbox.png,ads,got,traceable_parent_bbox,,,D:\Projects\adb_vl\vision_platform\ads\runtime_collection\click_success\click_success_20260713_090002_331\pre_click.png,,"[414.0, 134.0, 139.0, 47.0]",414.000,134.000,139.000,47.000
file_f23916b7cd727fea,asset_53debd4fe80fc84a,D:\Projects\adb_vl\vision_platform\ads\runtime_collection\click_success\click_success_20260713_095859_772\crops\bbox.png,vision_platform\ads\runtime_collection\click_success\click_success_20260713_095859_772\crops\bbox.png,ads,got,traceable_parent_bbox,,,D:\Projects\adb_vl\vision_platform\ads\runtime_collection\click_success\click_success_20260713_095859_772\pre_click.png,,"[414.0, 134.0, 139.0, 47.0]",414.000,134.000,139.000,47.000
file_2a9c4cbc79d3cdd4,asset_dfe2e766e76863a7,D:\Projects\adb_vl\vision_platform\ads\runtime_collection\click_success\click_success_20260713_081714_190\crops\bbox.png,vision_platform\ads\runtime_collection\click_success\click_success_20260713_081714_190\crops\bbox.png,ads,x_mark,traceable_parent_bbox,,,D:\Projects\adb_vl\vision_platform\ads\runtime_collection\click_success\click_success_20260713_081714_190\pre_click.png,,"[877.0, 20.0, 75.0, 33.0]",877.000,20.000,75.000,33.000
file_05def3d81c771cda,asset_dfe2e766e76863a7,D:\Projects\adb_vl\vision_platform\ads\runtime_collection\click_success\click_success_20260713_081958_183\crops\bbox.png,vision_platform\ads\runtime_collection\click_success\click_success_20260713_081958_183\crops\bbox.png,ads,x_mark,traceable_parent_bbox,,,D:\Projects\adb_vl\vision_platform\ads\runtime_collection\click_success\click_success_20260713_081958_183\pre_click.png,,"[877.0, 20.0, 75.0, 33.0]",877.000,20.000,75.000,33.000
file_f5a827ce6ecfcbc9,asset_dfe2e766e76863a7,D:\Projects\adb_vl\vision_platform\ads\runtime_collection\click_success\click_success_20260713_085710_406\crops\bbox.png,vision_platform\ads\runtime_collection\click_success\click_success_20260713_085710_406\crops\bbox.png,ads,x_mark,traceable_parent_bbox,,,D:\Projects\adb_vl\vision_platform\ads\runtime_collection\click_success\click_success_20260713_085710_406\pre_click.png,,"[877.0, 20.0, 75.0, 33.0]",877.000,20.000,75.000,33.000
file_32bf64afd9c4411a,asset_dfe2e766e76863a7,D:\Projects\adb_vl\vision_platform\ads\runtime_collection\click_success\click_success_20260713_092835_996\crops\bbox.png,vision_platform\ads\runtime_collection\click_success\click_success_20260713_092835_996\crops\bbox.png,ads,x_mark,traceable_parent_bbox,,,D:\Projects\adb_vl\vision_platform\ads\runtime_collection\click_success\click_success_20260713_092835_996\pre_click.png,,"[877.0, 20.0, 75.0, 33.0]",877.000,20.000,75.000,33.000
file_a574b3c911c67677,asset_0ca047e6691654c6,D:\Projects\adb_vl\vision_platform\ads\runtime_collection\click_success\click_success_20260713_132432_330\crops\bbox.png,vision_platform\ads\runtime_collection\click_success\click_success_20260713_132432_330\crops\bbox.png,ads,free,traceable_parent_bbox,,,D:\Projects\adb_vl\vision_platform\ads\runtime_collection\click_success\click_success_20260713_132432_330\pre_click.png,,"[391.0, 285.0, 34.0, 19.0]",391.000,285.000,34.000,19.000
file_1d5070a87234423c,asset_fac9e420afb5975f,D:\Projects\adb_vl\vision_platform\ads\runtime_collection\click_success\click_success_20260713_132525_866\crops\bbox.png,vision_platform\ads\runtime_collection\click_success\click_success_20260713_132525_866\crops\bbox.png,ads,free,traceable_parent_bbox,,,D:\Projects\adb_vl\vision_platform\ads\runtime_collection\click_success\click_success_20260713_132525_866\pre_click.png,,"[391.0, 285.0, 34.0, 19.0]",391.000,285.000,34.000,19.000
file_fb098839f9644186,asset_fac9e420afb5975f,D:\Projects\adb_vl\vision_platform\ads\runtime_collection\click_success\click_success_20260713_135045_291\crops\bbox.png,vision_platform\ads\runtime_collection\click_success\click_success_20260713_135045_291\crops\bbox.png,ads,free,traceable_parent_bbox,,,D:\Projects\adb_vl\vision_platform\ads\runtime_collection\click_success\click_success_20260713_135045_291\pre_click.png,,"[391.0, 285.0, 34.0, 19.0]",391.000,285.000,34.000,19.000
file_bfec20153c26acc4,asset_fac9e420afb5975f,D:\Projects\adb_vl\vision_platform\ads\runtime_collection\click_success\click_success_20260713_135115_758\crops\bbox.png,vision_platform\ads\runtime_collection\click_success\click_success_20260713_135115_758\crops\bbox.png,ads,free,traceable_parent_bbox,,,D:\Projects\adb_vl\vision_platform\ads\runtime_collection\click_success\click_success_20260713_135115_758\pre_click.png,,"[391.0, 285.0, 34.0, 19.0]",391.000,285.000,34.000,19.000
file_c24e99671a1ad255,asset_fac9e420afb5975f,D:\Projects\adb_vl\vision_platform\ads\runtime_collection\click_success\click_success_20260713_135145_455\crops\bbox.png,vision_platform\ads\runtime_collection\click_success\click_success_20260713_135145_455\crops\bbox.png,ads,free,traceable_parent_bbox,,,D:\Projects\adb_vl\vision_platform\ads\runtime_collection\click_success\click_success_20260713_135145_455\pre_click.png,,"[391.0, 285.0, 34.0, 19.0]",391.000,285.000,34.000,19.000
file_0eaa4839c84ae728,asset_fac9e420afb5975f,D:\Projects\adb_vl\vision_platform\ads\runtime_collection\click_success\click_success_20260713_135819_740\crops\bbox.png,vision_platform\ads\runtime_collection\click_success\click_success_20260713_135819_740\crops\bbox.png,ads,free,traceable_parent_bbox,,,D:\Projects\adb_vl\vision_platform\ads\runtime_collection\click_success\click_success_20260713_135819_740\pre_click.png,,"[391.0, 285.0, 34.0, 19.0]",391.000,285.000,34.000,19.000
file_d8447af34fcfeb43,asset_fac9e420afb5975f,D:\Projects\adb_vl\vision_platform\ads\runtime_collection\click_success\click_success_20260713_135849_493\crops\bbox.png,vision_platform\ads\runtime_collection\click_success\click_success_20260713_135849_493\crops\bbox.png,ads,free,traceable_parent_bbox,,,D:\Projects\adb_vl\vision_platform\ads\runtime_collection\click_success\click_success_20260713_135849_493\pre_click.png,,"[391.0, 285.0, 34.0, 19.0]",391.000,285.000,34.000,19.000
file_60b5def19a7c9a71,asset_fac9e420afb5975f,D:\Projects\adb_vl\vision_platform\ads\runtime_collection\click_success\click_success_20260713_162932_645\crops\bbox.png,vision_platform\ads\runtime_collection\click_success\click_success_20260713_162932_645\crops\bbox.png,ads,free,traceable_parent_bbox,,,D:\Projects\adb_vl\vision_platform\ads\runtime_collection\click_success\click_success_20260713_162932_645\pre_click.png,,"[391.0, 285.0, 34.0, 19.0]",391.000,285.000,34.000,19.000
file_704278aafd9cec6b,asset_fac9e420afb5975f,D:\Projects\adb_vl\vision_platform\ads\runtime_collection\click_success\click_success_20260713_163100_630\crops\bbox.png,vision_platform\ads\runtime_collection\click_success\click_success_20260713_163100_630\crops\bbox.png,ads,free,traceable_parent_bbox,,,D:\Projects\adb_vl\vision_platform\ads\runtime_collection\click_success\click_success_20260713_163100_630\pre_click.png,,"[391.0, 285.0, 34.0, 19.0]",391.000,285.000,34.000,19.000
file_7898c2909207f993,asset_01a630b36d6a62c1,D:\Projects\adb_vl\vision_platform\ads\runtime_collection\click_success\click_success_20260713_095511_360\crops\bbox.png,vision_platform\ads\runtime_collection\click_success\click_success_20260713_095511_360\crops\bbox.png,ads,free,traceable_parent_bbox,,,D:\Projects\adb_vl\vision_platform\ads\runtime_collection\click_success\click_success_20260713_095511_360\pre_click.png,,"[738.0, 352.0, 38.0, 24.0]",738.000,352.000,38.000,24.000
file_034039de9157fe6e,asset_49c3633bf8d96c23,D:\Projects\adb_vl\vision_platform\ads\runtime_collection\click_success\click_success_20260713_102525_452\crops\bbox.png,vision_platform\ads\runtime_collection\click_success\click_success_20260713_102525_452\crops\bbox.png,ads,free,traceable_parent_bbox,,,D:\Projects\adb_vl\vision_platform\ads\runtime_collection\click_success\click_success_20260713_102525_452\pre_click.png,,"[738.0, 352.0, 38.0, 24.0]",738.000,352.000,38.000,24.000
file_11a448cc2c021c50,asset_cd28afeb00146427,D:\Projects\adb_vl\vision_platform\ads\runtime_collection\click_success\click_success_20260713_085751_923\crops\bbox.png,vision_platform\ads\runtime_collection\click_success\click_success_20260713_085751_923\crops\bbox.png,ads,free,traceable_parent_bbox,,,D:\Projects\adb_vl\vision_platform\ads\runtime_collection\click_success\click_success_20260713_085751_923\pre_click.png,,"[738.0, 352.0, 38.0, 24.0]",738.000,352.000,38.000,24.000
file_25576e1587bb3d2c,asset_cd28afeb00146427,D:\Projects\adb_vl\vision_platform\ads\runtime_collection\click_success\click_success_20260713_085821_544\crops\bbox.png,vision_platform\ads\runtime_collection\click_success\click_success_20260713_085821_544\crops\bbox.png,ads,free,traceable_parent_bbox,,,D:\Projects\adb_vl\vision_platform\ads\runtime_collection\click_success\click_success_20260713_085821_544\pre_click.png,,"[738.0, 352.0, 38.0, 24.0]",738.000,352.000,38.000,24.000
file_ab90d0a0298a6948,asset_cd28afeb00146427,D:\Projects\adb_vl\vision_platform\ads\runtime_collection\click_success\click_success_20260713_092440_855\crops\bbox.png,vision_platform\ads\runtime_collection\click_success\click_success_20260713_092440_855\crops\bbox.png,ads,free,traceable_parent_bbox,,,D:\Projects\adb_vl\vision_platform\ads\runtime_collection\click_success\click_success_20260713_092440_855\pre_click.png,,"[738.0, 352.0, 38.0, 24.0]",738.000,352.000,38.000,24.000
file_42bf27b449a4c57a,asset_cd28afeb00146427,D:\Projects\adb_vl\vision_platform\ads\runtime_collection\click_success\click_success_20260713_092511_425\crops\bbox.png,vision_platform\ads\runtime_collection\click_success\click_success_20260713_092511_425\crops\bbox.png,ads,free,traceable_parent_bbox,,,D:\Projects\adb_vl\vision_platform\ads\runtime_collection\click_success\click_success_20260713_092511_425\pre_click.png,,"[738.0, 352.0, 38.0, 24.0]",738.000,352.000,38.000,24.000
file_dc8d7a91ae6c1b7a,asset_2055f74f2afad9a7,D:\Projects\adb_vl\vision_platform\ads\runtime_collection\click_success\click_success_20260713_095349_700\crops\bbox.png,vision_platform\ads\runtime_collection\click_success\click_success_20260713_095349_700\crops\bbox.png,ads,free,traceable_parent_bbox,,,D:\Projects\adb_vl\vision_platform\ads\runtime_collection\click_success\click_success_20260713_095349_700\pre_click.png,,"[738.0, 352.0, 38.0, 24.0]",738.000,352.000,38.000,24.000
file_29945fa12019fd30,asset_0f62c98e529b3d06,D:\Projects\adb_vl\vision_platform\ads\runtime_collection\click_success\click_success_20260713_085722_178\crops\bbox.png,vision_platform\ads\runtime_collection\click_success\click_success_20260713_085722_178\crops\bbox.png,ads,free,traceable_parent_bbox,,,D:\Projects\adb_vl\vision_platform\ads\runtime_collection\click_success\click_success_20260713_085722_178\pre_click.png,,"[599.0, 352.0, 38.0, 24.0]",599.000,352.000,38.000,24.000
file_5037ba8f8428854c,asset_0f62c98e529b3d06,D:\Projects\adb_vl\vision_platform\ads\runtime_collection\click_success\click_success_20260713_092410_770\crops\bbox.png,vision_platform\ads\runtime_collection\click_success\click_success_20260713_092410_770\crops\bbox.png,ads,free,traceable_parent_bbox,,,D:\Projects\adb_vl\vision_platform\ads\runtime_collection\click_success\click_success_20260713_092410_770\pre_click.png,,"[599.0, 352.0, 38.0, 24.0]",599.000,352.000,38.000,24.000
file_b0c70fd401f60b33,asset_0f62c98e529b3d06,D:\Projects\adb_vl\vision_platform\ads\runtime_collection\click_success\click_success_20260713_095225_035\crops\bbox.png,vision_platform\ads\runtime_collection\click_success\click_success_20260713_095225_035\crops\bbox.png,ads,free,traceable_parent_bbox,,,D:\Projects\adb_vl\vision_platform\ads\runtime_collection\click_success\click_success_20260713_095225_035\pre_click.png,,"[599.0, 352.0, 38.0, 24.0]",599.000,352.000,38.000,24.000
file_885c0ed210a32954,asset_0f62c98e529b3d06,D:\Projects\adb_vl\vision_platform\ads\runtime_collection\click_success\click_success_20260713_102315_017\crops\bbox.png,vision_platform\ads\runtime_collection\click_success\click_success_20260713_102315_017\crops\bbox.png,ads,free,traceable_parent_bbox,,,D:\Projects\adb_vl\vision_platform\ads\runtime_collection\click_success\click_success_20260713_102315_017\pre_click.png,,"[599.0, 352.0, 38.0, 24.0]",599.000,352.000,38.000,24.000
file_e399230a20703d71,asset_14a81fb73235b2ae,D:\Projects\adb_vl\vision_platform\ads\runtime_collection\click_success\click_success_20260713_102027_859\crops\bbox.png,vision_platform\ads\runtime_collection\click_success\click_success_20260713_102027_859\crops\bbox.png,ads,free,traceable_parent_bbox,,,D:\Projects\adb_vl\vision_platform\ads\runtime_collection\click_success\click_success_20260713_102027_859\pre_click.png,,"[878.0, 354.0, 34.0, 19.0]",878.000,354.000,34.000,19.000
file_2d32d81af259db34,asset_83b91869426baa8c,D:\Projects\adb_vl\vision_platform\ads\runtime_collection\click_success\click_success_20260713_085553_483\crops\bbox.png,vision_platform\ads\runtime_collection\click_success\click_success_20260713_085553_483\crops\bbox.png,ads,free,traceable_parent_bbox,,,D:\Projects\adb_vl\vision_platform\ads\runtime_collection\click_success\click_success_20260713_085553_483\pre_click.png,,"[878.0, 354.0, 34.0, 19.0]",878.000,354.000,34.000,19.000
file_e2bd959159fec617,asset_83b91869426baa8c,D:\Projects\adb_vl\vision_platform\ads\runtime_collection\click_success\click_success_20260713_085623_123\crops\bbox.png,vision_platform\ads\runtime_collection\click_success\click_success_20260713_085623_123\crops\bbox.png,ads,free,traceable_parent_bbox,,,D:\Projects\adb_vl\vision_platform\ads\runtime_collection\click_success\click_success_20260713_085623_123\pre_click.png,,"[878.0, 354.0, 34.0, 19.0]",878.000,354.000,34.000,19.000
file_a6dcd08b6131a096,asset_83b91869426baa8c,D:\Projects\adb_vl\vision_platform\ads\runtime_collection\click_success\click_success_20260713_092236_610\crops\bbox.png,vision_platform\ads\runtime_collection\click_success\click_success_20260713_092236_610\crops\bbox.png,ads,free,traceable_parent_bbox,,,D:\Projects\adb_vl\vision_platform\ads\runtime_collection\click_success\click_success_20260713_092236_610\pre_click.png,,"[878.0, 354.0, 34.0, 19.0]",878.000,354.000,34.000,19.000
file_acd7a48387f3eb34,asset_83b91869426baa8c,D:\Projects\adb_vl\vision_platform\ads\runtime_collection\click_success\click_success_20260713_092310_697\crops\bbox.png,vision_platform\ads\runtime_collection\click_success\click_success_20260713_092310_697\crops\bbox.png,ads,free,traceable_parent_bbox,,,D:\Projects\adb_vl\vision_platform\ads\runtime_collection\click_success\click_success_20260713_092310_697\pre_click.png,,"[878.0, 354.0, 34.0, 19.0]",878.000,354.000,34.000,19.000
file_ee09c70dd73a299b,asset_83b91869426baa8c,D:\Projects\adb_vl\vision_platform\ads\runtime_collection\click_success\click_success_20260713_094810_782\crops\bbox.png,vision_platform\ads\runtime_collection\click_success\click_success_20260713_094810_782\crops\bbox.png,ads,free,traceable_parent_bbox,,,D:\Projects\adb_vl\vision_platform\ads\runtime_collection\click_success\click_success_20260713_094810_782\pre_click.png,,"[878.0, 354.0, 34.0, 19.0]",878.000,354.000,34.000,19.000
file_51ff00bc3d7603bf,asset_83b91869426baa8c,D:\Projects\adb_vl\vision_platform\ads\runtime_collection\click_success\click_success_20260713_101942_470\crops\bbox.png,vision_platform\ads\runtime_collection\click_success\click_success_20260713_101942_470\crops\bbox.png,ads,free,traceable_parent_bbox,,,D:\Projects\adb_vl\vision_platform\ads\runtime_collection\click_success\click_success_20260713_101942_470\pre_click.png,,"[878.0, 354.0, 34.0, 19.0]",878.000,354.000,34.000,19.000
file_6950c99c8d27fc0f,asset_b24e578fa8ac8e25,D:\Projects\adb_vl\vision_platform\ads\runtime_collection\click_success\click_success_20260713_102437_108\crops\bbox.png,vision_platform\ads\runtime_collection\click_success\click_success_20260713_102437_108\crops\bbox.png,ads,free,traceable_parent_bbox,,,D:\Projects\adb_vl\vision_platform\ads\runtime_collection\click_success\click_success_20260713_102437_108\pre_click.png,,"[738.0, 352.0, 38.0, 24.0]",738.000,352.000,38.000,24.000
file_6c2513b39535128b,asset_f969550042dd8a5c,D:\Projects\adb_vl\vision_platform\ads\runtime_collection\click_success\click_success_20260713_085652_323\crops\bbox.png,vision_platform\ads\runtime_collection\click_success\click_success_20260713_085652_323\crops\bbox.png,ads,free,traceable_parent_bbox,,,D:\Projects\adb_vl\vision_platform\ads\runtime_collection\click_success\click_success_20260713_085652_323\pre_click.png,,"[462.0, 354.0, 34.0, 19.0]",462.000,354.000,34.000,19.000
file_299fc7f5bf0cc61f,asset_f969550042dd8a5c,D:\Projects\adb_vl\vision_platform\ads\runtime_collection\click_success\click_success_20260713_092340_435\crops\bbox.png,vision_platform\ads\runtime_collection\click_success\click_success_20260713_092340_435\crops\bbox.png,ads,free,traceable_parent_bbox,,,D:\Projects\adb_vl\vision_platform\ads\runtime_collection\click_success\click_success_20260713_092340_435\pre_click.png,,"[462.0, 354.0, 34.0, 19.0]",462.000,354.000,34.000,19.000
file_58f0089e63510c13,asset_f969550042dd8a5c,D:\Projects\adb_vl\vision_platform\ads\runtime_collection\click_success\click_success_20260713_095100_859\crops\bbox.png,vision_platform\ads\runtime_collection\click_success\click_success_20260713_095100_859\crops\bbox.png,ads,free,traceable_parent_bbox,,,D:\Projects\adb_vl\vision_platform\ads\runtime_collection\click_success\click_success_20260713_095100_859\pre_click.png,,"[462.0, 354.0, 34.0, 19.0]",462.000,354.000,34.000,19.000
file_e2acb648add334e4,asset_f969550042dd8a5c,D:\Projects\adb_vl\vision_platform\ads\runtime_collection\click_success\click_success_20260713_102152_561\crops\bbox.png,vision_platform\ads\runtime_collection\click_success\click_success_20260713_102152_561\crops\bbox.png,ads,free,traceable_parent_bbox,,,D:\Projects\adb_vl\vision_platform\ads\runtime_collection\click_success\click_success_20260713_102152_561\pre_click.png,,"[462.0, 354.0, 34.0, 19.0]",462.000,354.000,34.000,19.000
file_80043a8ad38fcdf0,asset_c7e460477e6815ca,D:\Projects\adb_vl\vision_platform\ads\runtime_collection\click_success\click_success_20260713_095617_140\crops\bbox.png,vision_platform\ads\runtime_collection\click_success\click_success_20260713_095617_140\crops\bbox.png,ads,arrow,traceable_parent_bbox,,,D:\Projects\adb_vl\vision_platform\ads\runtime_collection\click_success\click_success_20260713_095617_140\pre_click.png,,"[906.0, 26.0, 37.0, 14.0]",906.000,26.000,37.000,14.000
file_ee87316a9ecc6f93,asset_c7e460477e6815ca,D:\Projects\adb_vl\vision_platform\ads\runtime_collection\click_success\click_success_20260713_102257_097\crops\bbox.png,vision_platform\ads\runtime_collection\click_success\click_success_20260713_102257_097\crops\bbox.png,ads,arrow,traceable_parent_bbox,,,D:\Projects\adb_vl\vision_platform\ads\runtime_collection\click_success\click_success_20260713_102257_097\pre_click.png,,"[906.0, 26.0, 37.0, 14.0]",906.000,26.000,37.000,14.000
file_0cb2478740ea3954,asset_c7e460477e6815ca,D:\Projects\adb_vl\vision_platform\ads\runtime_collection\click_success\click_success_20260713_103353_299\crops\bbox.png,vision_platform\ads\runtime_collection\click_success\click_success_20260713_103353_299\crops\bbox.png,ads,arrow,traceable_parent_bbox,,,D:\Projects\adb_vl\vision_platform\ads\runtime_collection\click_success\click_success_20260713_103353_299\pre_click.png,,"[906.0, 26.0, 37.0, 14.0]",906.000,26.000,37.000,14.000
file_a54b16efa4d7551a,asset_8524767750bea86e,D:\Projects\adb_vl\vision_platform\ads\runtime_collection\click_success\click_success_20260713_081144_892\crops\bbox.png,vision_platform\ads\runtime_collection\click_success\click_success_20260713_081144_892\crops\bbox.png,ads,arrow,traceable_parent_bbox,,,D:\Projects\adb_vl\vision_platform\ads\runtime_collection\click_success\click_success_20260713_081144_892\pre_click.png,,"[907.0, 22.0, 36.0, 26.0]",907.000,22.000,36.000,26.000
file_10ad0c35675aa5ca,asset_8524767750bea86e,D:\Projects\adb_vl\vision_platform\ads\runtime_collection\click_success\click_success_20260713_163040_449\crops\bbox.png,vision_platform\ads\runtime_collection\click_success\click_success_20260713_163040_449\crops\bbox.png,ads,arrow,traceable_parent_bbox,,,D:\Projects\adb_vl\vision_platform\ads\runtime_collection\click_success\click_success_20260713_163040_449\pre_click.png,,"[907.0, 22.0, 36.0, 26.0]",907.000,22.000,36.000,26.000
file_3c1dd248079e27eb,asset_22931ff7d50a4007,D:\Projects\adb_vl\vision_platform\ads\runtime_collection\click_success\click_success_20260713_095042_528\crops\bbox.png,vision_platform\ads\runtime_collection\click_success\click_success_20260713_095042_528\crops\bbox.png,ads,arrow,traceable_parent_bbox,,,D:\Projects\adb_vl\vision_platform\ads\runtime_collection\click_success\click_success_20260713_095042_528\pre_click.png,,"[906.0, 26.0, 37.0, 14.0]",906.000,26.000,37.000,14.000
file_709feda930d44fc0,asset_161fe2d19fd904c5,D:\Projects\adb_vl\vision_platform\ads\runtime_collection\click_success\click_success_20260713_102941_228\crops\bbox.png,vision_platform\ads\runtime_collection\click_success\click_success_20260713_102941_228\crops\bbox.png,ads,arrow,traceable_parent_bbox,,,D:\Projects\adb_vl\vision_platform\ads\runtime_collection\click_success\click_success_20260713_102941_228\pre_click.png,,"[911.0, 24.0, 32.0, 19.0]",911.000,24.000,32.000,19.000
file_979f91745dd47490,asset_02c72c16cadd5f8d,D:\Projects\adb_vl\vision_platform\ads\runtime_collection\click_success\click_success_20260713_162808_649\crops\bbox.png,vision_platform\ads\runtime_collection\click_success\click_success_20260713_162808_649\crops\bbox.png,ads,free,traceable_parent_bbox,,,D:\Projects\adb_vl\vision_platform\ads\runtime_collection\click_success\click_success_20260713_162808_649\pre_click.png,,"[376.0, 285.0, 34.0, 19.0]",376.000,285.000,34.000,19.000
file_235d042046ef0efc,asset_300c377715d5afb0,D:\Projects\adb_vl\vision_platform\ads\runtime_collection\click_success\click_success_20260713_132307_180\crops\bbox.png,vision_platform\ads\runtime_collection\click_success\click_success_20260713_132307_180\crops\bbox.png,ads,free,traceable_parent_bbox,,,D:\Projects\adb_vl\vision_platform\ads\runtime_collection\click_success\click_success_20260713_132307_180\pre_click.png,,"[376.0, 285.0, 34.0, 19.0]",376.000,285.000,34.000,19.000
file_80933b388bcd6724,asset_52eb220e60027c56,D:\Projects\adb_vl\vision_platform\ads\runtime_collection\click_success\click_success_20260713_080814_562\crops\bbox.png,vision_platform\ads\runtime_collection\click_success\click_success_20260713_080814_562\crops\bbox.png,ads,arrow,traceable_parent_bbox,,,D:\Projects\adb_vl\vision_platform\ads\runtime_collection\click_success\click_success_20260713_080814_562\pre_click.png,,"[904.0, 12.0, 43.0, 46.0]",904.000,12.000,43.000,46.000
file_12942deaafab87b9,asset_52eb220e60027c56,D:\Projects\adb_vl\vision_platform\ads\runtime_collection\click_success\click_success_20260713_132413_787\crops\bbox.png,vision_platform\ads\runtime_collection\click_success\click_success_20260713_132413_787\crops\bbox.png,ads,arrow,traceable_parent_bbox,,,D:\Projects\adb_vl\vision_platform\ads\runtime_collection\click_success\click_success_20260713_132413_787\pre_click.png,,"[904.0, 12.0, 43.0, 46.0]",904.000,12.000,43.000,46.000
file_bf5064b3c751fece,asset_57057a2072ac0aa9,D:\Projects\adb_vl\vision_platform\ads\runtime_collection\click_success\click_success_20260713_095331_314\crops\bbox.png,vision_platform\ads\runtime_collection\click_success\click_success_20260713_095331_314\crops\bbox.png,ads,arrow,traceable_parent_bbox,,,D:\Projects\adb_vl\vision_platform\ads\runtime_collection\click_success\click_success_20260713_095331_314\pre_click.png,,"[904.0, 12.0, 43.0, 46.0]",904.000,12.000,43.000,46.000
file_3dc0d458cc883ee3,asset_57057a2072ac0aa9,D:\Projects\adb_vl\vision_platform\ads\runtime_collection\click_success\click_success_20260713_100447_093\crops\bbox.png,vision_platform\ads\runtime_collection\click_success\click_success_20260713_100447_093\crops\bbox.png,ads,arrow,traceable_parent_bbox,,,D:\Projects\adb_vl\vision_platform\ads\runtime_collection\click_success\click_success_20260713_100447_093\pre_click.png,,"[904.0, 12.0, 43.0, 46.0]",904.000,12.000,43.000,46.000
file_54dcfd8a6e1ab7bd,asset_57057a2072ac0aa9,D:\Projects\adb_vl\vision_platform\ads\runtime_collection\click_success\click_success_20260713_103511_714\crops\bbox.png,vision_platform\ads\runtime_collection\click_success\click_success_20260713_103511_714\crops\bbox.png,ads,arrow,traceable_parent_bbox,,,D:\Projects\adb_vl\vision_platform\ads\runtime_collection\click_success\click_success_20260713_103511_714\pre_click.png,,"[904.0, 12.0, 43.0, 46.0]",904.000,12.000,43.000,46.000
file_bacdf7e09c08d915,asset_57057a2072ac0aa9,D:\Projects\adb_vl\vision_platform\ads\runtime_collection\click_success\click_success_20260713_162912_856\crops\bbox.png,vision_platform\ads\runtime_collection\click_success\click_success_20260713_162912_856\crops\bbox.png,ads,arrow,traceable_parent_bbox,,,D:\Projects\adb_vl\vision_platform\ads\runtime_collection\click_success\click_success_20260713_162912_856\pre_click.png,,"[904.0, 12.0, 43.0, 46.0]",904.000,12.000,43.000,46.000
file_74eb22cf9cc7cda8,asset_1a3ff2eb8f7093d8,D:\Projects\adb_vl\vision_platform\ads\runtime_collection\click_success\click_success_20260713_080901_974\crops\bbox.png,vision_platform\ads\runtime_collection\click_success\click_success_20260713_080901_974\crops\bbox.png,ads,arrow,traceable_parent_bbox,,,D:\Projects\adb_vl\vision_platform\ads\runtime_collection\click_success\click_success_20260713_080901_974\pre_click.png,,"[30.0, 29.0, 74.0, 23.0]",30.000,29.000,74.000,23.000
file_3aaed400e7ccbc64,asset_7fa875a023c06075,D:\Projects\adb_vl\vision_platform\ads\runtime_collection\click_success\click_success_20260713_102419_119\crops\bbox.png,vision_platform\ads\runtime_collection\click_success\click_success_20260713_102419_119\crops\bbox.png,ads,arrow,traceable_parent_bbox,,,D:\Projects\adb_vl\vision_platform\ads\runtime_collection\click_success\click_success_20260713_102419_119\pre_click.png,,"[906.0, 26.0, 37.0, 14.0]",906.000,26.000,37.000,14.000
file_4f0533509dde0ef4,asset_83893a37ecb22a22,D:\Projects\adb_vl\vision_platform\ads\runtime_collection\click_success\click_success_20260713_095949_902\crops\bbox.png,vision_platform\ads\runtime_collection\click_success\click_success_20260713_095949_902\crops\bbox.png,ads,arrow,traceable_parent_bbox,,,D:\Projects\adb_vl\vision_platform\ads\runtime_collection\click_success\click_success_20260713_095949_902\pre_click.png,,"[912.0, 26.0, 31.0, 18.0]",912.000,26.000,31.000,18.000
file_201035a596c9f39e,asset_8bcc258909ab5d1b,D:\Projects\adb_vl\vision_platform\ads\runtime_collection\click_success\click_success_20260713_103600_510\crops\bbox.png,vision_platform\ads\runtime_collection\click_success\click_success_20260713_103600_510\crops\bbox.png,ads,arrow,traceable_parent_bbox,,,D:\Projects\adb_vl\vision_platform\ads\runtime_collection\click_success\click_success_20260713_103600_510\pre_click.png,,"[912.0, 26.0, 31.0, 18.0]",912.000,26.000,31.000,18.000
file_7003e76f1c605201,asset_57a3a364e16b9e38,D:\Projects\adb_vl\vision_platform\ads\runtime_collection\click_success\click_success_20260713_080355_864\crops\bbox.png,vision_platform\ads\runtime_collection\click_success\click_success_20260713_080355_864\crops\bbox.png,ads,arrow,traceable_parent_bbox,,,D:\Projects\adb_vl\vision_platform\ads\runtime_collection\click_success\click_success_20260713_080355_864\pre_click.png,,"[907.0, 22.0, 36.0, 26.0]",907.000,22.000,36.000,26.000
file_acb5f507ac5a49a9,asset_a267329783339e3b,D:\Projects\adb_vl\vision_platform\ads\runtime_collection\click_success\click_success_20260713_095453_234\crops\bbox.png,vision_platform\ads\runtime_collection\click_success\click_success_20260713_095453_234\crops\bbox.png,ads,arrow,traceable_parent_bbox,,,D:\Projects\adb_vl\vision_platform\ads\runtime_collection\click_success\click_success_20260713_095453_234\pre_click.png,,"[907.0, 22.0, 36.0, 26.0]",907.000,22.000,36.000,26.000
file_1c610c21e82f0a3b,asset_3e2ac2ef5377fc3b,D:\Projects\adb_vl\vision_platform\ads\runtime_collection\click_success\click_success_20260713_102508_020\crops\bbox.png,vision_platform\ads\runtime_collection\click_success\click_success_20260713_102508_020\crops\bbox.png,ads,arrow,traceable_parent_bbox,,,D:\Projects\adb_vl\vision_platform\ads\runtime_collection\click_success\click_success_20260713_102508_020\pre_click.png,,"[907.0, 22.0, 36.0, 26.0]",907.000,22.000,36.000,26.000
file_4b40434ea29380f7,asset_7acc39b655a0bda9,D:\Projects\adb_vl\vision_platform\ads\runtime_collection\click_success\click_success_20260713_102601_006\crops\bbox.png,vision_platform\ads\runtime_collection\click_success\click_success_20260713_102601_006\crops\bbox.png,ads,arrow,traceable_parent_bbox,,,D:\Projects\adb_vl\vision_platform\ads\runtime_collection\click_success\click_success_20260713_102601_006\pre_click.png,,"[913.0, 25.0, 29.0, 19.0]",913.000,25.000,29.000,19.000
file_5dd1802e3abed8ce,asset_7c2cc704821e7c64,D:\Projects\adb_vl\vision_platform\ads\runtime_collection\click_success\click_success_20260713_081020_456\crops\bbox.png,vision_platform\ads\runtime_collection\click_success\click_success_20260713_081020_456\crops\bbox.png,ads,arrow,traceable_parent_bbox,,,D:\Projects\adb_vl\vision_platform\ads\runtime_collection\click_success\click_success_20260713_081020_456\pre_click.png,,"[913.0, 25.0, 29.0, 19.0]",913.000,25.000,29.000,19.000
file_8b0c0a1b8dcc6487,asset_7c2cc704821e7c64,D:\Projects\adb_vl\vision_platform\ads\runtime_collection\click_success\click_success_20260713_095207_013\crops\bbox.png,vision_platform\ads\runtime_collection\click_success\click_success_20260713_095207_013\crops\bbox.png,ads,arrow,traceable_parent_bbox,,,D:\Projects\adb_vl\vision_platform\ads\runtime_collection\click_success\click_success_20260713_095207_013\pre_click.png,,"[913.0, 25.0, 29.0, 19.0]",913.000,25.000,29.000,19.000
file_ed00cb5095d619f9,asset_7c2cc704821e7c64,D:\Projects\adb_vl\vision_platform\ads\runtime_collection\click_success\click_success_20260713_163154_531\crops\bbox.png,vision_platform\ads\runtime_collection\click_success\click_success_20260713_163154_531\crops\bbox.png,ads,arrow,traceable_parent_bbox,,,D:\Projects\adb_vl\vision_platform\ads\runtime_collection\click_success\click_success_20260713_163154_531\pre_click.png,,"[913.0, 25.0, 29.0, 19.0]",913.000,25.000,29.000,19.000
file_c09160be9fefe870,asset_7b1a58c3ef6bea6c,D:\Projects\adb_vl\vision_platform\ads\runtime_collection\click_success\click_success_20260713_100244_003\crops\bbox.png,vision_platform\ads\runtime_collection\click_success\click_success_20260713_100244_003\crops\bbox.png,ads,arrow,traceable_parent_bbox,,,D:\Projects\adb_vl\vision_platform\ads\runtime_collection\click_success\click_success_20260713_100244_003\pre_click.png,,"[913.0, 25.0, 29.0, 19.0]",913.000,25.000,29.000,19.000
file_6a655907ea5df0f6,asset_5ae52b786c1d5b30,D:\Projects\adb_vl\vision_platform\ads\runtime_collection\click_success\click_success_20260713_132506_535\crops\bbox.png,vision_platform\ads\runtime_collection\click_success\click_success_20260713_132506_535\crops\bbox.png,ads,arrow,traceable_parent_bbox,,,D:\Projects\adb_vl\vision_platform\ads\runtime_collection\click_success\click_success_20260713_132506_535\pre_click.png,,"[913.0, 25.0, 29.0, 19.0]",913.000,25.000,29.000,19.000
file_89bf80364d6050d5,asset_8263ab7cd58c1c1f,D:\Projects\adb_vl\vision_platform\ads\runtime_collection\click_success\click_success_20260713_080451_263\crops\bbox.png,vision_platform\ads\runtime_collection\click_success\click_success_20260713_080451_263\crops\bbox.png,ads,arrow,traceable_parent_bbox,,,D:\Projects\adb_vl\vision_platform\ads\runtime_collection\click_success\click_success_20260713_080451_263\pre_click.png,,"[906.0, 26.0, 37.0, 14.0]",906.000,26.000,37.000,14.000
file_255e40d648488c61,asset_8263ab7cd58c1c1f,D:\Projects\adb_vl\vision_platform\ads\runtime_collection\click_success\click_success_20260713_132603_698\crops\bbox.png,vision_platform\ads\runtime_collection\click_success\click_success_20260713_132603_698\crops\bbox.png,ads,arrow,traceable_parent_bbox,,,D:\Projects\adb_vl\vision_platform\ads\runtime_collection\click_success\click_success_20260713_132603_698\pre_click.png,,"[906.0, 26.0, 37.0, 14.0]",906.000,26.000,37.000,14.000
file_4a39bc8220b54bcf,asset_0adb2ecfead6543b,D:\Projects\adb_vl\ads2\assets\1_templates\close_icons\close_24.png,ads2\assets\1_templates\close_icons\close_24.png,ads,x_mark,untraceable_parent_bbox,,,,,,,,,
file_e16e35dc922172f8,asset_565f2f8c61c441ed,D:\Projects\adb_vl\ads2\assets\1_templates\close_icons\close_2.png,ads2\assets\1_templates\close_icons\close_2.png,ads,x_mark,untraceable_parent_bbox,,,,,,,,,
file_abf6a9593a794d4f,asset_0f7f87e6da29ae62,D:\Projects\adb_vl\ads2\assets\1_templates\close_icons\close_23.png,ads2\assets\1_templates\close_icons\close_23.png,ads,arrow,untraceable_parent_bbox,,,,,,,,,
file_7a30ab4de7eb758c,asset_b2c26a493402602b,D:\Projects\adb_vl\ads2\assets\1_templates\close_icons\close_x_end.png,ads2\assets\1_templates\close_icons\close_x_end.png,ads,x_mark,untraceable_parent_bbox,,,,,,,,,
file_0796700f3e89b234,asset_62c0598db37c8764,D:\Projects\adb_vl\ads2\assets\1_templates\close_icons\ad_issue_20260606_042429_roi_0.png,ads2\assets\1_templates\close_icons\ad_issue_20260606_042429_roi_0.png,ads,x_mark,untraceable_parent_bbox,,,,,,,,,
file_0c54c714e6e4e54c,asset_ef19a71539533c38,D:\Projects\adb_vl\ads2\assets\1_templates\close_icons\ad_issue_20260606_044717_roi_0.png,ads2\assets\1_templates\close_icons\ad_issue_20260606_044717_roi_0.png,ads,x_mark,untraceable_parent_bbox,,,,,,,,,
file_53c205606c848750,asset_38da3057c3705cb4,D:\Projects\adb_vl\ads2\assets\1_templates\close_icons\close_7.png,ads2\assets\1_templates\close_icons\close_7.png,ads,x_mark,untraceable_parent_bbox,,,,,,,,,
file_4bf9c732ffcf4bd7,asset_b7e64faadd9ca7c4,D:\Projects\adb_vl\ads2\assets\1_templates\close_icons\close_15.png,ads2\assets\1_templates\close_icons\close_15.png,ads,arrow,untraceable_parent_bbox,,,,,,,,,
file_7b6a90286e8fac3a,asset_f23d35799ad854e5,D:\Projects\adb_vl\ads2\assets\1_templates\close_icons\close_x_end2.png,ads2\assets\1_templates\close_icons\close_x_end2.png,ads,x_mark,untraceable_parent_bbox,,,,,,,,,
file_e43f95fcbeed911e,asset_bc5f8a22689dda23,D:\Projects\adb_vl\ads2\assets\1_templates\close_icons\close_skip_gp2.png,ads2\assets\1_templates\close_icons\close_skip_gp2.png,ads,google_play,untraceable_parent_bbox,,,,,,,,,
file_f897e9b9181629ee,asset_d67b35832487e707,D:\Projects\adb_vl\ads2\assets\1_templates\close_icons\ad_issue_20260606_083435_roi_0.png,ads2\assets\1_templates\close_icons\ad_issue_20260606_083435_roi_0.png,ads,google_play,untraceable_parent_bbox,,,,,,,,,
file_7d7da0ebe8757d20,asset_799dbc67f3bfef79,D:\Projects\adb_vl\ads2\assets\1_templates\備份\close_x_1.png,ads2\assets\1_templates\備份\close_x_1.png,ads,x_mark,untraceable_parent_bbox,,,,,,,,,
file_85f3c0bdc5e04e1d,asset_5d48c64cdd081609,D:\Projects\adb_vl\ads2\assets\1_templates\close_icons\close_skip_gp3.png,ads2\assets\1_templates\close_icons\close_skip_gp3.png,ads,google_play,untraceable_parent_bbox,,,,,,,,,
file_183d636c777c6ea5,asset_0038b293d3fef86c,D:\Projects\adb_vl\ads2\assets\1_templates\close_icons\ad_issue_20260606_084107_roi_0.png,ads2\assets\1_templates\close_icons\ad_issue_20260606_084107_roi_0.png,ads,google_play,untraceable_parent_bbox,,,,,,,,,
file_b040dd17ca19329c,asset_1bb199c29d32b6fe,D:\Projects\adb_vl\ads2\assets\1_templates\close_glyphs\google_play_pill_edge.png,ads2\assets\1_templates\close_glyphs\google_play_pill_edge.png,ads,google_play,untraceable_parent_bbox,,,,,,,,,
file_8adc86c006864b12,asset_8829832efa233731,D:\Projects\adb_vl\ads2\assets\1_templates\close_icons\ad_issue_20260606_081550_roi_9.png,ads2\assets\1_templates\close_icons\ad_issue_20260606_081550_roi_9.png,ads,next,untraceable_parent_bbox,,,,,,,,,
file_acc7870ed969732e,asset_d9b4a93cc253ae66,D:\Projects\adb_vl\ads2\assets\1_templates\close_icons\close_25.png,ads2\assets\1_templates\close_icons\close_25.png,ads,x_mark,untraceable_parent_bbox,,,,,,,,,
file_245ef374f6c4268c,asset_7dbc3094aa7539f0,D:\Projects\adb_vl\ads2\assets\1_templates\close_icons\ad_issue_20260606_042257_roi_0.png,ads2\assets\1_templates\close_icons\ad_issue_20260606_042257_roi_0.png,ads,google_play,untraceable_parent_bbox,,,,,,,,,
file_1cb77f3034b09b56,asset_ef6efb79aed47f4a,D:\Projects\adb_vl\ads2\assets\1_templates\close_icons\close_skip_next.png,ads2\assets\1_templates\close_icons\close_skip_next.png,ads,next,untraceable_parent_bbox,,,,,,,,,
file_e01dd7c029653e86,asset_7513f11f0e141a8c,D:\Projects\adb_vl\ads2\assets\1_templates\close_icons\close_14.png,ads2\assets\1_templates\close_icons\close_14.png,ads,x_mark,untraceable_parent_bbox,,,,,,,,,
file_c590ebbfe9db64ca,asset_6802a78b1f5efa66,D:\Projects\adb_vl\ads2\assets\1_templates\close_icons\close_x_valor.png,ads2\assets\1_templates\close_icons\close_x_valor.png,ads,x_mark,untraceable_parent_bbox,,,,,,,,,
file_5e0324fe7516c5f3,asset_52da1398bb93a963,D:\Projects\adb_vl\ads2\assets\1_templates\free_ad_icons\free_ad_2.png,ads2\assets\1_templates\free_ad_icons\free_ad_2.png,ads,free,untraceable_parent_bbox,,,,,,,,,
file_670c62c5320205f4,asset_d37ef6afc1bb29cb,D:\Projects\adb_vl\ads2\assets\1_templates\close_glyphs\skip_next_edge.png,ads2\assets\1_templates\close_glyphs\skip_next_edge.png,ads,arrow,untraceable_parent_bbox,,,,,,,,,
file_cd80a32dc3ce69d3,asset_59b134576fd486a2,D:\Projects\adb_vl\ads2\assets\1_templates\close_icons\close_5.png,ads2\assets\1_templates\close_icons\close_5.png,ads,arrow,untraceable_parent_bbox,,,,,,,,,
file_8aa403fa0a5d2da9,asset_6e9c3a68167cfe89,D:\Projects\adb_vl\ads2\assets\1_templates\close_icons\close_skip_next2.png,ads2\assets\1_templates\close_icons\close_skip_next2.png,ads,next,untraceable_parent_bbox,,,,,,,,,
file_d69076ccf60a2327,asset_172ddc86ac086eee,D:\Projects\adb_vl\ads2\assets\1_templates\close_icons\close_x_momo.png,ads2\assets\1_templates\close_icons\close_x_momo.png,ads,x_mark,untraceable_parent_bbox,,,,,,,,,
file_a4f0c7925d120a09,asset_2a7b5573529608a3,D:\Projects\adb_vl\ads2\assets\1_templates\close_icons\ad_issue_20260606_052302_roi_0.png,ads2\assets\1_templates\close_icons\ad_issue_20260606_052302_roi_0.png,ads,x_mark,untraceable_parent_bbox,,,,,,,,,
file_910f6d13ad48178b,asset_814457f65714bfe8,D:\Projects\adb_vl\ads2\assets\1_templates\close_icons\close_11.png,ads2\assets\1_templates\close_icons\close_11.png,ads,arrow,untraceable_parent_bbox,,,,,,,,,
file_cb080ed8eb8801eb,asset_bddb4860eddcb148,D:\Projects\adb_vl\ads2\assets\1_templates\備份\got_8.png,ads2\assets\1_templates\備份\got_8.png,ads,play_triangle,untraceable_parent_bbox,,,,,,,,,
file_b4be82e5125f9663,asset_48f6dabf3e612bc9,D:\Projects\adb_vl\ads2\assets\1_templates\free_ad_icons\free_ad_1.png,ads2\assets\1_templates\free_ad_icons\free_ad_1.png,ads,play_triangle,untraceable_parent_bbox,,,,,,,,,
file_804b831df127544b,asset_48f6dabf3e612bc9,D:\Projects\adb_vl\ads2\assets\1_templates\備份\free_ad_1.png,ads2\assets\1_templates\備份\free_ad_1.png,ads,play_triangle,untraceable_parent_bbox,,,,,,,,,
file_1bc799289cb34fdb,asset_5c6d076a9a21278e,D:\Projects\adb_vl\ads2\assets\1_templates\free_ad_icons\free_ad_9.png,ads2\assets\1_templates\free_ad_icons\free_ad_9.png,ads,play_triangle,untraceable_parent_bbox,,,,,,,,,
file_144f33590c886b45,asset_acdbf97adac6c560,D:\Projects\adb_vl\ads2\assets\1_templates\close_icons\close_6.png,ads2\assets\1_templates\close_icons\close_6.png,ads,next,untraceable_parent_bbox,,,,,,,,,
file_ed1467fb03b0b8ba,asset_d8a2f9660c5625b5,D:\Projects\adb_vl\ads2\assets\1_templates\free_ad_icons\播放.png,ads2\assets\1_templates\free_ad_icons\播放.png,ads,play_triangle,untraceable_parent_bbox,,,,,,,,,
file_ac306bdc17a9bfa0,asset_2af1b7045f897a9e,D:\Projects\adb_vl\ads2\assets\1_templates\free_ad_icons\close_26.png,ads2\assets\1_templates\free_ad_icons\close_26.png,ads,free,untraceable_parent_bbox,,,,,,,,,
file_00db74143475636c,asset_085f1c813551e8c9,D:\Projects\adb_vl\ads2\assets\1_templates\備份\btn_free_ad.png,ads2\assets\1_templates\備份\btn_free_ad.png,ads,play_triangle,untraceable_parent_bbox,,,,,,,,,
file_761ee5c898e32ec0,asset_60d2812156135339,D:\Projects\adb_vl\ads2\assets\1_templates\free_ad_icons\free_ad_3.png,ads2\assets\1_templates\free_ad_icons\free_ad_3.png,ads,free,untraceable_parent_bbox,,,,,,,,,
file_ecb42889e244410f,asset_600c1aa4b826d2ff,D:\Projects\adb_vl\ads2\assets\1_templates\備份\close_4.png,ads2\assets\1_templates\備份\close_4.png,ads,arrow,untraceable_parent_bbox,,,,,,,,,
file_55b41688a921e7a4,asset_f54277695108c8b6,D:\Projects\adb_vl\ads2\assets\1_templates\close_icons\close_9.png,ads2\assets\1_templates\close_icons\close_9.png,ads,arrow,untraceable_parent_bbox,,,,,,,,,
file_2aafaa2342e7ff6d,asset_649d289a08c9fe33,D:\Projects\adb_vl\ads2\assets\1_templates\close_icons\close_3.png,ads2\assets\1_templates\close_icons\close_3.png,ads,arrow,untraceable_parent_bbox,,,,,,,,,
file_38f39cb8171bbccd,asset_f05a7a52f60d291b,D:\Projects\adb_vl\ads2\assets\1_templates\close_icons\ad_issue_20260606_045316_roi_0.png,ads2\assets\1_templates\close_icons\ad_issue_20260606_045316_roi_0.png,ads,arrow,untraceable_parent_bbox,,,,,,,,,
file_01fce48c5f827243,asset_ee02f730b82612e5,D:\Projects\adb_vl\ads2\assets\1_templates\close_icons\ad_issue_20260606_045709_roi_0.png,ads2\assets\1_templates\close_icons\ad_issue_20260606_045709_roi_0.png,ads,google_play,untraceable_parent_bbox,,,,,,,,,
file_d109bb027585db3a,asset_384d89598f4f57fc,D:\Projects\adb_vl\ads2\assets\1_templates\close_icons\close_22.png,ads2\assets\1_templates\close_icons\close_22.png,ads,arrow,untraceable_parent_bbox,,,,,,,,,
file_0da1190477d9a899,asset_720686941c854cbf,D:\Projects\adb_vl\ads2\assets\1_templates\close_icons\close_x_left.png,ads2\assets\1_templates\close_icons\close_x_left.png,ads,x_mark,untraceable_parent_bbox,,,,,,,,,
file_53f6b240d7847ed6,asset_ca994ca16a3dcd00,D:\Projects\adb_vl\ads2\assets\1_templates\close_icons\ad_issue_20260606_052002_roi_15.png,ads2\assets\1_templates\close_icons\ad_issue_20260606_052002_roi_15.png,ads,x_mark,untraceable_parent_bbox,,,,,,,,,
file_c9b0f3fff6864aab,asset_86d49425885a0694,D:\Projects\adb_vl\ads2\assets\1_templates\備份\got_2.png,ads2\assets\1_templates\備份\got_2.png,ads,got,untraceable_parent_bbox,,,,,,,,,
file_1cb4e2befa222329,asset_72c839c107ebef49,D:\Projects\adb_vl\ads2\assets\1_templates\備份\got1.png,ads2\assets\1_templates\備份\got1.png,ads,got,untraceable_parent_bbox,,,,,,,,,
file_88b1cc8a3de93123,asset_44aa502360ac075b,D:\Projects\adb_vl\ads2\assets\1_templates\close_icons\close_12.png,ads2\assets\1_templates\close_icons\close_12.png,ads,x_mark,untraceable_parent_bbox,,,,,,,,,
file_54f5287c84fc7e1d,asset_db80ab2f7ad7e606,D:\Projects\adb_vl\ads2\assets\1_templates\close_icons\close_18.png,ads2\assets\1_templates\close_icons\close_18.png,ads,arrow,untraceable_parent_bbox,,,,,,,,,
file_d4c87444e5015593,asset_00f02ef77adb18c4,D:\Projects\adb_vl\ads2\assets\1_templates\close_icons\close_4.png,ads2\assets\1_templates\close_icons\close_4.png,ads,arrow,untraceable_parent_bbox,,,,,,,,,
file_f1c7f92038128586,asset_5d7e57a62103e2c1,D:\Projects\adb_vl\ads2\assets\1_templates\close_icons\close_16.png,ads2\assets\1_templates\close_icons\close_16.png,ads,arrow,untraceable_parent_bbox,,,,,,,,,
file_541955e3cd16d297,asset_bf08eee05826fbbb,D:\Projects\adb_vl\ads2\assets\1_templates\close_icons\ad_issue_20260606_082946_roi_0.png,ads2\assets\1_templates\close_icons\ad_issue_20260606_082946_roi_0.png,ads,google_play,untraceable_parent_bbox,,,,,,,,,
file_bde160b4ff62fd23,asset_14abfab802adf40c,D:\Projects\adb_vl\ads2\assets\1_templates\close_icons\close_skip_gp.png,ads2\assets\1_templates\close_icons\close_skip_gp.png,ads,google_play,untraceable_parent_bbox,,,,,,,,,
file_50c793b7bc956a13,asset_c67d1ef1a4afa50d,D:\Projects\adb_vl\ads2\assets\1_templates\close_icons\close_1.png,ads2\assets\1_templates\close_icons\close_1.png,ads,arrow,untraceable_parent_bbox,,,,,,,,,
file_ec6a1f4e95a8737e,asset_58ed244c7878bcd7,D:\Projects\adb_vl\ads2\assets\1_templates\got_icons\got2.png,ads2\assets\1_templates\got_icons\got2.png,ads,got,untraceable_parent_bbox,,,,,,,,,
file_6f7c7aba74ab1f28,asset_0cf037e096857467,D:\Projects\adb_vl\ads2\assets\1_templates\got_icons\got_3.png,ads2\assets\1_templates\got_icons\got_3.png,ads,got,untraceable_parent_bbox,,,,,,,,,
file_3c94de29e8445680,asset_a1abf4a4f6070cea,D:\Projects\adb_vl\ads2\assets\1_templates\got_icons\got_5.png,ads2\assets\1_templates\got_icons\got_5.png,ads,got,untraceable_parent_bbox,,,,,,,,,
file_5e99e876883b9184,asset_d082cffe4e8f8f90,D:\Projects\adb_vl\ads2\assets\1_templates\got_icons\got_6.png,ads2\assets\1_templates\got_icons\got_6.png,ads,got,untraceable_parent_bbox,,,,,,,,,
file_f1f313c24a4c1de2,asset_804eb0458e78934d,D:\Projects\adb_vl\ads2\assets\1_templates\got_icons\got_4.png,ads2\assets\1_templates\got_icons\got_4.png,ads,got,untraceable_parent_bbox,,,,,,,,,
file_13eecab8cd7c9374,asset_5b3fbaac886e6b1c,D:\Projects\adb_vl\ads2\assets\1_templates\close_icons\close_10.png,ads2\assets\1_templates\close_icons\close_10.png,ads,arrow,untraceable_parent_bbox,,,,,,,,,
file_a195dd7ba6135547,asset_e3aa0c73c537c671,D:\Projects\adb_vl\ads2\assets\1_templates\close_icons\close_19.png,ads2\assets\1_templates\close_icons\close_19.png,ads,arrow,untraceable_parent_bbox,,,,,,,,,
file_2200224e47c6acf2,asset_fe436527d7d5643c,D:\Projects\adb_vl\ads2\assets\1_templates\close_icons\close_20.png,ads2\assets\1_templates\close_icons\close_20.png,ads,arrow,untraceable_parent_bbox,,,,,,,,,
file_a5a5bd5ba2f1d724,asset_781a510f3a857316,D:\Projects\adb_vl\ads2\assets\1_templates\close_icons\close_13.png,ads2\assets\1_templates\close_icons\close_13.png,ads,arrow,untraceable_parent_bbox,,,,,,,,,
file_b45e660a5a2b7d8d,asset_0d4b215867996981,D:\Projects\adb_vl\ads2\assets\1_templates\got_icons\got_1.png,ads2\assets\1_templates\got_icons\got_1.png,ads,got,untraceable_parent_bbox,,,,,,,,,
file_857e5225a2b06af8,asset_927b02d71a0d5e87,D:\Projects\adb_vl\ads2\assets\1_templates\close_icons\close_21.png,ads2\assets\1_templates\close_icons\close_21.png,ads,arrow,untraceable_parent_bbox,,,,,,,,,
file_af0af020e1d87e2e,asset_071ca7bff74e053c,D:\Projects\adb_vl\ads2\assets\1_templates\close_icons\close_8.png,ads2\assets\1_templates\close_icons\close_8.png,ads,arrow,untraceable_parent_bbox,,,,,,,,,
file_39c21fa7d94cb2a7,asset_4fbcd7df4f1e9032,D:\Projects\adb_vl\ads2\assets\1_templates\備份\close_x_white.png,ads2\assets\1_templates\備份\close_x_white.png,ads,x_mark,untraceable_parent_bbox,,,,,,,,,
file_c6293287feb9bff3,asset_9fdb4db2e3fe6848,D:\Projects\adb_vl\ads2\assets\1_templates\close_icons\close_17.png,ads2\assets\1_templates\close_icons\close_17.png,ads,x_mark,untraceable_parent_bbox,,,,,,,,,
file_ed7ecf2d8c86d633,asset_643bd48faa917df4,D:\Projects\adb_vl\ads2\assets\1_templates\close_icons\ad_issue_20260606_043419_roi_0.png,ads2\assets\1_templates\close_icons\ad_issue_20260606_043419_roi_0.png,ads,x_mark,untraceable_parent_bbox,,,,,,,,,
file_ff68673e47bf2194,asset_811965ed2f4bf3fe,D:\Projects\adb_vl\ads2\assets\1_templates\close_icons\ad_issue_20260606_044653_roi_0.png,ads2\assets\1_templates\close_icons\ad_issue_20260606_044653_roi_0.png,ads,x_mark,untraceable_parent_bbox,,,,,,,,,
file_3dbd94023a2aefb9,asset_ae17f2d94d0c0ab9,D:\Projects\adb_vl\ads2\assets\1_templates\close_icons\close_x_gp2.png,ads2\assets\1_templates\close_icons\close_x_gp2.png,ads,x_mark,untraceable_parent_bbox,,,,,,,,,
file_e98356e6d5b0d025,asset_759712a0fa58d9bb,D:\Projects\adb_vl\ads2\assets\1_templates\close_icons\ad_issue_20260606_044156_roi_0.png,ads2\assets\1_templates\close_icons\ad_issue_20260606_044156_roi_0.png,ads,arrow,untraceable_parent_bbox,,,,,,,,,
file_c88fffda1bde6376,asset_fc192034daaaf1b7,D:\Projects\adb_vl\ads2\assets\1_templates\close_icons\close_back_gp.png,ads2\assets\1_templates\close_icons\close_back_gp.png,ads,arrow,untraceable_parent_bbox,,,,,,,,,
file_c1b82b89ebab2308,asset_d94a12829e570c5c,D:\Projects\adb_vl\ads2\assets\1_templates\close_icons\ad_issue_20260606_042353_roi_0.png,ads2\assets\1_templates\close_icons\ad_issue_20260606_042353_roi_0.png,ads,x_mark,untraceable_parent_bbox,,,,,,,,,
file_91bbfc8a9546e898,asset_702ce9c110ac8383,D:\Projects\adb_vl\ads2\assets\1_templates\close_icons\close_x_gp.png,ads2\assets\1_templates\close_icons\close_x_gp.png,ads,x_mark,untraceable_parent_bbox,,,,,,,,,
file_91401f9fb819693a,asset_36b1b5a10f89b840,D:\Projects\adb_vl\ads2\assets\1_templates\備份\close_x_trans.png,ads2\assets\1_templates\備份\close_x_trans.png,ads,x_mark,untraceable_parent_bbox,,,,,,,,,
file_ec85e8680fb6449d,asset_ca2b6cba35c5b2d0,D:\Projects\adb_vl\ads2\assets\1_templates\備份\ad_issue_20260606_043707_roi_0.png,ads2\assets\1_templates\備份\ad_issue_20260606_043707_roi_0.png,ads,x_mark,untraceable_parent_bbox,,,,,,,,,
file_7c9178e33b3fff2a,asset_05e39c545c2d589c,D:\Projects\adb_vl\vision_platform\ads\collections\reviewed_bbox_crops_20260718\crops\rb_000001.png,vision_platform\ads\collections\reviewed_bbox_crops_20260718\crops\rb_000001.png,ads,play_triangle,traceable_parent_bbox,file_a669b1e30509f098,asset_0da9172d7e75e61e,D:\Projects\adb_vl\vision_platform\ads\runtime_collection\click_success\click_success_20260718_085017_085\pre_click.png,510,"[413.7674418604651, 351.25581395348837, 86.32558139534882, 29.767441860465112]",413.767,351.256,86.326,29.767
file_b842a8b9a73e90f9,asset_3ace1f0522c58233,D:\Projects\adb_vl\vision_platform\ads\collections\reviewed_bbox_crops_20260718\crops\rb_000002.png,vision_platform\ads\collections\reviewed_bbox_crops_20260718\crops\rb_000002.png,ads,play_triangle,traceable_parent_bbox,file_a669b1e30509f098,asset_0da9172d7e75e61e,D:\Projects\adb_vl\vision_platform\ads\runtime_collection\click_success\click_success_20260718_085017_085\pre_click.png,511,"[555.1627906976744, 352.74418604651163, 80.37209302325584, 26.790697674418595]",555.163,352.744,80.372,26.791
file_a8bd722b52284058,asset_0a4e900ac50de596,D:\Projects\adb_vl\vision_platform\ads\collections\reviewed_bbox_crops_20260718\crops\rb_000003.png,vision_platform\ads\collections\reviewed_bbox_crops_20260718\crops\rb_000003.png,ads,play_triangle,traceable_parent_bbox,file_a669b1e30509f098,asset_0da9172d7e75e61e,D:\Projects\adb_vl\vision_platform\ads\runtime_collection\click_success\click_success_20260718_085017_085\pre_click.png,512,"[693.5813953488372, 349.7674418604651, 83.34883720930236, 31.25581395348837]",693.581,349.767,83.349,31.256
file_923a209eb4157b27,asset_b9f13ebbb5033ec5,D:\Projects\adb_vl\vision_platform\ads\collections\reviewed_bbox_crops_20260718\crops\rb_000004.png,vision_platform\ads\collections\reviewed_bbox_crops_20260718\crops\rb_000004.png,ads,play_triangle,traceable_parent_bbox,file_a669b1e30509f098,asset_0da9172d7e75e61e,D:\Projects\adb_vl\vision_platform\ads\runtime_collection\click_success\click_success_20260718_085017_085\pre_click.png,513,"[832.0, 351.25581395348837, 89.30232558139528, 29.767441860465112]",832.000,351.256,89.302,29.767
file_0567b11b04d3ff7a,asset_d4017dc915fca39d,D:\Projects\adb_vl\vision_platform\ads\collections\reviewed_bbox_crops_20260718\crops\rb_000005.png,vision_platform\ads\collections\reviewed_bbox_crops_20260718\crops\rb_000005.png,ads,x_mark,traceable_parent_bbox,file_65c9e5dd20cb3371,asset_d1e9fdf45e469caf,D:\Projects\adb_vl\vision_platform\ads\runtime_collection\click_success\click_success_20260718_085034_878\pre_click.png,576,"[900.4651162790698, 13.395348837209301, 50.604651162790674, 40.18604651162791]",900.465,13.395,50.605,40.186
file_e702683e9176fe8f,asset_0b8ff8911a7f337f,D:\Projects\adb_vl\vision_platform\ads\collections\reviewed_bbox_crops_20260718\crops\rb_000006.png,vision_platform\ads\collections\reviewed_bbox_crops_20260718\crops\rb_000006.png,ads,got,traceable_parent_bbox,file_99efc798e930d2d1,asset_bb2b366ff1d4b2a7,D:\Projects\adb_vl\vision_platform\ads\runtime_collection\click_success\click_success_20260718_085039_658\pre_click.png,379,"[418.2325581395349, 139.90697674418604, 120.55813953488376, 35.720930232558146]",418.233,139.907,120.558,35.721
file_1ab5b7e76dc6affa,asset_dbb710b56346500c,D:\Projects\adb_vl\vision_platform\ads\collections\reviewed_bbox_crops_20260718\crops\rb_000007.png,vision_platform\ads\collections\reviewed_bbox_crops_20260718\crops\rb_000007.png,ads,play_triangle,traceable_parent_bbox,file_979e903430aea95d,asset_865c30d9c720318e,D:\Projects\adb_vl\vision_platform\ads\runtime_collection\click_success\click_success_20260718_085045_813\pre_click.png,514,"[418.2325581395349, 349.7674418604651, 86.32558139534882, 29.767441860465112]",418.233,349.767,86.326,29.767
file_8039f8fbabb21ac2,asset_3ace1f0522c58233,D:\Projects\adb_vl\vision_platform\ads\collections\reviewed_bbox_crops_20260718\crops\rb_000008.png,vision_platform\ads\collections\reviewed_bbox_crops_20260718\crops\rb_000008.png,ads,play_triangle,traceable_parent_bbox,file_979e903430aea95d,asset_865c30d9c720318e,D:\Projects\adb_vl\vision_platform\ads\runtime_collection\click_success\click_success_20260718_085045_813\pre_click.png,515,"[555.1627906976744, 352.74418604651163, 80.37209302325584, 26.790697674418595]",555.163,352.744,80.372,26.791
file_7760835d528ca64b,asset_0a4e900ac50de596,D:\Projects\adb_vl\vision_platform\ads\collections\reviewed_bbox_crops_20260718\crops\rb_000009.png,vision_platform\ads\collections\reviewed_bbox_crops_20260718\crops\rb_000009.png,ads,play_triangle,traceable_parent_bbox,file_979e903430aea95d,asset_865c30d9c720318e,D:\Projects\adb_vl\vision_platform\ads\runtime_collection\click_success\click_success_20260718_085045_813\pre_click.png,516,"[693.5813953488372, 349.7674418604651, 83.34883720930236, 31.25581395348837]",693.581,349.767,83.349,31.256
file_9ae6b115a3d4a574,asset_b9f13ebbb5033ec5,D:\Projects\adb_vl\vision_platform\ads\collections\reviewed_bbox_crops_20260718\crops\rb_000010.png,vision_platform\ads\collections\reviewed_bbox_crops_20260718\crops\rb_000010.png,ads,play_triangle,traceable_parent_bbox,file_979e903430aea95d,asset_865c30d9c720318e,D:\Projects\adb_vl\vision_platform\ads\runtime_collection\click_success\click_success_20260718_085045_813\pre_click.png,517,"[832.0, 351.25581395348837, 89.30232558139528, 29.767441860465112]",832.000,351.256,89.302,29.767
file_1826db5c62538f61,asset_4c87c089867a99c8,D:\Projects\adb_vl\vision_platform\ads\collections\reviewed_bbox_crops_20260718\crops\rb_000011.png,vision_platform\ads\collections\reviewed_bbox_crops_20260718\crops\rb_000011.png,ads,x_mark,traceable_parent_bbox,file_2ee23ae8fe9fb845,asset_0df138cceee42d63,D:\Projects\adb_vl\vision_platform\ads\runtime_collection\click_success\click_success_20260718_085103_455\pre_click.png,405,"[907.9069767441861, 16.372093023255815, 38.697674418604606, 37.20930232558139]",907.907,16.372,38.698,37.209
file_0504a1c09e534466,asset_86b6f2dd24a02f43,D:\Projects\adb_vl\vision_platform\ads\collections\reviewed_bbox_crops_20260718\crops\rb_000012.png,vision_platform\ads\collections\reviewed_bbox_crops_20260718\crops\rb_000012.png,ads,got,traceable_parent_bbox,file_e9f738737fd54164,asset_40dba9d42050a660,D:\Projects\adb_vl\vision_platform\ads\runtime_collection\click_success\click_success_20260718_085108_150\pre_click.png,377,"[418.2325581395349, 139.90697674418604, 120.55813953488376, 35.720930232558146]",418.233,139.907,120.558,35.721
file_0c0ae5517d44b864,asset_05e39c545c2d589c,D:\Projects\adb_vl\vision_platform\ads\collections\reviewed_bbox_crops_20260718\crops\rb_000013.png,vision_platform\ads\collections\reviewed_bbox_crops_20260718\crops\rb_000013.png,ads,play_triangle,traceable_parent_bbox,file_a38c48abbc580962,asset_866a5672b0fbfcde,D:\Projects\adb_vl\vision_platform\ads\runtime_collection\click_success\click_success_20260718_085114_247\pre_click.png,495,"[413.7674418604651, 351.25581395348837, 86.32558139534882, 29.767441860465112]",413.767,351.256,86.326,29.767
file_36e87ea76755944a,asset_3ace1f0522c58233,D:\Projects\adb_vl\vision_platform\ads\collections\reviewed_bbox_crops_20260718\crops\rb_000014.png,vision_platform\ads\collections\reviewed_bbox_crops_20260718\crops\rb_000014.png,ads,play_triangle,traceable_parent_bbox,file_a38c48abbc580962,asset_866a5672b0fbfcde,D:\Projects\adb_vl\vision_platform\ads\runtime_collection\click_success\click_success_20260718_085114_247\pre_click.png,496,"[555.1627906976744, 352.74418604651163, 80.37209302325584, 26.790697674418595]",555.163,352.744,80.372,26.791
file_d1695a739292094f,asset_0a4e900ac50de596,D:\Projects\adb_vl\vision_platform\ads\collections\reviewed_bbox_crops_20260718\crops\rb_000015.png,vision_platform\ads\collections\reviewed_bbox_crops_20260718\crops\rb_000015.png,ads,play_triangle,traceable_parent_bbox,file_a38c48abbc580962,asset_866a5672b0fbfcde,D:\Projects\adb_vl\vision_platform\ads\runtime_collection\click_success\click_success_20260718_085114_247\pre_click.png,497,"[693.5813953488372, 349.7674418604651, 83.34883720930236, 31.25581395348837]",693.581,349.767,83.349,31.256
file_350e5e44d7026bec,asset_f100a9014b2156a1,D:\Projects\adb_vl\vision_platform\ads\collections\reviewed_bbox_crops_20260718\crops\rb_000016.png,vision_platform\ads\collections\reviewed_bbox_crops_20260718\crops\rb_000016.png,ads,x_mark,traceable_parent_bbox,file_17701a062d36f771,asset_ec83c2c1ebe46b39,D:\Projects\adb_vl\vision_platform\ads\runtime_collection\click_success\click_success_20260718_085131_891\pre_click.png,408,"[907.9069767441861, 16.372093023255815, 38.697674418604606, 37.20930232558139]",907.907,16.372,38.698,37.209
file_2529cd8543729086,asset_3339e98614734240,D:\Projects\adb_vl\vision_platform\ads\collections\reviewed_bbox_crops_20260718\crops\rb_000017.png,vision_platform\ads\collections\reviewed_bbox_crops_20260718\crops\rb_000017.png,ads,got,traceable_parent_bbox,file_2331f03018ffb667,asset_2bb3ab150b2c17f7,D:\Projects\adb_vl\vision_platform\ads\runtime_collection\click_success\click_success_20260718_085136_565\pre_click.png,364,"[418.2325581395349, 139.90697674418604, 120.55813953488376, 35.720930232558146]",418.233,139.907,120.558,35.721
file_e9ee06a1f16eb507,asset_0f4b94e17468addc,D:\Projects\adb_vl\vision_platform\ads\collections\reviewed_bbox_crops_20260718\crops\rb_000018.png,vision_platform\ads\collections\reviewed_bbox_crops_20260718\crops\rb_000018.png,ads,play_triangle,traceable_parent_bbox,file_ce136e80c7a4a03b,asset_bc10d756a9a35133,D:\Projects\adb_vl\vision_platform\ads\runtime_collection\click_success\click_success_20260718_085142_972\pre_click.png,441,"[692.0930232558139, 348.27906976744185, 81.8604651162791, 32.74418604651163]",692.093,348.279,81.860,32.744
file_c2afc230dfb699a0,asset_966793a379a174df,D:\Projects\adb_vl\vision_platform\ads\collections\reviewed_bbox_crops_20260718\crops\rb_000019.png,vision_platform\ads\collections\reviewed_bbox_crops_20260718\crops\rb_000019.png,ads,play_triangle,traceable_parent_bbox,file_ce136e80c7a4a03b,asset_bc10d756a9a35133,D:\Projects\adb_vl\vision_platform\ads\runtime_collection\click_success\click_success_20260718_085142_972\pre_click.png,442,"[558.1395348837209, 349.7674418604651, 74.41860465116281, 29.767441860465112]",558.140,349.767,74.419,29.767
file_24c0d6de0c1393cc,asset_36d53dd90fea6af5,D:\Projects\adb_vl\vision_platform\ads\collections\reviewed_bbox_crops_20260718\crops\rb_000020.png,vision_platform\ads\collections\reviewed_bbox_crops_20260718\crops\rb_000020.png,ads,x_mark,traceable_parent_bbox,file_7898ceb77f7b53fe,asset_a4f70e645255b736,D:\Projects\adb_vl\vision_platform\ads\runtime_collection\click_success\click_success_20260718_085200_606\pre_click.png,398,"[903.4418604651163, 17.86046511627907, 41.67441860465112, 32.74418604651163]",903.442,17.860,41.674,32.744
file_7bdb91d7d8853f5c,asset_64e580b703f7b099,D:\Projects\adb_vl\vision_platform\ads\collections\reviewed_bbox_crops_20260718\crops\rb_000021.png,vision_platform\ads\collections\reviewed_bbox_crops_20260718\crops\rb_000021.png,ads,got,traceable_parent_bbox,file_31d3607b1f791aa3,asset_184fc9696695ed9d,D:\Projects\adb_vl\vision_platform\ads\runtime_collection\click_success\click_success_20260718_085205_267\pre_click.png,358,"[418.2325581395349, 139.90697674418604, 120.55813953488376, 35.720930232558146]",418.233,139.907,120.558,35.721
file_97087fc40d12ee4c,asset_0f4b94e17468addc,D:\Projects\adb_vl\vision_platform\ads\collections\reviewed_bbox_crops_20260718\crops\rb_000022.png,vision_platform\ads\collections\reviewed_bbox_crops_20260718\crops\rb_000022.png,ads,play_triangle,traceable_parent_bbox,file_3bf5dc03ed9523fe,asset_643995342e434bf3,D:\Projects\adb_vl\vision_platform\ads\runtime_collection\click_success\click_success_20260718_085211_732\pre_click.png,427,"[692.0930232558139, 348.27906976744185, 81.8604651162791, 32.74418604651163]",692.093,348.279,81.860,32.744
file_c0732ecb975d0119,asset_4c87c089867a99c8,D:\Projects\adb_vl\vision_platform\ads\collections\reviewed_bbox_crops_20260718\crops\rb_000023.png,vision_platform\ads\collections\reviewed_bbox_crops_20260718\crops\rb_000023.png,ads,x_mark,traceable_parent_bbox,file_257fe523aaf5236a,asset_0df138cceee42d63,D:\Projects\adb_vl\vision_platform\ads\runtime_collection\click_success\click_success_20260718_085229_340\pre_click.png,406,"[907.9069767441861, 16.372093023255815, 38.697674418604606, 37.20930232558139]",907.907,16.372,38.698,37.209
file_15ea69f1ca4eff57,asset_263e7f9b0146a7b8,D:\Projects\adb_vl\vision_platform\ads\collections\reviewed_bbox_crops_20260718\crops\rb_000024.png,vision_platform\ads\collections\reviewed_bbox_crops_20260718\crops\rb_000024.png,ads,got,traceable_parent_bbox,file_31c6dff008c6bb23,asset_097a4a7e35bdc8ee,D:\Projects\adb_vl\vision_platform\ads\runtime_collection\click_success\click_success_20260718_085234_000\pre_click.png,359,"[418.2325581395349, 139.90697674418604, 120.55813953488376, 35.720930232558146]",418.233,139.907,120.558,35.721
file_f1adeefce6189721,asset_0f4b94e17468addc,D:\Projects\adb_vl\vision_platform\ads\collections\reviewed_bbox_crops_20260718\crops\rb_000025.png,vision_platform\ads\collections\reviewed_bbox_crops_20260718\crops\rb_000025.png,ads,play_triangle,traceable_parent_bbox,file_2a5e82f1e41448c4,asset_1fa44ff49fff3e1f,D:\Projects\adb_vl\vision_platform\ads\runtime_collection\click_success\click_success_20260718_085240_431\pre_click.png,428,"[692.0930232558139, 348.27906976744185, 81.8604651162791, 32.74418604651163]",692.093,348.279,81.860,32.744
file_ab1710fbb3d42a20,asset_36d53dd90fea6af5,D:\Projects\adb_vl\vision_platform\ads\collections\reviewed_bbox_crops_20260718\crops\rb_000026.png,vision_platform\ads\collections\reviewed_bbox_crops_20260718\crops\rb_000026.png,ads,x_mark,traceable_parent_bbox,file_e3e00140adbfb7e8,asset_a4f70e645255b736,D:\Projects\adb_vl\vision_platform\ads\runtime_collection\click_success\click_success_20260718_085258_029\pre_click.png,399,"[903.4418604651163, 17.86046511627907, 41.67441860465112, 32.74418604651163]",903.442,17.860,41.674,32.744
file_277c59c085cb6c63,asset_91180915c5701b39,D:\Projects\adb_vl\vision_platform\ads\collections\reviewed_bbox_crops_20260718\crops\rb_000027.png,vision_platform\ads\collections\reviewed_bbox_crops_20260718\crops\rb_000027.png,ads,got,traceable_parent_bbox,file_95ac70506f25773f,asset_014ab628e18c4c01,D:\Projects\adb_vl\vision_platform\ads\runtime_collection\click_success\click_success_20260718_085302_739\pre_click.png,356,"[418.2325581395349, 139.90697674418604, 120.55813953488376, 35.720930232558146]",418.233,139.907,120.558,35.721
file_0805ab85dda0d03a,asset_05e39c545c2d589c,D:\Projects\adb_vl\vision_platform\ads\collections\reviewed_bbox_crops_20260718\crops\rb_000028.png,vision_platform\ads\collections\reviewed_bbox_crops_20260718\crops\rb_000028.png,ads,play_triangle,traceable_parent_bbox,file_ac4db561d708b23f,asset_097638c34948d535,D:\Projects\adb_vl\vision_platform\ads\runtime_collection\click_success\click_success_20260718_093030_932\pre_click.png,487,"[413.7674418604651, 351.25581395348837, 86.32558139534882, 29.767441860465112]",413.767,351.256,86.326,29.767
file_c05d6974c44aedcd,asset_3ace1f0522c58233,D:\Projects\adb_vl\vision_platform\ads\collections\reviewed_bbox_crops_20260718\crops\rb_000029.png,vision_platform\ads\collections\reviewed_bbox_crops_20260718\crops\rb_000029.png,ads,play_triangle,traceable_parent_bbox,file_ac4db561d708b23f,asset_097638c34948d535,D:\Projects\adb_vl\vision_platform\ads\runtime_collection\click_success\click_success_20260718_093030_932\pre_click.png,488,"[555.1627906976744, 352.74418604651163, 80.37209302325584, 26.790697674418595]",555.163,352.744,80.372,26.791
file_1ff07c3709bb8d99,asset_0a4e900ac50de596,D:\Projects\adb_vl\vision_platform\ads\collections\reviewed_bbox_crops_20260718\crops\rb_000030.png,vision_platform\ads\collections\reviewed_bbox_crops_20260718\crops\rb_000030.png,ads,play_triangle,traceable_parent_bbox,file_ac4db561d708b23f,asset_097638c34948d535,D:\Projects\adb_vl\vision_platform\ads\runtime_collection\click_success\click_success_20260718_093030_932\pre_click.png,489,"[693.5813953488372, 349.7674418604651, 83.34883720930236, 31.25581395348837]",693.581,349.767,83.349,31.256
file_90977348d878021d,asset_a2b1e091a21628ed,D:\Projects\adb_vl\vision_platform\ads\collections\reviewed_bbox_crops_20260718\crops\rb_000031.png,vision_platform\ads\collections\reviewed_bbox_crops_20260718\crops\rb_000031.png,ads,play_triangle,traceable_parent_bbox,file_ac4db561d708b23f,asset_097638c34948d535,D:\Projects\adb_vl\vision_platform\ads\runtime_collection\click_success\click_success_20260718_093030_932\pre_click.png,490,"[832.0, 351.25581395348837, 86.32558139534888, 29.767441860465112]",832.000,351.256,86.326,29.767
file_5de41a6bf1b64cd8,asset_b2059348cf385652,D:\Projects\adb_vl\vision_platform\ads\collections\reviewed_bbox_crops_20260718\crops\rb_000032.png,vision_platform\ads\collections\reviewed_bbox_crops_20260718\crops\rb_000032.png,ads,x_mark,traceable_parent_bbox,file_da90c5d798c0ce8d,asset_f5bbb90ad870ee0e,D:\Projects\adb_vl\vision_platform\ads\runtime_collection\click_success\click_success_20260718_093048_823\pre_click.png,551,"[903.4418604651163, 17.86046511627907, 41.67441860465112, 35.72093023255813]",903.442,17.860,41.674,35.721
file_5f44ff9abab2b6a8,asset_56d6ee45d39394a2,D:\Projects\adb_vl\vision_platform\ads\collections\reviewed_bbox_crops_20260718\crops\rb_000033.png,vision_platform\ads\collections\reviewed_bbox_crops_20260718\crops\rb_000033.png,ads,got,traceable_parent_bbox,file_08b2ef9c872ccb12,asset_e389f72eb8ee6040,D:\Projects\adb_vl\vision_platform\ads\runtime_collection\click_success\click_success_20260718_093053_539\pre_click.png,382,"[418.2325581395349, 139.90697674418604, 120.55813953488376, 35.720930232558146]",418.233,139.907,120.558,35.721
file_9a3b3a5c024c5b69,asset_05e39c545c2d589c,D:\Projects\adb_vl\vision_platform\ads\collections\reviewed_bbox_crops_20260718\crops\rb_000034.png,vision_platform\ads\collections\reviewed_bbox_crops_20260718\crops\rb_000034.png,ads,play_triangle,traceable_parent_bbox,file_54f8ea80cc90182d,asset_62806bba2098a21d,D:\Projects\adb_vl\vision_platform\ads\runtime_collection\click_success\click_success_20260718_093059_764\pre_click.png,491,"[413.7674418604651, 351.25581395348837, 86.32558139534882, 29.767441860465112]",413.767,351.256,86.326,29.767
file_411cb0a9ee0c0ec8,asset_3ace1f0522c58233,D:\Projects\adb_vl\vision_platform\ads\collections\reviewed_bbox_crops_20260718\crops\rb_000035.png,vision_platform\ads\collections\reviewed_bbox_crops_20260718\crops\rb_000035.png,ads,play_triangle,traceable_parent_bbox,file_54f8ea80cc90182d,asset_62806bba2098a21d,D:\Projects\adb_vl\vision_platform\ads\runtime_collection\click_success\click_success_20260718_093059_764\pre_click.png,492,"[555.1627906976744, 352.74418604651163, 80.37209302325584, 26.790697674418595]",555.163,352.744,80.372,26.791
file_d52cb9703e9f29ff,asset_0a4e900ac50de596,D:\Projects\adb_vl\vision_platform\ads\collections\reviewed_bbox_crops_20260718\crops\rb_000036.png,vision_platform\ads\collections\reviewed_bbox_crops_20260718\crops\rb_000036.png,ads,play_triangle,traceable_parent_bbox,file_54f8ea80cc90182d,asset_62806bba2098a21d,D:\Projects\adb_vl\vision_platform\ads\runtime_collection\click_success\click_success_20260718_093059_764\pre_click.png,493,"[693.5813953488372, 349.7674418604651, 83.34883720930236, 31.25581395348837]",693.581,349.767,83.349,31.256
file_7287e1e31f1fc5de,asset_a2b1e091a21628ed,D:\Projects\adb_vl\vision_platform\ads\collections\reviewed_bbox_crops_20260718\crops\rb_000037.png,vision_platform\ads\collections\reviewed_bbox_crops_20260718\crops\rb_000037.png,ads,play_triangle,traceable_parent_bbox,file_54f8ea80cc90182d,asset_62806bba2098a21d,D:\Projects\adb_vl\vision_platform\ads\runtime_collection\click_success\click_success_20260718_093059_764\pre_click.png,494,"[832.0, 351.25581395348837, 86.32558139534888, 29.767441860465112]",832.000,351.256,86.326,29.767
file_17d3cc87b3c2ec90,asset_0f3b38cb29c91625,D:\Projects\adb_vl\vision_platform\ads\collections\reviewed_bbox_crops_20260718\crops\rb_000038.png,vision_platform\ads\collections\reviewed_bbox_crops_20260718\crops\rb_000038.png,ads,x_mark,traceable_parent_bbox,file_521f6b69e6174454,asset_e01fefad9cdb2ffd,D:\Projects\adb_vl\vision_platform\ads\runtime_collection\click_success\click_success_20260718_093117_690\pre_click.png,477,"[906.4186046511628, 11.906976744186046, 38.697674418604606, 40.18604651162791]",906.419,11.907,38.698,40.186
file_a8ea73fb4828899e,asset_e590a003cbc9ac92,D:\Projects\adb_vl\vision_platform\ads\collections\reviewed_bbox_crops_20260718\crops\rb_000039.png,vision_platform\ads\collections\reviewed_bbox_crops_20260718\crops\rb_000039.png,ads,got,traceable_parent_bbox,file_42c147ccb223f75b,asset_6bd9b14cefddc57a,D:\Projects\adb_vl\vision_platform\ads\runtime_collection\click_success\click_success_20260718_093122_460\pre_click.png,372,"[418.2325581395349, 139.90697674418604, 120.55813953488376, 35.720930232558146]",418.233,139.907,120.558,35.721
file_f32c265ebaa92314,asset_0f4b94e17468addc,D:\Projects\adb_vl\vision_platform\ads\collections\reviewed_bbox_crops_20260718\crops\rb_000040.png,vision_platform\ads\collections\reviewed_bbox_crops_20260718\crops\rb_000040.png,ads,play_triangle,traceable_parent_bbox,file_b7167ca81f67ded8,asset_3ec4003efc44a2e5,D:\Projects\adb_vl\vision_platform\ads\runtime_collection\click_success\click_success_20260718_093128_588\pre_click.png,438,"[692.0930232558139, 348.27906976744185, 81.8604651162791, 32.74418604651163]",692.093,348.279,81.860,32.744
file_f0d3620f031be286,asset_966793a379a174df,D:\Projects\adb_vl\vision_platform\ads\collections\reviewed_bbox_crops_20260718\crops\rb_000041.png,vision_platform\ads\collections\reviewed_bbox_crops_20260718\crops\rb_000041.png,ads,play_triangle,traceable_parent_bbox,file_b7167ca81f67ded8,asset_3ec4003efc44a2e5,D:\Projects\adb_vl\vision_platform\ads\runtime_collection\click_success\click_success_20260718_093128_588\pre_click.png,439,"[558.1395348837209, 349.7674418604651, 74.41860465116281, 29.767441860465112]",558.140,349.767,74.419,29.767
file_09ceb56f0995b554,asset_21c5da20d19c35cc,D:\Projects\adb_vl\vision_platform\ads\collections\reviewed_bbox_crops_20260718\crops\rb_000042.png,vision_platform\ads\collections\reviewed_bbox_crops_20260718\crops\rb_000042.png,ads,play_triangle,traceable_parent_bbox,file_b7167ca81f67ded8,asset_3ec4003efc44a2e5,D:\Projects\adb_vl\vision_platform\ads\runtime_collection\click_success\click_success_20260718_093128_588\pre_click.png,440,"[416.74418604651163, 351.25581395348837, 78.88372093023253, 29.767441860465112]",416.744,351.256,78.884,29.767
file_9e73e5c86075a3d7,asset_36d53dd90fea6af5,D:\Projects\adb_vl\vision_platform\ads\collections\reviewed_bbox_crops_20260718\crops\rb_000043.png,vision_platform\ads\collections\reviewed_bbox_crops_20260718\crops\rb_000043.png,ads,x_mark,traceable_parent_bbox,file_b2dd403da41cbff9,asset_a4f70e645255b736,D:\Projects\adb_vl\vision_platform\ads\runtime_collection\click_success\click_success_20260718_093146_786\pre_click.png,400,"[903.4418604651163, 17.86046511627907, 41.67441860465112, 32.74418604651163]",903.442,17.860,41.674,32.744
file_f778eb90bd5d0e0c,asset_f920178f94c040b8,D:\Projects\adb_vl\vision_platform\ads\collections\reviewed_bbox_crops_20260718\crops\rb_000044.png,vision_platform\ads\collections\reviewed_bbox_crops_20260718\crops\rb_000044.png,ads,got,traceable_parent_bbox,file_52f4b37a8e32a437,asset_69031b1601035f95,D:\Projects\adb_vl\vision_platform\ads\runtime_collection\click_success\click_success_20260718_093151_468\pre_click.png,373,"[418.2325581395349, 139.90697674418604, 120.55813953488376, 35.720930232558146]",418.233,139.907,120.558,35.721
file_b35a7d24eb0eeb08,asset_0f4b94e17468addc,D:\Projects\adb_vl\vision_platform\ads\collections\reviewed_bbox_crops_20260718\crops\rb_000045.png,vision_platform\ads\collections\reviewed_bbox_crops_20260718\crops\rb_000045.png,ads,play_triangle,traceable_parent_bbox,file_7e8902cd4577e0de,asset_12a14646541be994,D:\Projects\adb_vl\vision_platform\ads\runtime_collection\click_success\click_success_20260718_093157_905\pre_click.png,433,"[692.0930232558139, 348.27906976744185, 81.8604651162791, 32.74418604651163]",692.093,348.279,81.860,32.744
file_d0ca969f145ee025,asset_966793a379a174df,D:\Projects\adb_vl\vision_platform\ads\collections\reviewed_bbox_crops_20260718\crops\rb_000046.png,vision_platform\ads\collections\reviewed_bbox_crops_20260718\crops\rb_000046.png,ads,play_triangle,traceable_parent_bbox,file_7e8902cd4577e0de,asset_12a14646541be994,D:\Projects\adb_vl\vision_platform\ads\runtime_collection\click_success\click_success_20260718_093157_905\pre_click.png,434,"[558.1395348837209, 349.7674418604651, 74.41860465116281, 29.767441860465112]",558.140,349.767,74.419,29.767
file_f7dfb27948729023,asset_0f3b38cb29c91625,D:\Projects\adb_vl\vision_platform\ads\collections\reviewed_bbox_crops_20260718\crops\rb_000047.png,vision_platform\ads\collections\reviewed_bbox_crops_20260718\crops\rb_000047.png,ads,x_mark,traceable_parent_bbox,file_8240b4625453bcd5,asset_e01fefad9cdb2ffd,D:\Projects\adb_vl\vision_platform\ads\runtime_collection\click_success\click_success_20260718_093215_710\pre_click.png,479,"[906.4186046511628, 11.906976744186046, 38.697674418604606, 40.18604651162791]",906.419,11.907,38.698,40.186
file_cfd1964100ca8aaa,asset_6a071a9554a7c352,D:\Projects\adb_vl\vision_platform\ads\collections\reviewed_bbox_crops_20260718\crops\rb_000048.png,vision_platform\ads\collections\reviewed_bbox_crops_20260718\crops\rb_000048.png,ads,got,traceable_parent_bbox,file_7bfd435a242da298,asset_dc4b1b7bf5d22ce1,D:\Projects\adb_vl\vision_platform\ads\runtime_collection\click_success\click_success_20260718_093220_419\pre_click.png,366,"[418.2325581395349, 139.90697674418604, 120.55813953488376, 35.720930232558146]",418.233,139.907,120.558,35.721
file_38ee8dfbc5f6c1e4,asset_0f4b94e17468addc,D:\Projects\adb_vl\vision_platform\ads\collections\reviewed_bbox_crops_20260718\crops\rb_000049.png,vision_platform\ads\collections\reviewed_bbox_crops_20260718\crops\rb_000049.png,ads,play_triangle,traceable_parent_bbox,file_834076543c2ee80e,asset_7c12bfe480a6f4ea,D:\Projects\adb_vl\vision_platform\ads\runtime_collection\click_success\click_success_20260718_093227_071\pre_click.png,425,"[692.0930232558139, 348.27906976744185, 81.8604651162791, 32.74418604651163]",692.093,348.279,81.860,32.744
file_7bb1b60bd9354098,asset_d9d86649c8843324,D:\Projects\adb_vl\vision_platform\ads\collections\reviewed_bbox_crops_20260718\crops\rb_000050.png,vision_platform\ads\collections\reviewed_bbox_crops_20260718\crops\rb_000050.png,ads,x_mark,traceable_parent_bbox,file_a7b328df0a36c449,asset_0169178cafbbd91c,D:\Projects\adb_vl\vision_platform\ads\runtime_collection\click_success\click_success_20260718_093244_687\pre_click.png,407,"[907.9069767441861, 16.372093023255815, 38.697674418604606, 37.20930232558139]",907.907,16.372,38.698,37.209
file_35b03c30d0dda3e6,asset_7dac488a639456b7,D:\Projects\adb_vl\vision_platform\ads\collections\reviewed_bbox_crops_20260718\crops\rb_000051.png,vision_platform\ads\collections\reviewed_bbox_crops_20260718\crops\rb_000051.png,ads,got,traceable_parent_bbox,file_8c1c921e7249c73c,asset_afe0216a1d510d32,D:\Projects\adb_vl\vision_platform\ads\runtime_collection\click_success\click_success_20260718_093249_317\pre_click.png,367,"[418.2325581395349, 139.90697674418604, 120.55813953488376, 35.720930232558146]",418.233,139.907,120.558,35.721
file_83e55d4c6c0500b1,asset_0f4b94e17468addc,D:\Projects\adb_vl\vision_platform\ads\collections\reviewed_bbox_crops_20260718\crops\rb_000052.png,vision_platform\ads\collections\reviewed_bbox_crops_20260718\crops\rb_000052.png,ads,play_triangle,traceable_parent_bbox,file_f6cee44f7ec069b4,asset_d3e2135e12ffec32,D:\Projects\adb_vl\vision_platform\ads\runtime_collection\click_success\click_success_20260718_093255_727\pre_click.png,426,"[692.0930232558139, 348.27906976744185, 81.8604651162791, 32.74418604651163]",692.093,348.279,81.860,32.744
file_833bfe34d93542e1,asset_01cb0ddbc4f9acfd,D:\Projects\adb_vl\vision_platform\ads\collections\reviewed_bbox_crops_20260718\crops\rb_000053.png,vision_platform\ads\collections\reviewed_bbox_crops_20260718\crops\rb_000053.png,ads,x_mark,traceable_parent_bbox,file_c697918680fd5079,asset_e8d240395ba90ae2,D:\Projects\adb_vl\vision_platform\ads\runtime_collection\click_success\click_success_20260718_093313_370\pre_click.png,396,"[903.4418604651163, 17.86046511627907, 41.67441860465112, 32.74418604651163]",903.442,17.860,41.674,32.744
file_21f37d170ac3d42a,asset_d90adc52bfdb2470,D:\Projects\adb_vl\vision_platform\ads\collections\reviewed_bbox_crops_20260718\crops\rb_000054.png,vision_platform\ads\collections\reviewed_bbox_crops_20260718\crops\rb_000054.png,ads,got,traceable_parent_bbox,file_24f3497a74974825,asset_ea84c9dcd907ccf2,D:\Projects\adb_vl\vision_platform\ads\runtime_collection\click_success\click_success_20260718_093318_020\pre_click.png,357,"[418.2325581395349, 139.90697674418604, 120.55813953488376, 35.720930232558146]",418.233,139.907,120.558,35.721
file_5c7a77f09692692f,asset_1efd56983e8a2be7,D:\Projects\adb_vl\vision_platform\ads\collections\reviewed_bbox_crops_20260718\crops\rb_000055.png,vision_platform\ads\collections\reviewed_bbox_crops_20260718\crops\rb_000055.png,ads,play_triangle,traceable_parent_bbox,file_f3e3e568b2bd34ea,asset_d2c814015cac2c78,D:\Projects\adb_vl\vision_platform\ads\runtime_collection\click_success\click_success_20260718_094154_736\pre_click.png,451,"[278.3255813953488, 336.3720930232558, 96.74418604651163, 26.790697674418652]",278.326,336.372,96.744,26.791
file_cc0295811aa6fec6,asset_653791f50f2b86dc,D:\Projects\adb_vl\vision_platform\ads\collections\reviewed_bbox_crops_20260718\crops\rb_000056.png,vision_platform\ads\collections\reviewed_bbox_crops_20260718\crops\rb_000056.png,ads,x_mark,traceable_parent_bbox,file_486db7597242f93e,asset_9f183babb0c335e7,D:\Projects\adb_vl\vision_platform\ads\runtime_collection\click_success\click_success_20260718_094212_661\pre_click.png,481,"[906.4186046511628, 11.906976744186046, 38.697674418604606, 40.18604651162791]",906.419,11.907,38.698,40.186
file_ffa3f00532e1de37,asset_b396b1140daa0cf6,D:\Projects\adb_vl\vision_platform\ads\collections\reviewed_bbox_crops_20260718\crops\rb_000057.png,vision_platform\ads\collections\reviewed_bbox_crops_20260718\crops\rb_000057.png,ads,got,traceable_parent_bbox,file_5f093f01bf0f2aa4,asset_1c8b502573b77743,D:\Projects\adb_vl\vision_platform\ads\runtime_collection\click_success\click_success_20260718_094217_391\pre_click.png,341,"[418.2325581395349, 139.90697674418604, 120.55813953488376, 35.720930232558146]",418.233,139.907,120.558,35.721
file_50f04bb2d911e011,asset_1efd56983e8a2be7,D:\Projects\adb_vl\vision_platform\ads\collections\reviewed_bbox_crops_20260718\crops\rb_000058.png,vision_platform\ads\collections\reviewed_bbox_crops_20260718\crops\rb_000058.png,ads,play_triangle,traceable_parent_bbox,file_da1872a5c9194db2,asset_5cb13174e6daffbf,D:\Projects\adb_vl\vision_platform\ads\runtime_collection\click_success\click_success_20260718_094222_830\pre_click.png,452,"[278.3255813953488, 336.3720930232558, 96.74418604651163, 26.790697674418652]",278.326,336.372,96.744,26.791
file_b487d08eaa24eee8,asset_ea993f5a4033cd11,D:\Projects\adb_vl\vision_platform\ads\collections\reviewed_bbox_crops_20260718\crops\rb_000059.png,vision_platform\ads\collections\reviewed_bbox_crops_20260718\crops\rb_000059.png,ads,x_mark,traceable_parent_bbox,file_768e520fda85378f,asset_2347bcbf66834439,D:\Projects\adb_vl\vision_platform\ads\runtime_collection\click_success\click_success_20260718_094240_503\pre_click.png,397,"[903.4418604651163, 17.86046511627907, 41.67441860465112, 32.74418604651163]",903.442,17.860,41.674,32.744
file_013738ef2ddbf00b,asset_49685c343e3e83f2,D:\Projects\adb_vl\vision_platform\ads\collections\reviewed_bbox_crops_20260718\crops\rb_000060.png,vision_platform\ads\collections\reviewed_bbox_crops_20260718\crops\rb_000060.png,ads,got,traceable_parent_bbox,file_ba33a39f3a4df742,asset_54de5b34a3e4f909,D:\Projects\adb_vl\vision_platform\ads\runtime_collection\click_success\click_success_20260718_094245_305\pre_click.png,342,"[418.2325581395349, 139.90697674418604, 120.55813953488376, 35.720930232558146]",418.233,139.907,120.558,35.721
file_2d6e32d144e028d1,asset_1efd56983e8a2be7,D:\Projects\adb_vl\vision_platform\ads\collections\reviewed_bbox_crops_20260718\crops\rb_000061.png,vision_platform\ads\collections\reviewed_bbox_crops_20260718\crops\rb_000061.png,ads,play_triangle,traceable_parent_bbox,file_65c6b2d42b51cdfb,asset_e8dc77cf749dcee1,D:\Projects\adb_vl\vision_platform\ads\runtime_collection\click_success\click_success_20260718_094250_745\pre_click.png,453,"[278.3255813953488, 336.3720930232558, 96.74418604651163, 26.790697674418652]",278.326,336.372,96.744,26.791
file_f654060999aac1f5,asset_620e5e50e2098f7e,D:\Projects\adb_vl\vision_platform\ads\collections\reviewed_bbox_crops_20260718\crops\rb_000062.png,vision_platform\ads\collections\reviewed_bbox_crops_20260718\crops\rb_000062.png,ads,x_mark,traceable_parent_bbox,file_285dc209cbead215,asset_1c5e9734edbfc31e,D:\Projects\adb_vl\vision_platform\ads\runtime_collection\click_success\click_success_20260718_094308_494\pre_click.png,410,"[907.9069767441861, 16.372093023255815, 38.697674418604606, 37.20930232558139]",907.907,16.372,38.698,37.209
file_66d30e8766d0d07f,asset_4f54c7f02364deb3,D:\Projects\adb_vl\vision_platform\ads\collections\reviewed_bbox_crops_20260718\crops\rb_000063.png,vision_platform\ads\collections\reviewed_bbox_crops_20260718\crops\rb_000063.png,ads,got,traceable_parent_bbox,file_84b0f8705ee74563,asset_b7224094a3303f19,D:\Projects\adb_vl\vision_platform\ads\runtime_collection\click_success\click_success_20260718_094313_482\pre_click.png,343,"[418.2325581395349, 139.90697674418604, 120.55813953488376, 35.720930232558146]",418.233,139.907,120.558,35.721
file_2f8ef7c43f1a2e47,asset_1efd56983e8a2be7,D:\Projects\adb_vl\vision_platform\ads\collections\reviewed_bbox_crops_20260718\crops\rb_000064.png,vision_platform\ads\collections\reviewed_bbox_crops_20260718\crops\rb_000064.png,ads,play_triangle,traceable_parent_bbox,file_6b8360dadfad9a6e,asset_6fff9b507be59797,D:\Projects\adb_vl\vision_platform\ads\runtime_collection\click_success\click_success_20260718_094319_249\pre_click.png,448,"[278.3255813953488, 336.3720930232558, 96.74418604651163, 26.790697674418652]",278.326,336.372,96.744,26.791
file_c105b48e0b40e20f,asset_12eb6334bb7457ba,D:\Projects\adb_vl\vision_platform\ads\collections\reviewed_bbox_crops_20260718\crops\rb_000065.png,vision_platform\ads\collections\reviewed_bbox_crops_20260718\crops\rb_000065.png,ads,x_mark,traceable_parent_bbox,file_9fec6bc95a16a7b0,asset_091ff4bb92b5b4cb,D:\Projects\adb_vl\vision_platform\ads\runtime_collection\click_success\click_success_20260718_094337_171\pre_click.png,421,"[900.4651162790698, 11.906976744186046, 44.65116279069764, 47.627906976744185]",900.465,11.907,44.651,47.628
file_8c257099e2bd386f,asset_2b457dd3565953eb,D:\Projects\adb_vl\vision_platform\ads\collections\reviewed_bbox_crops_20260718\crops\rb_000066.png,vision_platform\ads\collections\reviewed_bbox_crops_20260718\crops\rb_000066.png,ads,got,traceable_parent_bbox,file_92925bd4085f2744,asset_a1357ef799a42b3d,D:\Projects\adb_vl\vision_platform\ads\runtime_collection\click_success\click_success_20260718_094342_192\pre_click.png,344,"[418.2325581395349, 139.90697674418604, 120.55813953488376, 35.720930232558146]",418.233,139.907,120.558,35.721
file_ca3fd5b1eb39b11d,asset_1efd56983e8a2be7,D:\Projects\adb_vl\vision_platform\ads\collections\reviewed_bbox_crops_20260718\crops\rb_000067.png,vision_platform\ads\collections\reviewed_bbox_crops_20260718\crops\rb_000067.png,ads,play_triangle,traceable_parent_bbox,file_7e9d94fe9b2ce9bc,asset_fe810ef990123a8c,D:\Projects\adb_vl\vision_platform\ads\runtime_collection\click_success\click_success_20260718_094347_650\pre_click.png,449,"[278.3255813953488, 336.3720930232558, 96.74418604651163, 26.790697674418652]",278.326,336.372,96.744,26.791
file_2d4f3be6124177ed,asset_36d53dd90fea6af5,D:\Projects\adb_vl\vision_platform\ads\collections\reviewed_bbox_crops_20260718\crops\rb_000068.png,vision_platform\ads\collections\reviewed_bbox_crops_20260718\crops\rb_000068.png,ads,x_mark,traceable_parent_bbox,file_ace991fd54c0b7a0,asset_a4f70e645255b736,D:\Projects\adb_vl\vision_platform\ads\runtime_collection\click_success\click_success_20260718_094405_851\pre_click.png,401,"[903.4418604651163, 17.86046511627907, 41.67441860465112, 32.74418604651163]",903.442,17.860,41.674,32.744
file_2c7fdf034b0a93b4,asset_99b47e8bcd3204e2,D:\Projects\adb_vl\vision_platform\ads\collections\reviewed_bbox_crops_20260718\crops\rb_000069.png,vision_platform\ads\collections\reviewed_bbox_crops_20260718\crops\rb_000069.png,ads,got,traceable_parent_bbox,file_0a2b0d3c8161ca42,asset_3a47bef8e6d22863,D:\Projects\adb_vl\vision_platform\ads\runtime_collection\click_success\click_success_20260718_094410_692\pre_click.png,353,"[418.2325581395349, 139.90697674418604, 120.55813953488376, 35.720930232558146]",418.233,139.907,120.558,35.721
file_dc5f74071ab40cd7,asset_05e39c545c2d589c,D:\Projects\adb_vl\vision_platform\ads\collections\reviewed_bbox_crops_20260718\crops\rb_000070.png,vision_platform\ads\collections\reviewed_bbox_crops_20260718\crops\rb_000070.png,ads,play_triangle,traceable_parent_bbox,file_7425ec2717bf6fd9,asset_d14a5b401c8cc8d8,D:\Projects\adb_vl\vision_platform\ads\runtime_collection\click_success\click_success_20260718_100034_511\pre_click.png,506,"[413.7674418604651, 351.25581395348837, 86.32558139534882, 29.767441860465112]",413.767,351.256,86.326,29.767
file_6e8e7fe9af52b01b,asset_3ace1f0522c58233,D:\Projects\adb_vl\vision_platform\ads\collections\reviewed_bbox_crops_20260718\crops\rb_000071.png,vision_platform\ads\collections\reviewed_bbox_crops_20260718\crops\rb_000071.png,ads,play_triangle,traceable_parent_bbox,file_7425ec2717bf6fd9,asset_d14a5b401c8cc8d8,D:\Projects\adb_vl\vision_platform\ads\runtime_collection\click_success\click_success_20260718_100034_511\pre_click.png,507,"[555.1627906976744, 352.74418604651163, 80.37209302325584, 26.790697674418595]",555.163,352.744,80.372,26.791
file_450326474eb92b1d,asset_0a4e900ac50de596,D:\Projects\adb_vl\vision_platform\ads\collections\reviewed_bbox_crops_20260718\crops\rb_000072.png,vision_platform\ads\collections\reviewed_bbox_crops_20260718\crops\rb_000072.png,ads,play_triangle,traceable_parent_bbox,file_7425ec2717bf6fd9,asset_d14a5b401c8cc8d8,D:\Projects\adb_vl\vision_platform\ads\runtime_collection\click_success\click_success_20260718_100034_511\pre_click.png,508,"[693.5813953488372, 349.7674418604651, 83.34883720930236, 31.25581395348837]",693.581,349.767,83.349,31.256
file_316f75bc9fb119a6,asset_1666aaa13124f098,D:\Projects\adb_vl\vision_platform\ads\collections\reviewed_bbox_crops_20260718\crops\rb_000073.png,vision_platform\ads\collections\reviewed_bbox_crops_20260718\crops\rb_000073.png,ads,free,traceable_parent_bbox,file_7425ec2717bf6fd9,asset_d14a5b401c8cc8d8,D:\Projects\adb_vl\vision_platform\ads\runtime_collection\click_success\click_success_20260718_100034_511\pre_click.png,509,"[832.0, 351.25581395348837, 89.30232558139528, 29.767441860465112]",832.000,351.256,89.302,29.767
file_c001ecd3dd8e6f5a,asset_23e27746bf9acb75,D:\Projects\adb_vl\vision_platform\ads\collections\reviewed_bbox_crops_20260718\crops\rb_000074.png,vision_platform\ads\collections\reviewed_bbox_crops_20260718\crops\rb_000074.png,ads,arrow,traceable_parent_bbox,file_799cf070ce9bd522,asset_c2c655c76bf5fa35,D:\Projects\adb_vl\vision_platform\ads\runtime_collection\click_success\click_success_20260718_100052_051\pre_click.png,543,"[22.325581395348838, 19.348837209302324, 87.81395348837209, 43.16279069767442]",22.326,19.349,87.814,43.163
file_98cf339e99854527,asset_1a15a1aedf1315ed,D:\Projects\adb_vl\vision_platform\ads\collections\reviewed_bbox_crops_20260718\crops\rb_000075.png,vision_platform\ads\collections\reviewed_bbox_crops_20260718\crops\rb_000075.png,ads,arrow,traceable_parent_bbox,file_d00fbee264bb9183,asset_fc58310606b96368,D:\Projects\adb_vl\vision_platform\ads\runtime_collection\click_success\click_success_20260718_100108_596\pre_click.png,579,"[17.86046511627907, 17.86046511627907, 92.27906976744185, 50.60465116279069]",17.860,17.860,92.279,50.605
file_9463a6879cde6633,asset_c4a5faabf729b487,D:\Projects\adb_vl\vision_platform\ads\collections\reviewed_bbox_crops_20260718\crops\rb_000076.png,vision_platform\ads\collections\reviewed_bbox_crops_20260718\crops\rb_000076.png,ads,got,traceable_parent_bbox,file_c42db945d1111021,asset_3b7265a5d524f911,D:\Projects\adb_vl\vision_platform\ads\runtime_collection\click_success\click_success_20260718_100113_420\pre_click.png,381,"[418.2325581395349, 139.90697674418604, 120.55813953488376, 35.720930232558146]",418.233,139.907,120.558,35.721
file_3a54261dbff44822,asset_05e39c545c2d589c,D:\Projects\adb_vl\vision_platform\ads\collections\reviewed_bbox_crops_20260718\crops\rb_000077.png,vision_platform\ads\collections\reviewed_bbox_crops_20260718\crops\rb_000077.png,ads,play_triangle,traceable_parent_bbox,file_e4d0be55b4e306a0,asset_35670afc3d0e9829,D:\Projects\adb_vl\vision_platform\ads\runtime_collection\click_success\click_success_20260718_100119_855\pre_click.png,502,"[413.7674418604651, 351.25581395348837, 86.32558139534882, 29.767441860465112]",413.767,351.256,86.326,29.767
file_aa2a6861107ec762,asset_3ace1f0522c58233,D:\Projects\adb_vl\vision_platform\ads\collections\reviewed_bbox_crops_20260718\crops\rb_000078.png,vision_platform\ads\collections\reviewed_bbox_crops_20260718\crops\rb_000078.png,ads,play_triangle,traceable_parent_bbox,file_e4d0be55b4e306a0,asset_35670afc3d0e9829,D:\Projects\adb_vl\vision_platform\ads\runtime_collection\click_success\click_success_20260718_100119_855\pre_click.png,503,"[555.1627906976744, 352.74418604651163, 80.37209302325584, 26.790697674418595]",555.163,352.744,80.372,26.791
file_6812c204f492edfa,asset_0a4e900ac50de596,D:\Projects\adb_vl\vision_platform\ads\collections\reviewed_bbox_crops_20260718\crops\rb_000079.png,vision_platform\ads\collections\reviewed_bbox_crops_20260718\crops\rb_000079.png,ads,play_triangle,traceable_parent_bbox,file_e4d0be55b4e306a0,asset_35670afc3d0e9829,D:\Projects\adb_vl\vision_platform\ads\runtime_collection\click_success\click_success_20260718_100119_855\pre_click.png,504,"[693.5813953488372, 349.7674418604651, 83.34883720930236, 31.25581395348837]",693.581,349.767,83.349,31.256
file_f0482426ad64d2ec,asset_b9f13ebbb5033ec5,D:\Projects\adb_vl\vision_platform\ads\collections\reviewed_bbox_crops_20260718\crops\rb_000080.png,vision_platform\ads\collections\reviewed_bbox_crops_20260718\crops\rb_000080.png,ads,play_triangle,traceable_parent_bbox,file_e4d0be55b4e306a0,asset_35670afc3d0e9829,D:\Projects\adb_vl\vision_platform\ads\runtime_collection\click_success\click_success_20260718_100119_855\pre_click.png,505,"[832.0, 351.25581395348837, 89.30232558139528, 29.767441860465112]",832.000,351.256,89.302,29.767
file_305f139217f54d07,asset_c966fc39fcf6d4e7,D:\Projects\adb_vl\vision_platform\ads\collections\reviewed_bbox_crops_20260718\crops\rb_000081.png,vision_platform\ads\collections\reviewed_bbox_crops_20260718\crops\rb_000081.png,ads,arrow,traceable_parent_bbox,file_6756a406d9a364fc,asset_0141960b21ce0c77,D:\Projects\adb_vl\vision_platform\ads\runtime_collection\click_success\click_success_20260718_100137_466\pre_click.png,554,"[11.906976744186046, 16.372093023255815, 99.72093023255815, 44.651162790697676]",11.907,16.372,99.721,44.651
file_2aa5e3355a1f71c5,asset_31c3f0fd5986e5c4,D:\Projects\adb_vl\vision_platform\ads\collections\reviewed_bbox_crops_20260718\crops\rb_000082.png,vision_platform\ads\collections\reviewed_bbox_crops_20260718\crops\rb_000082.png,ads,arrow,traceable_parent_bbox,file_2ebce35188188b1d,asset_7a3695d5a343e001,D:\Projects\adb_vl\vision_platform\ads\runtime_collection\click_success\click_success_20260718_100153_776\pre_click.png,601,"[17.86046511627907, 20.837209302325583, 90.7906976744186, 40.18604651162791]",17.860,20.837,90.791,40.186
file_1d29dffd18a49bed,asset_d91e3d1f08b2622c,D:\Projects\adb_vl\vision_platform\ads\collections\reviewed_bbox_crops_20260718\crops\rb_000083.png,vision_platform\ads\collections\reviewed_bbox_crops_20260718\crops\rb_000083.png,ads,got,traceable_parent_bbox,file_f64d2b622dae519b,asset_113c734a8adfaa2e,D:\Projects\adb_vl\vision_platform\ads\runtime_collection\click_success\click_success_20260718_100158_460\pre_click.png,370,"[418.2325581395349, 139.90697674418604, 120.55813953488376, 35.720930232558146]",418.233,139.907,120.558,35.721
file_c3c64ce2d911fb6e,asset_0f4b94e17468addc,D:\Projects\adb_vl\vision_platform\ads\collections\reviewed_bbox_crops_20260718\crops\rb_000084.png,vision_platform\ads\collections\reviewed_bbox_crops_20260718\crops\rb_000084.png,ads,play_triangle,traceable_parent_bbox,file_afea09ba9f9e5bb2,asset_753f965a3797b8da,D:\Projects\adb_vl\vision_platform\ads\runtime_collection\click_success\click_success_20260718_100205_161\pre_click.png,435,"[692.0930232558139, 348.27906976744185, 81.8604651162791, 32.74418604651163]",692.093,348.279,81.860,32.744
file_62a8a4413542ca74,asset_966793a379a174df,D:\Projects\adb_vl\vision_platform\ads\collections\reviewed_bbox_crops_20260718\crops\rb_000085.png,vision_platform\ads\collections\reviewed_bbox_crops_20260718\crops\rb_000085.png,ads,play_triangle,traceable_parent_bbox,file_afea09ba9f9e5bb2,asset_753f965a3797b8da,D:\Projects\adb_vl\vision_platform\ads\runtime_collection\click_success\click_success_20260718_100205_161\pre_click.png,436,"[558.1395348837209, 349.7674418604651, 74.41860465116281, 29.767441860465112]",558.140,349.767,74.419,29.767
file_b64ae336bb17e9f7,asset_21c5da20d19c35cc,D:\Projects\adb_vl\vision_platform\ads\collections\reviewed_bbox_crops_20260718\crops\rb_000086.png,vision_platform\ads\collections\reviewed_bbox_crops_20260718\crops\rb_000086.png,ads,play_triangle,traceable_parent_bbox,file_afea09ba9f9e5bb2,asset_753f965a3797b8da,D:\Projects\adb_vl\vision_platform\ads\runtime_collection\click_success\click_success_20260718_100205_161\pre_click.png,437,"[416.74418604651163, 351.25581395348837, 78.88372093023253, 29.767441860465112]",416.744,351.256,78.884,29.767
file_bf38f78053afa077,asset_6bf76d3fd5c9b55e,D:\Projects\adb_vl\vision_platform\ads\collections\reviewed_bbox_crops_20260718\crops\rb_000087.png,vision_platform\ads\collections\reviewed_bbox_crops_20260718\crops\rb_000087.png,ads,next,traceable_parent_bbox,file_c5cc00eb3b91ce65,asset_d17ff2e53658bea2,D:\Projects\adb_vl\vision_platform\ads\runtime_collection\click_success\click_success_20260718_100239_197\pre_click.png,564,"[22.706964520367936, 13.876478318002627, 81.99737187910644, 39.106438896189225]",22.707,13.876,81.997,39.106
file_9d15a57210e6aeca,asset_e4368f59b3fb23a5,D:\Projects\adb_vl\vision_platform\ads\collections\reviewed_bbox_crops_20260718\crops\rb_000088.png,vision_platform\ads\collections\reviewed_bbox_crops_20260718\crops\rb_000088.png,ads,next,traceable_parent_bbox,file_5617e66e00e37e98,asset_7a6ade96a6aea532,D:\Projects\adb_vl\vision_platform\ads\runtime_collection\click_success\click_success_20260718_100245_077\pre_click.png,599,"[17.660972404730618, 16.39947437582129, 140.02628120893561, 29.014454664914584]",17.661,16.399,140.026,29.014
file_67dcd96cb320b4ae,asset_3f5765ee6c16a62d,D:\Projects\adb_vl\vision_platform\ads\collections\reviewed_bbox_crops_20260718\crops\rb_000089.png,vision_platform\ads\collections\reviewed_bbox_crops_20260718\crops\rb_000089.png,ads,x_mark,traceable_parent_bbox,file_908ed2a06166f668,asset_c979a67015df8131,D:\Projects\adb_vl\vision_platform\ads\runtime_collection\click_success\click_success_20260718_100251_508\pre_click.png,403,"[476.84625492772665, 27.752956636005255, 32.79894875164263, 30.275952693823914]",476.846,27.753,32.799,30.276
file_94a20eedf014cf98,asset_72017d57ab286b02,D:\Projects\adb_vl\vision_platform\ads\collections\reviewed_bbox_crops_20260718\crops\rb_000090.png,vision_platform\ads\collections\reviewed_bbox_crops_20260718\crops\rb_000090.png,ads,got,traceable_parent_bbox,file_15ea449a75832a30,asset_3c829e9e6ac64fb0,D:\Projects\adb_vl\vision_platform\ads\runtime_collection\click_success\click_success_20260718_100256_410\pre_click.png,371,"[418.2325581395349, 139.90697674418604, 120.55813953488376, 35.720930232558146]",418.233,139.907,120.558,35.721
file_dfcf38849ad10faf,asset_0f4b94e17468addc,D:\Projects\adb_vl\vision_platform\ads\collections\reviewed_bbox_crops_20260718\crops\rb_000091.png,vision_platform\ads\collections\reviewed_bbox_crops_20260718\crops\rb_000091.png,ads,play_triangle,traceable_parent_bbox,file_d092fcfcf9271b71,asset_15e68c0b3c823056,D:\Projects\adb_vl\vision_platform\ads\runtime_collection\click_success\click_success_20260718_100303_038\pre_click.png,431,"[692.0930232558139, 348.27906976744185, 81.8604651162791, 32.74418604651163]",692.093,348.279,81.860,32.744
file_844213c3b03f993e,asset_966793a379a174df,D:\Projects\adb_vl\vision_platform\ads\collections\reviewed_bbox_crops_20260718\crops\rb_000092.png,vision_platform\ads\collections\reviewed_bbox_crops_20260718\crops\rb_000092.png,ads,play_triangle,traceable_parent_bbox,file_d092fcfcf9271b71,asset_15e68c0b3c823056,D:\Projects\adb_vl\vision_platform\ads\runtime_collection\click_success\click_success_20260718_100303_038\pre_click.png,432,"[558.1395348837209, 349.7674418604651, 74.41860465116281, 29.767441860465112]",558.140,349.767,74.419,29.767
file_b28b9ec89b84ce89,asset_226c1d36e84e0a83,D:\Projects\adb_vl\vision_platform\ads\collections\reviewed_bbox_crops_20260718\crops\rb_000093.png,vision_platform\ads\collections\reviewed_bbox_crops_20260718\crops\rb_000093.png,ads,arrow,traceable_parent_bbox,file_09faf2cefbf35bfe,asset_ca0de173c996fb3c,D:\Projects\adb_vl\vision_platform\ads\runtime_collection\click_success\click_success_20260718_100320_770\pre_click.png,585,"[11.906976744185954, 20.837209302325583, 61.02325581395348, 41.674418604651166]",11.907,20.837,61.023,41.674
file_a0ba5fcc9704c144,asset_3dd1cf465dd4e1fc,D:\Projects\adb_vl\vision_platform\ads\collections\reviewed_bbox_crops_20260718\crops\rb_000094.png,vision_platform\ads\collections\reviewed_bbox_crops_20260718\crops\rb_000094.png,ads,arrow,traceable_parent_bbox,file_b623b70c7593f5b5,asset_731332d71f455c01,D:\Projects\adb_vl\vision_platform\ads\runtime_collection\click_success\click_success_20260718_100337_411\pre_click.png,580,"[17.86046511627907, 17.86046511627907, 92.27906976744185, 50.60465116279069]",17.860,17.860,92.279,50.605
file_b46f3ac9a1044d1a,asset_069f2406c8d6ae4b,D:\Projects\adb_vl\vision_platform\ads\collections\reviewed_bbox_crops_20260718\crops\rb_000095.png,vision_platform\ads\collections\reviewed_bbox_crops_20260718\crops\rb_000095.png,ads,got,traceable_parent_bbox,file_277e6511c8653fa7,asset_6d7842beb0c44196,D:\Projects\adb_vl\vision_platform\ads\runtime_collection\click_success\click_success_20260718_100342_222\pre_click.png,368,"[418.2325581395349, 139.90697674418604, 120.55813953488376, 35.720930232558146]",418.233,139.907,120.558,35.721
file_6dd9526e493f33cb,asset_0f4b94e17468addc,D:\Projects\adb_vl\vision_platform\ads\collections\reviewed_bbox_crops_20260718\crops\rb_000096.png,vision_platform\ads\collections\reviewed_bbox_crops_20260718\crops\rb_000096.png,ads,play_triangle,traceable_parent_bbox,file_c3f867aec741da1f,asset_9eb840bb4a6e9aa3,D:\Projects\adb_vl\vision_platform\ads\runtime_collection\click_success\click_success_20260718_100348_829\pre_click.png,423,"[692.0930232558139, 348.27906976744185, 81.8604651162791, 32.74418604651163]",692.093,348.279,81.860,32.744
file_eee1062221155f09,asset_9a65aa273090dd6b,D:\Projects\adb_vl\vision_platform\ads\collections\reviewed_bbox_crops_20260718\crops\rb_000097.png,vision_platform\ads\collections\reviewed_bbox_crops_20260718\crops\rb_000097.png,ads,x_mark,traceable_parent_bbox,file_b720896dda0cc515,asset_29f109f1f74e4650,D:\Projects\adb_vl\vision_platform\ads\runtime_collection\click_success\click_success_20260718_100418_808\pre_click.png,558,"[16.372093023255815, 23.813953488372093, 47.627906976744185, 41.674418604651166]",16.372,23.814,47.628,41.674
file_899ef938ddd45fcb,asset_469378814dd76c28,D:\Projects\adb_vl\vision_platform\ads\collections\reviewed_bbox_crops_20260718\crops\rb_000098.png,vision_platform\ads\collections\reviewed_bbox_crops_20260718\crops\rb_000098.png,ads,got,traceable_parent_bbox,file_6d79b8e21dbd1766,asset_4d59e91b4341b883,D:\Projects\adb_vl\vision_platform\ads\runtime_collection\click_success\click_success_20260718_100423_880\pre_click.png,369,"[418.2325581395349, 139.90697674418604, 120.55813953488376, 35.720930232558146]",418.233,139.907,120.558,35.721
file_62e9a03cd87bb875,asset_0f4b94e17468addc,D:\Projects\adb_vl\vision_platform\ads\collections\reviewed_bbox_crops_20260718\crops\rb_000099.png,vision_platform\ads\collections\reviewed_bbox_crops_20260718\crops\rb_000099.png,ads,play_triangle,traceable_parent_bbox,file_1512a496da3ac94d,asset_5c79abe051e20b85,D:\Projects\adb_vl\vision_platform\ads\runtime_collection\click_success\click_success_20260718_100430_513\pre_click.png,424,"[692.0930232558139, 348.27906976744185, 81.8604651162791, 32.74418604651163]",692.093,348.279,81.860,32.744
file_31980825c4420b48,asset_bcc1721bb55d1642,D:\Projects\adb_vl\vision_platform\ads\collections\reviewed_bbox_crops_20260718\crops\rb_000100.png,vision_platform\ads\collections\reviewed_bbox_crops_20260718\crops\rb_000100.png,ads,x_mark,traceable_parent_bbox,file_7b76e46ce585b9fb,asset_5f484ae591b6aad8,D:\Projects\adb_vl\vision_platform\ads\runtime_collection\click_success\click_success_20260718_100449_098\pre_click.png,537,"[904.9302325581396, 20.837209302325583, 50.604651162790674, 38.69767441860465]",904.930,20.837,50.605,38.698
file_092f15fb75ba6dec,asset_1b3a6e6f798fa5a2,D:\Projects\adb_vl\vision_platform\ads\collections\reviewed_bbox_crops_20260718\crops\rb_000101.png,vision_platform\ads\collections\reviewed_bbox_crops_20260718\crops\rb_000101.png,ads,got,traceable_parent_bbox,file_a8cfb17cb53c698c,asset_b68a2e3cb320d985,D:\Projects\adb_vl\vision_platform\ads\runtime_collection\click_success\click_success_20260718_100453_870\pre_click.png,361,"[418.2325581395349, 139.90697674418604, 120.55813953488376, 35.720930232558146]",418.233,139.907,120.558,35.721
file_5486b3133fe474bb,asset_1efd56983e8a2be7,D:\Projects\adb_vl\vision_platform\ads\collections\reviewed_bbox_crops_20260718\crops\rb_000102.png,vision_platform\ads\collections\reviewed_bbox_crops_20260718\crops\rb_000102.png,ads,play_triangle,traceable_parent_bbox,file_6b9efd2ddbf14bc1,asset_30eb5ea53b507213,D:\Projects\adb_vl\vision_platform\ads\runtime_collection\click_success\click_success_20260718_101341_799\pre_click.png,454,"[278.3255813953488, 336.3720930232558, 96.74418604651163, 26.790697674418652]",278.326,336.372,96.744,26.791
file_5ad715a20931c23f,asset_9604fc1d9d28db2b,D:\Projects\adb_vl\vision_platform\ads\collections\reviewed_bbox_crops_20260718\crops\rb_000103.png,vision_platform\ads\collections\reviewed_bbox_crops_20260718\crops\rb_000103.png,ads,x_mark,traceable_parent_bbox,file_16c75175160f6cd9,asset_87a7688bd140cc86,D:\Projects\adb_vl\vision_platform\ads\runtime_collection\click_success\click_success_20260718_101411_699\pre_click.png,559,"[16.372093023255815, 23.813953488372093, 47.627906976744185, 41.674418604651166]",16.372,23.814,47.628,41.674
file_4d36aa5c301bec9f,asset_632899a232b4f932,D:\Projects\adb_vl\vision_platform\ads\collections\reviewed_bbox_crops_20260718\crops\rb_000104.png,vision_platform\ads\collections\reviewed_bbox_crops_20260718\crops\rb_000104.png,ads,got,traceable_parent_bbox,file_28e0578f76ab9490,asset_ce1685538fba37c1,D:\Projects\adb_vl\vision_platform\ads\runtime_collection\click_success\click_success_20260718_101416_611\pre_click.png,345,"[418.2325581395349, 139.90697674418604, 120.55813953488376, 35.720930232558146]",418.233,139.907,120.558,35.721
file_54ca0c9578597cf8,asset_1efd56983e8a2be7,D:\Projects\adb_vl\vision_platform\ads\collections\reviewed_bbox_crops_20260718\crops\rb_000105.png,vision_platform\ads\collections\reviewed_bbox_crops_20260718\crops\rb_000105.png,ads,play_triangle,traceable_parent_bbox,file_7f7cc2a752c290de,asset_92b6b8dcae627956,D:\Projects\adb_vl\vision_platform\ads\runtime_collection\click_success\click_success_20260718_101422_067\pre_click.png,455,"[278.3255813953488, 336.3720930232558, 96.74418604651163, 26.790697674418652]",278.326,336.372,96.744,26.791
file_05418c2afcaf9455,asset_f8140df227801008,D:\Projects\adb_vl\vision_platform\ads\collections\reviewed_bbox_crops_20260718\crops\rb_000106.png,vision_platform\ads\collections\reviewed_bbox_crops_20260718\crops\rb_000106.png,ads,x_mark,traceable_parent_bbox,file_7e979075738f4fd1,asset_6a5a49477f9ac51d,D:\Projects\adb_vl\vision_platform\ads\runtime_collection\click_success\click_success_20260718_101447_640\pre_click.png,560,"[16.372093023255815, 23.813953488372093, 47.627906976744185, 41.674418604651166]",16.372,23.814,47.628,41.674
file_855fe2ee803e5ef6,asset_bcbfdc32bec94ea3,D:\Projects\adb_vl\vision_platform\ads\collections\reviewed_bbox_crops_20260718\crops\rb_000107.png,vision_platform\ads\collections\reviewed_bbox_crops_20260718\crops\rb_000107.png,ads,got,traceable_parent_bbox,file_202369c2ba18b8a8,asset_666fa9941dbf43c8,D:\Projects\adb_vl\vision_platform\ads\runtime_collection\click_success\click_success_20260718_101452_479\pre_click.png,346,"[418.2325581395349, 139.90697674418604, 120.55813953488376, 35.720930232558146]",418.233,139.907,120.558,35.721
file_a394e9f413666691,asset_1efd56983e8a2be7,D:\Projects\adb_vl\vision_platform\ads\collections\reviewed_bbox_crops_20260718\crops\rb_000108.png,vision_platform\ads\collections\reviewed_bbox_crops_20260718\crops\rb_000108.png,ads,play_triangle,traceable_parent_bbox,file_0b84730eb8e78244,asset_0d460d22bdf818b9,D:\Projects\adb_vl\vision_platform\ads\runtime_collection\click_success\click_success_20260718_101458_434\pre_click.png,450,"[278.3255813953488, 336.3720930232558, 96.74418604651163, 26.790697674418652]",278.326,336.372,96.744,26.791
file_aecc4f11488efbe5,asset_e1d07199af8a6097,D:\Projects\adb_vl\vision_platform\ads\collections\reviewed_bbox_crops_20260718\crops\rb_000109.png,vision_platform\ads\collections\reviewed_bbox_crops_20260718\crops\rb_000109.png,ads,google_play,traceable_parent_bbox,file_dce70e83cdd80ace,asset_316e782d3954179d,D:\Projects\adb_vl\vision_platform\ads\runtime_collection\click_success\click_success_20260718_101532_986\pre_click.png,598,"[17.660972404730618, 16.39947437582129, 140.02628120893561, 29.014454664914584]",17.661,16.399,140.026,29.014
file_51c6e2845fe08c19,asset_b20513fd6c63b9ab,D:\Projects\adb_vl\vision_platform\ads\collections\reviewed_bbox_crops_20260718\crops\rb_000110.png,vision_platform\ads\collections\reviewed_bbox_crops_20260718\crops\rb_000110.png,ads,got,traceable_parent_bbox,file_cafad58633c716cd,asset_956196dfbce26c56,D:\Projects\adb_vl\vision_platform\ads\runtime_collection\click_success\click_success_20260718_101543_016\pre_click.png,347,"[418.2325581395349, 139.90697674418604, 120.55813953488376, 35.720930232558146]",418.233,139.907,120.558,35.721
file_ca5c9600e4f3b15e,asset_1efd56983e8a2be7,D:\Projects\adb_vl\vision_platform\ads\collections\reviewed_bbox_crops_20260718\crops\rb_000111.png,vision_platform\ads\collections\reviewed_bbox_crops_20260718\crops\rb_000111.png,ads,play_triangle,traceable_parent_bbox,file_469d0e4deeb1bbe4,asset_3a36920dc4d847ff,D:\Projects\adb_vl\vision_platform\ads\runtime_collection\click_success\click_success_20260718_101548_925\pre_click.png,456,"[278.3255813953488, 336.3720930232558, 96.74418604651163, 26.790697674418652]",278.326,336.372,96.744,26.791
file_f153055da01f89c3,asset_1ad7fd751ce5f996,D:\Projects\adb_vl\vision_platform\ads\collections\reviewed_bbox_crops_20260718\crops\rb_000112.png,vision_platform\ads\collections\reviewed_bbox_crops_20260718\crops\rb_000112.png,ads,x_mark,traceable_parent_bbox,file_60024493be57d7bb,asset_6f31431a8fa2bde1,D:\Projects\adb_vl\vision_platform\ads\runtime_collection\click_success\click_success_20260718_101619_423\pre_click.png,561,"[16.372093023255815, 23.813953488372093, 47.627906976744185, 41.674418604651166]",16.372,23.814,47.628,41.674
file_0e60eb1ed3085fcf,asset_636c3a424581ad0e,D:\Projects\adb_vl\vision_platform\ads\collections\reviewed_bbox_crops_20260718\crops\rb_000113.png,vision_platform\ads\collections\reviewed_bbox_crops_20260718\crops\rb_000113.png,ads,got,traceable_parent_bbox,file_eef385cd6da742db,asset_fdf0da1c4dd216a9,D:\Projects\adb_vl\vision_platform\ads\runtime_collection\click_success\click_success_20260718_101624_405\pre_click.png,348,"[418.2325581395349, 139.90697674418604, 120.55813953488376, 35.720930232558146]",418.233,139.907,120.558,35.721
file_46fa4c81ef14c975,asset_1efd56983e8a2be7,D:\Projects\adb_vl\vision_platform\ads\collections\reviewed_bbox_crops_20260718\crops\rb_000114.png,vision_platform\ads\collections\reviewed_bbox_crops_20260718\crops\rb_000114.png,ads,play_triangle,traceable_parent_bbox,file_0d813f9f799e61f1,asset_6b4c19cb5f3c16b9,D:\Projects\adb_vl\vision_platform\ads\runtime_collection\click_success\click_success_20260718_101630_832\pre_click.png,457,"[278.3255813953488, 336.3720930232558, 96.74418604651163, 26.790697674418652]",278.326,336.372,96.744,26.791
file_e5407ff0961c3cc9,asset_7419d2d1a2e13956,D:\Projects\adb_vl\vision_platform\ads\collections\reviewed_bbox_crops_20260718\crops\rb_000115.png,vision_platform\ads\collections\reviewed_bbox_crops_20260718\crops\rb_000115.png,ads,x_mark,traceable_parent_bbox,file_dd7c86b4469cb911,asset_c1212285bd9bd946,D:\Projects\adb_vl\vision_platform\ads\runtime_collection\click_success\click_success_20260718_101657_337\pre_click.png,562,"[16.372093023255815, 23.813953488372093, 47.627906976744185, 41.674418604651166]",16.372,23.814,47.628,41.674
file_66acddd59232bac0,asset_3dece09d166a1594,D:\Projects\adb_vl\vision_platform\ads\collections\reviewed_bbox_crops_20260718\crops\rb_000116.png,vision_platform\ads\collections\reviewed_bbox_crops_20260718\crops\rb_000116.png,ads,got,traceable_parent_bbox,file_5957661e271df6d6,asset_250fdaa293a2a2c4,D:\Projects\adb_vl\vision_platform\ads\runtime_collection\click_success\click_success_20260718_101702_582\pre_click.png,354,"[418.2325581395349, 139.90697674418604, 120.55813953488376, 35.720930232558146]",418.233,139.907,120.558,35.721
file_d15aeb5661f9fca0,asset_05e39c545c2d589c,D:\Projects\adb_vl\vision_platform\ads\collections\reviewed_bbox_crops_20260718\crops\rb_000117.png,vision_platform\ads\collections\reviewed_bbox_crops_20260718\crops\rb_000117.png,ads,play_triangle,traceable_parent_bbox,file_fa4a0b282f3e3fb0,asset_c214e16bf65e4d9c,D:\Projects\adb_vl\vision_platform\ads\runtime_collection\click_success\click_success_20260718_103201_251\pre_click.png,522,"[413.7674418604651, 351.25581395348837, 86.32558139534882, 29.767441860465112]",413.767,351.256,86.326,29.767
file_8b1c83db204d4c49,asset_3ace1f0522c58233,D:\Projects\adb_vl\vision_platform\ads\collections\reviewed_bbox_crops_20260718\crops\rb_000118.png,vision_platform\ads\collections\reviewed_bbox_crops_20260718\crops\rb_000118.png,ads,play_triangle,traceable_parent_bbox,file_fa4a0b282f3e3fb0,asset_c214e16bf65e4d9c,D:\Projects\adb_vl\vision_platform\ads\runtime_collection\click_success\click_success_20260718_103201_251\pre_click.png,523,"[555.1627906976744, 352.74418604651163, 80.37209302325584, 26.790697674418595]",555.163,352.744,80.372,26.791
file_d14a07d46d0279bc,asset_0a4e900ac50de596,D:\Projects\adb_vl\vision_platform\ads\collections\reviewed_bbox_crops_20260718\crops\rb_000119.png,vision_platform\ads\collections\reviewed_bbox_crops_20260718\crops\rb_000119.png,ads,play_triangle,traceable_parent_bbox,file_fa4a0b282f3e3fb0,asset_c214e16bf65e4d9c,D:\Projects\adb_vl\vision_platform\ads\runtime_collection\click_success\click_success_20260718_103201_251\pre_click.png,524,"[693.5813953488372, 349.7674418604651, 83.34883720930236, 31.25581395348837]",693.581,349.767,83.349,31.256
file_ff3629974dd436be,asset_8c06d20936fec0bb,D:\Projects\adb_vl\vision_platform\ads\collections\reviewed_bbox_crops_20260718\crops\rb_000120.png,vision_platform\ads\collections\reviewed_bbox_crops_20260718\crops\rb_000120.png,ads,play_triangle,traceable_parent_bbox,file_fa4a0b282f3e3fb0,asset_c214e16bf65e4d9c,D:\Projects\adb_vl\vision_platform\ads\runtime_collection\click_success\click_success_20260718_103201_251\pre_click.png,525,"[833.4883720930233, 351.25581395348837, 89.30232558139528, 29.767441860465112]",833.488,351.256,89.302,29.767
file_1b25b331d8c51571,asset_4b460828e7852a16,D:\Projects\adb_vl\vision_platform\ads\collections\reviewed_bbox_crops_20260718\crops\rb_000121.png,vision_platform\ads\collections\reviewed_bbox_crops_20260718\crops\rb_000121.png,ads,x_mark,traceable_parent_bbox,file_36fa3db47d9aa077,asset_23c11ca252a79917,D:\Projects\adb_vl\vision_platform\ads\runtime_collection\click_success\click_success_20260718_103217_819\pre_click.png,605,"[882.6046511627907, 14.883720930232528, 49.116279069767415, 47.627906976744185]",882.605,14.884,49.116,47.628
file_834d97abbc001ce5,asset_2e9288f2d0fabccf,D:\Projects\adb_vl\vision_platform\ads\collections\reviewed_bbox_crops_20260718\crops\rb_000122.png,vision_platform\ads\collections\reviewed_bbox_crops_20260718\crops\rb_000122.png,ads,got,traceable_parent_bbox,file_7f2cb3a1abc98d63,asset_c2114016ebec6d27,D:\Projects\adb_vl\vision_platform\ads\runtime_collection\click_success\click_success_20260718_103222_590\pre_click.png,380,"[418.2325581395349, 139.90697674418604, 120.55813953488376, 35.720930232558146]",418.233,139.907,120.558,35.721
file_cab91239fa448f26,asset_05e39c545c2d589c,D:\Projects\adb_vl\vision_platform\ads\collections\reviewed_bbox_crops_20260718\crops\rb_000123.png,vision_platform\ads\collections\reviewed_bbox_crops_20260718\crops\rb_000123.png,ads,play_triangle,traceable_parent_bbox,file_9784c0b9af38fd53,asset_698441abe6868c44,D:\Projects\adb_vl\vision_platform\ads\runtime_collection\click_success\click_success_20260718_103229_215\pre_click.png,518,"[413.7674418604651, 351.25581395348837, 86.32558139534882, 29.767441860465112]",413.767,351.256,86.326,29.767
file_2160d3a8470b945a,asset_3ace1f0522c58233,D:\Projects\adb_vl\vision_platform\ads\collections\reviewed_bbox_crops_20260718\crops\rb_000124.png,vision_platform\ads\collections\reviewed_bbox_crops_20260718\crops\rb_000124.png,ads,play_triangle,traceable_parent_bbox,file_9784c0b9af38fd53,asset_698441abe6868c44,D:\Projects\adb_vl\vision_platform\ads\runtime_collection\click_success\click_success_20260718_103229_215\pre_click.png,519,"[555.1627906976744, 352.74418604651163, 80.37209302325584, 26.790697674418595]",555.163,352.744,80.372,26.791
file_8972b60b689b7080,asset_0a4e900ac50de596,D:\Projects\adb_vl\vision_platform\ads\collections\reviewed_bbox_crops_20260718\crops\rb_000125.png,vision_platform\ads\collections\reviewed_bbox_crops_20260718\crops\rb_000125.png,ads,play_triangle,traceable_parent_bbox,file_9784c0b9af38fd53,asset_698441abe6868c44,D:\Projects\adb_vl\vision_platform\ads\runtime_collection\click_success\click_success_20260718_103229_215\pre_click.png,520,"[693.5813953488372, 349.7674418604651, 83.34883720930236, 31.25581395348837]",693.581,349.767,83.349,31.256
file_526e1585f645dd14,asset_b9f13ebbb5033ec5,D:\Projects\adb_vl\vision_platform\ads\collections\reviewed_bbox_crops_20260718\crops\rb_000126.png,vision_platform\ads\collections\reviewed_bbox_crops_20260718\crops\rb_000126.png,ads,play_triangle,traceable_parent_bbox,file_9784c0b9af38fd53,asset_698441abe6868c44,D:\Projects\adb_vl\vision_platform\ads\runtime_collection\click_success\click_success_20260718_103229_215\pre_click.png,521,"[832.0, 351.25581395348837, 89.30232558139528, 29.767441860465112]",832.000,351.256,89.302,29.767
file_db8f38d6e6bdb2f1,asset_1dab5c000746ebe5,D:\Projects\adb_vl\vision_platform\ads\collections\reviewed_bbox_crops_20260718\crops\rb_000127.png,vision_platform\ads\collections\reviewed_bbox_crops_20260718\crops\rb_000127.png,ads,got,traceable_parent_bbox,file_71187a594ac62775,asset_8f12b42d0ca2b4d8,D:\Projects\adb_vl\vision_platform\ads\runtime_collection\click_success\click_success_20260718_103309_076\pre_click.png,378,"[418.2325581395349, 139.90697674418604, 120.55813953488376, 35.720930232558146]",418.233,139.907,120.558,35.721
file_54f162f1f1ac5a0d,asset_05e39c545c2d589c,D:\Projects\adb_vl\vision_platform\ads\collections\reviewed_bbox_crops_20260718\crops\rb_000128.png,vision_platform\ads\collections\reviewed_bbox_crops_20260718\crops\rb_000128.png,ads,play_triangle,traceable_parent_bbox,file_59713b03f8596456,asset_0708cb1550a35190,D:\Projects\adb_vl\vision_platform\ads\runtime_collection\click_success\click_success_20260718_103316_281\pre_click.png,499,"[413.7674418604651, 351.25581395348837, 86.32558139534882, 29.767441860465112]",413.767,351.256,86.326,29.767
file_a24788aa155dd179,asset_3ace1f0522c58233,D:\Projects\adb_vl\vision_platform\ads\collections\reviewed_bbox_crops_20260718\crops\rb_000129.png,vision_platform\ads\collections\reviewed_bbox_crops_20260718\crops\rb_000129.png,ads,play_triangle,traceable_parent_bbox,file_59713b03f8596456,asset_0708cb1550a35190,D:\Projects\adb_vl\vision_platform\ads\runtime_collection\click_success\click_success_20260718_103316_281\pre_click.png,500,"[555.1627906976744, 352.74418604651163, 80.37209302325584, 26.790697674418595]",555.163,352.744,80.372,26.791
file_8646ff8ca8335918,asset_0a4e900ac50de596,D:\Projects\adb_vl\vision_platform\ads\collections\reviewed_bbox_crops_20260718\crops\rb_000130.png,vision_platform\ads\collections\reviewed_bbox_crops_20260718\crops\rb_000130.png,ads,play_triangle,traceable_parent_bbox,file_59713b03f8596456,asset_0708cb1550a35190,D:\Projects\adb_vl\vision_platform\ads\runtime_collection\click_success\click_success_20260718_103316_281\pre_click.png,501,"[693.5813953488372, 349.7674418604651, 83.34883720930236, 31.25581395348837]",693.581,349.767,83.349,31.256
file_14caa55f8b8cccfe,asset_bcc1721bb55d1642,D:\Projects\adb_vl\vision_platform\ads\collections\reviewed_bbox_crops_20260718\crops\rb_000131.png,vision_platform\ads\collections\reviewed_bbox_crops_20260718\crops\rb_000131.png,ads,x_mark,traceable_parent_bbox,file_112e4d98d4d3187e,asset_a22015a39ceeea98,D:\Projects\adb_vl\vision_platform\ads\runtime_collection\click_success\click_success_20260718_103334_541\pre_click.png,538,"[904.9302325581396, 20.837209302325583, 50.604651162790674, 38.69767441860465]",904.930,20.837,50.605,38.698
file_45282982dc7fe8e8,asset_418166c027e47553,D:\Projects\adb_vl\vision_platform\ads\collections\reviewed_bbox_crops_20260718\crops\rb_000132.png,vision_platform\ads\collections\reviewed_bbox_crops_20260718\crops\rb_000132.png,ads,got,traceable_parent_bbox,file_e8283bd2fd1937ff,asset_9bec455be1a9ff9f,D:\Projects\adb_vl\vision_platform\ads\runtime_collection\click_success\click_success_20260718_103339_362\pre_click.png,365,"[418.2325581395349, 139.90697674418604, 120.55813953488376, 35.720930232558146]",418.233,139.907,120.558,35.721
file_c15bee436f7a2f64,asset_0f4b94e17468addc,D:\Projects\adb_vl\vision_platform\ads\collections\reviewed_bbox_crops_20260718\crops\rb_000133.png,vision_platform\ads\collections\reviewed_bbox_crops_20260718\crops\rb_000133.png,ads,play_triangle,traceable_parent_bbox,file_0b66694597b54f68,asset_1a8f1057dabc1298,D:\Projects\adb_vl\vision_platform\ads\runtime_collection\click_success\click_success_20260718_103346_364\pre_click.png,444,"[692.0930232558139, 348.27906976744185, 81.8604651162791, 32.74418604651163]",692.093,348.279,81.860,32.744
file_cf7c21442008830c,asset_966793a379a174df,D:\Projects\adb_vl\vision_platform\ads\collections\reviewed_bbox_crops_20260718\crops\rb_000134.png,vision_platform\ads\collections\reviewed_bbox_crops_20260718\crops\rb_000134.png,ads,play_triangle,traceable_parent_bbox,file_0b66694597b54f68,asset_1a8f1057dabc1298,D:\Projects\adb_vl\vision_platform\ads\runtime_collection\click_success\click_success_20260718_103346_364\pre_click.png,445,"[558.1395348837209, 349.7674418604651, 74.41860465116281, 29.767441860465112]",558.140,349.767,74.419,29.767
file_46d7d0408c058727,asset_bcc1721bb55d1642,D:\Projects\adb_vl\vision_platform\ads\collections\reviewed_bbox_crops_20260718\crops\rb_000135.png,vision_platform\ads\collections\reviewed_bbox_crops_20260718\crops\rb_000135.png,ads,x_mark,traceable_parent_bbox,file_e6f7ba990a948524,asset_88fa02004a9414b1,D:\Projects\adb_vl\vision_platform\ads\runtime_collection\click_success\click_success_20260718_103404_419\pre_click.png,539,"[904.9302325581396, 20.837209302325583, 50.604651162790674, 38.69767441860465]",904.930,20.837,50.605,38.698
file_415b1759ce91e1fe,asset_8b5a5bf502b06ef1,D:\Projects\adb_vl\vision_platform\ads\collections\reviewed_bbox_crops_20260718\crops\rb_000136.png,vision_platform\ads\collections\reviewed_bbox_crops_20260718\crops\rb_000136.png,ads,got,traceable_parent_bbox,file_db49bf887e265597,asset_ea9db94b7ce859c8,D:\Projects\adb_vl\vision_platform\ads\runtime_collection\click_success\click_success_20260718_103409_095\pre_click.png,362,"[418.2325581395349, 139.90697674418604, 120.55813953488376, 35.720930232558146]",418.233,139.907,120.558,35.721
file_93708138367d2995,asset_0f4b94e17468addc,D:\Projects\adb_vl\vision_platform\ads\collections\reviewed_bbox_crops_20260718\crops\rb_000137.png,vision_platform\ads\collections\reviewed_bbox_crops_20260718\crops\rb_000137.png,ads,play_triangle,traceable_parent_bbox,file_ce25688a8105327b,asset_034c95ebeeafb59d,D:\Projects\adb_vl\vision_platform\ads\runtime_collection\click_success\click_success_20260718_103415_721\pre_click.png,429,"[692.0930232558139, 348.27906976744185, 81.8604651162791, 32.74418604651163]",692.093,348.279,81.860,32.744
file_09262bd1f2321a7b,asset_b2038ae70ba4928b,D:\Projects\adb_vl\vision_platform\ads\collections\reviewed_bbox_crops_20260718\crops\rb_000138.png,vision_platform\ads\collections\reviewed_bbox_crops_20260718\crops\rb_000138.png,ads,arrow,traceable_parent_bbox,file_da864522afdb89d0,asset_a8c046362b7c3a83,D:\Projects\adb_vl\vision_platform\ads\runtime_collection\click_success\click_success_20260718_103437_228\pre_click.png,533,"[20.837209302325583, 23.813953488372093, 87.81395348837208, 40.18604651162791]",20.837,23.814,87.814,40.186
file_d434d859462d0aee,asset_9374af084265b151,D:\Projects\adb_vl\vision_platform\ads\collections\reviewed_bbox_crops_20260718\crops\rb_000139.png,vision_platform\ads\collections\reviewed_bbox_crops_20260718\crops\rb_000139.png,ads,arrow,traceable_parent_bbox,file_34b9a227728e3bfe,asset_bd867d8ca4f950a1,D:\Projects\adb_vl\vision_platform\ads\runtime_collection\click_success\click_success_20260718_103453_684\pre_click.png,544,"[22.325581395348838, 19.348837209302324, 87.81395348837209, 43.16279069767442]",22.326,19.349,87.814,43.163
file_88211eacebd07018,asset_859c7278c0adf604,D:\Projects\adb_vl\vision_platform\ads\collections\reviewed_bbox_crops_20260718\crops\rb_000140.png,vision_platform\ads\collections\reviewed_bbox_crops_20260718\crops\rb_000140.png,ads,got,traceable_parent_bbox,file_e84f6ed9eb694b4b,asset_bee02848004e407e,D:\Projects\adb_vl\vision_platform\ads\runtime_collection\click_success\click_success_20260718_103458_461\pre_click.png,363,"[418.2325581395349, 139.90697674418604, 120.55813953488376, 35.720930232558146]",418.233,139.907,120.558,35.721
file_f4f35fb8b2be28a3,asset_0f4b94e17468addc,D:\Projects\adb_vl\vision_platform\ads\collections\reviewed_bbox_crops_20260718\crops\rb_000141.png,vision_platform\ads\collections\reviewed_bbox_crops_20260718\crops\rb_000141.png,ads,play_triangle,traceable_parent_bbox,file_d6a5e9c6056c107f,asset_4591e916a09ac92d,D:\Projects\adb_vl\vision_platform\ads\runtime_collection\click_success\click_success_20260718_103505_403\pre_click.png,430,"[692.0930232558139, 348.27906976744185, 81.8604651162791, 32.74418604651163]",692.093,348.279,81.860,32.744
file_3d395ad108b7d05d,asset_d0d6af500a45886e,D:\Projects\adb_vl\vision_platform\ads\collections\reviewed_bbox_crops_20260718\crops\rb_000142.png,vision_platform\ads\collections\reviewed_bbox_crops_20260718\crops\rb_000142.png,ads,arrow,traceable_parent_bbox,file_478199b7bd4b56ef,asset_933867506167748c,D:\Projects\adb_vl\vision_platform\ads\runtime_collection\click_success\click_success_20260718_103522_968\pre_click.png,553,"[11.906976744186046, 16.372093023255815, 99.72093023255815, 44.651162790697676]",11.907,16.372,99.721,44.651
file_4135329ece6fef7b,asset_5367678d7e7c5c9e,D:\Projects\adb_vl\vision_platform\ads\collections\reviewed_bbox_crops_20260718\crops\rb_000143.png,vision_platform\ads\collections\reviewed_bbox_crops_20260718\crops\rb_000143.png,ads,arrow,traceable_parent_bbox,file_0da279b51f55bf02,asset_8703752af0de26e6,D:\Projects\adb_vl\vision_platform\ads\runtime_collection\click_success\click_success_20260718_103539_279\pre_click.png,578,"[17.86046511627907, 17.86046511627907, 92.27906976744185, 50.60465116279069]",17.860,17.860,92.279,50.605
file_a5819c59dda8a986,asset_9869e8ef27cf226c,D:\Projects\adb_vl\vision_platform\ads\collections\reviewed_bbox_crops_20260718\crops\rb_000144.png,vision_platform\ads\collections\reviewed_bbox_crops_20260718\crops\rb_000144.png,ads,got,traceable_parent_bbox,file_2c535b6ebeb60a97,asset_f87c9cf0e4be2b5b,D:\Projects\adb_vl\vision_platform\ads\runtime_collection\click_success\click_success_20260718_103543_976\pre_click.png,360,"[418.2325581395349, 139.90697674418604, 120.55813953488376, 35.720930232558146]",418.233,139.907,120.558,35.721
file_f8a408d2b9fbc248,asset_8951e1d6b133fc43,D:\Projects\adb_vl\vision_platform\ads\collections\reviewed_bbox_crops_20260718\crops\rb_000145.png,vision_platform\ads\collections\reviewed_bbox_crops_20260718\crops\rb_000145.png,ads,free,traceable_parent_bbox,file_71268df46f057ffe,asset_3440be3489100fea,D:\Projects\adb_vl\vision_platform\ads\runtime_collection\click_success\click_success_20260718_103815_303\pre_click.png,587,"[361.6744186046512, 279.8139534883721, 56.55813953488371, 31.25581395348837]",361.674,279.814,56.558,31.256
file_6795d3c28a8fb0c6,asset_ec5d107e852b1436,D:\Projects\adb_vl\vision_platform\ads\collections\reviewed_bbox_crops_20260718\crops\rb_000146.png,vision_platform\ads\collections\reviewed_bbox_crops_20260718\crops\rb_000146.png,ads,free,traceable_parent_bbox,file_71268df46f057ffe,asset_3440be3489100fea,D:\Projects\adb_vl\vision_platform\ads\runtime_collection\click_success\click_success_20260718_103815_303\pre_click.png,588,"[683.1627906976744, 281.30232558139534, 92.27906976744191, 28.279069767441854]",683.163,281.302,92.279,28.279
file_2366ed5d4044abf4,asset_aaa32e3378ef441e,D:\Projects\adb_vl\vision_platform\ads\collections\reviewed_bbox_crops_20260718\crops\rb_000147.png,vision_platform\ads\collections\reviewed_bbox_crops_20260718\crops\rb_000147.png,ads,got,traceable_parent_bbox,file_6375cb39f73c5d55,asset_dfb5d8eada9b27a8,D:\Projects\adb_vl\vision_platform\ads\runtime_collection\click_success\click_success_20260718_103833_543\pre_click.png,419,"[415.25581395348837, 136.93023255813952, 130.97674418604646, 41.67441860465118]",415.256,136.930,130.977,41.674
file_8c2cfa4ed0b03676,asset_251751890e71370a,D:\Projects\adb_vl\vision_platform\ads\collections\reviewed_bbox_crops_20260718\crops\rb_000148.png,vision_platform\ads\collections\reviewed_bbox_crops_20260718\crops\rb_000148.png,ads,free,traceable_parent_bbox,file_edc2165d62ffd5b5,asset_472f8329bd8f7465,D:\Projects\adb_vl\vision_platform\ads\runtime_collection\click_success\click_success_20260718_103838_936\pre_click.png,592,"[361.6744186046512, 279.8139534883721, 56.55813953488371, 31.25581395348837]",361.674,279.814,56.558,31.256
file_92bf9affe27f402d,asset_0ef553bd6095965f,D:\Projects\adb_vl\vision_platform\ads\collections\reviewed_bbox_crops_20260718\crops\rb_000149.png,vision_platform\ads\collections\reviewed_bbox_crops_20260718\crops\rb_000149.png,ads,arrow,traceable_parent_bbox,file_f2f2f157be6ee788,asset_2be1fd5f1bc9db7b,D:\Projects\adb_vl\vision_platform\ads\runtime_collection\click_success\click_success_20260718_103900_284\pre_click.png,602,"[17.86046511627907, 20.837209302325583, 90.7906976744186, 40.18604651162791]",17.860,20.837,90.791,40.186
file_8f81870f1b024972,asset_83b54a80ca6e589f,D:\Projects\adb_vl\vision_platform\ads\collections\reviewed_bbox_crops_20260718\crops\rb_000150.png,vision_platform\ads\collections\reviewed_bbox_crops_20260718\crops\rb_000150.png,ads,arrow,traceable_parent_bbox,file_0a532226a5de6f69,asset_6452ed8c706702e0,D:\Projects\adb_vl\vision_platform\ads\runtime_collection\click_success\click_success_20260718_103916_962\pre_click.png,547,"[22.325581395348838, 19.348837209302324, 87.81395348837209, 43.16279069767442]",22.326,19.349,87.814,43.163
file_5e205dc34084d8c9,asset_ec36a0a1359d3407,D:\Projects\adb_vl\vision_platform\ads\collections\reviewed_bbox_crops_20260718\crops\rb_000151.png,vision_platform\ads\collections\reviewed_bbox_crops_20260718\crops\rb_000151.png,ads,got,traceable_parent_bbox,file_dab1f9d4381f3139,asset_c58141b127eeafdf,D:\Projects\adb_vl\vision_platform\ads\runtime_collection\click_success\click_success_20260718_103922_079\pre_click.png,418,"[415.25581395348837, 136.93023255813952, 130.97674418604646, 41.67441860465118]",415.256,136.930,130.977,41.674
file_5fccc5205c204e5e,asset_251751890e71370a,D:\Projects\adb_vl\vision_platform\ads\collections\reviewed_bbox_crops_20260718\crops\rb_000152.png,vision_platform\ads\collections\reviewed_bbox_crops_20260718\crops\rb_000152.png,ads,free,traceable_parent_bbox,file_6e2fe645f066194d,asset_76a6f491f73ac113,D:\Projects\adb_vl\vision_platform\ads\runtime_collection\click_success\click_success_20260718_103928_008\pre_click.png,589,"[361.6744186046512, 279.8139534883721, 56.55813953488371, 31.25581395348837]",361.674,279.814,56.558,31.256
file_0174b767cdb80e0d,asset_50ad02b705cc23fb,D:\Projects\adb_vl\vision_platform\ads\collections\reviewed_bbox_crops_20260718\crops\rb_000153.png,vision_platform\ads\collections\reviewed_bbox_crops_20260718\crops\rb_000153.png,ads,arrow,traceable_parent_bbox,file_f4499d909a31b0ec,asset_a1ac0b11becd6602,D:\Projects\adb_vl\vision_platform\ads\runtime_collection\click_success\click_success_20260718_103945_649\pre_click.png,534,"[20.837209302325583, 23.813953488372093, 87.81395348837208, 40.18604651162791]",20.837,23.814,87.814,40.186
file_bedd66115ab8ef28,asset_a419bfb7ea738f2f,D:\Projects\adb_vl\vision_platform\ads\collections\reviewed_bbox_crops_20260718\crops\rb_000154.png,vision_platform\ads\collections\reviewed_bbox_crops_20260718\crops\rb_000154.png,ads,arrow,traceable_parent_bbox,file_b31abbba4adde4f4,asset_ed03a706db99167f,D:\Projects\adb_vl\vision_platform\ads\runtime_collection\click_success\click_success_20260718_104002_411\pre_click.png,581,"[17.86046511627907, 17.86046511627907, 92.27906976744185, 50.60465116279069]",17.860,17.860,92.279,50.605
file_4790826d4d4880c1,asset_93a1e4b128f9b908,D:\Projects\adb_vl\vision_platform\ads\collections\reviewed_bbox_crops_20260718\crops\rb_000155.png,vision_platform\ads\collections\reviewed_bbox_crops_20260718\crops\rb_000155.png,ads,got,traceable_parent_bbox,file_ccd7c4d5f49243cc,asset_4ee16d56c58dd272,D:\Projects\adb_vl\vision_platform\ads\runtime_collection\click_success\click_success_20260718_104007_369\pre_click.png,416,"[415.25581395348837, 136.93023255813952, 130.97674418604646, 41.67441860465118]",415.256,136.930,130.977,41.674
file_a9355be9f4016068,asset_251751890e71370a,D:\Projects\adb_vl\vision_platform\ads\collections\reviewed_bbox_crops_20260718\crops\rb_000156.png,vision_platform\ads\collections\reviewed_bbox_crops_20260718\crops\rb_000156.png,ads,free,traceable_parent_bbox,file_00a3f38cbba0c899,asset_c8294af90676c7fb,D:\Projects\adb_vl\vision_platform\ads\runtime_collection\click_success\click_success_20260718_104013_193\pre_click.png,591,"[361.6744186046512, 279.8139534883721, 56.55813953488371, 31.25581395348837]",361.674,279.814,56.558,31.256
file_e8faeac1714fec7c,asset_bcc1721bb55d1642,D:\Projects\adb_vl\vision_platform\ads\collections\reviewed_bbox_crops_20260718\crops\rb_000157.png,vision_platform\ads\collections\reviewed_bbox_crops_20260718\crops\rb_000157.png,ads,x_mark,traceable_parent_bbox,file_82931277e30e6366,asset_b491c092e60ab7ec,D:\Projects\adb_vl\vision_platform\ads\runtime_collection\click_success\click_success_20260718_104031_618\pre_click.png,540,"[904.9302325581396, 20.837209302325583, 50.604651162790674, 38.69767441860465]",904.930,20.837,50.605,38.698
file_42eec0ac8415b5a9,asset_232e5768608a77e9,D:\Projects\adb_vl\vision_platform\ads\collections\reviewed_bbox_crops_20260718\crops\rb_000158.png,vision_platform\ads\collections\reviewed_bbox_crops_20260718\crops\rb_000158.png,ads,got,traceable_parent_bbox,file_99b7399d75e76bac,asset_e29e070478769a5a,D:\Projects\adb_vl\vision_platform\ads\runtime_collection\click_success\click_success_20260718_104036_562\pre_click.png,417,"[415.25581395348837, 136.93023255813952, 130.97674418604646, 41.67441860465118]",415.256,136.930,130.977,41.674
file_2f60ce63befa723d,asset_1efd56983e8a2be7,D:\Projects\adb_vl\vision_platform\ads\collections\reviewed_bbox_crops_20260718\crops\rb_000159.png,vision_platform\ads\collections\reviewed_bbox_crops_20260718\crops\rb_000159.png,ads,play_triangle,traceable_parent_bbox,file_d124ee512901cd21,asset_7d85c00dfbdaffb0,D:\Projects\adb_vl\vision_platform\ads\runtime_collection\click_success\click_success_20260718_104415_308\pre_click.png,458,"[278.3255813953488, 336.3720930232558, 96.74418604651163, 26.790697674418652]",278.326,336.372,96.744,26.791
file_93bb21d0c9b6b5ab,asset_6104349d1d13028a,D:\Projects\adb_vl\vision_platform\ads\collections\reviewed_bbox_crops_20260718\crops\rb_000160.png,vision_platform\ads\collections\reviewed_bbox_crops_20260718\crops\rb_000160.png,ads,x_mark,traceable_parent_bbox,file_6b4de3af61b1471d,asset_d8c0172a5dccbe94,D:\Projects\adb_vl\vision_platform\ads\runtime_collection\click_success\click_success_20260718_104434_299\pre_click.png,566,"[884.0930232558139, 29.767441860465116, 72.93023255813955, 29.767441860465116]",884.093,29.767,72.930,29.767
file_c55a07ff89eb44d9,asset_07806939f8188a93,D:\Projects\adb_vl\vision_platform\ads\collections\reviewed_bbox_crops_20260718\crops\rb_000161.png,vision_platform\ads\collections\reviewed_bbox_crops_20260718\crops\rb_000161.png,ads,got,traceable_parent_bbox,file_f589bf3adae9de18,asset_c9a7e51749cf8f15,D:\Projects\adb_vl\vision_platform\ads\runtime_collection\click_success\click_success_20260718_104439_330\pre_click.png,349,"[418.2325581395349, 139.90697674418604, 120.55813953488376, 35.720930232558146]",418.233,139.907,120.558,35.721
file_5d0f4d547f12a1f9,asset_1efd56983e8a2be7,D:\Projects\adb_vl\vision_platform\ads\collections\reviewed_bbox_crops_20260718\crops\rb_000162.png,vision_platform\ads\collections\reviewed_bbox_crops_20260718\crops\rb_000162.png,ads,play_triangle,traceable_parent_bbox,file_000c5c9bc35e5571,asset_af4ac045fe361ae2,D:\Projects\adb_vl\vision_platform\ads\runtime_collection\click_success\click_success_20260718_104444_893\pre_click.png,459,"[278.3255813953488, 336.3720930232558, 96.74418604651163, 26.790697674418652]",278.326,336.372,96.744,26.791
file_6238053c8e348d24,asset_6104349d1d13028a,D:\Projects\adb_vl\vision_platform\ads\collections\reviewed_bbox_crops_20260718\crops\rb_000163.png,vision_platform\ads\collections\reviewed_bbox_crops_20260718\crops\rb_000163.png,ads,x_mark,traceable_parent_bbox,file_eeab19a2bde74ac3,asset_2897a5436052bf8d,D:\Projects\adb_vl\vision_platform\ads\runtime_collection\click_success\click_success_20260718_104503_519\pre_click.png,567,"[884.0930232558139, 29.767441860465116, 72.93023255813955, 29.767441860465116]",884.093,29.767,72.930,29.767
file_a2eefc3b32cd77d2,asset_c067442c423acf78,D:\Projects\adb_vl\vision_platform\ads\collections\reviewed_bbox_crops_20260718\crops\rb_000164.png,vision_platform\ads\collections\reviewed_bbox_crops_20260718\crops\rb_000164.png,ads,got,traceable_parent_bbox,file_7eaf2c2abbcc016e,asset_4f4f5e5e18b46918,D:\Projects\adb_vl\vision_platform\ads\runtime_collection\click_success\click_success_20260718_104508_392\pre_click.png,350,"[418.2325581395349, 139.90697674418604, 120.55813953488376, 35.720930232558146]",418.233,139.907,120.558,35.721
file_a7e95226550c356b,asset_53beadffe200f55d,D:\Projects\adb_vl\vision_platform\ads\collections\reviewed_bbox_crops_20260718\crops\rb_000165.png,vision_platform\ads\collections\reviewed_bbox_crops_20260718\crops\rb_000165.png,ads,x_mark,traceable_parent_bbox,file_e2dc0a76dedfbec4,asset_2a51e0578cf9c84a,D:\Projects\adb_vl\vision_platform\ads\runtime_collection\click_success\click_success_20260718_104532_540\pre_click.png,584,"[890.046511627907, 23.813953488372093, 61.02325581395348, 41.674418604651166]",890.047,23.814,61.023,41.674
file_081b7fcf077b5e2e,asset_4baeb732de29dc99,D:\Projects\adb_vl\vision_platform\ads\collections\reviewed_bbox_crops_20260718\crops\rb_000166.png,vision_platform\ads\collections\reviewed_bbox_crops_20260718\crops\rb_000166.png,ads,got,traceable_parent_bbox,file_df9043a63c73eca2,asset_6159aee26fde0e86,D:\Projects\adb_vl\vision_platform\ads\runtime_collection\click_success\click_success_20260718_104537_361\pre_click.png,351,"[418.2325581395349, 139.90697674418604, 120.55813953488376, 35.720930232558146]",418.233,139.907,120.558,35.721
file_953448be23ae1db9,asset_1efd56983e8a2be7,D:\Projects\adb_vl\vision_platform\ads\collections\reviewed_bbox_crops_20260718\crops\rb_000167.png,vision_platform\ads\collections\reviewed_bbox_crops_20260718\crops\rb_000167.png,ads,play_triangle,traceable_parent_bbox,file_4e3c0706642b8383,asset_af652761d35e3973,D:\Projects\adb_vl\vision_platform\ads\runtime_collection\click_success\click_success_20260718_104543_011\pre_click.png,460,"[278.3255813953488, 336.3720930232558, 96.74418604651163, 26.790697674418652]",278.326,336.372,96.744,26.791
file_f3370fca6a5a25e5,asset_6104349d1d13028a,D:\Projects\adb_vl\vision_platform\ads\collections\reviewed_bbox_crops_20260718\crops\rb_000168.png,vision_platform\ads\collections\reviewed_bbox_crops_20260718\crops\rb_000168.png,ads,x_mark,traceable_parent_bbox,file_a1c320a4d8aaf2c1,asset_5e7585d8c6982b8e,D:\Projects\adb_vl\vision_platform\ads\runtime_collection\click_success\click_success_20260718_104600_932\pre_click.png,568,"[884.0930232558139, 29.767441860465116, 72.93023255813955, 29.767441860465116]",884.093,29.767,72.930,29.767
file_820f998b0a7abeb8,asset_5b8b9efcafa07e95,D:\Projects\adb_vl\vision_platform\ads\collections\reviewed_bbox_crops_20260718\crops\rb_000169.png,vision_platform\ads\collections\reviewed_bbox_crops_20260718\crops\rb_000169.png,ads,got,traceable_parent_bbox,file_1dfb8cd3f6b15812,asset_dd7bdc0938458765,D:\Projects\adb_vl\vision_platform\ads\runtime_collection\click_success\click_success_20260718_104605_823\pre_click.png,352,"[418.2325581395349, 139.90697674418604, 120.55813953488376, 35.720930232558146]",418.233,139.907,120.558,35.721
file_fa25aed9644a99f2,asset_1efd56983e8a2be7,D:\Projects\adb_vl\vision_platform\ads\collections\reviewed_bbox_crops_20260718\crops\rb_000170.png,vision_platform\ads\collections\reviewed_bbox_crops_20260718\crops\rb_000170.png,ads,play_triangle,traceable_parent_bbox,file_fb5a9c7ca47d74c9,asset_36af96f4aa307967,D:\Projects\adb_vl\vision_platform\ads\runtime_collection\click_success\click_success_20260718_104611_338\pre_click.png,461,"[278.3255813953488, 336.3720930232558, 96.74418604651163, 26.790697674418652]",278.326,336.372,96.744,26.791
file_b2e085b44f5a5d9d,asset_6104349d1d13028a,D:\Projects\adb_vl\vision_platform\ads\collections\reviewed_bbox_crops_20260718\crops\rb_000171.png,vision_platform\ads\collections\reviewed_bbox_crops_20260718\crops\rb_000171.png,ads,x_mark,traceable_parent_bbox,file_f4a5a330abb12f81,asset_a2c0aa7c60b2fe1e,D:\Projects\adb_vl\vision_platform\ads\runtime_collection\click_success\click_success_20260718_104629_489\pre_click.png,569,"[884.0930232558139, 29.767441860465116, 72.93023255813955, 29.767441860465116]",884.093,29.767,72.930,29.767
file_46fa0185f555034a,asset_e726e438d0e40ddd,D:\Projects\adb_vl\vision_platform\ads\collections\reviewed_bbox_crops_20260718\crops\rb_000172.png,vision_platform\ads\collections\reviewed_bbox_crops_20260718\crops\rb_000172.png,ads,got,traceable_parent_bbox,file_b105a6abcd9f2825,asset_466fab917a48add3,D:\Projects\adb_vl\vision_platform\ads\runtime_collection\click_success\click_success_20260718_104634_279\pre_click.png,355,"[418.2325581395349, 139.90697674418604, 120.55813953488376, 35.720930232558146]",418.233,139.907,120.558,35.721
file_8598f00aa97cf91c,asset_6104349d1d13028a,D:\Projects\adb_vl\vision_platform\ads\collections\reviewed_bbox_crops_20260718\crops\rb_000173.png,vision_platform\ads\collections\reviewed_bbox_crops_20260718\crops\rb_000173.png,ads,x_mark,traceable_parent_bbox,file_4d905d34a600dd2f,asset_ed94795b4d045d53,D:\Projects\adb_vl\vision_platform\ads\runtime_collection\click_success\click_success_20260718_105157_911\pre_click.png,570,"[884.0930232558139, 29.767441860465116, 72.93023255813955, 29.767441860465116]",884.093,29.767,72.930,29.767
file_903e2f9644579f3a,asset_b6d5a1716e40d6af,D:\Projects\adb_vl\vision_platform\ads\collections\reviewed_bbox_crops_20260718\crops\rb_000174.png,vision_platform\ads\collections\reviewed_bbox_crops_20260718\crops\rb_000174.png,ads,got,traceable_parent_bbox,file_8cd0c36154528798,asset_e050dd8726171b15,D:\Projects\adb_vl\vision_platform\ads\runtime_collection\click_success\click_success_20260718_105202_851\pre_click.png,383,"[418.2325581395349, 139.90697674418604, 120.55813953488376, 35.720930232558146]",418.233,139.907,120.558,35.721
file_2522e538caa87309,asset_1efd56983e8a2be7,D:\Projects\adb_vl\vision_platform\ads\collections\reviewed_bbox_crops_20260718\crops\rb_000175.png,vision_platform\ads\collections\reviewed_bbox_crops_20260718\crops\rb_000175.png,ads,play_triangle,traceable_parent_bbox,file_2114edf9c5eae20b,asset_ca3f0fd5dfd906d4,D:\Projects\adb_vl\vision_platform\ads\runtime_collection\click_success\click_success_20260718_105209_090\pre_click.png,471,"[278.3255813953488, 336.3720930232558, 96.74418604651163, 26.790697674418652]",278.326,336.372,96.744,26.791
file_20a9c5333b15a0aa,asset_4a60fdfab002b186,D:\Projects\adb_vl\vision_platform\ads\collections\reviewed_bbox_crops_20260718\crops\rb_000176.png,vision_platform\ads\collections\reviewed_bbox_crops_20260718\crops\rb_000176.png,ads,arrow,traceable_parent_bbox,file_fe3c153bd2345be4,asset_8e0ca4346ff5797d,D:\Projects\adb_vl\vision_platform\ads\runtime_collection\click_success\click_success_20260718_105226_844\pre_click.png,572,"[16.372093023255815, 23.813953488372093, 96.74418604651163, 43.162790697674424]",16.372,23.814,96.744,43.163
file_70eab4aa71566fed,asset_3ddc68d29fa37c7a,D:\Projects\adb_vl\vision_platform\ads\collections\reviewed_bbox_crops_20260718\crops\rb_000177.png,vision_platform\ads\collections\reviewed_bbox_crops_20260718\crops\rb_000177.png,ads,arrow,traceable_parent_bbox,file_c1740867a943f5e3,asset_769e356f9c6eb2fe,D:\Projects\adb_vl\vision_platform\ads\runtime_collection\click_success\click_success_20260718_105240_391\pre_click.png,542,"[22.325581395348838, 19.348837209302324, 87.81395348837209, 43.16279069767442]",22.326,19.349,87.814,43.163
file_1c3630ddefa6dba6,asset_7ee24ebf67df3d33,D:\Projects\adb_vl\vision_platform\ads\collections\reviewed_bbox_crops_20260718\crops\rb_000178.png,vision_platform\ads\collections\reviewed_bbox_crops_20260718\crops\rb_000178.png,ads,got,traceable_parent_bbox,file_4fbaf2ba4e7ee4bb,asset_5c345f72ebb72ad1,D:\Projects\adb_vl\vision_platform\ads\runtime_collection\click_success\click_success_20260718_105245_223\pre_click.png,384,"[418.2325581395349, 139.90697674418604, 120.55813953488376, 35.720930232558146]",418.233,139.907,120.558,35.721
file_b4823dc6f44ed0e4,asset_1efd56983e8a2be7,D:\Projects\adb_vl\vision_platform\ads\collections\reviewed_bbox_crops_20260718\crops\rb_000179.png,vision_platform\ads\collections\reviewed_bbox_crops_20260718\crops\rb_000179.png,ads,play_triangle,traceable_parent_bbox,file_2d1edfb11f98fee2,asset_861331d5aad2dab5,D:\Projects\adb_vl\vision_platform\ads\runtime_collection\click_success\click_success_20260718_105251_401\pre_click.png,462,"[278.3255813953488, 336.3720930232558, 96.74418604651163, 26.790697674418652]",278.326,336.372,96.744,26.791
file_bda9a20f9fdf9501,asset_53beadffe200f55d,D:\Projects\adb_vl\vision_platform\ads\collections\reviewed_bbox_crops_20260718\crops\rb_000180.png,vision_platform\ads\collections\reviewed_bbox_crops_20260718\crops\rb_000180.png,ads,x_mark,traceable_parent_bbox,file_fa5492e3bc87991d,asset_08eebe7108e5b5d9,D:\Projects\adb_vl\vision_platform\ads\runtime_collection\click_success\click_success_20260718_105309_318\pre_click.png,583,"[890.046511627907, 23.813953488372093, 61.02325581395348, 41.674418604651166]",890.047,23.814,61.023,41.674
file_9b5b5c10ec158498,asset_f8a2f617d0ab962b,D:\Projects\adb_vl\vision_platform\ads\collections\reviewed_bbox_crops_20260718\crops\rb_000181.png,vision_platform\ads\collections\reviewed_bbox_crops_20260718\crops\rb_000181.png,ads,got,traceable_parent_bbox,file_97c6b6820916c085,asset_07ba0e2cf9e2d681,D:\Projects\adb_vl\vision_platform\ads\runtime_collection\click_success\click_success_20260718_105314_861\pre_click.png,385,"[418.2325581395349, 139.90697674418604, 120.55813953488376, 35.720930232558146]",418.233,139.907,120.558,35.721
file_835c9ccfae3bc599,asset_9336f42fcea7e0b7,D:\Projects\adb_vl\vision_platform\ads\collections\reviewed_bbox_crops_20260718\crops\rb_000182.png,vision_platform\ads\collections\reviewed_bbox_crops_20260718\crops\rb_000182.png,ads,arrow,traceable_parent_bbox,file_f008d697aadd67b7,asset_8179703a100b9e12,D:\Projects\adb_vl\vision_platform\ads\runtime_collection\click_success\click_success_20260718_105338_772\pre_click.png,573,"[16.372093023255815, 23.813953488372093, 96.74418604651163, 43.162790697674424]",16.372,23.814,96.744,43.163
file_b5862f5eee2bd34d,asset_258dc7524dde6bfe,D:\Projects\adb_vl\vision_platform\ads\collections\reviewed_bbox_crops_20260718\crops\rb_000183.png,vision_platform\ads\collections\reviewed_bbox_crops_20260718\crops\rb_000183.png,ads,arrow,traceable_parent_bbox,file_bd5d7442e6ac5817,asset_259be3afda4887e3,D:\Projects\adb_vl\vision_platform\ads\runtime_collection\click_success\click_success_20260718_105355_433\pre_click.png,545,"[22.325581395348838, 19.348837209302324, 87.81395348837209, 43.16279069767442]",22.326,19.349,87.814,43.163
file_b2f2ca30e61e090b,asset_47f3bd091a943bf3,D:\Projects\adb_vl\vision_platform\ads\collections\reviewed_bbox_crops_20260718\crops\rb_000184.png,vision_platform\ads\collections\reviewed_bbox_crops_20260718\crops\rb_000184.png,ads,got,traceable_parent_bbox,file_b4abfdbfbd364e4e,asset_38e536c33ef8c958,D:\Projects\adb_vl\vision_platform\ads\runtime_collection\click_success\click_success_20260718_105400_555\pre_click.png,386,"[418.2325581395349, 139.90697674418604, 120.55813953488376, 35.720930232558146]",418.233,139.907,120.558,35.721
file_115e03a023710f05,asset_1efd56983e8a2be7,D:\Projects\adb_vl\vision_platform\ads\collections\reviewed_bbox_crops_20260718\crops\rb_000185.png,vision_platform\ads\collections\reviewed_bbox_crops_20260718\crops\rb_000185.png,ads,play_triangle,traceable_parent_bbox,file_556f31a88706451b,asset_436dd4201776d052,D:\Projects\adb_vl\vision_platform\ads\runtime_collection\click_success\click_success_20260718_105406_821\pre_click.png,468,"[278.3255813953488, 336.3720930232558, 96.74418604651163, 26.790697674418652]",278.326,336.372,96.744,26.791
file_3a92591d77240c53,asset_1efd56983e8a2be7,D:\Projects\adb_vl\vision_platform\ads\collections\reviewed_bbox_crops_20260718\crops\rb_000186.png,vision_platform\ads\collections\reviewed_bbox_crops_20260718\crops\rb_000186.png,ads,play_triangle,traceable_parent_bbox,file_62b389c398b0573e,asset_5e08214de4503d4b,D:\Projects\adb_vl\vision_platform\ads\runtime_collection\click_success\click_success_20260718_105437_944\pre_click.png,469,"[278.3255813953488, 336.3720930232558, 96.74418604651163, 26.790697674418652]",278.326,336.372,96.744,26.791
file_fd561f18831e0e67,asset_1efd56983e8a2be7,D:\Projects\adb_vl\vision_platform\ads\collections\reviewed_bbox_crops_20260718\crops\rb_000187.png,vision_platform\ads\collections\reviewed_bbox_crops_20260718\crops\rb_000187.png,ads,play_triangle,traceable_parent_bbox,file_101f6ee53a1779d3,asset_e5b57ad112f91be0,D:\Projects\adb_vl\vision_platform\ads\runtime_collection\click_success\click_success_20260718_105509_202\pre_click.png,465,"[278.3255813953488, 336.3720930232558, 96.74418604651163, 26.790697674418652]",278.326,336.372,96.744,26.791
file_5d85190da480ef0d,asset_2814a8612c24914c,D:\Projects\adb_vl\vision_platform\ads\collections\reviewed_bbox_crops_20260718\crops\rb_000188.png,vision_platform\ads\collections\reviewed_bbox_crops_20260718\crops\rb_000188.png,ads,arrow,traceable_parent_bbox,file_390a3f6b2f92ac6f,asset_6a696dcfd7734dc6,D:\Projects\adb_vl\vision_platform\ads\runtime_collection\click_success\click_success_20260718_105557_589\pre_click.png,574,"[16.372093023255815, 23.813953488372093, 96.74418604651163, 43.162790697674424]",16.372,23.814,96.744,43.163
file_583d3e5f16175353,asset_ba06f6fe6e90bf35,D:\Projects\adb_vl\vision_platform\ads\collections\reviewed_bbox_crops_20260718\crops\rb_000189.png,vision_platform\ads\collections\reviewed_bbox_crops_20260718\crops\rb_000189.png,ads,arrow,traceable_parent_bbox,file_e6e8dd2d4ac5ae47,asset_4b3324fd93fa27ac,D:\Projects\adb_vl\vision_platform\ads\runtime_collection\click_success\click_success_20260718_105614_870\pre_click.png,546,"[22.325581395348838, 19.348837209302324, 87.81395348837209, 43.16279069767442]",22.326,19.349,87.814,43.163
file_3ede1657ecbdcef2,asset_e0f9b0b7ef47940a,D:\Projects\adb_vl\vision_platform\ads\collections\reviewed_bbox_crops_20260718\crops\rb_000190.png,vision_platform\ads\collections\reviewed_bbox_crops_20260718\crops\rb_000190.png,ads,got,traceable_parent_bbox,file_9a9d085b7e6bc03c,asset_ec023aeb11d9c4a1,D:\Projects\adb_vl\vision_platform\ads\runtime_collection\click_success\click_success_20260718_105619_821\pre_click.png,374,"[418.2325581395349, 139.90697674418604, 120.55813953488376, 35.720930232558146]",418.233,139.907,120.558,35.721
file_ca66e278bf651e4f,asset_49fd2de5653947b4,D:\Projects\adb_vl\vision_platform\ads\collections\reviewed_bbox_crops_20260718\crops\rb_000191.png,vision_platform\ads\collections\reviewed_bbox_crops_20260718\crops\rb_000191.png,ads,free,traceable_parent_bbox,file_9051449ea9acf342,asset_691999083f0599dd,D:\Projects\adb_vl\vision_platform\ads\runtime_collection\click_success\click_success_20260718_105745_988\pre_click.png,472,"[278.3255813953488, 336.3720930232558, 96.74418604651163, 26.790697674418652]",278.326,336.372,96.744,26.791
file_e1b144e2b6fdbd8c,asset_e803f75736766f83,D:\Projects\adb_vl\vision_platform\ads\collections\reviewed_bbox_crops_20260718\crops\rb_000192.png,vision_platform\ads\collections\reviewed_bbox_crops_20260718\crops\rb_000192.png,ads,x_mark,traceable_parent_bbox,file_c98c54dbe8db6a97,asset_06f5554f0c2c53ef,D:\Projects\adb_vl\vision_platform\ads\runtime_collection\click_success\click_success_20260718_105807_641\pre_click.png,604,"[890.046511627907, 154.7906976744186, 49.116279069767415, 47.627906976744185]",890.047,154.791,49.116,47.628
file_9f8b320edd27915b,asset_f10069120b58ccf9,D:\Projects\adb_vl\vision_platform\ads\collections\reviewed_bbox_crops_20260718\crops\rb_000193.png,vision_platform\ads\collections\reviewed_bbox_crops_20260718\crops\rb_000193.png,ads,x_mark,traceable_parent_bbox,file_5e3338b564fbeaad,asset_c39788ad13048456,D:\Projects\adb_vl\vision_platform\ads\runtime_collection\click_success\click_success_20260718_105815_433\pre_click.png,339,"[899.2405063291139, 16.70886075949367, 47.088607594936775, 42.53164556962025]",899.241,16.709,47.089,42.532
file_15ed11e405321cbb,asset_6a1897f966d58730,D:\Projects\adb_vl\vision_platform\ads\collections\reviewed_bbox_crops_20260718\crops\rb_000194.png,vision_platform\ads\collections\reviewed_bbox_crops_20260718\crops\rb_000194.png,ads,got,traceable_parent_bbox,file_85659bafe8adda57,asset_7d42d9fa97ee34fa,D:\Projects\adb_vl\vision_platform\ads\runtime_collection\click_success\click_success_20260718_105820_651\pre_click.png,387,"[418.2325581395349, 139.90697674418604, 120.55813953488376, 35.720930232558146]",418.233,139.907,120.558,35.721
file_ce53494f6714adf5,asset_1efd56983e8a2be7,D:\Projects\adb_vl\vision_platform\ads\collections\reviewed_bbox_crops_20260718\crops\rb_000195.png,vision_platform\ads\collections\reviewed_bbox_crops_20260718\crops\rb_000195.png,ads,play_triangle,traceable_parent_bbox,file_b0779ea5b2962054,asset_84829a188efd056a,D:\Projects\adb_vl\vision_platform\ads\runtime_collection\click_success\click_success_20260718_105826_469\pre_click.png,474,"[278.3255813953488, 336.3720930232558, 96.74418604651163, 26.790697674418652]",278.326,336.372,96.744,26.791
file_1da5901059e13361,asset_d63984efea65ebca,D:\Projects\adb_vl\vision_platform\ads\collections\reviewed_bbox_crops_20260718\crops\rb_000196.png,vision_platform\ads\collections\reviewed_bbox_crops_20260718\crops\rb_000196.png,ads,x_mark,traceable_parent_bbox,file_53ff9c1b4ced5df3,asset_1c21ba94a6f3f2b4,D:\Projects\adb_vl\vision_platform\ads\runtime_collection\click_success\click_success_20260718_105856_683\pre_click.png,596,"[19.348837209302324, 19.348837209302324, 47.62790697674419, 46.139534883720934]",19.349,19.349,47.628,46.140
file_9f8087f2af23b3fd,asset_50b9da088c5bcf37,D:\Projects\adb_vl\vision_platform\ads\collections\reviewed_bbox_crops_20260718\crops\rb_000197.png,vision_platform\ads\collections\reviewed_bbox_crops_20260718\crops\rb_000197.png,ads,got,traceable_parent_bbox,file_46f9cf79e87cca8f,asset_8a105686d62d0afe,D:\Projects\adb_vl\vision_platform\ads\runtime_collection\click_success\click_success_20260718_105901_684\pre_click.png,388,"[418.2325581395349, 139.90697674418604, 120.55813953488376, 35.720930232558146]",418.233,139.907,120.558,35.721
file_61a3dc2e4a8cfa70,asset_6788df1119bb2c5c,D:\Projects\adb_vl\vision_platform\ads\collections\reviewed_bbox_crops_20260718\crops\rb_000198.png,vision_platform\ads\collections\reviewed_bbox_crops_20260718\crops\rb_000198.png,ads,x_mark,traceable_parent_bbox,file_6e9b490b89a95760,asset_7a3643f48f8676ff,D:\Projects\adb_vl\vision_platform\ads\runtime_collection\click_success\click_success_20260718_105933_635\pre_click.png,594,"[19.348837209302324, 19.348837209302324, 47.62790697674419, 46.139534883720934]",19.349,19.349,47.628,46.140
file_cb84e9137d057526,asset_143988364bdc2b21,D:\Projects\adb_vl\vision_platform\ads\collections\reviewed_bbox_crops_20260718\crops\rb_000199.png,vision_platform\ads\collections\reviewed_bbox_crops_20260718\crops\rb_000199.png,ads,got,traceable_parent_bbox,file_118ccccd700b3f80,asset_c289a1a1431e6f2c,D:\Projects\adb_vl\vision_platform\ads\runtime_collection\click_success\click_success_20260718_105938_563\pre_click.png,389,"[418.2325581395349, 139.90697674418604, 120.55813953488376, 35.720930232558146]",418.233,139.907,120.558,35.721
file_dd31e9fdb34b187c,asset_1efd56983e8a2be7,D:\Projects\adb_vl\vision_platform\ads\collections\reviewed_bbox_crops_20260718\crops\rb_000200.png,vision_platform\ads\collections\reviewed_bbox_crops_20260718\crops\rb_000200.png,ads,play_triangle,traceable_parent_bbox,file_b31adb46af07f477,asset_7217adfd3f655754,D:\Projects\adb_vl\vision_platform\ads\runtime_collection\click_success\click_success_20260718_105945_054\pre_click.png,463,"[278.3255813953488, 336.3720930232558, 96.74418604651163, 26.790697674418652]",278.326,336.372,96.744,26.791
file_b3d3d941c081f532,asset_713d9bd8585df68b,D:\Projects\adb_vl\vision_platform\ads\collections\reviewed_bbox_crops_20260718\crops\rb_000201.png,vision_platform\ads\collections\reviewed_bbox_crops_20260718\crops\rb_000201.png,ads,arrow,traceable_parent_bbox,file_d63a1e8ca24ef92a,asset_19bbc349541cbdd7,D:\Projects\adb_vl\vision_platform\ads\runtime_collection\click_success\click_success_20260718_110018_584\pre_click.png,549,"[17.660972404730618, 21.445466491458607, 54.24441524310119, 45.41392904073588]",17.661,21.445,54.244,45.414
file_b3bac06a83836101,asset_93e074b680c4fe7b,D:\Projects\adb_vl\vision_platform\ads\collections\reviewed_bbox_crops_20260718\crops\rb_000202.png,vision_platform\ads\collections\reviewed_bbox_crops_20260718\crops\rb_000202.png,ads,arrow,traceable_parent_bbox,file_9a2c24f6fb1e42af,asset_99a9b81e66b3c18e,D:\Projects\adb_vl\vision_platform\ads\runtime_collection\click_success\click_success_20260718_110026_247\pre_click.png,556,"[23.968462549277266, 21.445466491458607, 30.275952693823914, 26.491458607095925]",23.968,21.445,30.276,26.491
file_3902cd5c61e2e3d9,asset_478ecdf953e4df35,D:\Projects\adb_vl\vision_platform\ads\collections\reviewed_bbox_crops_20260718\crops\rb_000203.png,vision_platform\ads\collections\reviewed_bbox_crops_20260718\crops\rb_000203.png,ads,x_mark,traceable_parent_bbox,file_7564eb45cf9c8528,asset_b7cd20a5945beb9f,D:\Projects\adb_vl\vision_platform\ads\runtime_collection\click_success\click_success_20260718_110032_813\pre_click.png,412,"[476.84625492772665, 26.491458607095925, 31.537450722733297, 26.491458607095925]",476.846,26.491,31.537,26.491
file_fb5bc0ac494902be,asset_486695bef386ffa5,D:\Projects\adb_vl\vision_platform\ads\collections\reviewed_bbox_crops_20260718\crops\rb_000204.png,vision_platform\ads\collections\reviewed_bbox_crops_20260718\crops\rb_000204.png,ads,got,traceable_parent_bbox,file_dee9e1c4961009d7,asset_5c23620cad7b6430,D:\Projects\adb_vl\vision_platform\ads\runtime_collection\click_success\click_success_20260718_110038_072\pre_click.png,390,"[418.2325581395349, 139.90697674418604, 120.55813953488376, 35.720930232558146]",418.233,139.907,120.558,35.721
file_fbc2a984e4331e81,asset_1efd56983e8a2be7,D:\Projects\adb_vl\vision_platform\ads\collections\reviewed_bbox_crops_20260718\crops\rb_000205.png,vision_platform\ads\collections\reviewed_bbox_crops_20260718\crops\rb_000205.png,ads,play_triangle,traceable_parent_bbox,file_b75fd60209dcab2f,asset_3689572352d168b4,D:\Projects\adb_vl\vision_platform\ads\runtime_collection\click_success\click_success_20260718_110044_256\pre_click.png,466,"[278.3255813953488, 336.3720930232558, 96.74418604651163, 26.790697674418652]",278.326,336.372,96.744,26.791
file_b07faf42176367f9,asset_975338eb7abf4fba,D:\Projects\adb_vl\vision_platform\ads\collections\reviewed_bbox_crops_20260718\crops\rb_000206.png,vision_platform\ads\collections\reviewed_bbox_crops_20260718\crops\rb_000206.png,ads,x_mark,traceable_parent_bbox,file_1b48c02f71399e8f,asset_eae065bae3dae185,D:\Projects\adb_vl\vision_platform\ads\runtime_collection\click_success\click_success_20260718_110114_573\pre_click.png,595,"[19.348837209302324, 19.348837209302324, 47.62790697674419, 46.139534883720934]",19.349,19.349,47.628,46.140
file_16878dce41e29742,asset_b5cde0641e1ee893,D:\Projects\adb_vl\vision_platform\ads\collections\reviewed_bbox_crops_20260718\crops\rb_000207.png,vision_platform\ads\collections\reviewed_bbox_crops_20260718\crops\rb_000207.png,ads,got,traceable_parent_bbox,file_7557169e920e7e8c,asset_c2e7d538874140e7,D:\Projects\adb_vl\vision_platform\ads\runtime_collection\click_success\click_success_20260718_110119_442\pre_click.png,375,"[418.2325581395349, 139.90697674418604, 120.55813953488376, 35.720930232558146]",418.233,139.907,120.558,35.721
file_9ce824a936b14908,asset_1efd56983e8a2be7,D:\Projects\adb_vl\vision_platform\ads\collections\reviewed_bbox_crops_20260718\crops\rb_000208.png,vision_platform\ads\collections\reviewed_bbox_crops_20260718\crops\rb_000208.png,ads,play_triangle,traceable_parent_bbox,file_d1d97a90eae690d7,asset_a69fe5f84a766564,D:\Projects\adb_vl\vision_platform\ads\runtime_collection\click_success\click_success_20260718_110319_841\pre_click.png,475,"[278.3255813953488, 336.3720930232558, 96.74418604651163, 26.790697674418652]",278.326,336.372,96.744,26.791
file_1874c0dc9d5aed2f,asset_f2256dfcb0dd71f5,D:\Projects\adb_vl\vision_platform\ads\collections\reviewed_bbox_crops_20260718\crops\rb_000209.png,vision_platform\ads\collections\reviewed_bbox_crops_20260718\crops\rb_000209.png,ads,x_mark,traceable_parent_bbox,file_0573961976a03050,asset_3eeb22b551675460,D:\Projects\adb_vl\vision_platform\ads\runtime_collection\click_success\click_success_20260718_110337_701\pre_click.png,530,"[903.4418604651163, 19.348837209302324, 41.67441860465112, 34.23255813953488]",903.442,19.349,41.674,34.233
file_b3f523ebdbe8e2f7,asset_eb80e032b6bb67fd,D:\Projects\adb_vl\vision_platform\ads\collections\reviewed_bbox_crops_20260718\crops\rb_000210.png,vision_platform\ads\collections\reviewed_bbox_crops_20260718\crops\rb_000210.png,ads,got,traceable_parent_bbox,file_71fb755338f3f257,asset_d5d4b83c327b5c49,D:\Projects\adb_vl\vision_platform\ads\runtime_collection\click_success\click_success_20260718_110342_704\pre_click.png,391,"[418.2325581395349, 139.90697674418604, 120.55813953488376, 35.720930232558146]",418.233,139.907,120.558,35.721
file_2b4197b760048f71,asset_1efd56983e8a2be7,D:\Projects\adb_vl\vision_platform\ads\collections\reviewed_bbox_crops_20260718\crops\rb_000211.png,vision_platform\ads\collections\reviewed_bbox_crops_20260718\crops\rb_000211.png,ads,play_triangle,traceable_parent_bbox,file_0be5a71b43dcde7d,asset_53310d81fb5be3a1,D:\Projects\adb_vl\vision_platform\ads\runtime_collection\click_success\click_success_20260718_110348_333\pre_click.png,467,"[278.3255813953488, 336.3720930232558, 96.74418604651163, 26.790697674418652]",278.326,336.372,96.744,26.791
file_be3dbd3a49dbb80b,asset_f100a9014b2156a1,D:\Projects\adb_vl\vision_platform\ads\collections\reviewed_bbox_crops_20260718\crops\rb_000212.png,vision_platform\ads\collections\reviewed_bbox_crops_20260718\crops\rb_000212.png,ads,x_mark,traceable_parent_bbox,file_3cb5ed7cc8311040,asset_ec83c2c1ebe46b39,D:\Projects\adb_vl\vision_platform\ads\runtime_collection\click_success\click_success_20260718_110406_185\pre_click.png,409,"[907.9069767441861, 16.372093023255815, 38.697674418604606, 37.20930232558139]",907.907,16.372,38.698,37.209
file_4ac6ad712fdb4326,asset_c90cef604d9a9e87,D:\Projects\adb_vl\vision_platform\ads\collections\reviewed_bbox_crops_20260718\crops\rb_000213.png,vision_platform\ads\collections\reviewed_bbox_crops_20260718\crops\rb_000213.png,ads,got,traceable_parent_bbox,file_f5bfff148bf4ce72,asset_e73a3b24297bf494,D:\Projects\adb_vl\vision_platform\ads\runtime_collection\click_success\click_success_20260718_110411_052\pre_click.png,392,"[418.2325581395349, 139.90697674418604, 120.55813953488376, 35.720930232558146]",418.233,139.907,120.558,35.721
file_72f90d930172782c,asset_1efd56983e8a2be7,D:\Projects\adb_vl\vision_platform\ads\collections\reviewed_bbox_crops_20260718\crops\rb_000214.png,vision_platform\ads\collections\reviewed_bbox_crops_20260718\crops\rb_000214.png,ads,play_triangle,traceable_parent_bbox,file_aa7cd9606ae8f5d7,asset_136f52c915f46d70,D:\Projects\adb_vl\vision_platform\ads\runtime_collection\click_success\click_success_20260718_110416_718\pre_click.png,464,"[278.3255813953488, 336.3720930232558, 96.74418604651163, 26.790697674418652]",278.326,336.372,96.744,26.791
file_22bf5b878c6cd933,asset_8fefe8e7dd3bc984,D:\Projects\adb_vl\vision_platform\ads\collections\reviewed_bbox_crops_20260718\crops\rb_000215.png,vision_platform\ads\collections\reviewed_bbox_crops_20260718\crops\rb_000215.png,ads,x_mark,traceable_parent_bbox,file_83db19d2f3f8e426,asset_c5ad53230f43a74c,D:\Projects\adb_vl\vision_platform\ads\runtime_collection\click_success\click_success_20260718_110434_595\pre_click.png,414,"[907.9069767441861, 16.372093023255815, 41.67441860465112, 37.20930232558139]",907.907,16.372,41.674,37.209
file_81e7be3ca6f94501,asset_12023eeb7ab4d73e,D:\Projects\adb_vl\vision_platform\ads\collections\reviewed_bbox_crops_20260718\crops\rb_000216.png,vision_platform\ads\collections\reviewed_bbox_crops_20260718\crops\rb_000216.png,ads,got,traceable_parent_bbox,file_036daca5cd5d1f0f,asset_f7d2bc8e25e6c590,D:\Projects\adb_vl\vision_platform\ads\runtime_collection\click_success\click_success_20260718_110439_535\pre_click.png,393,"[418.2325581395349, 139.90697674418604, 120.55813953488376, 35.720930232558146]",418.233,139.907,120.558,35.721
file_52ffc09e92218b8f,asset_1efd56983e8a2be7,D:\Projects\adb_vl\vision_platform\ads\collections\reviewed_bbox_crops_20260718\crops\rb_000217.png,vision_platform\ads\collections\reviewed_bbox_crops_20260718\crops\rb_000217.png,ads,play_triangle,traceable_parent_bbox,file_cbb027d36f2e614e,asset_f20bab74d4e23683,D:\Projects\adb_vl\vision_platform\ads\runtime_collection\click_success\click_success_20260718_110445_256\pre_click.png,473,"[278.3255813953488, 336.3720930232558, 96.74418604651163, 26.790697674418652]",278.326,336.372,96.744,26.791
file_c2dfd098db422abf,asset_653791f50f2b86dc,D:\Projects\adb_vl\vision_platform\ads\collections\reviewed_bbox_crops_20260718\crops\rb_000218.png,vision_platform\ads\collections\reviewed_bbox_crops_20260718\crops\rb_000218.png,ads,x_mark,traceable_parent_bbox,file_845b4e90e4ecb54a,asset_9f183babb0c335e7,D:\Projects\adb_vl\vision_platform\ads\runtime_collection\click_success\click_success_20260718_110503_183\pre_click.png,483,"[906.4186046511628, 11.906976744186046, 38.697674418604606, 40.18604651162791]",906.419,11.907,38.698,40.186
file_c85aeae53940063e,asset_8cb8d384f6e20cfc,D:\Projects\adb_vl\vision_platform\ads\collections\reviewed_bbox_crops_20260718\crops\rb_000219.png,vision_platform\ads\collections\reviewed_bbox_crops_20260718\crops\rb_000219.png,ads,got,traceable_parent_bbox,file_444f77f1bfc574ad,asset_94c5feb948404354,D:\Projects\adb_vl\vision_platform\ads\runtime_collection\click_success\click_success_20260718_110508_122\pre_click.png,394,"[418.2325581395349, 139.90697674418604, 120.55813953488376, 35.720930232558146]",418.233,139.907,120.558,35.721
file_9c06f3d6e135662e,asset_1efd56983e8a2be7,D:\Projects\adb_vl\vision_platform\ads\collections\reviewed_bbox_crops_20260718\crops\rb_000220.png,vision_platform\ads\collections\reviewed_bbox_crops_20260718\crops\rb_000220.png,ads,play_triangle,traceable_parent_bbox,file_beb2aab2858ef578,asset_dfeb5891e30fb61a,D:\Projects\adb_vl\vision_platform\ads\runtime_collection\click_success\click_success_20260718_110513_718\pre_click.png,470,"[278.3255813953488, 336.3720930232558, 96.74418604651163, 26.790697674418652]",278.326,336.372,96.744,26.791
file_46f0b380dca37893,asset_1be0e923216efebf,D:\Projects\adb_vl\vision_platform\ads\collections\reviewed_bbox_crops_20260718\crops\rb_000221.png,vision_platform\ads\collections\reviewed_bbox_crops_20260718\crops\rb_000221.png,ads,x_mark,traceable_parent_bbox,file_9d153f88c277c238,asset_8a27add9c53ecdd9,D:\Projects\adb_vl\vision_platform\ads\runtime_collection\click_success\click_success_20260718_110531_653\pre_click.png,536,"[898.9767441860465, 14.883720930232558, 50.604651162790674, 38.69767441860465]",898.977,14.884,50.605,38.698
file_9e30707abe11bb25,asset_566f3a1f4cc1ad7a,D:\Projects\adb_vl\vision_platform\ads\collections\reviewed_bbox_crops_20260718\crops\rb_000222.png,vision_platform\ads\collections\reviewed_bbox_crops_20260718\crops\rb_000222.png,ads,got,traceable_parent_bbox,file_e8d82399b8282a4f,asset_8449dbc48899b49d,D:\Projects\adb_vl\vision_platform\ads\runtime_collection\click_success\click_success_20260718_110536_532\pre_click.png,376,"[418.2325581395349, 139.90697674418604, 120.55813953488376, 35.720930232558146]",418.233,139.907,120.558,35.721
file_a911dc4febb7c624,asset_dbadf242ca9b2d87,D:\Projects\adb_vl\vision_platform\ads\runtime_collection\click_success\click_success_20260719_094610_216\crops\bbox.png,vision_platform\ads\runtime_collection\click_success\click_success_20260719_094610_216\crops\bbox.png,ads,arrow,traceable_parent_bbox,,,D:\Projects\adb_vl\vision_platform\ads\runtime_collection\click_success\click_success_20260719_094610_216\pre_click.png,,"[30.0, 29.0, 74.0, 23.0]",30.000,29.000,74.000,23.000
file_70db5abf13eed57e,asset_c79c343c2ff96f99,D:\Projects\adb_vl\vision_platform\ads\runtime_collection\click_success\click_success_20260719_094627_345\crops\bbox.png,vision_platform\ads\runtime_collection\click_success\click_success_20260719_094627_345\crops\bbox.png,ads,arrow,traceable_parent_bbox,,,D:\Projects\adb_vl\vision_platform\ads\runtime_collection\click_success\click_success_20260719_094627_345\pre_click.png,,"[30.0, 29.0, 74.0, 23.0]",30.000,29.000,74.000,23.000
file_6fd4b9328bd67dd9,asset_8e33a15e807c25cf,D:\Projects\adb_vl\vision_platform\ads\runtime_collection\click_success\click_success_20260719_094440_190\crops\bbox.png,vision_platform\ads\runtime_collection\click_success\click_success_20260719_094440_190\crops\bbox.png,ads,arrow,traceable_parent_bbox,,,D:\Projects\adb_vl\vision_platform\ads\runtime_collection\click_success\click_success_20260719_094440_190\pre_click.png,,"[30.0, 29.0, 74.0, 23.0]",30.000,29.000,74.000,23.000
file_cf99f2dbe5f9cd71,asset_a60fbe1440518101,D:\Projects\adb_vl\vision_platform\ads\runtime_collection\click_success\click_success_20260719_094457_076\crops\bbox.png,vision_platform\ads\runtime_collection\click_success\click_success_20260719_094457_076\crops\bbox.png,ads,arrow,traceable_parent_bbox,,,D:\Projects\adb_vl\vision_platform\ads\runtime_collection\click_success\click_success_20260719_094457_076\pre_click.png,,"[30.0, 29.0, 74.0, 23.0]",30.000,29.000,74.000,23.000
file_5f767b7a3c35419d,asset_1c2038dea7874136,D:\Projects\adb_vl\vision_platform\ads\runtime_collection\click_success\click_success_20260719_093942_272\crops\bbox.png,vision_platform\ads\runtime_collection\click_success\click_success_20260719_093942_272\crops\bbox.png,ads,arrow,traceable_parent_bbox,,,D:\Projects\adb_vl\vision_platform\ads\runtime_collection\click_success\click_success_20260719_093942_272\pre_click.png,,"[30.0, 29.0, 74.0, 23.0]",30.000,29.000,74.000,23.000
file_d9fc1e3c07616269,asset_1cb2dcf49cfde11d,D:\Projects\adb_vl\vision_platform\ads\runtime_collection\click_success\click_success_20260719_094146_147\crops\bbox.png,vision_platform\ads\runtime_collection\click_success\click_success_20260719_094146_147\crops\bbox.png,ads,arrow,traceable_parent_bbox,,,D:\Projects\adb_vl\vision_platform\ads\runtime_collection\click_success\click_success_20260719_094146_147\pre_click.png,,"[30.0, 29.0, 74.0, 23.0]",30.000,29.000,74.000,23.000
file_0aca138c6de1f1e2,asset_1f4dfa4bc524cd71,D:\Projects\adb_vl\vision_platform\ads\runtime_collection\click_success\click_success_20260719_093925_477\crops\bbox.png,vision_platform\ads\runtime_collection\click_success\click_success_20260719_093925_477\crops\bbox.png,ads,arrow,traceable_parent_bbox,,,D:\Projects\adb_vl\vision_platform\ads\runtime_collection\click_success\click_success_20260719_093925_477\pre_click.png,,"[30.0, 29.0, 74.0, 23.0]",30.000,29.000,74.000,23.000
file_a092bec54f99f77a,asset_abfdd26b70d5d154,D:\Projects\adb_vl\vision_platform\ads\runtime_collection\click_success\click_success_20260719_094116_897\crops\bbox.png,vision_platform\ads\runtime_collection\click_success\click_success_20260719_094116_897\crops\bbox.png,ads,arrow,traceable_parent_bbox,,,D:\Projects\adb_vl\vision_platform\ads\runtime_collection\click_success\click_success_20260719_094116_897\pre_click.png,,"[30.0, 29.0, 74.0, 23.0]",30.000,29.000,74.000,23.000
file_4531aec9cca6b006,asset_a70da6ff8a17227b,D:\Projects\adb_vl\vision_platform\ads\runtime_collection\click_success\click_success_20260719_094202_771\crops\bbox.png,vision_platform\ads\runtime_collection\click_success\click_success_20260719_094202_771\crops\bbox.png,ads,arrow,traceable_parent_bbox,,,D:\Projects\adb_vl\vision_platform\ads\runtime_collection\click_success\click_success_20260719_094202_771\pre_click.png,,"[30.0, 29.0, 74.0, 23.0]",30.000,29.000,74.000,23.000
file_03df9478ddd4e1db,asset_76a0d9316136480e,D:\Projects\adb_vl\vision_platform\ads\runtime_collection\click_success\click_success_20260719_094100_229\crops\bbox.png,vision_platform\ads\runtime_collection\click_success\click_success_20260719_094100_229\crops\bbox.png,ads,arrow,traceable_parent_bbox,,,D:\Projects\adb_vl\vision_platform\ads\runtime_collection\click_success\click_success_20260719_094100_229\pre_click.png,,"[30.0, 29.0, 74.0, 23.0]",30.000,29.000,74.000,23.000
file_a7cdb2db3359e842,asset_4f543d7088cb6159,D:\Projects\adb_vl\vision_platform\ads\runtime_collection\click_success\click_success_20260719_093855_744\crops\bbox.png,vision_platform\ads\runtime_collection\click_success\click_success_20260719_093855_744\crops\bbox.png,ads,x_mark,traceable_parent_bbox,,,D:\Projects\adb_vl\vision_platform\ads\runtime_collection\click_success\click_success_20260719_093855_744\pre_click.png,,"[18.0, 24.0, 50.0, 39.0]",18.000,24.000,50.000,39.000
file_1d5e24054c06cba9,asset_5cd7c3a20f751357,D:\Projects\adb_vl\vision_platform\ads\runtime_collection\click_success\click_success_20260719_103705_354\crops\bbox.png,vision_platform\ads\runtime_collection\click_success\click_success_20260719_103705_354\crops\bbox.png,ads,x_mark,traceable_parent_bbox,,,D:\Projects\adb_vl\vision_platform\ads\runtime_collection\click_success\click_success_20260719_103705_354\pre_click.png,,"[877.0, 20.0, 75.0, 33.0]",877.000,20.000,75.000,33.000
file_4e9bad2976c622e8,asset_5cd7c3a20f751357,D:\Projects\adb_vl\vision_platform\ads\runtime_collection\click_success\click_success_20260719_104150_255\crops\bbox.png,vision_platform\ads\runtime_collection\click_success\click_success_20260719_104150_255\crops\bbox.png,ads,x_mark,traceable_parent_bbox,,,D:\Projects\adb_vl\vision_platform\ads\runtime_collection\click_success\click_success_20260719_104150_255\pre_click.png,,"[877.0, 20.0, 75.0, 33.0]",877.000,20.000,75.000,33.000
file_a0a232f27db809e4,asset_5cd7c3a20f751357,D:\Projects\adb_vl\vision_platform\ads\runtime_collection\click_success\click_success_20260719_110922_089\crops\bbox.png,vision_platform\ads\runtime_collection\click_success\click_success_20260719_110922_089\crops\bbox.png,ads,x_mark,traceable_parent_bbox,,,D:\Projects\adb_vl\vision_platform\ads\runtime_collection\click_success\click_success_20260719_110922_089\pre_click.png,,"[877.0, 20.0, 75.0, 33.0]",877.000,20.000,75.000,33.000
file_6cc83c72224c17bf,asset_23b65eda5f92de1c,D:\Projects\adb_vl\vision_platform\ads\runtime_collection\click_success\click_success_20260719_094541_425\crops\bbox.png,vision_platform\ads\runtime_collection\click_success\click_success_20260719_094541_425\crops\bbox.png,ads,x_mark,traceable_parent_bbox,,,D:\Projects\adb_vl\vision_platform\ads\runtime_collection\click_success\click_success_20260719_094541_425\pre_click.png,,"[908.0, 15.0, 36.0, 39.0]",908.000,15.000,36.000,39.000
file_bee09f7f8d0c3253,asset_0c482919339a4b63,D:\Projects\adb_vl\vision_platform\ads\runtime_collection\click_success\click_success_20260719_100818_285\crops\bbox.png,vision_platform\ads\runtime_collection\click_success\click_success_20260719_100818_285\crops\bbox.png,ads,x_mark,traceable_parent_bbox,,,D:\Projects\adb_vl\vision_platform\ads\runtime_collection\click_success\click_success_20260719_100818_285\pre_click.png,,"[18.0, 24.0, 50.0, 39.0]",18.000,24.000,50.000,39.000
file_b884cd9079c64b8e,asset_b4b143ee570356c8,D:\Projects\adb_vl\vision_platform\ads\runtime_collection\click_success\click_success_20260719_100737_177\crops\bbox.png,vision_platform\ads\runtime_collection\click_success\click_success_20260719_100737_177\crops\bbox.png,ads,x_mark,traceable_parent_bbox,,,D:\Projects\adb_vl\vision_platform\ads\runtime_collection\click_success\click_success_20260719_100737_177\pre_click.png,,"[18.0, 24.0, 50.0, 39.0]",18.000,24.000,50.000,39.000
