image_path,label,review_status,source_screen,source_session,ad_source,icon_family,reject_type,candidate_score,geometry_score,bbox,source_type,original_name,split
D:\Projects\adb_vl\close_x_classifier\data\stage0_object_poc\images\stage0_00001_close.png,close,reviewed,D:\Projects\adb_vl\close_x_classifier\data\review_batch_001\review\close\000042_score_0.978_x916_y25_w22_h22_log__20260711_114928_30096_afk_20260711_114738_14_廣告時間沙漏_task__000014_20260711_115034_after_tap_301_350.png.png,positive_object::000042_score_0.978_x916_y25_w22_h22_log__20260711_114928_30096_afk_20260711_114738_14_廣告時間沙漏_task__000014_20260711_115034_after_tap_301_350.png.png,unknown_ad_source,000042_score_0.978_x916_y25_w22_h22_log__20260711_114928_30096_afk_20260711_114738_14_廣告時間沙漏_task__000014_20260711_115034_after_tap_301_350.png,,,,,legacy_tight_positive,000042_score_0.978_x916_y25_w22_h22_log__20260711_114928_30096_afk_20260711_114738_14_廣告時間沙漏_task__000014_20260711_115034_after_tap_301_350.png.png,train
D:\Projects\adb_vl\close_x_classifier\data\stage0_object_poc\images\stage0_00002_close.png,close,reviewed,D:\Projects\adb_vl\close_x_classifier\data\review_batch_001\review\close\ad_issue_20260606_042353_roi_0.png,positive_object::ad_issue_20260606_042353_roi_0.png,unknown_ad_source,ad_issue_20260606_042353_roi_0,,,,,legacy_tight_positive,ad_issue_20260606_042353_roi_0.png,val
D:\Projects\adb_vl\close_x_classifier\data\stage0_object_poc\images\stage0_00003_close.png,close,reviewed,D:\Projects\adb_vl\close_x_classifier\data\review_batch_001\review\close\ad_issue_20260606_042429_roi_0.png,positive_object::ad_issue_20260606_042429_roi_0.png,unknown_ad_source,ad_issue_20260606_042429_roi_0,,,,,legacy_tight_positive,ad_issue_20260606_042429_roi_0.png,train
D:\Projects\adb_vl\close_x_classifier\data\stage0_object_poc\images\stage0_00004_close.png,close,reviewed,D:\Projects\adb_vl\close_x_classifier\data\review_batch_001\review\close\ad_issue_20260606_043419_roi_0.png,positive_object::ad_issue_20260606_043419_roi_0.png,unknown_ad_source,ad_issue_20260606_043419_roi_0,,,,,legacy_tight_positive,ad_issue_20260606_043419_roi_0.png,train
D:\Projects\adb_vl\close_x_classifier\data\stage0_object_poc\images\stage0_00005_close.png,close,reviewed,D:\Projects\adb_vl\close_x_classifier\data\review_batch_001\review\close\ad_issue_20260606_044653_roi_0.png,positive_object::ad_issue_20260606_044653_roi_0.png,unknown_ad_source,ad_issue_20260606_044653_roi_0,,,,,legacy_tight_positive,ad_issue_20260606_044653_roi_0.png,train
D:\Projects\adb_vl\close_x_classifier\data\stage0_object_poc\images\stage0_00006_close.png,close,reviewed,D:\Projects\adb_vl\close_x_classifier\data\review_batch_001\review\close\ad_issue_20260606_044717_roi_0.png,positive_object::ad_issue_20260606_044717_roi_0.png,unknown_ad_source,ad_issue_20260606_044717_roi_0,,,,,legacy_tight_positive,ad_issue_20260606_044717_roi_0.png,train
D:\Projects\adb_vl\close_x_classifier\data\stage0_object_poc\images\stage0_00007_close.png,close,reviewed,D:\Projects\adb_vl\close_x_classifier\data\review_batch_001\review\close\ad_issue_20260606_052002_roi_15.png,positive_object::ad_issue_20260606_052002_roi_15.png,unknown_ad_source,ad_issue_20260606_052002_roi_15,,,,,legacy_tight_positive,ad_issue_20260606_052002_roi_15.png,train
D:\Projects\adb_vl\close_x_classifier\data\stage0_object_poc\images\stage0_00008_close.png,close,reviewed,D:\Projects\adb_vl\close_x_classifier\data\review_batch_001\review\close\ad_issue_20260606_052302_roi_0.png,positive_object::ad_issue_20260606_052302_roi_0.png,unknown_ad_source,ad_issue_20260606_052302_roi_0,,,,,legacy_tight_positive,ad_issue_20260606_052302_roi_0.png,train
D:\Projects\adb_vl\close_x_classifier\data\stage0_object_poc\images\stage0_00009_close.png,close,reviewed,D:\Projects\adb_vl\ads2\assets\review_crops\close_glyph_candidates\sample\candidate_crops\000042_score_0.978_x916_y25_w22_h22_log__20260711_114928_30096_afk_20260711_114738_14_廣告時間沙漏_task__000014_20260711_115034_after_tap_301_350.png.png,positive_object::cand_000001.png,unknown_ad_source,unknown_family,,0.978000,0.978000,"48,25,22,22",manifest_bbox_positive,cand_000001.png,train
D:\Projects\adb_vl\close_x_classifier\data\stage0_object_poc\images\stage0_00010_close.png,close,reviewed,D:\Projects\adb_vl\close_x_classifier\data\review_batch_001\review\close\close_12.png,positive_object::close_12.png,unknown_ad_source,close_12,,,,,legacy_tight_positive,close_12.png,train
D:\Projects\adb_vl\close_x_classifier\data\stage0_object_poc\images\stage0_00011_close.png,close,reviewed,D:\Projects\adb_vl\close_x_classifier\data\review_batch_001\review\close\close_14.png,positive_object::close_14.png,unknown_ad_source,close_14,,,,,legacy_tight_positive,close_14.png,train
D:\Projects\adb_vl\close_x_classifier\data\stage0_object_poc\images\stage0_00012_close.png,close,reviewed,D:\Projects\adb_vl\close_x_classifier\data\review_batch_001\review\close\close_17.png,positive_object::close_17.png,unknown_ad_source,close_17,,,,,legacy_tight_positive,close_17.png,val
D:\Projects\adb_vl\close_x_classifier\data\stage0_object_poc\images\stage0_00013_close.png,close,reviewed,D:\Projects\adb_vl\close_x_classifier\data\review_batch_001\review\close\close_2.png,positive_object::close_2.png,unknown_ad_source,close_2,,,,,legacy_tight_positive,close_2.png,train
D:\Projects\adb_vl\close_x_classifier\data\stage0_object_poc\images\stage0_00014_close.png,close,reviewed,D:\Projects\adb_vl\close_x_classifier\data\review_batch_001\review\close\close_24.png,positive_object::close_24.png,unknown_ad_source,close_24,,,,,legacy_tight_positive,close_24.png,train
D:\Projects\adb_vl\close_x_classifier\data\stage0_object_poc\images\stage0_00015_close.png,close,reviewed,D:\Projects\adb_vl\close_x_classifier\data\review_batch_001\review\close\close_25.png,positive_object::close_25.png,unknown_ad_source,close_25,,,,,legacy_tight_positive,close_25.png,train
D:\Projects\adb_vl\close_x_classifier\data\stage0_object_poc\images\stage0_00016_close.png,close,reviewed,D:\Projects\adb_vl\close_x_classifier\data\review_batch_001\review\close\close_7.png,positive_object::close_7.png,unknown_ad_source,close_7,,,,,legacy_tight_positive,close_7.png,test
D:\Projects\adb_vl\close_x_classifier\data\stage0_object_poc\images\stage0_00017_close.png,close,reviewed,D:\Projects\adb_vl\close_x_classifier\data\review_batch_001\review\close\close_x_end.png,positive_object::close_x_end.png,unknown_ad_source,close_x_end,,,,,legacy_tight_positive,close_x_end.png,train
D:\Projects\adb_vl\close_x_classifier\data\stage0_object_poc\images\stage0_00018_close.png,close,reviewed,D:\Projects\adb_vl\close_x_classifier\data\review_batch_001\review\close\current入口_20260711_082942.png,positive_object::current入口_20260711_082942.png,unknown_ad_source,current入口_20260711_082942,,,,,legacy_tight_positive,current入口_20260711_082942.png,train
D:\Projects\adb_vl\close_x_classifier\data\stage0_object_poc\images\stage0_00019_not_close.png,not_close,reviewed,D:\Projects\adb_vl\ads2\assets\review_crops\close_glyph_candidates\sample\candidate_crops\000083_score_0.949_x395_y361_w14_h14_log__20260711_104232_40108_afk_20260711_104213_311_深淵_task__000018_20260711_104306_abyss_rental_scan_05.png.png,20260711_104232_40108,unknown_ad_source,unknown_family,,0.949000,0.949000,"48,48,14,14",manifest_bbox_negative,cand_000002.png,train
D:\Projects\adb_vl\close_x_classifier\data\stage0_object_poc\images\stage0_00020_not_close.png,not_close,reviewed,D:\Projects\adb_vl\ads2\assets\review_crops\close_glyph_candidates\sample\candidate_crops\000137_score_0.938_x395_y159_w14_h14_log__20260711_085505_41488_afk_20260711_085445_14_深淵_task__000021_20260711_085543_after_tap_746_194.png.png,20260711_085505_41488,unknown_ad_source,unknown_family,,0.938000,0.938000,"48,48,14,14",manifest_bbox_negative,cand_000004.png,train
D:\Projects\adb_vl\close_x_classifier\data\stage0_object_poc\images\stage0_00021_not_close.png,not_close,reviewed,D:\Projects\adb_vl\ads2\assets\review_crops\close_glyph_candidates\sample\candidate_crops\000138_score_0.938_x395_y354_w14_h14_log__20260711_085505_41488_afk_20260711_085445_14_深淵_task__000021_20260711_085543_after_tap_746_194.png.png,20260711_085505_41488,unknown_ad_source,unknown_family,,0.938000,0.938000,"48,48,14,14",manifest_bbox_negative,cand_000005.png,train
D:\Projects\adb_vl\close_x_classifier\data\stage0_object_poc\images\stage0_00022_not_close.png,not_close,reviewed,D:\Projects\adb_vl\ads2\assets\review_crops\close_glyph_candidates\sample\candidate_crops\000136_score_0.938_x395_y354_w14_h14_log__20260711_085505_41488_afk_20260711_085445_14_深淵_task__000020_20260711_085542_before_tap_746_194.png.png,20260711_085505_41488,unknown_ad_source,unknown_family,,0.938000,0.938000,"48,48,14,14",manifest_bbox_negative,cand_000006.png,train
D:\Projects\adb_vl\close_x_classifier\data\stage0_object_poc\images\stage0_00023_not_close.png,not_close,reviewed,D:\Projects\adb_vl\ads2\assets\review_crops\close_glyph_candidates\sample\candidate_crops\000139_score_0.938_x395_y183_w14_h14_log__20260711_095223_69352_afk_20260711_095203_em3_深淵_task__000008_20260711_095241_after_swipe_455_430_455_170_520.png.png,20260711_095223_69352,unknown_ad_source,unknown_family,,0.938000,0.938000,"48,48,14,14",manifest_bbox_negative,cand_000007.png,test
D:\Projects\adb_vl\close_x_classifier\data\stage0_object_poc\images\stage0_00024_not_close.png,not_close,reviewed,D:\Projects\adb_vl\ads2\assets\review_crops\close_glyph_candidates\sample\candidate_crops\000140_score_0.938_x395_y378_w14_h14_log__20260711_095223_69352_afk_20260711_095203_em3_深淵_task__000008_20260711_095241_after_swipe_455_430_455_170_520.png.png,20260711_095223_69352,unknown_ad_source,unknown_family,,0.938000,0.938000,"48,48,14,14",manifest_bbox_negative,cand_000008.png,test
D:\Projects\adb_vl\close_x_classifier\data\stage0_object_poc\images\stage0_00025_not_close.png,not_close,reviewed,D:\Projects\adb_vl\ads2\assets\review_crops\close_glyph_candidates\sample\candidate_crops\000178_score_0.938_x395_y393_w14_h14_log__20260711_111953_39056_afk_20260711_111931_tiger_深淵_task__000024_20260711_112036_after_tap_746_135.png.png,20260711_111953_39056,unknown_ad_source,unknown_family,,0.938000,0.938000,"48,48,14,14",manifest_bbox_negative,cand_000009.png,train
D:\Projects\adb_vl\close_x_classifier\data\stage0_object_poc\images\stage0_00026_not_close.png,not_close,reviewed,D:\Projects\adb_vl\ads2\assets\review_crops\close_glyph_candidates\sample\candidate_crops\000266_score_0.928_x395_y159_w14_h14_log__20260711_085505_41488_afk_20260711_085445_14_深淵_task__000018_20260711_085541_abyss_rental_scan_05.png.png,20260711_085505_41488,unknown_ad_source,unknown_family,,0.928000,0.928000,"48,48,14,14",manifest_bbox_negative,cand_000012.png,train
D:\Projects\adb_vl\close_x_classifier\data\stage0_object_poc\images\stage0_00027_not_close.png,not_close,reviewed,D:\Projects\adb_vl\ads2\assets\review_crops\close_glyph_candidates\sample\candidate_crops\000292_score_0.923_x45_y177_w17_h16_log__20260711_105219_54776_afk_20260711_105214_311_王國金庫_task__000002_20260711_105221_after_tap_80_124.png.png,20260711_105219_54776,unknown_ad_source,unknown_family,,0.923000,0.923000,"45,48,17,16",manifest_bbox_negative,cand_000013.png,train
D:\Projects\adb_vl\close_x_classifier\data\stage0_object_poc\images\stage0_00028_not_close.png,not_close,reviewed,D:\Projects\adb_vl\ads2\assets\review_crops\close_glyph_candidates\sample\candidate_crops\000293_score_0.921_x453_y147_w16_h17_log__20260710_125824_2204__000504_20260711_145942_before_tap_51_22.png.png,20260710_125824_2204,unknown_ad_source,unknown_family,,0.921000,0.921000,"48,48,16,17",manifest_bbox_negative,cand_000014.png,test
D:\Projects\adb_vl\close_x_classifier\data\stage0_object_poc\images\stage0_00029_not_close.png,not_close,reviewed,D:\Projects\adb_vl\ads2\assets\review_crops\close_glyph_candidates\sample\candidate_crops\000294_score_0.921_x453_y147_w16_h17_log__20260710_125824_2204__000505_20260711_145944_after_tap_51_22.png.png,20260710_125824_2204,unknown_ad_source,unknown_family,,0.921000,0.921000,"48,48,16,17",manifest_bbox_negative,cand_000015.png,test
D:\Projects\adb_vl\close_x_classifier\data\stage0_object_poc\images\stage0_00030_not_close.png,not_close,reviewed,D:\Projects\adb_vl\ads2\assets\review_crops\close_glyph_candidates\sample\candidate_crops\000296_score_0.921_x300_y489_w13_h14_log__20260711_094400_67140_afk_20260711_094338_em3_每日任務_task__000053_20260711_094602_after_swipe_360_430_360_230_700.png.png,20260711_094400_67140,unknown_ad_source,unknown_family,,0.921000,0.921000,"48,48,13,14",manifest_bbox_negative,cand_000016.png,train
D:\Projects\adb_vl\close_x_classifier\data\stage0_object_poc\images\stage0_00031_not_close.png,not_close,reviewed,D:\Projects\adb_vl\ads2\assets\review_crops\close_glyph_candidates\sample\candidate_crops\000295_score_0.921_x300_y489_w13_h14_log__20260711_084004_22576_afk_20260711_083942_14_每日任務_task_fail_returncode_1__000056_20260711_084214_before_swipe_360_430_360_230_700.png.png,20260711_084004_22576,unknown_ad_source,unknown_family,,0.921000,0.921000,"48,48,13,14",manifest_bbox_negative,cand_000017.png,train
D:\Projects\adb_vl\close_x_classifier\data\stage0_object_poc\images\stage0_00032_not_close.png,not_close,reviewed,D:\Projects\adb_vl\ads2\assets\review_crops\close_glyph_candidates\sample\candidate_crops\000297_score_0.921_x300_y489_w13_h14_log__20260711_103235_63312_afk_20260711_103216_311_每日任務_task__000055_20260711_103440_after_swipe_360_430_360_230_700.png.png,20260711_103235_63312,unknown_ad_source,unknown_family,,0.921000,0.921000,"48,48,13,14",manifest_bbox_negative,cand_000018.png,train
D:\Projects\adb_vl\close_x_classifier\data\stage0_object_poc\images\stage0_00033_not_close.png,not_close,reviewed,D:\Projects\adb_vl\ads2\assets\review_crops\close_glyph_candidates\sample\candidate_crops\000301_score_0.920_x377_y404_w16_h17_log__20260711_093821_38292_afk_20260711_093821_14_勇者角逐廣告_route_enter__000003_20260711_093827_before_swipe_84_405_84_135_700.png.png,20260711_093821_38292,unknown_ad_source,unknown_family,,0.920000,0.920000,"48,48,16,17",manifest_bbox_negative,cand_000020.png,train
D:\Projects\adb_vl\close_x_classifier\data\stage0_object_poc\images\stage0_00034_not_close.png,not_close,reviewed,D:\Projects\adb_vl\ads2\assets\review_crops\close_glyph_candidates\sample\candidate_crops\000310_score_0.920_x377_y404_w16_h17_log__20260711_104153_50836_afk_20260711_104153_311_每日簽到_route_enter__000003_20260711_104158_before_tap_69_277.png.png,20260711_104153_50836,unknown_ad_source,unknown_family,,0.920000,0.920000,"48,48,16,17",manifest_bbox_negative,cand_000021.png,val
D:\Projects\adb_vl\close_x_classifier\data\stage0_object_poc\images\stage0_00035_not_close.png,not_close,reviewed,D:\Projects\adb_vl\ads2\assets\review_crops\close_glyph_candidates\sample\candidate_crops\000311_score_0.920_x377_y404_w16_h17_log__20260711_104613_15440_afk_20260711_104613_311_看廣告_route_enter__000003_20260711_104618_before_tap_67_369.png.png,20260711_104613_15440,unknown_ad_source,unknown_family,,0.920000,0.920000,"48,48,16,17",manifest_bbox_negative,cand_000022.png,train
D:\Projects\adb_vl\close_x_classifier\data\stage0_object_poc\images\stage0_00036_not_close.png,not_close,reviewed,D:\Projects\adb_vl\ads2\assets\review_crops\close_glyph_candidates\sample\candidate_crops\000312_score_0.920_x45_y222_w17_h16_log__20260711_154545_35900_kingdom_vault__000018_20260711_154813_after_swipe_86_130_86_430_420.png.png,20260711_154545_35900,unknown_ad_source,unknown_family,,0.920000,0.920000,"45,48,17,16",manifest_bbox_negative,cand_000023.png,val
D:\Projects\adb_vl\close_x_classifier\data\stage0_object_poc\images\stage0_00037_not_close.png,not_close,reviewed,D:\Projects\adb_vl\ads2\assets\review_crops\close_glyph_candidates\sample\candidate_crops\000313_score_0.920_x432_y214_w15_h15_log__20260711_085505_41488_afk_20260711_085445_14_深淵_task__000039_20260711_085625_after_tap_366_477.png.png,20260711_085505_41488,unknown_ad_source,unknown_family,,0.920000,0.920000,"48,48,15,15",manifest_bbox_negative,cand_000024.png,train
D:\Projects\adb_vl\close_x_classifier\data\stage0_object_poc\images\stage0_00038_not_close.png,not_close,reviewed,D:\Projects\adb_vl\ads2\assets\review_crops\close_glyph_candidates\sample\candidate_crops\000321_score_0.919_x45_y177_w17_h16_log__20260711_105219_54776_afk_20260711_105214_311_王國金庫_task__000001_20260711_105220_before_tap_80_124.png.png,20260711_105219_54776,unknown_ad_source,unknown_family,,0.919000,0.919000,"45,48,17,16",manifest_bbox_negative,cand_000025.png,train
D:\Projects\adb_vl\close_x_classifier\data\stage0_object_poc\images\stage0_00039_not_close.png,not_close,reviewed,D:\Projects\adb_vl\ads2\assets\review_crops\close_glyph_candidates\sample\candidate_crops\000322_score_0.919_x45_y138_w17_h16_log__20260711_155245_32320_kingdom_vault__000004_20260711_155251_after_swipe_86_130_86_430_420.png.png,20260711_155245_32320,unknown_ad_source,unknown_family,,0.919000,0.919000,"45,48,17,16",manifest_bbox_negative,cand_000026.png,train
D:\Projects\adb_vl\close_x_classifier\data\stage0_object_poc\images\stage0_00040_not_close.png,not_close,reviewed,D:\Projects\adb_vl\ads2\assets\review_crops\close_glyph_candidates\sample\candidate_crops\000343_score_0.918_x46_y123_w16_h17_log__20260711_101501_60008_afk_20260711_100305_em3_王國金庫_task_fail_returncode_1__000002_20260711_101506_after_swipe_86_430_86_130_420.png.png,20260711_101501_60008,unknown_ad_source,unknown_family,,0.918000,0.918000,"46,48,16,17",manifest_bbox_negative,cand_000027.png,val
D:\Projects\adb_vl\close_x_classifier\data\stage0_object_poc\images\stage0_00041_not_close.png,not_close,reviewed,D:\Projects\adb_vl\ads2\assets\review_crops\close_glyph_candidates\sample\candidate_crops\000344_score_0.917_x45_y177_w17_h16_log__20260711_155245_32320_kingdom_vault__000001_20260711_155246_before_swipe_86_430_86_130_420.png.png,20260711_155245_32320,unknown_ad_source,unknown_family,,0.917000,0.917000,"45,48,17,16",manifest_bbox_negative,cand_000028.png,train
D:\Projects\adb_vl\close_x_classifier\data\stage0_object_poc\images\stage0_00042_not_close.png,not_close,reviewed,D:\Projects\adb_vl\ads2\assets\review_crops\close_glyph_candidates\sample\candidate_crops\000345_score_0.917_x482_y147_w18_h18_log__20260711_084610_10484_afk_20260711_083942_14_每日任務_task__000013_20260711_084636_after_tap_255_414.png.png,20260711_084610_10484,unknown_ad_source,unknown_family,,0.917000,0.917000,"48,48,18,18",manifest_bbox_negative,cand_000029.png,test
D:\Projects\adb_vl\close_x_classifier\data\stage0_object_poc\images\stage0_00043_not_close.png,not_close,reviewed,D:\Projects\adb_vl\ads2\assets\review_crops\close_glyph_candidates\sample\candidate_crops\000361_score_0.916_x300_y480_w13_h14_log__20260711_103235_63312_afk_20260711_103216_311_每日任務_task__000284_20260711_104129_before_swipe_360_430_360_230_700.png.png,20260711_103235_63312,unknown_ad_source,unknown_family,,0.916000,0.916000,"48,48,13,14",manifest_bbox_negative,cand_000030.png,train
D:\Projects\adb_vl\close_x_classifier\data\stage0_object_poc\images\stage0_00044_not_close.png,not_close,reviewed,D:\Projects\adb_vl\ads2\assets\review_crops\close_glyph_candidates\sample\candidate_crops\000363_score_0.915_x513_y422_w14_h13_log__20260711_085505_41488_afk_20260711_085445_14_深淵_task__000006_20260711_085522_abyss_rental_scan_01.png.png,20260711_085505_41488,unknown_ad_source,unknown_family,,0.915000,0.915000,"48,48,14,13",manifest_bbox_negative,cand_000031.png,train
D:\Projects\adb_vl\close_x_classifier\data\stage0_object_poc\images\stage0_00045_not_close.png,not_close,reviewed,D:\Projects\adb_vl\ads2\assets\review_crops\close_glyph_candidates\sample\candidate_crops\000364_score_0.915_x513_y422_w14_h13_log__20260711_085505_41488_afk_20260711_085445_14_深淵_task__000005_20260711_085512_after_tap_507_466.png.png,20260711_085505_41488,unknown_ad_source,unknown_family,,0.915000,0.915000,"48,48,14,13",manifest_bbox_negative,cand_000032.png,train
D:\Projects\adb_vl\close_x_classifier\data\stage0_object_poc\images\stage0_00046_not_close.png,not_close,reviewed,D:\Projects\adb_vl\ads2\assets\review_crops\close_glyph_candidates\sample\candidate_crops\000365_score_0.915_x513_y422_w14_h13_log__20260711_085505_41488_afk_20260711_085445_14_深淵_task__000007_20260711_085523_before_swipe_455_430_455_170_520.png.png,20260711_085505_41488,unknown_ad_source,unknown_family,,0.915000,0.915000,"48,48,14,13",manifest_bbox_negative,cand_000033.png,train
D:\Projects\adb_vl\close_x_classifier\data\stage0_object_poc\images\stage0_00047_not_close.png,not_close,reviewed,D:\Projects\adb_vl\ads2\assets\review_crops\close_glyph_candidates\sample\candidate_crops\000368_score_0.915_x513_y422_w14_h13_log__20260711_085505_41488_afk_20260711_085445_14_深淵_task__000024_20260711_085551_before_tap_809_65.png.png,20260711_085505_41488,unknown_ad_source,unknown_family,,0.915000,0.915000,"48,48,14,13",manifest_bbox_negative,cand_000034.png,train
D:\Projects\adb_vl\close_x_classifier\data\stage0_object_poc\images\stage0_00048_not_close.png,not_close,reviewed,D:\Projects\adb_vl\ads2\assets\review_crops\close_glyph_candidates\sample\candidate_crops\000370_score_0.915_x45_y80_w17_h16_log__20260711_155245_32320_kingdom_vault__000002_20260711_155248_after_swipe_86_430_86_130_420.png.png,20260711_155245_32320,unknown_ad_source,unknown_family,,0.915000,0.915000,"45,48,17,16",manifest_bbox_negative,cand_000035.png,train
D:\Projects\adb_vl\close_x_classifier\data\stage0_object_poc\images\stage0_00049_not_close.png,not_close,reviewed,D:\Projects\adb_vl\ads2\assets\review_crops\close_glyph_candidates\sample\candidate_crops\000369_score_0.915_x45_y218_w17_h16_log__20260711_101501_60008_afk_20260711_100305_em3_王國金庫_task_fail_returncode_1__000004_20260711_101511_after_swipe_86_130_86_430_420.png.png,20260711_101501_60008,unknown_ad_source,unknown_family,,0.915000,0.915000,"45,48,17,16",manifest_bbox_negative,cand_000036.png,val
D:\Projects\adb_vl\close_x_classifier\data\stage0_object_poc\images\stage0_00050_not_close.png,not_close,reviewed,D:\Projects\adb_vl\ads2\assets\review_crops\close_glyph_candidates\sample\candidate_crops\000375_score_0.915_x395_y421_w14_h13_log__20260711_095223_69352_afk_20260711_095203_em3_深淵_task__000006_20260711_095239_abyss_rental_scan_01.png.png,20260711_095223_69352,unknown_ad_source,unknown_family,,0.915000,0.915000,"48,48,14,13",manifest_bbox_negative,cand_000038.png,test
D:\Projects\adb_vl\close_x_classifier\data\stage0_object_poc\images\stage0_00051_not_close.png,not_close,reviewed,D:\Projects\adb_vl\ads2\assets\review_crops\close_glyph_candidates\sample\candidate_crops\000376_score_0.915_x395_y421_w14_h13_log__20260711_095223_69352_afk_20260711_095203_em3_深淵_task__000004_20260711_095228_before_tap_507_466.png.png,20260711_095223_69352,unknown_ad_source,unknown_family,,0.915000,0.915000,"48,48,14,13",manifest_bbox_negative,cand_000039.png,test
D:\Projects\adb_vl\close_x_classifier\data\stage0_object_poc\images\stage0_00052_not_close.png,not_close,reviewed,D:\Projects\adb_vl\ads2\assets\review_crops\close_glyph_candidates\sample\candidate_crops\000377_score_0.915_x395_y421_w14_h13_log__20260711_095223_69352_afk_20260711_095203_em3_深淵_task__000005_20260711_095229_after_tap_507_466.png.png,20260711_095223_69352,unknown_ad_source,unknown_family,,0.915000,0.915000,"48,48,14,13",manifest_bbox_negative,cand_000040.png,test
D:\Projects\adb_vl\close_x_classifier\data\stage0_object_poc\images\stage0_00053_not_close.png,not_close,reviewed,D:\Projects\adb_vl\ads2\assets\review_crops\close_glyph_candidates\sample\candidate_crops\000378_score_0.915_x395_y421_w14_h13_log__20260711_095223_69352_afk_20260711_095203_em3_深淵_task__000007_20260711_095239_before_swipe_455_430_455_170_520.png.png,20260711_095223_69352,unknown_ad_source,unknown_family,,0.915000,0.915000,"48,48,14,13",manifest_bbox_negative,cand_000041.png,test
D:\Projects\adb_vl\close_x_classifier\data\stage0_object_poc\images\stage0_00054_not_close.png,not_close,reviewed,D:\Projects\adb_vl\ads2\assets\review_crops\close_glyph_candidates\sample\candidate_crops\000392_score_0.915_x395_y421_w14_h13_log__20260711_111953_39056_afk_20260711_111931_tiger_深淵_task__000027_20260711_112042_before_tap_809_65.png.png,20260711_111953_39056,unknown_ad_source,unknown_family,,0.915000,0.915000,"48,48,14,13",manifest_bbox_negative,cand_000042.png,train
D:\Projects\adb_vl\close_x_classifier\data\stage0_object_poc\images\stage0_00055_not_close.png,not_close,reviewed,D:\Projects\adb_vl\ads2\assets\review_crops\close_glyph_candidates\sample\candidate_crops\000398_score_0.914_x175_y456_w18_h18_log__20260711_084610_10484_afk_20260711_083942_14_每日任務_task__000027_20260711_084708_after_tap_49_172.png.png,20260711_084610_10484,unknown_ad_source,unknown_family,,0.914000,0.914000,"48,48,18,18",manifest_bbox_negative,cand_000043.png,test
D:\Projects\adb_vl\close_x_classifier\data\stage0_object_poc\images\stage0_00056_not_close.png,not_close,reviewed,D:\Projects\adb_vl\ads2\assets\review_crops\close_glyph_candidates\sample\candidate_crops\000443_score_0.913_x118_y243_w16_h17_log__20260711_100310_38732_afk_20260711_100305_em3_王國金庫_task_fail_returncode_1__000028_20260711_100401_after_swipe_86_430_86_130_420.png.png,20260711_100310_38732,unknown_ad_source,unknown_family,,0.913000,0.913000,"48,48,16,17",manifest_bbox_negative,cand_000044.png,train
D:\Projects\adb_vl\close_x_classifier\data\stage0_object_poc\images\stage0_00057_not_close.png,not_close,reviewed,D:\Projects\adb_vl\ads2\assets\review_crops\close_glyph_candidates\sample\candidate_crops\000445_score_0.913_x118_y243_w16_h17_log__20260711_153753_50456_kingdom_vault__000014_20260711_153834_after_swipe_86_430_86_130_420.png.png,20260711_153753_50456,unknown_ad_source,unknown_family,,0.913000,0.913000,"48,48,16,17",manifest_bbox_negative,cand_000045.png,val
D:\Projects\adb_vl\close_x_classifier\data\stage0_object_poc\images\stage0_00058_not_close.png,not_close,reviewed,D:\Projects\adb_vl\ads2\assets\review_crops\close_glyph_candidates\sample\candidate_crops\000444_score_0.913_x118_y243_w16_h17_log__20260711_101501_60008_afk_20260711_100305_em3_王國金庫_task_fail_returncode_1__000002_20260711_101506_after_swipe_86_430_86_130_420.png.png,20260711_101501_60008,unknown_ad_source,unknown_family,,0.913000,0.913000,"48,48,16,17",manifest_bbox_negative,cand_000046.png,val
D:\Projects\adb_vl\close_x_classifier\data\stage0_object_poc\images\stage0_00059_not_close.png,not_close,reviewed,D:\Projects\adb_vl\ads2\assets\review_crops\close_glyph_candidates\sample\candidate_crops\000446_score_0.912_x45_y215_w17_h16_log__20260711_154545_35900_kingdom_vault__000006_20260711_154555_after_tap_80_104.png.png,20260711_154545_35900,unknown_ad_source,unknown_family,,0.912000,0.912000,"45,48,17,16",manifest_bbox_negative,cand_000047.png,val
D:\Projects\adb_vl\close_x_classifier\data\stage0_object_poc\images\stage0_00060_not_close.png,not_close,reviewed,D:\Projects\adb_vl\ads2\assets\review_crops\close_glyph_candidates\sample\candidate_crops\000448_score_0.912_x118_y312_w16_h17_log__20260711_100310_38732_afk_20260711_100305_em3_王國金庫_task_fail_returncode_1__000003_20260711_100314_before_tap_422_58.png.png,20260711_100310_38732,unknown_ad_source,unknown_family,,0.912000,0.912000,"48,48,16,17",manifest_bbox_negative,cand_000048.png,train
D:\Projects\adb_vl\close_x_classifier\data\stage0_object_poc\images\stage0_00061_not_close.png,not_close,reviewed,D:\Projects\adb_vl\ads2\assets\review_crops\close_glyph_candidates\sample\candidate_crops\000807_score_0.912_x82_y276_w16_h17_log__20260711_153753_50456_kingdom_vault__000052_20260711_153946_after_tap_80_164.png.png,20260711_153753_50456,unknown_ad_source,unknown_family,,0.912000,0.912000,"48,48,16,17",manifest_bbox_negative,cand_000049.png,val
D:\Projects\adb_vl\close_x_classifier\data\stage0_object_poc\images\stage0_00062_not_close.png,not_close,reviewed,D:\Projects\adb_vl\ads2\assets\review_crops\close_glyph_candidates\sample\candidate_crops\000809_score_0.912_x118_y312_w16_h17_log__20260711_154545_35900_kingdom_vault__000001_20260711_154547_before_swipe_86_430_86_130_420.png.png,20260711_154545_35900,unknown_ad_source,unknown_family,,0.912000,0.912000,"48,48,16,17",manifest_bbox_negative,cand_000050.png,val
D:\Projects\adb_vl\close_x_classifier\data\stage0_object_poc\images\stage0_00063_not_close.png,not_close,reviewed,D:\Projects\adb_vl\ads2\assets\review_crops\close_glyph_candidates\sample\candidate_crops\000811_score_0.911_x45_y119_w17_h16_log__20260711_105219_54776_afk_20260711_105214_311_王國金庫_task__000018_20260711_105249_after_tap_80_427.png.png,20260711_105219_54776,unknown_ad_source,unknown_family,,0.911000,0.911000,"45,48,17,16",manifest_bbox_negative,cand_000051.png,train
D:\Projects\adb_vl\close_x_classifier\data\stage0_object_poc\images\stage0_00064_not_close.png,not_close,reviewed,D:\Projects\adb_vl\ads2\assets\review_crops\close_glyph_candidates\sample\candidate_crops\002628_score_0.882_x682_y190_w24_h26_log__20260711_155245_32320_kingdom_vault__000003_20260711_155250_before_swipe_86_130_86_430_420.png.png,20260711_155245_32320,unknown_ad_source,unknown_family,,0.910000,0.910000,"0,2,17,16",manifest_bbox_negative,cand_000052.png,train
D:\Projects\adb_vl\close_x_classifier\data\stage0_object_poc\images\stage0_00065_not_close.png,not_close,reviewed,D:\Projects\adb_vl\ads2\assets\review_crops\close_glyph_candidates\sample\candidate_crops\000814_score_0.910_x45_y215_w17_h16_log__20260711_153753_50456_kingdom_vault__000054_20260711_153950_after_tap_80_164.png.png,20260711_153753_50456,unknown_ad_source,unknown_family,,0.910000,0.910000,"45,48,17,16",manifest_bbox_negative,cand_000053.png,val
D:\Projects\adb_vl\close_x_classifier\data\stage0_object_poc\images\stage0_00066_not_close.png,not_close,reviewed,D:\Projects\adb_vl\ads2\assets\review_crops\close_glyph_candidates\sample\candidate_crops\000972_score_0.909_x118_y246_w16_h17_log__20260711_154545_35900_kingdom_vault__000017_20260711_154812_before_swipe_86_130_86_430_420.png.png,20260711_154545_35900,unknown_ad_source,unknown_family,,0.909000,0.909000,"48,48,16,17",manifest_bbox_negative,cand_000054.png,val
D:\Projects\adb_vl\close_x_classifier\data\stage0_object_poc\images\stage0_00067_not_close.png,not_close,reviewed,D:\Projects\adb_vl\ads2\assets\review_crops\close_glyph_candidates\sample\candidate_crops\000973_score_0.909_x46_y126_w16_h17_log__20260711_100901_69040_afk_20260711_100305_em3_王國金庫_task_fail_returncode_1__000003_20260711_100906_before_swipe_86_130_86_430_420.png.png,20260711_100901_69040,unknown_ad_source,unknown_family,,0.909000,0.909000,"46,48,16,17",manifest_bbox_negative,cand_000055.png,train
D:\Projects\adb_vl\close_x_classifier\data\stage0_object_poc\images\stage0_00068_not_close.png,not_close,reviewed,D:\Projects\adb_vl\ads2\assets\review_crops\close_glyph_candidates\sample\candidate_crops\000974_score_0.909_x46_y126_w16_h17_log__20260711_101501_60008_afk_20260711_100305_em3_王國金庫_task_fail_returncode_1__000003_20260711_101509_before_swipe_86_130_86_430_420.png.png,20260711_101501_60008,unknown_ad_source,unknown_family,,0.909000,0.909000,"46,48,16,17",manifest_bbox_negative,cand_000056.png,val
D:\Projects\adb_vl\close_x_classifier\data\stage0_object_poc\images\stage0_00069_not_close.png,not_close,reviewed,D:\Projects\adb_vl\ads2\assets\review_crops\close_glyph_candidates\sample\candidate_crops\000975_score_0.909_x46_y126_w16_h17_log__20260711_154545_35900_kingdom_vault__000003_20260711_154551_before_swipe_86_130_86_430_420.png.png,20260711_154545_35900,unknown_ad_source,unknown_family,,0.909000,0.909000,"46,48,16,17",manifest_bbox_negative,cand_000057.png,val
D:\Projects\adb_vl\close_x_classifier\data\stage0_object_poc\images\stage0_00070_not_close.png,not_close,reviewed,D:\Projects\adb_vl\ads2\assets\review_crops\close_glyph_candidates\sample\candidate_crops\000976_score_0.909_x359_y317_w13_h13_log__20260711_095142_4644_afk_20260711_095142_em3_每日簽到_route_enter__000007_20260711_095153_before_tap_480_158.png.png,20260711_095142_4644,unknown_ad_source,unknown_family,,0.909000,0.909000,"48,48,13,13",manifest_bbox_negative,cand_000058.png,train
D:\Projects\adb_vl\close_x_classifier\data\stage0_object_poc\images\stage0_00071_not_close.png,not_close,reviewed,D:\Projects\adb_vl\ads2\assets\review_crops\close_glyph_candidates\sample\candidate_crops\000977_score_0.909_x359_y344_w13_h13_log__20260711_111910_56400_afk_20260711_111910_tiger_每日簽到_route_enter__000007_20260711_111922_before_tap_480_158.png.png,20260711_111910_56400,unknown_ad_source,unknown_family,,0.909000,0.909000,"48,48,13,13",manifest_bbox_negative,cand_000059.png,test
D:\Projects\adb_vl\close_x_classifier\data\stage0_object_poc\images\stage0_00072_not_close.png,not_close,reviewed,D:\Projects\adb_vl\ads2\assets\review_crops\close_glyph_candidates\sample\candidate_crops\001008_score_0.908_x82_y252_w16_h17_log__20260711_153753_50456_kingdom_vault__000012_20260711_153828_after_tap_495_170.png.png,20260711_153753_50456,unknown_ad_source,unknown_family,,0.908000,0.908000,"48,48,16,17",manifest_bbox_negative,cand_000060.png,val
D:\Projects\adb_vl\close_x_classifier\data\stage0_object_poc\images\stage0_00073_not_close.png,not_close,reviewed,D:\Projects\adb_vl\ads2\assets\review_crops\close_glyph_candidates\sample\candidate_crops\001010_score_0.908_x532_y175_w18_h17_log__20260711_104207_50836_afk_20260711_104153_311_每日簽到_route_exit__000002_20260711_104209_after_tap_51_22.png.png,20260711_104207_50836,unknown_ad_source,unknown_family,,0.908000,0.908000,"48,48,18,17",manifest_bbox_negative,cand_000061.png,train
D:\Projects\adb_vl\close_x_classifier\data\stage0_object_poc\images\stage0_00074_not_close.png,not_close,reviewed,D:\Projects\adb_vl\ads2\assets\review_crops\close_glyph_candidates\sample\candidate_crops\001011_score_0.908_x581_y482_w16_h16_log__20260711_003939_31364_afk_20260711_002946_tiger_廣告探寶鏟_task__000034_20260711_004358_after_tap_483_157.png.png,20260711_003939_31364,unknown_ad_source,unknown_family,,0.908000,0.908000,"48,48,16,16",manifest_bbox_negative,cand_000062.png,train
D:\Projects\adb_vl\close_x_classifier\data\stage0_object_poc\images\stage0_00075_not_close.png,not_close,reviewed,D:\Projects\adb_vl\ads2\assets\review_crops\close_glyph_candidates\sample\candidate_crops\001031_score_0.907_x549_y486_w16_h17_log__20260711_084004_22576_afk_20260711_083942_14_每日任務_task_fail_returncode_1__000028_20260711_084102_before_tap_749_420.png.png,20260711_084004_22576,unknown_ad_source,unknown_family,,0.907000,0.907000,"48,48,16,17",manifest_bbox_negative,cand_000063.png,train
D:\Projects\adb_vl\close_x_classifier\data\stage0_object_poc\images\stage0_00076_not_close.png,not_close,reviewed,D:\Projects\adb_vl\ads2\assets\review_crops\close_glyph_candidates\sample\candidate_crops\001032_score_0.907_x549_y486_w16_h17_log__20260711_110821_25824_afk_20260711_110759_tiger_每日任務_task__000040_20260711_110945_before_tap_575_419.png.png,20260711_110821_25824,unknown_ad_source,unknown_family,,0.907000,0.907000,"48,48,16,17",manifest_bbox_negative,cand_000064.png,train
D:\Projects\adb_vl\close_x_classifier\data\stage0_object_poc\images\stage0_00077_not_close.png,not_close,reviewed,D:\Projects\adb_vl\ads2\assets\review_crops\close_glyph_candidates\sample\candidate_crops\001033_score_0.906_x467_y222_w15_h15_log__20260711_112339_34208_afk_20260711_112330_tiger_看廣告_task__000023_20260711_112545_before_tap_483_157.png.png,20260711_112339_34208,unknown_ad_source,unknown_family,,0.906000,0.906000,"48,48,15,15",manifest_bbox_negative,cand_000065.png,train
D:\Projects\adb_vl\close_x_classifier\data\stage0_object_poc\images\stage0_00078_not_close.png,not_close,reviewed,D:\Projects\adb_vl\ads2\assets\review_crops\close_glyph_candidates\sample\candidate_crops\001037_score_0.906_x118_y305_w16_h16_log__20260711_105219_54776_afk_20260711_105214_311_王國金庫_task__000026_20260711_105304_after_swipe_86_130_86_430_420.png.png,20260711_105219_54776,unknown_ad_source,unknown_family,,0.906000,0.906000,"48,48,16,16",manifest_bbox_negative,cand_000066.png,train
D:\Projects\adb_vl\close_x_classifier\data\stage0_object_poc\images\stage0_00079_not_close.png,not_close,reviewed,D:\Projects\adb_vl\ads2\assets\review_crops\close_glyph_candidates\sample\candidate_crops\001038_score_0.906_x118_y305_w16_h16_log__20260711_105305_54776_afk_20260711_105214_311_王國金庫_route_exit__000001_20260711_105306_before_tap_34_28.png.png,20260711_105305_54776,unknown_ad_source,unknown_family,,0.906000,0.906000,"48,48,16,16",manifest_bbox_negative,cand_000067.png,test
D:\Projects\adb_vl\close_x_classifier\data\stage0_object_poc\images\stage0_00080_not_close.png,not_close,reviewed,D:\Projects\adb_vl\ads2\assets\review_crops\close_glyph_candidates\sample\candidate_crops\001040_score_0.906_x461_y404_w15_h15_log__20260711_094400_67140_afk_20260711_094338_em3_每日任務_task__000048_20260711_094550_before_tap_80_500.png.png,20260711_094400_67140,unknown_ad_source,unknown_family,,0.906000,0.906000,"48,48,15,15",manifest_bbox_negative,cand_000068.png,train
D:\Projects\adb_vl\close_x_classifier\data\stage0_object_poc\images\stage0_00081_not_close.png,not_close,reviewed,D:\Projects\adb_vl\ads2\assets\review_crops\close_glyph_candidates\sample\candidate_crops\001041_score_0.906_x461_y404_w15_h15_log__20260711_094400_67140_afk_20260711_094338_em3_每日任務_task__000047_20260711_094548_after_tap_615_460.png.png,20260711_094400_67140,unknown_ad_source,unknown_family,,0.906000,0.906000,"48,48,15,15",manifest_bbox_negative,cand_000069.png,train
D:\Projects\adb_vl\close_x_classifier\data\stage0_object_poc\images\stage0_00082_not_close.png,not_close,reviewed,D:\Projects\adb_vl\ads2\assets\review_crops\close_glyph_candidates\sample\candidate_crops\001042_score_0.906_x461_y404_w15_h15_log__20260711_103235_63312_afk_20260711_103216_311_每日任務_task__000049_20260711_103426_after_tap_615_460.png.png,20260711_103235_63312,unknown_ad_source,unknown_family,,0.906000,0.906000,"48,48,15,15",manifest_bbox_negative,cand_000070.png,train
D:\Projects\adb_vl\close_x_classifier\data\stage0_object_poc\images\stage0_00083_not_close.png,not_close,reviewed,D:\Projects\adb_vl\ads2\assets\review_crops\close_glyph_candidates\sample\candidate_crops\001043_score_0.906_x461_y404_w15_h15_log__20260711_103235_63312_afk_20260711_103216_311_每日任務_task__000050_20260711_103429_before_tap_80_500.png.png,20260711_103235_63312,unknown_ad_source,unknown_family,,0.906000,0.906000,"48,48,15,15",manifest_bbox_negative,cand_000071.png,train
D:\Projects\adb_vl\close_x_classifier\data\stage0_object_poc\images\stage0_00084_not_close.png,not_close,reviewed,D:\Projects\adb_vl\ads2\assets\review_crops\close_glyph_candidates\sample\candidate_crops\001044_score_0.906_x461_y404_w15_h15_log__20260711_110821_25824_afk_20260711_110759_tiger_每日任務_task__000049_20260711_111013_after_tap_615_460.png.png,20260711_110821_25824,unknown_ad_source,unknown_family,,0.906000,0.906000,"48,48,15,15",manifest_bbox_negative,cand_000072.png,train
D:\Projects\adb_vl\close_x_classifier\data\stage0_object_poc\images\stage0_00085_not_close.png,not_close,reviewed,D:\Projects\adb_vl\ads2\assets\review_crops\close_glyph_candidates\sample\candidate_crops\001045_score_0.906_x461_y404_w15_h15_log__20260711_110821_25824_afk_20260711_110759_tiger_每日任務_task__000050_20260711_111016_before_tap_80_500.png.png,20260711_110821_25824,unknown_ad_source,unknown_family,,0.906000,0.906000,"48,48,15,15",manifest_bbox_negative,cand_000073.png,train
D:\Projects\adb_vl\close_x_classifier\data\stage0_object_poc\images\stage0_00086_not_close.png,not_close,reviewed,D:\Projects\adb_vl\ads2\assets\review_crops\close_glyph_candidates\sample\candidate_crops\001055_score_0.905_x329_y452_w14_h14_log__20260711_084610_10484_afk_20260711_083942_14_每日任務_task__000271_20260711_085409_after_swipe_360_460_360_180_900.png.png,20260711_084610_10484,unknown_ad_source,unknown_family,,0.905000,0.905000,"48,48,14,14",manifest_bbox_negative,cand_000074.png,test
D:\Projects\adb_vl\close_x_classifier\data\stage0_object_poc\images\stage0_00087_not_close.png,not_close,reviewed,D:\Projects\adb_vl\ads2\assets\review_crops\close_glyph_candidates\sample\candidate_crops\001056_score_0.905_x329_y452_w14_h14_log__20260711_110821_25824_afk_20260711_110759_tiger_每日任務_task__000335_20260711_111855_after_swipe_360_460_360_180_900.png.png,20260711_110821_25824,unknown_ad_source,unknown_family,,0.905000,0.905000,"48,48,14,14",manifest_bbox_negative,cand_000075.png,train
D:\Projects\adb_vl\close_x_classifier\data\stage0_object_poc\images\stage0_00088_not_close.png,not_close,reviewed,D:\Projects\adb_vl\ads2\assets\review_crops\close_glyph_candidates\sample\candidate_crops\001057_score_0.905_x395_y422_w14_h13_log__20260711_111953_39056_afk_20260711_111931_tiger_深淵_task__000011_20260711_112016_after_swipe_455_430_455_170_520.png.png,20260711_111953_39056,unknown_ad_source,unknown_family,,0.905000,0.905000,"48,48,14,13",manifest_bbox_negative,cand_000076.png,train
D:\Projects\adb_vl\close_x_classifier\data\stage0_object_poc\images\stage0_00089_not_close.png,not_close,reviewed,D:\Projects\adb_vl\ads2\assets\review_crops\close_glyph_candidates\sample\candidate_crops\001062_score_0.904_x118_y336_w16_h17_log__20260711_100310_38732_afk_20260711_100305_em3_王國金庫_task_fail_returncode_1__000031_20260711_100406_before_tap_80_164.png.png,20260711_100310_38732,unknown_ad_source,unknown_family,,0.904000,0.904000,"48,48,16,17",manifest_bbox_negative,cand_000077.png,train
D:\Projects\adb_vl\close_x_classifier\data\stage0_object_poc\images\stage0_00090_not_close.png,not_close,reviewed,D:\Projects\adb_vl\ads2\assets\review_crops\close_glyph_candidates\sample\candidate_crops\001403_score_0.904_x337_y481_w16_h17_log__20260711_115208_5620_afk_20260711_114738_14_廣告時間沙漏_route_exit__000001_20260711_115209_before_tap_53_22.png.png,20260711_115208_5620,unknown_ad_source,unknown_family,,0.904000,0.904000,"48,48,16,17",manifest_bbox_negative,cand_000078.png,train
D:\Projects\adb_vl\close_x_classifier\data\stage0_object_poc\images\stage0_00091_not_close.png,not_close,reviewed,D:\Projects\adb_vl\ads2\assets\review_crops\close_glyph_candidates\sample\candidate_crops\001416_score_0.903_x99_y427_w17_h16_log__20260711_105219_54776_afk_20260711_105214_311_王國金庫_task__000025_20260711_105302_before_swipe_86_130_86_430_420.png.png,20260711_105219_54776,unknown_ad_source,unknown_family,,0.903000,0.903000,"48,48,17,16",manifest_bbox_negative,cand_000079.png,train
D:\Projects\adb_vl\close_x_classifier\data\stage0_object_poc\images\stage0_00092_not_close.png,not_close,reviewed,D:\Projects\adb_vl\ads2\assets\review_crops\close_glyph_candidates\sample\candidate_crops\001423_score_0.902_x118_y339_w16_h17_log__20260711_100310_38732_afk_20260711_100305_em3_王國金庫_task_fail_returncode_1__000030_20260711_100404_after_swipe_86_130_86_430_420.png.png,20260711_100310_38732,unknown_ad_source,unknown_family,,0.902000,0.902000,"48,48,16,17",manifest_bbox_negative,cand_000080.png,train
D:\Projects\adb_vl\close_x_classifier\data\stage0_object_poc\images\stage0_00093_not_close.png,not_close,reviewed,D:\Projects\adb_vl\ads2\assets\review_crops\close_glyph_candidates\sample\candidate_crops\001574_score_0.900_x45_y125_w17_h16_log__20260711_105219_54776_afk_20260711_105214_311_王國金庫_task__000026_20260711_105304_after_swipe_86_130_86_430_420.png.png,20260711_105219_54776,unknown_ad_source,unknown_family,,0.900000,0.900000,"45,48,17,16",manifest_bbox_negative,cand_000081.png,train
D:\Projects\adb_vl\close_x_classifier\data\stage0_object_poc\images\stage0_00094_not_close.png,not_close,reviewed,D:\Projects\adb_vl\ads2\assets\review_crops\close_glyph_candidates\sample\candidate_crops\001576_score_0.900_x45_y125_w17_h16_log__20260711_154545_35900_kingdom_vault__000016_20260711_154810_after_swipe_86_430_86_130_420.png.png,20260711_154545_35900,unknown_ad_source,unknown_family,,0.900000,0.900000,"45,48,17,16",manifest_bbox_negative,cand_000082.png,val
D:\Projects\adb_vl\close_x_classifier\data\stage0_object_poc\images\stage0_00095_not_close.png,not_close,reviewed,D:\Projects\adb_vl\ads2\assets\review_crops\close_glyph_candidates\sample\candidate_crops\001575_score_0.900_x45_y125_w17_h16_log__20260711_105305_54776_afk_20260711_105214_311_王國金庫_route_exit__000001_20260711_105306_before_tap_34_28.png.png,20260711_105305_54776,unknown_ad_source,unknown_family,,0.900000,0.900000,"45,48,17,16",manifest_bbox_negative,cand_000083.png,test
D:\Projects\adb_vl\close_x_classifier\data\stage0_object_poc\images\stage0_00096_not_close.png,not_close,reviewed,D:\Projects\adb_vl\ads2\assets\review_crops\close_glyph_candidates\sample\candidate_crops\001577_score_0.900_x450_y222_w15_h15_log__20260711_104622_54288_afk_20260711_104613_311_看廣告_task__000005_20260711_104711_before_tap_483_157.png.png,20260711_104622_54288,unknown_ad_source,unknown_family,,0.900000,0.900000,"48,48,15,15",manifest_bbox_negative,cand_000084.png,test
D:\Projects\adb_vl\close_x_classifier\data\stage0_object_poc\images\stage0_00097_not_close.png,not_close,reviewed,D:\Projects\adb_vl\ads2\assets\review_crops\close_glyph_candidates\sample\candidate_crops\001580_score_0.900_x513_y188_w14_h15_log__20260711_085505_41488_afk_20260711_085445_14_深淵_task__000008_20260711_085524_after_swipe_455_430_455_170_520.png.png,20260711_085505_41488,unknown_ad_source,unknown_family,,0.900000,0.900000,"48,48,14,15",manifest_bbox_negative,cand_000085.png,train
D:\Projects\adb_vl\close_x_classifier\data\stage0_object_poc\images\stage0_00098_not_close.png,not_close,reviewed,D:\Projects\adb_vl\ads2\assets\review_crops\close_glyph_candidates\sample\candidate_crops\001587_score_0.899_x472_y261_w18_h18_log__20260711_004437_69372_afk_20260711_004419_tiger_廣告時間沙漏_task__000026_20260711_004816_after_tap_67_40.png.png,20260711_004437_69372,unknown_ad_source,unknown_family,,0.899000,0.899000,"48,48,18,18",manifest_bbox_negative,cand_000086.png,train
D:\Projects\adb_vl\close_x_classifier\data\stage0_object_poc\images\stage0_00099_not_close.png,not_close,reviewed,D:\Projects\adb_vl\ads2\assets\review_crops\close_glyph_candidates\sample\candidate_crops\001596_score_0.898_x472_y261_w18_h18_log__20260711_011142_36488_afk_20260711_011124_em3_廣告時間沙漏_task__000032_20260711_011602_after_tap_42_42.png.png,20260711_011142_36488,unknown_ad_source,unknown_family,,0.898000,0.898000,"48,48,18,18",manifest_bbox_negative,cand_000087.png,train
D:\Projects\adb_vl\close_x_classifier\data\stage0_object_poc\images\stage0_00100_not_close.png,not_close,reviewed,D:\Projects\adb_vl\ads2\assets\review_crops\close_glyph_candidates\sample\candidate_crops\001600_score_0.898_x472_y261_w18_h18_log__20260711_111953_39056_afk_20260711_111931_tiger_深淵_task__000048_20260711_112136_after_tap_368_478.png.png,20260711_111953_39056,unknown_ad_source,unknown_family,,0.898000,0.898000,"48,48,18,18",manifest_bbox_negative,cand_000088.png,train
D:\Projects\adb_vl\close_x_classifier\data\stage0_object_poc\images\stage0_00101_not_close.png,not_close,reviewed,D:\Projects\adb_vl\ads2\assets\review_crops\close_glyph_candidates\sample\candidate_crops\001688_score_0.897_x300_y498_w13_h14_log__20260711_094400_67140_afk_20260711_094338_em3_每日任務_task__000210_20260711_095117_before_swipe_360_430_360_230_700.png.png,20260711_094400_67140,unknown_ad_source,unknown_family,,0.897000,0.897000,"48,48,13,14",manifest_bbox_negative,cand_000089.png,train
D:\Projects\adb_vl\close_x_classifier\data\stage0_object_poc\images\stage0_00102_not_close.png,not_close,reviewed,D:\Projects\adb_vl\ads2\assets\review_crops\close_glyph_candidates\sample\candidate_crops\001692_score_0.897_x814_y194_w18_h18_log__20260711_103235_63312_afk_20260711_103216_311_每日任務_task__000087_20260711_103555_after_tap_840_472.png.png,20260711_103235_63312,unknown_ad_source,unknown_family,,0.897000,0.897000,"48,48,18,18",manifest_bbox_negative,cand_000090.png,train
D:\Projects\adb_vl\close_x_classifier\data\stage0_object_poc\images\stage0_00103_not_close.png,not_close,reviewed,D:\Projects\adb_vl\ads2\assets\review_crops\close_glyph_candidates\sample\candidate_crops\001696_score_0.896_x82_y276_w16_h17_log__20260711_100541_44936_afk_20260711_100305_em3_王國金庫_task_fail_returncode_1__000006_20260711_100551_after_tap_80_164.png.png,20260711_100541_44936,unknown_ad_source,unknown_family,,0.896000,0.896000,"48,48,16,17",manifest_bbox_negative,cand_000091.png,test
D:\Projects\adb_vl\close_x_classifier\data\stage0_object_poc\images\stage0_00104_not_close.png,not_close,reviewed,D:\Projects\adb_vl\ads2\assets\review_crops\close_glyph_candidates\sample\candidate_crops\001697_score_0.896_x82_y276_w16_h17_log__20260711_100901_69040_afk_20260711_100305_em3_王國金庫_task_fail_returncode_1__000006_20260711_100911_after_tap_80_164.png.png,20260711_100901_69040,unknown_ad_source,unknown_family,,0.896000,0.896000,"48,48,16,17",manifest_bbox_negative,cand_000092.png,train
D:\Projects\adb_vl\close_x_classifier\data\stage0_object_poc\images\stage0_00105_not_close.png,not_close,reviewed,D:\Projects\adb_vl\ads2\assets\review_crops\close_glyph_candidates\sample\candidate_crops\001698_score_0.896_x82_y276_w16_h17_log__20260711_101501_60008_afk_20260711_100305_em3_王國金庫_task_fail_returncode_1__000006_20260711_101515_after_tap_80_164.png.png,20260711_101501_60008,unknown_ad_source,unknown_family,,0.896000,0.896000,"48,48,16,17",manifest_bbox_negative,cand_000093.png,val
D:\Projects\adb_vl\close_x_classifier\data\stage0_object_poc\images\stage0_00106_not_close.png,not_close,reviewed,D:\Projects\adb_vl\ads2\assets\review_crops\close_glyph_candidates\sample\candidate_crops\001707_score_0.895_x300_y490_w13_h14_log__20260711_084004_22576_afk_20260711_083942_14_每日任務_task_fail_returncode_1__000055_20260711_084212_after_swipe_360_430_360_230_700.png.png,20260711_084004_22576,unknown_ad_source,unknown_family,,0.895000,0.895000,"48,48,13,14",manifest_bbox_negative,cand_000094.png,train
D:\Projects\adb_vl\close_x_classifier\data\stage0_object_poc\images\stage0_00107_not_close.png,not_close,reviewed,D:\Projects\adb_vl\ads2\assets\review_crops\close_glyph_candidates\sample\candidate_crops\000375_score_0.915_x395_y421_w14_h13_log__20260711_095223_69352_afk_20260711_095203_em3_深淵_task__000006_20260711_095239_abyss_rental_scan_01.png.png,20260711_095223_69352,unknown_ad_source,unknown_family,,0.894000,0.894000,"33,48,14,14",manifest_bbox_negative,cand_000095.png,test
D:\Projects\adb_vl\close_x_classifier\data\stage0_object_poc\images\stage0_00108_not_close.png,not_close,reviewed,D:\Projects\adb_vl\ads2\assets\review_crops\close_glyph_candidates\sample\candidate_crops\000376_score_0.915_x395_y421_w14_h13_log__20260711_095223_69352_afk_20260711_095203_em3_深淵_task__000004_20260711_095228_before_tap_507_466.png.png,20260711_095223_69352,unknown_ad_source,unknown_family,,0.894000,0.894000,"33,48,14,14",manifest_bbox_negative,cand_000096.png,test
D:\Projects\adb_vl\close_x_classifier\data\stage0_object_poc\images\stage0_00109_not_close.png,not_close,reviewed,D:\Projects\adb_vl\ads2\assets\review_crops\close_glyph_candidates\sample\candidate_crops\000377_score_0.915_x395_y421_w14_h13_log__20260711_095223_69352_afk_20260711_095203_em3_深淵_task__000005_20260711_095229_after_tap_507_466.png.png,20260711_095223_69352,unknown_ad_source,unknown_family,,0.894000,0.894000,"33,48,14,14",manifest_bbox_negative,cand_000097.png,test
D:\Projects\adb_vl\close_x_classifier\data\stage0_object_poc\images\stage0_00110_not_close.png,not_close,reviewed,D:\Projects\adb_vl\ads2\assets\review_crops\close_glyph_candidates\sample\candidate_crops\000378_score_0.915_x395_y421_w14_h13_log__20260711_095223_69352_afk_20260711_095203_em3_深淵_task__000007_20260711_095239_before_swipe_455_430_455_170_520.png.png,20260711_095223_69352,unknown_ad_source,unknown_family,,0.894000,0.894000,"33,48,14,14",manifest_bbox_negative,cand_000098.png,test
D:\Projects\adb_vl\close_x_classifier\data\stage0_object_poc\images\stage0_00111_not_close.png,not_close,reviewed,D:\Projects\adb_vl\ads2\assets\review_crops\close_glyph_candidates\sample\candidate_crops\000392_score_0.915_x395_y421_w14_h13_log__20260711_111953_39056_afk_20260711_111931_tiger_深淵_task__000027_20260711_112042_before_tap_809_65.png.png,20260711_111953_39056,unknown_ad_source,unknown_family,,0.894000,0.894000,"33,48,14,14",manifest_bbox_negative,cand_000099.png,train
D:\Projects\adb_vl\close_x_classifier\data\stage0_object_poc\images\stage0_00112_not_close.png,not_close,reviewed,D:\Projects\adb_vl\ads2\assets\review_crops\close_glyph_candidates\sample\candidate_crops\000137_score_0.938_x395_y159_w14_h14_log__20260711_085505_41488_afk_20260711_085445_14_深淵_task__000021_20260711_085543_after_tap_746_194.png.png,20260711_085505_41488,unknown_ad_source,unknown_family,,0.894000,0.894000,"33,48,14,14",manifest_bbox_negative,cand_000100.png,train
D:\Projects\adb_vl\close_x_classifier\data\stage0_object_poc\images\stage0_00113_not_close.png,not_close,reviewed,D:\Projects\adb_vl\ads2\assets\review_crops\close_glyph_candidates\sample\candidate_crops\000138_score_0.938_x395_y354_w14_h14_log__20260711_085505_41488_afk_20260711_085445_14_深淵_task__000021_20260711_085543_after_tap_746_194.png.png,20260711_085505_41488,unknown_ad_source,unknown_family,,0.894000,0.894000,"33,48,14,14",manifest_bbox_negative,cand_000101.png,train
D:\Projects\adb_vl\close_x_classifier\data\stage0_object_poc\images\stage0_00114_not_close.png,not_close,reviewed,D:\Projects\adb_vl\ads2\assets\review_crops\close_glyph_candidates\sample\candidate_crops\000136_score_0.938_x395_y354_w14_h14_log__20260711_085505_41488_afk_20260711_085445_14_深淵_task__000020_20260711_085542_before_tap_746_194.png.png,20260711_085505_41488,unknown_ad_source,unknown_family,,0.894000,0.894000,"33,48,14,14",manifest_bbox_negative,cand_000102.png,train
D:\Projects\adb_vl\close_x_classifier\data\stage0_object_poc\images\stage0_00115_not_close.png,not_close,reviewed,D:\Projects\adb_vl\ads2\assets\review_crops\close_glyph_candidates\sample\candidate_crops\000139_score_0.938_x395_y183_w14_h14_log__20260711_095223_69352_afk_20260711_095203_em3_深淵_task__000008_20260711_095241_after_swipe_455_430_455_170_520.png.png,20260711_095223_69352,unknown_ad_source,unknown_family,,0.894000,0.894000,"33,48,14,14",manifest_bbox_negative,cand_000103.png,test
D:\Projects\adb_vl\close_x_classifier\data\stage0_object_poc\images\stage0_00116_not_close.png,not_close,reviewed,D:\Projects\adb_vl\ads2\assets\review_crops\close_glyph_candidates\sample\candidate_crops\000140_score_0.938_x395_y378_w14_h14_log__20260711_095223_69352_afk_20260711_095203_em3_深淵_task__000008_20260711_095241_after_swipe_455_430_455_170_520.png.png,20260711_095223_69352,unknown_ad_source,unknown_family,,0.894000,0.894000,"33,48,14,14",manifest_bbox_negative,cand_000104.png,test
D:\Projects\adb_vl\close_x_classifier\data\stage0_object_poc\images\stage0_00117_not_close.png,not_close,reviewed,D:\Projects\adb_vl\ads2\assets\review_crops\close_glyph_candidates\sample\candidate_crops\000178_score_0.938_x395_y393_w14_h14_log__20260711_111953_39056_afk_20260711_111931_tiger_深淵_task__000024_20260711_112036_after_tap_746_135.png.png,20260711_111953_39056,unknown_ad_source,unknown_family,,0.894000,0.894000,"33,48,14,14",manifest_bbox_negative,cand_000105.png,train
D:\Projects\adb_vl\close_x_classifier\data\stage0_object_poc\images\stage0_00118_not_close.png,not_close,reviewed,D:\Projects\adb_vl\ads2\assets\review_crops\close_glyph_candidates\sample\candidate_crops\001716_score_0.894_x472_y261_w18_h18_log__tiger_廣告探寶鏟_task_fail_stuck_static__000040_20260711_014956_after_tap_301_350.png.png,20260711_014956_after,unknown_ad_source,unknown_family,,0.894000,0.894000,"48,48,18,18",manifest_bbox_negative,cand_000106.png,train
D:\Projects\adb_vl\close_x_classifier\data\stage0_object_poc\images\stage0_00119_not_close.png,not_close,reviewed,D:\Projects\adb_vl\ads2\assets\review_crops\close_glyph_candidates\sample\candidate_crops\001723_score_0.893_x82_y193_w15_h15_log__20260711_100310_38732_afk_20260711_100305_em3_王國金庫_task_fail_returncode_1__000002_20260711_100313_after_tap_80_140.png.png,20260711_100310_38732,unknown_ad_source,unknown_family,,0.893000,0.893000,"48,48,15,15",manifest_bbox_negative,cand_000107.png,train
D:\Projects\adb_vl\close_x_classifier\data\stage0_object_poc\images\stage0_00120_not_close.png,not_close,reviewed,D:\Projects\adb_vl\ads2\assets\review_crops\close_glyph_candidates\sample\candidate_crops\002608_score_0.884_x395_y131_w14_h14_log__20260711_111953_39056_afk_20260711_111931_tiger_深淵_task__000017_20260711_112026_after_swipe_455_430_455_170_520.png.png,20260711_111953_39056,unknown_ad_source,unknown_family,,0.893000,0.893000,"33,48,14,14",manifest_bbox_negative,cand_000108.png,train
D:\Projects\adb_vl\close_x_classifier\data\stage0_object_poc\images\stage0_00121_not_close.png,not_close,reviewed,D:\Projects\adb_vl\ads2\assets\review_crops\close_glyph_candidates\sample\candidate_crops\000293_score_0.921_x453_y147_w16_h17_log__20260710_125824_2204__000504_20260711_145942_before_tap_51_22.png.png,20260710_125824_2204,unknown_ad_source,unknown_family,,0.892000,0.892000,"30,48,16,17",manifest_bbox_negative,cand_000109.png,test
D:\Projects\adb_vl\close_x_classifier\data\stage0_object_poc\images\stage0_00122_not_close.png,not_close,reviewed,D:\Projects\adb_vl\ads2\assets\review_crops\close_glyph_candidates\sample\candidate_crops\000294_score_0.921_x453_y147_w16_h17_log__20260710_125824_2204__000505_20260711_145944_after_tap_51_22.png.png,20260710_125824_2204,unknown_ad_source,unknown_family,,0.892000,0.892000,"30,48,16,17",manifest_bbox_negative,cand_000110.png,test
D:\Projects\adb_vl\close_x_classifier\data\stage0_object_poc\images\stage0_00123_not_close.png,not_close,reviewed,D:\Projects\adb_vl\ads2\assets\review_crops\close_glyph_candidates\sample\candidate_crops\001811_score_0.892_x268_y107_w18_h18_log__20260711_085840_33128_afk_20260711_085840_14_看廣告_route_enter__000003_20260711_085846_before_tap_67_340.png.png,20260711_085840_33128,unknown_ad_source,unknown_family,,0.892000,0.892000,"48,48,18,18",manifest_bbox_negative,cand_000111.png,test
D:\Projects\adb_vl\close_x_classifier\data\stage0_object_poc\images\stage0_00124_not_close.png,not_close,reviewed,D:\Projects\adb_vl\ads2\assets\review_crops\close_glyph_candidates\sample\candidate_crops\001914_score_0.892_x606_y222_w15_h15_log__20260711_085849_37020_afk_20260711_085840_14_看廣告_task__000025_20260711_090105_before_tap_757_364.png.png,20260711_085849_37020,unknown_ad_source,unknown_family,,0.892000,0.892000,"48,48,15,15",manifest_bbox_negative,cand_000112.png,test
D:\Projects\adb_vl\close_x_classifier\data\stage0_object_poc\images\stage0_00125_not_close.png,not_close,reviewed,D:\Projects\adb_vl\ads2\assets\review_crops\close_glyph_candidates\sample\candidate_crops\001945_score_0.891_x467_y222_w14_h15_log__20260711_104622_54288_afk_20260711_104613_311_看廣告_task__000017_20260711_104918_before_tap_483_157.png.png,20260711_104622_54288,unknown_ad_source,unknown_family,,0.891000,0.891000,"48,48,14,15",manifest_bbox_negative,cand_000113.png,test
D:\Projects\adb_vl\close_x_classifier\data\stage0_object_poc\images\stage0_00126_not_close.png,not_close,reviewed,D:\Projects\adb_vl\ads2\assets\review_crops\close_glyph_candidates\sample\candidate_crops\001947_score_0.891_x317_y106_w16_h15_log__20260711_093513_29888_kingdom_vault__000047_20260711_093730_before_swipe_86_430_86_130_420.png.png,20260711_093513_29888,unknown_ad_source,unknown_family,,0.891000,0.891000,"48,48,16,15",manifest_bbox_negative,cand_000114.png,train
D:\Projects\adb_vl\close_x_classifier\data\stage0_object_poc\images\stage0_00127_not_close.png,not_close,reviewed,D:\Projects\adb_vl\ads2\assets\review_crops\close_glyph_candidates\sample\candidate_crops\000362_score_0.915_x45_y79_w17_h16_log__20260711_155245_32320_kingdom_vault__000003_20260711_155250_before_swipe_86_130_86_430_420.png.png,20260711_155245_32320,unknown_ad_source,unknown_family,,0.890000,0.890000,"45,48,17,16",manifest_bbox_negative,cand_000115.png,train
D:\Projects\adb_vl\close_x_classifier\data\stage0_object_poc\images\stage0_00128_not_close.png,not_close,reviewed,D:\Projects\adb_vl\ads2\assets\review_crops\close_glyph_candidates\sample\candidate_crops\001987_score_0.890_x45_y192_w17_h17_log__20260711_100901_69040_afk_20260711_100305_em3_王國金庫_task_fail_returncode_1__000001_20260711_100903_before_swipe_86_430_86_130_420.png.png,20260711_100901_69040,unknown_ad_source,unknown_family,,0.890000,0.890000,"45,48,17,17",manifest_bbox_negative,cand_000116.png,train
D:\Projects\adb_vl\close_x_classifier\data\stage0_object_poc\images\stage0_00129_not_close.png,not_close,reviewed,D:\Projects\adb_vl\ads2\assets\review_crops\close_glyph_candidates\sample\candidate_crops\001988_score_0.890_x45_y120_w17_h17_log__20260711_100541_44936_afk_20260711_100305_em3_王國金庫_task_fail_returncode_1__000002_20260711_100544_after_swipe_86_430_86_130_420.png.png,20260711_100541_44936,unknown_ad_source,unknown_family,,0.890000,0.890000,"45,48,17,17",manifest_bbox_negative,cand_000117.png,test
D:\Projects\adb_vl\close_x_classifier\data\stage0_object_poc\images\stage0_00130_not_close.png,not_close,reviewed,D:\Projects\adb_vl\ads2\assets\review_crops\close_glyph_candidates\sample\candidate_crops\001989_score_0.890_x45_y120_w17_h17_log__20260711_154545_35900_kingdom_vault__000002_20260711_154549_after_swipe_86_430_86_130_420.png.png,20260711_154545_35900,unknown_ad_source,unknown_family,,0.890000,0.890000,"45,48,17,17",manifest_bbox_negative,cand_000118.png,val
D:\Projects\adb_vl\close_x_classifier\data\stage0_object_poc\images\stage0_00131_not_close.png,not_close,reviewed,D:\Projects\adb_vl\ads2\assets\review_crops\close_glyph_candidates\sample\candidate_crops\001991_score_0.890_x118_y312_w16_h17_log__20260711_100310_38732_afk_20260711_100305_em3_王國金庫_task_fail_returncode_1__000002_20260711_100313_after_tap_80_140.png.png,20260711_100310_38732,unknown_ad_source,unknown_family,,0.890000,0.890000,"48,48,16,17",manifest_bbox_negative,cand_000119.png,train
D:\Projects\adb_vl\close_x_classifier\data\stage0_object_poc\images\stage0_00132_not_close.png,not_close,reviewed,D:\Projects\adb_vl\ads2\assets\review_crops\close_glyph_candidates\sample\candidate_crops\001992_score_0.890_x432_y206_w17_h15_log__20260707_160103_33324__000860_20260709_070811_before_tap_80_500.png.png,20260707_160103_33324,unknown_ad_source,unknown_family,,0.890000,0.890000,"48,48,17,15",manifest_bbox_negative,cand_000120.png,train
D:\Projects\adb_vl\close_x_classifier\data\stage0_object_poc\images\stage0_00133_not_close.png,not_close,reviewed,D:\Projects\adb_vl\ads2\assets\review_crops\close_glyph_candidates\sample\candidate_crops\001994_score_0.890_x118_y240_w16_h17_log__20260711_100541_44936_afk_20260711_100305_em3_王國金庫_task_fail_returncode_1__000002_20260711_100544_after_swipe_86_430_86_130_420.png.png,20260711_100541_44936,unknown_ad_source,unknown_family,,0.890000,0.890000,"48,48,16,17",manifest_bbox_negative,cand_000121.png,test
D:\Projects\adb_vl\close_x_classifier\data\stage0_object_poc\images\stage0_00134_not_close.png,not_close,reviewed,D:\Projects\adb_vl\ads2\assets\review_crops\close_glyph_candidates\sample\candidate_crops\001995_score_0.890_x118_y240_w16_h17_log__20260711_105219_54776_afk_20260711_105214_311_王國金庫_task__000024_20260711_105300_after_swipe_86_430_86_130_420.png.png,20260711_105219_54776,unknown_ad_source,unknown_family,,0.890000,0.890000,"48,48,16,17",manifest_bbox_negative,cand_000122.png,train
D:\Projects\adb_vl\close_x_classifier\data\stage0_object_poc\images\stage0_00135_not_close.png,not_close,reviewed,D:\Projects\adb_vl\ads2\assets\review_crops\close_glyph_candidates\sample\candidate_crops\001996_score_0.890_x118_y240_w16_h17_log__20260711_154545_35900_kingdom_vault__000002_20260711_154549_after_swipe_86_430_86_130_420.png.png,20260711_154545_35900,unknown_ad_source,unknown_family,,0.890000,0.890000,"48,48,16,17",manifest_bbox_negative,cand_000123.png,val
D:\Projects\adb_vl\close_x_classifier\data\stage0_object_poc\images\stage0_00136_not_close.png,not_close,reviewed,D:\Projects\adb_vl\ads2\assets\review_crops\close_glyph_candidates\sample\candidate_crops\002022_score_0.888_x268_y107_w18_h18_log__20260711_112339_34208_afk_20260711_112330_tiger_看廣告_task__000035_20260711_112656_before_tap_483_157.png.png,20260711_112339_34208,unknown_ad_source,unknown_family,,0.888000,0.888000,"48,48,18,18",manifest_bbox_negative,cand_000124.png,train
D:\Projects\adb_vl\close_x_classifier\data\stage0_object_poc\images\stage0_00137_not_close.png,not_close,reviewed,D:\Projects\adb_vl\ads2\assets\review_crops\close_glyph_candidates\sample\candidate_crops\002026_score_0.888_x549_y486_w16_h17_log__20260711_084004_22576_afk_20260711_083942_14_每日任務_task_fail_returncode_1__000023_20260711_084049_after_tap_25_20.png.png,20260711_084004_22576,unknown_ad_source,unknown_family,,0.888000,0.888000,"48,48,16,17",manifest_bbox_negative,cand_000125.png,train
D:\Projects\adb_vl\close_x_classifier\data\stage0_object_poc\images\stage0_00138_not_close.png,not_close,reviewed,D:\Projects\adb_vl\ads2\assets\review_crops\close_glyph_candidates\sample\candidate_crops\002028_score_0.888_x549_y486_w16_h17_log__20260711_084004_22576_afk_20260711_083942_14_每日任務_task_fail_returncode_1__000040_20260711_084131_before_tap_575_419.png.png,20260711_084004_22576,unknown_ad_source,unknown_family,,0.888000,0.888000,"48,48,16,17",manifest_bbox_negative,cand_000126.png,train
D:\Projects\adb_vl\close_x_classifier\data\stage0_object_poc\images\stage0_00139_not_close.png,not_close,reviewed,D:\Projects\adb_vl\ads2\assets\review_crops\close_glyph_candidates\sample\candidate_crops\002027_score_0.888_x549_y486_w16_h17_log__20260711_084004_22576_afk_20260711_083942_14_每日任務_task_fail_returncode_1__000024_20260711_084053_before_swipe_360_430_360_230_700.png.png,20260711_084004_22576,unknown_ad_source,unknown_family,,0.888000,0.888000,"48,48,16,17",manifest_bbox_negative,cand_000127.png,train
D:\Projects\adb_vl\close_x_classifier\data\stage0_object_poc\images\stage0_00140_not_close.png,not_close,reviewed,D:\Projects\adb_vl\ads2\assets\review_crops\close_glyph_candidates\sample\candidate_crops\002239_score_0.888_x118_y246_w16_h17_log__20260711_093513_29888_kingdom_vault__000018_20260711_093637_after_tap_80_134.png.png,20260711_093513_29888,unknown_ad_source,unknown_family,,0.888000,0.888000,"48,48,16,17",manifest_bbox_negative,cand_000128.png,train
D:\Projects\adb_vl\close_x_classifier\data\stage0_object_poc\images\stage0_00141_not_close.png,not_close,reviewed,D:\Projects\adb_vl\ads2\assets\review_crops\close_glyph_candidates\sample\candidate_crops\002240_score_0.888_x118_y246_w16_h17_log__20260711_112714_67508_afk_20260711_112709_tiger_王國金庫_task__000018_20260711_112838_after_tap_80_134.png.png,20260711_112714_67508,unknown_ad_source,unknown_family,,0.888000,0.888000,"48,48,16,17",manifest_bbox_negative,cand_000129.png,train
D:\Projects\adb_vl\close_x_classifier\data\stage0_object_poc\images\stage0_00142_not_close.png,not_close,reviewed,D:\Projects\adb_vl\ads2\assets\review_crops\close_glyph_candidates\sample\candidate_crops\002241_score_0.888_x118_y246_w16_h17_log__20260711_141026_2432_kingdom_vault__000004_20260711_141032_after_tap_80_134.png.png,20260711_141026_2432,unknown_ad_source,unknown_family,,0.888000,0.888000,"48,48,16,17",manifest_bbox_negative,cand_000130.png,val
D:\Projects\adb_vl\close_x_classifier\data\stage0_object_poc\images\stage0_00143_not_close.png,not_close,reviewed,D:\Projects\adb_vl\ads2\assets\review_crops\close_glyph_candidates\sample\candidate_crops\002243_score_0.887_x82_y186_w16_h17_log__20260711_093513_29888_kingdom_vault__000018_20260711_093637_after_tap_80_134.png.png,20260711_093513_29888,unknown_ad_source,unknown_family,,0.887000,0.887000,"48,48,16,17",manifest_bbox_negative,cand_000131.png,train
D:\Projects\adb_vl\close_x_classifier\data\stage0_object_poc\images\stage0_00144_not_close.png,not_close,reviewed,D:\Projects\adb_vl\ads2\assets\review_crops\close_glyph_candidates\sample\candidate_crops\002247_score_0.887_x84_y72_w16_h17_log__20260711_084610_10484_afk_20260711_083942_14_每日任務_task__000092_20260711_084917_before_tap_349_253.png.png,20260711_084610_10484,unknown_ad_source,unknown_family,,0.887000,0.887000,"48,48,16,17",manifest_bbox_negative,cand_000132.png,test
D:\Projects\adb_vl\close_x_classifier\data\stage0_object_poc\images\stage0_00145_not_close.png,not_close,reviewed,D:\Projects\adb_vl\ads2\assets\review_crops\close_glyph_candidates\sample\candidate_crops\002668_score_0.876_x481_y130_w25_h28_log__20260711_101710_60008_afk_20260711_100305_em3_王國金庫_route_exit__000002_20260711_101712_after_tap_34_28.png.png,20260711_101710_60008,unknown_ad_source,unknown_family,,0.887000,0.887000,"79,90,10,10",manifest_bbox_negative,cand_000133.png,val
D:\Projects\adb_vl\close_x_classifier\data\stage0_object_poc\images\stage0_00146_not_close.png,not_close,reviewed,D:\Projects\adb_vl\ads2\assets\review_crops\close_glyph_candidates\sample\candidate_crops\002544_score_0.886_x636_y243_w12_h12_log__20260707_160103_33324__001327_20260710_070736_after_tap_782_79.png.png,20260707_160103_33324,unknown_ad_source,unknown_family,,0.886000,0.886000,"48,48,12,12",manifest_bbox_negative,cand_000134.png,train
D:\Projects\adb_vl\close_x_classifier\data\stage0_object_poc\images\stage0_00147_not_close.png,not_close,reviewed,D:\Projects\adb_vl\ads2\assets\review_crops\close_glyph_candidates\sample\candidate_crops\002546_score_0.886_x843_y33_w20_h20_log__20260711_003939_31364_afk_20260711_002946_tiger_廣告探寶鏟_task__000003_20260711_004000_before_tap_931_41.png.png,20260711_003939_31364,unknown_ad_source,unknown_family,,0.886000,0.886000,"48,33,20,20",manifest_bbox_negative,cand_000135.png,train
D:\Projects\adb_vl\close_x_classifier\data\stage0_object_poc\images\stage0_00148_not_close.png,not_close,reviewed,D:\Projects\adb_vl\ads2\assets\review_crops\close_glyph_candidates\sample\candidate_crops\002547_score_0.886_x315_y495_w13_h14_log__20260711_084004_22576_afk_20260711_083942_14_每日任務_task_fail_returncode_1__000025_20260711_084055_after_swipe_360_430_360_230_700.png.png,20260711_084004_22576,unknown_ad_source,unknown_family,,0.886000,0.886000,"48,48,13,14",manifest_bbox_negative,cand_000136.png,train
D:\Projects\adb_vl\close_x_classifier\data\stage0_object_poc\images\stage0_00149_not_close.png,not_close,reviewed,D:\Projects\adb_vl\ads2\assets\review_crops\close_glyph_candidates\sample\candidate_crops\002548_score_0.886_x472_y261_w18_h18_log__tiger_廣告探寶鏟_task_fail_stuck_static__000022_20260711_014423_after_tap_301_350.png.png,20260711_014423_after,unknown_ad_source,unknown_family,,0.886000,0.886000,"48,48,18,18",manifest_bbox_negative,cand_000137.png,train
D:\Projects\adb_vl\close_x_classifier\data\stage0_object_poc\images\stage0_00150_not_close.png,not_close,reviewed,D:\Projects\adb_vl\ads2\assets\review_crops\close_glyph_candidates\sample\candidate_crops\002608_score_0.884_x395_y131_w14_h14_log__20260711_111953_39056_afk_20260711_111931_tiger_深淵_task__000017_20260711_112026_after_swipe_455_430_455_170_520.png.png,20260711_111953_39056,unknown_ad_source,unknown_family,,0.884000,0.884000,"48,48,14,14",manifest_bbox_negative,cand_000138.png,train
D:\Projects\adb_vl\close_x_classifier\data\stage0_object_poc\images\stage0_00151_not_close.png,not_close,reviewed,D:\Projects\adb_vl\ads2\assets\review_crops\close_glyph_candidates\sample\candidate_crops\002624_score_0.882_x330_y481_w13_h14_log__20260711_103235_63312_afk_20260711_103216_311_每日任務_task__000283_20260711_104127_after_swipe_360_430_360_230_700.png.png,20260711_103235_63312,unknown_ad_source,unknown_family,,0.882000,0.882000,"48,48,13,14",manifest_bbox_negative,cand_000139.png,train
D:\Projects\adb_vl\close_x_classifier\data\stage0_object_poc\images\stage0_00152_not_close.png,not_close,reviewed,D:\Projects\adb_vl\ads2\assets\review_crops\close_glyph_candidates\sample\candidate_crops\002626_score_0.882_x81_y280_w17_h16_log__20260711_112714_67508_afk_20260711_112709_tiger_王國金庫_task__000010_20260711_112822_after_tap_80_408.png.png,20260711_112714_67508,unknown_ad_source,unknown_family,,0.882000,0.882000,"48,48,17,16",manifest_bbox_negative,cand_000140.png,train
D:\Projects\adb_vl\close_x_classifier\data\stage0_object_poc\images\stage0_00153_not_close.png,not_close,reviewed,D:\Projects\adb_vl\ads2\assets\review_crops\close_glyph_candidates\sample\candidate_crops\002625_score_0.882_x81_y280_w17_h16_log__20260711_093513_29888_kingdom_vault__000010_20260711_093622_after_tap_80_408.png.png,20260711_093513_29888,unknown_ad_source,unknown_family,,0.882000,0.882000,"48,48,17,16",manifest_bbox_negative,cand_000141.png,train
D:\Projects\adb_vl\close_x_classifier\data\stage0_object_poc\images\stage0_00154_not_close.png,not_close,reviewed,D:\Projects\adb_vl\ads2\assets\review_crops\close_glyph_candidates\sample\candidate_crops\002629_score_0.882_x364_y424_w18_h17_log__20260711_003939_31364_afk_20260711_002946_tiger_廣告探寶鏟_task__000027_20260711_004318_before_tap_301_350.png.png,20260711_003939_31364,unknown_ad_source,unknown_family,,0.882000,0.882000,"48,48,18,17",manifest_bbox_negative,cand_000142.png,train
D:\Projects\adb_vl\close_x_classifier\data\stage0_object_poc\images\stage0_00155_not_close.png,not_close,reviewed,D:\Projects\adb_vl\ads2\assets\review_crops\close_glyph_candidates\sample\candidate_crops\002630_score_0.881_x395_y167_w14_h13_log__20260711_095223_69352_afk_20260711_095203_em3_深淵_task__000018_20260711_095300_abyss_rental_scan_05.png.png,20260711_095223_69352,unknown_ad_source,unknown_family,,0.881000,0.881000,"48,48,14,13",manifest_bbox_negative,cand_000143.png,test
D:\Projects\adb_vl\close_x_classifier\data\stage0_object_poc\images\stage0_00156_not_close.png,not_close,reviewed,D:\Projects\adb_vl\ads2\assets\review_crops\close_glyph_candidates\sample\candidate_crops\002636_score_0.881_x395_y131_w14_h13_log__20260711_111953_39056_afk_20260711_111931_tiger_深淵_task__000019_20260711_112030_abyss_rental_scan_01.png.png,20260711_111953_39056,unknown_ad_source,unknown_family,,0.881000,0.881000,"48,48,14,13",manifest_bbox_negative,cand_000144.png,train
D:\Projects\adb_vl\close_x_classifier\data\stage0_object_poc\images\stage0_00157_not_close.png,not_close,reviewed,D:\Projects\adb_vl\ads2\assets\review_crops\close_glyph_candidates\sample\candidate_crops\002641_score_0.880_x432_y206_w17_h15_log__20260707_160103_33324__001311_20260710_070713_before_tap_80_500.png.png,20260707_160103_33324,unknown_ad_source,unknown_family,,0.880000,0.880000,"48,48,17,15",manifest_bbox_negative,cand_000145.png,train
D:\Projects\adb_vl\close_x_classifier\data\stage0_object_poc\images\stage0_00158_not_close.png,not_close,reviewed,D:\Projects\adb_vl\ads2\assets\review_crops\close_glyph_candidates\sample\candidate_crops\002646_score_0.880_x472_y261_w18_h18_log__tiger_廣告探寶鏟_task_fail_stuck_static__000050_20260711_015228_after_tap_301_350.png.png,20260711_015228_after,unknown_ad_source,unknown_family,,0.880000,0.880000,"48,48,18,18",manifest_bbox_negative,cand_000146.png,train
D:\Projects\adb_vl\close_x_classifier\data\stage0_object_poc\images\stage0_00159_not_close.png,not_close,reviewed,D:\Projects\adb_vl\ads2\assets\review_crops\close_glyph_candidates\sample\candidate_crops\002657_score_0.878_x492_y105_w15_h15_log__20260711_100310_38732_afk_20260711_100305_em3_王國金庫_task_fail_returncode_1__000025_20260711_100355_before_tap_495_170.png.png,20260711_100310_38732,unknown_ad_source,unknown_family,,0.878000,0.878000,"48,48,15,15",manifest_bbox_negative,cand_000147.png,train
D:\Projects\adb_vl\close_x_classifier\data\stage0_object_poc\images\stage0_00160_not_close.png,not_close,reviewed,D:\Projects\adb_vl\ads2\assets\review_crops\close_glyph_candidates\sample\candidate_crops\002665_score_0.876_x675_y499_w12_h15_log__20260711_004437_69372_afk_20260711_004419_tiger_廣告時間沙漏_task__000024_20260711_004802_after_tap_67_40.png.png,20260711_004437_69372,unknown_ad_source,unknown_family,,0.876000,0.876000,"48,48,12,15",manifest_bbox_negative,cand_000148.png,train
D:\Projects\adb_vl\close_x_classifier\data\stage0_object_poc\images\stage0_00161_not_close.png,not_close,reviewed,D:\Projects\adb_vl\ads2\assets\review_crops\close_glyph_candidates\sample\candidate_crops\002666_score_0.876_x675_y499_w12_h15_log__20260711_011142_36488_afk_20260711_011124_em3_廣告時間沙漏_task__000004_20260711_011203_after_tap_67_40.png.png,20260711_011142_36488,unknown_ad_source,unknown_family,,0.876000,0.876000,"48,48,12,15",manifest_bbox_negative,cand_000149.png,train
D:\Projects\adb_vl\close_x_classifier\data\stage0_object_poc\images\stage0_00162_not_close.png,not_close,reviewed,D:\Projects\adb_vl\ads2\assets\review_crops\close_glyph_candidates\sample\candidate_crops\002795_score_0.875_x585_y468_w18_h18_log__20260711_003939_31364_afk_20260711_002946_tiger_廣告探寶鏟_task__000003_20260711_004000_before_tap_931_41.png.png,20260711_003939_31364,unknown_ad_source,unknown_family,,0.875000,0.875000,"48,48,18,18",manifest_bbox_negative,cand_000150.png,train
D:\Projects\adb_vl\close_x_classifier\data\stage0_object_poc\images\stage0_00163_not_close.png,not_close,reviewed,D:\Projects\adb_vl\ads2\assets\review_crops\close_glyph_candidates\sample\candidate_crops\002796_score_0.874_x285_y384_w12_h13_log__20260711_085410_10484_afk_20260711_083942_14_每日任務_route_exit__000003_20260711_085414_before_tap_544_493.png.png,20260711_085410_10484,unknown_ad_source,unknown_family,,0.874000,0.874000,"48,48,12,13",manifest_bbox_negative,cand_000151.png,val
D:\Projects\adb_vl\close_x_classifier\data\stage0_object_poc\images\stage0_00164_not_close.png,not_close,reviewed,D:\Projects\adb_vl\ads2\assets\review_crops\close_glyph_candidates\sample\candidate_crops\002809_score_0.874_x549_y486_w16_h17_log__20260711_084004_22576_afk_20260711_083942_14_每日任務_task_fail_returncode_1__000029_20260711_084104_after_tap_749_420.png.png,20260711_084004_22576,unknown_ad_source,unknown_family,,0.874000,0.874000,"48,48,16,17",manifest_bbox_negative,cand_000152.png,train
D:\Projects\adb_vl\close_x_classifier\data\stage0_object_poc\images\stage0_00165_not_close.png,not_close,reviewed,D:\Projects\adb_vl\ads2\assets\review_crops\close_glyph_candidates\sample\candidate_crops\002808_score_0.874_x549_y486_w16_h17_log__20260711_084004_22576_afk_20260711_083942_14_每日任務_task_fail_returncode_1__000027_20260711_084058_after_tap_840_442.png.png,20260711_084004_22576,unknown_ad_source,unknown_family,,0.874000,0.874000,"48,48,16,17",manifest_bbox_negative,cand_000153.png,train
D:\Projects\adb_vl\close_x_classifier\data\stage0_object_poc\images\stage0_00166_not_close.png,not_close,reviewed,D:\Projects\adb_vl\ads2\assets\review_crops\close_glyph_candidates\sample\candidate_crops\002238_score_0.888_x25_y192_w24_h24_log__20260711_083159_41740_afk_20260711_083021_14_廣告探寶鏟_route_enter__000008_20260711_083217_after_tap_916_352.png.png,20260711_083159_41740,unknown_ad_source,unknown_family,,0.874000,0.874000,"72,29,12,13",manifest_bbox_negative,cand_000154.png,test
D:\Projects\adb_vl\close_x_classifier\data\stage0_object_poc\images\stage0_00167_not_close.png,not_close,reviewed,D:\Projects\adb_vl\ads2\assets\review_crops\close_glyph_candidates\sample\candidate_crops\002890_score_0.874_x82_y461_w15_h15_log__20260711_093513_29888_kingdom_vault__000008_20260711_093618_after_tap_495_170.png.png,20260711_093513_29888,unknown_ad_source,unknown_family,,0.874000,0.874000,"48,48,15,15",manifest_bbox_negative,cand_000155.png,train
D:\Projects\adb_vl\close_x_classifier\data\stage0_object_poc\images\stage0_00168_not_close.png,not_close,reviewed,D:\Projects\adb_vl\ads2\assets\review_crops\close_glyph_candidates\sample\candidate_crops\002891_score_0.874_x82_y461_w15_h15_log__20260711_093513_29888_kingdom_vault__000015_20260711_093633_before_swipe_86_430_86_130_420.png.png,20260711_093513_29888,unknown_ad_source,unknown_family,,0.874000,0.874000,"48,48,15,15",manifest_bbox_negative,cand_000156.png,train
D:\Projects\adb_vl\close_x_classifier\data\stage0_object_poc\images\stage0_00169_not_close.png,not_close,reviewed,D:\Projects\adb_vl\ads2\assets\review_crops\close_glyph_candidates\sample\candidate_crops\002892_score_0.874_x82_y461_w15_h15_log__20260711_093513_29888_kingdom_vault__000014_20260711_093629_after_tap_495_170.png.png,20260711_093513_29888,unknown_ad_source,unknown_family,,0.874000,0.874000,"48,48,15,15",manifest_bbox_negative,cand_000157.png,train
D:\Projects\adb_vl\close_x_classifier\data\stage0_object_poc\images\stage0_00170_not_close.png,not_close,reviewed,D:\Projects\adb_vl\ads2\assets\review_crops\close_glyph_candidates\sample\candidate_crops\002893_score_0.874_x82_y461_w15_h15_log__20260711_093806_46808_afk_20260711_093802_14_王國金庫_task__000001_20260711_093808_before_swipe_86_430_86_130_420.png.png,20260711_093806_46808,unknown_ad_source,unknown_family,,0.874000,0.874000,"48,48,15,15",manifest_bbox_negative,cand_000158.png,test
D:\Projects\adb_vl\close_x_classifier\data\stage0_object_poc\images\stage0_00171_not_close.png,not_close,reviewed,D:\Projects\adb_vl\ads2\assets\review_crops\close_glyph_candidates\sample\candidate_crops\002895_score_0.874_x82_y461_w15_h15_log__20260711_112714_67508_afk_20260711_112709_tiger_王國金庫_task__000014_20260711_112829_after_tap_495_170.png.png,20260711_112714_67508,unknown_ad_source,unknown_family,,0.874000,0.874000,"48,48,15,15",manifest_bbox_negative,cand_000159.png,train
D:\Projects\adb_vl\close_x_classifier\data\stage0_object_poc\images\stage0_00172_not_close.png,not_close,reviewed,D:\Projects\adb_vl\ads2\assets\review_crops\close_glyph_candidates\sample\candidate_crops\002894_score_0.874_x82_y461_w15_h15_log__20260711_112714_67508_afk_20260711_112709_tiger_王國金庫_task__000008_20260711_112818_after_tap_495_170.png.png,20260711_112714_67508,unknown_ad_source,unknown_family,,0.874000,0.874000,"48,48,15,15",manifest_bbox_negative,cand_000160.png,train
D:\Projects\adb_vl\close_x_classifier\data\stage0_object_poc\images\stage0_00173_not_close.png,not_close,reviewed,D:\Projects\adb_vl\ads2\assets\review_crops\close_glyph_candidates\sample\candidate_crops\002896_score_0.874_x82_y461_w15_h15_log__20260711_112714_67508_afk_20260711_112709_tiger_王國金庫_task__000015_20260711_112833_before_swipe_86_430_86_130_420.png.png,20260711_112714_67508,unknown_ad_source,unknown_family,,0.874000,0.874000,"48,48,15,15",manifest_bbox_negative,cand_000161.png,train
D:\Projects\adb_vl\close_x_classifier\data\stage0_object_poc\images\stage0_00174_not_close.png,not_close,reviewed,D:\Projects\adb_vl\ads2\assets\review_crops\close_glyph_candidates\sample\candidate_crops\002897_score_0.874_x82_y461_w15_h15_log__20260711_141026_2432_kingdom_vault__000001_20260711_141027_before_swipe_86_430_86_130_420.png.png,20260711_141026_2432,unknown_ad_source,unknown_family,,0.874000,0.874000,"48,48,15,15",manifest_bbox_negative,cand_000162.png,val
D:\Projects\adb_vl\close_x_classifier\data\stage0_object_poc\images\stage0_00175_not_close.png,not_close,reviewed,D:\Projects\adb_vl\ads2\assets\review_crops\close_glyph_candidates\sample\candidate_crops\003043_score_0.873_x81_y400_w17_h16_log__20260711_093513_29888_kingdom_vault__000011_20260711_093624_before_tap_441_229.png.png,20260711_093513_29888,unknown_ad_source,unknown_family,,0.873000,0.873000,"48,48,17,16",manifest_bbox_negative,cand_000163.png,train
D:\Projects\adb_vl\close_x_classifier\data\stage0_object_poc\images\stage0_00176_not_close.png,not_close,reviewed,D:\Projects\adb_vl\ads2\assets\review_crops\close_glyph_candidates\sample\candidate_crops\003045_score_0.873_x81_y400_w17_h16_log__20260711_112714_67508_afk_20260711_112709_tiger_王國金庫_task__000011_20260711_112824_before_tap_441_229.png.png,20260711_112714_67508,unknown_ad_source,unknown_family,,0.873000,0.873000,"48,48,17,16",manifest_bbox_negative,cand_000164.png,train
D:\Projects\adb_vl\close_x_classifier\data\stage0_object_poc\images\stage0_00177_not_close.png,not_close,reviewed,D:\Projects\adb_vl\ads2\assets\review_crops\close_glyph_candidates\sample\candidate_crops\003044_score_0.873_x81_y400_w17_h16_log__20260711_093513_29888_kingdom_vault__000012_20260711_093626_after_tap_441_229.png.png,20260711_093513_29888,unknown_ad_source,unknown_family,,0.873000,0.873000,"48,48,17,16",manifest_bbox_negative,cand_000165.png,train
D:\Projects\adb_vl\close_x_classifier\data\stage0_object_poc\images\stage0_00178_not_close.png,not_close,reviewed,D:\Projects\adb_vl\ads2\assets\review_crops\close_glyph_candidates\sample\candidate_crops\003046_score_0.873_x81_y400_w17_h16_log__20260711_112714_67508_afk_20260711_112709_tiger_王國金庫_task__000012_20260711_112826_after_tap_441_229.png.png,20260711_112714_67508,unknown_ad_source,unknown_family,,0.873000,0.873000,"48,48,17,16",manifest_bbox_negative,cand_000166.png,train
D:\Projects\adb_vl\close_x_classifier\data\stage0_object_poc\images\stage0_00179_not_close.png,not_close,reviewed,D:\Projects\adb_vl\ads2\assets\review_crops\close_glyph_candidates\sample\candidate_crops\003048_score_0.873_x675_y499_w12_h15_log__20260711_011142_36488_afk_20260711_011124_em3_廣告時間沙漏_task__000018_20260711_011414_after_tap_67_40.png.png,20260711_011142_36488,unknown_ad_source,unknown_family,,0.873000,0.873000,"48,48,12,15",manifest_bbox_negative,cand_000167.png,train
D:\Projects\adb_vl\close_x_classifier\data\stage0_object_poc\images\stage0_00180_not_close.png,not_close,reviewed,D:\Projects\adb_vl\ads2\assets\review_crops\close_glyph_candidates\sample\candidate_crops\003047_score_0.873_x675_y499_w12_h15_log__20260711_003939_31364_afk_20260711_002946_tiger_廣告探寶鏟_task__000030_20260711_004338_after_tap_67_40.png.png,20260711_003939_31364,unknown_ad_source,unknown_family,,0.873000,0.873000,"48,48,12,15",manifest_bbox_negative,cand_000168.png,train
D:\Projects\adb_vl\close_x_classifier\data\stage0_object_poc\images\stage0_00181_not_close.png,not_close,reviewed,D:\Projects\adb_vl\ads2\assets\review_crops\close_glyph_candidates\sample\candidate_crops\001036_score_0.906_x126_y204_w21_h20_log__20260711_103235_63312_afk_20260711_103216_311_每日任務_task__000078_20260711_103538_before_tap_481_515.png.png,20260711_103235_63312,unknown_ad_source,unknown_family,,0.871000,0.871000,"48,48,21,20",manifest_bbox_negative,cand_000169.png,train
D:\Projects\adb_vl\close_x_classifier\data\stage0_object_poc\images\stage0_00182_not_close.png,not_close,reviewed,D:\Projects\adb_vl\ads2\assets\review_crops\close_glyph_candidates\sample\candidate_crops\003272_score_0.869_x81_y100_w17_h16_log__20260711_112714_67508_afk_20260711_112709_tiger_王國金庫_task__000010_20260711_112822_after_tap_80_408.png.png,20260711_112714_67508,unknown_ad_source,unknown_family,,0.869000,0.869000,"48,48,17,16",manifest_bbox_negative,cand_000170.png,train
D:\Projects\adb_vl\close_x_classifier\data\stage0_object_poc\images\stage0_00183_not_close.png,not_close,reviewed,D:\Projects\adb_vl\ads2\assets\review_crops\close_glyph_candidates\sample\candidate_crops\003273_score_0.869_x395_y182_w14_h14_log__20260711_095223_69352_afk_20260711_095203_em3_深淵_task__000009_20260711_095244_abyss_rental_scan_02.png.png,20260711_095223_69352,unknown_ad_source,unknown_family,,0.869000,0.869000,"48,48,14,14",manifest_bbox_negative,cand_000171.png,test
D:\Projects\adb_vl\close_x_classifier\data\stage0_object_poc\images\stage0_00184_not_close.png,not_close,reviewed,D:\Projects\adb_vl\ads2\assets\review_crops\close_glyph_candidates\sample\candidate_crops\003274_score_0.869_x395_y161_w14_h14_log__20260711_095223_69352_afk_20260711_095203_em3_深淵_task__000012_20260711_095249_abyss_rental_scan_03.png.png,20260711_095223_69352,unknown_ad_source,unknown_family,,0.869000,0.869000,"48,48,14,14",manifest_bbox_negative,cand_000172.png,test
D:\Projects\adb_vl\close_x_classifier\data\stage0_object_poc\images\stage0_00185_not_close.png,not_close,reviewed,D:\Projects\adb_vl\ads2\assets\review_crops\close_glyph_candidates\sample\candidate_crops\003275_score_0.869_x395_y188_w14_h14_log__20260711_104232_40108_afk_20260711_104213_311_深淵_task__000025_20260711_104317_abyss_rental_scan_03.png.png,20260711_104232_40108,unknown_ad_source,unknown_family,,0.869000,0.869000,"48,48,14,14",manifest_bbox_negative,cand_000173.png,train
D:\Projects\adb_vl\close_x_classifier\data\stage0_object_poc\images\stage0_00186_not_close.png,not_close,reviewed,D:\Projects\adb_vl\ads2\assets\review_crops\close_glyph_candidates\sample\candidate_crops\003276_score_0.869_x395_y383_w14_h14_log__20260711_104232_40108_afk_20260711_104213_311_深淵_task__000025_20260711_104317_abyss_rental_scan_03.png.png,20260711_104232_40108,unknown_ad_source,unknown_family,,0.869000,0.869000,"48,48,14,14",manifest_bbox_negative,cand_000174.png,train
D:\Projects\adb_vl\close_x_classifier\data\stage0_object_poc\images\stage0_00187_not_close.png,not_close,reviewed,D:\Projects\adb_vl\ads2\assets\review_crops\close_glyph_candidates\sample\candidate_crops\001718_score_0.893_x424_y265_w23_h23_log__20260711_010520_33712_afk_20260711_010506_em3_廣告探寶鏟_task__000028_20260711_011003_after_tap_67_40.png.png,20260711_010520_33712,unknown_ad_source,unknown_family,,0.868000,0.868000,"48,48,23,23",manifest_bbox_negative,cand_000175.png,train
D:\Projects\adb_vl\close_x_classifier\data\stage0_object_poc\images\stage0_00188_not_close.png,not_close,reviewed,D:\Projects\adb_vl\ads2\assets\review_crops\close_glyph_candidates\sample\candidate_crops\001719_score_0.893_x424_y265_w23_h23_log__20260711_011142_36488_afk_20260711_011124_em3_廣告時間沙漏_task__000020_20260711_011428_after_tap_67_40.png.png,20260711_011142_36488,unknown_ad_source,unknown_family,,0.868000,0.868000,"48,48,23,23",manifest_bbox_negative,cand_000176.png,train
D:\Projects\adb_vl\close_x_classifier\data\stage0_object_poc\images\stage0_00189_not_close.png,not_close,reviewed,D:\Projects\adb_vl\ads2\assets\review_crops\close_glyph_candidates\sample\candidate_crops\001720_score_0.893_x424_y265_w23_h23_log__tiger_廣告探寶鏟_task_fail_stuck_static__000036_20260711_014904_after_tap_301_350.png.png,20260711_014904_after,unknown_ad_source,unknown_family,,0.868000,0.868000,"48,48,23,23",manifest_bbox_negative,cand_000177.png,train
D:\Projects\adb_vl\close_x_classifier\data\stage0_object_poc\images\stage0_00190_not_close.png,not_close,reviewed,D:\Projects\adb_vl\ads2\assets\review_crops\close_glyph_candidates\sample\candidate_crops\001721_score_0.893_x424_y265_w23_h23_log__tiger_廣告探寶鏟_task_fail_stuck_static__000046_20260711_015138_after_tap_301_350.png.png,20260711_015138_after,unknown_ad_source,unknown_family,,0.868000,0.868000,"48,48,23,23",manifest_bbox_negative,cand_000178.png,test
D:\Projects\adb_vl\close_x_classifier\data\stage0_object_poc\images\stage0_00191_not_close.png,not_close,reviewed,D:\Projects\adb_vl\ads2\assets\review_crops\close_glyph_candidates\sample\candidate_crops\001707_score_0.895_x300_y490_w13_h14_log__20260711_084004_22576_afk_20260711_083942_14_每日任務_task_fail_returncode_1__000055_20260711_084212_after_swipe_360_430_360_230_700.png.png,20260711_084004_22576,unknown_ad_source,unknown_family,,0.867000,0.867000,"78,48,13,14",manifest_bbox_negative,cand_000179.png,train
D:\Projects\adb_vl\close_x_classifier\data\stage0_object_poc\images\stage0_00192_not_close.png,not_close,reviewed,D:\Projects\adb_vl\ads2\assets\review_crops\close_glyph_candidates\sample\candidate_crops\003346_score_0.863_x471_y269_w23_h19_log__20260711_012116_25040_afk_20260711_011942_14_廣告探寶鏟_route_enter_fail_returncode_1__000007_20260711_012132_before_tap_916_352.png.png,20260711_012116_25040,unknown_ad_source,unknown_family,,0.866000,0.866000,"80,16,17,16",manifest_bbox_negative,cand_000180.png,train
D:\Projects\adb_vl\close_x_classifier\data\stage0_object_poc\images\stage0_00193_not_close.png,not_close,reviewed,D:\Projects\adb_vl\ads2\assets\review_crops\close_glyph_candidates\sample\candidate_crops\001586_score_0.899_x82_y312_w49_h52_log__20260711_095223_69352_afk_20260711_095203_em3_深淵_task__000002_20260711_095225_before_tap_781_504.png.png,20260711_095223_69352,unknown_ad_source,unknown_family,,0.866000,0.866000,"133,49,12,13",manifest_bbox_negative,cand_000181.png,test
D:\Projects\adb_vl\close_x_classifier\data\stage0_object_poc\images\stage0_00194_not_close.png,not_close,reviewed,D:\Projects\adb_vl\ads2\assets\review_crops\close_glyph_candidates\sample\candidate_crops\001594_score_0.898_x82_y312_w49_h52_log__20260711_111953_39056_afk_20260711_111931_tiger_深淵_task__000029_20260711_112049_before_tap_913_288.png.png,20260711_111953_39056,unknown_ad_source,unknown_family,,0.866000,0.866000,"133,49,12,13",manifest_bbox_negative,cand_000182.png,train
D:\Projects\adb_vl\close_x_classifier\data\stage0_object_poc\images\stage0_00195_not_close.png,not_close,reviewed,D:\Projects\adb_vl\ads2\assets\review_crops\close_glyph_candidates\sample\candidate_crops\001588_score_0.898_x82_y312_w49_h52_log__20260711_095223_69352_afk_20260711_095203_em3_深淵_task__000027_20260711_095317_after_tap_913_288.png.png,20260711_095223_69352,unknown_ad_source,unknown_family,,0.866000,0.866000,"133,49,12,13",manifest_bbox_negative,cand_000183.png,test
D:\Projects\adb_vl\close_x_classifier\data\stage0_object_poc\images\stage0_00196_not_close.png,not_close,reviewed,D:\Projects\adb_vl\ads2\assets\review_crops\close_glyph_candidates\sample\candidate_crops\001597_score_0.898_x82_y312_w49_h51_log__20260711_095500_69352_afk_20260711_095203_em3_深淵_route_exit_fail_route_exit_after_task_success__000002_20260711_095502_after_tap_57_19.png.png,20260711_095500_69352,unknown_ad_source,unknown_family,,0.866000,0.866000,"133,49,12,13",manifest_bbox_negative,cand_000184.png,train
D:\Projects\adb_vl\close_x_classifier\data\stage0_object_poc\images\stage0_00197_not_close.png,not_close,reviewed,D:\Projects\adb_vl\ads2\assets\review_crops\close_glyph_candidates\sample\candidate_crops\001599_score_0.898_x82_y312_w51_h52_log__20260711_095223_69352_afk_20260711_095203_em3_深淵_task__000067_20260711_095500_abyss_final_done_after_exit_tap_02.png.png,20260711_095223_69352,unknown_ad_source,unknown_family,,0.866000,0.866000,"133,49,12,13",manifest_bbox_negative,cand_000185.png,test
D:\Projects\adb_vl\close_x_classifier\data\stage0_object_poc\images\stage0_00198_not_close.png,not_close,reviewed,D:\Projects\adb_vl\ads2\assets\review_crops\close_glyph_candidates\sample\candidate_crops\001724_score_0.893_x82_y312_w49_h51_log__20260711_112228_39056_afk_20260711_111931_tiger_深淵_route_exit_fail_route_exit_after_task_success__000006_20260711_112245_after_tap_57_19.png.png,20260711_112228_39056,unknown_ad_source,unknown_family,,0.866000,0.866000,"133,49,12,13",manifest_bbox_negative,cand_000186.png,train
D:\Projects\adb_vl\close_x_classifier\data\stage0_object_poc\images\stage0_00199_not_close.png,not_close,reviewed,D:\Projects\adb_vl\ads2\assets\review_crops\close_glyph_candidates\sample\candidate_crops\002001_score_0.888_x82_y312_w49_h51_log__20260711_112228_39056_afk_20260711_111931_tiger_深淵_route_exit_fail_route_exit_after_task_success__000014_20260711_112311_after_tap_57_19.png.png,20260711_112228_39056,unknown_ad_source,unknown_family,,0.866000,0.866000,"133,49,12,13",manifest_bbox_negative,cand_000187.png,train
D:\Projects\adb_vl\close_x_classifier\data\stage0_object_poc\images\stage0_00200_not_close.png,not_close,reviewed,D:\Projects\adb_vl\ads2\assets\review_crops\close_glyph_candidates\sample\candidate_crops\001993_score_0.890_x82_y312_w49_h52_log__20260711_095223_69352_afk_20260711_095203_em3_深淵_task__000025_20260711_095310_after_tap_809_65.png.png,20260711_095223_69352,unknown_ad_source,unknown_family,,0.866000,0.866000,"133,49,12,13",manifest_bbox_negative,cand_000188.png,test
D:\Projects\adb_vl\close_x_classifier\data\stage0_object_poc\images\stage0_00201_not_close.png,not_close,reviewed,D:\Projects\adb_vl\ads2\assets\review_crops\close_glyph_candidates\sample\candidate_crops\002552_score_0.886_x82_y312_w49_h51_log__20260711_095500_69352_afk_20260711_095203_em3_深淵_route_exit_fail_route_exit_after_task_success__000009_20260711_095529_before_tap_57_19.png.png,20260711_095500_69352,unknown_ad_source,unknown_family,,0.866000,0.866000,"133,49,12,13",manifest_bbox_negative,cand_000189.png,train
D:\Projects\adb_vl\close_x_classifier\data\stage0_object_poc\images\stage0_00202_not_close.png,not_close,reviewed,D:\Projects\adb_vl\ads2\assets\review_crops\close_glyph_candidates\sample\candidate_crops\002621_score_0.883_x80_y312_w51_h52_log__20260711_111953_39056_afk_20260711_111931_tiger_深淵_task__000028_20260711_112043_after_tap_809_65.png.png,20260711_111953_39056,unknown_ad_source,unknown_family,,0.866000,0.866000,"135,49,12,13",manifest_bbox_negative,cand_000190.png,train
D:\Projects\adb_vl\close_x_classifier\data\stage0_object_poc\images\stage0_00203_not_close.png,not_close,reviewed,D:\Projects\adb_vl\ads2\assets\review_crops\close_glyph_candidates\sample\candidate_crops\003347_score_0.863_x471_y269_w23_h19_log__20260711_012512_50192_afk_20260711_011942_14_廣告探寶鏟_route_enter_fail_returncode_1__000007_20260711_012527_before_tap_916_352.png.png,20260711_012512_50192,unknown_ad_source,unknown_family,,0.866000,0.866000,"80,16,17,16",manifest_bbox_negative,cand_000191.png,val
D:\Projects\adb_vl\close_x_classifier\data\stage0_object_poc\images\stage0_00204_not_close.png,not_close,reviewed,D:\Projects\adb_vl\ads2\assets\review_crops\close_glyph_candidates\sample\candidate_crops\003348_score_0.863_x471_y269_w23_h19_log__20260711_013055_47492_afk_20260711_012536_14_廣告時間沙漏_route_enter_fail_returncode_1__000007_20260711_013110_before_tap_916_352.png.png,20260711_013055_47492,unknown_ad_source,unknown_family,,0.866000,0.866000,"80,16,17,16",manifest_bbox_negative,cand_000192.png,train
D:\Projects\adb_vl\close_x_classifier\data\stage0_object_poc\images\stage0_00205_not_close.png,not_close,reviewed,D:\Projects\adb_vl\ads2\assets\review_crops\close_glyph_candidates\sample\candidate_crops\003295_score_0.865_x82_y443_w15_h13_log__20260711_155245_32320_kingdom_vault__000002_20260711_155248_after_swipe_86_430_86_130_420.png.png,20260711_155245_32320,unknown_ad_source,unknown_family,,0.865000,0.865000,"48,48,15,13",manifest_bbox_negative,cand_000193.png,train
D:\Projects\adb_vl\close_x_classifier\data\stage0_object_poc\images\stage0_00206_not_close.png,not_close,reviewed,D:\Projects\adb_vl\ads2\assets\review_crops\close_glyph_candidates\sample\candidate_crops\001986_score_0.890_x45_y219_w17_h17_log__20260711_100541_44936_afk_20260711_100305_em3_王國金庫_task_fail_returncode_1__000004_20260711_100548_after_swipe_86_130_86_430_420.png.png,20260711_100541_44936,unknown_ad_source,unknown_family,,0.865000,0.865000,"45,48,17,17",manifest_bbox_negative,cand_000194.png,test
D:\Projects\adb_vl\close_x_classifier\data\stage0_object_poc\images\stage0_00207_not_close.png,not_close,reviewed,D:\Projects\adb_vl\ads2\assets\review_crops\close_glyph_candidates\sample\candidate_crops\000360_score_0.916_x126_y204_w21_h20_log__20260711_110821_25824_afk_20260711_110759_tiger_每日任務_task__000068_20260711_111103_before_tap_481_515.png.png,20260711_110821_25824,unknown_ad_source,unknown_family,,0.865000,0.865000,"48,48,21,20",manifest_bbox_negative,cand_000195.png,train
D:\Projects\adb_vl\close_x_classifier\data\stage0_object_poc\images\stage0_00208_not_close.png,not_close,reviewed,D:\Projects\adb_vl\ads2\assets\review_crops\close_glyph_candidates\sample\candidate_crops\003297_score_0.865_x562_y513_w16_h17_log__20260711_081443_41084_afk_20260711_081428_311_廣告探寶鏟_task__000010_20260711_081659_after_tap_442_109.png.png,20260711_081443_41084,unknown_ad_source,unknown_family,,0.865000,0.865000,"48,48,16,17",manifest_bbox_negative,cand_000196.png,val
D:\Projects\adb_vl\close_x_classifier\data\stage0_object_poc\images\stage0_00209_not_close.png,not_close,reviewed,D:\Projects\adb_vl\ads2\assets\review_crops\close_glyph_candidates\sample\candidate_crops\003298_score_0.865_x562_y513_w16_h17_log__20260711_095611_39776_afk_20260711_095602_em3_看廣告_task__000004_20260711_095700_after_tap_442_109.png.png,20260711_095611_39776,unknown_ad_source,unknown_family,,0.865000,0.865000,"48,48,16,17",manifest_bbox_negative,cand_000197.png,train
D:\Projects\adb_vl\close_x_classifier\data\stage0_object_poc\images\stage0_00210_not_close.png,not_close,reviewed,D:\Projects\adb_vl\ads2\assets\review_crops\close_glyph_candidates\sample\candidate_crops\003299_score_0.865_x562_y513_w16_h17_log__20260711_110114_31644_afk_20260711_105923_311_廣告時間沙漏_task__000022_20260711_110506_after_tap_442_109.png.png,20260711_110114_31644,unknown_ad_source,unknown_family,,0.865000,0.865000,"48,48,16,17",manifest_bbox_negative,cand_000198.png,train
D:\Projects\adb_vl\close_x_classifier\data\stage0_object_poc\images\stage0_00211_not_close.png,not_close,reviewed,D:\Projects\adb_vl\ads2\assets\review_crops\close_glyph_candidates\sample\candidate_crops\003301_score_0.865_x45_y155_w17_h16_log__20260711_153753_50456_kingdom_vault__000054_20260711_153950_after_tap_80_164.png.png,20260711_153753_50456,unknown_ad_source,unknown_family,,0.865000,0.865000,"45,48,17,16",manifest_bbox_negative,cand_000199.png,val
D:\Projects\adb_vl\close_x_classifier\data\stage0_object_poc\images\stage0_00212_not_close.png,not_close,reviewed,D:\Projects\adb_vl\ads2\assets\review_crops\close_glyph_candidates\sample\candidate_crops\001723_score_0.893_x82_y193_w15_h15_log__20260711_100310_38732_afk_20260711_100305_em3_王國金庫_task_fail_returncode_1__000002_20260711_100313_after_tap_80_140.png.png,20260711_100310_38732,unknown_ad_source,unknown_family,,0.865000,0.865000,"12,48,15,15",manifest_bbox_negative,cand_000200.png,train
D:\Projects\adb_vl\close_x_classifier\data\stage0_object_poc\images\stage0_00213_not_close.png,not_close,reviewed,D:\Projects\adb_vl\ads2\assets\review_crops\close_glyph_candidates\sample\candidate_crops\003338_score_0.864_x63_y275_w17_h16_log__20260711_154545_35900_kingdom_vault__000008_20260711_154559_after_tap_736_290.png.png,20260711_154545_35900,unknown_ad_source,unknown_family,,0.864000,0.864000,"48,48,17,16",manifest_bbox_negative,cand_000201.png,val
D:\Projects\adb_vl\close_x_classifier\data\stage0_object_poc\images\stage0_00214_not_close.png,not_close,reviewed,D:\Projects\adb_vl\ads2\assets\review_crops\close_glyph_candidates\sample\candidate_crops\003344_score_0.864_x63_y275_w17_h16_log__20260711_154545_35900_kingdom_vault__000015_20260711_154808_before_swipe_86_430_86_130_420.png.png,20260711_154545_35900,unknown_ad_source,unknown_family,,0.864000,0.864000,"48,48,17,16",manifest_bbox_negative,cand_000202.png,val
D:\Projects\adb_vl\close_x_classifier\data\stage0_object_poc\images\stage0_00215_not_close.png,not_close,reviewed,D:\Projects\adb_vl\ads2\assets\review_crops\close_glyph_candidates\sample\candidate_crops\003339_score_0.864_x63_y275_w17_h16_log__20260711_154545_35900_kingdom_vault__000007_20260711_154557_before_tap_736_290.png.png,20260711_154545_35900,unknown_ad_source,unknown_family,,0.864000,0.864000,"48,48,17,16",manifest_bbox_negative,cand_000203.png,val
D:\Projects\adb_vl\close_x_classifier\data\stage0_object_poc\images\stage0_00216_not_close.png,not_close,reviewed,D:\Projects\adb_vl\ads2\assets\review_crops\close_glyph_candidates\sample\candidate_crops\003340_score_0.864_x63_y275_w17_h16_log__20260711_154545_35900_kingdom_vault__000011_20260711_154759_before_tap_425_289.png.png,20260711_154545_35900,unknown_ad_source,unknown_family,,0.864000,0.864000,"48,48,17,16",manifest_bbox_negative,cand_000204.png,val
D:\Projects\adb_vl\close_x_classifier\data\stage0_object_poc\images\stage0_00217_not_close.png,not_close,reviewed,D:\Projects\adb_vl\ads2\assets\review_crops\close_glyph_candidates\sample\candidate_crops\003341_score_0.864_x63_y275_w17_h16_log__20260711_154545_35900_kingdom_vault__000009_20260711_154718_before_tap_736_290.png.png,20260711_154545_35900,unknown_ad_source,unknown_family,,0.864000,0.864000,"48,48,17,16",manifest_bbox_negative,cand_000205.png,val
D:\Projects\adb_vl\close_x_classifier\data\stage0_object_poc\images\stage0_00218_not_close.png,not_close,reviewed,D:\Projects\adb_vl\ads2\assets\review_crops\close_glyph_candidates\sample\candidate_crops\003343_score_0.864_x63_y275_w17_h16_log__20260711_154545_35900_kingdom_vault__000010_20260711_154719_after_tap_736_290.png.png,20260711_154545_35900,unknown_ad_source,unknown_family,,0.864000,0.864000,"48,48,17,16",manifest_bbox_negative,cand_000206.png,val
D:\Projects\adb_vl\close_x_classifier\data\stage0_object_poc\images\stage0_00219_not_close.png,not_close,reviewed,D:\Projects\adb_vl\ads2\assets\review_crops\close_glyph_candidates\sample\candidate_crops\003342_score_0.864_x63_y275_w17_h16_log__20260711_154545_35900_kingdom_vault__000012_20260711_154801_after_tap_425_289.png.png,20260711_154545_35900,unknown_ad_source,unknown_family,,0.864000,0.864000,"48,48,17,16",manifest_bbox_negative,cand_000207.png,val
D:\Projects\adb_vl\close_x_classifier\data\stage0_object_poc\images\stage0_00220_not_close.png,not_close,reviewed,D:\Projects\adb_vl\ads2\assets\review_crops\close_glyph_candidates\sample\candidate_crops\003345_score_0.864_x63_y275_w17_h16_log__20260711_154545_35900_kingdom_vault__000014_20260711_154805_after_tap_495_170.png.png,20260711_154545_35900,unknown_ad_source,unknown_family,,0.864000,0.864000,"48,48,17,16",manifest_bbox_negative,cand_000208.png,val
D:\Projects\adb_vl\close_x_classifier\data\stage0_object_poc\images\stage0_00221_not_close.png,not_close,reviewed,D:\Projects\adb_vl\ads2\assets\review_crops\close_glyph_candidates\sample\candidate_crops\003350_score_0.863_x330_y478_w13_h14_log__20260711_110821_25824_afk_20260711_110759_tiger_每日任務_task__000329_20260711_111843_after_swipe_360_430_360_230_700.png.png,20260711_110821_25824,unknown_ad_source,unknown_family,,0.863000,0.863000,"48,48,13,14",manifest_bbox_negative,cand_000209.png,train
D:\Projects\adb_vl\close_x_classifier\data\stage0_object_poc\images\stage0_00222_not_close.png,not_close,reviewed,D:\Projects\adb_vl\ads2\assets\review_crops\close_glyph_candidates\sample\candidate_crops\003359_score_0.862_x799_y286_w15_h12_log__20260711_084610_10484_afk_20260711_083942_14_每日任務_task__000096_20260711_084923_before_tap_478_150.png.png,20260711_084610_10484,unknown_ad_source,unknown_family,,0.862000,0.862000,"48,48,15,12",manifest_bbox_negative,cand_000210.png,test
D:\Projects\adb_vl\close_x_classifier\data\stage0_object_poc\images\stage0_00223_not_close.png,not_close,reviewed,D:\Projects\adb_vl\ads2\assets\review_crops\close_glyph_candidates\sample\candidate_crops\003378_score_0.861_x135_y298_w17_h18_log__20260711_105219_54776_afk_20260711_105214_311_王國金庫_task__000021_20260711_105254_before_tap_495_170.png.png,20260711_105219_54776,unknown_ad_source,unknown_family,,0.861000,0.861000,"48,48,17,18",manifest_bbox_negative,cand_000211.png,train
D:\Projects\adb_vl\close_x_classifier\data\stage0_object_poc\images\stage0_00224_not_close.png,not_close,reviewed,D:\Projects\adb_vl\ads2\assets\review_crops\close_glyph_candidates\sample\candidate_crops\001704_score_0.895_x126_y204_w21_h20_log__20260711_094400_67140_afk_20260711_094338_em3_每日任務_task__000074_20260711_094657_before_tap_481_515.png.png,20260711_094400_67140,unknown_ad_source,unknown_family,,0.858000,0.858000,"48,48,21,20",manifest_bbox_negative,cand_000212.png,train
D:\Projects\adb_vl\close_x_classifier\data\stage0_object_poc\images\stage0_00225_not_close.png,not_close,reviewed,D:\Projects\adb_vl\ads2\assets\review_crops\close_glyph_candidates\sample\candidate_crops\003389_score_0.858_x433_y206_w15_h15_log__20260707_160103_33324__000637_20260708_230504_before_tap_80_500.png.png,20260707_160103_33324,unknown_ad_source,unknown_family,,0.858000,0.858000,"48,48,15,15",manifest_bbox_negative,cand_000213.png,train
D:\Projects\adb_vl\close_x_classifier\data\stage0_object_poc\images\stage0_00226_not_close.png,not_close,reviewed,D:\Projects\adb_vl\ads2\assets\review_crops\close_glyph_candidates\sample\candidate_crops\002637_score_0.881_x45_y126_w17_h17_log__20260711_100541_44936_afk_20260711_100305_em3_王國金庫_task_fail_returncode_1__000003_20260711_100546_before_swipe_86_130_86_430_420.png.png,20260711_100541_44936,unknown_ad_source,unknown_family,,0.858000,0.858000,"45,48,17,17",manifest_bbox_negative,cand_000214.png,test
D:\Projects\adb_vl\close_x_classifier\data\stage0_object_poc\images\stage0_00227_not_close.png,not_close,reviewed,D:\Projects\adb_vl\ads2\assets\review_crops\close_glyph_candidates\sample\candidate_crops\003392_score_0.857_x453_y260_w17_h18_log__20260711_080034_68848_afk_20260711_080033_em3_廣告探寶鏟_route_enter__000007_20260711_080051_before_tap_916_352.png.png,20260711_080034_68848,unknown_ad_source,unknown_family,,0.857000,0.857000,"48,48,17,18",manifest_bbox_negative,cand_000215.png,train
D:\Projects\adb_vl\close_x_classifier\data\stage0_object_poc\images\stage0_00228_not_close.png,not_close,reviewed,D:\Projects\adb_vl\ads2\assets\review_crops\close_glyph_candidates\sample\candidate_crops\002577_score_0.884_x81_y400_w17_h16_log__20260711_090430_12456_afk_20260711_090217_14_王國金庫_route_enter__000002_20260711_090433_after_tap_42_129.png.png,20260711_090430_12456,unknown_ad_source,unknown_family,,0.856000,0.856000,"67,48,15,16",manifest_bbox_negative,cand_000216.png,train
D:\Projects\adb_vl\close_x_classifier\data\stage0_object_poc\images\stage0_00229_not_close.png,not_close,reviewed,D:\Projects\adb_vl\ads2\assets\review_crops\close_glyph_candidates\sample\candidate_crops\001046_score_0.905_x817_y313_w20_h20_log__20260711_094400_67140_afk_20260711_094338_em3_每日任務_task__000182_20260711_095028_before_tap_478_150.png.png,20260711_094400_67140,unknown_ad_source,unknown_family,,0.856000,0.856000,"48,48,20,20",manifest_bbox_negative,cand_000217.png,train
D:\Projects\adb_vl\close_x_classifier\data\stage0_object_poc\images\stage0_00230_not_close.png,not_close,reviewed,D:\Projects\adb_vl\ads2\assets\review_crops\close_glyph_candidates\sample\candidate_crops\001053_score_0.905_x817_y316_w20_h20_log__20260711_110821_25824_afk_20260711_110759_tiger_每日任務_task__000194_20260711_111508_before_tap_478_150.png.png,20260711_110821_25824,unknown_ad_source,unknown_family,,0.856000,0.856000,"48,48,20,20",manifest_bbox_negative,cand_000218.png,train
D:\Projects\adb_vl\close_x_classifier\data\stage0_object_poc\images\stage0_00231_not_close.png,not_close,reviewed,D:\Projects\adb_vl\ads2\assets\review_crops\close_glyph_candidates\sample\candidate_crops\001059_score_0.905_x432_y206_w17_h15_log__20260707_160103_33324__000571_20260708_230022_before_tap_80_500.png.png,20260707_160103_33324,unknown_ad_source,unknown_family,,0.855000,0.855000,"48,48,17,15",manifest_bbox_negative,cand_000219.png,train
D:\Projects\adb_vl\close_x_classifier\data\stage0_object_poc\images\stage0_00232_not_close.png,not_close,reviewed,D:\Projects\adb_vl\ads2\assets\review_crops\close_glyph_candidates\sample\candidate_crops\002656_score_0.878_x750_y282_w16_h17_log__20260711_114715_58348_afk_20260711_114151_14_高階競技場_route_enter__000006_20260711_114724_after_tap_712_290.png.png,20260711_114715_58348,unknown_ad_source,unknown_family,,0.853000,0.853000,"48,48,16,17",manifest_bbox_negative,cand_000220.png,train
D:\Projects\adb_vl\close_x_classifier\data\stage0_object_poc\images\stage0_00233_not_close.png,not_close,reviewed,D:\Projects\adb_vl\ads2\assets\review_crops\close_glyph_candidates\sample\candidate_crops\003471_score_0.852_x63_y182_w17_h16_log__20260711_093806_46808_afk_20260711_093802_14_王國金庫_task__000002_20260711_093809_after_swipe_86_430_86_130_420.png.png,20260711_093806_46808,unknown_ad_source,unknown_family,,0.852000,0.852000,"48,48,17,16",manifest_bbox_negative,cand_000221.png,test
D:\Projects\adb_vl\close_x_classifier\data\stage0_object_poc\images\stage0_00234_not_close.png,not_close,reviewed,D:\Projects\adb_vl\ads2\assets\review_crops\close_glyph_candidates\sample\candidate_crops\003472_score_0.852_x63_y182_w17_h16_log__20260711_112714_67508_afk_20260711_112709_tiger_王國金庫_task__000016_20260711_112835_after_swipe_86_430_86_130_420.png.png,20260711_112714_67508,unknown_ad_source,unknown_family,,0.852000,0.852000,"48,48,17,16",manifest_bbox_negative,cand_000222.png,train
D:\Projects\adb_vl\close_x_classifier\data\stage0_object_poc\images\stage0_00235_not_close.png,not_close,reviewed,D:\Projects\adb_vl\ads2\assets\review_crops\close_glyph_candidates\sample\candidate_crops\003473_score_0.852_x63_y182_w17_h16_log__20260711_112714_67508_afk_20260711_112709_tiger_王國金庫_task__000044_20260711_112927_after_swipe_86_430_86_130_420.png.png,20260711_112714_67508,unknown_ad_source,unknown_family,,0.852000,0.852000,"48,48,17,16",manifest_bbox_negative,cand_000223.png,train
D:\Projects\adb_vl\close_x_classifier\data\stage0_object_poc\images\stage0_00236_not_close.png,not_close,reviewed,D:\Projects\adb_vl\ads2\assets\review_crops\close_glyph_candidates\sample\candidate_crops\003474_score_0.852_x63_y182_w17_h16_log__20260711_141026_2432_kingdom_vault__000012_20260711_141046_after_swipe_86_430_86_130_420.png.png,20260711_141026_2432,unknown_ad_source,unknown_family,,0.852000,0.852000,"48,48,17,16",manifest_bbox_negative,cand_000224.png,val
