screen_id,image_path,original_path,relative_path,instance_id,content_id,vision_domain,screen_state,asset_type,representation,source_root,width,height,positive_bbox_count,split_group,split
ads_det_000001,vision_platform\ads\datasets\detector\action_candidate_20260719\images\ads_det_000001.png,D:\Projects\adb_vl\ads2\assets\2_communication\manual_capture_20260606_203317.png,ads2\assets\2_communication\manual_capture_20260606_203317.png,file_cb92658830fac8b5,asset_1cbbbee4c4d36bef,ads,actionable,clean_fullscreen,raw,ads2\assets\2_communication,960,540,1,content:asset_1cbbbee4c4d36bef,train
ads_det_000002,vision_platform\ads\datasets\detector\action_candidate_20260719\images\ads_det_000002.png,D:\Projects\adb_vl\ads2\assets\2_communication\manual_capture_20260606_230539.png,ads2\assets\2_communication\manual_capture_20260606_230539.png,file_2d1703c8977d4169,asset_c506b3a95ccc8d49,shared,returned_to_game,clean_fullscreen,raw,ads2\assets\2_communication,960,540,0,content:asset_c506b3a95ccc8d49,train
ads_det_000003,vision_platform\ads\datasets\detector\action_candidate_20260719\images\ads_det_000003.png,D:\Projects\adb_vl\ads2\assets\2_communication\manual_rescue_20260606_225520.png,ads2\assets\2_communication\manual_rescue_20260606_225520.png,file_d5b98b055872b01a,asset_750d55c7609ca258,shared,actionable,clean_fullscreen,raw,ads2\assets\2_communication,960,540,1,content:asset_750d55c7609ca258,test
ads_det_000004,vision_platform\ads\datasets\detector\action_candidate_20260719\images\ads_det_000004.png,D:\Projects\adb_vl\ads2\assets\2_communication\manual_rescue_20260606_231704_edit.png,ads2\assets\2_communication\manual_rescue_20260606_231704_edit.png,file_1dc86af4d362d037,asset_ab05d9f4b4d29489,shared,actionable,clean_fullscreen,raw,ads2\assets\2_communication,960,540,1,content:asset_ab05d9f4b4d29489,train
ads_det_000005,vision_platform\ads\datasets\detector\action_candidate_20260719\images\ads_det_000005.png,D:\Projects\adb_vl\ads2\assets\2_communication\manual_rescue_20260606_231704_original.png,ads2\assets\2_communication\manual_rescue_20260606_231704_original.png,file_e86ea26f36534291,asset_b867455dd1ee49b4,shared,actionable,clean_fullscreen,raw,ads2\assets\2_communication,960,540,1,content:asset_b867455dd1ee49b4,train
ads_det_000006,vision_platform\ads\datasets\detector\action_candidate_20260719\images\ads_det_000006.png,D:\Projects\adb_vl\ads2\assets\2_communication\manual_rescue_20260606_232156_edit.png,ads2\assets\2_communication\manual_rescue_20260606_232156_edit.png,file_b7ee94d02191862f,asset_636cdeb26ca95f12,shared,actionable,clean_fullscreen,raw,ads2\assets\2_communication,960,540,1,content:asset_636cdeb26ca95f12,train
ads_det_000007,vision_platform\ads\datasets\detector\action_candidate_20260719\images\ads_det_000007.png,D:\Projects\adb_vl\ads2\assets\2_communication\manual_rescue_20260606_232156_original.png,ads2\assets\2_communication\manual_rescue_20260606_232156_original.png,file_a38025dbb89180ef,asset_18251ebb4fbe0ec2,shared,actionable,clean_fullscreen,raw,ads2\assets\2_communication,960,540,1,content:asset_18251ebb4fbe0ec2,train
ads_det_000008,vision_platform\ads\datasets\detector\action_candidate_20260719\images\ads_det_000008.png,D:\Projects\adb_vl\ads2\assets\2_communication\manual_rescue_20260607_082421_edit.png,ads2\assets\2_communication\manual_rescue_20260607_082421_edit.png,file_d212015305644917,asset_36d0173a1ee8f012,ads,actionable,clean_fullscreen,raw,ads2\assets\2_communication,960,540,1,content:asset_36d0173a1ee8f012,train
ads_det_000009,vision_platform\ads\datasets\detector\action_candidate_20260719\images\ads_det_000009.png,D:\Projects\adb_vl\ads2\assets\2_communication\manual_rescue_20260607_082421_original.png,ads2\assets\2_communication\manual_rescue_20260607_082421_original.png,file_dd3404a95461a35b,asset_a8624d3b6b62bbd3,ads,actionable,clean_fullscreen,raw,ads2\assets\2_communication,960,540,1,content:asset_a8624d3b6b62bbd3,train
ads_det_000010,vision_platform\ads\datasets\detector\action_candidate_20260719\images\ads_det_000010.png,D:\Projects\adb_vl\ads2\assets\2_communication\manual_rescue_20260607_082726_edit.png,ads2\assets\2_communication\manual_rescue_20260607_082726_edit.png,file_b83f222024e4dce3,asset_aa6d0cc26c800a10,shared,actionable,clean_fullscreen,raw,ads2\assets\2_communication,960,540,1,content:asset_aa6d0cc26c800a10,train
ads_det_000011,vision_platform\ads\datasets\detector\action_candidate_20260719\images\ads_det_000011.png,D:\Projects\adb_vl\ads2\assets\2_communication\manual_rescue_20260607_082726_original.png,ads2\assets\2_communication\manual_rescue_20260607_082726_original.png,file_1d66d77457cb8524,asset_012e1c6083b7edb3,shared,actionable,clean_fullscreen,raw,ads2\assets\2_communication,960,540,1,content:asset_012e1c6083b7edb3,train
ads_det_000012,vision_platform\ads\datasets\detector\action_candidate_20260719\images\ads_det_000012.png,D:\Projects\adb_vl\ads2\assets\2_communication\manual_rescue_20260607_082949_edit.png,ads2\assets\2_communication\manual_rescue_20260607_082949_edit.png,file_4302c7d9cabc3a27,asset_42d55640f5e0078b,shared,actionable,clean_fullscreen,raw,ads2\assets\2_communication,960,540,1,content:asset_42d55640f5e0078b,val
ads_det_000013,vision_platform\ads\datasets\detector\action_candidate_20260719\images\ads_det_000013.png,D:\Projects\adb_vl\ads2\assets\2_communication\manual_rescue_20260607_082949_original.png,ads2\assets\2_communication\manual_rescue_20260607_082949_original.png,file_884882948f49225e,asset_db91c1f09cec9eb8,shared,actionable,clean_fullscreen,raw,ads2\assets\2_communication,960,540,1,content:asset_db91c1f09cec9eb8,train
ads_det_000014,vision_platform\ads\datasets\detector\action_candidate_20260719\images\ads_det_000014.png,D:\Projects\adb_vl\ads2\assets\2_communication\manual_rescue_20260607_084044_edit.png,ads2\assets\2_communication\manual_rescue_20260607_084044_edit.png,file_36e3a5114617b811,asset_9747d2b044514da5,shared,actionable,clean_fullscreen,raw,ads2\assets\2_communication,960,540,1,content:asset_9747d2b044514da5,train
ads_det_000015,vision_platform\ads\datasets\detector\action_candidate_20260719\images\ads_det_000015.png,D:\Projects\adb_vl\ads2\assets\2_communication\manual_rescue_20260607_084044_original.png,ads2\assets\2_communication\manual_rescue_20260607_084044_original.png,file_7e8dc83206c303ea,asset_cdbc112f29c50c6a,shared,actionable,clean_fullscreen,raw,ads2\assets\2_communication,960,540,1,content:asset_cdbc112f29c50c6a,train
ads_det_000016,vision_platform\ads\datasets\detector\action_candidate_20260719\images\ads_det_000016.png,D:\Projects\adb_vl\ads2\assets\2_communication\manual_rescue_20260607_085221_edit.png,ads2\assets\2_communication\manual_rescue_20260607_085221_edit.png,file_a3ae38fcad2f22f2,asset_fa172a2f563a6c00,shared,actionable,clean_fullscreen,raw,ads2\assets\2_communication,960,540,1,content:asset_fa172a2f563a6c00,train
ads_det_000017,vision_platform\ads\datasets\detector\action_candidate_20260719\images\ads_det_000017.png,D:\Projects\adb_vl\ads2\assets\2_communication\manual_rescue_20260607_085221_original.png,ads2\assets\2_communication\manual_rescue_20260607_085221_original.png,file_243b7b7509dbd3e4,asset_ae18f7ee593c2fee,shared,actionable,clean_fullscreen,raw,ads2\assets\2_communication,960,540,1,content:asset_ae18f7ee593c2fee,train
ads_det_000018,vision_platform\ads\datasets\detector\action_candidate_20260719\images\ads_det_000018.png,D:\Projects\adb_vl\ads2\assets\2_communication\manual_rescue_20260607_085540_edit.png,ads2\assets\2_communication\manual_rescue_20260607_085540_edit.png,file_921bc8370c557d92,asset_952d77d5dade7206,shared,actionable,clean_fullscreen,raw,ads2\assets\2_communication,960,540,1,content:asset_952d77d5dade7206,train
ads_det_000019,vision_platform\ads\datasets\detector\action_candidate_20260719\images\ads_det_000019.png,D:\Projects\adb_vl\ads2\assets\2_communication\manual_rescue_20260607_085540_original.png,ads2\assets\2_communication\manual_rescue_20260607_085540_original.png,file_fdb8b473ec271a1b,asset_105b675b3aaac632,shared,actionable,clean_fullscreen,raw,ads2\assets\2_communication,960,540,1,content:asset_105b675b3aaac632,train
ads_det_000020,vision_platform\ads\datasets\detector\action_candidate_20260719\images\ads_det_000020.png,D:\Projects\adb_vl\ads2\assets\2_communication\manual_rescue_20260607_101333_edit.png,ads2\assets\2_communication\manual_rescue_20260607_101333_edit.png,file_0cc3b419504e6c6d,asset_31248d6ed529be48,ads,actionable,clean_fullscreen,raw,ads2\assets\2_communication,960,540,1,content:asset_31248d6ed529be48,train
ads_det_000021,vision_platform\ads\datasets\detector\action_candidate_20260719\images\ads_det_000021.png,D:\Projects\adb_vl\ads2\assets\2_communication\manual_rescue_20260607_101333_original.png,ads2\assets\2_communication\manual_rescue_20260607_101333_original.png,file_f006c768e3968916,asset_0bdebd9b5f09c39e,ads,actionable,clean_fullscreen,raw,ads2\assets\2_communication,960,540,1,content:asset_0bdebd9b5f09c39e,train
ads_det_000022,vision_platform\ads\datasets\detector\action_candidate_20260719\images\ads_det_000022.png,D:\Projects\adb_vl\ads2\assets\2_communication\manual_rescue_20260607_144904_edit.png,ads2\assets\2_communication\manual_rescue_20260607_144904_edit.png,file_930ab51f7142d475,asset_278755527ca1a3e5,ads,actionable,clean_fullscreen,raw,ads2\assets\2_communication,960,540,1,content:asset_278755527ca1a3e5,train
ads_det_000023,vision_platform\ads\datasets\detector\action_candidate_20260719\images\ads_det_000023.png,D:\Projects\adb_vl\ads2\assets\2_communication\manual_rescue_20260607_144904_original.png,ads2\assets\2_communication\manual_rescue_20260607_144904_original.png,file_e0303f06c1dea025,asset_517dffb127e8e353,ads,actionable,clean_fullscreen,raw,ads2\assets\2_communication,960,540,1,content:asset_517dffb127e8e353,train
ads_det_000024,vision_platform\ads\datasets\detector\action_candidate_20260719\images\ads_det_000024.png,D:\Projects\adb_vl\ads2\assets\2_communication\manual_rescue_20260607_145346_edit.png,ads2\assets\2_communication\manual_rescue_20260607_145346_edit.png,file_f79203642ccdd8a7,asset_54284dbf33086654,ads,actionable,clean_fullscreen,raw,ads2\assets\2_communication,960,540,1,content:asset_54284dbf33086654,train
ads_det_000025,vision_platform\ads\datasets\detector\action_candidate_20260719\images\ads_det_000025.png,D:\Projects\adb_vl\ads2\assets\2_communication\manual_rescue_20260607_145346_original.png,ads2\assets\2_communication\manual_rescue_20260607_145346_original.png,file_e277a86da364ce73,asset_7711801e12745d2a,ads,actionable,clean_fullscreen,raw,ads2\assets\2_communication,960,540,1,content:asset_7711801e12745d2a,train
ads_det_000026,vision_platform\ads\datasets\detector\action_candidate_20260719\images\ads_det_000026.png,D:\Projects\adb_vl\ads2\assets\2_communication\manual_rescue_20260607_145608_edit.png,ads2\assets\2_communication\manual_rescue_20260607_145608_edit.png,file_c888bac3e43fdb07,asset_cdf3bcbb678fb092,ads,actionable,clean_fullscreen,raw,ads2\assets\2_communication,960,540,1,content:asset_cdf3bcbb678fb092,train
ads_det_000027,vision_platform\ads\datasets\detector\action_candidate_20260719\images\ads_det_000027.png,D:\Projects\adb_vl\ads2\assets\2_communication\manual_rescue_20260607_145608_original.png,ads2\assets\2_communication\manual_rescue_20260607_145608_original.png,file_836b44de324f1b1a,asset_88d4e00731bb83a4,ads,actionable,clean_fullscreen,raw,ads2\assets\2_communication,960,540,1,content:asset_88d4e00731bb83a4,val
ads_det_000028,vision_platform\ads\datasets\detector\action_candidate_20260719\images\ads_det_000028.png,D:\Projects\adb_vl\ads2\assets\2_communication\manual_rescue_20260607_150413_edit.png,ads2\assets\2_communication\manual_rescue_20260607_150413_edit.png,file_6dac895af9d30ef2,asset_ee7c08a720254382,ads,actionable,clean_fullscreen,raw,ads2\assets\2_communication,960,540,1,content:asset_ee7c08a720254382,train
ads_det_000029,vision_platform\ads\datasets\detector\action_candidate_20260719\images\ads_det_000029.png,D:\Projects\adb_vl\ads2\assets\2_communication\manual_rescue_20260607_150413_original.png,ads2\assets\2_communication\manual_rescue_20260607_150413_original.png,file_36c42bd7e00afcdc,asset_003a3c06113bbe55,ads,actionable,clean_fullscreen,raw,ads2\assets\2_communication,960,540,1,content:asset_003a3c06113bbe55,train
ads_det_000030,vision_platform\ads\datasets\detector\action_candidate_20260719\images\ads_det_000030.png,D:\Projects\adb_vl\ads2\assets\2_communication\manual_rescue_20260607_150759_edit.png,ads2\assets\2_communication\manual_rescue_20260607_150759_edit.png,file_8a31e0f727b3b9cb,asset_36bc47380f8b1aa2,ads,actionable,clean_fullscreen,raw,ads2\assets\2_communication,960,540,1,content:asset_36bc47380f8b1aa2,train
ads_det_000031,vision_platform\ads\datasets\detector\action_candidate_20260719\images\ads_det_000031.png,D:\Projects\adb_vl\ads2\assets\2_communication\manual_rescue_20260607_150759_original.png,ads2\assets\2_communication\manual_rescue_20260607_150759_original.png,file_6498acc37b738765,asset_e944939861a0d57c,ads,actionable,clean_fullscreen,raw,ads2\assets\2_communication,960,540,1,content:asset_e944939861a0d57c,train
ads_det_000032,vision_platform\ads\datasets\detector\action_candidate_20260719\images\ads_det_000032.png,D:\Projects\adb_vl\ads2\assets\2_communication\manual_rescue_20260607_151902_edit.png,ads2\assets\2_communication\manual_rescue_20260607_151902_edit.png,file_1922bb97a02f78e7,asset_0ef85ef6c3008061,ads,actionable,clean_fullscreen,raw,ads2\assets\2_communication,960,540,1,content:asset_0ef85ef6c3008061,val
ads_det_000033,vision_platform\ads\datasets\detector\action_candidate_20260719\images\ads_det_000033.png,D:\Projects\adb_vl\ads2\assets\2_communication\manual_rescue_20260607_151902_original.png,ads2\assets\2_communication\manual_rescue_20260607_151902_original.png,file_44d80f437474f51b,asset_84c479c28cc73674,ads,actionable,clean_fullscreen,raw,ads2\assets\2_communication,960,540,1,content:asset_84c479c28cc73674,train
ads_det_000034,vision_platform\ads\datasets\detector\action_candidate_20260719\images\ads_det_000034.png,D:\Projects\adb_vl\ads2\assets\2_communication\manual_rescue_20260607_153732_edit.png,ads2\assets\2_communication\manual_rescue_20260607_153732_edit.png,file_ec7b16077fbaef43,asset_452c73fab94708e2,ads,actionable,clean_fullscreen,raw,ads2\assets\2_communication,960,540,1,content:asset_452c73fab94708e2,train
ads_det_000035,vision_platform\ads\datasets\detector\action_candidate_20260719\images\ads_det_000035.png,D:\Projects\adb_vl\ads2\assets\2_communication\manual_rescue_20260607_153732_original.png,ads2\assets\2_communication\manual_rescue_20260607_153732_original.png,file_1f61fa69df283b55,asset_6b5f8cdfb057831b,ads,actionable,clean_fullscreen,raw,ads2\assets\2_communication,960,540,1,content:asset_6b5f8cdfb057831b,train
ads_det_000036,vision_platform\ads\datasets\detector\action_candidate_20260719\images\ads_det_000036.png,D:\Projects\adb_vl\ads2\assets\2_communication\manual_rescue_20260607_154252_edit.png,ads2\assets\2_communication\manual_rescue_20260607_154252_edit.png,file_596fe48bf09caa19,asset_6cb8dabf6719aa9f,ads,actionable,clean_fullscreen,raw,ads2\assets\2_communication,960,540,1,content:asset_6cb8dabf6719aa9f,train
ads_det_000037,vision_platform\ads\datasets\detector\action_candidate_20260719\images\ads_det_000037.png,D:\Projects\adb_vl\ads2\assets\2_communication\manual_rescue_20260607_154252_original.png,ads2\assets\2_communication\manual_rescue_20260607_154252_original.png,file_7bf7eaa14bb5cddc,asset_979a7f289e8b2244,ads,actionable,clean_fullscreen,raw,ads2\assets\2_communication,960,540,1,content:asset_979a7f289e8b2244,train
ads_det_000038,vision_platform\ads\datasets\detector\action_candidate_20260719\images\ads_det_000038.png,D:\Projects\adb_vl\ads2\assets\2_communication\manual_rescue_20260607_161122_edit.png,ads2\assets\2_communication\manual_rescue_20260607_161122_edit.png,file_e7bee6618f781e5d,asset_db6a9540a21dfe61,shared,actionable,clean_fullscreen,raw,ads2\assets\2_communication,960,540,1,content:asset_db6a9540a21dfe61,test
ads_det_000039,vision_platform\ads\datasets\detector\action_candidate_20260719\images\ads_det_000039.png,D:\Projects\adb_vl\ads2\assets\2_communication\manual_rescue_20260607_161122_original.png,ads2\assets\2_communication\manual_rescue_20260607_161122_original.png,file_70f4558ba79f206e,asset_b26970a43dfdf0e2,shared,actionable,clean_fullscreen,raw,ads2\assets\2_communication,960,540,1,content:asset_b26970a43dfdf0e2,train
ads_det_000040,vision_platform\ads\datasets\detector\action_candidate_20260719\images\ads_det_000040.png,D:\Projects\adb_vl\ads2\assets\2_communication\manual_rescue_20260607_161244_original.png,ads2\assets\2_communication\manual_rescue_20260607_161244_original.png,file_50e3a7f3bec0e370,asset_148fb06adfea06f2,shared,actionable,clean_fullscreen,raw,ads2\assets\2_communication,960,540,1,content:asset_148fb06adfea06f2,train
ads_det_000041,vision_platform\ads\datasets\detector\action_candidate_20260719\images\ads_det_000041.png,D:\Projects\adb_vl\ads2\assets\2_communication\manual_rescue_20260607_163135_edit.png,ads2\assets\2_communication\manual_rescue_20260607_163135_edit.png,file_958cead94d8e1841,asset_3205a944e419dafa,ads,actionable,clean_fullscreen,raw,ads2\assets\2_communication,960,540,1,content:asset_3205a944e419dafa,val
ads_det_000042,vision_platform\ads\datasets\detector\action_candidate_20260719\images\ads_det_000042.png,D:\Projects\adb_vl\ads2\assets\2_communication\manual_rescue_20260607_163135_original.png,ads2\assets\2_communication\manual_rescue_20260607_163135_original.png,file_fb0a9f57a7a57a2c,asset_9a48f187dd79d17e,ads,actionable,clean_fullscreen,raw,ads2\assets\2_communication,960,540,1,content:asset_9a48f187dd79d17e,val
ads_det_000043,vision_platform\ads\datasets\detector\action_candidate_20260719\images\ads_det_000043.png,D:\Projects\adb_vl\ads2\assets\2_communication\manual_rescue_20260607_163211_edit.png,ads2\assets\2_communication\manual_rescue_20260607_163211_edit.png,file_9e466ed58c8c5e3f,asset_419b00ac3f9e1f40,ads,actionable,clean_fullscreen,raw,ads2\assets\2_communication,960,540,1,content:asset_419b00ac3f9e1f40,train
ads_det_000044,vision_platform\ads\datasets\detector\action_candidate_20260719\images\ads_det_000044.png,D:\Projects\adb_vl\ads2\assets\2_communication\manual_rescue_20260607_164029_edit.png,ads2\assets\2_communication\manual_rescue_20260607_164029_edit.png,file_cd7e7dc9299374b5,asset_256291946681e495,ads,actionable,clean_fullscreen,raw,ads2\assets\2_communication,960,540,1,content:asset_256291946681e495,train
ads_det_000045,vision_platform\ads\datasets\detector\action_candidate_20260719\images\ads_det_000045.png,D:\Projects\adb_vl\ads2\assets\2_communication\manual_rescue_20260607_164029_original.png,ads2\assets\2_communication\manual_rescue_20260607_164029_original.png,file_d81dd31cef471171,asset_e7315be7635cfbe4,ads,actionable,clean_fullscreen,raw,ads2\assets\2_communication,960,540,1,content:asset_e7315be7635cfbe4,train
ads_det_000046,vision_platform\ads\datasets\detector\action_candidate_20260719\images\ads_det_000046.png,D:\Projects\adb_vl\ads2\assets\2_communication\manual_rescue_20260607_164127_edit.png,ads2\assets\2_communication\manual_rescue_20260607_164127_edit.png,file_3d0482656b66a8c7,asset_5522d341e2105ef8,ads,actionable,clean_fullscreen,raw,ads2\assets\2_communication,960,540,1,content:asset_5522d341e2105ef8,test
ads_det_000047,vision_platform\ads\datasets\detector\action_candidate_20260719\images\ads_det_000047.png,D:\Projects\adb_vl\ads2\assets\2_communication\manual_rescue_20260607_165932_edit.png,ads2\assets\2_communication\manual_rescue_20260607_165932_edit.png,file_29cd8a9b6ed552f6,asset_84d107a9ad22d8c6,ads,actionable,clean_fullscreen,raw,ads2\assets\2_communication,960,540,1,content:asset_84d107a9ad22d8c6,train
ads_det_000048,vision_platform\ads\datasets\detector\action_candidate_20260719\images\ads_det_000048.png,D:\Projects\adb_vl\ads2\assets\2_communication\manual_rescue_20260607_165932_original.png,ads2\assets\2_communication\manual_rescue_20260607_165932_original.png,file_bed48f9ad2be2f33,asset_8ba1bdf15ecbae79,ads,actionable,clean_fullscreen,raw,ads2\assets\2_communication,960,540,1,content:asset_8ba1bdf15ecbae79,train
ads_det_000049,vision_platform\ads\datasets\detector\action_candidate_20260719\images\ads_det_000049.png,D:\Projects\adb_vl\ads2\assets\2_communication\manual_rescue_20260608_082319_edit.png,ads2\assets\2_communication\manual_rescue_20260608_082319_edit.png,file_7b1e49249bd69d55,asset_8cc868336d8add69,ads,actionable,clean_fullscreen,raw,ads2\assets\2_communication,960,540,1,content:asset_8cc868336d8add69,train
ads_det_000050,vision_platform\ads\datasets\detector\action_candidate_20260719\images\ads_det_000050.png,D:\Projects\adb_vl\ads2\assets\2_communication\manual_rescue_20260608_082319_original.png,ads2\assets\2_communication\manual_rescue_20260608_082319_original.png,file_e75ab06843e8ce99,asset_391384dd5e30726d,ads,actionable,clean_fullscreen,raw,ads2\assets\2_communication,960,540,1,content:asset_391384dd5e30726d,train
ads_det_000051,vision_platform\ads\datasets\detector\action_candidate_20260719\images\ads_det_000051.png,D:\Projects\adb_vl\ads2\assets\2_communication\manual_rescue_20260609_091047_edit.png,ads2\assets\2_communication\manual_rescue_20260609_091047_edit.png,file_ca0c51c17b7442d5,asset_e0d837452f4b5956,shared,waiting,clean_fullscreen,raw,ads2\assets\2_communication,960,540,0,content:asset_e0d837452f4b5956,train
ads_det_000052,vision_platform\ads\datasets\detector\action_candidate_20260719\images\ads_det_000052.png,D:\Projects\adb_vl\ads2\assets\2_communication\manual_rescue_20260609_091118_edit.png,ads2\assets\2_communication\manual_rescue_20260609_091118_edit.png,file_964499e8c824d89b,asset_0400fa765d75f34b,shared,actionable,clean_fullscreen,raw,ads2\assets\2_communication,960,540,4,content:asset_0400fa765d75f34b,train
ads_det_000053,vision_platform\ads\datasets\detector\action_candidate_20260719\images\ads_det_000053.png,D:\Projects\adb_vl\ads2\assets\2_communication\manual_rescue_20260609_093141_edit.png,ads2\assets\2_communication\manual_rescue_20260609_093141_edit.png,file_756d1099ec107314,asset_0d5f9440bc991aa0,ads,actionable,clean_fullscreen,raw,ads2\assets\2_communication,960,540,1,content:asset_0d5f9440bc991aa0,train
ads_det_000054,vision_platform\ads\datasets\detector\action_candidate_20260719\images\ads_det_000054.png,D:\Projects\adb_vl\ads2\assets\2_communication\manual_rescue_20260609_093141_original.png,ads2\assets\2_communication\manual_rescue_20260609_093141_original.png,file_30d80381e71c4229,asset_011d6b03e2375afe,ads,actionable,clean_fullscreen,raw,ads2\assets\2_communication,960,540,1,content:asset_011d6b03e2375afe,train
ads_det_000055,vision_platform\ads\datasets\detector\action_candidate_20260719\images\ads_det_000055.png,D:\Projects\adb_vl\ads2\assets\2_communication\manual_rescue_20260610_151332_edit.png,ads2\assets\2_communication\manual_rescue_20260610_151332_edit.png,file_54649dd854c2aebf,asset_35050faa6b11f353,shared,actionable,clean_fullscreen,raw,ads2\assets\2_communication,960,540,1,content:asset_35050faa6b11f353,train
ads_det_000056,vision_platform\ads\datasets\detector\action_candidate_20260719\images\ads_det_000056.png,D:\Projects\adb_vl\ads2\assets\2_communication\manual_rescue_20260610_151332_original.png,ads2\assets\2_communication\manual_rescue_20260610_151332_original.png,file_100daa938b119d8f,asset_0062ef6acaf85735,shared,actionable,clean_fullscreen,raw,ads2\assets\2_communication,960,540,1,content:asset_0062ef6acaf85735,test
ads_det_000057,vision_platform\ads\datasets\detector\action_candidate_20260719\images\ads_det_000057.png,D:\Projects\adb_vl\ads2\assets\2_communication\manual_rescue_20260610_151458_edit.png,ads2\assets\2_communication\manual_rescue_20260610_151458_edit.png,file_d3915cb50f438194,asset_be156523a3ab5abe,shared,actionable,clean_fullscreen,raw,ads2\assets\2_communication,960,540,1,content:asset_be156523a3ab5abe,train
ads_det_000058,vision_platform\ads\datasets\detector\action_candidate_20260719\images\ads_det_000058.png,D:\Projects\adb_vl\ads2\assets\2_communication\manual_rescue_20260610_151458_original.png,ads2\assets\2_communication\manual_rescue_20260610_151458_original.png,file_5f84afe3e6c04d9a,asset_784538fdbee4d196,shared,actionable,clean_fullscreen,raw,ads2\assets\2_communication,960,540,1,content:asset_784538fdbee4d196,train
ads_det_000059,vision_platform\ads\datasets\detector\action_candidate_20260719\images\ads_det_000059.png,D:\Projects\adb_vl\ads2\assets\2_communication\manual_rescue_20260610_153906_edit.png,ads2\assets\2_communication\manual_rescue_20260610_153906_edit.png,file_02c2144cc30cfbe9,asset_fbfb7241e62d249b,shared,actionable,clean_fullscreen,raw,ads2\assets\2_communication,960,540,1,content:asset_fbfb7241e62d249b,train
ads_det_000060,vision_platform\ads\datasets\detector\action_candidate_20260719\images\ads_det_000060.png,D:\Projects\adb_vl\ads2\assets\2_communication\manual_rescue_20260610_153906_original.png,ads2\assets\2_communication\manual_rescue_20260610_153906_original.png,file_7f8ff5b6a7200fb8,asset_989c6569acc7af32,shared,actionable,clean_fullscreen,raw,ads2\assets\2_communication,960,540,1,content:asset_989c6569acc7af32,val
ads_det_000061,vision_platform\ads\datasets\detector\action_candidate_20260719\images\ads_det_000061.png,D:\Projects\adb_vl\ads2\assets\2_communication\manual_rescue_20260610_153949_edit.png,ads2\assets\2_communication\manual_rescue_20260610_153949_edit.png,file_89900fa83979cda8,asset_333319d3f78eed9a,shared,actionable,clean_fullscreen,raw,ads2\assets\2_communication,960,540,1,content:asset_333319d3f78eed9a,train
ads_det_000062,vision_platform\ads\datasets\detector\action_candidate_20260719\images\ads_det_000062.png,D:\Projects\adb_vl\ads2\assets\2_communication\manual_rescue_20260610_161942_edit.png,ads2\assets\2_communication\manual_rescue_20260610_161942_edit.png,file_af69e9cd56b95901,asset_bec79d4dc79846ec,shared,actionable,clean_fullscreen,raw,ads2\assets\2_communication,960,540,1,content:asset_bec79d4dc79846ec,val
ads_det_000063,vision_platform\ads\datasets\detector\action_candidate_20260719\images\ads_det_000063.png,D:\Projects\adb_vl\ads2\assets\2_communication\manual_rescue_20260610_161942_original.png,ads2\assets\2_communication\manual_rescue_20260610_161942_original.png,file_66430019a71b7b32,asset_404f88ea5573b3a0,shared,actionable,clean_fullscreen,raw,ads2\assets\2_communication,960,540,1,content:asset_404f88ea5573b3a0,train
ads_det_000064,vision_platform\ads\datasets\detector\action_candidate_20260719\images\ads_det_000064.png,D:\Projects\adb_vl\ads2\assets\2_communication\manual_rescue_20260610_162023_edit.png,ads2\assets\2_communication\manual_rescue_20260610_162023_edit.png,file_17c948c4450ba29c,asset_beac250e4661b225,shared,actionable,clean_fullscreen,raw,ads2\assets\2_communication,960,540,1,content:asset_beac250e4661b225,test
ads_det_000065,vision_platform\ads\datasets\detector\action_candidate_20260719\images\ads_det_000065.png,D:\Projects\adb_vl\ads2\assets\2_communication\manual_rescue_20260611_111718_edit.png,ads2\assets\2_communication\manual_rescue_20260611_111718_edit.png,file_00664230c15bf43f,asset_4a60143af235e4d4,shared,actionable,clean_fullscreen,raw,ads2\assets\2_communication,960,540,1,content:asset_4a60143af235e4d4,train
ads_det_000066,vision_platform\ads\datasets\detector\action_candidate_20260719\images\ads_det_000066.png,D:\Projects\adb_vl\ads2\assets\2_communication\manual_rescue_20260611_111718_original.png,ads2\assets\2_communication\manual_rescue_20260611_111718_original.png,file_c4ec37986cd6235f,asset_297f7e488e946558,shared,actionable,clean_fullscreen,raw,ads2\assets\2_communication,960,540,1,content:asset_297f7e488e946558,train
ads_det_000067,vision_platform\ads\datasets\detector\action_candidate_20260719\images\ads_det_000067.png,D:\Projects\adb_vl\ads2\assets\2_communication\manual_rescue_20260611_111745_edit.png,ads2\assets\2_communication\manual_rescue_20260611_111745_edit.png,file_bd70b239a5fbea1e,asset_74d5a532c042508d,shared,actionable,clean_fullscreen,raw,ads2\assets\2_communication,960,540,1,content:asset_74d5a532c042508d,train
ads_det_000068,vision_platform\ads\datasets\detector\action_candidate_20260719\images\ads_det_000068.png,D:\Projects\adb_vl\ads2\assets\2_communication\manual_rescue_20260611_111745_original.png,ads2\assets\2_communication\manual_rescue_20260611_111745_original.png,file_c1fdec59744aed96,asset_d38989a326a68217,shared,actionable,clean_fullscreen,raw,ads2\assets\2_communication,960,540,1,content:asset_d38989a326a68217,train
ads_det_000069,vision_platform\ads\datasets\detector\action_candidate_20260719\images\ads_det_000069.png,D:\Projects\adb_vl\ads2\assets\2_communication\manual_rescue_20260613_064842_edit.png,ads2\assets\2_communication\manual_rescue_20260613_064842_edit.png,file_3f49ab4910595497,asset_68033ccf05c6f07c,ads,actionable,clean_fullscreen,raw,ads2\assets\2_communication,960,540,1,content:asset_68033ccf05c6f07c,test
ads_det_000070,vision_platform\ads\datasets\detector\action_candidate_20260719\images\ads_det_000070.png,D:\Projects\adb_vl\ads2\assets\2_communication\manual_rescue_20260613_064842_original.png,ads2\assets\2_communication\manual_rescue_20260613_064842_original.png,file_5bd2e84e4b65a94b,asset_efd1608a9c659131,ads,actionable,clean_fullscreen,raw,ads2\assets\2_communication,960,540,1,content:asset_efd1608a9c659131,val
ads_det_000071,vision_platform\ads\datasets\detector\action_candidate_20260719\images\ads_det_000071.png,D:\Projects\adb_vl\ads2\assets\2_communication\manual_rescue_20260613_083556_edit.png,ads2\assets\2_communication\manual_rescue_20260613_083556_edit.png,file_cbc748e26d09fc65,asset_625cf2818929c1d0,shared,actionable,clean_fullscreen,raw,ads2\assets\2_communication,960,540,1,content:asset_625cf2818929c1d0,train
ads_det_000072,vision_platform\ads\datasets\detector\action_candidate_20260719\images\ads_det_000072.png,D:\Projects\adb_vl\ads2\assets\2_communication\manual_rescue_20260613_145759_edit.png,ads2\assets\2_communication\manual_rescue_20260613_145759_edit.png,file_88fcbdea1d5d9255,asset_a5f588e5f344bd43,ads,actionable,clean_fullscreen,raw,ads2\assets\2_communication,960,540,1,content:asset_a5f588e5f344bd43,train
ads_det_000073,vision_platform\ads\datasets\detector\action_candidate_20260719\images\ads_det_000073.png,D:\Projects\adb_vl\ads2\assets\2_communication\manual_rescue_20260613_145759_original.png,ads2\assets\2_communication\manual_rescue_20260613_145759_original.png,file_fb32fd3ff288c730,asset_c43fdae72ed2e2d5,ads,actionable,clean_fullscreen,raw,ads2\assets\2_communication,960,540,1,content:asset_c43fdae72ed2e2d5,train
ads_det_000074,vision_platform\ads\datasets\detector\action_candidate_20260719\images\ads_det_000074.png,D:\Projects\adb_vl\ads2\assets\2_communication\manual_rescue_20260613_145852_edit.png,ads2\assets\2_communication\manual_rescue_20260613_145852_edit.png,file_d5d7c89bd289b315,asset_327e4b7be8c60bf7,ads,actionable,clean_fullscreen,raw,ads2\assets\2_communication,960,540,1,content:asset_327e4b7be8c60bf7,train
ads_det_000075,vision_platform\ads\datasets\detector\action_candidate_20260719\images\ads_det_000075.png,D:\Projects\adb_vl\ads2\assets\2_communication\manual_rescue_20260613_145852_original.png,ads2\assets\2_communication\manual_rescue_20260613_145852_original.png,file_9d1febe871779b70,asset_62b34680da624599,ads,actionable,clean_fullscreen,raw,ads2\assets\2_communication,960,540,1,content:asset_62b34680da624599,train
ads_det_000076,vision_platform\ads\datasets\detector\action_candidate_20260719\images\ads_det_000076.png,D:\Projects\adb_vl\ads2\assets\2_communication\manual_rescue_20260613_152650_edit.png,ads2\assets\2_communication\manual_rescue_20260613_152650_edit.png,file_4faf51f7efdcb762,asset_4b74d5405d484b1e,ads,actionable,clean_fullscreen,raw,ads2\assets\2_communication,960,540,1,content:asset_4b74d5405d484b1e,test
ads_det_000077,vision_platform\ads\datasets\detector\action_candidate_20260719\images\ads_det_000077.png,D:\Projects\adb_vl\ads2\assets\2_communication\manual_rescue_20260613_152650_original.png,ads2\assets\2_communication\manual_rescue_20260613_152650_original.png,file_d014693b458b08fa,asset_09aaf3abab38f7ff,ads,actionable,clean_fullscreen,raw,ads2\assets\2_communication,960,540,1,content:asset_09aaf3abab38f7ff,test
ads_det_000078,vision_platform\ads\datasets\detector\action_candidate_20260719\images\ads_det_000078.png,D:\Projects\adb_vl\ads2\assets\2_communication\manual_rescue_20260613_152827_edit.png,ads2\assets\2_communication\manual_rescue_20260613_152827_edit.png,file_b650e197c95d1bd6,asset_8281ebec570c03d6,ads,actionable,clean_fullscreen,raw,ads2\assets\2_communication,960,540,1,content:asset_8281ebec570c03d6,train
ads_det_000079,vision_platform\ads\datasets\detector\action_candidate_20260719\images\ads_det_000079.png,D:\Projects\adb_vl\ads2\assets\2_communication\manual_rescue_20260613_152827_original.png,ads2\assets\2_communication\manual_rescue_20260613_152827_original.png,file_80a71757ba9b2849,asset_09e2530be65c8860,ads,actionable,clean_fullscreen,raw,ads2\assets\2_communication,960,540,1,content:asset_09e2530be65c8860,test
ads_det_000080,vision_platform\ads\datasets\detector\action_candidate_20260719\images\ads_det_000080.png,D:\Projects\adb_vl\ads2\assets\2_communication\manual_rescue_20260613_153604_edit.png,ads2\assets\2_communication\manual_rescue_20260613_153604_edit.png,file_ea31e3232404f803,asset_739e43c6fb3d6ba0,ads,actionable,clean_fullscreen,raw,ads2\assets\2_communication,960,540,1,content:asset_739e43c6fb3d6ba0,train
ads_det_000081,vision_platform\ads\datasets\detector\action_candidate_20260719\images\ads_det_000081.png,D:\Projects\adb_vl\ads2\assets\2_communication\manual_rescue_20260613_153604_original.png,ads2\assets\2_communication\manual_rescue_20260613_153604_original.png,file_30e20ba407f2e735,asset_be918d46cdab9963,ads,actionable,clean_fullscreen,raw,ads2\assets\2_communication,960,540,1,content:asset_be918d46cdab9963,test
ads_det_000082,vision_platform\ads\datasets\detector\action_candidate_20260719\images\ads_det_000082.png,D:\Projects\adb_vl\ads2\assets\2_communication\manual_rescue_20260613_154118_edit.png,ads2\assets\2_communication\manual_rescue_20260613_154118_edit.png,file_abeea71426d40417,asset_d62f49a9b89208ee,ads,actionable,clean_fullscreen,raw,ads2\assets\2_communication,960,540,1,content:asset_d62f49a9b89208ee,train
ads_det_000083,vision_platform\ads\datasets\detector\action_candidate_20260719\images\ads_det_000083.png,D:\Projects\adb_vl\ads2\assets\2_communication\manual_rescue_20260613_154118_original.png,ads2\assets\2_communication\manual_rescue_20260613_154118_original.png,file_f01910615219089c,asset_b2e458fd374211e9,ads,actionable,clean_fullscreen,raw,ads2\assets\2_communication,960,540,1,content:asset_b2e458fd374211e9,train
ads_det_000084,vision_platform\ads\datasets\detector\action_candidate_20260719\images\ads_det_000084.png,D:\Projects\adb_vl\ads2\assets\2_communication\manual_rescue_20260613_154446_edit.png,ads2\assets\2_communication\manual_rescue_20260613_154446_edit.png,file_9c10f8a137d8aed8,asset_0190bde10e56f383,ads,returned_to_game,clean_fullscreen,raw,ads2\assets\2_communication,960,540,0,content:asset_0190bde10e56f383,train
ads_det_000085,vision_platform\ads\datasets\detector\action_candidate_20260719\images\ads_det_000085.png,D:\Projects\adb_vl\ads2\assets\2_communication\manual_rescue_20260613_154446_original.png,ads2\assets\2_communication\manual_rescue_20260613_154446_original.png,file_08f31ef5f45c8869,asset_81a43cda46687ae4,shared,returned_to_game,clean_fullscreen,raw,ads2\assets\2_communication,960,540,0,content:asset_81a43cda46687ae4,train
ads_det_000086,vision_platform\ads\datasets\detector\action_candidate_20260719\images\ads_det_000086.png,D:\Projects\adb_vl\ads2\assets\2_communication\manual_rescue_20260614_150919_edit.png,ads2\assets\2_communication\manual_rescue_20260614_150919_edit.png,file_8b220e19790c2298,asset_4cc22374792bd870,ads,actionable,clean_fullscreen,raw,ads2\assets\2_communication,960,540,1,content:asset_4cc22374792bd870,val
ads_det_000087,vision_platform\ads\datasets\detector\action_candidate_20260719\images\ads_det_000087.png,D:\Projects\adb_vl\ads2\assets\2_communication\manual_rescue_20260614_150919_original.png,ads2\assets\2_communication\manual_rescue_20260614_150919_original.png,file_36d2228858cb0cce,asset_adbff24fa4cef34d,ads,actionable,clean_fullscreen,raw,ads2\assets\2_communication,960,540,1,content:asset_adbff24fa4cef34d,train
ads_det_000088,vision_platform\ads\datasets\detector\action_candidate_20260719\images\ads_det_000088.png,D:\Projects\adb_vl\ads2\assets\2_communication\manual_rescue_20260614_154628_edit.png,ads2\assets\2_communication\manual_rescue_20260614_154628_edit.png,file_baa10eb3332e4afb,asset_cfb73a43f7747856,shared,returned_to_game,clean_fullscreen,raw,ads2\assets\2_communication,960,540,0,content:asset_cfb73a43f7747856,train
ads_det_000089,vision_platform\ads\datasets\detector\action_candidate_20260719\images\ads_det_000089.png,D:\Projects\adb_vl\ads2\assets\2_communication\manual_rescue_20260614_154628_original.png,ads2\assets\2_communication\manual_rescue_20260614_154628_original.png,file_e026a1a663a443f2,asset_a7c462e73c48b2db,shared,returned_to_game,clean_fullscreen,raw,ads2\assets\2_communication,960,540,0,content:asset_a7c462e73c48b2db,train
ads_det_000090,vision_platform\ads\datasets\detector\action_candidate_20260719\images\ads_det_000090.png,D:\Projects\adb_vl\ads2\assets\2_communication\manual_rescue_20260614_154725_edit.png,ads2\assets\2_communication\manual_rescue_20260614_154725_edit.png,file_c6ea024ec9c9a6e7,asset_f30c1972a421929c,shared,returned_to_game,clean_fullscreen,raw,ads2\assets\2_communication,960,540,0,content:asset_f30c1972a421929c,train
ads_det_000091,vision_platform\ads\datasets\detector\action_candidate_20260719\images\ads_det_000091.png,D:\Projects\adb_vl\ads2\assets\2_communication\manual_rescue_20260614_154725_original.png,ads2\assets\2_communication\manual_rescue_20260614_154725_original.png,file_59b9a395d9169272,asset_b899ed47480cae25,shared,returned_to_game,clean_fullscreen,raw,ads2\assets\2_communication,960,540,0,content:asset_b899ed47480cae25,train
ads_det_000092,vision_platform\ads\datasets\detector\action_candidate_20260719\images\ads_det_000092.png,D:\Projects\adb_vl\ads2\assets\2_communication\manual_rescue_20260614_155157_edit.png,ads2\assets\2_communication\manual_rescue_20260614_155157_edit.png,file_164a2c3f6130317e,asset_60d328a08c9a6aaf,ads,actionable,clean_fullscreen,raw,ads2\assets\2_communication,960,540,1,content:asset_60d328a08c9a6aaf,val
ads_det_000093,vision_platform\ads\datasets\detector\action_candidate_20260719\images\ads_det_000093.png,D:\Projects\adb_vl\ads2\assets\2_communication\manual_rescue_20260614_155157_original.png,ads2\assets\2_communication\manual_rescue_20260614_155157_original.png,file_51e4398b2c2b97f4,asset_a147534feac4f9fe,ads,actionable,clean_fullscreen,raw,ads2\assets\2_communication,960,540,1,content:asset_a147534feac4f9fe,test
ads_det_000094,vision_platform\ads\datasets\detector\action_candidate_20260719\images\ads_det_000094.png,D:\Projects\adb_vl\ads2\assets\2_communication\manual_rescue_20260614_171018_edit.png,ads2\assets\2_communication\manual_rescue_20260614_171018_edit.png,file_3d2ab4aa54adc6e4,asset_4713ff755f8c3b61,shared,returned_to_game,clean_fullscreen,raw,ads2\assets\2_communication,960,540,0,content:asset_4713ff755f8c3b61,val
ads_det_000095,vision_platform\ads\datasets\detector\action_candidate_20260719\images\ads_det_000095.png,D:\Projects\adb_vl\ads2\assets\2_communication\manual_rescue_20260614_171018_original.png,ads2\assets\2_communication\manual_rescue_20260614_171018_original.png,file_99dc42191712bd41,asset_90c3e37ee7950814,shared,returned_to_game,clean_fullscreen,raw,ads2\assets\2_communication,960,540,0,content:asset_90c3e37ee7950814,train
ads_det_000096,vision_platform\ads\datasets\detector\action_candidate_20260719\images\ads_det_000096.png,D:\Projects\adb_vl\ads2\assets\2_communication\manual_rescue_20260615_082502_edit.png,ads2\assets\2_communication\manual_rescue_20260615_082502_edit.png,file_e78cdbed66e90571,asset_0772e77ac58154c7,ads,actionable,clean_fullscreen,raw,ads2\assets\2_communication,960,540,1,content:asset_0772e77ac58154c7,train
ads_det_000097,vision_platform\ads\datasets\detector\action_candidate_20260719\images\ads_det_000097.png,D:\Projects\adb_vl\ads2\assets\2_communication\manual_rescue_20260615_082502_original.png,ads2\assets\2_communication\manual_rescue_20260615_082502_original.png,file_608055de17005875,asset_0b038a10b6c750bf,ads,actionable,clean_fullscreen,raw,ads2\assets\2_communication,960,540,1,content:asset_0b038a10b6c750bf,train
ads_det_000098,vision_platform\ads\datasets\detector\action_candidate_20260719\images\ads_det_000098.png,D:\Projects\adb_vl\ads2\assets\2_communication\manual_rescue_20260615_091642_edit.png,ads2\assets\2_communication\manual_rescue_20260615_091642_edit.png,file_f91606eaefa1f62b,asset_909dae570f3d632d,ads,waiting,clean_fullscreen,raw,ads2\assets\2_communication,960,540,0,content:asset_909dae570f3d632d,val
ads_det_000099,vision_platform\ads\datasets\detector\action_candidate_20260719\images\ads_det_000099.png,D:\Projects\adb_vl\ads2\assets\2_communication\manual_rescue_20260615_092016_edit.png,ads2\assets\2_communication\manual_rescue_20260615_092016_edit.png,file_b4cc8087ce8645f3,asset_ddfa8de62f35ae38,ads,waiting,clean_fullscreen,raw,ads2\assets\2_communication,960,540,0,content:asset_ddfa8de62f35ae38,test
ads_det_000100,vision_platform\ads\datasets\detector\action_candidate_20260719\images\ads_det_000100.png,D:\Projects\adb_vl\ads2\assets\2_communication\manual_rescue_20260615_092805_edit.png,ads2\assets\2_communication\manual_rescue_20260615_092805_edit.png,file_a9031c67e781d454,asset_874adabac201e985,ads,actionable,clean_fullscreen,raw,ads2\assets\2_communication,960,540,1,content:asset_874adabac201e985,train
ads_det_000101,vision_platform\ads\datasets\detector\action_candidate_20260719\images\ads_det_000101.png,D:\Projects\adb_vl\ads2\assets\2_communication\manual_rescue_20260615_092805_original.png,ads2\assets\2_communication\manual_rescue_20260615_092805_original.png,file_da6ebf372514609a,asset_6233b442a775a94e,ads,actionable,clean_fullscreen,raw,ads2\assets\2_communication,960,540,1,content:asset_6233b442a775a94e,train
ads_det_000102,vision_platform\ads\datasets\detector\action_candidate_20260719\images\ads_det_000102.png,D:\Projects\adb_vl\ads2\assets\2_communication\manual_rescue_20260615_093211_edit.png,ads2\assets\2_communication\manual_rescue_20260615_093211_edit.png,file_eac8bdd9b1afbef9,asset_8b506144921e692e,shared,actionable,clean_fullscreen,raw,ads2\assets\2_communication,960,540,1,content:asset_8b506144921e692e,train
ads_det_000103,vision_platform\ads\datasets\detector\action_candidate_20260719\images\ads_det_000103.png,D:\Projects\adb_vl\ads2\assets\2_communication\manual_rescue_20260617_104135_edit.png,ads2\assets\2_communication\manual_rescue_20260617_104135_edit.png,file_930b0e954fd4d20f,asset_a1127cd78d9fdfe0,ads,actionable,clean_fullscreen,raw,ads2\assets\2_communication,960,540,1,content:asset_a1127cd78d9fdfe0,train
ads_det_000104,vision_platform\ads\datasets\detector\action_candidate_20260719\images\ads_det_000104.png,D:\Projects\adb_vl\ads2\assets\2_communication\manual_rescue_20260617_104135_original.png,ads2\assets\2_communication\manual_rescue_20260617_104135_original.png,file_ebae3e2cd1e60c0f,asset_e01f9b6db83bc730,ads,actionable,clean_fullscreen,raw,ads2\assets\2_communication,960,540,1,content:asset_e01f9b6db83bc730,train
ads_det_000105,vision_platform\ads\datasets\detector\action_candidate_20260719\images\ads_det_000105.png,D:\Projects\adb_vl\ads2\assets\2_communication\manual_rescue_20260620_003239_edit.png,ads2\assets\2_communication\manual_rescue_20260620_003239_edit.png,file_55a6215209c9beb8,asset_4416deead2106b41,shared,returned_to_game,clean_fullscreen,raw,ads2\assets\2_communication,960,540,0,content:asset_4416deead2106b41,val
ads_det_000106,vision_platform\ads\datasets\detector\action_candidate_20260719\images\ads_det_000106.png,D:\Projects\adb_vl\ads2\assets\2_communication\manual_rescue_20260620_003239_original.png,ads2\assets\2_communication\manual_rescue_20260620_003239_original.png,file_a961bf242219e970,asset_8442ab79c8c3d4f4,shared,returned_to_game,clean_fullscreen,raw,ads2\assets\2_communication,960,540,0,content:asset_8442ab79c8c3d4f4,train
ads_det_000107,vision_platform\ads\datasets\detector\action_candidate_20260719\images\ads_det_000107.png,D:\Projects\adb_vl\ads2\assets\2_communication\manual_rescue_20260624_122449_edit.png,ads2\assets\2_communication\manual_rescue_20260624_122449_edit.png,file_3476742336d99f85,asset_8cb870edb6b0eae0,ads,actionable,clean_fullscreen,raw,ads2\assets\2_communication,960,540,1,content:asset_8cb870edb6b0eae0,train
ads_det_000108,vision_platform\ads\datasets\detector\action_candidate_20260719\images\ads_det_000108.png,D:\Projects\adb_vl\ads2\assets\2_communication\manual_rescue_20260624_122449_original.png,ads2\assets\2_communication\manual_rescue_20260624_122449_original.png,file_b1346d2ef973ee63,asset_7f562fa0234169c2,ads,actionable,clean_fullscreen,raw,ads2\assets\2_communication,960,540,1,content:asset_7f562fa0234169c2,train
ads_det_000109,vision_platform\ads\datasets\detector\action_candidate_20260719\images\ads_det_000109.png,D:\Projects\adb_vl\ads2\assets\2_communication\manual_rescue_20260624_124749_edit.png,ads2\assets\2_communication\manual_rescue_20260624_124749_edit.png,file_571724a6f98e4c59,asset_d5764c150aa3271a,ads,actionable,clean_fullscreen,raw,ads2\assets\2_communication,960,540,1,content:asset_d5764c150aa3271a,train
ads_det_000110,vision_platform\ads\datasets\detector\action_candidate_20260719\images\ads_det_000110.png,D:\Projects\adb_vl\ads2\assets\2_communication\manual_rescue_20260624_124749_original.png,ads2\assets\2_communication\manual_rescue_20260624_124749_original.png,file_5c48d6bc2314a63a,asset_7c5afa1685004ea5,ads,actionable,clean_fullscreen,raw,ads2\assets\2_communication,960,540,1,content:asset_7c5afa1685004ea5,train
ads_det_000111,vision_platform\ads\datasets\detector\action_candidate_20260719\images\ads_det_000111.png,D:\Projects\adb_vl\ads2\assets\2_communication\manual_rescue_20260624_135856_edit.png,ads2\assets\2_communication\manual_rescue_20260624_135856_edit.png,file_3f3709245f8648f5,asset_2e9c0f72f8a906ff,ads,actionable,clean_fullscreen,raw,ads2\assets\2_communication,960,540,1,content:asset_2e9c0f72f8a906ff,val
ads_det_000112,vision_platform\ads\datasets\detector\action_candidate_20260719\images\ads_det_000112.png,D:\Projects\adb_vl\ads2\assets\2_communication\manual_rescue_20260624_135856_original.png,ads2\assets\2_communication\manual_rescue_20260624_135856_original.png,file_75de454102768585,asset_90e3e8ec409fe85c,ads,actionable,clean_fullscreen,raw,ads2\assets\2_communication,960,540,1,content:asset_90e3e8ec409fe85c,train
ads_det_000113,vision_platform\ads\datasets\detector\action_candidate_20260719\images\ads_det_000113.png,D:\Projects\adb_vl\ads2\assets\2_communication\manual_rescue_20260624_142808_edit.png,ads2\assets\2_communication\manual_rescue_20260624_142808_edit.png,file_ef3b2df37ce1aa22,asset_e94d9ae406475a02,shared,returned_to_game,clean_fullscreen,raw,ads2\assets\2_communication,960,540,0,content:asset_e94d9ae406475a02,train
ads_det_000114,vision_platform\ads\datasets\detector\action_candidate_20260719\images\ads_det_000114.png,D:\Projects\adb_vl\ads2\assets\2_communication\manual_rescue_20260625_144927_edit.png,ads2\assets\2_communication\manual_rescue_20260625_144927_edit.png,file_0ff60244c2316f2f,asset_45b271ddcf104c5f,ads,actionable,clean_fullscreen,raw,ads2\assets\2_communication,960,540,1,content:asset_45b271ddcf104c5f,train
ads_det_000115,vision_platform\ads\datasets\detector\action_candidate_20260719\images\ads_det_000115.png,D:\Projects\adb_vl\ads2\assets\2_communication\manual_rescue_20260625_144927_original.png,ads2\assets\2_communication\manual_rescue_20260625_144927_original.png,file_985be4a18038c3c7,asset_e616283f4b7706bd,ads,actionable,clean_fullscreen,raw,ads2\assets\2_communication,960,540,1,content:asset_e616283f4b7706bd,val
ads_det_000116,vision_platform\ads\datasets\detector\action_candidate_20260719\images\ads_det_000116.png,D:\Projects\adb_vl\ads2\assets\2_communication\manual_rescue_20260625_144957_edit.png,ads2\assets\2_communication\manual_rescue_20260625_144957_edit.png,file_1e4f4b18bcc07ea6,asset_c81ab2155760df3c,ads,actionable,clean_fullscreen,raw,ads2\assets\2_communication,960,540,1,content:asset_c81ab2155760df3c,train
ads_det_000117,vision_platform\ads\datasets\detector\action_candidate_20260719\images\ads_det_000117.png,D:\Projects\adb_vl\ads2\assets\2_communication\manual_rescue_20260625_144957_original.png,ads2\assets\2_communication\manual_rescue_20260625_144957_original.png,file_fa29544185312375,asset_595638b8d7a34d3f,ads,actionable,clean_fullscreen,raw,ads2\assets\2_communication,960,540,1,content:asset_595638b8d7a34d3f,train
ads_det_000118,vision_platform\ads\datasets\detector\action_candidate_20260719\images\ads_det_000118.png,D:\Projects\adb_vl\ads2\assets\2_communication\manual_rescue_20260628_092450_edit.png,ads2\assets\2_communication\manual_rescue_20260628_092450_edit.png,file_9a362e65ff44e284,asset_c821d71772c59117,shared,actionable,clean_fullscreen,raw,ads2\assets\2_communication,960,540,3,content:asset_c821d71772c59117,train
ads_det_000119,vision_platform\ads\datasets\detector\action_candidate_20260719\images\ads_det_000119.png,D:\Projects\adb_vl\ads2\assets\2_communication\manual_rescue_20260629_105851_edit.png,ads2\assets\2_communication\manual_rescue_20260629_105851_edit.png,file_98d4aefb10ff3479,asset_ba6fe53170910093,ads,actionable,clean_fullscreen,raw,ads2\assets\2_communication,960,540,1,content:asset_ba6fe53170910093,train
ads_det_000120,vision_platform\ads\datasets\detector\action_candidate_20260719\images\ads_det_000120.png,D:\Projects\adb_vl\ads2\assets\2_communication\manual_rescue_20260629_105851_original.png,ads2\assets\2_communication\manual_rescue_20260629_105851_original.png,file_af833fb7e45331af,asset_8bcaa30d76665775,ads,actionable,clean_fullscreen,raw,ads2\assets\2_communication,960,540,1,content:asset_8bcaa30d76665775,train
ads_det_000121,vision_platform\ads\datasets\detector\action_candidate_20260719\images\ads_det_000121.png,D:\Projects\adb_vl\ads2\assets\2_communication\manual_rescue_20260630_190348_edit.png,ads2\assets\2_communication\manual_rescue_20260630_190348_edit.png,file_4a0b887cc1021121,asset_451d0b46a3a8854c,ads,actionable,clean_fullscreen,raw,ads2\assets\2_communication,960,540,1,content:asset_451d0b46a3a8854c,test
ads_det_000122,vision_platform\ads\datasets\detector\action_candidate_20260719\images\ads_det_000122.png,D:\Projects\adb_vl\ads2\assets\2_communication\manual_rescue_20260630_190348_original.png,ads2\assets\2_communication\manual_rescue_20260630_190348_original.png,file_a4972c7044ed599f,asset_154a6887d8c4149d,ads,actionable,clean_fullscreen,raw,ads2\assets\2_communication,960,540,1,content:asset_154a6887d8c4149d,test
ads_det_000123,vision_platform\ads\datasets\detector\action_candidate_20260719\images\ads_det_000123.png,D:\Projects\adb_vl\ads2\assets\2_communication\manual_rescue_20260630_191141_edit.png,ads2\assets\2_communication\manual_rescue_20260630_191141_edit.png,file_2fc81e6cdcc8ee30,asset_6fc526d611d731cd,ads,waiting,clean_fullscreen,raw,ads2\assets\2_communication,960,540,0,content:asset_6fc526d611d731cd,train
ads_det_000124,vision_platform\ads\datasets\detector\action_candidate_20260719\images\ads_det_000124.png,D:\Projects\adb_vl\ads2\assets\2_communication\manual_rescue_20260703_113909_edit.png,ads2\assets\2_communication\manual_rescue_20260703_113909_edit.png,file_22ca921e76653352,asset_a3346f5bfa58e3d4,ads,actionable,clean_fullscreen,raw,ads2\assets\2_communication,960,540,1,content:asset_a3346f5bfa58e3d4,train
ads_det_000125,vision_platform\ads\datasets\detector\action_candidate_20260719\images\ads_det_000125.png,D:\Projects\adb_vl\ads2\assets\2_communication\manual_rescue_20260703_113909_original.png,ads2\assets\2_communication\manual_rescue_20260703_113909_original.png,file_7d456315cf4c9b23,asset_b5eba0c407852304,ads,actionable,clean_fullscreen,raw,ads2\assets\2_communication,960,540,1,content:asset_b5eba0c407852304,train
ads_det_000126,vision_platform\ads\datasets\detector\action_candidate_20260719\images\ads_det_000126.png,D:\Projects\adb_vl\ads2\assets\2_communication\manual_rescue_20260705_104432_edit.png,ads2\assets\2_communication\manual_rescue_20260705_104432_edit.png,file_57a8534623367f8d,asset_29c8125cc98990ef,ads,actionable,clean_fullscreen,raw,ads2\assets\2_communication,960,540,1,content:asset_29c8125cc98990ef,val
ads_det_000127,vision_platform\ads\datasets\detector\action_candidate_20260719\images\ads_det_000127.png,D:\Projects\adb_vl\ads2\assets\2_communication\manual_rescue_20260705_104516_edit.png,ads2\assets\2_communication\manual_rescue_20260705_104516_edit.png,file_ceaad6b701f5d5a4,asset_75d5fd01adf360e6,shared,actionable,clean_fullscreen,raw,ads2\assets\2_communication,960,540,1,content:asset_75d5fd01adf360e6,train
ads_det_000128,vision_platform\ads\datasets\detector\action_candidate_20260719\images\ads_det_000128.png,D:\Projects\adb_vl\ads2\assets\2_communication\manual_rescue_20260708_161712_edit.png,ads2\assets\2_communication\manual_rescue_20260708_161712_edit.png,file_bcec00f9c51b465c,asset_fe96e218d8ab27e9,ads,actionable,clean_fullscreen,raw,ads2\assets\2_communication,960,540,1,content:asset_fe96e218d8ab27e9,val
ads_det_000129,vision_platform\ads\datasets\detector\action_candidate_20260719\images\ads_det_000129.png,D:\Projects\adb_vl\ads2\assets\2_communication\manual_rescue_20260708_161712_original.png,ads2\assets\2_communication\manual_rescue_20260708_161712_original.png,file_871a1eaf8b898e17,asset_dffe72d06cbfb9bc,ads,actionable,clean_fullscreen,raw,ads2\assets\2_communication,960,540,1,content:asset_dffe72d06cbfb9bc,val
ads_det_000130,vision_platform\ads\datasets\detector\action_candidate_20260719\images\ads_det_000130.png,D:\Projects\adb_vl\ads2\assets\2_communication\manual_rescue_20260710_103030_edit.png,ads2\assets\2_communication\manual_rescue_20260710_103030_edit.png,file_da979b95fcda45f1,asset_f2896d510a9cadab,ads,waiting,clean_fullscreen,raw,ads2\assets\2_communication,960,540,0,content:asset_f2896d510a9cadab,train
ads_det_000131,vision_platform\ads\datasets\detector\action_candidate_20260719\images\ads_det_000131.png,D:\Projects\adb_vl\ads2\assets\2_communication\manual_rescue_20260711_083559_edit.png,ads2\assets\2_communication\manual_rescue_20260711_083559_edit.png,file_8696a161a6854f90,asset_85f122e867a85630,ads,actionable,clean_fullscreen,raw,ads2\assets\2_communication,960,540,1,content:asset_85f122e867a85630,test
ads_det_000132,vision_platform\ads\datasets\detector\action_candidate_20260719\images\ads_det_000132.png,D:\Projects\adb_vl\ads2\assets\2_communication\manual_rescue_20260711_140522_edit.png,ads2\assets\2_communication\manual_rescue_20260711_140522_edit.png,file_d46b197168fee412,asset_411bd82c019bb4de,shared,actionable,clean_fullscreen,raw,ads2\assets\2_communication,960,540,1,content:asset_411bd82c019bb4de,val
ads_det_000133,vision_platform\ads\datasets\detector\action_candidate_20260719\images\ads_det_000133.png,D:\Projects\adb_vl\ads2\assets\2_communication\manual_rescue_20260711_140522_original.png,ads2\assets\2_communication\manual_rescue_20260711_140522_original.png,file_5204cddb94e64d8e,asset_8089d3ec2f3418e0,shared,actionable,clean_fullscreen,raw,ads2\assets\2_communication,960,540,1,content:asset_8089d3ec2f3418e0,val
ads_det_000134,vision_platform\ads\datasets\detector\action_candidate_20260719\images\ads_det_000134.png,D:\Projects\adb_vl\ads2\assets\2_communication\manual_rescue_20260711_140632_edit.png,ads2\assets\2_communication\manual_rescue_20260711_140632_edit.png,file_04613673a2a00b41,asset_8ca75c26bac1b84b,shared,actionable,clean_fullscreen,raw,ads2\assets\2_communication,960,540,1,content:asset_8ca75c26bac1b84b,train
ads_det_000135,vision_platform\ads\datasets\detector\action_candidate_20260719\images\ads_det_000135.png,D:\Projects\adb_vl\ads2\assets\2_communication\manual_rescue_20260711_140632_original.png,ads2\assets\2_communication\manual_rescue_20260711_140632_original.png,file_396e311ee8626082,asset_191230a348180ff4,shared,actionable,clean_fullscreen,raw,ads2\assets\2_communication,960,540,1,content:asset_191230a348180ff4,test
ads_det_000136,vision_platform\ads\datasets\detector\action_candidate_20260719\images\ads_det_000136.png,D:\Projects\adb_vl\ads2\assets\2_communication\manual_rescue_20260712_091320_edit.png,ads2\assets\2_communication\manual_rescue_20260712_091320_edit.png,file_49bc9301264dc5e6,asset_6cdf6ededf658177,shared,actionable,clean_fullscreen,raw,ads2\assets\2_communication,960,540,1,content:asset_6cdf6ededf658177,train
ads_det_000137,vision_platform\ads\datasets\detector\action_candidate_20260719\images\ads_det_000137.png,D:\Projects\adb_vl\ads2\assets\3_reference_screens\ad_close_20260605_071601.png,ads2\assets\3_reference_screens\ad_close_20260605_071601.png,file_64d49b0439134d8f,asset_65fa0038dcac2a45,ads,actionable,clean_fullscreen,raw,ads2\assets\3_reference_screens,960,540,1,content:asset_65fa0038dcac2a45,test
ads_det_000138,vision_platform\ads\datasets\detector\action_candidate_20260719\images\ads_det_000138.png,D:\Projects\adb_vl\ads2\assets\3_reference_screens\ad_issue_20260606_043419.png,ads2\assets\3_reference_screens\ad_issue_20260606_043419.png,file_b13dca0c57485599,asset_85c958d4396513c0,ads,actionable,clean_fullscreen,raw,ads2\assets\3_reference_screens,960,540,1,content:asset_85c958d4396513c0,val
ads_det_000139,vision_platform\ads\datasets\detector\action_candidate_20260719\images\ads_det_000139.png,D:\Projects\adb_vl\ads2\assets\3_reference_screens\ad_issue_20260606_043707.png,ads2\assets\3_reference_screens\ad_issue_20260606_043707.png,file_699fcbfcfde8ea45,asset_3cb349642d8b0030,ads,actionable,clean_fullscreen,raw,ads2\assets\3_reference_screens,960,540,1,content:asset_3cb349642d8b0030,val
ads_det_000140,vision_platform\ads\datasets\detector\action_candidate_20260719\images\ads_det_000140.png,D:\Projects\adb_vl\ads2\assets\3_reference_screens\ad_issue_20260606_044156.png,ads2\assets\3_reference_screens\ad_issue_20260606_044156.png,file_00512e8371693dcd,asset_6c4e9a403f6ca6a4,ads,actionable,clean_fullscreen,raw,ads2\assets\3_reference_screens,960,540,1,content:asset_6c4e9a403f6ca6a4,train
ads_det_000141,vision_platform\ads\datasets\detector\action_candidate_20260719\images\ads_det_000141.png,D:\Projects\adb_vl\ads2\assets\3_reference_screens\ad_issue_20260606_045316.png,ads2\assets\3_reference_screens\ad_issue_20260606_045316.png,file_2a37f7231e6a6bf5,asset_3975333343c205ac,ads,actionable,clean_fullscreen,raw,ads2\assets\3_reference_screens,960,540,1,content:asset_3975333343c205ac,train
ads_det_000142,vision_platform\ads\datasets\detector\action_candidate_20260719\images\ads_det_000142.png,D:\Projects\adb_vl\ads2\assets\3_reference_screens\ad_issue_20260606_052002.png,ads2\assets\3_reference_screens\ad_issue_20260606_052002.png,file_f18bc550dcd0d70a,asset_76a00d0efc67ebcb,ads,actionable,clean_fullscreen,raw,ads2\assets\3_reference_screens,960,540,1,content:asset_76a00d0efc67ebcb,val
ads_det_000143,vision_platform\ads\datasets\detector\action_candidate_20260719\images\ads_det_000143.png,D:\Projects\adb_vl\ads2\assets\3_reference_screens\ad_issue_20260606_052302.png,ads2\assets\3_reference_screens\ad_issue_20260606_052302.png,file_91fa657ccf5a9a56,asset_f507b80628bdf057,ads,actionable,clean_fullscreen,raw,ads2\assets\3_reference_screens,960,540,1,content:asset_f507b80628bdf057,test
ads_det_000144,vision_platform\ads\datasets\detector\action_candidate_20260719\images\ads_det_000144.png,D:\Projects\adb_vl\ads2\assets\3_reference_screens\ad_issue_20260606_081633.png,ads2\assets\3_reference_screens\ad_issue_20260606_081633.png,file_d607dd2f6dff78e1,asset_47acfc5551fde842,shared,actionable,clean_fullscreen,raw,ads2\assets\3_reference_screens,960,540,1,content:asset_47acfc5551fde842,train
ads_det_000145,vision_platform\ads\datasets\detector\action_candidate_20260719\images\ads_det_000145.png,D:\Projects\adb_vl\ads2\assets\3_reference_screens\ad_issue_20260606_083314.png,ads2\assets\3_reference_screens\ad_issue_20260606_083314.png,file_20310899d33cdbc9,asset_30d7092e08e623bc,shared,actionable,clean_fullscreen,raw,ads2\assets\3_reference_screens,960,540,1,content:asset_30d7092e08e623bc,train
ads_det_000146,vision_platform\ads\datasets\detector\action_candidate_20260719\images\ads_det_000146.png,D:\Projects\adb_vl\ads2\assets\3_reference_screens\check_back_20260605_075109.png,ads2\assets\3_reference_screens\check_back_20260605_075109.png,file_6bec458b59aed4c0,asset_b6014544ab445589,shared,actionable,clean_fullscreen,raw,ads2\assets\3_reference_screens,960,540,2,content:asset_b6014544ab445589,test
ads_det_000147,vision_platform\ads\datasets\detector\action_candidate_20260719\images\ads_det_000147.png,D:\Projects\adb_vl\ads2\assets\3_reference_screens\debug_end_20260605_081007.png,ads2\assets\3_reference_screens\debug_end_20260605_081007.png,file_1eb21421ca9b9649,asset_2867e99380860ce4,shared,actionable,clean_fullscreen,raw,ads2\assets\3_reference_screens,960,540,1,content:asset_2867e99380860ce4,train
ads_det_000148,vision_platform\ads\datasets\detector\action_candidate_20260719\images\ads_det_000148.png,D:\Projects\adb_vl\ads2\assets\3_reference_screens\IMG_1799.PNG,ads2\assets\3_reference_screens\IMG_1799.PNG,file_d9135d08548fb694,asset_d3bc43a0f9246323,ads,actionable,clean_fullscreen,raw,ads2\assets\3_reference_screens,2266,1488,1,content:asset_d3bc43a0f9246323,val
ads_det_000149,vision_platform\ads\datasets\detector\action_candidate_20260719\images\ads_det_000149.png,D:\Projects\adb_vl\ads2\assets\3_reference_screens\IMG_1800.PNG,ads2\assets\3_reference_screens\IMG_1800.PNG,file_33bed67dff2f586f,asset_316d342ae711a0b1,ads,actionable,clean_fullscreen,raw,ads2\assets\3_reference_screens,2266,1488,1,content:asset_316d342ae711a0b1,train
ads_det_000150,vision_platform\ads\datasets\detector\action_candidate_20260719\images\ads_det_000150.png,D:\Projects\adb_vl\ads2\assets\3_reference_screens\IMG_1801.PNG,ads2\assets\3_reference_screens\IMG_1801.PNG,file_d7480ce048ad1fd0,asset_b05ffad0e7888d8a,ads,actionable,clean_fullscreen,raw,ads2\assets\3_reference_screens,2266,1488,1,content:asset_b05ffad0e7888d8a,train
ads_det_000151,vision_platform\ads\datasets\detector\action_candidate_20260719\images\ads_det_000151.png,D:\Projects\adb_vl\ads2\assets\3_reference_screens\IMG_1802.PNG,ads2\assets\3_reference_screens\IMG_1802.PNG,file_d2f2c3c9d31bbd28,asset_6c2a6cdcae5d8129,ads,actionable,clean_fullscreen,raw,ads2\assets\3_reference_screens,2266,1488,1,content:asset_6c2a6cdcae5d8129,train
ads_det_000152,vision_platform\ads\datasets\detector\action_candidate_20260719\images\ads_det_000152.png,D:\Projects\adb_vl\ads2\assets\3_reference_screens\IMG_1803.PNG,ads2\assets\3_reference_screens\IMG_1803.PNG,file_cc3184659bcf4150,asset_1eca1c1dfbe494c1,ads,actionable,clean_fullscreen,raw,ads2\assets\3_reference_screens,2266,1488,1,content:asset_1eca1c1dfbe494c1,train
ads_det_000153,vision_platform\ads\datasets\detector\action_candidate_20260719\images\ads_det_000153.png,D:\Projects\adb_vl\ads2\assets\3_reference_screens\IMG_1804.PNG,ads2\assets\3_reference_screens\IMG_1804.PNG,file_cd5c16a151b63323,asset_3694f10981683fb0,ads,actionable,clean_fullscreen,raw,ads2\assets\3_reference_screens,2266,1488,1,content:asset_3694f10981683fb0,val
ads_det_000154,vision_platform\ads\datasets\detector\action_candidate_20260719\images\ads_det_000154.png,D:\Projects\adb_vl\ads2\assets\3_reference_screens\IMG_1805.PNG,ads2\assets\3_reference_screens\IMG_1805.PNG,file_ba764025c2b5abbf,asset_9d7bae47fd97200a,ads,actionable,clean_fullscreen,raw,ads2\assets\3_reference_screens,2266,1488,1,content:asset_9d7bae47fd97200a,test
ads_det_000155,vision_platform\ads\datasets\detector\action_candidate_20260719\images\ads_det_000155.png,D:\Projects\adb_vl\ads2\assets\3_reference_screens\test_screen_20260605_071116.png,ads2\assets\3_reference_screens\test_screen_20260605_071116.png,file_62915857d2a83403,asset_13f76287fd75d905,shared,actionable,clean_fullscreen,raw,ads2\assets\3_reference_screens,960,540,2,content:asset_13f76287fd75d905,val
ads_det_000156,vision_platform\ads\datasets\detector\action_candidate_20260719\images\ads_det_000156.png,D:\Projects\adb_vl\vision_platform\ads\runtime_collection\click_success\click_success_20260718_085017_085\pre_click.png,vision_platform\ads\runtime_collection\click_success\click_success_20260718_085017_085\pre_click.png,file_a669b1e30509f098,asset_0da9172d7e75e61e,shared,actionable,clean_fullscreen,raw,vision_platform\ads\runtime_collection,960,540,4,content:asset_0da9172d7e75e61e,val
ads_det_000157,vision_platform\ads\datasets\detector\action_candidate_20260719\images\ads_det_000157.png,D:\Projects\adb_vl\vision_platform\ads\runtime_collection\click_success\click_success_20260718_085034_878\pre_click.png,vision_platform\ads\runtime_collection\click_success\click_success_20260718_085034_878\pre_click.png,file_65c9e5dd20cb3371,asset_d1e9fdf45e469caf,ads,actionable,clean_fullscreen,raw,vision_platform\ads\runtime_collection,960,540,1,content:asset_d1e9fdf45e469caf,train
ads_det_000158,vision_platform\ads\datasets\detector\action_candidate_20260719\images\ads_det_000158.png,D:\Projects\adb_vl\vision_platform\ads\runtime_collection\click_success\click_success_20260718_085039_658\pre_click.png,vision_platform\ads\runtime_collection\click_success\click_success_20260718_085039_658\pre_click.png,file_99efc798e930d2d1,asset_bb2b366ff1d4b2a7,shared,actionable,clean_fullscreen,raw,vision_platform\ads\runtime_collection,960,540,1,content:asset_bb2b366ff1d4b2a7,train
ads_det_000159,vision_platform\ads\datasets\detector\action_candidate_20260719\images\ads_det_000159.png,D:\Projects\adb_vl\vision_platform\ads\runtime_collection\click_success\click_success_20260718_085045_813\pre_click.png,vision_platform\ads\runtime_collection\click_success\click_success_20260718_085045_813\pre_click.png,file_979e903430aea95d,asset_865c30d9c720318e,shared,actionable,clean_fullscreen,raw,vision_platform\ads\runtime_collection,960,540,4,content:asset_865c30d9c720318e,train
ads_det_000160,vision_platform\ads\datasets\detector\action_candidate_20260719\images\ads_det_000160.png,D:\Projects\adb_vl\vision_platform\ads\runtime_collection\click_success\click_success_20260718_085103_455\pre_click.png,vision_platform\ads\runtime_collection\click_success\click_success_20260718_085103_455\pre_click.png,file_2ee23ae8fe9fb845,asset_0df138cceee42d63,ads,actionable,clean_fullscreen,raw,vision_platform\ads\runtime_collection,960,540,1,content:asset_0df138cceee42d63,test
ads_det_000161,vision_platform\ads\datasets\detector\action_candidate_20260719\images\ads_det_000161.png,D:\Projects\adb_vl\vision_platform\ads\runtime_collection\click_success\click_success_20260718_085108_150\pre_click.png,vision_platform\ads\runtime_collection\click_success\click_success_20260718_085108_150\pre_click.png,file_e9f738737fd54164,asset_40dba9d42050a660,shared,actionable,clean_fullscreen,raw,vision_platform\ads\runtime_collection,960,540,1,content:asset_40dba9d42050a660,test
ads_det_000162,vision_platform\ads\datasets\detector\action_candidate_20260719\images\ads_det_000162.png,D:\Projects\adb_vl\vision_platform\ads\runtime_collection\click_success\click_success_20260718_085114_247\pre_click.png,vision_platform\ads\runtime_collection\click_success\click_success_20260718_085114_247\pre_click.png,file_a38c48abbc580962,asset_866a5672b0fbfcde,shared,actionable,clean_fullscreen,raw,vision_platform\ads\runtime_collection,960,540,3,content:asset_866a5672b0fbfcde,train
ads_det_000163,vision_platform\ads\datasets\detector\action_candidate_20260719\images\ads_det_000163.png,D:\Projects\adb_vl\vision_platform\ads\runtime_collection\click_success\click_success_20260718_085131_891\pre_click.png,vision_platform\ads\runtime_collection\click_success\click_success_20260718_085131_891\pre_click.png,file_17701a062d36f771,asset_ec83c2c1ebe46b39,ads,actionable,clean_fullscreen,raw,vision_platform\ads\runtime_collection,960,540,1,content:asset_ec83c2c1ebe46b39,test
ads_det_000164,vision_platform\ads\datasets\detector\action_candidate_20260719\images\ads_det_000164.png,D:\Projects\adb_vl\vision_platform\ads\runtime_collection\click_success\click_success_20260718_085136_565\pre_click.png,vision_platform\ads\runtime_collection\click_success\click_success_20260718_085136_565\pre_click.png,file_2331f03018ffb667,asset_2bb3ab150b2c17f7,shared,actionable,clean_fullscreen,raw,vision_platform\ads\runtime_collection,960,540,1,content:asset_2bb3ab150b2c17f7,train
ads_det_000165,vision_platform\ads\datasets\detector\action_candidate_20260719\images\ads_det_000165.png,D:\Projects\adb_vl\vision_platform\ads\runtime_collection\click_success\click_success_20260718_085142_972\pre_click.png,vision_platform\ads\runtime_collection\click_success\click_success_20260718_085142_972\pre_click.png,file_ce136e80c7a4a03b,asset_bc10d756a9a35133,shared,actionable,clean_fullscreen,raw,vision_platform\ads\runtime_collection,960,540,2,content:asset_bc10d756a9a35133,train
ads_det_000166,vision_platform\ads\datasets\detector\action_candidate_20260719\images\ads_det_000166.png,D:\Projects\adb_vl\vision_platform\ads\runtime_collection\click_success\click_success_20260718_085200_606\pre_click.png,vision_platform\ads\runtime_collection\click_success\click_success_20260718_085200_606\pre_click.png,file_7898ceb77f7b53fe,asset_a4f70e645255b736,ads,actionable,clean_fullscreen,raw,vision_platform\ads\runtime_collection,960,540,1,content:asset_a4f70e645255b736,train
ads_det_000167,vision_platform\ads\datasets\detector\action_candidate_20260719\images\ads_det_000167.png,D:\Projects\adb_vl\vision_platform\ads\runtime_collection\click_success\click_success_20260718_085205_267\pre_click.png,vision_platform\ads\runtime_collection\click_success\click_success_20260718_085205_267\pre_click.png,file_31d3607b1f791aa3,asset_184fc9696695ed9d,shared,actionable,clean_fullscreen,raw,vision_platform\ads\runtime_collection,960,540,1,content:asset_184fc9696695ed9d,train
ads_det_000168,vision_platform\ads\datasets\detector\action_candidate_20260719\images\ads_det_000168.png,D:\Projects\adb_vl\vision_platform\ads\runtime_collection\click_success\click_success_20260718_085211_732\pre_click.png,vision_platform\ads\runtime_collection\click_success\click_success_20260718_085211_732\pre_click.png,file_3bf5dc03ed9523fe,asset_643995342e434bf3,shared,actionable,clean_fullscreen,raw,vision_platform\ads\runtime_collection,960,540,1,content:asset_643995342e434bf3,train
ads_det_000169,vision_platform\ads\datasets\detector\action_candidate_20260719\images\ads_det_000169.png,D:\Projects\adb_vl\vision_platform\ads\runtime_collection\click_success\click_success_20260718_085229_340\pre_click.png,vision_platform\ads\runtime_collection\click_success\click_success_20260718_085229_340\pre_click.png,file_257fe523aaf5236a,asset_0df138cceee42d63,ads,actionable,clean_fullscreen,raw,vision_platform\ads\runtime_collection,960,540,1,content:asset_0df138cceee42d63,test
ads_det_000170,vision_platform\ads\datasets\detector\action_candidate_20260719\images\ads_det_000170.png,D:\Projects\adb_vl\vision_platform\ads\runtime_collection\click_success\click_success_20260718_085234_000\pre_click.png,vision_platform\ads\runtime_collection\click_success\click_success_20260718_085234_000\pre_click.png,file_31c6dff008c6bb23,asset_097a4a7e35bdc8ee,shared,actionable,clean_fullscreen,raw,vision_platform\ads\runtime_collection,960,540,1,content:asset_097a4a7e35bdc8ee,train
ads_det_000171,vision_platform\ads\datasets\detector\action_candidate_20260719\images\ads_det_000171.png,D:\Projects\adb_vl\vision_platform\ads\runtime_collection\click_success\click_success_20260718_085240_431\pre_click.png,vision_platform\ads\runtime_collection\click_success\click_success_20260718_085240_431\pre_click.png,file_2a5e82f1e41448c4,asset_1fa44ff49fff3e1f,shared,actionable,clean_fullscreen,raw,vision_platform\ads\runtime_collection,960,540,1,content:asset_1fa44ff49fff3e1f,train
ads_det_000172,vision_platform\ads\datasets\detector\action_candidate_20260719\images\ads_det_000172.png,D:\Projects\adb_vl\vision_platform\ads\runtime_collection\click_success\click_success_20260718_085258_029\pre_click.png,vision_platform\ads\runtime_collection\click_success\click_success_20260718_085258_029\pre_click.png,file_e3e00140adbfb7e8,asset_a4f70e645255b736,ads,actionable,clean_fullscreen,raw,vision_platform\ads\runtime_collection,960,540,1,content:asset_a4f70e645255b736,train
ads_det_000173,vision_platform\ads\datasets\detector\action_candidate_20260719\images\ads_det_000173.png,D:\Projects\adb_vl\vision_platform\ads\runtime_collection\click_success\click_success_20260718_085302_739\pre_click.png,vision_platform\ads\runtime_collection\click_success\click_success_20260718_085302_739\pre_click.png,file_95ac70506f25773f,asset_014ab628e18c4c01,shared,actionable,clean_fullscreen,raw,vision_platform\ads\runtime_collection,960,540,1,content:asset_014ab628e18c4c01,val
ads_det_000174,vision_platform\ads\datasets\detector\action_candidate_20260719\images\ads_det_000174.png,D:\Projects\adb_vl\vision_platform\ads\runtime_collection\click_success\click_success_20260718_093030_932\pre_click.png,vision_platform\ads\runtime_collection\click_success\click_success_20260718_093030_932\pre_click.png,file_ac4db561d708b23f,asset_097638c34948d535,shared,actionable,clean_fullscreen,raw,vision_platform\ads\runtime_collection,960,540,4,content:asset_097638c34948d535,train
ads_det_000175,vision_platform\ads\datasets\detector\action_candidate_20260719\images\ads_det_000175.png,D:\Projects\adb_vl\vision_platform\ads\runtime_collection\click_success\click_success_20260718_093048_823\pre_click.png,vision_platform\ads\runtime_collection\click_success\click_success_20260718_093048_823\pre_click.png,file_da90c5d798c0ce8d,asset_f5bbb90ad870ee0e,ads,actionable,clean_fullscreen,raw,vision_platform\ads\runtime_collection,960,540,1,content:asset_f5bbb90ad870ee0e,train
ads_det_000176,vision_platform\ads\datasets\detector\action_candidate_20260719\images\ads_det_000176.png,D:\Projects\adb_vl\vision_platform\ads\runtime_collection\click_success\click_success_20260718_093053_539\pre_click.png,vision_platform\ads\runtime_collection\click_success\click_success_20260718_093053_539\pre_click.png,file_08b2ef9c872ccb12,asset_e389f72eb8ee6040,shared,actionable,clean_fullscreen,raw,vision_platform\ads\runtime_collection,960,540,1,content:asset_e389f72eb8ee6040,train
ads_det_000177,vision_platform\ads\datasets\detector\action_candidate_20260719\images\ads_det_000177.png,D:\Projects\adb_vl\vision_platform\ads\runtime_collection\click_success\click_success_20260718_093059_764\pre_click.png,vision_platform\ads\runtime_collection\click_success\click_success_20260718_093059_764\pre_click.png,file_54f8ea80cc90182d,asset_62806bba2098a21d,shared,actionable,clean_fullscreen,raw,vision_platform\ads\runtime_collection,960,540,4,content:asset_62806bba2098a21d,train
ads_det_000178,vision_platform\ads\datasets\detector\action_candidate_20260719\images\ads_det_000178.png,D:\Projects\adb_vl\vision_platform\ads\runtime_collection\click_success\click_success_20260718_093117_690\pre_click.png,vision_platform\ads\runtime_collection\click_success\click_success_20260718_093117_690\pre_click.png,file_521f6b69e6174454,asset_e01fefad9cdb2ffd,ads,actionable,clean_fullscreen,raw,vision_platform\ads\runtime_collection,960,540,1,content:asset_e01fefad9cdb2ffd,train
ads_det_000179,vision_platform\ads\datasets\detector\action_candidate_20260719\images\ads_det_000179.png,D:\Projects\adb_vl\vision_platform\ads\runtime_collection\click_success\click_success_20260718_093122_460\pre_click.png,vision_platform\ads\runtime_collection\click_success\click_success_20260718_093122_460\pre_click.png,file_42c147ccb223f75b,asset_6bd9b14cefddc57a,shared,actionable,clean_fullscreen,raw,vision_platform\ads\runtime_collection,960,540,1,content:asset_6bd9b14cefddc57a,train
ads_det_000180,vision_platform\ads\datasets\detector\action_candidate_20260719\images\ads_det_000180.png,D:\Projects\adb_vl\vision_platform\ads\runtime_collection\click_success\click_success_20260718_093128_588\pre_click.png,vision_platform\ads\runtime_collection\click_success\click_success_20260718_093128_588\pre_click.png,file_b7167ca81f67ded8,asset_3ec4003efc44a2e5,shared,actionable,clean_fullscreen,raw,vision_platform\ads\runtime_collection,960,540,3,content:asset_3ec4003efc44a2e5,train
ads_det_000181,vision_platform\ads\datasets\detector\action_candidate_20260719\images\ads_det_000181.png,D:\Projects\adb_vl\vision_platform\ads\runtime_collection\click_success\click_success_20260718_093146_786\pre_click.png,vision_platform\ads\runtime_collection\click_success\click_success_20260718_093146_786\pre_click.png,file_b2dd403da41cbff9,asset_a4f70e645255b736,ads,actionable,clean_fullscreen,raw,vision_platform\ads\runtime_collection,960,540,1,content:asset_a4f70e645255b736,train
ads_det_000182,vision_platform\ads\datasets\detector\action_candidate_20260719\images\ads_det_000182.png,D:\Projects\adb_vl\vision_platform\ads\runtime_collection\click_success\click_success_20260718_093151_468\pre_click.png,vision_platform\ads\runtime_collection\click_success\click_success_20260718_093151_468\pre_click.png,file_52f4b37a8e32a437,asset_69031b1601035f95,shared,actionable,clean_fullscreen,raw,vision_platform\ads\runtime_collection,960,540,1,content:asset_69031b1601035f95,test
ads_det_000183,vision_platform\ads\datasets\detector\action_candidate_20260719\images\ads_det_000183.png,D:\Projects\adb_vl\vision_platform\ads\runtime_collection\click_success\click_success_20260718_093157_905\pre_click.png,vision_platform\ads\runtime_collection\click_success\click_success_20260718_093157_905\pre_click.png,file_7e8902cd4577e0de,asset_12a14646541be994,shared,actionable,clean_fullscreen,raw,vision_platform\ads\runtime_collection,960,540,2,content:asset_12a14646541be994,train
ads_det_000184,vision_platform\ads\datasets\detector\action_candidate_20260719\images\ads_det_000184.png,D:\Projects\adb_vl\vision_platform\ads\runtime_collection\click_success\click_success_20260718_093215_710\pre_click.png,vision_platform\ads\runtime_collection\click_success\click_success_20260718_093215_710\pre_click.png,file_8240b4625453bcd5,asset_e01fefad9cdb2ffd,ads,actionable,clean_fullscreen,raw,vision_platform\ads\runtime_collection,960,540,1,content:asset_e01fefad9cdb2ffd,train
ads_det_000185,vision_platform\ads\datasets\detector\action_candidate_20260719\images\ads_det_000185.png,D:\Projects\adb_vl\vision_platform\ads\runtime_collection\click_success\click_success_20260718_093220_419\pre_click.png,vision_platform\ads\runtime_collection\click_success\click_success_20260718_093220_419\pre_click.png,file_7bfd435a242da298,asset_dc4b1b7bf5d22ce1,shared,actionable,clean_fullscreen,raw,vision_platform\ads\runtime_collection,960,540,1,content:asset_dc4b1b7bf5d22ce1,test
ads_det_000186,vision_platform\ads\datasets\detector\action_candidate_20260719\images\ads_det_000186.png,D:\Projects\adb_vl\vision_platform\ads\runtime_collection\click_success\click_success_20260718_093227_071\pre_click.png,vision_platform\ads\runtime_collection\click_success\click_success_20260718_093227_071\pre_click.png,file_834076543c2ee80e,asset_7c12bfe480a6f4ea,shared,actionable,clean_fullscreen,raw,vision_platform\ads\runtime_collection,960,540,1,content:asset_7c12bfe480a6f4ea,train
ads_det_000187,vision_platform\ads\datasets\detector\action_candidate_20260719\images\ads_det_000187.png,D:\Projects\adb_vl\vision_platform\ads\runtime_collection\click_success\click_success_20260718_093244_687\pre_click.png,vision_platform\ads\runtime_collection\click_success\click_success_20260718_093244_687\pre_click.png,file_a7b328df0a36c449,asset_0169178cafbbd91c,ads,actionable,clean_fullscreen,raw,vision_platform\ads\runtime_collection,960,540,1,content:asset_0169178cafbbd91c,val
ads_det_000188,vision_platform\ads\datasets\detector\action_candidate_20260719\images\ads_det_000188.png,D:\Projects\adb_vl\vision_platform\ads\runtime_collection\click_success\click_success_20260718_093249_317\pre_click.png,vision_platform\ads\runtime_collection\click_success\click_success_20260718_093249_317\pre_click.png,file_8c1c921e7249c73c,asset_afe0216a1d510d32,shared,actionable,clean_fullscreen,raw,vision_platform\ads\runtime_collection,960,540,1,content:asset_afe0216a1d510d32,train
ads_det_000189,vision_platform\ads\datasets\detector\action_candidate_20260719\images\ads_det_000189.png,D:\Projects\adb_vl\vision_platform\ads\runtime_collection\click_success\click_success_20260718_093255_727\pre_click.png,vision_platform\ads\runtime_collection\click_success\click_success_20260718_093255_727\pre_click.png,file_f6cee44f7ec069b4,asset_d3e2135e12ffec32,shared,actionable,clean_fullscreen,raw,vision_platform\ads\runtime_collection,960,540,1,content:asset_d3e2135e12ffec32,train
ads_det_000190,vision_platform\ads\datasets\detector\action_candidate_20260719\images\ads_det_000190.png,D:\Projects\adb_vl\vision_platform\ads\runtime_collection\click_success\click_success_20260718_093313_370\pre_click.png,vision_platform\ads\runtime_collection\click_success\click_success_20260718_093313_370\pre_click.png,file_c697918680fd5079,asset_e8d240395ba90ae2,ads,actionable,clean_fullscreen,raw,vision_platform\ads\runtime_collection,960,540,1,content:asset_e8d240395ba90ae2,test
ads_det_000191,vision_platform\ads\datasets\detector\action_candidate_20260719\images\ads_det_000191.png,D:\Projects\adb_vl\vision_platform\ads\runtime_collection\click_success\click_success_20260718_093318_020\pre_click.png,vision_platform\ads\runtime_collection\click_success\click_success_20260718_093318_020\pre_click.png,file_24f3497a74974825,asset_ea84c9dcd907ccf2,shared,actionable,clean_fullscreen,raw,vision_platform\ads\runtime_collection,960,540,1,content:asset_ea84c9dcd907ccf2,train
ads_det_000192,vision_platform\ads\datasets\detector\action_candidate_20260719\images\ads_det_000192.png,D:\Projects\adb_vl\vision_platform\ads\runtime_collection\click_success\click_success_20260718_094154_736\pre_click.png,vision_platform\ads\runtime_collection\click_success\click_success_20260718_094154_736\pre_click.png,file_f3e3e568b2bd34ea,asset_d2c814015cac2c78,shared,actionable,clean_fullscreen,raw,vision_platform\ads\runtime_collection,960,540,1,content:asset_d2c814015cac2c78,val
ads_det_000193,vision_platform\ads\datasets\detector\action_candidate_20260719\images\ads_det_000193.png,D:\Projects\adb_vl\vision_platform\ads\runtime_collection\click_success\click_success_20260718_094212_661\pre_click.png,vision_platform\ads\runtime_collection\click_success\click_success_20260718_094212_661\pre_click.png,file_486db7597242f93e,asset_9f183babb0c335e7,ads,actionable,clean_fullscreen,raw,vision_platform\ads\runtime_collection,960,540,1,content:asset_9f183babb0c335e7,train
ads_det_000194,vision_platform\ads\datasets\detector\action_candidate_20260719\images\ads_det_000194.png,D:\Projects\adb_vl\vision_platform\ads\runtime_collection\click_success\click_success_20260718_094217_391\pre_click.png,vision_platform\ads\runtime_collection\click_success\click_success_20260718_094217_391\pre_click.png,file_5f093f01bf0f2aa4,asset_1c8b502573b77743,shared,actionable,clean_fullscreen,raw,vision_platform\ads\runtime_collection,960,540,1,content:asset_1c8b502573b77743,train
ads_det_000195,vision_platform\ads\datasets\detector\action_candidate_20260719\images\ads_det_000195.png,D:\Projects\adb_vl\vision_platform\ads\runtime_collection\click_success\click_success_20260718_094222_830\pre_click.png,vision_platform\ads\runtime_collection\click_success\click_success_20260718_094222_830\pre_click.png,file_da1872a5c9194db2,asset_5cb13174e6daffbf,shared,actionable,clean_fullscreen,raw,vision_platform\ads\runtime_collection,960,540,1,content:asset_5cb13174e6daffbf,val
ads_det_000196,vision_platform\ads\datasets\detector\action_candidate_20260719\images\ads_det_000196.png,D:\Projects\adb_vl\vision_platform\ads\runtime_collection\click_success\click_success_20260718_094240_503\pre_click.png,vision_platform\ads\runtime_collection\click_success\click_success_20260718_094240_503\pre_click.png,file_768e520fda85378f,asset_2347bcbf66834439,ads,actionable,clean_fullscreen,raw,vision_platform\ads\runtime_collection,960,540,1,content:asset_2347bcbf66834439,test
ads_det_000197,vision_platform\ads\datasets\detector\action_candidate_20260719\images\ads_det_000197.png,D:\Projects\adb_vl\vision_platform\ads\runtime_collection\click_success\click_success_20260718_094245_305\pre_click.png,vision_platform\ads\runtime_collection\click_success\click_success_20260718_094245_305\pre_click.png,file_ba33a39f3a4df742,asset_54de5b34a3e4f909,shared,actionable,clean_fullscreen,raw,vision_platform\ads\runtime_collection,960,540,1,content:asset_54de5b34a3e4f909,train
ads_det_000198,vision_platform\ads\datasets\detector\action_candidate_20260719\images\ads_det_000198.png,D:\Projects\adb_vl\vision_platform\ads\runtime_collection\click_success\click_success_20260718_094250_745\pre_click.png,vision_platform\ads\runtime_collection\click_success\click_success_20260718_094250_745\pre_click.png,file_65c6b2d42b51cdfb,asset_e8dc77cf749dcee1,shared,actionable,clean_fullscreen,raw,vision_platform\ads\runtime_collection,960,540,1,content:asset_e8dc77cf749dcee1,train
ads_det_000199,vision_platform\ads\datasets\detector\action_candidate_20260719\images\ads_det_000199.png,D:\Projects\adb_vl\vision_platform\ads\runtime_collection\click_success\click_success_20260718_094308_494\pre_click.png,vision_platform\ads\runtime_collection\click_success\click_success_20260718_094308_494\pre_click.png,file_285dc209cbead215,asset_1c5e9734edbfc31e,ads,actionable,clean_fullscreen,raw,vision_platform\ads\runtime_collection,960,540,1,content:asset_1c5e9734edbfc31e,train
ads_det_000200,vision_platform\ads\datasets\detector\action_candidate_20260719\images\ads_det_000200.png,D:\Projects\adb_vl\vision_platform\ads\runtime_collection\click_success\click_success_20260718_094313_482\pre_click.png,vision_platform\ads\runtime_collection\click_success\click_success_20260718_094313_482\pre_click.png,file_84b0f8705ee74563,asset_b7224094a3303f19,shared,actionable,clean_fullscreen,raw,vision_platform\ads\runtime_collection,960,540,1,content:asset_b7224094a3303f19,train
ads_det_000201,vision_platform\ads\datasets\detector\action_candidate_20260719\images\ads_det_000201.png,D:\Projects\adb_vl\vision_platform\ads\runtime_collection\click_success\click_success_20260718_094319_249\pre_click.png,vision_platform\ads\runtime_collection\click_success\click_success_20260718_094319_249\pre_click.png,file_6b8360dadfad9a6e,asset_6fff9b507be59797,shared,actionable,clean_fullscreen,raw,vision_platform\ads\runtime_collection,960,540,1,content:asset_6fff9b507be59797,train
ads_det_000202,vision_platform\ads\datasets\detector\action_candidate_20260719\images\ads_det_000202.png,D:\Projects\adb_vl\vision_platform\ads\runtime_collection\click_success\click_success_20260718_094337_171\pre_click.png,vision_platform\ads\runtime_collection\click_success\click_success_20260718_094337_171\pre_click.png,file_9fec6bc95a16a7b0,asset_091ff4bb92b5b4cb,ads,actionable,clean_fullscreen,raw,vision_platform\ads\runtime_collection,960,540,1,content:asset_091ff4bb92b5b4cb,train
ads_det_000203,vision_platform\ads\datasets\detector\action_candidate_20260719\images\ads_det_000203.png,D:\Projects\adb_vl\vision_platform\ads\runtime_collection\click_success\click_success_20260718_094342_192\pre_click.png,vision_platform\ads\runtime_collection\click_success\click_success_20260718_094342_192\pre_click.png,file_92925bd4085f2744,asset_a1357ef799a42b3d,shared,actionable,clean_fullscreen,raw,vision_platform\ads\runtime_collection,960,540,1,content:asset_a1357ef799a42b3d,train
ads_det_000204,vision_platform\ads\datasets\detector\action_candidate_20260719\images\ads_det_000204.png,D:\Projects\adb_vl\vision_platform\ads\runtime_collection\click_success\click_success_20260718_094347_650\pre_click.png,vision_platform\ads\runtime_collection\click_success\click_success_20260718_094347_650\pre_click.png,file_7e9d94fe9b2ce9bc,asset_fe810ef990123a8c,shared,actionable,clean_fullscreen,raw,vision_platform\ads\runtime_collection,960,540,1,content:asset_fe810ef990123a8c,train
ads_det_000205,vision_platform\ads\datasets\detector\action_candidate_20260719\images\ads_det_000205.png,D:\Projects\adb_vl\vision_platform\ads\runtime_collection\click_success\click_success_20260718_094405_851\pre_click.png,vision_platform\ads\runtime_collection\click_success\click_success_20260718_094405_851\pre_click.png,file_ace991fd54c0b7a0,asset_a4f70e645255b736,ads,actionable,clean_fullscreen,raw,vision_platform\ads\runtime_collection,960,540,1,content:asset_a4f70e645255b736,train
ads_det_000206,vision_platform\ads\datasets\detector\action_candidate_20260719\images\ads_det_000206.png,D:\Projects\adb_vl\vision_platform\ads\runtime_collection\click_success\click_success_20260718_094410_692\pre_click.png,vision_platform\ads\runtime_collection\click_success\click_success_20260718_094410_692\pre_click.png,file_0a2b0d3c8161ca42,asset_3a47bef8e6d22863,shared,actionable,clean_fullscreen,raw,vision_platform\ads\runtime_collection,960,540,1,content:asset_3a47bef8e6d22863,train
ads_det_000207,vision_platform\ads\datasets\detector\action_candidate_20260719\images\ads_det_000207.png,D:\Projects\adb_vl\vision_platform\ads\runtime_collection\click_success\click_success_20260718_100034_511\pre_click.png,vision_platform\ads\runtime_collection\click_success\click_success_20260718_100034_511\pre_click.png,file_7425ec2717bf6fd9,asset_d14a5b401c8cc8d8,shared,actionable,clean_fullscreen,raw,vision_platform\ads\runtime_collection,960,540,4,content:asset_d14a5b401c8cc8d8,train
ads_det_000208,vision_platform\ads\datasets\detector\action_candidate_20260719\images\ads_det_000208.png,D:\Projects\adb_vl\vision_platform\ads\runtime_collection\click_success\click_success_20260718_100052_051\pre_click.png,vision_platform\ads\runtime_collection\click_success\click_success_20260718_100052_051\pre_click.png,file_799cf070ce9bd522,asset_c2c655c76bf5fa35,ads,actionable,clean_fullscreen,raw,vision_platform\ads\runtime_collection,960,540,1,content:asset_c2c655c76bf5fa35,test
ads_det_000209,vision_platform\ads\datasets\detector\action_candidate_20260719\images\ads_det_000209.png,D:\Projects\adb_vl\vision_platform\ads\runtime_collection\click_success\click_success_20260718_100108_596\pre_click.png,vision_platform\ads\runtime_collection\click_success\click_success_20260718_100108_596\pre_click.png,file_d00fbee264bb9183,asset_fc58310606b96368,ads,actionable,clean_fullscreen,raw,vision_platform\ads\runtime_collection,960,540,1,content:asset_fc58310606b96368,train
ads_det_000210,vision_platform\ads\datasets\detector\action_candidate_20260719\images\ads_det_000210.png,D:\Projects\adb_vl\vision_platform\ads\runtime_collection\click_success\click_success_20260718_100113_420\pre_click.png,vision_platform\ads\runtime_collection\click_success\click_success_20260718_100113_420\pre_click.png,file_c42db945d1111021,asset_3b7265a5d524f911,shared,actionable,clean_fullscreen,raw,vision_platform\ads\runtime_collection,960,540,1,content:asset_3b7265a5d524f911,train
ads_det_000211,vision_platform\ads\datasets\detector\action_candidate_20260719\images\ads_det_000211.png,D:\Projects\adb_vl\vision_platform\ads\runtime_collection\click_success\click_success_20260718_100119_855\pre_click.png,vision_platform\ads\runtime_collection\click_success\click_success_20260718_100119_855\pre_click.png,file_e4d0be55b4e306a0,asset_35670afc3d0e9829,shared,actionable,clean_fullscreen,raw,vision_platform\ads\runtime_collection,960,540,4,content:asset_35670afc3d0e9829,train
ads_det_000212,vision_platform\ads\datasets\detector\action_candidate_20260719\images\ads_det_000212.png,D:\Projects\adb_vl\vision_platform\ads\runtime_collection\click_success\click_success_20260718_100137_466\pre_click.png,vision_platform\ads\runtime_collection\click_success\click_success_20260718_100137_466\pre_click.png,file_6756a406d9a364fc,asset_0141960b21ce0c77,ads,actionable,clean_fullscreen,raw,vision_platform\ads\runtime_collection,960,540,1,content:asset_0141960b21ce0c77,train
ads_det_000213,vision_platform\ads\datasets\detector\action_candidate_20260719\images\ads_det_000213.png,D:\Projects\adb_vl\vision_platform\ads\runtime_collection\click_success\click_success_20260718_100153_776\pre_click.png,vision_platform\ads\runtime_collection\click_success\click_success_20260718_100153_776\pre_click.png,file_2ebce35188188b1d,asset_7a3695d5a343e001,ads,actionable,clean_fullscreen,raw,vision_platform\ads\runtime_collection,960,540,1,content:asset_7a3695d5a343e001,train
ads_det_000214,vision_platform\ads\datasets\detector\action_candidate_20260719\images\ads_det_000214.png,D:\Projects\adb_vl\vision_platform\ads\runtime_collection\click_success\click_success_20260718_100158_460\pre_click.png,vision_platform\ads\runtime_collection\click_success\click_success_20260718_100158_460\pre_click.png,file_f64d2b622dae519b,asset_113c734a8adfaa2e,shared,actionable,clean_fullscreen,raw,vision_platform\ads\runtime_collection,960,540,1,content:asset_113c734a8adfaa2e,train
ads_det_000215,vision_platform\ads\datasets\detector\action_candidate_20260719\images\ads_det_000215.png,D:\Projects\adb_vl\vision_platform\ads\runtime_collection\click_success\click_success_20260718_100205_161\pre_click.png,vision_platform\ads\runtime_collection\click_success\click_success_20260718_100205_161\pre_click.png,file_afea09ba9f9e5bb2,asset_753f965a3797b8da,shared,actionable,clean_fullscreen,raw,vision_platform\ads\runtime_collection,960,540,3,content:asset_753f965a3797b8da,train
ads_det_000216,vision_platform\ads\datasets\detector\action_candidate_20260719\images\ads_det_000216.png,D:\Projects\adb_vl\vision_platform\ads\runtime_collection\click_success\click_success_20260718_100239_197\pre_click.png,vision_platform\ads\runtime_collection\click_success\click_success_20260718_100239_197\pre_click.png,file_c5cc00eb3b91ce65,asset_d17ff2e53658bea2,ads,actionable,clean_fullscreen,raw,vision_platform\ads\runtime_collection,540,960,1,content:asset_d17ff2e53658bea2,train
ads_det_000217,vision_platform\ads\datasets\detector\action_candidate_20260719\images\ads_det_000217.png,D:\Projects\adb_vl\vision_platform\ads\runtime_collection\click_success\click_success_20260718_100245_077\pre_click.png,vision_platform\ads\runtime_collection\click_success\click_success_20260718_100245_077\pre_click.png,file_5617e66e00e37e98,asset_7a6ade96a6aea532,ads,actionable,clean_fullscreen,raw,vision_platform\ads\runtime_collection,540,960,1,content:asset_7a6ade96a6aea532,train
ads_det_000218,vision_platform\ads\datasets\detector\action_candidate_20260719\images\ads_det_000218.png,D:\Projects\adb_vl\vision_platform\ads\runtime_collection\click_success\click_success_20260718_100251_508\pre_click.png,vision_platform\ads\runtime_collection\click_success\click_success_20260718_100251_508\pre_click.png,file_908ed2a06166f668,asset_c979a67015df8131,ads,actionable,clean_fullscreen,raw,vision_platform\ads\runtime_collection,540,960,1,content:asset_c979a67015df8131,train
ads_det_000219,vision_platform\ads\datasets\detector\action_candidate_20260719\images\ads_det_000219.png,D:\Projects\adb_vl\vision_platform\ads\runtime_collection\click_success\click_success_20260718_100256_410\pre_click.png,vision_platform\ads\runtime_collection\click_success\click_success_20260718_100256_410\pre_click.png,file_15ea449a75832a30,asset_3c829e9e6ac64fb0,shared,actionable,clean_fullscreen,raw,vision_platform\ads\runtime_collection,960,540,1,content:asset_3c829e9e6ac64fb0,train
ads_det_000220,vision_platform\ads\datasets\detector\action_candidate_20260719\images\ads_det_000220.png,D:\Projects\adb_vl\vision_platform\ads\runtime_collection\click_success\click_success_20260718_100303_038\pre_click.png,vision_platform\ads\runtime_collection\click_success\click_success_20260718_100303_038\pre_click.png,file_d092fcfcf9271b71,asset_15e68c0b3c823056,shared,actionable,clean_fullscreen,raw,vision_platform\ads\runtime_collection,960,540,2,content:asset_15e68c0b3c823056,val
ads_det_000221,vision_platform\ads\datasets\detector\action_candidate_20260719\images\ads_det_000221.png,D:\Projects\adb_vl\vision_platform\ads\runtime_collection\click_success\click_success_20260718_100320_770\pre_click.png,vision_platform\ads\runtime_collection\click_success\click_success_20260718_100320_770\pre_click.png,file_09faf2cefbf35bfe,asset_ca0de173c996fb3c,ads,actionable,clean_fullscreen,raw,vision_platform\ads\runtime_collection,960,540,1,content:asset_ca0de173c996fb3c,train
ads_det_000222,vision_platform\ads\datasets\detector\action_candidate_20260719\images\ads_det_000222.png,D:\Projects\adb_vl\vision_platform\ads\runtime_collection\click_success\click_success_20260718_100337_411\pre_click.png,vision_platform\ads\runtime_collection\click_success\click_success_20260718_100337_411\pre_click.png,file_b623b70c7593f5b5,asset_731332d71f455c01,ads,actionable,clean_fullscreen,raw,vision_platform\ads\runtime_collection,960,540,1,content:asset_731332d71f455c01,test
ads_det_000223,vision_platform\ads\datasets\detector\action_candidate_20260719\images\ads_det_000223.png,D:\Projects\adb_vl\vision_platform\ads\runtime_collection\click_success\click_success_20260718_100342_222\pre_click.png,vision_platform\ads\runtime_collection\click_success\click_success_20260718_100342_222\pre_click.png,file_277e6511c8653fa7,asset_6d7842beb0c44196,shared,actionable,clean_fullscreen,raw,vision_platform\ads\runtime_collection,960,540,1,content:asset_6d7842beb0c44196,val
ads_det_000224,vision_platform\ads\datasets\detector\action_candidate_20260719\images\ads_det_000224.png,D:\Projects\adb_vl\vision_platform\ads\runtime_collection\click_success\click_success_20260718_100348_829\pre_click.png,vision_platform\ads\runtime_collection\click_success\click_success_20260718_100348_829\pre_click.png,file_c3f867aec741da1f,asset_9eb840bb4a6e9aa3,shared,actionable,clean_fullscreen,raw,vision_platform\ads\runtime_collection,960,540,1,content:asset_9eb840bb4a6e9aa3,train
ads_det_000225,vision_platform\ads\datasets\detector\action_candidate_20260719\images\ads_det_000225.png,D:\Projects\adb_vl\vision_platform\ads\runtime_collection\click_success\click_success_20260718_100418_808\pre_click.png,vision_platform\ads\runtime_collection\click_success\click_success_20260718_100418_808\pre_click.png,file_b720896dda0cc515,asset_29f109f1f74e4650,ads,actionable,clean_fullscreen,raw,vision_platform\ads\runtime_collection,960,540,1,content:asset_29f109f1f74e4650,train
ads_det_000226,vision_platform\ads\datasets\detector\action_candidate_20260719\images\ads_det_000226.png,D:\Projects\adb_vl\vision_platform\ads\runtime_collection\click_success\click_success_20260718_100423_880\pre_click.png,vision_platform\ads\runtime_collection\click_success\click_success_20260718_100423_880\pre_click.png,file_6d79b8e21dbd1766,asset_4d59e91b4341b883,shared,actionable,clean_fullscreen,raw,vision_platform\ads\runtime_collection,960,540,1,content:asset_4d59e91b4341b883,val
ads_det_000227,vision_platform\ads\datasets\detector\action_candidate_20260719\images\ads_det_000227.png,D:\Projects\adb_vl\vision_platform\ads\runtime_collection\click_success\click_success_20260718_100430_513\pre_click.png,vision_platform\ads\runtime_collection\click_success\click_success_20260718_100430_513\pre_click.png,file_1512a496da3ac94d,asset_5c79abe051e20b85,shared,actionable,clean_fullscreen,raw,vision_platform\ads\runtime_collection,960,540,1,content:asset_5c79abe051e20b85,train
ads_det_000228,vision_platform\ads\datasets\detector\action_candidate_20260719\images\ads_det_000228.png,D:\Projects\adb_vl\vision_platform\ads\runtime_collection\click_success\click_success_20260718_100449_098\pre_click.png,vision_platform\ads\runtime_collection\click_success\click_success_20260718_100449_098\pre_click.png,file_7b76e46ce585b9fb,asset_5f484ae591b6aad8,ads,actionable,clean_fullscreen,raw,vision_platform\ads\runtime_collection,960,540,1,content:asset_5f484ae591b6aad8,train
ads_det_000229,vision_platform\ads\datasets\detector\action_candidate_20260719\images\ads_det_000229.png,D:\Projects\adb_vl\vision_platform\ads\runtime_collection\click_success\click_success_20260718_100453_870\pre_click.png,vision_platform\ads\runtime_collection\click_success\click_success_20260718_100453_870\pre_click.png,file_a8cfb17cb53c698c,asset_b68a2e3cb320d985,shared,actionable,clean_fullscreen,raw,vision_platform\ads\runtime_collection,960,540,1,content:asset_b68a2e3cb320d985,train
ads_det_000230,vision_platform\ads\datasets\detector\action_candidate_20260719\images\ads_det_000230.png,D:\Projects\adb_vl\vision_platform\ads\runtime_collection\click_success\click_success_20260718_101341_799\pre_click.png,vision_platform\ads\runtime_collection\click_success\click_success_20260718_101341_799\pre_click.png,file_6b9efd2ddbf14bc1,asset_30eb5ea53b507213,shared,actionable,clean_fullscreen,raw,vision_platform\ads\runtime_collection,960,540,1,content:asset_30eb5ea53b507213,train
ads_det_000231,vision_platform\ads\datasets\detector\action_candidate_20260719\images\ads_det_000231.png,D:\Projects\adb_vl\vision_platform\ads\runtime_collection\click_success\click_success_20260718_101411_699\pre_click.png,vision_platform\ads\runtime_collection\click_success\click_success_20260718_101411_699\pre_click.png,file_16c75175160f6cd9,asset_87a7688bd140cc86,ads,actionable,clean_fullscreen,raw,vision_platform\ads\runtime_collection,960,540,1,content:asset_87a7688bd140cc86,train
ads_det_000232,vision_platform\ads\datasets\detector\action_candidate_20260719\images\ads_det_000232.png,D:\Projects\adb_vl\vision_platform\ads\runtime_collection\click_success\click_success_20260718_101416_611\pre_click.png,vision_platform\ads\runtime_collection\click_success\click_success_20260718_101416_611\pre_click.png,file_28e0578f76ab9490,asset_ce1685538fba37c1,shared,actionable,clean_fullscreen,raw,vision_platform\ads\runtime_collection,960,540,1,content:asset_ce1685538fba37c1,test
ads_det_000233,vision_platform\ads\datasets\detector\action_candidate_20260719\images\ads_det_000233.png,D:\Projects\adb_vl\vision_platform\ads\runtime_collection\click_success\click_success_20260718_101422_067\pre_click.png,vision_platform\ads\runtime_collection\click_success\click_success_20260718_101422_067\pre_click.png,file_7f7cc2a752c290de,asset_92b6b8dcae627956,shared,actionable,clean_fullscreen,raw,vision_platform\ads\runtime_collection,960,540,1,content:asset_92b6b8dcae627956,train
ads_det_000234,vision_platform\ads\datasets\detector\action_candidate_20260719\images\ads_det_000234.png,D:\Projects\adb_vl\vision_platform\ads\runtime_collection\click_success\click_success_20260718_101447_640\pre_click.png,vision_platform\ads\runtime_collection\click_success\click_success_20260718_101447_640\pre_click.png,file_7e979075738f4fd1,asset_6a5a49477f9ac51d,ads,actionable,clean_fullscreen,raw,vision_platform\ads\runtime_collection,960,540,1,content:asset_6a5a49477f9ac51d,train
ads_det_000235,vision_platform\ads\datasets\detector\action_candidate_20260719\images\ads_det_000235.png,D:\Projects\adb_vl\vision_platform\ads\runtime_collection\click_success\click_success_20260718_101452_479\pre_click.png,vision_platform\ads\runtime_collection\click_success\click_success_20260718_101452_479\pre_click.png,file_202369c2ba18b8a8,asset_666fa9941dbf43c8,shared,actionable,clean_fullscreen,raw,vision_platform\ads\runtime_collection,960,540,1,content:asset_666fa9941dbf43c8,val
ads_det_000236,vision_platform\ads\datasets\detector\action_candidate_20260719\images\ads_det_000236.png,D:\Projects\adb_vl\vision_platform\ads\runtime_collection\click_success\click_success_20260718_101458_434\pre_click.png,vision_platform\ads\runtime_collection\click_success\click_success_20260718_101458_434\pre_click.png,file_0b84730eb8e78244,asset_0d460d22bdf818b9,shared,actionable,clean_fullscreen,raw,vision_platform\ads\runtime_collection,960,540,1,content:asset_0d460d22bdf818b9,train
ads_det_000237,vision_platform\ads\datasets\detector\action_candidate_20260719\images\ads_det_000237.png,D:\Projects\adb_vl\vision_platform\ads\runtime_collection\click_success\click_success_20260718_101532_986\pre_click.png,vision_platform\ads\runtime_collection\click_success\click_success_20260718_101532_986\pre_click.png,file_dce70e83cdd80ace,asset_316e782d3954179d,ads,actionable,clean_fullscreen,raw,vision_platform\ads\runtime_collection,540,960,1,content:asset_316e782d3954179d,train
ads_det_000238,vision_platform\ads\datasets\detector\action_candidate_20260719\images\ads_det_000238.png,D:\Projects\adb_vl\vision_platform\ads\runtime_collection\click_success\click_success_20260718_101543_016\pre_click.png,vision_platform\ads\runtime_collection\click_success\click_success_20260718_101543_016\pre_click.png,file_cafad58633c716cd,asset_956196dfbce26c56,shared,actionable,clean_fullscreen,raw,vision_platform\ads\runtime_collection,960,540,1,content:asset_956196dfbce26c56,train
ads_det_000239,vision_platform\ads\datasets\detector\action_candidate_20260719\images\ads_det_000239.png,D:\Projects\adb_vl\vision_platform\ads\runtime_collection\click_success\click_success_20260718_101548_925\pre_click.png,vision_platform\ads\runtime_collection\click_success\click_success_20260718_101548_925\pre_click.png,file_469d0e4deeb1bbe4,asset_3a36920dc4d847ff,shared,actionable,clean_fullscreen,raw,vision_platform\ads\runtime_collection,960,540,1,content:asset_3a36920dc4d847ff,train
ads_det_000240,vision_platform\ads\datasets\detector\action_candidate_20260719\images\ads_det_000240.png,D:\Projects\adb_vl\vision_platform\ads\runtime_collection\click_success\click_success_20260718_101619_423\pre_click.png,vision_platform\ads\runtime_collection\click_success\click_success_20260718_101619_423\pre_click.png,file_60024493be57d7bb,asset_6f31431a8fa2bde1,ads,actionable,clean_fullscreen,raw,vision_platform\ads\runtime_collection,960,540,1,content:asset_6f31431a8fa2bde1,test
ads_det_000241,vision_platform\ads\datasets\detector\action_candidate_20260719\images\ads_det_000241.png,D:\Projects\adb_vl\vision_platform\ads\runtime_collection\click_success\click_success_20260718_101624_405\pre_click.png,vision_platform\ads\runtime_collection\click_success\click_success_20260718_101624_405\pre_click.png,file_eef385cd6da742db,asset_fdf0da1c4dd216a9,shared,actionable,clean_fullscreen,raw,vision_platform\ads\runtime_collection,960,540,1,content:asset_fdf0da1c4dd216a9,train
ads_det_000242,vision_platform\ads\datasets\detector\action_candidate_20260719\images\ads_det_000242.png,D:\Projects\adb_vl\vision_platform\ads\runtime_collection\click_success\click_success_20260718_101630_832\pre_click.png,vision_platform\ads\runtime_collection\click_success\click_success_20260718_101630_832\pre_click.png,file_0d813f9f799e61f1,asset_6b4c19cb5f3c16b9,shared,actionable,clean_fullscreen,raw,vision_platform\ads\runtime_collection,960,540,1,content:asset_6b4c19cb5f3c16b9,test
ads_det_000243,vision_platform\ads\datasets\detector\action_candidate_20260719\images\ads_det_000243.png,D:\Projects\adb_vl\vision_platform\ads\runtime_collection\click_success\click_success_20260718_101657_337\pre_click.png,vision_platform\ads\runtime_collection\click_success\click_success_20260718_101657_337\pre_click.png,file_dd7c86b4469cb911,asset_c1212285bd9bd946,ads,actionable,clean_fullscreen,raw,vision_platform\ads\runtime_collection,960,540,1,content:asset_c1212285bd9bd946,train
ads_det_000244,vision_platform\ads\datasets\detector\action_candidate_20260719\images\ads_det_000244.png,D:\Projects\adb_vl\vision_platform\ads\runtime_collection\click_success\click_success_20260718_101702_582\pre_click.png,vision_platform\ads\runtime_collection\click_success\click_success_20260718_101702_582\pre_click.png,file_5957661e271df6d6,asset_250fdaa293a2a2c4,shared,actionable,clean_fullscreen,raw,vision_platform\ads\runtime_collection,960,540,1,content:asset_250fdaa293a2a2c4,val
ads_det_000245,vision_platform\ads\datasets\detector\action_candidate_20260719\images\ads_det_000245.png,D:\Projects\adb_vl\vision_platform\ads\runtime_collection\click_success\click_success_20260718_103201_251\pre_click.png,vision_platform\ads\runtime_collection\click_success\click_success_20260718_103201_251\pre_click.png,file_fa4a0b282f3e3fb0,asset_c214e16bf65e4d9c,shared,actionable,clean_fullscreen,raw,vision_platform\ads\runtime_collection,960,540,4,content:asset_c214e16bf65e4d9c,train
ads_det_000246,vision_platform\ads\datasets\detector\action_candidate_20260719\images\ads_det_000246.png,D:\Projects\adb_vl\vision_platform\ads\runtime_collection\click_success\click_success_20260718_103217_819\pre_click.png,vision_platform\ads\runtime_collection\click_success\click_success_20260718_103217_819\pre_click.png,file_36fa3db47d9aa077,asset_23c11ca252a79917,ads,actionable,clean_fullscreen,raw,vision_platform\ads\runtime_collection,960,540,1,content:asset_23c11ca252a79917,train
ads_det_000247,vision_platform\ads\datasets\detector\action_candidate_20260719\images\ads_det_000247.png,D:\Projects\adb_vl\vision_platform\ads\runtime_collection\click_success\click_success_20260718_103222_590\pre_click.png,vision_platform\ads\runtime_collection\click_success\click_success_20260718_103222_590\pre_click.png,file_7f2cb3a1abc98d63,asset_c2114016ebec6d27,shared,actionable,clean_fullscreen,raw,vision_platform\ads\runtime_collection,960,540,1,content:asset_c2114016ebec6d27,train
ads_det_000248,vision_platform\ads\datasets\detector\action_candidate_20260719\images\ads_det_000248.png,D:\Projects\adb_vl\vision_platform\ads\runtime_collection\click_success\click_success_20260718_103229_215\pre_click.png,vision_platform\ads\runtime_collection\click_success\click_success_20260718_103229_215\pre_click.png,file_9784c0b9af38fd53,asset_698441abe6868c44,shared,actionable,clean_fullscreen,raw,vision_platform\ads\runtime_collection,960,540,4,content:asset_698441abe6868c44,train
ads_det_000249,vision_platform\ads\datasets\detector\action_candidate_20260719\images\ads_det_000249.png,D:\Projects\adb_vl\vision_platform\ads\runtime_collection\click_success\click_success_20260718_103309_076\pre_click.png,vision_platform\ads\runtime_collection\click_success\click_success_20260718_103309_076\pre_click.png,file_71187a594ac62775,asset_8f12b42d0ca2b4d8,shared,actionable,clean_fullscreen,raw,vision_platform\ads\runtime_collection,960,540,1,content:asset_8f12b42d0ca2b4d8,train
ads_det_000250,vision_platform\ads\datasets\detector\action_candidate_20260719\images\ads_det_000250.png,D:\Projects\adb_vl\vision_platform\ads\runtime_collection\click_success\click_success_20260718_103316_281\pre_click.png,vision_platform\ads\runtime_collection\click_success\click_success_20260718_103316_281\pre_click.png,file_59713b03f8596456,asset_0708cb1550a35190,shared,actionable,clean_fullscreen,raw,vision_platform\ads\runtime_collection,960,540,3,content:asset_0708cb1550a35190,test
ads_det_000251,vision_platform\ads\datasets\detector\action_candidate_20260719\images\ads_det_000251.png,D:\Projects\adb_vl\vision_platform\ads\runtime_collection\click_success\click_success_20260718_103334_541\pre_click.png,vision_platform\ads\runtime_collection\click_success\click_success_20260718_103334_541\pre_click.png,file_112e4d98d4d3187e,asset_a22015a39ceeea98,ads,actionable,clean_fullscreen,raw,vision_platform\ads\runtime_collection,960,540,1,content:asset_a22015a39ceeea98,train
ads_det_000252,vision_platform\ads\datasets\detector\action_candidate_20260719\images\ads_det_000252.png,D:\Projects\adb_vl\vision_platform\ads\runtime_collection\click_success\click_success_20260718_103339_362\pre_click.png,vision_platform\ads\runtime_collection\click_success\click_success_20260718_103339_362\pre_click.png,file_e8283bd2fd1937ff,asset_9bec455be1a9ff9f,shared,actionable,clean_fullscreen,raw,vision_platform\ads\runtime_collection,960,540,1,content:asset_9bec455be1a9ff9f,train
ads_det_000253,vision_platform\ads\datasets\detector\action_candidate_20260719\images\ads_det_000253.png,D:\Projects\adb_vl\vision_platform\ads\runtime_collection\click_success\click_success_20260718_103346_364\pre_click.png,vision_platform\ads\runtime_collection\click_success\click_success_20260718_103346_364\pre_click.png,file_0b66694597b54f68,asset_1a8f1057dabc1298,shared,actionable,clean_fullscreen,raw,vision_platform\ads\runtime_collection,960,540,2,content:asset_1a8f1057dabc1298,train
ads_det_000254,vision_platform\ads\datasets\detector\action_candidate_20260719\images\ads_det_000254.png,D:\Projects\adb_vl\vision_platform\ads\runtime_collection\click_success\click_success_20260718_103404_419\pre_click.png,vision_platform\ads\runtime_collection\click_success\click_success_20260718_103404_419\pre_click.png,file_e6f7ba990a948524,asset_88fa02004a9414b1,ads,actionable,clean_fullscreen,raw,vision_platform\ads\runtime_collection,960,540,1,content:asset_88fa02004a9414b1,train
ads_det_000255,vision_platform\ads\datasets\detector\action_candidate_20260719\images\ads_det_000255.png,D:\Projects\adb_vl\vision_platform\ads\runtime_collection\click_success\click_success_20260718_103409_095\pre_click.png,vision_platform\ads\runtime_collection\click_success\click_success_20260718_103409_095\pre_click.png,file_db49bf887e265597,asset_ea9db94b7ce859c8,shared,actionable,clean_fullscreen,raw,vision_platform\ads\runtime_collection,960,540,1,content:asset_ea9db94b7ce859c8,train
ads_det_000256,vision_platform\ads\datasets\detector\action_candidate_20260719\images\ads_det_000256.png,D:\Projects\adb_vl\vision_platform\ads\runtime_collection\click_success\click_success_20260718_103415_721\pre_click.png,vision_platform\ads\runtime_collection\click_success\click_success_20260718_103415_721\pre_click.png,file_ce25688a8105327b,asset_034c95ebeeafb59d,shared,actionable,clean_fullscreen,raw,vision_platform\ads\runtime_collection,960,540,1,content:asset_034c95ebeeafb59d,train
ads_det_000257,vision_platform\ads\datasets\detector\action_candidate_20260719\images\ads_det_000257.png,D:\Projects\adb_vl\vision_platform\ads\runtime_collection\click_success\click_success_20260718_103437_228\pre_click.png,vision_platform\ads\runtime_collection\click_success\click_success_20260718_103437_228\pre_click.png,file_da864522afdb89d0,asset_a8c046362b7c3a83,ads,actionable,clean_fullscreen,raw,vision_platform\ads\runtime_collection,960,540,1,content:asset_a8c046362b7c3a83,train
ads_det_000258,vision_platform\ads\datasets\detector\action_candidate_20260719\images\ads_det_000258.png,D:\Projects\adb_vl\vision_platform\ads\runtime_collection\click_success\click_success_20260718_103453_684\pre_click.png,vision_platform\ads\runtime_collection\click_success\click_success_20260718_103453_684\pre_click.png,file_34b9a227728e3bfe,asset_bd867d8ca4f950a1,ads,actionable,clean_fullscreen,raw,vision_platform\ads\runtime_collection,960,540,1,content:asset_bd867d8ca4f950a1,test
ads_det_000259,vision_platform\ads\datasets\detector\action_candidate_20260719\images\ads_det_000259.png,D:\Projects\adb_vl\vision_platform\ads\runtime_collection\click_success\click_success_20260718_103458_461\pre_click.png,vision_platform\ads\runtime_collection\click_success\click_success_20260718_103458_461\pre_click.png,file_e84f6ed9eb694b4b,asset_bee02848004e407e,shared,actionable,clean_fullscreen,raw,vision_platform\ads\runtime_collection,960,540,1,content:asset_bee02848004e407e,test
ads_det_000260,vision_platform\ads\datasets\detector\action_candidate_20260719\images\ads_det_000260.png,D:\Projects\adb_vl\vision_platform\ads\runtime_collection\click_success\click_success_20260718_103505_403\pre_click.png,vision_platform\ads\runtime_collection\click_success\click_success_20260718_103505_403\pre_click.png,file_d6a5e9c6056c107f,asset_4591e916a09ac92d,shared,actionable,clean_fullscreen,raw,vision_platform\ads\runtime_collection,960,540,1,content:asset_4591e916a09ac92d,val
ads_det_000261,vision_platform\ads\datasets\detector\action_candidate_20260719\images\ads_det_000261.png,D:\Projects\adb_vl\vision_platform\ads\runtime_collection\click_success\click_success_20260718_103522_968\pre_click.png,vision_platform\ads\runtime_collection\click_success\click_success_20260718_103522_968\pre_click.png,file_478199b7bd4b56ef,asset_933867506167748c,ads,actionable,clean_fullscreen,raw,vision_platform\ads\runtime_collection,960,540,1,content:asset_933867506167748c,train
ads_det_000262,vision_platform\ads\datasets\detector\action_candidate_20260719\images\ads_det_000262.png,D:\Projects\adb_vl\vision_platform\ads\runtime_collection\click_success\click_success_20260718_103539_279\pre_click.png,vision_platform\ads\runtime_collection\click_success\click_success_20260718_103539_279\pre_click.png,file_0da279b51f55bf02,asset_8703752af0de26e6,ads,actionable,clean_fullscreen,raw,vision_platform\ads\runtime_collection,960,540,1,content:asset_8703752af0de26e6,train
ads_det_000263,vision_platform\ads\datasets\detector\action_candidate_20260719\images\ads_det_000263.png,D:\Projects\adb_vl\vision_platform\ads\runtime_collection\click_success\click_success_20260718_103543_976\pre_click.png,vision_platform\ads\runtime_collection\click_success\click_success_20260718_103543_976\pre_click.png,file_2c535b6ebeb60a97,asset_f87c9cf0e4be2b5b,shared,actionable,clean_fullscreen,raw,vision_platform\ads\runtime_collection,960,540,1,content:asset_f87c9cf0e4be2b5b,test
ads_det_000264,vision_platform\ads\datasets\detector\action_candidate_20260719\images\ads_det_000264.png,D:\Projects\adb_vl\vision_platform\ads\runtime_collection\click_success\click_success_20260718_103815_303\pre_click.png,vision_platform\ads\runtime_collection\click_success\click_success_20260718_103815_303\pre_click.png,file_71268df46f057ffe,asset_3440be3489100fea,shared,actionable,clean_fullscreen,raw,vision_platform\ads\runtime_collection,960,540,2,content:asset_3440be3489100fea,train
ads_det_000265,vision_platform\ads\datasets\detector\action_candidate_20260719\images\ads_det_000265.png,D:\Projects\adb_vl\vision_platform\ads\runtime_collection\click_success\click_success_20260718_103833_543\pre_click.png,vision_platform\ads\runtime_collection\click_success\click_success_20260718_103833_543\pre_click.png,file_6375cb39f73c5d55,asset_dfb5d8eada9b27a8,shared,actionable,clean_fullscreen,raw,vision_platform\ads\runtime_collection,960,540,1,content:asset_dfb5d8eada9b27a8,train
ads_det_000266,vision_platform\ads\datasets\detector\action_candidate_20260719\images\ads_det_000266.png,D:\Projects\adb_vl\vision_platform\ads\runtime_collection\click_success\click_success_20260718_103838_936\pre_click.png,vision_platform\ads\runtime_collection\click_success\click_success_20260718_103838_936\pre_click.png,file_edc2165d62ffd5b5,asset_472f8329bd8f7465,shared,actionable,clean_fullscreen,raw,vision_platform\ads\runtime_collection,960,540,1,content:asset_472f8329bd8f7465,test
ads_det_000267,vision_platform\ads\datasets\detector\action_candidate_20260719\images\ads_det_000267.png,D:\Projects\adb_vl\vision_platform\ads\runtime_collection\click_success\click_success_20260718_103900_284\pre_click.png,vision_platform\ads\runtime_collection\click_success\click_success_20260718_103900_284\pre_click.png,file_f2f2f157be6ee788,asset_2be1fd5f1bc9db7b,ads,actionable,clean_fullscreen,raw,vision_platform\ads\runtime_collection,960,540,1,content:asset_2be1fd5f1bc9db7b,val
ads_det_000268,vision_platform\ads\datasets\detector\action_candidate_20260719\images\ads_det_000268.png,D:\Projects\adb_vl\vision_platform\ads\runtime_collection\click_success\click_success_20260718_103916_962\pre_click.png,vision_platform\ads\runtime_collection\click_success\click_success_20260718_103916_962\pre_click.png,file_0a532226a5de6f69,asset_6452ed8c706702e0,ads,actionable,clean_fullscreen,raw,vision_platform\ads\runtime_collection,960,540,1,content:asset_6452ed8c706702e0,train
ads_det_000269,vision_platform\ads\datasets\detector\action_candidate_20260719\images\ads_det_000269.png,D:\Projects\adb_vl\vision_platform\ads\runtime_collection\click_success\click_success_20260718_103922_079\pre_click.png,vision_platform\ads\runtime_collection\click_success\click_success_20260718_103922_079\pre_click.png,file_dab1f9d4381f3139,asset_c58141b127eeafdf,shared,actionable,clean_fullscreen,raw,vision_platform\ads\runtime_collection,960,540,1,content:asset_c58141b127eeafdf,test
ads_det_000270,vision_platform\ads\datasets\detector\action_candidate_20260719\images\ads_det_000270.png,D:\Projects\adb_vl\vision_platform\ads\runtime_collection\click_success\click_success_20260718_103928_008\pre_click.png,vision_platform\ads\runtime_collection\click_success\click_success_20260718_103928_008\pre_click.png,file_6e2fe645f066194d,asset_76a6f491f73ac113,shared,actionable,clean_fullscreen,raw,vision_platform\ads\runtime_collection,960,540,1,content:asset_76a6f491f73ac113,val
ads_det_000271,vision_platform\ads\datasets\detector\action_candidate_20260719\images\ads_det_000271.png,D:\Projects\adb_vl\vision_platform\ads\runtime_collection\click_success\click_success_20260718_103945_649\pre_click.png,vision_platform\ads\runtime_collection\click_success\click_success_20260718_103945_649\pre_click.png,file_f4499d909a31b0ec,asset_a1ac0b11becd6602,ads,actionable,clean_fullscreen,raw,vision_platform\ads\runtime_collection,960,540,1,content:asset_a1ac0b11becd6602,test
ads_det_000272,vision_platform\ads\datasets\detector\action_candidate_20260719\images\ads_det_000272.png,D:\Projects\adb_vl\vision_platform\ads\runtime_collection\click_success\click_success_20260718_104002_411\pre_click.png,vision_platform\ads\runtime_collection\click_success\click_success_20260718_104002_411\pre_click.png,file_b31abbba4adde4f4,asset_ed03a706db99167f,ads,actionable,clean_fullscreen,raw,vision_platform\ads\runtime_collection,960,540,1,content:asset_ed03a706db99167f,train
ads_det_000273,vision_platform\ads\datasets\detector\action_candidate_20260719\images\ads_det_000273.png,D:\Projects\adb_vl\vision_platform\ads\runtime_collection\click_success\click_success_20260718_104007_369\pre_click.png,vision_platform\ads\runtime_collection\click_success\click_success_20260718_104007_369\pre_click.png,file_ccd7c4d5f49243cc,asset_4ee16d56c58dd272,shared,actionable,clean_fullscreen,raw,vision_platform\ads\runtime_collection,960,540,1,content:asset_4ee16d56c58dd272,train
ads_det_000274,vision_platform\ads\datasets\detector\action_candidate_20260719\images\ads_det_000274.png,D:\Projects\adb_vl\vision_platform\ads\runtime_collection\click_success\click_success_20260718_104013_193\pre_click.png,vision_platform\ads\runtime_collection\click_success\click_success_20260718_104013_193\pre_click.png,file_00a3f38cbba0c899,asset_c8294af90676c7fb,shared,actionable,clean_fullscreen,raw,vision_platform\ads\runtime_collection,960,540,1,content:asset_c8294af90676c7fb,val
ads_det_000275,vision_platform\ads\datasets\detector\action_candidate_20260719\images\ads_det_000275.png,D:\Projects\adb_vl\vision_platform\ads\runtime_collection\click_success\click_success_20260718_104031_618\pre_click.png,vision_platform\ads\runtime_collection\click_success\click_success_20260718_104031_618\pre_click.png,file_82931277e30e6366,asset_b491c092e60ab7ec,ads,actionable,clean_fullscreen,raw,vision_platform\ads\runtime_collection,960,540,1,content:asset_b491c092e60ab7ec,test
ads_det_000276,vision_platform\ads\datasets\detector\action_candidate_20260719\images\ads_det_000276.png,D:\Projects\adb_vl\vision_platform\ads\runtime_collection\click_success\click_success_20260718_104036_562\pre_click.png,vision_platform\ads\runtime_collection\click_success\click_success_20260718_104036_562\pre_click.png,file_99b7399d75e76bac,asset_e29e070478769a5a,shared,actionable,clean_fullscreen,raw,vision_platform\ads\runtime_collection,960,540,1,content:asset_e29e070478769a5a,train
ads_det_000277,vision_platform\ads\datasets\detector\action_candidate_20260719\images\ads_det_000277.png,D:\Projects\adb_vl\vision_platform\ads\runtime_collection\click_success\click_success_20260718_104415_308\pre_click.png,vision_platform\ads\runtime_collection\click_success\click_success_20260718_104415_308\pre_click.png,file_d124ee512901cd21,asset_7d85c00dfbdaffb0,shared,actionable,clean_fullscreen,raw,vision_platform\ads\runtime_collection,960,540,1,content:asset_7d85c00dfbdaffb0,val
ads_det_000278,vision_platform\ads\datasets\detector\action_candidate_20260719\images\ads_det_000278.png,D:\Projects\adb_vl\vision_platform\ads\runtime_collection\click_success\click_success_20260718_104434_299\pre_click.png,vision_platform\ads\runtime_collection\click_success\click_success_20260718_104434_299\pre_click.png,file_6b4de3af61b1471d,asset_d8c0172a5dccbe94,ads,actionable,clean_fullscreen,raw,vision_platform\ads\runtime_collection,960,540,1,content:asset_d8c0172a5dccbe94,test
ads_det_000279,vision_platform\ads\datasets\detector\action_candidate_20260719\images\ads_det_000279.png,D:\Projects\adb_vl\vision_platform\ads\runtime_collection\click_success\click_success_20260718_104439_330\pre_click.png,vision_platform\ads\runtime_collection\click_success\click_success_20260718_104439_330\pre_click.png,file_f589bf3adae9de18,asset_c9a7e51749cf8f15,shared,actionable,clean_fullscreen,raw,vision_platform\ads\runtime_collection,960,540,1,content:asset_c9a7e51749cf8f15,train
ads_det_000280,vision_platform\ads\datasets\detector\action_candidate_20260719\images\ads_det_000280.png,D:\Projects\adb_vl\vision_platform\ads\runtime_collection\click_success\click_success_20260718_104444_893\pre_click.png,vision_platform\ads\runtime_collection\click_success\click_success_20260718_104444_893\pre_click.png,file_000c5c9bc35e5571,asset_af4ac045fe361ae2,shared,actionable,clean_fullscreen,raw,vision_platform\ads\runtime_collection,960,540,1,content:asset_af4ac045fe361ae2,train
ads_det_000281,vision_platform\ads\datasets\detector\action_candidate_20260719\images\ads_det_000281.png,D:\Projects\adb_vl\vision_platform\ads\runtime_collection\click_success\click_success_20260718_104503_519\pre_click.png,vision_platform\ads\runtime_collection\click_success\click_success_20260718_104503_519\pre_click.png,file_eeab19a2bde74ac3,asset_2897a5436052bf8d,ads,actionable,clean_fullscreen,raw,vision_platform\ads\runtime_collection,960,540,1,content:asset_2897a5436052bf8d,val
ads_det_000282,vision_platform\ads\datasets\detector\action_candidate_20260719\images\ads_det_000282.png,D:\Projects\adb_vl\vision_platform\ads\runtime_collection\click_success\click_success_20260718_104508_392\pre_click.png,vision_platform\ads\runtime_collection\click_success\click_success_20260718_104508_392\pre_click.png,file_7eaf2c2abbcc016e,asset_4f4f5e5e18b46918,shared,actionable,clean_fullscreen,raw,vision_platform\ads\runtime_collection,960,540,1,content:asset_4f4f5e5e18b46918,train
ads_det_000283,vision_platform\ads\datasets\detector\action_candidate_20260719\images\ads_det_000283.png,D:\Projects\adb_vl\vision_platform\ads\runtime_collection\click_success\click_success_20260718_104532_540\pre_click.png,vision_platform\ads\runtime_collection\click_success\click_success_20260718_104532_540\pre_click.png,file_e2dc0a76dedfbec4,asset_2a51e0578cf9c84a,ads,actionable,clean_fullscreen,raw,vision_platform\ads\runtime_collection,960,540,1,content:asset_2a51e0578cf9c84a,train
ads_det_000284,vision_platform\ads\datasets\detector\action_candidate_20260719\images\ads_det_000284.png,D:\Projects\adb_vl\vision_platform\ads\runtime_collection\click_success\click_success_20260718_104537_361\pre_click.png,vision_platform\ads\runtime_collection\click_success\click_success_20260718_104537_361\pre_click.png,file_df9043a63c73eca2,asset_6159aee26fde0e86,shared,actionable,clean_fullscreen,raw,vision_platform\ads\runtime_collection,960,540,1,content:asset_6159aee26fde0e86,train
ads_det_000285,vision_platform\ads\datasets\detector\action_candidate_20260719\images\ads_det_000285.png,D:\Projects\adb_vl\vision_platform\ads\runtime_collection\click_success\click_success_20260718_104543_011\pre_click.png,vision_platform\ads\runtime_collection\click_success\click_success_20260718_104543_011\pre_click.png,file_4e3c0706642b8383,asset_af652761d35e3973,shared,actionable,clean_fullscreen,raw,vision_platform\ads\runtime_collection,960,540,1,content:asset_af652761d35e3973,val
ads_det_000286,vision_platform\ads\datasets\detector\action_candidate_20260719\images\ads_det_000286.png,D:\Projects\adb_vl\vision_platform\ads\runtime_collection\click_success\click_success_20260718_104600_932\pre_click.png,vision_platform\ads\runtime_collection\click_success\click_success_20260718_104600_932\pre_click.png,file_a1c320a4d8aaf2c1,asset_5e7585d8c6982b8e,ads,actionable,clean_fullscreen,raw,vision_platform\ads\runtime_collection,960,540,1,content:asset_5e7585d8c6982b8e,val
ads_det_000287,vision_platform\ads\datasets\detector\action_candidate_20260719\images\ads_det_000287.png,D:\Projects\adb_vl\vision_platform\ads\runtime_collection\click_success\click_success_20260718_104605_823\pre_click.png,vision_platform\ads\runtime_collection\click_success\click_success_20260718_104605_823\pre_click.png,file_1dfb8cd3f6b15812,asset_dd7bdc0938458765,shared,actionable,clean_fullscreen,raw,vision_platform\ads\runtime_collection,960,540,1,content:asset_dd7bdc0938458765,train
ads_det_000288,vision_platform\ads\datasets\detector\action_candidate_20260719\images\ads_det_000288.png,D:\Projects\adb_vl\vision_platform\ads\runtime_collection\click_success\click_success_20260718_104611_338\pre_click.png,vision_platform\ads\runtime_collection\click_success\click_success_20260718_104611_338\pre_click.png,file_fb5a9c7ca47d74c9,asset_36af96f4aa307967,shared,actionable,clean_fullscreen,raw,vision_platform\ads\runtime_collection,960,540,1,content:asset_36af96f4aa307967,test
ads_det_000289,vision_platform\ads\datasets\detector\action_candidate_20260719\images\ads_det_000289.png,D:\Projects\adb_vl\vision_platform\ads\runtime_collection\click_success\click_success_20260718_104629_489\pre_click.png,vision_platform\ads\runtime_collection\click_success\click_success_20260718_104629_489\pre_click.png,file_f4a5a330abb12f81,asset_a2c0aa7c60b2fe1e,ads,actionable,clean_fullscreen,raw,vision_platform\ads\runtime_collection,960,540,1,content:asset_a2c0aa7c60b2fe1e,train
ads_det_000290,vision_platform\ads\datasets\detector\action_candidate_20260719\images\ads_det_000290.png,D:\Projects\adb_vl\vision_platform\ads\runtime_collection\click_success\click_success_20260718_104634_279\pre_click.png,vision_platform\ads\runtime_collection\click_success\click_success_20260718_104634_279\pre_click.png,file_b105a6abcd9f2825,asset_466fab917a48add3,shared,actionable,clean_fullscreen,raw,vision_platform\ads\runtime_collection,960,540,1,content:asset_466fab917a48add3,train
ads_det_000291,vision_platform\ads\datasets\detector\action_candidate_20260719\images\ads_det_000291.png,D:\Projects\adb_vl\vision_platform\ads\runtime_collection\click_success\click_success_20260718_105157_911\pre_click.png,vision_platform\ads\runtime_collection\click_success\click_success_20260718_105157_911\pre_click.png,file_4d905d34a600dd2f,asset_ed94795b4d045d53,ads,actionable,clean_fullscreen,raw,vision_platform\ads\runtime_collection,960,540,1,content:asset_ed94795b4d045d53,train
ads_det_000292,vision_platform\ads\datasets\detector\action_candidate_20260719\images\ads_det_000292.png,D:\Projects\adb_vl\vision_platform\ads\runtime_collection\click_success\click_success_20260718_105202_851\pre_click.png,vision_platform\ads\runtime_collection\click_success\click_success_20260718_105202_851\pre_click.png,file_8cd0c36154528798,asset_e050dd8726171b15,shared,actionable,clean_fullscreen,raw,vision_platform\ads\runtime_collection,960,540,1,content:asset_e050dd8726171b15,train
ads_det_000293,vision_platform\ads\datasets\detector\action_candidate_20260719\images\ads_det_000293.png,D:\Projects\adb_vl\vision_platform\ads\runtime_collection\click_success\click_success_20260718_105209_090\pre_click.png,vision_platform\ads\runtime_collection\click_success\click_success_20260718_105209_090\pre_click.png,file_2114edf9c5eae20b,asset_ca3f0fd5dfd906d4,shared,actionable,clean_fullscreen,raw,vision_platform\ads\runtime_collection,960,540,1,content:asset_ca3f0fd5dfd906d4,train
ads_det_000294,vision_platform\ads\datasets\detector\action_candidate_20260719\images\ads_det_000294.png,D:\Projects\adb_vl\vision_platform\ads\runtime_collection\click_success\click_success_20260718_105226_844\pre_click.png,vision_platform\ads\runtime_collection\click_success\click_success_20260718_105226_844\pre_click.png,file_fe3c153bd2345be4,asset_8e0ca4346ff5797d,ads,actionable,clean_fullscreen,raw,vision_platform\ads\runtime_collection,960,540,1,content:asset_8e0ca4346ff5797d,test
ads_det_000295,vision_platform\ads\datasets\detector\action_candidate_20260719\images\ads_det_000295.png,D:\Projects\adb_vl\vision_platform\ads\runtime_collection\click_success\click_success_20260718_105240_391\pre_click.png,vision_platform\ads\runtime_collection\click_success\click_success_20260718_105240_391\pre_click.png,file_c1740867a943f5e3,asset_769e356f9c6eb2fe,ads,actionable,clean_fullscreen,raw,vision_platform\ads\runtime_collection,960,540,1,content:asset_769e356f9c6eb2fe,train
ads_det_000296,vision_platform\ads\datasets\detector\action_candidate_20260719\images\ads_det_000296.png,D:\Projects\adb_vl\vision_platform\ads\runtime_collection\click_success\click_success_20260718_105245_223\pre_click.png,vision_platform\ads\runtime_collection\click_success\click_success_20260718_105245_223\pre_click.png,file_4fbaf2ba4e7ee4bb,asset_5c345f72ebb72ad1,shared,actionable,clean_fullscreen,raw,vision_platform\ads\runtime_collection,960,540,1,content:asset_5c345f72ebb72ad1,train
ads_det_000297,vision_platform\ads\datasets\detector\action_candidate_20260719\images\ads_det_000297.png,D:\Projects\adb_vl\vision_platform\ads\runtime_collection\click_success\click_success_20260718_105251_401\pre_click.png,vision_platform\ads\runtime_collection\click_success\click_success_20260718_105251_401\pre_click.png,file_2d1edfb11f98fee2,asset_861331d5aad2dab5,shared,actionable,clean_fullscreen,raw,vision_platform\ads\runtime_collection,960,540,1,content:asset_861331d5aad2dab5,train
ads_det_000298,vision_platform\ads\datasets\detector\action_candidate_20260719\images\ads_det_000298.png,D:\Projects\adb_vl\vision_platform\ads\runtime_collection\click_success\click_success_20260718_105309_318\pre_click.png,vision_platform\ads\runtime_collection\click_success\click_success_20260718_105309_318\pre_click.png,file_fa5492e3bc87991d,asset_08eebe7108e5b5d9,ads,actionable,clean_fullscreen,raw,vision_platform\ads\runtime_collection,960,540,1,content:asset_08eebe7108e5b5d9,train
ads_det_000299,vision_platform\ads\datasets\detector\action_candidate_20260719\images\ads_det_000299.png,D:\Projects\adb_vl\vision_platform\ads\runtime_collection\click_success\click_success_20260718_105314_861\pre_click.png,vision_platform\ads\runtime_collection\click_success\click_success_20260718_105314_861\pre_click.png,file_97c6b6820916c085,asset_07ba0e2cf9e2d681,shared,actionable,clean_fullscreen,raw,vision_platform\ads\runtime_collection,960,540,1,content:asset_07ba0e2cf9e2d681,train
ads_det_000300,vision_platform\ads\datasets\detector\action_candidate_20260719\images\ads_det_000300.png,D:\Projects\adb_vl\vision_platform\ads\runtime_collection\click_success\click_success_20260718_105338_772\pre_click.png,vision_platform\ads\runtime_collection\click_success\click_success_20260718_105338_772\pre_click.png,file_f008d697aadd67b7,asset_8179703a100b9e12,ads,actionable,clean_fullscreen,raw,vision_platform\ads\runtime_collection,960,540,1,content:asset_8179703a100b9e12,val
ads_det_000301,vision_platform\ads\datasets\detector\action_candidate_20260719\images\ads_det_000301.png,D:\Projects\adb_vl\vision_platform\ads\runtime_collection\click_success\click_success_20260718_105355_433\pre_click.png,vision_platform\ads\runtime_collection\click_success\click_success_20260718_105355_433\pre_click.png,file_bd5d7442e6ac5817,asset_259be3afda4887e3,ads,actionable,clean_fullscreen,raw,vision_platform\ads\runtime_collection,960,540,1,content:asset_259be3afda4887e3,train
ads_det_000302,vision_platform\ads\datasets\detector\action_candidate_20260719\images\ads_det_000302.png,D:\Projects\adb_vl\vision_platform\ads\runtime_collection\click_success\click_success_20260718_105400_555\pre_click.png,vision_platform\ads\runtime_collection\click_success\click_success_20260718_105400_555\pre_click.png,file_b4abfdbfbd364e4e,asset_38e536c33ef8c958,shared,actionable,clean_fullscreen,raw,vision_platform\ads\runtime_collection,960,540,1,content:asset_38e536c33ef8c958,test
ads_det_000303,vision_platform\ads\datasets\detector\action_candidate_20260719\images\ads_det_000303.png,D:\Projects\adb_vl\vision_platform\ads\runtime_collection\click_success\click_success_20260718_105406_821\pre_click.png,vision_platform\ads\runtime_collection\click_success\click_success_20260718_105406_821\pre_click.png,file_556f31a88706451b,asset_436dd4201776d052,shared,actionable,clean_fullscreen,raw,vision_platform\ads\runtime_collection,960,540,1,content:asset_436dd4201776d052,train
ads_det_000304,vision_platform\ads\datasets\detector\action_candidate_20260719\images\ads_det_000304.png,D:\Projects\adb_vl\vision_platform\ads\runtime_collection\click_success\click_success_20260718_105437_944\pre_click.png,vision_platform\ads\runtime_collection\click_success\click_success_20260718_105437_944\pre_click.png,file_62b389c398b0573e,asset_5e08214de4503d4b,shared,actionable,clean_fullscreen,raw,vision_platform\ads\runtime_collection,960,540,1,content:asset_5e08214de4503d4b,train
ads_det_000305,vision_platform\ads\datasets\detector\action_candidate_20260719\images\ads_det_000305.png,D:\Projects\adb_vl\vision_platform\ads\runtime_collection\click_success\click_success_20260718_105509_202\pre_click.png,vision_platform\ads\runtime_collection\click_success\click_success_20260718_105509_202\pre_click.png,file_101f6ee53a1779d3,asset_e5b57ad112f91be0,shared,actionable,clean_fullscreen,raw,vision_platform\ads\runtime_collection,960,540,1,content:asset_e5b57ad112f91be0,val
ads_det_000306,vision_platform\ads\datasets\detector\action_candidate_20260719\images\ads_det_000306.png,D:\Projects\adb_vl\vision_platform\ads\runtime_collection\click_success\click_success_20260718_105557_589\pre_click.png,vision_platform\ads\runtime_collection\click_success\click_success_20260718_105557_589\pre_click.png,file_390a3f6b2f92ac6f,asset_6a696dcfd7734dc6,ads,actionable,clean_fullscreen,raw,vision_platform\ads\runtime_collection,960,540,1,content:asset_6a696dcfd7734dc6,train
ads_det_000307,vision_platform\ads\datasets\detector\action_candidate_20260719\images\ads_det_000307.png,D:\Projects\adb_vl\vision_platform\ads\runtime_collection\click_success\click_success_20260718_105614_870\pre_click.png,vision_platform\ads\runtime_collection\click_success\click_success_20260718_105614_870\pre_click.png,file_e6e8dd2d4ac5ae47,asset_4b3324fd93fa27ac,ads,actionable,clean_fullscreen,raw,vision_platform\ads\runtime_collection,960,540,1,content:asset_4b3324fd93fa27ac,test
ads_det_000308,vision_platform\ads\datasets\detector\action_candidate_20260719\images\ads_det_000308.png,D:\Projects\adb_vl\vision_platform\ads\runtime_collection\click_success\click_success_20260718_105619_821\pre_click.png,vision_platform\ads\runtime_collection\click_success\click_success_20260718_105619_821\pre_click.png,file_9a9d085b7e6bc03c,asset_ec023aeb11d9c4a1,shared,actionable,clean_fullscreen,raw,vision_platform\ads\runtime_collection,960,540,1,content:asset_ec023aeb11d9c4a1,train
ads_det_000309,vision_platform\ads\datasets\detector\action_candidate_20260719\images\ads_det_000309.png,D:\Projects\adb_vl\vision_platform\ads\runtime_collection\click_success\click_success_20260718_105745_988\pre_click.png,vision_platform\ads\runtime_collection\click_success\click_success_20260718_105745_988\pre_click.png,file_9051449ea9acf342,asset_691999083f0599dd,shared,actionable,clean_fullscreen,raw,vision_platform\ads\runtime_collection,960,540,1,content:asset_691999083f0599dd,train
ads_det_000310,vision_platform\ads\datasets\detector\action_candidate_20260719\images\ads_det_000310.png,D:\Projects\adb_vl\vision_platform\ads\runtime_collection\click_success\click_success_20260718_105807_641\pre_click.png,vision_platform\ads\runtime_collection\click_success\click_success_20260718_105807_641\pre_click.png,file_c98c54dbe8db6a97,asset_06f5554f0c2c53ef,ads,actionable,clean_fullscreen,raw,vision_platform\ads\runtime_collection,960,540,1,content:asset_06f5554f0c2c53ef,val
ads_det_000311,vision_platform\ads\datasets\detector\action_candidate_20260719\images\ads_det_000311.png,D:\Projects\adb_vl\vision_platform\ads\runtime_collection\click_success\click_success_20260718_105815_433\pre_click.png,vision_platform\ads\runtime_collection\click_success\click_success_20260718_105815_433\pre_click.png,file_5e3338b564fbeaad,asset_c39788ad13048456,ads,actionable,clean_fullscreen,raw,vision_platform\ads\runtime_collection,960,540,1,content:asset_c39788ad13048456,train
ads_det_000312,vision_platform\ads\datasets\detector\action_candidate_20260719\images\ads_det_000312.png,D:\Projects\adb_vl\vision_platform\ads\runtime_collection\click_success\click_success_20260718_105820_651\pre_click.png,vision_platform\ads\runtime_collection\click_success\click_success_20260718_105820_651\pre_click.png,file_85659bafe8adda57,asset_7d42d9fa97ee34fa,shared,actionable,clean_fullscreen,raw,vision_platform\ads\runtime_collection,960,540,1,content:asset_7d42d9fa97ee34fa,train
ads_det_000313,vision_platform\ads\datasets\detector\action_candidate_20260719\images\ads_det_000313.png,D:\Projects\adb_vl\vision_platform\ads\runtime_collection\click_success\click_success_20260718_105826_469\pre_click.png,vision_platform\ads\runtime_collection\click_success\click_success_20260718_105826_469\pre_click.png,file_b0779ea5b2962054,asset_84829a188efd056a,shared,actionable,clean_fullscreen,raw,vision_platform\ads\runtime_collection,960,540,1,content:asset_84829a188efd056a,train
ads_det_000314,vision_platform\ads\datasets\detector\action_candidate_20260719\images\ads_det_000314.png,D:\Projects\adb_vl\vision_platform\ads\runtime_collection\click_success\click_success_20260718_105856_683\pre_click.png,vision_platform\ads\runtime_collection\click_success\click_success_20260718_105856_683\pre_click.png,file_53ff9c1b4ced5df3,asset_1c21ba94a6f3f2b4,ads,actionable,clean_fullscreen,raw,vision_platform\ads\runtime_collection,960,540,1,content:asset_1c21ba94a6f3f2b4,train
ads_det_000315,vision_platform\ads\datasets\detector\action_candidate_20260719\images\ads_det_000315.png,D:\Projects\adb_vl\vision_platform\ads\runtime_collection\click_success\click_success_20260718_105901_684\pre_click.png,vision_platform\ads\runtime_collection\click_success\click_success_20260718_105901_684\pre_click.png,file_46f9cf79e87cca8f,asset_8a105686d62d0afe,shared,actionable,clean_fullscreen,raw,vision_platform\ads\runtime_collection,960,540,1,content:asset_8a105686d62d0afe,train
ads_det_000316,vision_platform\ads\datasets\detector\action_candidate_20260719\images\ads_det_000316.png,D:\Projects\adb_vl\vision_platform\ads\runtime_collection\click_success\click_success_20260718_105933_635\pre_click.png,vision_platform\ads\runtime_collection\click_success\click_success_20260718_105933_635\pre_click.png,file_6e9b490b89a95760,asset_7a3643f48f8676ff,ads,actionable,clean_fullscreen,raw,vision_platform\ads\runtime_collection,960,540,1,content:asset_7a3643f48f8676ff,train
ads_det_000317,vision_platform\ads\datasets\detector\action_candidate_20260719\images\ads_det_000317.png,D:\Projects\adb_vl\vision_platform\ads\runtime_collection\click_success\click_success_20260718_105938_563\pre_click.png,vision_platform\ads\runtime_collection\click_success\click_success_20260718_105938_563\pre_click.png,file_118ccccd700b3f80,asset_c289a1a1431e6f2c,shared,actionable,clean_fullscreen,raw,vision_platform\ads\runtime_collection,960,540,1,content:asset_c289a1a1431e6f2c,train
ads_det_000318,vision_platform\ads\datasets\detector\action_candidate_20260719\images\ads_det_000318.png,D:\Projects\adb_vl\vision_platform\ads\runtime_collection\click_success\click_success_20260718_105945_054\pre_click.png,vision_platform\ads\runtime_collection\click_success\click_success_20260718_105945_054\pre_click.png,file_b31adb46af07f477,asset_7217adfd3f655754,shared,actionable,clean_fullscreen,raw,vision_platform\ads\runtime_collection,960,540,1,content:asset_7217adfd3f655754,train
ads_det_000319,vision_platform\ads\datasets\detector\action_candidate_20260719\images\ads_det_000319.png,D:\Projects\adb_vl\vision_platform\ads\runtime_collection\click_success\click_success_20260718_110018_584\pre_click.png,vision_platform\ads\runtime_collection\click_success\click_success_20260718_110018_584\pre_click.png,file_d63a1e8ca24ef92a,asset_19bbc349541cbdd7,ads,actionable,clean_fullscreen,raw,vision_platform\ads\runtime_collection,540,960,1,content:asset_19bbc349541cbdd7,test
ads_det_000320,vision_platform\ads\datasets\detector\action_candidate_20260719\images\ads_det_000320.png,D:\Projects\adb_vl\vision_platform\ads\runtime_collection\click_success\click_success_20260718_110026_247\pre_click.png,vision_platform\ads\runtime_collection\click_success\click_success_20260718_110026_247\pre_click.png,file_9a2c24f6fb1e42af,asset_99a9b81e66b3c18e,ads,actionable,clean_fullscreen,raw,vision_platform\ads\runtime_collection,540,960,1,content:asset_99a9b81e66b3c18e,train
ads_det_000321,vision_platform\ads\datasets\detector\action_candidate_20260719\images\ads_det_000321.png,D:\Projects\adb_vl\vision_platform\ads\runtime_collection\click_success\click_success_20260718_110032_813\pre_click.png,vision_platform\ads\runtime_collection\click_success\click_success_20260718_110032_813\pre_click.png,file_7564eb45cf9c8528,asset_b7cd20a5945beb9f,ads,actionable,clean_fullscreen,raw,vision_platform\ads\runtime_collection,540,960,1,content:asset_b7cd20a5945beb9f,train
ads_det_000322,vision_platform\ads\datasets\detector\action_candidate_20260719\images\ads_det_000322.png,D:\Projects\adb_vl\vision_platform\ads\runtime_collection\click_success\click_success_20260718_110038_072\pre_click.png,vision_platform\ads\runtime_collection\click_success\click_success_20260718_110038_072\pre_click.png,file_dee9e1c4961009d7,asset_5c23620cad7b6430,shared,actionable,clean_fullscreen,raw,vision_platform\ads\runtime_collection,960,540,1,content:asset_5c23620cad7b6430,train
ads_det_000323,vision_platform\ads\datasets\detector\action_candidate_20260719\images\ads_det_000323.png,D:\Projects\adb_vl\vision_platform\ads\runtime_collection\click_success\click_success_20260718_110044_256\pre_click.png,vision_platform\ads\runtime_collection\click_success\click_success_20260718_110044_256\pre_click.png,file_b75fd60209dcab2f,asset_3689572352d168b4,shared,actionable,clean_fullscreen,raw,vision_platform\ads\runtime_collection,960,540,1,content:asset_3689572352d168b4,test
ads_det_000324,vision_platform\ads\datasets\detector\action_candidate_20260719\images\ads_det_000324.png,D:\Projects\adb_vl\vision_platform\ads\runtime_collection\click_success\click_success_20260718_110114_573\pre_click.png,vision_platform\ads\runtime_collection\click_success\click_success_20260718_110114_573\pre_click.png,file_1b48c02f71399e8f,asset_eae065bae3dae185,ads,actionable,clean_fullscreen,raw,vision_platform\ads\runtime_collection,960,540,1,content:asset_eae065bae3dae185,val
ads_det_000325,vision_platform\ads\datasets\detector\action_candidate_20260719\images\ads_det_000325.png,D:\Projects\adb_vl\vision_platform\ads\runtime_collection\click_success\click_success_20260718_110119_442\pre_click.png,vision_platform\ads\runtime_collection\click_success\click_success_20260718_110119_442\pre_click.png,file_7557169e920e7e8c,asset_c2e7d538874140e7,shared,actionable,clean_fullscreen,raw,vision_platform\ads\runtime_collection,960,540,1,content:asset_c2e7d538874140e7,train
ads_det_000326,vision_platform\ads\datasets\detector\action_candidate_20260719\images\ads_det_000326.png,D:\Projects\adb_vl\vision_platform\ads\runtime_collection\click_success\click_success_20260718_110319_841\pre_click.png,vision_platform\ads\runtime_collection\click_success\click_success_20260718_110319_841\pre_click.png,file_d1d97a90eae690d7,asset_a69fe5f84a766564,shared,actionable,clean_fullscreen,raw,vision_platform\ads\runtime_collection,960,540,1,content:asset_a69fe5f84a766564,test
ads_det_000327,vision_platform\ads\datasets\detector\action_candidate_20260719\images\ads_det_000327.png,D:\Projects\adb_vl\vision_platform\ads\runtime_collection\click_success\click_success_20260718_110337_701\pre_click.png,vision_platform\ads\runtime_collection\click_success\click_success_20260718_110337_701\pre_click.png,file_0573961976a03050,asset_3eeb22b551675460,ads,actionable,clean_fullscreen,raw,vision_platform\ads\runtime_collection,960,540,1,content:asset_3eeb22b551675460,val
ads_det_000328,vision_platform\ads\datasets\detector\action_candidate_20260719\images\ads_det_000328.png,D:\Projects\adb_vl\vision_platform\ads\runtime_collection\click_success\click_success_20260718_110342_704\pre_click.png,vision_platform\ads\runtime_collection\click_success\click_success_20260718_110342_704\pre_click.png,file_71fb755338f3f257,asset_d5d4b83c327b5c49,shared,actionable,clean_fullscreen,raw,vision_platform\ads\runtime_collection,960,540,1,content:asset_d5d4b83c327b5c49,train
ads_det_000329,vision_platform\ads\datasets\detector\action_candidate_20260719\images\ads_det_000329.png,D:\Projects\adb_vl\vision_platform\ads\runtime_collection\click_success\click_success_20260718_110348_333\pre_click.png,vision_platform\ads\runtime_collection\click_success\click_success_20260718_110348_333\pre_click.png,file_0be5a71b43dcde7d,asset_53310d81fb5be3a1,shared,actionable,clean_fullscreen,raw,vision_platform\ads\runtime_collection,960,540,1,content:asset_53310d81fb5be3a1,train
ads_det_000330,vision_platform\ads\datasets\detector\action_candidate_20260719\images\ads_det_000330.png,D:\Projects\adb_vl\vision_platform\ads\runtime_collection\click_success\click_success_20260718_110406_185\pre_click.png,vision_platform\ads\runtime_collection\click_success\click_success_20260718_110406_185\pre_click.png,file_3cb5ed7cc8311040,asset_ec83c2c1ebe46b39,ads,actionable,clean_fullscreen,raw,vision_platform\ads\runtime_collection,960,540,1,content:asset_ec83c2c1ebe46b39,test
ads_det_000331,vision_platform\ads\datasets\detector\action_candidate_20260719\images\ads_det_000331.png,D:\Projects\adb_vl\vision_platform\ads\runtime_collection\click_success\click_success_20260718_110411_052\pre_click.png,vision_platform\ads\runtime_collection\click_success\click_success_20260718_110411_052\pre_click.png,file_f5bfff148bf4ce72,asset_e73a3b24297bf494,shared,actionable,clean_fullscreen,raw,vision_platform\ads\runtime_collection,960,540,1,content:asset_e73a3b24297bf494,train
ads_det_000332,vision_platform\ads\datasets\detector\action_candidate_20260719\images\ads_det_000332.png,D:\Projects\adb_vl\vision_platform\ads\runtime_collection\click_success\click_success_20260718_110416_718\pre_click.png,vision_platform\ads\runtime_collection\click_success\click_success_20260718_110416_718\pre_click.png,file_aa7cd9606ae8f5d7,asset_136f52c915f46d70,shared,actionable,clean_fullscreen,raw,vision_platform\ads\runtime_collection,960,540,1,content:asset_136f52c915f46d70,train
ads_det_000333,vision_platform\ads\datasets\detector\action_candidate_20260719\images\ads_det_000333.png,D:\Projects\adb_vl\vision_platform\ads\runtime_collection\click_success\click_success_20260718_110434_595\pre_click.png,vision_platform\ads\runtime_collection\click_success\click_success_20260718_110434_595\pre_click.png,file_83db19d2f3f8e426,asset_c5ad53230f43a74c,ads,actionable,clean_fullscreen,raw,vision_platform\ads\runtime_collection,960,540,1,content:asset_c5ad53230f43a74c,test
ads_det_000334,vision_platform\ads\datasets\detector\action_candidate_20260719\images\ads_det_000334.png,D:\Projects\adb_vl\vision_platform\ads\runtime_collection\click_success\click_success_20260718_110439_535\pre_click.png,vision_platform\ads\runtime_collection\click_success\click_success_20260718_110439_535\pre_click.png,file_036daca5cd5d1f0f,asset_f7d2bc8e25e6c590,shared,actionable,clean_fullscreen,raw,vision_platform\ads\runtime_collection,960,540,1,content:asset_f7d2bc8e25e6c590,train
ads_det_000335,vision_platform\ads\datasets\detector\action_candidate_20260719\images\ads_det_000335.png,D:\Projects\adb_vl\vision_platform\ads\runtime_collection\click_success\click_success_20260718_110445_256\pre_click.png,vision_platform\ads\runtime_collection\click_success\click_success_20260718_110445_256\pre_click.png,file_cbb027d36f2e614e,asset_f20bab74d4e23683,shared,actionable,clean_fullscreen,raw,vision_platform\ads\runtime_collection,960,540,1,content:asset_f20bab74d4e23683,train
ads_det_000336,vision_platform\ads\datasets\detector\action_candidate_20260719\images\ads_det_000336.png,D:\Projects\adb_vl\vision_platform\ads\runtime_collection\click_success\click_success_20260718_110503_183\pre_click.png,vision_platform\ads\runtime_collection\click_success\click_success_20260718_110503_183\pre_click.png,file_845b4e90e4ecb54a,asset_9f183babb0c335e7,ads,actionable,clean_fullscreen,raw,vision_platform\ads\runtime_collection,960,540,1,content:asset_9f183babb0c335e7,train
ads_det_000337,vision_platform\ads\datasets\detector\action_candidate_20260719\images\ads_det_000337.png,D:\Projects\adb_vl\vision_platform\ads\runtime_collection\click_success\click_success_20260718_110508_122\pre_click.png,vision_platform\ads\runtime_collection\click_success\click_success_20260718_110508_122\pre_click.png,file_444f77f1bfc574ad,asset_94c5feb948404354,shared,actionable,clean_fullscreen,raw,vision_platform\ads\runtime_collection,960,540,1,content:asset_94c5feb948404354,train
ads_det_000338,vision_platform\ads\datasets\detector\action_candidate_20260719\images\ads_det_000338.png,D:\Projects\adb_vl\vision_platform\ads\runtime_collection\click_success\click_success_20260718_110513_718\pre_click.png,vision_platform\ads\runtime_collection\click_success\click_success_20260718_110513_718\pre_click.png,file_beb2aab2858ef578,asset_dfeb5891e30fb61a,shared,actionable,clean_fullscreen,raw,vision_platform\ads\runtime_collection,960,540,1,content:asset_dfeb5891e30fb61a,test
ads_det_000339,vision_platform\ads\datasets\detector\action_candidate_20260719\images\ads_det_000339.png,D:\Projects\adb_vl\vision_platform\ads\runtime_collection\click_success\click_success_20260718_110531_653\pre_click.png,vision_platform\ads\runtime_collection\click_success\click_success_20260718_110531_653\pre_click.png,file_9d153f88c277c238,asset_8a27add9c53ecdd9,ads,actionable,clean_fullscreen,raw,vision_platform\ads\runtime_collection,960,540,1,content:asset_8a27add9c53ecdd9,train
ads_det_000340,vision_platform\ads\datasets\detector\action_candidate_20260719\images\ads_det_000340.png,D:\Projects\adb_vl\vision_platform\ads\runtime_collection\click_success\click_success_20260718_110536_532\pre_click.png,vision_platform\ads\runtime_collection\click_success\click_success_20260718_110536_532\pre_click.png,file_e8d82399b8282a4f,asset_8449dbc48899b49d,shared,actionable,clean_fullscreen,raw,vision_platform\ads\runtime_collection,960,540,1,content:asset_8449dbc48899b49d,val
