raw_proposal_id,parent_screen_id,parent_screen_path,source_screen_path,bbox,bbox_x,bbox_y,bbox_w,bbox_h,proposal_source,proposal_type,proposal_score,template_name,raw_proposal_crop_path,raw_payload
raw_s0001_0001,screen_0001,D:\Projects\adb_vl\vision_platform\ads\collections\close_x_proposal_collection_pilot_20260720_latest30\screens\screen_0001.png,vision_platform\ads\collections\input_preclick_latest30_20260720\001_click_success_20260720_131754_150_pre_click.png,"[512,147,28,27]",512,147,28,27,geometry_x,x_geometry,0.901446,__geometry_close.png,D:\Projects\adb_vl\vision_platform\ads\collections\close_x_proposal_collection_pilot_20260720_latest30\raw_proposal_crops\raw_s0001_0001.png,"{""score"":0.9014463539151262,""method"":""axis"",""line_down"":[512,147,538,173],""line_up"":[513,173,538,147],""angle_down"":45.0,""angle_up"":135.0,""angle_delta"":0.0,""orth_delta"":0.0,""length_ratio"":0.993464045373835,""center_offset"":0.02079656347632408,""fill"":0.533068783068783,""axis_union"":0.771712158808933,""axis_balance"":0.9079754601226994,""continuity"":1.0,""max_gap_ratio"":0.0,""continuity_coverage"":1.0,""axis_span_down_px"":27.04683494567871,""axis_span_up_px"":26.870058059692383,""min_arm_pixels"":61,""min_arm_extent_px"":9.468582153320312,""min_arm_coverage"":1.0,""center_pixels"":48,""center_thickness_ratio"":0.689878481116234,""arm_down_neg_px"":61,""arm_down_pos_px"":77,""arm_up_neg_px"":61,""arm_up_pos_px"":74,""arm_down_neg_cov"":1.0,""arm_down_pos_cov"":1.0,""arm_up_neg_cov"":1.0,""arm_up_pos_cov"":1.0,""axis_core_union"":0.4317617866004963,""axis_core_balance"":0.8913043478260869,""fit_error"":0.0,""extra_error"":0.0,""missing_error"":0.0,""center_extra_error"":0.0,""stroke_width"":0.0,""gate"":""white_strict"",""mode"":""white""}"
raw_s0001_0002,screen_0001,D:\Projects\adb_vl\vision_platform\ads\collections\close_x_proposal_collection_pilot_20260720_latest30\screens\screen_0001.png,vision_platform\ads\collections\input_preclick_latest30_20260720\001_click_success_20260720_131754_150_pre_click.png,"[677,132,23,22]",677,132,23,22,geometry_x,x_geometry,0.884426,__geometry_close.png,D:\Projects\adb_vl\vision_platform\ads\collections\close_x_proposal_collection_pilot_20260720_latest30\raw_proposal_crops\raw_s0001_0002.png,"{""score"":0.8844258913190504,""method"":""axis"",""line_down"":[677,132,699,153],""line_up"":[678,153,699,132],""angle_down"":45.0,""angle_up"":135.0,""angle_delta"":0.0,""orth_delta"":0.0,""length_ratio"":0.9200000215791865,""center_offset"":0.014859193004667759,""fill"":0.5355731225296443,""axis_union"":0.7970479704797048,""axis_balance"":0.8620689655172413,""continuity"":1.0,""max_gap_ratio"":0.0,""continuity_coverage"":1.0,""axis_span_down_px"":17.677669525146484,""axis_span_up_px"":16.263456344604492,""min_arm_pixels"":35,""min_arm_extent_px"":4.8238606452941895,""min_arm_coverage"":1.0,""center_pixels"":60,""center_thickness_ratio"":1.0805663860057635,""arm_down_neg_px"":43,""arm_down_pos_px"":43,""arm_up_neg_px"":35,""arm_up_pos_px"":45,""arm_down_neg_cov"":1.0,""arm_down_pos_cov"":1.0,""arm_up_neg_cov"":1.0,""arm_up_pos_cov"":1.0,""axis_core_union"":0.34317343173431736,""axis_core_balance"":0.86,""fit_error"":0.0,""extra_error"":0.0,""missing_error"":0.0,""center_extra_error"":0.0,""stroke_width"":0.0,""gate"":""black_soft"",""mode"":""black""}"
raw_s0001_0003,screen_0001,D:\Projects\adb_vl\vision_platform\ads\collections\close_x_proposal_collection_pilot_20260720_latest30\screens\screen_0001.png,vision_platform\ads\collections\input_preclick_latest30_20260720\001_click_success_20260720_131754_150_pre_click.png,"[863,106,14,14]",863,106,14,14,geometry_x,x_geometry,0.855596,__geometry_close.png,D:\Projects\adb_vl\vision_platform\ads\collections\close_x_proposal_collection_pilot_20260720_latest30\raw_proposal_crops\raw_s0001_0003.png,"{""score"":0.8555960855096536,""method"":""axis"",""line_down"":[863,106,876,119],""line_up"":[863,119,876,106],""angle_down"":45.0,""angle_up"":135.0,""angle_delta"":0.0,""orth_delta"":0.0,""length_ratio"":0.9084745307075486,""center_offset"":0.07325443625450134,""fill"":0.3826530612244898,""axis_union"":0.8933333333333333,""axis_balance"":0.717948717948718,""continuity"":1.0,""max_gap_ratio"":0.0,""continuity_coverage"":1.0,""axis_span_down_px"":9.47523021697998,""axis_span_up_px"":10.429824829101562,""min_arm_pixels"":0,""min_arm_extent_px"":0.0,""min_arm_coverage"":0.0,""center_pixels"":16,""center_thickness_ratio"":0.8496981250996491,""arm_down_neg_px"":0,""arm_down_pos_px"":21,""arm_up_neg_px"":11,""arm_up_pos_px"":19,""arm_down_neg_cov"":0.0,""arm_down_pos_cov"":1.0,""arm_up_neg_cov"":1.0,""arm_up_pos_cov"":1.0,""axis_core_union"":0.48,""axis_core_balance"":1.0,""fit_error"":0.0,""extra_error"":0.0,""missing_error"":0.0,""center_extra_error"":0.0,""stroke_width"":0.0,""gate"":""black_soft"",""mode"":""black""}"
raw_s0001_0004,screen_0001,D:\Projects\adb_vl\vision_platform\ads\collections\close_x_proposal_collection_pilot_20260720_latest30\screens\screen_0001.png,vision_platform\ads\collections\input_preclick_latest30_20260720\001_click_success_20260720_131754_150_pre_click.png,"[332,117,8,10]",332,117,8,10,geometry_x,x_geometry,0.818824,__geometry_close.png,D:\Projects\adb_vl\vision_platform\ads\collections\close_x_proposal_collection_pilot_20260720_latest30\raw_proposal_crops\raw_s0001_0004.png,"{""score"":0.8188239171193021,""method"":""axis"",""line_down"":[332,118,339,125],""line_up"":[332,125,339,118],""angle_down"":45.0,""angle_up"":135.0,""angle_delta"":0.0,""orth_delta"":0.0,""length_ratio"":0.9148935697038558,""center_offset"":0.05794340372085571,""fill"":0.55,""axis_union"":0.6363636363636364,""axis_balance"":0.8666666666666667,""continuity"":1.0,""max_gap_ratio"":0.0,""continuity_coverage"":1.0,""axis_span_down_px"":6.646803855895996,""axis_span_up_px"":6.081118106842041,""min_arm_pixels"":1,""min_arm_extent_px"":0.6213202476501465,""min_arm_coverage"":0.25,""center_pixels"":12,""center_thickness_ratio"":1.6989218571182132,""arm_down_neg_px"":1,""arm_down_pos_px"":8,""arm_up_neg_px"":2,""arm_up_pos_px"":5,""arm_down_neg_cov"":0.25,""arm_down_pos_cov"":1.0,""arm_up_neg_cov"":0.5,""arm_up_pos_cov"":0.75,""axis_core_union"":0.6363636363636364,""axis_core_balance"":0.8666666666666667,""fit_error"":0.0,""extra_error"":0.0,""missing_error"":0.0,""center_extra_error"":0.0,""stroke_width"":0.0,""gate"":""black_strict"",""mode"":""black""}"
raw_s0001_0005,screen_0001,D:\Projects\adb_vl\vision_platform\ads\collections\close_x_proposal_collection_pilot_20260720_latest30\screens\screen_0001.png,vision_platform\ads\collections\input_preclick_latest30_20260720\001_click_success_20260720_131754_150_pre_click.png,"[593,105,27,27]",593,105,27,27,geometry_x,x_geometry,0.810386,__geometry_close.png,D:\Projects\adb_vl\vision_platform\ads\collections\close_x_proposal_collection_pilot_20260720_latest30\raw_proposal_crops\raw_s0001_0005.png,"{""score"":0.8103855736651702,""method"":""axis"",""line_down"":[593,105,619,131],""line_up"":[593,131,619,105],""angle_down"":45.0,""angle_up"":135.0,""angle_delta"":0.0,""orth_delta"":0.0,""length_ratio"":0.730337134110669,""center_offset"":0.032134272158145905,""fill"":0.40054869684499317,""axis_union"":0.7157534246575342,""axis_balance"":0.8660714285714286,""continuity"":1.0,""max_gap_ratio"":0.0,""continuity_coverage"":1.0,""axis_span_down_px"":16.086679458618164,""axis_span_up_px"":22.02637481689453,""min_arm_pixels"":16,""min_arm_extent_px"":3.634951114654541,""min_arm_coverage"":1.0,""center_pixels"":82,""center_thickness_ratio"":1.6143790469388482,""arm_down_neg_px"":16,""arm_down_pos_px"":35,""arm_up_neg_px"":55,""arm_up_pos_px"":28,""arm_down_neg_cov"":1.0,""arm_down_pos_cov"":1.0,""arm_up_neg_cov"":1.0,""arm_up_pos_cov"":1.0,""axis_core_union"":0.4623287671232877,""axis_core_balance"":0.9565217391304348,""fit_error"":0.0,""extra_error"":0.0,""missing_error"":0.0,""center_extra_error"":0.0,""stroke_width"":0.0,""gate"":""black_strict"",""mode"":""black""}"
raw_s0001_0006,screen_0001,D:\Projects\adb_vl\vision_platform\ads\collections\close_x_proposal_collection_pilot_20260720_latest30\screens\screen_0001.png,vision_platform\ads\collections\input_preclick_latest30_20260720\001_click_success_20260720_131754_150_pre_click.png,"[867,131,9,9]",867,131,9,9,geometry_x,x_geometry,0.804688,__geometry_close.png,D:\Projects\adb_vl\vision_platform\ads\collections\close_x_proposal_collection_pilot_20260720_latest30\raw_proposal_crops\raw_s0001_0006.png,"{""score"":0.8046879873877786,""method"":""axis"",""line_down"":[867,131,875,139],""line_up"":[867,139,875,131],""angle_down"":45.0,""angle_up"":135.0,""angle_delta"":0.0,""orth_delta"":0.0,""length_ratio"":0.8368421755001261,""center_offset"":0.04863094910979271,""fill"":0.49382716049382713,""axis_union"":0.875,""axis_balance"":0.5416666666666666,""continuity"":1.0,""max_gap_ratio"":0.0,""continuity_coverage"":1.0,""axis_span_down_px"":6.7175140380859375,""axis_span_up_px"":5.621499061584473,""min_arm_pixels"":2,""min_arm_extent_px"":0.6213202476501465,""min_arm_coverage"":0.25,""center_pixels"":13,""center_thickness_ratio"":1.101078242494115,""arm_down_neg_px"":11,""arm_down_pos_px"":2,""arm_up_neg_px"":4,""arm_up_pos_px"":5,""arm_down_neg_cov"":1.0,""arm_down_pos_cov"":0.25,""arm_up_neg_cov"":0.5,""arm_up_pos_cov"":0.75,""axis_core_union"":0.65,""axis_core_balance"":0.5294117647058824,""fit_error"":0.0,""extra_error"":0.0,""missing_error"":0.0,""center_extra_error"":0.0,""stroke_width"":0.0,""gate"":""black_strict"",""mode"":""black""}"
raw_s0001_0007,screen_0001,D:\Projects\adb_vl\vision_platform\ads\collections\close_x_proposal_collection_pilot_20260720_latest30\screens\screen_0001.png,vision_platform\ads\collections\input_preclick_latest30_20260720\001_click_success_20260720_131754_150_pre_click.png,"[924,17,16,12]",924,17,16,12,geometry_x,x_geometry,0.775111,__geometry_close.png,D:\Projects\adb_vl\vision_platform\ads\collections\close_x_proposal_collection_pilot_20260720_latest30\raw_proposal_crops\raw_s0001_0007.png,"{""score"":0.7751105260680419,""method"":""axis"",""line_down"":[926,17,937,28],""line_up"":[926,28,937,17],""angle_down"":45.0,""angle_up"":135.0,""angle_delta"":0.0,""orth_delta"":0.0,""length_ratio"":0.857692274174342,""center_offset"":0.11298602819442749,""fill"":0.25,""axis_union"":0.5625,""axis_balance"":0.9285714285714286,""continuity"":0.5102040816326531,""max_gap_ratio"":0.2857142857142857,""continuity_coverage"":0.7142857142857143,""axis_span_down_px"":9.192388534545898,""axis_span_up_px"":7.884240627288818,""min_arm_pixels"":0,""min_arm_extent_px"":0.0,""min_arm_coverage"":0.0,""center_pixels"":12,""center_thickness_ratio"":1.548703246646457,""arm_down_neg_px"":7,""arm_down_pos_px"":2,""arm_up_neg_px"":0,""arm_up_pos_px"":9,""arm_down_neg_cov"":0.75,""arm_down_pos_cov"":0.25,""arm_up_neg_cov"":0.0,""arm_up_pos_cov"":0.75,""axis_core_union"":0.4166666666666667,""axis_core_balance"":0.8181818181818182,""fit_error"":0.0,""extra_error"":0.0,""missing_error"":0.0,""center_extra_error"":0.0,""stroke_width"":0.0,""gate"":""black_strict"",""mode"":""black""}"
raw_s0002_0001,screen_0002,D:\Projects\adb_vl\vision_platform\ads\collections\close_x_proposal_collection_pilot_20260720_latest30\screens\screen_0002.png,vision_platform\ads\collections\input_preclick_latest30_20260720\002_click_success_20260720_131747_541_pre_click.png,"[909,58,43,46]",909,58,43,46,close_template,template_match,0.819788,ad_issue_20260606_045316_roi_0.png,D:\Projects\adb_vl\vision_platform\ads\collections\close_x_proposal_collection_pilot_20260720_latest30\raw_proposal_crops\raw_s0002_0001.png,"{""brightness_ratio"":1.0074487692456426}"
raw_s0002_0002,screen_0002,D:\Projects\adb_vl\vision_platform\ads\collections\close_x_proposal_collection_pilot_20260720_latest30\screens\screen_0002.png,vision_platform\ads\collections\input_preclick_latest30_20260720\002_click_success_20260720_131747_541_pre_click.png,"[580,11,43,46]",580,11,43,46,close_template,template_match,0.780801,ad_issue_20260606_045316_roi_0.png,D:\Projects\adb_vl\vision_platform\ads\collections\close_x_proposal_collection_pilot_20260720_latest30\raw_proposal_crops\raw_s0002_0002.png,"{""brightness_ratio"":0.7813192913299881}"
raw_s0002_0003,screen_0002,D:\Projects\adb_vl\vision_platform\ads\collections\close_x_proposal_collection_pilot_20260720_latest30\screens\screen_0002.png,vision_platform\ads\collections\input_preclick_latest30_20260720\002_click_success_20260720_131747_541_pre_click.png,"[30,29,74,23]",30,29,74,23,close_template,template_match,0.968971,close_11.png,D:\Projects\adb_vl\vision_platform\ads\collections\close_x_proposal_collection_pilot_20260720_latest30\raw_proposal_crops\raw_s0002_0003.png,"{""brightness_ratio"":1.3939277293080696}"
raw_s0002_0004,screen_0002,D:\Projects\adb_vl\vision_platform\ads\collections\close_x_proposal_collection_pilot_20260720_latest30\screens\screen_0002.png,vision_platform\ads\collections\input_preclick_latest30_20260720\002_click_success_20260720_131747_541_pre_click.png,"[21,24,87,33]",21,24,87,33,close_template,template_match,0.847566,close_15.png,D:\Projects\adb_vl\vision_platform\ads\collections\close_x_proposal_collection_pilot_20260720_latest30\raw_proposal_crops\raw_s0002_0004.png,"{""brightness_ratio"":2.3178537713129757}"
raw_s0002_0005,screen_0002,D:\Projects\adb_vl\vision_platform\ads\collections\close_x_proposal_collection_pilot_20260720_latest30\screens\screen_0002.png,vision_platform\ads\collections\input_preclick_latest30_20260720\002_click_success_20260720_131747_541_pre_click.png,"[375,175,43,24]",375,175,43,24,close_template,template_match,0.80705,close_20.png,D:\Projects\adb_vl\vision_platform\ads\collections\close_x_proposal_collection_pilot_20260720_latest30\raw_proposal_crops\raw_s0002_0005.png,"{""brightness_ratio"":0.934928039313834}"
raw_s0002_0006,screen_0002,D:\Projects\adb_vl\vision_platform\ads\collections\close_x_proposal_collection_pilot_20260720_latest30\screens\screen_0002.png,vision_platform\ads\collections\input_preclick_latest30_20260720\002_click_success_20260720_131747_541_pre_click.png,"[451,141,43,24]",451,141,43,24,close_template,template_match,0.803485,close_20.png,D:\Projects\adb_vl\vision_platform\ads\collections\close_x_proposal_collection_pilot_20260720_latest30\raw_proposal_crops\raw_s0002_0006.png,"{""brightness_ratio"":0.9179059578915446}"
raw_s0002_0007,screen_0002,D:\Projects\adb_vl\vision_platform\ads\collections\close_x_proposal_collection_pilot_20260720_latest30\screens\screen_0002.png,vision_platform\ads\collections\input_preclick_latest30_20260720\002_click_success_20260720_131747_541_pre_click.png,"[513,113,43,24]",513,113,43,24,close_template,template_match,0.802123,close_20.png,D:\Projects\adb_vl\vision_platform\ads\collections\close_x_proposal_collection_pilot_20260720_latest30\raw_proposal_crops\raw_s0002_0007.png,"{""brightness_ratio"":0.8791905054612511}"
raw_s0002_0008,screen_0002,D:\Projects\adb_vl\vision_platform\ads\collections\close_x_proposal_collection_pilot_20260720_latest30\screens\screen_0002.png,vision_platform\ads\collections\input_preclick_latest30_20260720\002_click_success_20260720_131747_541_pre_click.png,"[457,23,38,25]",457,23,38,25,close_template,template_match,0.744757,close_4.png,D:\Projects\adb_vl\vision_platform\ads\collections\close_x_proposal_collection_pilot_20260720_latest30\raw_proposal_crops\raw_s0002_0008.png,"{""brightness_ratio"":0.7707581732248232}"
raw_s0002_0009,screen_0002,D:\Projects\adb_vl\vision_platform\ads\collections\close_x_proposal_collection_pilot_20260720_latest30\screens\screen_0002.png,vision_platform\ads\collections\input_preclick_latest30_20260720\002_click_success_20260720_131747_541_pre_click.png,"[386,70,38,25]",386,70,38,25,close_template,template_match,0.728607,close_4.png,D:\Projects\adb_vl\vision_platform\ads\collections\close_x_proposal_collection_pilot_20260720_latest30\raw_proposal_crops\raw_s0002_0009.png,"{""brightness_ratio"":1.2588885231724398}"
raw_s0002_0010,screen_0002,D:\Projects\adb_vl\vision_platform\ads\collections\close_x_proposal_collection_pilot_20260720_latest30\screens\screen_0002.png,vision_platform\ads\collections\input_preclick_latest30_20260720\002_click_success_20260720_131747_541_pre_click.png,"[76,34,16,18]",76,34,16,18,geometry_x,x_geometry,0.924219,__geometry_close.png,D:\Projects\adb_vl\vision_platform\ads\collections\close_x_proposal_collection_pilot_20260720_latest30\raw_proposal_crops\raw_s0002_0010.png,"{""score"":0.9242185426133497,""method"":""axis"",""line_down"":[76,35,91,50],""line_up"":[76,50,91,35],""angle_down"":45.0,""angle_up"":135.0,""angle_delta"":0.0,""orth_delta"":0.0,""length_ratio"":1.0,""center_offset"":0.047845251858234406,""fill"":0.4965277777777778,""axis_union"":0.8111888111888111,""axis_balance"":1.0,""continuity"":1.0,""max_gap_ratio"":0.0,""continuity_coverage"":1.0,""axis_span_down_px"":14.142134666442871,""axis_span_up_px"":14.142134666442871,""min_arm_pixels"":13,""min_arm_extent_px"":2.6725902557373047,""min_arm_coverage"":1.0,""center_pixels"":26,""center_thickness_ratio"":0.8700882719951111,""arm_down_neg_px"":13,""arm_down_pos_px"":36,""arm_up_neg_px"":13,""arm_up_pos_px"":36,""arm_down_neg_cov"":1.0,""arm_down_pos_cov"":1.0,""arm_up_neg_cov"":1.0,""arm_up_pos_cov"":1.0,""axis_core_union"":0.40559440559440557,""axis_core_balance"":1.0,""fit_error"":0.0,""extra_error"":0.0,""missing_error"":0.0,""center_extra_error"":0.0,""stroke_width"":0.0,""gate"":""white_soft"",""mode"":""white""}"
raw_s0002_0011,screen_0002,D:\Projects\adb_vl\vision_platform\ads\collections\close_x_proposal_collection_pilot_20260720_latest30\screens\screen_0002.png,vision_platform\ads\collections\input_preclick_latest30_20260720\002_click_success_20260720_131747_541_pre_click.png,"[905,28,28,30]",905,28,28,30,geometry_x,x_geometry,0.884352,__geometry_close.png,D:\Projects\adb_vl\vision_platform\ads\collections\close_x_proposal_collection_pilot_20260720_latest30\raw_proposal_crops\raw_s0002_0011.png,"{""score"":0.884351602019332,""method"":""axis"",""line_down"":[905,29,932,56],""line_up"":[905,56,932,29],""angle_down"":45.0,""angle_up"":135.0,""angle_delta"":0.0,""orth_delta"":0.0,""length_ratio"":1.0,""center_offset"":0.07008671015501022,""fill"":0.4297619047619048,""axis_union"":0.7451523545706371,""axis_balance"":0.9492753623188406,""continuity"":1.0,""max_gap_ratio"":0.0,""continuity_coverage"":1.0,""axis_span_down_px"":25.45584487915039,""axis_span_up_px"":25.45584487915039,""min_arm_pixels"":36,""min_arm_extent_px"":4.0052809715271,""min_arm_coverage"":1.0,""center_pixels"":58,""center_thickness_ratio"":0.7095043294065126,""arm_down_neg_px"":78,""arm_down_pos_px"":38,""arm_up_neg_px"":36,""arm_up_pos_px"":71,""arm_down_neg_cov"":1.0,""arm_down_pos_cov"":1.0,""arm_up_neg_cov"":1.0,""arm_up_pos_cov"":1.0,""axis_core_union"":0.4487534626038781,""axis_core_balance"":1.0,""fit_error"":0.0,""extra_error"":0.0,""missing_error"":0.0,""center_extra_error"":0.0,""stroke_width"":0.0,""gate"":""white_soft"",""mode"":""white""}"
raw_s0003_0001,screen_0003,D:\Projects\adb_vl\vision_platform\ads\collections\close_x_proposal_collection_pilot_20260720_latest30\screens\screen_0003.png,vision_platform\ads\collections\input_preclick_latest30_20260720\003_click_success_20260720_131727_006_pre_click.png,"[909,58,43,46]",909,58,43,46,close_template,template_match,0.83119,ad_issue_20260606_045316_roi_0.png,D:\Projects\adb_vl\vision_platform\ads\collections\close_x_proposal_collection_pilot_20260720_latest30\raw_proposal_crops\raw_s0003_0001.png,"{""brightness_ratio"":1.043905169698463}"
raw_s0003_0002,screen_0003,D:\Projects\adb_vl\vision_platform\ads\collections\close_x_proposal_collection_pilot_20260720_latest30\screens\screen_0003.png,vision_platform\ads\collections\input_preclick_latest30_20260720\003_click_success_20260720_131727_006_pre_click.png,"[30,29,74,23]",30,29,74,23,close_template,template_match,0.96631,close_11.png,D:\Projects\adb_vl\vision_platform\ads\collections\close_x_proposal_collection_pilot_20260720_latest30\raw_proposal_crops\raw_s0003_0002.png,"{""brightness_ratio"":1.4733993508063}"
raw_s0003_0003,screen_0003,D:\Projects\adb_vl\vision_platform\ads\collections\close_x_proposal_collection_pilot_20260720_latest30\screens\screen_0003.png,vision_platform\ads\collections\input_preclick_latest30_20260720\003_click_success_20260720_131727_006_pre_click.png,"[21,24,87,33]",21,24,87,33,close_template,template_match,0.85045,close_15.png,D:\Projects\adb_vl\vision_platform\ads\collections\close_x_proposal_collection_pilot_20260720_latest30\raw_proposal_crops\raw_s0003_0003.png,"{""brightness_ratio"":2.4797495424332916}"
raw_s0003_0004,screen_0003,D:\Projects\adb_vl\vision_platform\ads\collections\close_x_proposal_collection_pilot_20260720_latest30\screens\screen_0003.png,vision_platform\ads\collections\input_preclick_latest30_20260720\003_click_success_20260720_131727_006_pre_click.png,"[76,35,16,17]",76,35,16,17,geometry_x,x_geometry,0.925243,__geometry_close.png,D:\Projects\adb_vl\vision_platform\ads\collections\close_x_proposal_collection_pilot_20260720_latest30\raw_proposal_crops\raw_s0003_0004.png,"{""score"":0.9252431993402422,""method"":""axis"",""line_down"":[76,36,91,51],""line_up"":[76,51,91,35],""angle_down"":45.0,""angle_up"":135.0,""angle_delta"":0.0,""orth_delta"":0.0,""length_ratio"":1.0,""center_offset"":0.04411395639181137,""fill"":0.49264705882352944,""axis_union"":0.8805970149253731,""axis_balance"":0.9032258064516129,""continuity"":1.0,""max_gap_ratio"":0.0,""continuity_coverage"":1.0,""axis_span_down_px"":14.142135620117188,""axis_span_up_px"":14.142135620117188,""min_arm_pixels"":13,""min_arm_extent_px"":3.0261435508728027,""min_arm_coverage"":1.0,""center_pixels"":22,""center_thickness_ratio"":0.7888271030390098,""arm_down_neg_px"":13,""arm_down_pos_px"":34,""arm_up_neg_px"":13,""arm_up_pos_px"":34,""arm_down_neg_cov"":1.0,""arm_down_pos_cov"":1.0,""arm_up_neg_cov"":1.0,""arm_up_pos_cov"":1.0,""axis_core_union"":0.5373134328358209,""axis_core_balance"":0.9459459459459459,""fit_error"":0.0,""extra_error"":0.0,""missing_error"":0.0,""center_extra_error"":0.0,""stroke_width"":0.0,""gate"":""white_strict"",""mode"":""white""}"
raw_s0003_0005,screen_0003,D:\Projects\adb_vl\vision_platform\ads\collections\close_x_proposal_collection_pilot_20260720_latest30\screens\screen_0003.png,vision_platform\ads\collections\input_preclick_latest30_20260720\003_click_success_20260720_131727_006_pre_click.png,"[598,141,17,16]",598,141,17,16,geometry_x,x_geometry,0.918508,__geometry_close.png,D:\Projects\adb_vl\vision_platform\ads\collections\close_x_proposal_collection_pilot_20260720_latest30\raw_proposal_crops\raw_s0003_0005.png,"{""score"":0.9185075803414794,""method"":""axis"",""line_down"":[599,141,614,156],""line_up"":[599,156,613,141],""angle_down"":45.0,""angle_up"":135.0,""angle_delta"":0.0,""orth_delta"":0.0,""length_ratio"":0.9856262456081426,""center_offset"":0.024461986497044563,""fill"":0.41544117647058826,""axis_union"":0.831858407079646,""axis_balance"":0.9183673469387755,""continuity"":1.0,""max_gap_ratio"":0.0,""continuity_coverage"":1.0,""axis_span_down_px"":17.218050003051758,""axis_span_up_px"":16.970561981201172,""min_arm_pixels"":18,""min_arm_extent_px"":5.571728229522705,""min_arm_coverage"":1.0,""center_pixels"":10,""center_thickness_ratio"":0.4905339702963829,""arm_down_neg_px"":23,""arm_down_pos_px"":20,""arm_up_neg_px"":22,""arm_up_pos_px"":18,""arm_down_neg_cov"":1.0,""arm_down_pos_cov"":1.0,""arm_up_neg_cov"":1.0,""arm_up_pos_cov"":1.0,""axis_core_union"":0.5132743362831859,""axis_core_balance"":0.8709677419354839,""fit_error"":0.0,""extra_error"":0.0,""missing_error"":0.0,""center_extra_error"":0.0,""stroke_width"":0.0,""gate"":""white_strict"",""mode"":""white""}"
raw_s0003_0006,screen_0003,D:\Projects\adb_vl\vision_platform\ads\collections\close_x_proposal_collection_pilot_20260720_latest30\screens\screen_0003.png,vision_platform\ads\collections\input_preclick_latest30_20260720\003_click_success_20260720_131727_006_pre_click.png,"[905,28,28,30]",905,28,28,30,geometry_x,x_geometry,0.880045,__geometry_close.png,D:\Projects\adb_vl\vision_platform\ads\collections\close_x_proposal_collection_pilot_20260720_latest30\raw_proposal_crops\raw_s0003_0006.png,"{""score"":0.8800445686714837,""method"":""axis"",""line_down"":[905,29,932,56],""line_up"":[905,56,932,29],""angle_down"":45.0,""angle_up"":135.0,""angle_delta"":0.0,""orth_delta"":0.0,""length_ratio"":0.998611064697546,""center_offset"":0.08094541728496552,""fill"":0.3595238095238095,""axis_union"":0.7350993377483444,""axis_balance"":0.9646017699115044,""continuity"":1.0,""max_gap_ratio"":0.0,""continuity_coverage"":1.0,""axis_span_down_px"":25.45584487915039,""axis_span_up_px"":25.420488357543945,""min_arm_pixels"":31,""min_arm_extent_px"":4.0052809715271,""min_arm_coverage"":1.0,""center_pixels"":40,""center_thickness_ratio"":0.5623364989606496,""arm_down_neg_px"":69,""arm_down_pos_px"":31,""arm_up_neg_px"":31,""arm_up_pos_px"":61,""arm_down_neg_cov"":1.0,""arm_down_pos_cov"":1.0,""arm_up_neg_cov"":1.0,""arm_up_pos_cov"":1.0,""axis_core_union"":0.4470198675496689,""axis_core_balance"":0.9565217391304348,""fit_error"":0.0,""extra_error"":0.0,""missing_error"":0.0,""center_extra_error"":0.0,""stroke_width"":0.0,""gate"":""white_strict"",""mode"":""white""}"
raw_s0003_0007,screen_0003,D:\Projects\adb_vl\vision_platform\ads\collections\close_x_proposal_collection_pilot_20260720_latest30\screens\screen_0003.png,vision_platform\ads\collections\input_preclick_latest30_20260720\003_click_success_20260720_131727_006_pre_click.png,"[528,141,16,16]",528,141,16,16,geometry_x,x_geometry,0.874889,__geometry_close.png,D:\Projects\adb_vl\vision_platform\ads\collections\close_x_proposal_collection_pilot_20260720_latest30\raw_proposal_crops\raw_s0003_0007.png,"{""score"":0.8748886742849971,""method"":""axis"",""line_down"":[528,141,543,156],""line_up"":[528,156,543,141],""angle_down"":45.0,""angle_up"":135.0,""angle_delta"":0.0,""orth_delta"":0.0,""length_ratio"":0.9958505954702735,""center_offset"":0.020093899220228195,""fill"":0.5234375,""axis_union"":0.746268656716418,""axis_balance"":0.8181818181818182,""continuity"":1.0,""max_gap_ratio"":0.0,""continuity_coverage"":1.0,""axis_span_down_px"":17.04127311706543,""axis_span_up_px"":16.970561981201172,""min_arm_pixels"":16,""min_arm_extent_px"":6.455610752105713,""min_arm_coverage"":1.0,""center_pixels"":12,""center_thickness_ratio"":0.4920686584324043,""arm_down_neg_px"":25,""arm_down_pos_px"":26,""arm_up_neg_px"":25,""arm_up_pos_px"":16,""arm_down_neg_cov"":1.0,""arm_down_pos_cov"":1.0,""arm_up_neg_cov"":1.0,""arm_up_pos_cov"":1.0,""axis_core_union"":0.35074626865671643,""axis_core_balance"":0.88,""fit_error"":0.0,""extra_error"":0.0,""missing_error"":0.0,""center_extra_error"":0.0,""stroke_width"":0.0,""gate"":""white_strict"",""mode"":""white""}"
raw_s0003_0008,screen_0003,D:\Projects\adb_vl\vision_platform\ads\collections\close_x_proposal_collection_pilot_20260720_latest30\screens\screen_0003.png,vision_platform\ads\collections\input_preclick_latest30_20260720\003_click_success_20260720_131727_006_pre_click.png,"[365,123,41,37]",365,123,41,37,geometry_x,x_geometry,0.863337,__geometry_close.png,D:\Projects\adb_vl\vision_platform\ads\collections\close_x_proposal_collection_pilot_20260720_latest30\raw_proposal_crops\raw_s0003_0008.png,"{""score"":0.8633366439780825,""method"":""axis"",""line_down"":[367,123,403,159],""line_up"":[367,159,403,123],""angle_down"":45.0,""angle_up"":135.0,""angle_delta"":0.0,""orth_delta"":0.0,""length_ratio"":0.9591836285314724,""center_offset"":0.013863748870790005,""fill"":0.5418589321028345,""axis_union"":0.7652068126520681,""axis_balance"":0.7668539325842697,""continuity"":1.0,""max_gap_ratio"":0.0,""continuity_coverage"":1.0,""axis_span_down_px"":34.648231506347656,""axis_span_up_px"":33.23401641845703,""min_arm_pixels"":104,""min_arm_extent_px"":9.636348724365234,""min_arm_coverage"":1.0,""center_pixels"":162,""center_thickness_ratio"":1.1009566005568399,""arm_down_neg_px"":106,""arm_down_pos_px"":161,""arm_up_neg_px"":122,""arm_up_pos_px"":104,""arm_down_neg_cov"":1.0,""arm_down_pos_cov"":1.0,""arm_up_neg_cov"":1.0,""arm_up_pos_cov"":1.0,""axis_core_union"":0.4829683698296837,""axis_core_balance"":0.7112068965517241,""fit_error"":0.0,""extra_error"":0.0,""missing_error"":0.0,""center_extra_error"":0.0,""stroke_width"":0.0,""gate"":""white_strict"",""mode"":""white""}"
raw_s0003_0009,screen_0003,D:\Projects\adb_vl\vision_platform\ads\collections\close_x_proposal_collection_pilot_20260720_latest30\screens\screen_0003.png,vision_platform\ads\collections\input_preclick_latest30_20260720\003_click_success_20260720_131727_006_pre_click.png,"[563,141,16,16]",563,141,16,16,geometry_x,x_geometry,0.862207,__geometry_close.png,D:\Projects\adb_vl\vision_platform\ads\collections\close_x_proposal_collection_pilot_20260720_latest30\raw_proposal_crops\raw_s0003_0009.png,"{""score"":0.8622071707691882,""method"":""axis"",""line_down"":[563,141,578,156],""line_up"":[563,156,578,141],""angle_down"":45.0,""angle_up"":135.0,""angle_delta"":0.0,""orth_delta"":0.0,""length_ratio"":0.9739131067065069,""center_offset"":0.011452912352979183,""fill"":0.53515625,""axis_union"":0.7226277372262774,""axis_balance"":0.8,""continuity"":1.0,""max_gap_ratio"":0.0,""continuity_coverage"":1.0,""axis_span_down_px"":16.26345443725586,""axis_span_up_px"":15.839191436767578,""min_arm_pixels"":18,""min_arm_extent_px"":5.925281047821045,""min_arm_coverage"":1.0,""center_pixels"":21,""center_thickness_ratio"":1.005954593123276,""arm_down_neg_px"":24,""arm_down_pos_px"":22,""arm_up_neg_px"":19,""arm_up_pos_px"":18,""arm_down_neg_cov"":1.0,""arm_down_pos_cov"":1.0,""arm_up_neg_cov"":1.0,""arm_up_pos_cov"":1.0,""axis_core_union"":0.3795620437956204,""axis_core_balance"":0.5757575757575758,""fit_error"":0.0,""extra_error"":0.0,""missing_error"":0.0,""center_extra_error"":0.0,""stroke_width"":0.0,""gate"":""white_strict"",""mode"":""white""}"
raw_s0003_0010,screen_0003,D:\Projects\adb_vl\vision_platform\ads\collections\close_x_proposal_collection_pilot_20260720_latest30\screens\screen_0003.png,vision_platform\ads\collections\input_preclick_latest30_20260720\003_click_success_20260720_131727_006_pre_click.png,"[581,140,16,16]",581,140,16,16,geometry_x,x_geometry,0.860947,__geometry_close.png,D:\Projects\adb_vl\vision_platform\ads\collections\close_x_proposal_collection_pilot_20260720_latest30\raw_proposal_crops\raw_s0003_0010.png,"{""score"":0.8609466978377098,""method"":""axis"",""line_down"":[581,140,596,155],""line_up"":[581,155,596,140],""angle_down"":45.0,""angle_up"":135.0,""angle_delta"":0.0,""orth_delta"":0.0,""length_ratio"":0.9573169615145957,""center_offset"":0.033932071179151535,""fill"":0.53515625,""axis_union"":0.7007299270072993,""axis_balance"":0.8823529411764706,""continuity"":1.0,""max_gap_ratio"":0.0,""continuity_coverage"":1.0,""axis_span_down_px"":17.394826889038086,""axis_span_up_px"":16.652362823486328,""min_arm_pixels"":20,""min_arm_extent_px"":5.925281047821045,""min_arm_coverage"":1.0,""center_pixels"":13,""center_thickness_ratio"":0.6208307973507581,""arm_down_neg_px"":25,""arm_down_pos_px"":21,""arm_up_neg_px"":21,""arm_up_pos_px"":20,""arm_down_neg_cov"":1.0,""arm_down_pos_cov"":1.0,""arm_up_neg_cov"":1.0,""arm_up_pos_cov"":1.0,""axis_core_union"":0.36496350364963503,""axis_core_balance"":0.7857142857142857,""fit_error"":0.0,""extra_error"":0.0,""missing_error"":0.0,""center_extra_error"":0.0,""stroke_width"":0.0,""gate"":""white_soft"",""mode"":""white""}"
raw_s0003_0011,screen_0003,D:\Projects\adb_vl\vision_platform\ads\collections\close_x_proposal_collection_pilot_20260720_latest30\screens\screen_0003.png,vision_platform\ads\collections\input_preclick_latest30_20260720\003_click_success_20260720_131727_006_pre_click.png,"[456,140,16,17]",456,140,16,17,geometry_x,x_geometry,0.843268,__geometry_close.png,D:\Projects\adb_vl\vision_platform\ads\collections\close_x_proposal_collection_pilot_20260720_latest30\raw_proposal_crops\raw_s0003_0011.png,"{""score"":0.8432684665066117,""method"":""axis"",""line_down"":[456,141,471,156],""line_up"":[456,156,471,140],""angle_down"":45.0,""angle_up"":135.0,""angle_delta"":0.0,""orth_delta"":0.0,""length_ratio"":0.9791666432517497,""center_offset"":0.006686235312372446,""fill"":0.5073529411764706,""axis_union"":0.717391304347826,""axis_balance"":0.7068965517241379,""continuity"":1.0,""max_gap_ratio"":0.0,""continuity_coverage"":1.0,""axis_span_down_px"":16.970561981201172,""axis_span_up_px"":16.617008209228516,""min_arm_pixels"":17,""min_arm_extent_px"":6.278834819793701,""min_arm_coverage"":1.0,""center_pixels"":13,""center_thickness_ratio"":0.615256256769346,""arm_down_neg_px"":24,""arm_down_pos_px"":24,""arm_up_neg_px"":20,""arm_up_pos_px"":17,""arm_down_neg_cov"":1.0,""arm_down_pos_cov"":1.0,""arm_up_neg_cov"":1.0,""arm_up_pos_cov"":1.0,""axis_core_union"":0.47101449275362317,""axis_core_balance"":0.6666666666666666,""fit_error"":0.0,""extra_error"":0.0,""missing_error"":0.0,""center_extra_error"":0.0,""stroke_width"":0.0,""gate"":""white_soft"",""mode"":""white""}"
raw_s0003_0012,screen_0003,D:\Projects\adb_vl\vision_platform\ads\collections\close_x_proposal_collection_pilot_20260720_latest30\screens\screen_0003.png,vision_platform\ads\collections\input_preclick_latest30_20260720\003_click_success_20260720_131727_006_pre_click.png,"[378,91,11,8]",378,91,11,8,geometry_x,x_geometry,0.809899,__geometry_close.png,D:\Projects\adb_vl\vision_platform\ads\collections\close_x_proposal_collection_pilot_20260720_latest30\raw_proposal_crops\raw_s0003_0012.png,"{""score"":0.8098986063205913,""method"":""axis"",""line_down"":[379,91,386,98],""line_up"":[380,98,386,91],""angle_down"":45.0,""angle_up"":135.0,""angle_delta"":0.0,""orth_delta"":0.0,""length_ratio"":0.8313725187373976,""center_offset"":0.012195121496915817,""fill"":0.4659090909090909,""axis_union"":0.6585365853658537,""axis_balance"":0.8,""continuity"":0.7346938775510204,""max_gap_ratio"":0.14285714285714285,""continuity_coverage"":0.8571428571428571,""axis_span_down_px"":9.01561164855957,""axis_span_up_px"":7.495331764221191,""min_arm_pixels"":5,""min_arm_extent_px"":1.6819806098937988,""min_arm_coverage"":0.75,""center_pixels"":8,""center_thickness_ratio"":1.1744671745620303,""arm_down_neg_px"":5,""arm_down_pos_px"":7,""arm_up_neg_px"":6,""arm_up_pos_px"":5,""arm_down_neg_cov"":1.0,""arm_down_pos_cov"":1.0,""arm_up_neg_cov"":0.75,""arm_up_pos_cov"":1.0,""axis_core_union"":0.34146341463414637,""axis_core_balance"":0.75,""fit_error"":0.0,""extra_error"":0.0,""missing_error"":0.0,""center_extra_error"":0.0,""stroke_width"":0.0,""gate"":""white_strict"",""mode"":""white""}"
raw_s0003_0013,screen_0003,D:\Projects\adb_vl\vision_platform\ads\collections\close_x_proposal_collection_pilot_20260720_latest30\screens\screen_0003.png,vision_platform\ads\collections\input_preclick_latest30_20260720\003_click_success_20260720_131727_006_pre_click.png,"[615,219,27,18]",615,219,27,18,geometry_x,x_geometry,0.76429,__geometry_close.png,D:\Projects\adb_vl\vision_platform\ads\collections\close_x_proposal_collection_pilot_20260720_latest30\raw_proposal_crops\raw_s0003_0013.png,"{""score"":0.7642898186658408,""method"":""axis"",""line_down"":[619,219,637,236],""line_up"":[620,236,637,219],""angle_down"":45.0,""angle_up"":135.0,""angle_delta"":0.0,""orth_delta"":0.0,""length_ratio"":0.7406417586691065,""center_offset"":0.10660503804683685,""fill"":0.2551440329218107,""axis_union"":0.6693548387096774,""axis_balance"":0.8444444444444444,""continuity"":1.0,""max_gap_ratio"":0.0,""continuity_coverage"":1.0,""axis_span_down_px"":9.793429374694824,""axis_span_up_px"":13.222896575927734,""min_arm_pixels"":1,""min_arm_extent_px"":0.30198025703430176,""min_arm_coverage"":0.25,""center_pixels"":19,""center_thickness_ratio"":0.6635858059372095,""arm_down_neg_px"":28,""arm_down_pos_px"":1,""arm_up_neg_px"":38,""arm_up_pos_px"":3,""arm_down_neg_cov"":1.0,""arm_down_pos_cov"":0.25,""arm_up_neg_cov"":1.0,""arm_up_pos_cov"":0.75,""axis_core_union"":0.3790322580645161,""axis_core_balance"":0.88,""fit_error"":0.0,""extra_error"":0.0,""missing_error"":0.0,""center_extra_error"":0.0,""stroke_width"":0.0,""gate"":""black_strict"",""mode"":""black""}"
raw_s0003_0014,screen_0003,D:\Projects\adb_vl\vision_platform\ads\collections\close_x_proposal_collection_pilot_20260720_latest30\screens\screen_0003.png,vision_platform\ads\collections\input_preclick_latest30_20260720\003_click_success_20260720_131727_006_pre_click.png,"[713,221,28,22]",713,221,28,22,geometry_x,x_geometry,0.7617,__geometry_close.png,D:\Projects\adb_vl\vision_platform\ads\collections\close_x_proposal_collection_pilot_20260720_latest30\raw_proposal_crops\raw_s0003_0014.png,"{""score"":0.7616997127322573,""method"":""axis"",""line_down"":[716,221,737,242],""line_up"":[716,242,737,221],""angle_down"":45.0,""angle_up"":135.0,""angle_delta"":0.0,""orth_delta"":0.0,""length_ratio"":0.867491117410124,""center_offset"":0.11382227391004562,""fill"":0.43993506493506496,""axis_union"":0.6531365313653137,""axis_balance"":0.7352941176470589,""continuity"":1.0,""max_gap_ratio"":0.0,""continuity_coverage"":1.0,""axis_span_down_px"":17.35947036743164,""axis_span_up_px"":20.01112174987793,""min_arm_pixels"":12,""min_arm_extent_px"":2.9500274658203125,""min_arm_coverage"":1.0,""center_pixels"":37,""center_thickness_ratio"":0.6949051273935184,""arm_down_neg_px"":18,""arm_down_pos_px"":51,""arm_up_neg_px"":12,""arm_up_pos_px"":75,""arm_down_neg_cov"":1.0,""arm_down_pos_cov"":1.0,""arm_up_neg_cov"":1.0,""arm_up_pos_cov"":1.0,""axis_core_union"":0.42066420664206644,""axis_core_balance"":0.6285714285714286,""fit_error"":0.0,""extra_error"":0.0,""missing_error"":0.0,""center_extra_error"":0.0,""stroke_width"":0.0,""gate"":""black_strict"",""mode"":""black""}"
raw_s0004_0001,screen_0004,D:\Projects\adb_vl\vision_platform\ads\collections\close_x_proposal_collection_pilot_20260720_latest30\screens\screen_0004.png,vision_platform\ads\collections\input_preclick_latest30_20260720\004_click_success_20260720_131706_194_pre_click.png,"[11,85,43,24]",11,85,43,24,close_template,template_match,0.737315,close_20.png,D:\Projects\adb_vl\vision_platform\ads\collections\close_x_proposal_collection_pilot_20260720_latest30\raw_proposal_crops\raw_s0004_0001.png,"{""brightness_ratio"":1.0066392639417205}"
raw_s0004_0002,screen_0004,D:\Projects\adb_vl\vision_platform\ads\collections\close_x_proposal_collection_pilot_20260720_latest30\screens\screen_0004.png,vision_platform\ads\collections\input_preclick_latest30_20260720\004_click_success_20260720_131706_194_pre_click.png,"[67,138,38,25]",67,138,38,25,close_template,template_match,0.736665,close_4.png,D:\Projects\adb_vl\vision_platform\ads\collections\close_x_proposal_collection_pilot_20260720_latest30\raw_proposal_crops\raw_s0004_0002.png,"{""brightness_ratio"":1.2115927811875458}"
raw_s0004_0003,screen_0004,D:\Projects\adb_vl\vision_platform\ads\collections\close_x_proposal_collection_pilot_20260720_latest30\screens\screen_0004.png,vision_platform\ads\collections\input_preclick_latest30_20260720\004_click_success_20260720_131706_194_pre_click.png,"[682,138,13,12]",682,138,13,12,geometry_x,x_geometry,0.92058,__geometry_close.png,D:\Projects\adb_vl\vision_platform\ads\collections\close_x_proposal_collection_pilot_20260720_latest30\raw_proposal_crops\raw_s0004_0003.png,"{""score"":0.9205797761740347,""method"":""axis"",""line_down"":[682,138,694,149],""line_up"":[683,149,694,138],""angle_down"":45.0,""angle_up"":135.0,""angle_delta"":0.0,""orth_delta"":0.0,""length_ratio"":1.0,""center_offset"":0.007713832426816225,""fill"":0.46794871794871795,""axis_union"":0.9041095890410958,""axis_balance"":0.7837837837837838,""continuity"":1.0,""max_gap_ratio"":0.0,""continuity_coverage"":1.0,""axis_span_down_px"":9.192388534545898,""axis_span_up_px"":9.192388534545898,""min_arm_pixels"":10,""min_arm_extent_px"":3.0651025772094727,""min_arm_coverage"":1.0,""center_pixels"":16,""center_thickness_ratio"":1.0249372266424053,""arm_down_neg_px"":13,""arm_down_pos_px"":12,""arm_up_neg_px"":13,""arm_up_pos_px"":10,""arm_down_neg_cov"":1.0,""arm_down_pos_cov"":1.0,""arm_up_neg_cov"":1.0,""arm_up_pos_cov"":1.0,""axis_core_union"":0.3287671232876712,""axis_core_balance"":0.7142857142857143,""fit_error"":0.0,""extra_error"":0.0,""missing_error"":0.0,""center_extra_error"":0.0,""stroke_width"":0.0,""gate"":""white_strict"",""mode"":""white""}"
raw_s0004_0004,screen_0004,D:\Projects\adb_vl\vision_platform\ads\collections\close_x_proposal_collection_pilot_20260720_latest30\screens\screen_0004.png,vision_platform\ads\collections\input_preclick_latest30_20260720\004_click_success_20260720_131706_194_pre_click.png,"[886,109,23,19]",886,109,23,19,geometry_x,x_geometry,0.881888,__geometry_close.png,D:\Projects\adb_vl\vision_platform\ads\collections\close_x_proposal_collection_pilot_20260720_latest30\raw_proposal_crops\raw_s0004_0004.png,"{""score"":0.8818878838826755,""method"":""axis"",""line_down"":[888,109,906,127],""line_up"":[888,127,906,109],""angle_down"":45.0,""angle_up"":135.0,""angle_delta"":0.0,""orth_delta"":0.0,""length_ratio"":0.9282609261646957,""center_offset"":0.06858468800783157,""fill"":0.4897025171624714,""axis_union"":0.7616822429906542,""axis_balance"":0.9878048780487805,""continuity"":1.0,""max_gap_ratio"":0.0,""continuity_coverage"":1.0,""axis_span_down_px"":15.096729278564453,""axis_span_up_px"":16.26345443725586,""min_arm_pixels"":8,""min_arm_extent_px"":1.90974760055542,""min_arm_coverage"":0.75,""center_pixels"":43,""center_thickness_ratio"":1.054276749298224,""arm_down_neg_px"":49,""arm_down_pos_px"":8,""arm_up_neg_px"":36,""arm_up_pos_px"":33,""arm_down_neg_cov"":1.0,""arm_down_pos_cov"":0.75,""arm_up_neg_cov"":1.0,""arm_up_pos_cov"":1.0,""axis_core_union"":0.5093457943925234,""axis_core_balance"":0.9464285714285714,""fit_error"":0.0,""extra_error"":0.0,""missing_error"":0.0,""center_extra_error"":0.0,""stroke_width"":0.0,""gate"":""white_soft"",""mode"":""white""}"
raw_s0004_0005,screen_0004,D:\Projects\adb_vl\vision_platform\ads\collections\close_x_proposal_collection_pilot_20260720_latest30\screens\screen_0004.png,vision_platform\ads\collections\input_preclick_latest30_20260720\004_click_success_20260720_131706_194_pre_click.png,"[588,142,17,15]",588,142,17,15,geometry_x,x_geometry,0.847751,__geometry_close.png,D:\Projects\adb_vl\vision_platform\ads\collections\close_x_proposal_collection_pilot_20260720_latest30\raw_proposal_crops\raw_s0004_0005.png,"{""score"":0.8477508749982592,""method"":""axis"",""line_down"":[589,142,603,156],""line_up"":[589,156,603,142],""angle_down"":45.0,""angle_up"":135.0,""angle_delta"":0.0,""orth_delta"":0.0,""length_ratio"":0.7680000086316746,""center_offset"":0.04999751225113869,""fill"":0.5333333333333333,""axis_union"":0.7647058823529411,""axis_balance"":0.9622641509433962,""continuity"":1.0,""max_gap_ratio"":0.0,""continuity_coverage"":1.0,""axis_span_down_px"":13.57645034790039,""axis_span_up_px"":17.677669525146484,""min_arm_pixels"":11,""min_arm_extent_px"":4.317514419555664,""min_arm_coverage"":1.0,""center_pixels"":29,""center_thickness_ratio"":1.6114569903941385,""arm_down_neg_px"":11,""arm_down_pos_px"":21,""arm_up_neg_px"":28,""arm_up_pos_px"":19,""arm_down_neg_cov"":1.0,""arm_down_pos_cov"":1.0,""arm_up_neg_cov"":1.0,""arm_up_pos_cov"":1.0,""axis_core_union"":0.41911764705882354,""axis_core_balance"":0.8387096774193549,""fit_error"":0.0,""extra_error"":0.0,""missing_error"":0.0,""center_extra_error"":0.0,""stroke_width"":0.0,""gate"":""white_strict"",""mode"":""white""}"
raw_s0004_0006,screen_0004,D:\Projects\adb_vl\vision_platform\ads\collections\close_x_proposal_collection_pilot_20260720_latest30\screens\screen_0004.png,vision_platform\ads\collections\input_preclick_latest30_20260720\004_click_success_20260720_131706_194_pre_click.png,"[593,105,27,27]",593,105,27,27,geometry_x,x_geometry,0.818714,__geometry_close.png,D:\Projects\adb_vl\vision_platform\ads\collections\close_x_proposal_collection_pilot_20260720_latest30\raw_proposal_crops\raw_s0004_0006.png,"{""score"":0.8187140143034114,""method"":""axis"",""line_down"":[593,105,619,131],""line_up"":[593,131,619,105],""angle_down"":45.0,""angle_up"":135.0,""angle_delta"":0.0,""orth_delta"":0.0,""length_ratio"":0.7483660464883398,""center_offset"":0.034302350133657455,""fill"":0.3895747599451303,""axis_union"":0.721830985915493,""axis_balance"":0.8807339449541285,""continuity"":1.0,""max_gap_ratio"":0.0,""continuity_coverage"":1.0,""axis_span_down_px"":16.192745208740234,""axis_span_up_px"":21.637466430664062,""min_arm_pixels"":16,""min_arm_extent_px"":3.634951114654541,""min_arm_coverage"":1.0,""center_pixels"":80,""center_thickness_ratio"":1.599315464861169,""arm_down_neg_px"":16,""arm_down_pos_px"":34,""arm_up_neg_px"":55,""arm_up_pos_px"":27,""arm_down_neg_cov"":1.0,""arm_down_pos_cov"":1.0,""arm_up_neg_cov"":1.0,""arm_up_pos_cov"":1.0,""axis_core_union"":0.4647887323943662,""axis_core_balance"":0.9701492537313433,""fit_error"":0.0,""extra_error"":0.0,""missing_error"":0.0,""center_extra_error"":0.0,""stroke_width"":0.0,""gate"":""white_strict"",""mode"":""white""}"
raw_s0004_0007,screen_0004,D:\Projects\adb_vl\vision_platform\ads\collections\close_x_proposal_collection_pilot_20260720_latest30\screens\screen_0004.png,vision_platform\ads\collections\input_preclick_latest30_20260720\004_click_success_20260720_131706_194_pre_click.png,"[781,127,44,31]",781,127,44,31,geometry_x,x_geometry,0.818537,__geometry_close.png,D:\Projects\adb_vl\vision_platform\ads\collections\close_x_proposal_collection_pilot_20260720_latest30\raw_proposal_crops\raw_s0004_0007.png,"{""score"":0.8185374450179066,""method"":""axis"",""line_down"":[788,127,817,157],""line_up"":[788,157,817,127],""angle_down"":45.0,""angle_up"":135.0,""angle_delta"":0.0,""orth_delta"":0.0,""length_ratio"":0.8779904743117004,""center_offset"":0.05946718528866768,""fill"":0.47653958944281527,""axis_union"":0.6076923076923076,""axis_balance"":0.9458128078817734,""continuity"":1.0,""max_gap_ratio"":0.0,""continuity_coverage"":1.0,""axis_span_down_px"":29.55706214904785,""axis_span_up_px"":25.95081901550293,""min_arm_pixels"":62,""min_arm_extent_px"":8.121475219726562,""min_arm_coverage"":1.0,""center_pixels"":110,""center_thickness_ratio"":1.1677706689888991,""arm_down_neg_px"":99,""arm_down_pos_px"":62,""arm_up_neg_px"":71,""arm_up_pos_px"":79,""arm_down_neg_cov"":1.0,""arm_down_pos_cov"":1.0,""arm_up_neg_cov"":1.0,""arm_up_pos_cov"":1.0,""axis_core_union"":0.3923076923076923,""axis_core_balance"":0.9172932330827067,""fit_error"":0.0,""extra_error"":0.0,""missing_error"":0.0,""center_extra_error"":0.0,""stroke_width"":0.0,""gate"":""white_strict"",""mode"":""white""}"
raw_s0004_0008,screen_0004,D:\Projects\adb_vl\vision_platform\ads\collections\close_x_proposal_collection_pilot_20260720_latest30\screens\screen_0004.png,vision_platform\ads\collections\input_preclick_latest30_20260720\004_click_success_20260720_131706_194_pre_click.png,"[815,4,24,18]",815,4,24,18,geometry_x,x_geometry,0.798751,__geometry_close.png,D:\Projects\adb_vl\vision_platform\ads\collections\close_x_proposal_collection_pilot_20260720_latest30\raw_proposal_crops\raw_s0004_0008.png,"{""score"":0.7987512214939969,""method"":""axis"",""line_down"":[818,4,835,21],""line_up"":[818,21,835,4],""angle_down"":45.0,""angle_up"":135.0,""angle_delta"":0.0,""orth_delta"":0.0,""length_ratio"":0.8894736801009168,""center_offset"":0.16333919763565063,""fill"":0.3541666666666667,""axis_union"":0.673202614379085,""axis_balance"":0.9433962264150944,""continuity"":1.0,""max_gap_ratio"":0.0,""continuity_coverage"":1.0,""axis_span_down_px"":11.950104713439941,""axis_span_up_px"":13.435029029846191,""min_arm_pixels"":0,""min_arm_extent_px"":0.0,""min_arm_coverage"":0.0,""center_pixels"":23,""center_thickness_ratio"":0.7245669970436701,""arm_down_neg_px"":42,""arm_down_pos_px"":0,""arm_up_neg_px"":5,""arm_up_pos_px"":35,""arm_down_neg_cov"":1.0,""arm_down_pos_cov"":0.0,""arm_up_neg_cov"":1.0,""arm_up_pos_cov"":1.0,""axis_core_union"":0.4444444444444444,""axis_core_balance"":0.9428571428571428,""fit_error"":0.0,""extra_error"":0.0,""missing_error"":0.0,""center_extra_error"":0.0,""stroke_width"":0.0,""gate"":""white_strict"",""mode"":""white""}"
raw_s0004_0009,screen_0004,D:\Projects\adb_vl\vision_platform\ads\collections\close_x_proposal_collection_pilot_20260720_latest30\screens\screen_0004.png,vision_platform\ads\collections\input_preclick_latest30_20260720\004_click_success_20260720_131706_194_pre_click.png,"[894,102,8,8]",894,102,8,8,geometry_x,x_geometry,0.660447,__geometry_close.png,D:\Projects\adb_vl\vision_platform\ads\collections\close_x_proposal_collection_pilot_20260720_latest30\raw_proposal_crops\raw_s0004_0009.png,"{""score"":0.660446771415831,""method"":""axis"",""line_down"":[894,102,901,109],""line_up"":[894,109,901,102],""angle_down"":42.5,""angle_up"":137.5,""angle_delta"":2.5,""orth_delta"":0.0,""length_ratio"":0.9941047614722086,""center_offset"":0.15619592368602753,""fill"":0.265625,""axis_union"":0.8235294117647058,""axis_balance"":0.5555555555555556,""continuity"":0.1836734693877551,""max_gap_ratio"":0.5714285714285714,""continuity_coverage"":0.42857142857142855,""axis_span_down_px"":6.2412919998168945,""axis_span_up_px"":6.278304100036621,""min_arm_pixels"":0,""min_arm_extent_px"":0.0,""min_arm_coverage"":0.0,""center_pixels"":3,""center_thickness_ratio"":0.8443694114685059,""arm_down_neg_px"":0,""arm_down_pos_px"":3,""arm_up_neg_px"":7,""arm_up_pos_px"":1,""arm_down_neg_cov"":0.0,""arm_down_pos_cov"":0.5,""arm_up_neg_cov"":1.0,""arm_up_pos_cov"":0.25,""axis_core_union"":0.47058823529411764,""axis_core_balance"":0.6,""fit_error"":0.0,""extra_error"":0.0,""missing_error"":0.0,""center_extra_error"":0.0,""stroke_width"":0.0,""gate"":""black_strict"",""mode"":""black""}"
raw_s0005_0001,screen_0005,D:\Projects\adb_vl\vision_platform\ads\collections\close_x_proposal_collection_pilot_20260720_latest30\screens\screen_0005.png,vision_platform\ads\collections\input_preclick_latest30_20260720\005_click_success_20260720_131658_019_pre_click.png,"[512,147,28,27]",512,147,28,27,geometry_x,x_geometry,0.901446,__geometry_close.png,D:\Projects\adb_vl\vision_platform\ads\collections\close_x_proposal_collection_pilot_20260720_latest30\raw_proposal_crops\raw_s0005_0001.png,"{""score"":0.9014463539151262,""method"":""axis"",""line_down"":[512,147,538,173],""line_up"":[513,173,538,147],""angle_down"":45.0,""angle_up"":135.0,""angle_delta"":0.0,""orth_delta"":0.0,""length_ratio"":0.993464045373835,""center_offset"":0.02079656347632408,""fill"":0.533068783068783,""axis_union"":0.771712158808933,""axis_balance"":0.9079754601226994,""continuity"":1.0,""max_gap_ratio"":0.0,""continuity_coverage"":1.0,""axis_span_down_px"":27.04683494567871,""axis_span_up_px"":26.870058059692383,""min_arm_pixels"":61,""min_arm_extent_px"":9.468582153320312,""min_arm_coverage"":1.0,""center_pixels"":48,""center_thickness_ratio"":0.689878481116234,""arm_down_neg_px"":61,""arm_down_pos_px"":77,""arm_up_neg_px"":61,""arm_up_pos_px"":74,""arm_down_neg_cov"":1.0,""arm_down_pos_cov"":1.0,""arm_up_neg_cov"":1.0,""arm_up_pos_cov"":1.0,""axis_core_union"":0.4317617866004963,""axis_core_balance"":0.8913043478260869,""fit_error"":0.0,""extra_error"":0.0,""missing_error"":0.0,""center_extra_error"":0.0,""stroke_width"":0.0,""gate"":""white_strict"",""mode"":""white""}"
raw_s0005_0002,screen_0005,D:\Projects\adb_vl\vision_platform\ads\collections\close_x_proposal_collection_pilot_20260720_latest30\screens\screen_0005.png,vision_platform\ads\collections\input_preclick_latest30_20260720\005_click_success_20260720_131658_019_pre_click.png,"[677,132,23,22]",677,132,23,22,geometry_x,x_geometry,0.884426,__geometry_close.png,D:\Projects\adb_vl\vision_platform\ads\collections\close_x_proposal_collection_pilot_20260720_latest30\raw_proposal_crops\raw_s0005_0002.png,"{""score"":0.8844258913190504,""method"":""axis"",""line_down"":[677,132,699,153],""line_up"":[678,153,699,132],""angle_down"":45.0,""angle_up"":135.0,""angle_delta"":0.0,""orth_delta"":0.0,""length_ratio"":0.9200000215791865,""center_offset"":0.014859193004667759,""fill"":0.5355731225296443,""axis_union"":0.7970479704797048,""axis_balance"":0.8620689655172413,""continuity"":1.0,""max_gap_ratio"":0.0,""continuity_coverage"":1.0,""axis_span_down_px"":17.677669525146484,""axis_span_up_px"":16.263456344604492,""min_arm_pixels"":35,""min_arm_extent_px"":4.8238606452941895,""min_arm_coverage"":1.0,""center_pixels"":60,""center_thickness_ratio"":1.0805663860057635,""arm_down_neg_px"":43,""arm_down_pos_px"":43,""arm_up_neg_px"":35,""arm_up_pos_px"":45,""arm_down_neg_cov"":1.0,""arm_down_pos_cov"":1.0,""arm_up_neg_cov"":1.0,""arm_up_pos_cov"":1.0,""axis_core_union"":0.34317343173431736,""axis_core_balance"":0.86,""fit_error"":0.0,""extra_error"":0.0,""missing_error"":0.0,""center_extra_error"":0.0,""stroke_width"":0.0,""gate"":""black_soft"",""mode"":""black""}"
raw_s0005_0003,screen_0005,D:\Projects\adb_vl\vision_platform\ads\collections\close_x_proposal_collection_pilot_20260720_latest30\screens\screen_0005.png,vision_platform\ads\collections\input_preclick_latest30_20260720\005_click_success_20260720_131658_019_pre_click.png,"[863,106,14,14]",863,106,14,14,geometry_x,x_geometry,0.855596,__geometry_close.png,D:\Projects\adb_vl\vision_platform\ads\collections\close_x_proposal_collection_pilot_20260720_latest30\raw_proposal_crops\raw_s0005_0003.png,"{""score"":0.8555960855096536,""method"":""axis"",""line_down"":[863,106,876,119],""line_up"":[863,119,876,106],""angle_down"":45.0,""angle_up"":135.0,""angle_delta"":0.0,""orth_delta"":0.0,""length_ratio"":0.9084745307075486,""center_offset"":0.07325443625450134,""fill"":0.3826530612244898,""axis_union"":0.8933333333333333,""axis_balance"":0.717948717948718,""continuity"":1.0,""max_gap_ratio"":0.0,""continuity_coverage"":1.0,""axis_span_down_px"":9.47523021697998,""axis_span_up_px"":10.429824829101562,""min_arm_pixels"":0,""min_arm_extent_px"":0.0,""min_arm_coverage"":0.0,""center_pixels"":16,""center_thickness_ratio"":0.8496981250996491,""arm_down_neg_px"":0,""arm_down_pos_px"":21,""arm_up_neg_px"":11,""arm_up_pos_px"":19,""arm_down_neg_cov"":0.0,""arm_down_pos_cov"":1.0,""arm_up_neg_cov"":1.0,""arm_up_pos_cov"":1.0,""axis_core_union"":0.48,""axis_core_balance"":1.0,""fit_error"":0.0,""extra_error"":0.0,""missing_error"":0.0,""center_extra_error"":0.0,""stroke_width"":0.0,""gate"":""black_soft"",""mode"":""black""}"
raw_s0005_0004,screen_0005,D:\Projects\adb_vl\vision_platform\ads\collections\close_x_proposal_collection_pilot_20260720_latest30\screens\screen_0005.png,vision_platform\ads\collections\input_preclick_latest30_20260720\005_click_success_20260720_131658_019_pre_click.png,"[332,116,8,11]",332,116,8,11,geometry_x,x_geometry,0.811805,__geometry_close.png,D:\Projects\adb_vl\vision_platform\ads\collections\close_x_proposal_collection_pilot_20260720_latest30\raw_proposal_crops\raw_s0005_0004.png,"{""score"":0.8118045819011902,""method"":""axis"",""line_down"":[332,117,339,124],""line_up"":[332,124,339,117],""angle_down"":45.0,""angle_up"":135.0,""angle_delta"":0.0,""orth_delta"":0.0,""length_ratio"":0.9191919357049188,""center_offset"":0.07569057494401932,""fill"":0.5113636363636364,""axis_union"":0.7555555555555555,""axis_balance"":0.7,""continuity"":1.0,""max_gap_ratio"":0.0,""continuity_coverage"":1.0,""axis_span_down_px"":7.000356674194336,""axis_span_up_px"":6.434671401977539,""min_arm_pixels"":2,""min_arm_extent_px"":0.26776695251464844,""min_arm_coverage"":0.25,""center_pixels"":12,""center_thickness_ratio"":1.0489778450323883,""arm_down_neg_px"":2,""arm_down_pos_px"":12,""arm_up_neg_px"":4,""arm_up_pos_px"":8,""arm_down_neg_cov"":0.25,""arm_down_pos_cov"":1.0,""arm_up_neg_cov"":0.75,""arm_up_pos_cov"":1.0,""axis_core_union"":0.4444444444444444,""axis_core_balance"":0.8181818181818182,""fit_error"":0.0,""extra_error"":0.0,""missing_error"":0.0,""center_extra_error"":0.0,""stroke_width"":0.0,""gate"":""black_strict"",""mode"":""black""}"
raw_s0005_0005,screen_0005,D:\Projects\adb_vl\vision_platform\ads\collections\close_x_proposal_collection_pilot_20260720_latest30\screens\screen_0005.png,vision_platform\ads\collections\input_preclick_latest30_20260720\005_click_success_20260720_131658_019_pre_click.png,"[867,131,9,9]",867,131,9,9,geometry_x,x_geometry,0.804688,__geometry_close.png,D:\Projects\adb_vl\vision_platform\ads\collections\close_x_proposal_collection_pilot_20260720_latest30\raw_proposal_crops\raw_s0005_0005.png,"{""score"":0.8046879873877786,""method"":""axis"",""line_down"":[867,131,875,139],""line_up"":[867,139,875,131],""angle_down"":45.0,""angle_up"":135.0,""angle_delta"":0.0,""orth_delta"":0.0,""length_ratio"":0.8368421755001261,""center_offset"":0.04863094910979271,""fill"":0.49382716049382713,""axis_union"":0.875,""axis_balance"":0.5416666666666666,""continuity"":1.0,""max_gap_ratio"":0.0,""continuity_coverage"":1.0,""axis_span_down_px"":6.7175140380859375,""axis_span_up_px"":5.621499061584473,""min_arm_pixels"":2,""min_arm_extent_px"":0.6213202476501465,""min_arm_coverage"":0.25,""center_pixels"":13,""center_thickness_ratio"":1.101078242494115,""arm_down_neg_px"":11,""arm_down_pos_px"":2,""arm_up_neg_px"":4,""arm_up_pos_px"":5,""arm_down_neg_cov"":1.0,""arm_down_pos_cov"":0.25,""arm_up_neg_cov"":0.5,""arm_up_pos_cov"":0.75,""axis_core_union"":0.65,""axis_core_balance"":0.5294117647058824,""fit_error"":0.0,""extra_error"":0.0,""missing_error"":0.0,""center_extra_error"":0.0,""stroke_width"":0.0,""gate"":""black_strict"",""mode"":""black""}"
raw_s0005_0006,screen_0005,D:\Projects\adb_vl\vision_platform\ads\collections\close_x_proposal_collection_pilot_20260720_latest30\screens\screen_0005.png,vision_platform\ads\collections\input_preclick_latest30_20260720\005_click_success_20260720_131658_019_pre_click.png,"[593,105,27,27]",593,105,27,27,geometry_x,x_geometry,0.804057,__geometry_close.png,D:\Projects\adb_vl\vision_platform\ads\collections\close_x_proposal_collection_pilot_20260720_latest30\raw_proposal_crops\raw_s0005_0006.png,"{""score"":0.8040571021252629,""method"":""axis"",""line_down"":[593,105,619,131],""line_up"":[593,131,619,105],""angle_down"":45.0,""angle_up"":135.0,""angle_delta"":0.0,""orth_delta"":0.0,""length_ratio"":0.7109375803424381,""center_offset"":0.03331290930509567,""fill"":0.401920438957476,""axis_union"":0.7167235494880546,""axis_balance"":0.8584070796460177,""continuity"":1.0,""max_gap_ratio"":0.0,""continuity_coverage"":1.0,""axis_span_down_px"":16.086679458618164,""axis_span_up_px"":22.62741470336914,""min_arm_pixels"":16,""min_arm_extent_px"":3.634951114654541,""min_arm_coverage"":1.0,""center_pixels"":82,""center_thickness_ratio"":1.6143790469388482,""arm_down_neg_px"":16,""arm_down_pos_px"":35,""arm_up_neg_px"":56,""arm_up_pos_px"":28,""arm_down_neg_cov"":1.0,""arm_down_pos_cov"":1.0,""arm_up_neg_cov"":1.0,""arm_up_pos_cov"":1.0,""axis_core_union"":0.46075085324232085,""axis_core_balance"":0.9565217391304348,""fit_error"":0.0,""extra_error"":0.0,""missing_error"":0.0,""center_extra_error"":0.0,""stroke_width"":0.0,""gate"":""black_strict"",""mode"":""black""}"
raw_s0005_0007,screen_0005,D:\Projects\adb_vl\vision_platform\ads\collections\close_x_proposal_collection_pilot_20260720_latest30\screens\screen_0005.png,vision_platform\ads\collections\input_preclick_latest30_20260720\005_click_success_20260720_131658_019_pre_click.png,"[398,219,28,22]",398,219,28,22,geometry_x,x_geometry,0.781768,__geometry_close.png,D:\Projects\adb_vl\vision_platform\ads\collections\close_x_proposal_collection_pilot_20260720_latest30\raw_proposal_crops\raw_s0005_0007.png,"{""score"":0.781767544485986,""method"":""axis"",""line_down"":[401,219,422,240],""line_up"":[401,240,422,219],""angle_down"":45.0,""angle_up"":135.0,""angle_delta"":0.0,""orth_delta"":0.0,""length_ratio"":0.8223201189865545,""center_offset"":0.04221957549452782,""fill"":0.36688311688311687,""axis_union"":0.6991150442477876,""axis_balance"":0.6808510638297872,""continuity"":1.0,""max_gap_ratio"":0.0,""continuity_coverage"":1.0,""axis_span_down_px"":24.07698631286621,""axis_span_up_px"":19.79899024963379,""min_arm_pixels"":17,""min_arm_extent_px"":3.55106782913208,""min_arm_coverage"":1.0,""center_pixels"":26,""center_thickness_ratio"":0.6833565227757289,""arm_down_neg_px"":42,""arm_down_pos_px"":46,""arm_up_neg_px"":41,""arm_up_pos_px"":17,""arm_down_neg_cov"":1.0,""arm_down_pos_cov"":1.0,""arm_up_neg_cov"":1.0,""arm_up_pos_cov"":1.0,""axis_core_union"":0.41150442477876104,""axis_core_balance"":0.6909090909090909,""fit_error"":0.0,""extra_error"":0.0,""missing_error"":0.0,""center_extra_error"":0.0,""stroke_width"":0.0,""gate"":""black_soft"",""mode"":""black""}"
raw_s0005_0008,screen_0005,D:\Projects\adb_vl\vision_platform\ads\collections\close_x_proposal_collection_pilot_20260720_latest30\screens\screen_0005.png,vision_platform\ads\collections\input_preclick_latest30_20260720\005_click_success_20260720_131658_019_pre_click.png,"[924,17,16,12]",924,17,16,12,geometry_x,x_geometry,0.775111,__geometry_close.png,D:\Projects\adb_vl\vision_platform\ads\collections\close_x_proposal_collection_pilot_20260720_latest30\raw_proposal_crops\raw_s0005_0008.png,"{""score"":0.7751105260680419,""method"":""axis"",""line_down"":[926,17,937,28],""line_up"":[926,28,937,17],""angle_down"":45.0,""angle_up"":135.0,""angle_delta"":0.0,""orth_delta"":0.0,""length_ratio"":0.857692274174342,""center_offset"":0.11298602819442749,""fill"":0.25,""axis_union"":0.5625,""axis_balance"":0.9285714285714286,""continuity"":0.5102040816326531,""max_gap_ratio"":0.2857142857142857,""continuity_coverage"":0.7142857142857143,""axis_span_down_px"":9.192388534545898,""axis_span_up_px"":7.884240627288818,""min_arm_pixels"":0,""min_arm_extent_px"":0.0,""min_arm_coverage"":0.0,""center_pixels"":12,""center_thickness_ratio"":1.548703246646457,""arm_down_neg_px"":7,""arm_down_pos_px"":2,""arm_up_neg_px"":0,""arm_up_pos_px"":9,""arm_down_neg_cov"":0.75,""arm_down_pos_cov"":0.25,""arm_up_neg_cov"":0.0,""arm_up_pos_cov"":0.75,""axis_core_union"":0.4166666666666667,""axis_core_balance"":0.8181818181818182,""fit_error"":0.0,""extra_error"":0.0,""missing_error"":0.0,""center_extra_error"":0.0,""stroke_width"":0.0,""gate"":""black_strict"",""mode"":""black""}"
raw_s0006_0001,screen_0006,D:\Projects\adb_vl\vision_platform\ads\collections\close_x_proposal_collection_pilot_20260720_latest30\screens\screen_0006.png,vision_platform\ads\collections\input_preclick_latest30_20260720\006_click_success_20260720_131651_761_pre_click.png,"[323,163,43,46]",323,163,43,46,close_template,template_match,0.740467,ad_issue_20260606_045316_roi_0.png,D:\Projects\adb_vl\vision_platform\ads\collections\close_x_proposal_collection_pilot_20260720_latest30\raw_proposal_crops\raw_s0006_0001.png,"{""brightness_ratio"":1.137048310188145}"
raw_s0006_0002,screen_0006,D:\Projects\adb_vl\vision_platform\ads\collections\close_x_proposal_collection_pilot_20260720_latest30\screens\screen_0006.png,vision_platform\ads\collections\input_preclick_latest30_20260720\006_click_success_20260720_131651_761_pre_click.png,"[18,24,50,39]",18,24,50,39,close_template,template_match,0.977737,ad_issue_20260606_052002_roi_15.png,D:\Projects\adb_vl\vision_platform\ads\collections\close_x_proposal_collection_pilot_20260720_latest30\raw_proposal_crops\raw_s0006_0002.png,"{""brightness_ratio"":0.9627446748647742}"
raw_s0006_0003,screen_0006,D:\Projects\adb_vl\vision_platform\ads\collections\close_x_proposal_collection_pilot_20260720_latest30\screens\screen_0006.png,vision_platform\ads\collections\input_preclick_latest30_20260720\006_click_success_20260720_131651_761_pre_click.png,"[25,28,35,29]",25,28,35,29,close_template,template_match,0.951691,close_14.png,D:\Projects\adb_vl\vision_platform\ads\collections\close_x_proposal_collection_pilot_20260720_latest30\raw_proposal_crops\raw_s0006_0003.png,"{""brightness_ratio"":1.6287427374679098}"
raw_s0006_0004,screen_0006,D:\Projects\adb_vl\vision_platform\ads\collections\close_x_proposal_collection_pilot_20260720_latest30\screens\screen_0006.png,vision_platform\ads\collections\input_preclick_latest30_20260720\006_click_success_20260720_131651_761_pre_click.png,"[21,26,40,33]",21,26,40,33,close_template,template_match,0.821972,close_24.png,D:\Projects\adb_vl\vision_platform\ads\collections\close_x_proposal_collection_pilot_20260720_latest30\raw_proposal_crops\raw_s0006_0004.png,"{""brightness_ratio"":3.418089662888334}"
raw_s0006_0005,screen_0006,D:\Projects\adb_vl\vision_platform\ads\collections\close_x_proposal_collection_pilot_20260720_latest30\screens\screen_0006.png,vision_platform\ads\collections\input_preclick_latest30_20260720\006_click_success_20260720_131651_761_pre_click.png,"[722,203,38,25]",722,203,38,25,close_template,template_match,0.783516,close_4.png,D:\Projects\adb_vl\vision_platform\ads\collections\close_x_proposal_collection_pilot_20260720_latest30\raw_proposal_crops\raw_s0006_0005.png,"{""brightness_ratio"":1.0026202507954334}"
raw_s0006_0006,screen_0006,D:\Projects\adb_vl\vision_platform\ads\collections\close_x_proposal_collection_pilot_20260720_latest30\screens\screen_0006.png,vision_platform\ads\collections\input_preclick_latest30_20260720\006_click_success_20260720_131651_761_pre_click.png,"[18,24,49,38]",18,24,49,38,close_template,template_match,0.978986,close_x_left.png,D:\Projects\adb_vl\vision_platform\ads\collections\close_x_proposal_collection_pilot_20260720_latest30\raw_proposal_crops\raw_s0006_0006.png,"{""brightness_ratio"":0.9640081966734583}"
raw_s0006_0007,screen_0006,D:\Projects\adb_vl\vision_platform\ads\collections\close_x_proposal_collection_pilot_20260720_latest30\screens\screen_0006.png,vision_platform\ads\collections\input_preclick_latest30_20260720\006_click_success_20260720_131651_761_pre_click.png,"[29,29,28,28]",29,29,28,28,geometry_x,x_geometry,0.986077,__geometry_close.png,D:\Projects\adb_vl\vision_platform\ads\collections\close_x_proposal_collection_pilot_20260720_latest30\raw_proposal_crops\raw_s0006_0007.png,"{""score"":0.9860766305615669,""method"":""axis"",""line_down"":[29,29,56,56],""line_up"":[29,56,56,29],""angle_down"":45.0,""angle_up"":135.0,""angle_delta"":0.0,""orth_delta"":0.0,""length_ratio"":0.9965909175899432,""center_offset"":0.007181534543633461,""fill"":0.3737244897959184,""axis_union"":1.0,""axis_balance"":0.9533333333333334,""continuity"":1.0,""max_gap_ratio"":0.0,""continuity_coverage"":1.0,""axis_span_down_px"":31.00663185119629,""axis_span_up_px"":31.11269760131836,""min_arm_pixels"":54,""min_arm_extent_px"":12.490562438964844,""min_arm_coverage"":1.0,""center_pixels"":80,""center_thickness_ratio"":1.667127843771919,""arm_down_neg_px"":54,""arm_down_pos_px"":62,""arm_up_neg_px"":54,""arm_up_pos_px"":55,""arm_down_neg_cov"":1.0,""arm_down_pos_cov"":1.0,""arm_up_neg_cov"":1.0,""arm_up_pos_cov"":1.0,""axis_core_union"":1.0,""axis_core_balance"":0.9533333333333334,""fit_error"":0.0,""extra_error"":0.0,""missing_error"":0.0,""center_extra_error"":0.0,""stroke_width"":0.0,""gate"":""white_strict"",""mode"":""white""}"
raw_s0006_0008,screen_0006,D:\Projects\adb_vl\vision_platform\ads\collections\close_x_proposal_collection_pilot_20260720_latest30\screens\screen_0006.png,vision_platform\ads\collections\input_preclick_latest30_20260720\006_click_success_20260720_131651_761_pre_click.png,"[598,141,17,16]",598,141,17,16,geometry_x,x_geometry,0.909977,__geometry_close.png,D:\Projects\adb_vl\vision_platform\ads\collections\close_x_proposal_collection_pilot_20260720_latest30\raw_proposal_crops\raw_s0006_0008.png,"{""score"":0.9099768904531592,""method"":""axis"",""line_down"":[599,141,614,156],""line_up"":[599,156,613,141],""angle_down"":45.0,""angle_up"":135.0,""angle_delta"":0.0,""orth_delta"":0.0,""length_ratio"":0.9876543511369035,""center_offset"":0.025852831080555916,""fill"":0.41544117647058826,""axis_union"":0.831858407079646,""axis_balance"":0.88,""continuity"":1.0,""max_gap_ratio"":0.0,""continuity_coverage"":1.0,""axis_span_down_px"":17.182693481445312,""axis_span_up_px"":16.970561981201172,""min_arm_pixels"":17,""min_arm_extent_px"":5.571728229522705,""min_arm_coverage"":1.0,""center_pixels"":11,""center_thickness_ratio"":0.541141608127318,""arm_down_neg_px"":23,""arm_down_pos_px"":20,""arm_up_neg_px"":22,""arm_up_pos_px"":17,""arm_down_neg_cov"":1.0,""arm_down_pos_cov"":1.0,""arm_up_neg_cov"":1.0,""arm_up_pos_cov"":1.0,""axis_core_union"":0.5132743362831859,""axis_core_balance"":0.8125,""fit_error"":0.0,""extra_error"":0.0,""missing_error"":0.0,""center_extra_error"":0.0,""stroke_width"":0.0,""gate"":""white_strict"",""mode"":""white""}"
raw_s0006_0009,screen_0006,D:\Projects\adb_vl\vision_platform\ads\collections\close_x_proposal_collection_pilot_20260720_latest30\screens\screen_0006.png,vision_platform\ads\collections\input_preclick_latest30_20260720\006_click_success_20260720_131651_761_pre_click.png,"[905,28,28,30]",905,28,28,30,geometry_x,x_geometry,0.879444,__geometry_close.png,D:\Projects\adb_vl\vision_platform\ads\collections\close_x_proposal_collection_pilot_20260720_latest30\raw_proposal_crops\raw_s0006_0009.png,"{""score"":0.8794439546551024,""method"":""axis"",""line_down"":[905,29,932,56],""line_up"":[905,56,932,29],""angle_down"":45.0,""angle_up"":135.0,""angle_delta"":0.0,""orth_delta"":0.0,""length_ratio"":1.0,""center_offset"":0.08174725621938705,""fill"":0.35714285714285715,""axis_union"":0.7333333333333333,""axis_balance"":0.9642857142857143,""continuity"":1.0,""max_gap_ratio"":0.0,""continuity_coverage"":1.0,""axis_span_down_px"":25.45584487915039,""axis_span_up_px"":25.45584487915039,""min_arm_pixels"":30,""min_arm_extent_px"":4.0052809715271,""min_arm_coverage"":1.0,""center_pixels"":40,""center_thickness_ratio"":0.5769433794104447,""arm_down_neg_px"":68,""arm_down_pos_px"":31,""arm_up_neg_px"":30,""arm_up_pos_px"":61,""arm_down_neg_cov"":1.0,""arm_down_pos_cov"":1.0,""arm_up_neg_cov"":1.0,""arm_up_pos_cov"":1.0,""axis_core_union"":0.45,""axis_core_balance"":0.9565217391304348,""fit_error"":0.0,""extra_error"":0.0,""missing_error"":0.0,""center_extra_error"":0.0,""stroke_width"":0.0,""gate"":""white_strict"",""mode"":""white""}"
raw_s0006_0010,screen_0006,D:\Projects\adb_vl\vision_platform\ads\collections\close_x_proposal_collection_pilot_20260720_latest30\screens\screen_0006.png,vision_platform\ads\collections\input_preclick_latest30_20260720\006_click_success_20260720_131651_761_pre_click.png,"[528,141,16,16]",528,141,16,16,geometry_x,x_geometry,0.868908,__geometry_close.png,D:\Projects\adb_vl\vision_platform\ads\collections\close_x_proposal_collection_pilot_20260720_latest30\raw_proposal_crops\raw_s0006_0010.png,"{""score"":0.8689075522598926,""method"":""axis"",""line_down"":[528,141,543,156],""line_up"":[528,156,543,141],""angle_down"":45.0,""angle_up"":135.0,""angle_delta"":0.0,""orth_delta"":0.0,""length_ratio"":0.9958505954702735,""center_offset"":0.02022920548915863,""fill"":0.53515625,""axis_union"":0.7372262773722628,""axis_balance"":0.8035714285714286,""continuity"":1.0,""max_gap_ratio"":0.0,""continuity_coverage"":1.0,""axis_span_down_px"":17.04127311706543,""axis_span_up_px"":16.970561981201172,""min_arm_pixels"":16,""min_arm_extent_px"":6.490966320037842,""min_arm_coverage"":1.0,""center_pixels"":12,""center_thickness_ratio"":0.4920686584324043,""arm_down_neg_px"":25,""arm_down_pos_px"":27,""arm_up_neg_px"":25,""arm_up_pos_px"":16,""arm_down_neg_cov"":1.0,""arm_down_pos_cov"":1.0,""arm_up_neg_cov"":1.0,""arm_up_pos_cov"":1.0,""axis_core_union"":0.35036496350364965,""axis_core_balance"":0.8461538461538461,""fit_error"":0.0,""extra_error"":0.0,""missing_error"":0.0,""center_extra_error"":0.0,""stroke_width"":0.0,""gate"":""white_strict"",""mode"":""white""}"
raw_s0006_0011,screen_0006,D:\Projects\adb_vl\vision_platform\ads\collections\close_x_proposal_collection_pilot_20260720_latest30\screens\screen_0006.png,vision_platform\ads\collections\input_preclick_latest30_20260720\006_click_success_20260720_131651_761_pre_click.png,"[563,141,16,16]",563,141,16,16,geometry_x,x_geometry,0.863534,__geometry_close.png,D:\Projects\adb_vl\vision_platform\ads\collections\close_x_proposal_collection_pilot_20260720_latest30\raw_proposal_crops\raw_s0006_0011.png,"{""score"":0.8635338563963147,""method"":""axis"",""line_down"":[563,141,578,156],""line_up"":[563,156,578,141],""angle_down"":45.0,""angle_up"":135.0,""angle_delta"":0.0,""orth_delta"":0.0,""length_ratio"":0.9635193083361301,""center_offset"":0.013989639468491077,""fill"":0.51953125,""axis_union"":0.706766917293233,""axis_balance"":0.8431372549019608,""continuity"":1.0,""max_gap_ratio"":0.0,""continuity_coverage"":1.0,""axis_span_down_px"":16.475587844848633,""axis_span_up_px"":15.874547004699707,""min_arm_pixels"":17,""min_arm_extent_px"":5.925281047821045,""min_arm_coverage"":1.0,""center_pixels"":20,""center_thickness_ratio"":1.0070713880040925,""arm_down_neg_px"":22,""arm_down_pos_px"":20,""arm_up_neg_px"":19,""arm_up_pos_px"":17,""arm_down_neg_cov"":1.0,""arm_down_pos_cov"":1.0,""arm_up_neg_cov"":1.0,""arm_up_pos_cov"":1.0,""axis_core_union"":0.37593984962406013,""axis_core_balance"":0.6129032258064516,""fit_error"":0.0,""extra_error"":0.0,""missing_error"":0.0,""center_extra_error"":0.0,""stroke_width"":0.0,""gate"":""white_strict"",""mode"":""white""}"
raw_s0006_0012,screen_0006,D:\Projects\adb_vl\vision_platform\ads\collections\close_x_proposal_collection_pilot_20260720_latest30\screens\screen_0006.png,vision_platform\ads\collections\input_preclick_latest30_20260720\006_click_success_20260720_131651_761_pre_click.png,"[366,123,40,37]",366,123,40,37,geometry_x,x_geometry,0.860337,__geometry_close.png,D:\Projects\adb_vl\vision_platform\ads\collections\close_x_proposal_collection_pilot_20260720_latest30\raw_proposal_crops\raw_s0006_0012.png,"{""score"":0.8603367821223513,""method"":""axis"",""line_down"":[368,123,404,159],""line_up"":[368,159,404,123],""angle_down"":45.0,""angle_up"":135.0,""angle_delta"":0.0,""orth_delta"":0.0,""length_ratio"":0.9631147346163442,""center_offset"":0.009878753684461117,""fill"":0.5486486486486486,""axis_union"":0.7339901477832512,""axis_balance"":0.7844311377245509,""continuity"":1.0,""max_gap_ratio"":0.0,""continuity_coverage"":1.0,""axis_span_down_px"":34.50680923461914,""axis_span_up_px"":33.23401641845703,""min_arm_pixels"":96,""min_arm_extent_px"":9.282795906066895,""min_arm_coverage"":1.0,""center_pixels"":154,""center_thickness_ratio"":1.0220465441791764,""arm_down_neg_px"":108,""arm_down_pos_px"":154,""arm_up_neg_px"":115,""arm_up_pos_px"":96,""arm_down_neg_cov"":1.0,""arm_down_pos_cov"":1.0,""arm_up_neg_cov"":1.0,""arm_up_pos_cov"":1.0,""axis_core_union"":0.42980295566502463,""axis_core_balance"":0.736318407960199,""fit_error"":0.0,""extra_error"":0.0,""missing_error"":0.0,""center_extra_error"":0.0,""stroke_width"":0.0,""gate"":""white_strict"",""mode"":""white""}"
raw_s0006_0013,screen_0006,D:\Projects\adb_vl\vision_platform\ads\collections\close_x_proposal_collection_pilot_20260720_latest30\screens\screen_0006.png,vision_platform\ads\collections\input_preclick_latest30_20260720\006_click_success_20260720_131651_761_pre_click.png,"[581,140,16,16]",581,140,16,16,geometry_x,x_geometry,0.84974,__geometry_close.png,D:\Projects\adb_vl\vision_platform\ads\collections\close_x_proposal_collection_pilot_20260720_latest30\raw_proposal_crops\raw_s0006_0013.png,"{""score"":0.8497395387352719,""method"":""axis"",""line_down"":[581,140,596,155],""line_up"":[581,155,596,140],""angle_down"":45.0,""angle_up"":135.0,""angle_delta"":0.0,""orth_delta"":0.0,""length_ratio"":0.9430893916697981,""center_offset"":0.03374170511960983,""fill"":0.5390625,""axis_union"":0.6884057971014492,""axis_balance"":0.8627450980392157,""continuity"":1.0,""max_gap_ratio"":0.0,""continuity_coverage"":1.0,""axis_span_down_px"":17.394826889038086,""axis_span_up_px"":16.404876708984375,""min_arm_pixels"":20,""min_arm_extent_px"":5.253530025482178,""min_arm_coverage"":1.0,""center_pixels"":13,""center_thickness_ratio"":0.5968577645492544,""arm_down_neg_px"":25,""arm_down_pos_px"":21,""arm_up_neg_px"":20,""arm_up_pos_px"":20,""arm_down_neg_cov"":1.0,""arm_down_pos_cov"":1.0,""arm_up_neg_cov"":1.0,""arm_up_pos_cov"":1.0,""axis_core_union"":0.36231884057971014,""axis_core_balance"":0.7857142857142857,""fit_error"":0.0,""extra_error"":0.0,""missing_error"":0.0,""center_extra_error"":0.0,""stroke_width"":0.0,""gate"":""white_soft"",""mode"":""white""}"
raw_s0006_0014,screen_0006,D:\Projects\adb_vl\vision_platform\ads\collections\close_x_proposal_collection_pilot_20260720_latest30\screens\screen_0006.png,vision_platform\ads\collections\input_preclick_latest30_20260720\006_click_success_20260720_131651_761_pre_click.png,"[456,140,16,17]",456,140,16,17,geometry_x,x_geometry,0.843268,__geometry_close.png,D:\Projects\adb_vl\vision_platform\ads\collections\close_x_proposal_collection_pilot_20260720_latest30\raw_proposal_crops\raw_s0006_0014.png,"{""score"":0.8432684665066117,""method"":""axis"",""line_down"":[456,141,471,156],""line_up"":[456,156,471,140],""angle_down"":45.0,""angle_up"":135.0,""angle_delta"":0.0,""orth_delta"":0.0,""length_ratio"":0.9791666432517497,""center_offset"":0.006686235312372446,""fill"":0.5073529411764706,""axis_union"":0.717391304347826,""axis_balance"":0.7068965517241379,""continuity"":1.0,""max_gap_ratio"":0.0,""continuity_coverage"":1.0,""axis_span_down_px"":16.970561981201172,""axis_span_up_px"":16.617008209228516,""min_arm_pixels"":17,""min_arm_extent_px"":6.278834819793701,""min_arm_coverage"":1.0,""center_pixels"":13,""center_thickness_ratio"":0.615256256769346,""arm_down_neg_px"":24,""arm_down_pos_px"":24,""arm_up_neg_px"":20,""arm_up_pos_px"":17,""arm_down_neg_cov"":1.0,""arm_down_pos_cov"":1.0,""arm_up_neg_cov"":1.0,""arm_up_pos_cov"":1.0,""axis_core_union"":0.47101449275362317,""axis_core_balance"":0.6666666666666666,""fit_error"":0.0,""extra_error"":0.0,""missing_error"":0.0,""center_extra_error"":0.0,""stroke_width"":0.0,""gate"":""white_soft"",""mode"":""white""}"
raw_s0006_0015,screen_0006,D:\Projects\adb_vl\vision_platform\ads\collections\close_x_proposal_collection_pilot_20260720_latest30\screens\screen_0006.png,vision_platform\ads\collections\input_preclick_latest30_20260720\006_click_success_20260720_131651_761_pre_click.png,"[170,52,22,21]",170,52,22,21,geometry_x,x_geometry,0.801772,__geometry_close.png,D:\Projects\adb_vl\vision_platform\ads\collections\close_x_proposal_collection_pilot_20260720_latest30\raw_proposal_crops\raw_s0006_0015.png,"{""score"":0.8017720469879926,""method"":""axis"",""line_down"":[170,52,190,72],""line_up"":[171,72,190,52],""angle_down"":45.0,""angle_up"":135.0,""angle_delta"":0.0,""orth_delta"":0.0,""length_ratio"":0.8607143366345638,""center_offset"":0.01672310009598732,""fill"":0.4393939393939394,""axis_union"":0.729064039408867,""axis_balance"":0.6444444444444445,""continuity"":1.0,""max_gap_ratio"":0.0,""continuity_coverage"":1.0,""axis_span_down_px"":19.798988342285156,""axis_span_up_px"":17.04127311706543,""min_arm_pixels"":19,""min_arm_extent_px"":5.478835105895996,""min_arm_coverage"":1.0,""center_pixels"":41,""center_thickness_ratio"":1.1364642301899595,""arm_down_neg_px"":41,""arm_down_pos_px"":28,""arm_up_neg_px"":25,""arm_up_pos_px"":19,""arm_down_neg_cov"":1.0,""arm_down_pos_cov"":1.0,""arm_up_neg_cov"":1.0,""arm_up_pos_cov"":1.0,""axis_core_union"":0.3694581280788177,""axis_core_balance"":0.9736842105263158,""fit_error"":0.0,""extra_error"":0.0,""missing_error"":0.0,""center_extra_error"":0.0,""stroke_width"":0.0,""gate"":""white_strict"",""mode"":""white""}"
raw_s0006_0016,screen_0006,D:\Projects\adb_vl\vision_platform\ads\collections\close_x_proposal_collection_pilot_20260720_latest30\screens\screen_0006.png,vision_platform\ads\collections\input_preclick_latest30_20260720\006_click_success_20260720_131651_761_pre_click.png,"[670,140,16,16]",670,140,16,16,geometry_x,x_geometry,0.797411,__geometry_close.png,D:\Projects\adb_vl\vision_platform\ads\collections\close_x_proposal_collection_pilot_20260720_latest30\raw_proposal_crops\raw_s0006_0016.png,"{""score"":0.7974106739688637,""method"":""axis"",""line_down"":[670,140,685,155],""line_up"":[670,155,685,140],""angle_down"":45.0,""angle_up"":135.0,""angle_delta"":0.0,""orth_delta"":0.0,""length_ratio"":0.8388624777520574,""center_offset"":0.033610906451940536,""fill"":0.46875,""axis_union"":0.6916666666666667,""axis_balance"":0.7291666666666666,""continuity"":1.0,""max_gap_ratio"":0.0,""continuity_coverage"":1.0,""axis_span_down_px"":14.919953346252441,""axis_span_up_px"":12.515789031982422,""min_arm_pixels"":9,""min_arm_extent_px"":2.814011573791504,""min_arm_coverage"":1.0,""center_pixels"":31,""center_thickness_ratio"":1.851161152181044,""arm_down_neg_px"":14,""arm_down_pos_px"":22,""arm_up_neg_px"":14,""arm_up_pos_px"":9,""arm_down_neg_cov"":1.0,""arm_down_pos_cov"":1.0,""arm_up_neg_cov"":1.0,""arm_up_pos_cov"":1.0,""axis_core_union"":0.3333333333333333,""axis_core_balance"":0.6666666666666666,""fit_error"":0.0,""extra_error"":0.0,""missing_error"":0.0,""center_extra_error"":0.0,""stroke_width"":0.0,""gate"":""white_strict"",""mode"":""white""}"
raw_s0006_0017,screen_0006,D:\Projects\adb_vl\vision_platform\ads\collections\close_x_proposal_collection_pilot_20260720_latest30\screens\screen_0006.png,vision_platform\ads\collections\input_preclick_latest30_20260720\006_click_success_20260720_131651_761_pre_click.png,"[327,44,12,10]",327,44,12,10,geometry_x,x_geometry,0.7846,__geometry_close.png,D:\Projects\adb_vl\vision_platform\ads\collections\close_x_proposal_collection_pilot_20260720_latest30\raw_proposal_crops\raw_s0006_0017.png,"{""score"":0.7846001410797847,""method"":""axis"",""line_down"":[328,44,337,53],""line_up"":[328,53,337,44],""angle_down"":45.0,""angle_up"":135.0,""angle_delta"":0.0,""orth_delta"":0.0,""length_ratio"":0.8813559593246034,""center_offset"":0.1096271499991417,""fill"":0.38333333333333336,""axis_union"":0.7391304347826086,""axis_balance"":0.7,""continuity"":1.0,""max_gap_ratio"":0.0,""continuity_coverage"":1.0,""axis_span_down_px"":7.353910446166992,""axis_span_up_px"":8.343859672546387,""min_arm_pixels"":3,""min_arm_extent_px"":1.8648232221603394,""min_arm_coverage"":0.75,""center_pixels"":6,""center_thickness_ratio"":0.7164184853011915,""arm_down_neg_px"":3,""arm_down_pos_px"":8,""arm_up_neg_px"":14,""arm_up_pos_px"":3,""arm_down_neg_cov"":0.75,""arm_down_pos_cov"":1.0,""arm_up_neg_cov"":1.0,""arm_up_pos_cov"":0.75,""axis_core_union"":0.5434782608695652,""axis_core_balance"":0.7857142857142857,""fit_error"":0.0,""extra_error"":0.0,""missing_error"":0.0,""center_extra_error"":0.0,""stroke_width"":0.0,""gate"":""black_soft"",""mode"":""black""}"
raw_s0006_0018,screen_0006,D:\Projects\adb_vl\vision_platform\ads\collections\close_x_proposal_collection_pilot_20260720_latest30\screens\screen_0006.png,vision_platform\ads\collections\input_preclick_latest30_20260720\006_click_success_20260720_131651_761_pre_click.png,"[591,168,18,15]",591,168,18,15,geometry_x,x_geometry,0.769728,__geometry_close.png,D:\Projects\adb_vl\vision_platform\ads\collections\close_x_proposal_collection_pilot_20260720_latest30\raw_proposal_crops\raw_s0006_0018.png,"{""score"":0.7697282394717638,""method"":""axis"",""line_down"":[592,168,607,182],""line_up"":[593,182,607,168],""angle_down"":45.0,""angle_up"":135.0,""angle_delta"":0.0,""orth_delta"":0.0,""length_ratio"":0.8028846340888383,""center_offset"":0.14311128854751587,""fill"":0.45555555555555555,""axis_union"":0.6991869918699187,""axis_balance"":0.8297872340425532,""continuity"":1.0,""max_gap_ratio"":0.0,""continuity_coverage"":1.0,""axis_span_down_px"":11.808683395385742,""axis_span_up_px"":14.707820892333984,""min_arm_pixels"":3,""min_arm_extent_px"":1.4183764457702637,""min_arm_coverage"":0.75,""center_pixels"":15,""center_thickness_ratio"":0.8201300819006584,""arm_down_neg_px"":3,""arm_down_pos_px"":30,""arm_up_neg_px"":35,""arm_up_pos_px"":8,""arm_down_neg_cov"":0.75,""arm_down_pos_cov"":1.0,""arm_up_neg_cov"":1.0,""arm_up_pos_cov"":1.0,""axis_core_union"":0.5040650406504065,""axis_core_balance"":0.8235294117647058,""fit_error"":0.0,""extra_error"":0.0,""missing_error"":0.0,""center_extra_error"":0.0,""stroke_width"":0.0,""gate"":""black_strict"",""mode"":""black""}"
raw_s0007_0001,screen_0007,D:\Projects\adb_vl\vision_platform\ads\collections\close_x_proposal_collection_pilot_20260720_latest30\screens\screen_0007.png,vision_platform\ads\collections\input_preclick_latest30_20260720\007_click_success_20260720_131608_694_pre_click.png,"[512,147,28,27]",512,147,28,27,geometry_x,x_geometry,0.901446,__geometry_close.png,D:\Projects\adb_vl\vision_platform\ads\collections\close_x_proposal_collection_pilot_20260720_latest30\raw_proposal_crops\raw_s0007_0001.png,"{""score"":0.9014463539151262,""method"":""axis"",""line_down"":[512,147,538,173],""line_up"":[513,173,538,147],""angle_down"":45.0,""angle_up"":135.0,""angle_delta"":0.0,""orth_delta"":0.0,""length_ratio"":0.993464045373835,""center_offset"":0.02079656347632408,""fill"":0.533068783068783,""axis_union"":0.771712158808933,""axis_balance"":0.9079754601226994,""continuity"":1.0,""max_gap_ratio"":0.0,""continuity_coverage"":1.0,""axis_span_down_px"":27.04683494567871,""axis_span_up_px"":26.870058059692383,""min_arm_pixels"":61,""min_arm_extent_px"":9.468582153320312,""min_arm_coverage"":1.0,""center_pixels"":48,""center_thickness_ratio"":0.689878481116234,""arm_down_neg_px"":61,""arm_down_pos_px"":77,""arm_up_neg_px"":61,""arm_up_pos_px"":74,""arm_down_neg_cov"":1.0,""arm_down_pos_cov"":1.0,""arm_up_neg_cov"":1.0,""arm_up_pos_cov"":1.0,""axis_core_union"":0.4317617866004963,""axis_core_balance"":0.8913043478260869,""fit_error"":0.0,""extra_error"":0.0,""missing_error"":0.0,""center_extra_error"":0.0,""stroke_width"":0.0,""gate"":""white_strict"",""mode"":""white""}"
raw_s0007_0002,screen_0007,D:\Projects\adb_vl\vision_platform\ads\collections\close_x_proposal_collection_pilot_20260720_latest30\screens\screen_0007.png,vision_platform\ads\collections\input_preclick_latest30_20260720\007_click_success_20260720_131608_694_pre_click.png,"[677,132,23,22]",677,132,23,22,geometry_x,x_geometry,0.884426,__geometry_close.png,D:\Projects\adb_vl\vision_platform\ads\collections\close_x_proposal_collection_pilot_20260720_latest30\raw_proposal_crops\raw_s0007_0002.png,"{""score"":0.8844258913190504,""method"":""axis"",""line_down"":[677,132,699,153],""line_up"":[678,153,699,132],""angle_down"":45.0,""angle_up"":135.0,""angle_delta"":0.0,""orth_delta"":0.0,""length_ratio"":0.9200000215791865,""center_offset"":0.014859193004667759,""fill"":0.5355731225296443,""axis_union"":0.7970479704797048,""axis_balance"":0.8620689655172413,""continuity"":1.0,""max_gap_ratio"":0.0,""continuity_coverage"":1.0,""axis_span_down_px"":17.677669525146484,""axis_span_up_px"":16.263456344604492,""min_arm_pixels"":35,""min_arm_extent_px"":4.8238606452941895,""min_arm_coverage"":1.0,""center_pixels"":60,""center_thickness_ratio"":1.0805663860057635,""arm_down_neg_px"":43,""arm_down_pos_px"":43,""arm_up_neg_px"":35,""arm_up_pos_px"":45,""arm_down_neg_cov"":1.0,""arm_down_pos_cov"":1.0,""arm_up_neg_cov"":1.0,""arm_up_pos_cov"":1.0,""axis_core_union"":0.34317343173431736,""axis_core_balance"":0.86,""fit_error"":0.0,""extra_error"":0.0,""missing_error"":0.0,""center_extra_error"":0.0,""stroke_width"":0.0,""gate"":""black_soft"",""mode"":""black""}"
raw_s0007_0003,screen_0007,D:\Projects\adb_vl\vision_platform\ads\collections\close_x_proposal_collection_pilot_20260720_latest30\screens\screen_0007.png,vision_platform\ads\collections\input_preclick_latest30_20260720\007_click_success_20260720_131608_694_pre_click.png,"[323,213,39,30]",323,213,39,30,geometry_x,x_geometry,0.882547,__geometry_close.png,D:\Projects\adb_vl\vision_platform\ads\collections\close_x_proposal_collection_pilot_20260720_latest30\raw_proposal_crops\raw_s0007_0003.png,"{""score"":0.882547006519421,""method"":""axis"",""line_down"":[327,213,357,242],""line_up"":[328,242,357,213],""angle_down"":45.0,""angle_up"":135.0,""angle_delta"":0.0,""orth_delta"":0.0,""length_ratio"":0.8669355400082923,""center_offset"":0.01693607307970524,""fill"":0.5153846153846153,""axis_union"":0.7396351575456053,""axis_balance"":0.9910714285714286,""continuity"":1.0,""max_gap_ratio"":0.0,""continuity_coverage"":1.0,""axis_span_down_px"":35.07249450683594,""axis_span_up_px"":30.40559196472168,""min_arm_pixels"":68,""min_arm_extent_px"":9.377490997314453,""min_arm_coverage"":1.0,""center_pixels"":67,""center_thickness_ratio"":0.7263958813324347,""arm_down_neg_px"":119,""arm_down_pos_px"":68,""arm_up_neg_px"":70,""arm_up_pos_px"":127,""arm_down_neg_cov"":1.0,""arm_down_pos_cov"":1.0,""arm_up_neg_cov"":1.0,""arm_up_pos_cov"":1.0,""axis_core_union"":0.3781094527363184,""axis_core_balance"":0.9487179487179487,""fit_error"":0.0,""extra_error"":0.0,""missing_error"":0.0,""center_extra_error"":0.0,""stroke_width"":0.0,""gate"":""black_strict"",""mode"":""black""}"
raw_s0007_0004,screen_0007,D:\Projects\adb_vl\vision_platform\ads\collections\close_x_proposal_collection_pilot_20260720_latest30\screens\screen_0007.png,vision_platform\ads\collections\input_preclick_latest30_20260720\007_click_success_20260720_131608_694_pre_click.png,"[863,106,14,14]",863,106,14,14,geometry_x,x_geometry,0.855596,__geometry_close.png,D:\Projects\adb_vl\vision_platform\ads\collections\close_x_proposal_collection_pilot_20260720_latest30\raw_proposal_crops\raw_s0007_0004.png,"{""score"":0.8555960855096536,""method"":""axis"",""line_down"":[863,106,876,119],""line_up"":[863,119,876,106],""angle_down"":45.0,""angle_up"":135.0,""angle_delta"":0.0,""orth_delta"":0.0,""length_ratio"":0.9084745307075486,""center_offset"":0.07325443625450134,""fill"":0.3826530612244898,""axis_union"":0.8933333333333333,""axis_balance"":0.717948717948718,""continuity"":1.0,""max_gap_ratio"":0.0,""continuity_coverage"":1.0,""axis_span_down_px"":9.47523021697998,""axis_span_up_px"":10.429824829101562,""min_arm_pixels"":0,""min_arm_extent_px"":0.0,""min_arm_coverage"":0.0,""center_pixels"":16,""center_thickness_ratio"":0.8496981250996491,""arm_down_neg_px"":0,""arm_down_pos_px"":21,""arm_up_neg_px"":11,""arm_up_pos_px"":19,""arm_down_neg_cov"":0.0,""arm_down_pos_cov"":1.0,""arm_up_neg_cov"":1.0,""arm_up_pos_cov"":1.0,""axis_core_union"":0.48,""axis_core_balance"":1.0,""fit_error"":0.0,""extra_error"":0.0,""missing_error"":0.0,""center_extra_error"":0.0,""stroke_width"":0.0,""gate"":""black_soft"",""mode"":""black""}"
raw_s0007_0005,screen_0007,D:\Projects\adb_vl\vision_platform\ads\collections\close_x_proposal_collection_pilot_20260720_latest30\screens\screen_0007.png,vision_platform\ads\collections\input_preclick_latest30_20260720\007_click_success_20260720_131608_694_pre_click.png,"[332,117,8,10]",332,117,8,10,geometry_x,x_geometry,0.805321,__geometry_close.png,D:\Projects\adb_vl\vision_platform\ads\collections\close_x_proposal_collection_pilot_20260720_latest30\raw_proposal_crops\raw_s0007_0005.png,"{""score"":0.805320814265936,""method"":""axis"",""line_down"":[332,118,339,125],""line_up"":[332,125,339,118],""angle_down"":45.0,""angle_up"":135.0,""angle_delta"":0.0,""orth_delta"":0.0,""length_ratio"":0.9255318645234594,""center_offset"":0.0660216435790062,""fill"":0.525,""axis_union"":0.6428571428571429,""axis_balance"":0.8,""continuity"":1.0,""max_gap_ratio"":0.0,""continuity_coverage"":1.0,""axis_span_down_px"":6.646803855895996,""axis_span_up_px"":6.151828765869141,""min_arm_pixels"":1,""min_arm_extent_px"":0.6213202476501465,""min_arm_coverage"":0.25,""center_pixels"":12,""center_thickness_ratio"":1.9010319340345143,""arm_down_neg_px"":1,""arm_down_pos_px"":8,""arm_up_neg_px"":2,""arm_up_pos_px"":4,""arm_down_neg_cov"":0.25,""arm_down_pos_cov"":1.0,""arm_up_neg_cov"":0.5,""arm_up_pos_cov"":0.75,""axis_core_union"":0.6428571428571429,""axis_core_balance"":0.8,""fit_error"":0.0,""extra_error"":0.0,""missing_error"":0.0,""center_extra_error"":0.0,""stroke_width"":0.0,""gate"":""black_strict"",""mode"":""black""}"
raw_s0007_0006,screen_0007,D:\Projects\adb_vl\vision_platform\ads\collections\close_x_proposal_collection_pilot_20260720_latest30\screens\screen_0007.png,vision_platform\ads\collections\input_preclick_latest30_20260720\007_click_success_20260720_131608_694_pre_click.png,"[867,131,9,9]",867,131,9,9,geometry_x,x_geometry,0.804688,__geometry_close.png,D:\Projects\adb_vl\vision_platform\ads\collections\close_x_proposal_collection_pilot_20260720_latest30\raw_proposal_crops\raw_s0007_0006.png,"{""score"":0.8046879873877786,""method"":""axis"",""line_down"":[867,131,875,139],""line_up"":[867,139,875,131],""angle_down"":45.0,""angle_up"":135.0,""angle_delta"":0.0,""orth_delta"":0.0,""length_ratio"":0.8368421755001261,""center_offset"":0.04863094910979271,""fill"":0.49382716049382713,""axis_union"":0.875,""axis_balance"":0.5416666666666666,""continuity"":1.0,""max_gap_ratio"":0.0,""continuity_coverage"":1.0,""axis_span_down_px"":6.7175140380859375,""axis_span_up_px"":5.621499061584473,""min_arm_pixels"":2,""min_arm_extent_px"":0.6213202476501465,""min_arm_coverage"":0.25,""center_pixels"":13,""center_thickness_ratio"":1.101078242494115,""arm_down_neg_px"":11,""arm_down_pos_px"":2,""arm_up_neg_px"":4,""arm_up_pos_px"":5,""arm_down_neg_cov"":1.0,""arm_down_pos_cov"":0.25,""arm_up_neg_cov"":0.5,""arm_up_pos_cov"":0.75,""axis_core_union"":0.65,""axis_core_balance"":0.5294117647058824,""fit_error"":0.0,""extra_error"":0.0,""missing_error"":0.0,""center_extra_error"":0.0,""stroke_width"":0.0,""gate"":""black_strict"",""mode"":""black""}"
raw_s0007_0007,screen_0007,D:\Projects\adb_vl\vision_platform\ads\collections\close_x_proposal_collection_pilot_20260720_latest30\screens\screen_0007.png,vision_platform\ads\collections\input_preclick_latest30_20260720\007_click_success_20260720_131608_694_pre_click.png,"[593,105,27,27]",593,105,27,27,geometry_x,x_geometry,0.804057,__geometry_close.png,D:\Projects\adb_vl\vision_platform\ads\collections\close_x_proposal_collection_pilot_20260720_latest30\raw_proposal_crops\raw_s0007_0007.png,"{""score"":0.8040571021252629,""method"":""axis"",""line_down"":[593,105,619,131],""line_up"":[593,131,619,105],""angle_down"":45.0,""angle_up"":135.0,""angle_delta"":0.0,""orth_delta"":0.0,""length_ratio"":0.7109375803424381,""center_offset"":0.03331290930509567,""fill"":0.401920438957476,""axis_union"":0.7167235494880546,""axis_balance"":0.8584070796460177,""continuity"":1.0,""max_gap_ratio"":0.0,""continuity_coverage"":1.0,""axis_span_down_px"":16.086679458618164,""axis_span_up_px"":22.62741470336914,""min_arm_pixels"":16,""min_arm_extent_px"":3.634951114654541,""min_arm_coverage"":1.0,""center_pixels"":82,""center_thickness_ratio"":1.6143790469388482,""arm_down_neg_px"":16,""arm_down_pos_px"":35,""arm_up_neg_px"":56,""arm_up_pos_px"":28,""arm_down_neg_cov"":1.0,""arm_down_pos_cov"":1.0,""arm_up_neg_cov"":1.0,""arm_up_pos_cov"":1.0,""axis_core_union"":0.46075085324232085,""axis_core_balance"":0.9565217391304348,""fit_error"":0.0,""extra_error"":0.0,""missing_error"":0.0,""center_extra_error"":0.0,""stroke_width"":0.0,""gate"":""black_strict"",""mode"":""black""}"
raw_s0007_0008,screen_0007,D:\Projects\adb_vl\vision_platform\ads\collections\close_x_proposal_collection_pilot_20260720_latest30\screens\screen_0007.png,vision_platform\ads\collections\input_preclick_latest30_20260720\007_click_success_20260720_131608_694_pre_click.png,"[924,17,16,12]",924,17,16,12,geometry_x,x_geometry,0.775111,__geometry_close.png,D:\Projects\adb_vl\vision_platform\ads\collections\close_x_proposal_collection_pilot_20260720_latest30\raw_proposal_crops\raw_s0007_0008.png,"{""score"":0.7751105260680419,""method"":""axis"",""line_down"":[926,17,937,28],""line_up"":[926,28,937,17],""angle_down"":45.0,""angle_up"":135.0,""angle_delta"":0.0,""orth_delta"":0.0,""length_ratio"":0.857692274174342,""center_offset"":0.11298602819442749,""fill"":0.25,""axis_union"":0.5625,""axis_balance"":0.9285714285714286,""continuity"":0.5102040816326531,""max_gap_ratio"":0.2857142857142857,""continuity_coverage"":0.7142857142857143,""axis_span_down_px"":9.192388534545898,""axis_span_up_px"":7.884240627288818,""min_arm_pixels"":0,""min_arm_extent_px"":0.0,""min_arm_coverage"":0.0,""center_pixels"":12,""center_thickness_ratio"":1.548703246646457,""arm_down_neg_px"":7,""arm_down_pos_px"":2,""arm_up_neg_px"":0,""arm_up_pos_px"":9,""arm_down_neg_cov"":0.75,""arm_down_pos_cov"":0.25,""arm_up_neg_cov"":0.0,""arm_up_pos_cov"":0.75,""axis_core_union"":0.4166666666666667,""axis_core_balance"":0.8181818181818182,""fit_error"":0.0,""extra_error"":0.0,""missing_error"":0.0,""center_extra_error"":0.0,""stroke_width"":0.0,""gate"":""black_strict"",""mode"":""black""}"
raw_s0008_0001,screen_0008,D:\Projects\adb_vl\vision_platform\ads\collections\close_x_proposal_collection_pilot_20260720_latest30\screens\screen_0008.png,vision_platform\ads\collections\input_preclick_latest30_20260720\008_click_success_20260720_131602_373_pre_click.png,"[915,27,35,29]",915,27,35,29,close_template,template_match,0.845493,close_14.png,D:\Projects\adb_vl\vision_platform\ads\collections\close_x_proposal_collection_pilot_20260720_latest30\raw_proposal_crops\raw_s0008_0001.png,"{""brightness_ratio"":1.2427644912849614}"
raw_s0008_0002,screen_0008,D:\Projects\adb_vl\vision_platform\ads\collections\close_x_proposal_collection_pilot_20260720_latest30\screens\screen_0008.png,vision_platform\ads\collections\input_preclick_latest30_20260720\008_click_success_20260720_131602_373_pre_click.png,"[372,190,43,24]",372,190,43,24,close_template,template_match,0.720402,close_20.png,D:\Projects\adb_vl\vision_platform\ads\collections\close_x_proposal_collection_pilot_20260720_latest30\raw_proposal_crops\raw_s0008_0002.png,"{""brightness_ratio"":1.02678206029143}"
raw_s0008_0003,screen_0008,D:\Projects\adb_vl\vision_platform\ads\collections\close_x_proposal_collection_pilot_20260720_latest30\screens\screen_0008.png,vision_platform\ads\collections\input_preclick_latest30_20260720\008_click_success_20260720_131602_373_pre_click.png,"[911,25,40,33]",911,25,40,33,close_template,template_match,0.986557,close_24.png,D:\Projects\adb_vl\vision_platform\ads\collections\close_x_proposal_collection_pilot_20260720_latest30\raw_proposal_crops\raw_s0008_0003.png,"{""brightness_ratio"":2.5917479403754227}"
raw_s0008_0004,screen_0008,D:\Projects\adb_vl\vision_platform\ads\collections\close_x_proposal_collection_pilot_20260720_latest30\screens\screen_0008.png,vision_platform\ads\collections\input_preclick_latest30_20260720\008_click_success_20260720_131602_373_pre_click.png,"[921,26,26,28]",921,26,26,28,close_template,template_match,0.82297,close_25.png,D:\Projects\adb_vl\vision_platform\ads\collections\close_x_proposal_collection_pilot_20260720_latest30\raw_proposal_crops\raw_s0008_0004.png,"{""brightness_ratio"":1.4383683302538766}"
raw_s0008_0005,screen_0008,D:\Projects\adb_vl\vision_platform\ads\collections\close_x_proposal_collection_pilot_20260720_latest30\screens\screen_0008.png,vision_platform\ads\collections\input_preclick_latest30_20260720\008_click_success_20260720_131602_373_pre_click.png,"[916,68,38,25]",916,68,38,25,close_template,template_match,0.845773,close_4.png,D:\Projects\adb_vl\vision_platform\ads\collections\close_x_proposal_collection_pilot_20260720_latest30\raw_proposal_crops\raw_s0008_0005.png,"{""brightness_ratio"":0.9335149007940351}"
raw_s0008_0006,screen_0008,D:\Projects\adb_vl\vision_platform\ads\collections\close_x_proposal_collection_pilot_20260720_latest30\screens\screen_0008.png,vision_platform\ads\collections\input_preclick_latest30_20260720\008_click_success_20260720_131602_373_pre_click.png,"[430,155,38,25]",430,155,38,25,close_template,template_match,0.836577,close_4.png,D:\Projects\adb_vl\vision_platform\ads\collections\close_x_proposal_collection_pilot_20260720_latest30\raw_proposal_crops\raw_s0008_0006.png,"{""brightness_ratio"":1.2496939813828818}"
raw_s0008_0007,screen_0008,D:\Projects\adb_vl\vision_platform\ads\collections\close_x_proposal_collection_pilot_20260720_latest30\screens\screen_0008.png,vision_platform\ads\collections\input_preclick_latest30_20260720\008_click_success_20260720_131602_373_pre_click.png,"[754,69,38,25]",754,69,38,25,close_template,template_match,0.793824,close_4.png,D:\Projects\adb_vl\vision_platform\ads\collections\close_x_proposal_collection_pilot_20260720_latest30\raw_proposal_crops\raw_s0008_0007.png,"{""brightness_ratio"":0.7626930498815726}"
raw_s0008_0008,screen_0008,D:\Projects\adb_vl\vision_platform\ads\collections\close_x_proposal_collection_pilot_20260720_latest30\screens\screen_0008.png,vision_platform\ads\collections\input_preclick_latest30_20260720\008_click_success_20260720_131602_373_pre_click.png,"[913,28,38,32]",913,28,38,32,close_template,template_match,0.822724,close_7.png,D:\Projects\adb_vl\vision_platform\ads\collections\close_x_proposal_collection_pilot_20260720_latest30\raw_proposal_crops\raw_s0008_0008.png,"{""brightness_ratio"":2.1780851998243302}"
raw_s0008_0009,screen_0008,D:\Projects\adb_vl\vision_platform\ads\collections\close_x_proposal_collection_pilot_20260720_latest30\screens\screen_0008.png,vision_platform\ads\collections\input_preclick_latest30_20260720\008_click_success_20260720_131602_373_pre_click.png,"[918,26,30,30]",918,26,30,30,close_template,template_match,0.834911,close_x_momo.png,D:\Projects\adb_vl\vision_platform\ads\collections\close_x_proposal_collection_pilot_20260720_latest30\raw_proposal_crops\raw_s0008_0009.png,"{""brightness_ratio"":1.1179521914220856}"
raw_s0008_0010,screen_0008,D:\Projects\adb_vl\vision_platform\ads\collections\close_x_proposal_collection_pilot_20260720_latest30\screens\screen_0008.png,vision_platform\ads\collections\input_preclick_latest30_20260720\008_click_success_20260720_131602_373_pre_click.png,"[923,32,20,20]",923,32,20,20,geometry_x,x_geometry,1.0,__geometry_close.png,D:\Projects\adb_vl\vision_platform\ads\collections\close_x_proposal_collection_pilot_20260720_latest30\raw_proposal_crops\raw_s0008_0010.png,"{""score"":1.0,""method"":""axis"",""line_down"":[923,32,942,51],""line_up"":[923,51,942,32],""angle_down"":45.0,""angle_up"":135.0,""angle_delta"":0.0,""orth_delta"":0.0,""length_ratio"":1.0,""center_offset"":0.0,""fill"":0.44,""axis_union"":1.0,""axis_balance"":1.0,""continuity"":1.0,""max_gap_ratio"":0.0,""continuity_coverage"":1.0,""axis_span_down_px"":23.829498291015625,""axis_span_up_px"":23.829498291015625,""min_arm_pixels"":36,""min_arm_extent_px"":9.527922630310059,""min_arm_coverage"":1.0,""center_pixels"":44,""center_thickness_ratio"":1.4556548462973702,""arm_down_neg_px"":36,""arm_down_pos_px"":36,""arm_up_neg_px"":36,""arm_up_pos_px"":36,""arm_down_neg_cov"":1.0,""arm_down_pos_cov"":1.0,""arm_up_neg_cov"":1.0,""arm_up_pos_cov"":1.0,""axis_core_union"":1.0,""axis_core_balance"":1.0,""fit_error"":0.0,""extra_error"":0.0,""missing_error"":0.0,""center_extra_error"":0.0,""stroke_width"":0.0,""gate"":""white_strict"",""mode"":""white""}"
raw_s0008_0011,screen_0008,D:\Projects\adb_vl\vision_platform\ads\collections\close_x_proposal_collection_pilot_20260720_latest30\screens\screen_0008.png,vision_platform\ads\collections\input_preclick_latest30_20260720\008_click_success_20260720_131602_373_pre_click.png,"[843,33,20,20]",843,33,20,20,geometry_x,x_geometry,0.890293,__geometry_close.png,D:\Projects\adb_vl\vision_platform\ads\collections\close_x_proposal_collection_pilot_20260720_latest30\raw_proposal_crops\raw_s0008_0011.png,"{""score"":0.8902927863878658,""method"":""axis"",""line_down"":[843,33,862,52],""line_up"":[843,52,862,33],""angle_down"":45.0,""angle_up"":135.0,""angle_delta"":0.0,""orth_delta"":0.0,""length_ratio"":0.9546218719019587,""center_offset"":0.024602551013231277,""fill"":0.45,""axis_union"":0.7722222222222223,""axis_balance"":0.9041095890410958,""continuity"":1.0,""max_gap_ratio"":0.0,""continuity_coverage"":1.0,""axis_span_down_px"":21.036426544189453,""axis_span_up_px"":20.081832885742188,""min_arm_pixels"":26,""min_arm_extent_px"":6.522717475891113,""min_arm_coverage"":1.0,""center_pixels"":30,""center_thickness_ratio"":0.9999355835326873,""arm_down_neg_px"":31,""arm_down_pos_px"":31,""arm_up_neg_px"":26,""arm_up_pos_px"":27,""arm_down_neg_cov"":1.0,""arm_down_pos_cov"":1.0,""arm_up_neg_cov"":1.0,""arm_up_pos_cov"":1.0,""axis_core_union"":0.4777777777777778,""axis_core_balance"":0.8695652173913043,""fit_error"":0.0,""extra_error"":0.0,""missing_error"":0.0,""center_extra_error"":0.0,""stroke_width"":0.0,""gate"":""white_strict"",""mode"":""white""}"
raw_s0009_0001,screen_0009,D:\Projects\adb_vl\vision_platform\ads\collections\close_x_proposal_collection_pilot_20260720_latest30\screens\screen_0009.png,vision_platform\ads\collections\input_preclick_latest30_20260720\009_click_success_20260720_131542_386_pre_click.png,"[11,85,43,24]",11,85,43,24,close_template,template_match,0.737315,close_20.png,D:\Projects\adb_vl\vision_platform\ads\collections\close_x_proposal_collection_pilot_20260720_latest30\raw_proposal_crops\raw_s0009_0001.png,"{""brightness_ratio"":1.0066392639417205}"
raw_s0009_0002,screen_0009,D:\Projects\adb_vl\vision_platform\ads\collections\close_x_proposal_collection_pilot_20260720_latest30\screens\screen_0009.png,vision_platform\ads\collections\input_preclick_latest30_20260720\009_click_success_20260720_131542_386_pre_click.png,"[67,138,38,25]",67,138,38,25,close_template,template_match,0.736665,close_4.png,D:\Projects\adb_vl\vision_platform\ads\collections\close_x_proposal_collection_pilot_20260720_latest30\raw_proposal_crops\raw_s0009_0002.png,"{""brightness_ratio"":1.2115927811875458}"
raw_s0009_0003,screen_0009,D:\Projects\adb_vl\vision_platform\ads\collections\close_x_proposal_collection_pilot_20260720_latest30\screens\screen_0009.png,vision_platform\ads\collections\input_preclick_latest30_20260720\009_click_success_20260720_131542_386_pre_click.png,"[682,138,13,12]",682,138,13,12,geometry_x,x_geometry,0.92058,__geometry_close.png,D:\Projects\adb_vl\vision_platform\ads\collections\close_x_proposal_collection_pilot_20260720_latest30\raw_proposal_crops\raw_s0009_0003.png,"{""score"":0.9205797761740347,""method"":""axis"",""line_down"":[682,138,694,149],""line_up"":[683,149,694,138],""angle_down"":45.0,""angle_up"":135.0,""angle_delta"":0.0,""orth_delta"":0.0,""length_ratio"":1.0,""center_offset"":0.007713832426816225,""fill"":0.46794871794871795,""axis_union"":0.9041095890410958,""axis_balance"":0.7837837837837838,""continuity"":1.0,""max_gap_ratio"":0.0,""continuity_coverage"":1.0,""axis_span_down_px"":9.192388534545898,""axis_span_up_px"":9.192388534545898,""min_arm_pixels"":10,""min_arm_extent_px"":3.0651025772094727,""min_arm_coverage"":1.0,""center_pixels"":16,""center_thickness_ratio"":1.0249372266424053,""arm_down_neg_px"":13,""arm_down_pos_px"":12,""arm_up_neg_px"":13,""arm_up_pos_px"":10,""arm_down_neg_cov"":1.0,""arm_down_pos_cov"":1.0,""arm_up_neg_cov"":1.0,""arm_up_pos_cov"":1.0,""axis_core_union"":0.3287671232876712,""axis_core_balance"":0.7142857142857143,""fit_error"":0.0,""extra_error"":0.0,""missing_error"":0.0,""center_extra_error"":0.0,""stroke_width"":0.0,""gate"":""white_strict"",""mode"":""white""}"
raw_s0009_0004,screen_0009,D:\Projects\adb_vl\vision_platform\ads\collections\close_x_proposal_collection_pilot_20260720_latest30\screens\screen_0009.png,vision_platform\ads\collections\input_preclick_latest30_20260720\009_click_success_20260720_131542_386_pre_click.png,"[886,109,23,19]",886,109,23,19,geometry_x,x_geometry,0.881888,__geometry_close.png,D:\Projects\adb_vl\vision_platform\ads\collections\close_x_proposal_collection_pilot_20260720_latest30\raw_proposal_crops\raw_s0009_0004.png,"{""score"":0.8818878838826755,""method"":""axis"",""line_down"":[888,109,906,127],""line_up"":[888,127,906,109],""angle_down"":45.0,""angle_up"":135.0,""angle_delta"":0.0,""orth_delta"":0.0,""length_ratio"":0.9282609261646957,""center_offset"":0.06858468800783157,""fill"":0.4897025171624714,""axis_union"":0.7616822429906542,""axis_balance"":0.9878048780487805,""continuity"":1.0,""max_gap_ratio"":0.0,""continuity_coverage"":1.0,""axis_span_down_px"":15.096729278564453,""axis_span_up_px"":16.26345443725586,""min_arm_pixels"":8,""min_arm_extent_px"":1.90974760055542,""min_arm_coverage"":0.75,""center_pixels"":43,""center_thickness_ratio"":1.054276749298224,""arm_down_neg_px"":49,""arm_down_pos_px"":8,""arm_up_neg_px"":36,""arm_up_pos_px"":33,""arm_down_neg_cov"":1.0,""arm_down_pos_cov"":0.75,""arm_up_neg_cov"":1.0,""arm_up_pos_cov"":1.0,""axis_core_union"":0.5093457943925234,""axis_core_balance"":0.9464285714285714,""fit_error"":0.0,""extra_error"":0.0,""missing_error"":0.0,""center_extra_error"":0.0,""stroke_width"":0.0,""gate"":""white_soft"",""mode"":""white""}"
raw_s0009_0005,screen_0009,D:\Projects\adb_vl\vision_platform\ads\collections\close_x_proposal_collection_pilot_20260720_latest30\screens\screen_0009.png,vision_platform\ads\collections\input_preclick_latest30_20260720\009_click_success_20260720_131542_386_pre_click.png,"[588,142,17,15]",588,142,17,15,geometry_x,x_geometry,0.847751,__geometry_close.png,D:\Projects\adb_vl\vision_platform\ads\collections\close_x_proposal_collection_pilot_20260720_latest30\raw_proposal_crops\raw_s0009_0005.png,"{""score"":0.8477508749982592,""method"":""axis"",""line_down"":[589,142,603,156],""line_up"":[589,156,603,142],""angle_down"":45.0,""angle_up"":135.0,""angle_delta"":0.0,""orth_delta"":0.0,""length_ratio"":0.7680000086316746,""center_offset"":0.04999751225113869,""fill"":0.5333333333333333,""axis_union"":0.7647058823529411,""axis_balance"":0.9622641509433962,""continuity"":1.0,""max_gap_ratio"":0.0,""continuity_coverage"":1.0,""axis_span_down_px"":13.57645034790039,""axis_span_up_px"":17.677669525146484,""min_arm_pixels"":11,""min_arm_extent_px"":4.317514419555664,""min_arm_coverage"":1.0,""center_pixels"":29,""center_thickness_ratio"":1.6114569903941385,""arm_down_neg_px"":11,""arm_down_pos_px"":21,""arm_up_neg_px"":28,""arm_up_pos_px"":19,""arm_down_neg_cov"":1.0,""arm_down_pos_cov"":1.0,""arm_up_neg_cov"":1.0,""arm_up_pos_cov"":1.0,""axis_core_union"":0.41911764705882354,""axis_core_balance"":0.8387096774193549,""fit_error"":0.0,""extra_error"":0.0,""missing_error"":0.0,""center_extra_error"":0.0,""stroke_width"":0.0,""gate"":""white_strict"",""mode"":""white""}"
raw_s0009_0006,screen_0009,D:\Projects\adb_vl\vision_platform\ads\collections\close_x_proposal_collection_pilot_20260720_latest30\screens\screen_0009.png,vision_platform\ads\collections\input_preclick_latest30_20260720\009_click_success_20260720_131542_386_pre_click.png,"[593,105,27,27]",593,105,27,27,geometry_x,x_geometry,0.818714,__geometry_close.png,D:\Projects\adb_vl\vision_platform\ads\collections\close_x_proposal_collection_pilot_20260720_latest30\raw_proposal_crops\raw_s0009_0006.png,"{""score"":0.8187140143034114,""method"":""axis"",""line_down"":[593,105,619,131],""line_up"":[593,131,619,105],""angle_down"":45.0,""angle_up"":135.0,""angle_delta"":0.0,""orth_delta"":0.0,""length_ratio"":0.7483660464883398,""center_offset"":0.034302350133657455,""fill"":0.3895747599451303,""axis_union"":0.721830985915493,""axis_balance"":0.8807339449541285,""continuity"":1.0,""max_gap_ratio"":0.0,""continuity_coverage"":1.0,""axis_span_down_px"":16.192745208740234,""axis_span_up_px"":21.637466430664062,""min_arm_pixels"":16,""min_arm_extent_px"":3.634951114654541,""min_arm_coverage"":1.0,""center_pixels"":80,""center_thickness_ratio"":1.599315464861169,""arm_down_neg_px"":16,""arm_down_pos_px"":34,""arm_up_neg_px"":55,""arm_up_pos_px"":27,""arm_down_neg_cov"":1.0,""arm_down_pos_cov"":1.0,""arm_up_neg_cov"":1.0,""arm_up_pos_cov"":1.0,""axis_core_union"":0.4647887323943662,""axis_core_balance"":0.9701492537313433,""fit_error"":0.0,""extra_error"":0.0,""missing_error"":0.0,""center_extra_error"":0.0,""stroke_width"":0.0,""gate"":""white_strict"",""mode"":""white""}"
raw_s0009_0007,screen_0009,D:\Projects\adb_vl\vision_platform\ads\collections\close_x_proposal_collection_pilot_20260720_latest30\screens\screen_0009.png,vision_platform\ads\collections\input_preclick_latest30_20260720\009_click_success_20260720_131542_386_pre_click.png,"[781,127,44,31]",781,127,44,31,geometry_x,x_geometry,0.818537,__geometry_close.png,D:\Projects\adb_vl\vision_platform\ads\collections\close_x_proposal_collection_pilot_20260720_latest30\raw_proposal_crops\raw_s0009_0007.png,"{""score"":0.8185374450179066,""method"":""axis"",""line_down"":[788,127,817,157],""line_up"":[788,157,817,127],""angle_down"":45.0,""angle_up"":135.0,""angle_delta"":0.0,""orth_delta"":0.0,""length_ratio"":0.8779904743117004,""center_offset"":0.05946718528866768,""fill"":0.47653958944281527,""axis_union"":0.6076923076923076,""axis_balance"":0.9458128078817734,""continuity"":1.0,""max_gap_ratio"":0.0,""continuity_coverage"":1.0,""axis_span_down_px"":29.55706214904785,""axis_span_up_px"":25.95081901550293,""min_arm_pixels"":62,""min_arm_extent_px"":8.121475219726562,""min_arm_coverage"":1.0,""center_pixels"":110,""center_thickness_ratio"":1.1677706689888991,""arm_down_neg_px"":99,""arm_down_pos_px"":62,""arm_up_neg_px"":71,""arm_up_pos_px"":79,""arm_down_neg_cov"":1.0,""arm_down_pos_cov"":1.0,""arm_up_neg_cov"":1.0,""arm_up_pos_cov"":1.0,""axis_core_union"":0.3923076923076923,""axis_core_balance"":0.9172932330827067,""fit_error"":0.0,""extra_error"":0.0,""missing_error"":0.0,""center_extra_error"":0.0,""stroke_width"":0.0,""gate"":""white_strict"",""mode"":""white""}"
raw_s0009_0008,screen_0009,D:\Projects\adb_vl\vision_platform\ads\collections\close_x_proposal_collection_pilot_20260720_latest30\screens\screen_0009.png,vision_platform\ads\collections\input_preclick_latest30_20260720\009_click_success_20260720_131542_386_pre_click.png,"[815,4,24,18]",815,4,24,18,geometry_x,x_geometry,0.798751,__geometry_close.png,D:\Projects\adb_vl\vision_platform\ads\collections\close_x_proposal_collection_pilot_20260720_latest30\raw_proposal_crops\raw_s0009_0008.png,"{""score"":0.7987512214939969,""method"":""axis"",""line_down"":[818,4,835,21],""line_up"":[818,21,835,4],""angle_down"":45.0,""angle_up"":135.0,""angle_delta"":0.0,""orth_delta"":0.0,""length_ratio"":0.8894736801009168,""center_offset"":0.16333919763565063,""fill"":0.3541666666666667,""axis_union"":0.673202614379085,""axis_balance"":0.9433962264150944,""continuity"":1.0,""max_gap_ratio"":0.0,""continuity_coverage"":1.0,""axis_span_down_px"":11.950104713439941,""axis_span_up_px"":13.435029029846191,""min_arm_pixels"":0,""min_arm_extent_px"":0.0,""min_arm_coverage"":0.0,""center_pixels"":23,""center_thickness_ratio"":0.7245669970436701,""arm_down_neg_px"":42,""arm_down_pos_px"":0,""arm_up_neg_px"":5,""arm_up_pos_px"":35,""arm_down_neg_cov"":1.0,""arm_down_pos_cov"":0.0,""arm_up_neg_cov"":1.0,""arm_up_pos_cov"":1.0,""axis_core_union"":0.4444444444444444,""axis_core_balance"":0.9428571428571428,""fit_error"":0.0,""extra_error"":0.0,""missing_error"":0.0,""center_extra_error"":0.0,""stroke_width"":0.0,""gate"":""white_strict"",""mode"":""white""}"
raw_s0009_0009,screen_0009,D:\Projects\adb_vl\vision_platform\ads\collections\close_x_proposal_collection_pilot_20260720_latest30\screens\screen_0009.png,vision_platform\ads\collections\input_preclick_latest30_20260720\009_click_success_20260720_131542_386_pre_click.png,"[894,102,8,8]",894,102,8,8,geometry_x,x_geometry,0.660447,__geometry_close.png,D:\Projects\adb_vl\vision_platform\ads\collections\close_x_proposal_collection_pilot_20260720_latest30\raw_proposal_crops\raw_s0009_0009.png,"{""score"":0.660446771415831,""method"":""axis"",""line_down"":[894,102,901,109],""line_up"":[894,109,901,102],""angle_down"":42.5,""angle_up"":137.5,""angle_delta"":2.5,""orth_delta"":0.0,""length_ratio"":0.9941047614722086,""center_offset"":0.15619592368602753,""fill"":0.265625,""axis_union"":0.8235294117647058,""axis_balance"":0.5555555555555556,""continuity"":0.1836734693877551,""max_gap_ratio"":0.5714285714285714,""continuity_coverage"":0.42857142857142855,""axis_span_down_px"":6.2412919998168945,""axis_span_up_px"":6.278304100036621,""min_arm_pixels"":0,""min_arm_extent_px"":0.0,""min_arm_coverage"":0.0,""center_pixels"":3,""center_thickness_ratio"":0.8443694114685059,""arm_down_neg_px"":0,""arm_down_pos_px"":3,""arm_up_neg_px"":7,""arm_up_pos_px"":1,""arm_down_neg_cov"":0.0,""arm_down_pos_cov"":0.5,""arm_up_neg_cov"":1.0,""arm_up_pos_cov"":0.25,""axis_core_union"":0.47058823529411764,""axis_core_balance"":0.6,""fit_error"":0.0,""extra_error"":0.0,""missing_error"":0.0,""center_extra_error"":0.0,""stroke_width"":0.0,""gate"":""black_strict"",""mode"":""black""}"
raw_s0010_0001,screen_0010,D:\Projects\adb_vl\vision_platform\ads\collections\close_x_proposal_collection_pilot_20260720_latest30\screens\screen_0010.png,vision_platform\ads\collections\input_preclick_latest30_20260720\010_click_success_20260720_131153_058_pre_click.png,"[512,147,28,27]",512,147,28,27,geometry_x,x_geometry,0.904237,__geometry_close.png,D:\Projects\adb_vl\vision_platform\ads\collections\close_x_proposal_collection_pilot_20260720_latest30\raw_proposal_crops\raw_s0010_0001.png,"{""score"":0.9042368415484555,""method"":""axis"",""line_down"":[512,147,538,173],""line_up"":[513,173,538,147],""angle_down"":45.0,""angle_up"":135.0,""angle_delta"":0.0,""orth_delta"":0.0,""length_ratio"":0.9973924212887247,""center_offset"":0.019877195358276367,""fill"":0.5343915343915344,""axis_union"":0.7722772277227723,""axis_balance"":0.9141104294478528,""continuity"":1.0,""max_gap_ratio"":0.0,""continuity_coverage"":1.0,""axis_span_down_px"":27.04683494567871,""axis_span_up_px"":27.11754608154297,""min_arm_pixels"":61,""min_arm_extent_px"":9.468582153320312,""min_arm_coverage"":1.0,""center_pixels"":48,""center_thickness_ratio"":0.6883403485251733,""arm_down_neg_px"":61,""arm_down_pos_px"":77,""arm_up_neg_px"":61,""arm_up_pos_px"":75,""arm_down_neg_cov"":1.0,""arm_down_pos_cov"":1.0,""arm_up_neg_cov"":1.0,""arm_up_pos_cov"":1.0,""axis_core_union"":0.43316831683168316,""axis_core_balance"":0.9021739130434783,""fit_error"":0.0,""extra_error"":0.0,""missing_error"":0.0,""center_extra_error"":0.0,""stroke_width"":0.0,""gate"":""white_strict"",""mode"":""white""}"
raw_s0010_0002,screen_0010,D:\Projects\adb_vl\vision_platform\ads\collections\close_x_proposal_collection_pilot_20260720_latest30\screens\screen_0010.png,vision_platform\ads\collections\input_preclick_latest30_20260720\010_click_success_20260720_131153_058_pre_click.png,"[913,222,10,11]",913,222,10,11,geometry_x,x_geometry,0.842426,__geometry_close.png,D:\Projects\adb_vl\vision_platform\ads\collections\close_x_proposal_collection_pilot_20260720_latest30\raw_proposal_crops\raw_s0010_0002.png,"{""score"":0.8424261032089191,""method"":""axis"",""line_down"":[913,222,922,232],""line_up"":[913,232,922,222],""angle_down"":45.0,""angle_up"":135.0,""angle_delta"":0.0,""orth_delta"":0.0,""length_ratio"":0.8630137365931453,""center_offset"":0.06385508924722672,""fill"":0.4818181818181818,""axis_union"":0.7924528301886793,""axis_balance"":0.8260869565217391,""continuity"":1.0,""max_gap_ratio"":0.0,""continuity_coverage"":1.0,""axis_span_down_px"":8.9095458984375,""axis_span_up_px"":10.323759078979492,""min_arm_pixels"":5,""min_arm_extent_px"":2.8547730445861816,""min_arm_coverage"":1.0,""center_pixels"":12,""center_thickness_ratio"":1.2750838766032415,""arm_down_neg_px"":12,""arm_down_pos_px"":5,""arm_up_neg_px"":10,""arm_up_pos_px"":7,""arm_down_neg_cov"":1.0,""arm_down_pos_cov"":1.0,""arm_up_neg_cov"":1.0,""arm_up_pos_cov"":1.0,""axis_core_union"":0.4716981132075472,""axis_core_balance"":0.9230769230769231,""fit_error"":0.0,""extra_error"":0.0,""missing_error"":0.0,""center_extra_error"":0.0,""stroke_width"":0.0,""gate"":""black_strict"",""mode"":""black""}"
raw_s0010_0003,screen_0010,D:\Projects\adb_vl\vision_platform\ads\collections\close_x_proposal_collection_pilot_20260720_latest30\screens\screen_0010.png,vision_platform\ads\collections\input_preclick_latest30_20260720\010_click_success_20260720_131153_058_pre_click.png,"[868,101,9,11]",868,101,9,11,geometry_x,x_geometry,0.789566,__geometry_close.png,D:\Projects\adb_vl\vision_platform\ads\collections\close_x_proposal_collection_pilot_20260720_latest30\raw_proposal_crops\raw_s0010_0003.png,"{""score"":0.7895661404745314,""method"":""axis"",""line_down"":[868,102,876,110],""line_up"":[868,110,876,102],""angle_down"":45.0,""angle_up"":135.0,""angle_delta"":0.0,""orth_delta"":0.0,""length_ratio"":0.8006536166647744,""center_offset"":0.06414943188428879,""fill"":0.43434343434343436,""axis_union"":0.6744186046511628,""axis_balance"":0.8125,""continuity"":0.5102040816326531,""max_gap_ratio"":0.2857142857142857,""continuity_coverage"":0.7142857142857143,""axis_span_down_px"":8.662057876586914,""axis_span_up_px"":10.818733215332031,""min_arm_pixels"":4,""min_arm_extent_px"":1.3284270763397217,""min_arm_coverage"":0.5,""center_pixels"":5,""center_thickness_ratio"":0.7840062404148619,""arm_down_neg_px"":4,""arm_down_pos_px"":7,""arm_up_neg_px"":6,""arm_up_pos_px"":7,""arm_down_neg_cov"":0.5,""arm_down_pos_cov"":0.75,""arm_up_neg_cov"":1.0,""arm_up_pos_cov"":1.0,""axis_core_union"":0.4186046511627907,""axis_core_balance"":1.0,""fit_error"":0.0,""extra_error"":0.0,""missing_error"":0.0,""center_extra_error"":0.0,""stroke_width"":0.0,""gate"":""black_strict"",""mode"":""black""}"
raw_s0010_0004,screen_0010,D:\Projects\adb_vl\vision_platform\ads\collections\close_x_proposal_collection_pilot_20260720_latest30\screens\screen_0010.png,vision_platform\ads\collections\input_preclick_latest30_20260720\010_click_success_20260720_131153_058_pre_click.png,"[19,161,15,10]",19,161,15,10,geometry_x,x_geometry,0.715768,__geometry_close.png,D:\Projects\adb_vl\vision_platform\ads\collections\close_x_proposal_collection_pilot_20260720_latest30\raw_proposal_crops\raw_s0010_0004.png,"{""score"":0.7157677278752301,""method"":""axis"",""line_down"":[21,161,31,170],""line_up"":[22,170,31,161],""angle_down"":45.0,""angle_up"":135.0,""angle_delta"":0.0,""orth_delta"":0.0,""length_ratio"":0.760479009515275,""center_offset"":0.019209546968340874,""fill"":0.41333333333333333,""axis_union"":0.5806451612903226,""axis_balance"":0.5652173913043478,""continuity"":0.6122448979591837,""max_gap_ratio"":0.14285714285714285,""continuity_coverage"":0.7142857142857143,""axis_span_down_px"":11.808682441711426,""axis_span_up_px"":8.980255126953125,""min_arm_pixels"":4,""min_arm_extent_px"":1.4759143590927124,""min_arm_coverage"":0.75,""center_pixels"":5,""center_thickness_ratio"":0.5409643977267549,""arm_down_neg_px"":12,""arm_down_pos_px"":10,""arm_up_neg_px"":4,""arm_up_pos_px"":8,""arm_down_neg_cov"":1.0,""arm_down_pos_cov"":1.0,""arm_up_neg_cov"":0.75,""arm_up_pos_cov"":0.75,""axis_core_union"":0.3064516129032258,""axis_core_balance"":0.5833333333333334,""fit_error"":0.0,""extra_error"":0.0,""missing_error"":0.0,""center_extra_error"":0.0,""stroke_width"":0.0,""gate"":""black_strict"",""mode"":""black""}"
raw_s0010_0005,screen_0010,D:\Projects\adb_vl\vision_platform\ads\collections\close_x_proposal_collection_pilot_20260720_latest30\screens\screen_0010.png,vision_platform\ads\collections\input_preclick_latest30_20260720\010_click_success_20260720_131153_058_pre_click.png,"[288,228,14,15]",288,228,14,15,geometry_x,x_geometry,0.638913,__geometry_close.png,D:\Projects\adb_vl\vision_platform\ads\collections\close_x_proposal_collection_pilot_20260720_latest30\raw_proposal_crops\raw_s0010_0005.png,"{""score"":0.6389128522588755,""method"":""axis"",""line_down"":[288,229,301,241],""line_up"":[288,241,301,229],""angle_down"":43.0,""angle_up"":137.0,""angle_delta"":2.0,""orth_delta"":0.0,""length_ratio"":0.7021583705839772,""center_offset"":0.05282067880034447,""fill"":0.5285714285714286,""axis_union"":0.7387387387387387,""axis_balance"":0.5769230769230769,""continuity"":1.0,""max_gap_ratio"":0.0,""continuity_coverage"":1.0,""axis_span_down_px"":12.140469551086426,""axis_span_up_px"":8.524532318115234,""min_arm_pixels"":7,""min_arm_extent_px"":1.479135274887085,""min_arm_coverage"":0.75,""center_pixels"":26,""center_thickness_ratio"":1.0170432032983598,""arm_down_neg_px"":28,""arm_down_pos_px"":12,""arm_up_neg_px"":7,""arm_up_pos_px"":17,""arm_down_neg_cov"":1.0,""arm_down_pos_cov"":1.0,""arm_up_neg_cov"":0.75,""arm_up_pos_cov"":1.0,""axis_core_union"":0.4144144144144144,""axis_core_balance"":0.5333333333333333,""fit_error"":0.0,""extra_error"":0.0,""missing_error"":0.0,""center_extra_error"":0.0,""stroke_width"":0.0,""gate"":""black_strict"",""mode"":""black""}"
raw_s0011_0001,screen_0011,D:\Projects\adb_vl\vision_platform\ads\collections\close_x_proposal_collection_pilot_20260720_latest30\screens\screen_0011.png,vision_platform\ads\collections\input_preclick_latest30_20260720\011_click_success_20260720_131147_043_pre_click.png,"[915,27,35,29]",915,27,35,29,close_template,template_match,0.845493,close_14.png,D:\Projects\adb_vl\vision_platform\ads\collections\close_x_proposal_collection_pilot_20260720_latest30\raw_proposal_crops\raw_s0011_0001.png,"{""brightness_ratio"":1.2427644912849614}"
raw_s0011_0002,screen_0011,D:\Projects\adb_vl\vision_platform\ads\collections\close_x_proposal_collection_pilot_20260720_latest30\screens\screen_0011.png,vision_platform\ads\collections\input_preclick_latest30_20260720\011_click_success_20260720_131147_043_pre_click.png,"[372,190,43,24]",372,190,43,24,close_template,template_match,0.720375,close_20.png,D:\Projects\adb_vl\vision_platform\ads\collections\close_x_proposal_collection_pilot_20260720_latest30\raw_proposal_crops\raw_s0011_0002.png,"{""brightness_ratio"":1.0268293438509362}"
raw_s0011_0003,screen_0011,D:\Projects\adb_vl\vision_platform\ads\collections\close_x_proposal_collection_pilot_20260720_latest30\screens\screen_0011.png,vision_platform\ads\collections\input_preclick_latest30_20260720\011_click_success_20260720_131147_043_pre_click.png,"[911,25,40,33]",911,25,40,33,close_template,template_match,0.986557,close_24.png,D:\Projects\adb_vl\vision_platform\ads\collections\close_x_proposal_collection_pilot_20260720_latest30\raw_proposal_crops\raw_s0011_0003.png,"{""brightness_ratio"":2.5917479403754227}"
raw_s0011_0004,screen_0011,D:\Projects\adb_vl\vision_platform\ads\collections\close_x_proposal_collection_pilot_20260720_latest30\screens\screen_0011.png,vision_platform\ads\collections\input_preclick_latest30_20260720\011_click_success_20260720_131147_043_pre_click.png,"[921,26,26,28]",921,26,26,28,close_template,template_match,0.82297,close_25.png,D:\Projects\adb_vl\vision_platform\ads\collections\close_x_proposal_collection_pilot_20260720_latest30\raw_proposal_crops\raw_s0011_0004.png,"{""brightness_ratio"":1.4383683302538766}"
raw_s0011_0005,screen_0011,D:\Projects\adb_vl\vision_platform\ads\collections\close_x_proposal_collection_pilot_20260720_latest30\screens\screen_0011.png,vision_platform\ads\collections\input_preclick_latest30_20260720\011_click_success_20260720_131147_043_pre_click.png,"[916,68,38,25]",916,68,38,25,close_template,template_match,0.845756,close_4.png,D:\Projects\adb_vl\vision_platform\ads\collections\close_x_proposal_collection_pilot_20260720_latest30\raw_proposal_crops\raw_s0011_0005.png,"{""brightness_ratio"":0.9335321109798835}"
raw_s0011_0006,screen_0011,D:\Projects\adb_vl\vision_platform\ads\collections\close_x_proposal_collection_pilot_20260720_latest30\screens\screen_0011.png,vision_platform\ads\collections\input_preclick_latest30_20260720\011_click_success_20260720_131147_043_pre_click.png,"[430,155,38,25]",430,155,38,25,close_template,template_match,0.836511,close_4.png,D:\Projects\adb_vl\vision_platform\ads\collections\close_x_proposal_collection_pilot_20260720_latest30\raw_proposal_crops\raw_s0011_0006.png,"{""brightness_ratio"":1.2498488730555182}"
raw_s0011_0007,screen_0011,D:\Projects\adb_vl\vision_platform\ads\collections\close_x_proposal_collection_pilot_20260720_latest30\screens\screen_0011.png,vision_platform\ads\collections\input_preclick_latest30_20260720\011_click_success_20260720_131147_043_pre_click.png,"[754,69,38,25]",754,69,38,25,close_template,template_match,0.793809,close_4.png,D:\Projects\adb_vl\vision_platform\ads\collections\close_x_proposal_collection_pilot_20260720_latest30\raw_proposal_crops\raw_s0011_0007.png,"{""brightness_ratio"":0.762710260067421}"
raw_s0011_0008,screen_0011,D:\Projects\adb_vl\vision_platform\ads\collections\close_x_proposal_collection_pilot_20260720_latest30\screens\screen_0011.png,vision_platform\ads\collections\input_preclick_latest30_20260720\011_click_success_20260720_131147_043_pre_click.png,"[913,28,38,32]",913,28,38,32,close_template,template_match,0.822724,close_7.png,D:\Projects\adb_vl\vision_platform\ads\collections\close_x_proposal_collection_pilot_20260720_latest30\raw_proposal_crops\raw_s0011_0008.png,"{""brightness_ratio"":2.1780851998243302}"
raw_s0011_0009,screen_0011,D:\Projects\adb_vl\vision_platform\ads\collections\close_x_proposal_collection_pilot_20260720_latest30\screens\screen_0011.png,vision_platform\ads\collections\input_preclick_latest30_20260720\011_click_success_20260720_131147_043_pre_click.png,"[918,26,30,30]",918,26,30,30,close_template,template_match,0.834911,close_x_momo.png,D:\Projects\adb_vl\vision_platform\ads\collections\close_x_proposal_collection_pilot_20260720_latest30\raw_proposal_crops\raw_s0011_0009.png,"{""brightness_ratio"":1.1179521914220856}"
raw_s0011_0010,screen_0011,D:\Projects\adb_vl\vision_platform\ads\collections\close_x_proposal_collection_pilot_20260720_latest30\screens\screen_0011.png,vision_platform\ads\collections\input_preclick_latest30_20260720\011_click_success_20260720_131147_043_pre_click.png,"[923,32,20,20]",923,32,20,20,geometry_x,x_geometry,1.0,__geometry_close.png,D:\Projects\adb_vl\vision_platform\ads\collections\close_x_proposal_collection_pilot_20260720_latest30\raw_proposal_crops\raw_s0011_0010.png,"{""score"":1.0,""method"":""axis"",""line_down"":[923,32,942,51],""line_up"":[923,51,942,32],""angle_down"":45.0,""angle_up"":135.0,""angle_delta"":0.0,""orth_delta"":0.0,""length_ratio"":1.0,""center_offset"":0.0,""fill"":0.44,""axis_union"":1.0,""axis_balance"":1.0,""continuity"":1.0,""max_gap_ratio"":0.0,""continuity_coverage"":1.0,""axis_span_down_px"":23.829498291015625,""axis_span_up_px"":23.829498291015625,""min_arm_pixels"":36,""min_arm_extent_px"":9.527922630310059,""min_arm_coverage"":1.0,""center_pixels"":44,""center_thickness_ratio"":1.4556548462973702,""arm_down_neg_px"":36,""arm_down_pos_px"":36,""arm_up_neg_px"":36,""arm_up_pos_px"":36,""arm_down_neg_cov"":1.0,""arm_down_pos_cov"":1.0,""arm_up_neg_cov"":1.0,""arm_up_pos_cov"":1.0,""axis_core_union"":1.0,""axis_core_balance"":1.0,""fit_error"":0.0,""extra_error"":0.0,""missing_error"":0.0,""center_extra_error"":0.0,""stroke_width"":0.0,""gate"":""white_strict"",""mode"":""white""}"
raw_s0011_0011,screen_0011,D:\Projects\adb_vl\vision_platform\ads\collections\close_x_proposal_collection_pilot_20260720_latest30\screens\screen_0011.png,vision_platform\ads\collections\input_preclick_latest30_20260720\011_click_success_20260720_131147_043_pre_click.png,"[843,33,20,20]",843,33,20,20,geometry_x,x_geometry,0.890293,__geometry_close.png,D:\Projects\adb_vl\vision_platform\ads\collections\close_x_proposal_collection_pilot_20260720_latest30\raw_proposal_crops\raw_s0011_0011.png,"{""score"":0.8902927863878658,""method"":""axis"",""line_down"":[843,33,862,52],""line_up"":[843,52,862,33],""angle_down"":45.0,""angle_up"":135.0,""angle_delta"":0.0,""orth_delta"":0.0,""length_ratio"":0.9546218719019587,""center_offset"":0.024602551013231277,""fill"":0.45,""axis_union"":0.7722222222222223,""axis_balance"":0.9041095890410958,""continuity"":1.0,""max_gap_ratio"":0.0,""continuity_coverage"":1.0,""axis_span_down_px"":21.036426544189453,""axis_span_up_px"":20.081832885742188,""min_arm_pixels"":26,""min_arm_extent_px"":6.522717475891113,""min_arm_coverage"":1.0,""center_pixels"":30,""center_thickness_ratio"":0.9999355835326873,""arm_down_neg_px"":31,""arm_down_pos_px"":31,""arm_up_neg_px"":26,""arm_up_pos_px"":27,""arm_down_neg_cov"":1.0,""arm_down_pos_cov"":1.0,""arm_up_neg_cov"":1.0,""arm_up_pos_cov"":1.0,""axis_core_union"":0.4777777777777778,""axis_core_balance"":0.8695652173913043,""fit_error"":0.0,""extra_error"":0.0,""missing_error"":0.0,""center_extra_error"":0.0,""stroke_width"":0.0,""gate"":""white_strict"",""mode"":""white""}"
raw_s0012_0001,screen_0012,D:\Projects\adb_vl\vision_platform\ads\collections\close_x_proposal_collection_pilot_20260720_latest30\screens\screen_0012.png,vision_platform\ads\collections\input_preclick_latest30_20260720\012_click_success_20260720_131127_557_pre_click.png,"[913,221,10,12]",913,221,10,12,geometry_x,x_geometry,0.891163,__geometry_close.png,D:\Projects\adb_vl\vision_platform\ads\collections\close_x_proposal_collection_pilot_20260720_latest30\raw_proposal_crops\raw_s0012_0001.png,"{""score"":0.8911625087296624,""method"":""axis"",""line_down"":[913,222,922,231],""line_up"":[913,231,922,222],""angle_down"":45.0,""angle_up"":135.0,""angle_delta"":0.0,""orth_delta"":0.0,""length_ratio"":0.8537415530831034,""center_offset"":0.03183748573064804,""fill"":0.48333333333333334,""axis_union"":0.896551724137931,""axis_balance"":0.8571428571428571,""continuity"":1.0,""max_gap_ratio"":0.0,""continuity_coverage"":1.0,""axis_span_down_px"":8.874190330505371,""axis_span_up_px"":10.394469261169434,""min_arm_pixels"":6,""min_arm_extent_px"":3.1729702949523926,""min_arm_coverage"":1.0,""center_pixels"":12,""center_thickness_ratio"":1.1511337897315264,""arm_down_neg_px"":12,""arm_down_pos_px"":6,""arm_up_neg_px"":12,""arm_up_pos_px"":10,""arm_down_neg_cov"":1.0,""arm_down_pos_cov"":1.0,""arm_up_neg_cov"":1.0,""arm_up_pos_cov"":1.0,""axis_core_union"":0.6551724137931034,""axis_core_balance"":0.9,""fit_error"":0.0,""extra_error"":0.0,""missing_error"":0.0,""center_extra_error"":0.0,""stroke_width"":0.0,""gate"":""black_strict"",""mode"":""black""}"
raw_s0012_0002,screen_0012,D:\Projects\adb_vl\vision_platform\ads\collections\close_x_proposal_collection_pilot_20260720_latest30\screens\screen_0012.png,vision_platform\ads\collections\input_preclick_latest30_20260720\012_click_success_20260720_131127_557_pre_click.png,"[762,235,10,8]",762,235,10,8,geometry_x,x_geometry,0.834565,__geometry_close.png,D:\Projects\adb_vl\vision_platform\ads\collections\close_x_proposal_collection_pilot_20260720_latest30\raw_proposal_crops\raw_s0012_0002.png,"{""score"":0.8345648801324235,""method"":""axis"",""line_down"":[763,235,770,242],""line_up"":[763,242,770,235],""angle_down"":45.0,""angle_up"":135.0,""angle_delta"":0.0,""orth_delta"":0.0,""length_ratio"":0.9921875543299251,""center_offset"":0.042924314737319946,""fill"":0.55,""axis_union"":0.5681818181818182,""axis_balance"":0.9230769230769231,""continuity"":0.5102040816326531,""max_gap_ratio"":0.2857142857142857,""continuity_coverage"":0.7142857142857143,""axis_span_down_px"":9.050966262817383,""axis_span_up_px"":8.980256080627441,""min_arm_pixels"":4,""min_arm_extent_px"":2.6012191772460938,""min_arm_coverage"":0.75,""center_pixels"":5,""center_thickness_ratio"":0.8265478136829364,""arm_down_neg_px"":4,""arm_down_pos_px"":5,""arm_up_neg_px"":5,""arm_up_pos_px"":6,""arm_down_neg_cov"":0.75,""arm_down_pos_cov"":1.0,""arm_up_neg_cov"":0.75,""arm_up_pos_cov"":0.75,""axis_core_union"":0.5681818181818182,""axis_core_balance"":0.9230769230769231,""fit_error"":0.0,""extra_error"":0.0,""missing_error"":0.0,""center_extra_error"":0.0,""stroke_width"":0.0,""gate"":""white_strict"",""mode"":""white""}"
raw_s0012_0003,screen_0012,D:\Projects\adb_vl\vision_platform\ads\collections\close_x_proposal_collection_pilot_20260720_latest30\screens\screen_0012.png,vision_platform\ads\collections\input_preclick_latest30_20260720\012_click_success_20260720_131127_557_pre_click.png,"[287,228,15,15]",287,228,15,15,geometry_x,x_geometry,0.751292,__geometry_close.png,D:\Projects\adb_vl\vision_platform\ads\collections\close_x_proposal_collection_pilot_20260720_latest30\raw_proposal_crops\raw_s0012_0003.png,"{""score"":0.7512916638721185,""method"":""axis"",""line_down"":[301,242,301,242],""line_up"":[287,242,301,228],""angle_down"":45.0,""angle_up"":135.0,""angle_delta"":0.0,""orth_delta"":0.0,""length_ratio"":0.7090396224983153,""center_offset"":0.023720409721136093,""fill"":0.52,""axis_union"":0.7863247863247863,""axis_balance"":0.5081967213114754,""continuity"":1.0,""max_gap_ratio"":0.0,""continuity_coverage"":1.0,""axis_span_down_px"":12.515789031982422,""axis_span_up_px"":8.874190330505371,""min_arm_pixels"":10,""min_arm_extent_px"":2.2315492630004883,""min_arm_coverage"":0.75,""center_pixels"":29,""center_thickness_ratio"":1.0978334121430648,""arm_down_neg_px"":28,""arm_down_pos_px"":14,""arm_up_neg_px"":10,""arm_up_pos_px"":15,""arm_down_neg_cov"":1.0,""arm_down_pos_cov"":1.0,""arm_up_neg_cov"":0.75,""arm_up_pos_cov"":1.0,""axis_core_union"":0.41025641025641024,""axis_core_balance"":0.5,""fit_error"":0.0,""extra_error"":0.0,""missing_error"":0.0,""center_extra_error"":0.0,""stroke_width"":0.0,""gate"":""black_soft"",""mode"":""black""}"
raw_s0013_0001,screen_0013,D:\Projects\adb_vl\vision_platform\ads\collections\close_x_proposal_collection_pilot_20260720_latest30\screens\screen_0013.png,vision_platform\ads\collections\input_preclick_latest30_20260720\013_click_success_20260720_131117_976_pre_click.png,"[512,147,28,27]",512,147,28,27,geometry_x,x_geometry,0.904237,__geometry_close.png,D:\Projects\adb_vl\vision_platform\ads\collections\close_x_proposal_collection_pilot_20260720_latest30\raw_proposal_crops\raw_s0013_0001.png,"{""score"":0.9042368415484555,""method"":""axis"",""line_down"":[512,147,538,173],""line_up"":[513,173,538,147],""angle_down"":45.0,""angle_up"":135.0,""angle_delta"":0.0,""orth_delta"":0.0,""length_ratio"":0.9973924212887247,""center_offset"":0.019877195358276367,""fill"":0.5343915343915344,""axis_union"":0.7722772277227723,""axis_balance"":0.9141104294478528,""continuity"":1.0,""max_gap_ratio"":0.0,""continuity_coverage"":1.0,""axis_span_down_px"":27.04683494567871,""axis_span_up_px"":27.11754608154297,""min_arm_pixels"":61,""min_arm_extent_px"":9.468582153320312,""min_arm_coverage"":1.0,""center_pixels"":48,""center_thickness_ratio"":0.6883403485251733,""arm_down_neg_px"":61,""arm_down_pos_px"":77,""arm_up_neg_px"":61,""arm_up_pos_px"":75,""arm_down_neg_cov"":1.0,""arm_down_pos_cov"":1.0,""arm_up_neg_cov"":1.0,""arm_up_pos_cov"":1.0,""axis_core_union"":0.43316831683168316,""axis_core_balance"":0.9021739130434783,""fit_error"":0.0,""extra_error"":0.0,""missing_error"":0.0,""center_extra_error"":0.0,""stroke_width"":0.0,""gate"":""white_strict"",""mode"":""white""}"
raw_s0013_0002,screen_0013,D:\Projects\adb_vl\vision_platform\ads\collections\close_x_proposal_collection_pilot_20260720_latest30\screens\screen_0013.png,vision_platform\ads\collections\input_preclick_latest30_20260720\013_click_success_20260720_131117_976_pre_click.png,"[467,222,15,15]",467,222,15,15,geometry_x,x_geometry,0.888206,__geometry_close.png,D:\Projects\adb_vl\vision_platform\ads\collections\close_x_proposal_collection_pilot_20260720_latest30\raw_proposal_crops\raw_s0013_0002.png,"{""score"":0.8882058747571121,""method"":""axis"",""line_down"":[481,236,481,236],""line_up"":[467,236,481,222],""angle_down"":45.0,""angle_up"":135.0,""angle_delta"":0.0,""orth_delta"":0.0,""length_ratio"":0.9934782766766267,""center_offset"":0.00599233154207468,""fill"":0.47555555555555556,""axis_union"":0.7570093457943925,""axis_balance"":0.8409090909090909,""continuity"":1.0,""max_gap_ratio"":0.0,""continuity_coverage"":1.0,""axis_span_down_px"":16.26345443725586,""axis_span_up_px"":16.15738868713379,""min_arm_pixels"":15,""min_arm_extent_px"":5.590306282043457,""min_arm_coverage"":1.0,""center_pixels"":15,""center_thickness_ratio"":0.9123313654948263,""arm_down_neg_px"":18,""arm_down_pos_px"":19,""arm_up_neg_px"":15,""arm_up_pos_px"":18,""arm_down_neg_cov"":1.0,""arm_down_pos_cov"":1.0,""arm_up_neg_cov"":1.0,""arm_up_pos_cov"":1.0,""axis_core_union"":0.3925233644859813,""axis_core_balance"":0.9090909090909091,""fit_error"":0.0,""extra_error"":0.0,""missing_error"":0.0,""center_extra_error"":0.0,""stroke_width"":0.0,""gate"":""black_soft"",""mode"":""black""}"
raw_s0013_0003,screen_0013,D:\Projects\adb_vl\vision_platform\ads\collections\close_x_proposal_collection_pilot_20260720_latest30\screens\screen_0013.png,vision_platform\ads\collections\input_preclick_latest30_20260720\013_click_success_20260720_131117_976_pre_click.png,"[913,222,10,11]",913,222,10,11,geometry_x,x_geometry,0.842426,__geometry_close.png,D:\Projects\adb_vl\vision_platform\ads\collections\close_x_proposal_collection_pilot_20260720_latest30\raw_proposal_crops\raw_s0013_0003.png,"{""score"":0.8424261032089191,""method"":""axis"",""line_down"":[913,222,922,232],""line_up"":[913,232,922,222],""angle_down"":45.0,""angle_up"":135.0,""angle_delta"":0.0,""orth_delta"":0.0,""length_ratio"":0.8630137365931453,""center_offset"":0.06385508924722672,""fill"":0.4818181818181818,""axis_union"":0.7924528301886793,""axis_balance"":0.8260869565217391,""continuity"":1.0,""max_gap_ratio"":0.0,""continuity_coverage"":1.0,""axis_span_down_px"":8.9095458984375,""axis_span_up_px"":10.323759078979492,""min_arm_pixels"":5,""min_arm_extent_px"":2.8547730445861816,""min_arm_coverage"":1.0,""center_pixels"":12,""center_thickness_ratio"":1.2750838766032415,""arm_down_neg_px"":12,""arm_down_pos_px"":5,""arm_up_neg_px"":10,""arm_up_pos_px"":7,""arm_down_neg_cov"":1.0,""arm_down_pos_cov"":1.0,""arm_up_neg_cov"":1.0,""arm_up_pos_cov"":1.0,""axis_core_union"":0.4716981132075472,""axis_core_balance"":0.9230769230769231,""fit_error"":0.0,""extra_error"":0.0,""missing_error"":0.0,""center_extra_error"":0.0,""stroke_width"":0.0,""gate"":""black_strict"",""mode"":""black""}"
raw_s0013_0004,screen_0013,D:\Projects\adb_vl\vision_platform\ads\collections\close_x_proposal_collection_pilot_20260720_latest30\screens\screen_0013.png,vision_platform\ads\collections\input_preclick_latest30_20260720\013_click_success_20260720_131117_976_pre_click.png,"[868,101,9,11]",868,101,9,11,geometry_x,x_geometry,0.789566,__geometry_close.png,D:\Projects\adb_vl\vision_platform\ads\collections\close_x_proposal_collection_pilot_20260720_latest30\raw_proposal_crops\raw_s0013_0004.png,"{""score"":0.7895661404745314,""method"":""axis"",""line_down"":[868,102,876,110],""line_up"":[868,110,876,102],""angle_down"":45.0,""angle_up"":135.0,""angle_delta"":0.0,""orth_delta"":0.0,""length_ratio"":0.8006536166647744,""center_offset"":0.06414943188428879,""fill"":0.43434343434343436,""axis_union"":0.6744186046511628,""axis_balance"":0.8125,""continuity"":0.5102040816326531,""max_gap_ratio"":0.2857142857142857,""continuity_coverage"":0.7142857142857143,""axis_span_down_px"":8.662057876586914,""axis_span_up_px"":10.818733215332031,""min_arm_pixels"":4,""min_arm_extent_px"":1.3284270763397217,""min_arm_coverage"":0.5,""center_pixels"":5,""center_thickness_ratio"":0.7840062404148619,""arm_down_neg_px"":4,""arm_down_pos_px"":7,""arm_up_neg_px"":6,""arm_up_pos_px"":7,""arm_down_neg_cov"":0.5,""arm_down_pos_cov"":0.75,""arm_up_neg_cov"":1.0,""arm_up_pos_cov"":1.0,""axis_core_union"":0.4186046511627907,""axis_core_balance"":1.0,""fit_error"":0.0,""extra_error"":0.0,""missing_error"":0.0,""center_extra_error"":0.0,""stroke_width"":0.0,""gate"":""black_strict"",""mode"":""black""}"
raw_s0013_0005,screen_0013,D:\Projects\adb_vl\vision_platform\ads\collections\close_x_proposal_collection_pilot_20260720_latest30\screens\screen_0013.png,vision_platform\ads\collections\input_preclick_latest30_20260720\013_click_success_20260720_131117_976_pre_click.png,"[19,161,15,10]",19,161,15,10,geometry_x,x_geometry,0.715768,__geometry_close.png,D:\Projects\adb_vl\vision_platform\ads\collections\close_x_proposal_collection_pilot_20260720_latest30\raw_proposal_crops\raw_s0013_0005.png,"{""score"":0.7157677278752301,""method"":""axis"",""line_down"":[21,161,31,170],""line_up"":[22,170,31,161],""angle_down"":45.0,""angle_up"":135.0,""angle_delta"":0.0,""orth_delta"":0.0,""length_ratio"":0.760479009515275,""center_offset"":0.019209546968340874,""fill"":0.41333333333333333,""axis_union"":0.5806451612903226,""axis_balance"":0.5652173913043478,""continuity"":0.6122448979591837,""max_gap_ratio"":0.14285714285714285,""continuity_coverage"":0.7142857142857143,""axis_span_down_px"":11.808682441711426,""axis_span_up_px"":8.980255126953125,""min_arm_pixels"":4,""min_arm_extent_px"":1.4759143590927124,""min_arm_coverage"":0.75,""center_pixels"":5,""center_thickness_ratio"":0.5409643977267549,""arm_down_neg_px"":12,""arm_down_pos_px"":10,""arm_up_neg_px"":4,""arm_up_pos_px"":8,""arm_down_neg_cov"":1.0,""arm_down_pos_cov"":1.0,""arm_up_neg_cov"":0.75,""arm_up_pos_cov"":0.75,""axis_core_union"":0.3064516129032258,""axis_core_balance"":0.5833333333333334,""fit_error"":0.0,""extra_error"":0.0,""missing_error"":0.0,""center_extra_error"":0.0,""stroke_width"":0.0,""gate"":""black_strict"",""mode"":""black""}"
raw_s0013_0006,screen_0013,D:\Projects\adb_vl\vision_platform\ads\collections\close_x_proposal_collection_pilot_20260720_latest30\screens\screen_0013.png,vision_platform\ads\collections\input_preclick_latest30_20260720\013_click_success_20260720_131117_976_pre_click.png,"[288,228,14,15]",288,228,14,15,geometry_x,x_geometry,0.638913,__geometry_close.png,D:\Projects\adb_vl\vision_platform\ads\collections\close_x_proposal_collection_pilot_20260720_latest30\raw_proposal_crops\raw_s0013_0006.png,"{""score"":0.6389128522588755,""method"":""axis"",""line_down"":[288,229,301,241],""line_up"":[288,241,301,229],""angle_down"":43.0,""angle_up"":137.0,""angle_delta"":2.0,""orth_delta"":0.0,""length_ratio"":0.7021583705839772,""center_offset"":0.05282067880034447,""fill"":0.5285714285714286,""axis_union"":0.7387387387387387,""axis_balance"":0.5769230769230769,""continuity"":1.0,""max_gap_ratio"":0.0,""continuity_coverage"":1.0,""axis_span_down_px"":12.140469551086426,""axis_span_up_px"":8.524532318115234,""min_arm_pixels"":7,""min_arm_extent_px"":1.479135274887085,""min_arm_coverage"":0.75,""center_pixels"":26,""center_thickness_ratio"":1.0170432032983598,""arm_down_neg_px"":28,""arm_down_pos_px"":12,""arm_up_neg_px"":7,""arm_up_pos_px"":17,""arm_down_neg_cov"":1.0,""arm_down_pos_cov"":1.0,""arm_up_neg_cov"":0.75,""arm_up_pos_cov"":1.0,""axis_core_union"":0.4144144144144144,""axis_core_balance"":0.5333333333333333,""fit_error"":0.0,""extra_error"":0.0,""missing_error"":0.0,""center_extra_error"":0.0,""stroke_width"":0.0,""gate"":""black_strict"",""mode"":""black""}"
raw_s0014_0001,screen_0014,D:\Projects\adb_vl\vision_platform\ads\collections\close_x_proposal_collection_pilot_20260720_latest30\screens\screen_0014.png,vision_platform\ads\collections\input_preclick_latest30_20260720\014_click_success_20260720_131111_524_pre_click.png,"[915,27,35,29]",915,27,35,29,close_template,template_match,0.845493,close_14.png,D:\Projects\adb_vl\vision_platform\ads\collections\close_x_proposal_collection_pilot_20260720_latest30\raw_proposal_crops\raw_s0014_0001.png,"{""brightness_ratio"":1.2427644912849614}"
raw_s0014_0002,screen_0014,D:\Projects\adb_vl\vision_platform\ads\collections\close_x_proposal_collection_pilot_20260720_latest30\screens\screen_0014.png,vision_platform\ads\collections\input_preclick_latest30_20260720\014_click_success_20260720_131111_524_pre_click.png,"[372,190,43,24]",372,190,43,24,close_template,template_match,0.720313,close_20.png,D:\Projects\adb_vl\vision_platform\ads\collections\close_x_proposal_collection_pilot_20260720_latest30\raw_proposal_crops\raw_s0014_0002.png,"{""brightness_ratio"":1.0266858627048479}"
raw_s0014_0003,screen_0014,D:\Projects\adb_vl\vision_platform\ads\collections\close_x_proposal_collection_pilot_20260720_latest30\screens\screen_0014.png,vision_platform\ads\collections\input_preclick_latest30_20260720\014_click_success_20260720_131111_524_pre_click.png,"[911,25,40,33]",911,25,40,33,close_template,template_match,0.986557,close_24.png,D:\Projects\adb_vl\vision_platform\ads\collections\close_x_proposal_collection_pilot_20260720_latest30\raw_proposal_crops\raw_s0014_0003.png,"{""brightness_ratio"":2.5917479403754227}"
raw_s0014_0004,screen_0014,D:\Projects\adb_vl\vision_platform\ads\collections\close_x_proposal_collection_pilot_20260720_latest30\screens\screen_0014.png,vision_platform\ads\collections\input_preclick_latest30_20260720\014_click_success_20260720_131111_524_pre_click.png,"[921,26,26,28]",921,26,26,28,close_template,template_match,0.82297,close_25.png,D:\Projects\adb_vl\vision_platform\ads\collections\close_x_proposal_collection_pilot_20260720_latest30\raw_proposal_crops\raw_s0014_0004.png,"{""brightness_ratio"":1.4383683302538766}"
raw_s0014_0005,screen_0014,D:\Projects\adb_vl\vision_platform\ads\collections\close_x_proposal_collection_pilot_20260720_latest30\screens\screen_0014.png,vision_platform\ads\collections\input_preclick_latest30_20260720\014_click_success_20260720_131111_524_pre_click.png,"[916,68,38,25]",916,68,38,25,close_template,template_match,0.845797,close_4.png,D:\Projects\adb_vl\vision_platform\ads\collections\close_x_proposal_collection_pilot_20260720_latest30\raw_proposal_crops\raw_s0014_0005.png,"{""brightness_ratio"":0.9335062957011109}"
raw_s0014_0006,screen_0014,D:\Projects\adb_vl\vision_platform\ads\collections\close_x_proposal_collection_pilot_20260720_latest30\screens\screen_0014.png,vision_platform\ads\collections\input_preclick_latest30_20260720\014_click_success_20260720_131111_524_pre_click.png,"[430,155,38,25]",430,155,38,25,close_template,template_match,0.836063,close_4.png,D:\Projects\adb_vl\vision_platform\ads\collections\close_x_proposal_collection_pilot_20260720_latest30\raw_proposal_crops\raw_s0014_0006.png,"{""brightness_ratio"":1.249715494115192}"
raw_s0014_0007,screen_0014,D:\Projects\adb_vl\vision_platform\ads\collections\close_x_proposal_collection_pilot_20260720_latest30\screens\screen_0014.png,vision_platform\ads\collections\input_preclick_latest30_20260720\014_click_success_20260720_131111_524_pre_click.png,"[754,69,38,25]",754,69,38,25,close_template,template_match,0.793831,close_4.png,D:\Projects\adb_vl\vision_platform\ads\collections\close_x_proposal_collection_pilot_20260720_latest30\raw_proposal_crops\raw_s0014_0007.png,"{""brightness_ratio"":0.762746831712349}"
raw_s0014_0008,screen_0014,D:\Projects\adb_vl\vision_platform\ads\collections\close_x_proposal_collection_pilot_20260720_latest30\screens\screen_0014.png,vision_platform\ads\collections\input_preclick_latest30_20260720\014_click_success_20260720_131111_524_pre_click.png,"[913,28,38,32]",913,28,38,32,close_template,template_match,0.822724,close_7.png,D:\Projects\adb_vl\vision_platform\ads\collections\close_x_proposal_collection_pilot_20260720_latest30\raw_proposal_crops\raw_s0014_0008.png,"{""brightness_ratio"":2.1780851998243302}"
raw_s0014_0009,screen_0014,D:\Projects\adb_vl\vision_platform\ads\collections\close_x_proposal_collection_pilot_20260720_latest30\screens\screen_0014.png,vision_platform\ads\collections\input_preclick_latest30_20260720\014_click_success_20260720_131111_524_pre_click.png,"[918,26,30,30]",918,26,30,30,close_template,template_match,0.834911,close_x_momo.png,D:\Projects\adb_vl\vision_platform\ads\collections\close_x_proposal_collection_pilot_20260720_latest30\raw_proposal_crops\raw_s0014_0009.png,"{""brightness_ratio"":1.1179521914220856}"
raw_s0014_0010,screen_0014,D:\Projects\adb_vl\vision_platform\ads\collections\close_x_proposal_collection_pilot_20260720_latest30\screens\screen_0014.png,vision_platform\ads\collections\input_preclick_latest30_20260720\014_click_success_20260720_131111_524_pre_click.png,"[923,32,20,20]",923,32,20,20,geometry_x,x_geometry,1.0,__geometry_close.png,D:\Projects\adb_vl\vision_platform\ads\collections\close_x_proposal_collection_pilot_20260720_latest30\raw_proposal_crops\raw_s0014_0010.png,"{""score"":1.0,""method"":""axis"",""line_down"":[923,32,942,51],""line_up"":[923,51,942,32],""angle_down"":45.0,""angle_up"":135.0,""angle_delta"":0.0,""orth_delta"":0.0,""length_ratio"":1.0,""center_offset"":0.0,""fill"":0.44,""axis_union"":1.0,""axis_balance"":1.0,""continuity"":1.0,""max_gap_ratio"":0.0,""continuity_coverage"":1.0,""axis_span_down_px"":23.829498291015625,""axis_span_up_px"":23.829498291015625,""min_arm_pixels"":36,""min_arm_extent_px"":9.527922630310059,""min_arm_coverage"":1.0,""center_pixels"":44,""center_thickness_ratio"":1.4556548462973702,""arm_down_neg_px"":36,""arm_down_pos_px"":36,""arm_up_neg_px"":36,""arm_up_pos_px"":36,""arm_down_neg_cov"":1.0,""arm_down_pos_cov"":1.0,""arm_up_neg_cov"":1.0,""arm_up_pos_cov"":1.0,""axis_core_union"":1.0,""axis_core_balance"":1.0,""fit_error"":0.0,""extra_error"":0.0,""missing_error"":0.0,""center_extra_error"":0.0,""stroke_width"":0.0,""gate"":""white_strict"",""mode"":""white""}"
raw_s0014_0011,screen_0014,D:\Projects\adb_vl\vision_platform\ads\collections\close_x_proposal_collection_pilot_20260720_latest30\screens\screen_0014.png,vision_platform\ads\collections\input_preclick_latest30_20260720\014_click_success_20260720_131111_524_pre_click.png,"[843,33,20,20]",843,33,20,20,geometry_x,x_geometry,0.890293,__geometry_close.png,D:\Projects\adb_vl\vision_platform\ads\collections\close_x_proposal_collection_pilot_20260720_latest30\raw_proposal_crops\raw_s0014_0011.png,"{""score"":0.8902927863878658,""method"":""axis"",""line_down"":[843,33,862,52],""line_up"":[843,52,862,33],""angle_down"":45.0,""angle_up"":135.0,""angle_delta"":0.0,""orth_delta"":0.0,""length_ratio"":0.9546218719019587,""center_offset"":0.024602551013231277,""fill"":0.45,""axis_union"":0.7722222222222223,""axis_balance"":0.9041095890410958,""continuity"":1.0,""max_gap_ratio"":0.0,""continuity_coverage"":1.0,""axis_span_down_px"":21.036426544189453,""axis_span_up_px"":20.081832885742188,""min_arm_pixels"":26,""min_arm_extent_px"":6.522717475891113,""min_arm_coverage"":1.0,""center_pixels"":30,""center_thickness_ratio"":0.9999355835326873,""arm_down_neg_px"":31,""arm_down_pos_px"":31,""arm_up_neg_px"":26,""arm_up_pos_px"":27,""arm_down_neg_cov"":1.0,""arm_down_pos_cov"":1.0,""arm_up_neg_cov"":1.0,""arm_up_pos_cov"":1.0,""axis_core_union"":0.4777777777777778,""axis_core_balance"":0.8695652173913043,""fit_error"":0.0,""extra_error"":0.0,""missing_error"":0.0,""center_extra_error"":0.0,""stroke_width"":0.0,""gate"":""white_strict"",""mode"":""white""}"
raw_s0015_0001,screen_0015,D:\Projects\adb_vl\vision_platform\ads\collections\close_x_proposal_collection_pilot_20260720_latest30\screens\screen_0015.png,vision_platform\ads\collections\input_preclick_latest30_20260720\015_click_success_20260720_131051_630_pre_click.png,"[913,221,10,12]",913,221,10,12,geometry_x,x_geometry,0.891163,__geometry_close.png,D:\Projects\adb_vl\vision_platform\ads\collections\close_x_proposal_collection_pilot_20260720_latest30\raw_proposal_crops\raw_s0015_0001.png,"{""score"":0.8911625087296624,""method"":""axis"",""line_down"":[913,222,922,231],""line_up"":[913,231,922,222],""angle_down"":45.0,""angle_up"":135.0,""angle_delta"":0.0,""orth_delta"":0.0,""length_ratio"":0.8537415530831034,""center_offset"":0.03183748573064804,""fill"":0.48333333333333334,""axis_union"":0.896551724137931,""axis_balance"":0.8571428571428571,""continuity"":1.0,""max_gap_ratio"":0.0,""continuity_coverage"":1.0,""axis_span_down_px"":8.874190330505371,""axis_span_up_px"":10.394469261169434,""min_arm_pixels"":6,""min_arm_extent_px"":3.1729702949523926,""min_arm_coverage"":1.0,""center_pixels"":12,""center_thickness_ratio"":1.1511337897315264,""arm_down_neg_px"":12,""arm_down_pos_px"":6,""arm_up_neg_px"":12,""arm_up_pos_px"":10,""arm_down_neg_cov"":1.0,""arm_down_pos_cov"":1.0,""arm_up_neg_cov"":1.0,""arm_up_pos_cov"":1.0,""axis_core_union"":0.6551724137931034,""axis_core_balance"":0.9,""fit_error"":0.0,""extra_error"":0.0,""missing_error"":0.0,""center_extra_error"":0.0,""stroke_width"":0.0,""gate"":""black_strict"",""mode"":""black""}"
raw_s0015_0002,screen_0015,D:\Projects\adb_vl\vision_platform\ads\collections\close_x_proposal_collection_pilot_20260720_latest30\screens\screen_0015.png,vision_platform\ads\collections\input_preclick_latest30_20260720\015_click_success_20260720_131051_630_pre_click.png,"[762,235,10,8]",762,235,10,8,geometry_x,x_geometry,0.834565,__geometry_close.png,D:\Projects\adb_vl\vision_platform\ads\collections\close_x_proposal_collection_pilot_20260720_latest30\raw_proposal_crops\raw_s0015_0002.png,"{""score"":0.8345648801324235,""method"":""axis"",""line_down"":[763,235,770,242],""line_up"":[763,242,770,235],""angle_down"":45.0,""angle_up"":135.0,""angle_delta"":0.0,""orth_delta"":0.0,""length_ratio"":0.9921875543299251,""center_offset"":0.042924314737319946,""fill"":0.55,""axis_union"":0.5681818181818182,""axis_balance"":0.9230769230769231,""continuity"":0.5102040816326531,""max_gap_ratio"":0.2857142857142857,""continuity_coverage"":0.7142857142857143,""axis_span_down_px"":9.050966262817383,""axis_span_up_px"":8.980256080627441,""min_arm_pixels"":4,""min_arm_extent_px"":2.6012191772460938,""min_arm_coverage"":0.75,""center_pixels"":5,""center_thickness_ratio"":0.8265478136829364,""arm_down_neg_px"":4,""arm_down_pos_px"":5,""arm_up_neg_px"":5,""arm_up_pos_px"":6,""arm_down_neg_cov"":0.75,""arm_down_pos_cov"":1.0,""arm_up_neg_cov"":0.75,""arm_up_pos_cov"":0.75,""axis_core_union"":0.5681818181818182,""axis_core_balance"":0.9230769230769231,""fit_error"":0.0,""extra_error"":0.0,""missing_error"":0.0,""center_extra_error"":0.0,""stroke_width"":0.0,""gate"":""white_strict"",""mode"":""white""}"
raw_s0015_0003,screen_0015,D:\Projects\adb_vl\vision_platform\ads\collections\close_x_proposal_collection_pilot_20260720_latest30\screens\screen_0015.png,vision_platform\ads\collections\input_preclick_latest30_20260720\015_click_success_20260720_131051_630_pre_click.png,"[287,228,15,15]",287,228,15,15,geometry_x,x_geometry,0.751292,__geometry_close.png,D:\Projects\adb_vl\vision_platform\ads\collections\close_x_proposal_collection_pilot_20260720_latest30\raw_proposal_crops\raw_s0015_0003.png,"{""score"":0.7512916638721185,""method"":""axis"",""line_down"":[301,242,301,242],""line_up"":[287,242,301,228],""angle_down"":45.0,""angle_up"":135.0,""angle_delta"":0.0,""orth_delta"":0.0,""length_ratio"":0.7090396224983153,""center_offset"":0.023720409721136093,""fill"":0.52,""axis_union"":0.7863247863247863,""axis_balance"":0.5081967213114754,""continuity"":1.0,""max_gap_ratio"":0.0,""continuity_coverage"":1.0,""axis_span_down_px"":12.515789031982422,""axis_span_up_px"":8.874190330505371,""min_arm_pixels"":10,""min_arm_extent_px"":2.2315492630004883,""min_arm_coverage"":0.75,""center_pixels"":29,""center_thickness_ratio"":1.0978334121430648,""arm_down_neg_px"":28,""arm_down_pos_px"":14,""arm_up_neg_px"":10,""arm_up_pos_px"":15,""arm_down_neg_cov"":1.0,""arm_down_pos_cov"":1.0,""arm_up_neg_cov"":0.75,""arm_up_pos_cov"":1.0,""axis_core_union"":0.41025641025641024,""axis_core_balance"":0.5,""fit_error"":0.0,""extra_error"":0.0,""missing_error"":0.0,""center_extra_error"":0.0,""stroke_width"":0.0,""gate"":""black_soft"",""mode"":""black""}"
raw_s0016_0001,screen_0016,D:\Projects\adb_vl\vision_platform\ads\collections\close_x_proposal_collection_pilot_20260720_latest30\screens\screen_0016.png,vision_platform\ads\collections\input_preclick_latest30_20260720\016_click_success_20260720_131041_867_pre_click.png,"[512,147,28,27]",512,147,28,27,geometry_x,x_geometry,0.904237,__geometry_close.png,D:\Projects\adb_vl\vision_platform\ads\collections\close_x_proposal_collection_pilot_20260720_latest30\raw_proposal_crops\raw_s0016_0001.png,"{""score"":0.9042368415484555,""method"":""axis"",""line_down"":[512,147,538,173],""line_up"":[513,173,538,147],""angle_down"":45.0,""angle_up"":135.0,""angle_delta"":0.0,""orth_delta"":0.0,""length_ratio"":0.9973924212887247,""center_offset"":0.019877195358276367,""fill"":0.5343915343915344,""axis_union"":0.7722772277227723,""axis_balance"":0.9141104294478528,""continuity"":1.0,""max_gap_ratio"":0.0,""continuity_coverage"":1.0,""axis_span_down_px"":27.04683494567871,""axis_span_up_px"":27.11754608154297,""min_arm_pixels"":61,""min_arm_extent_px"":9.468582153320312,""min_arm_coverage"":1.0,""center_pixels"":48,""center_thickness_ratio"":0.6883403485251733,""arm_down_neg_px"":61,""arm_down_pos_px"":77,""arm_up_neg_px"":61,""arm_up_pos_px"":75,""arm_down_neg_cov"":1.0,""arm_down_pos_cov"":1.0,""arm_up_neg_cov"":1.0,""arm_up_pos_cov"":1.0,""axis_core_union"":0.43316831683168316,""axis_core_balance"":0.9021739130434783,""fit_error"":0.0,""extra_error"":0.0,""missing_error"":0.0,""center_extra_error"":0.0,""stroke_width"":0.0,""gate"":""white_strict"",""mode"":""white""}"
raw_s0016_0002,screen_0016,D:\Projects\adb_vl\vision_platform\ads\collections\close_x_proposal_collection_pilot_20260720_latest30\screens\screen_0016.png,vision_platform\ads\collections\input_preclick_latest30_20260720\016_click_success_20260720_131041_867_pre_click.png,"[913,222,10,11]",913,222,10,11,geometry_x,x_geometry,0.842426,__geometry_close.png,D:\Projects\adb_vl\vision_platform\ads\collections\close_x_proposal_collection_pilot_20260720_latest30\raw_proposal_crops\raw_s0016_0002.png,"{""score"":0.8424261032089191,""method"":""axis"",""line_down"":[913,222,922,232],""line_up"":[913,232,922,222],""angle_down"":45.0,""angle_up"":135.0,""angle_delta"":0.0,""orth_delta"":0.0,""length_ratio"":0.8630137365931453,""center_offset"":0.06385508924722672,""fill"":0.4818181818181818,""axis_union"":0.7924528301886793,""axis_balance"":0.8260869565217391,""continuity"":1.0,""max_gap_ratio"":0.0,""continuity_coverage"":1.0,""axis_span_down_px"":8.9095458984375,""axis_span_up_px"":10.323759078979492,""min_arm_pixels"":5,""min_arm_extent_px"":2.8547730445861816,""min_arm_coverage"":1.0,""center_pixels"":12,""center_thickness_ratio"":1.2750838766032415,""arm_down_neg_px"":12,""arm_down_pos_px"":5,""arm_up_neg_px"":10,""arm_up_pos_px"":7,""arm_down_neg_cov"":1.0,""arm_down_pos_cov"":1.0,""arm_up_neg_cov"":1.0,""arm_up_pos_cov"":1.0,""axis_core_union"":0.4716981132075472,""axis_core_balance"":0.9230769230769231,""fit_error"":0.0,""extra_error"":0.0,""missing_error"":0.0,""center_extra_error"":0.0,""stroke_width"":0.0,""gate"":""black_strict"",""mode"":""black""}"
raw_s0016_0003,screen_0016,D:\Projects\adb_vl\vision_platform\ads\collections\close_x_proposal_collection_pilot_20260720_latest30\screens\screen_0016.png,vision_platform\ads\collections\input_preclick_latest30_20260720\016_click_success_20260720_131041_867_pre_click.png,"[868,101,9,11]",868,101,9,11,geometry_x,x_geometry,0.789566,__geometry_close.png,D:\Projects\adb_vl\vision_platform\ads\collections\close_x_proposal_collection_pilot_20260720_latest30\raw_proposal_crops\raw_s0016_0003.png,"{""score"":0.7895661404745314,""method"":""axis"",""line_down"":[868,102,876,110],""line_up"":[868,110,876,102],""angle_down"":45.0,""angle_up"":135.0,""angle_delta"":0.0,""orth_delta"":0.0,""length_ratio"":0.8006536166647744,""center_offset"":0.06414943188428879,""fill"":0.43434343434343436,""axis_union"":0.6744186046511628,""axis_balance"":0.8125,""continuity"":0.5102040816326531,""max_gap_ratio"":0.2857142857142857,""continuity_coverage"":0.7142857142857143,""axis_span_down_px"":8.662057876586914,""axis_span_up_px"":10.818733215332031,""min_arm_pixels"":4,""min_arm_extent_px"":1.3284270763397217,""min_arm_coverage"":0.5,""center_pixels"":5,""center_thickness_ratio"":0.7840062404148619,""arm_down_neg_px"":4,""arm_down_pos_px"":7,""arm_up_neg_px"":6,""arm_up_pos_px"":7,""arm_down_neg_cov"":0.5,""arm_down_pos_cov"":0.75,""arm_up_neg_cov"":1.0,""arm_up_pos_cov"":1.0,""axis_core_union"":0.4186046511627907,""axis_core_balance"":1.0,""fit_error"":0.0,""extra_error"":0.0,""missing_error"":0.0,""center_extra_error"":0.0,""stroke_width"":0.0,""gate"":""black_strict"",""mode"":""black""}"
raw_s0016_0004,screen_0016,D:\Projects\adb_vl\vision_platform\ads\collections\close_x_proposal_collection_pilot_20260720_latest30\screens\screen_0016.png,vision_platform\ads\collections\input_preclick_latest30_20260720\016_click_success_20260720_131041_867_pre_click.png,"[342,211,14,12]",342,211,14,12,geometry_x,x_geometry,0.77605,__geometry_close.png,D:\Projects\adb_vl\vision_platform\ads\collections\close_x_proposal_collection_pilot_20260720_latest30\raw_proposal_crops\raw_s0016_0004.png,"{""score"":0.776049929396328,""method"":""axis"",""line_down"":[343,211,354,222],""line_up"":[343,222,354,211],""angle_down"":45.0,""angle_up"":135.0,""angle_delta"":0.0,""orth_delta"":0.0,""length_ratio"":0.8537549491396472,""center_offset"":0.07929597795009613,""fill"":0.3869047619047619,""axis_union"":0.6307692307692307,""axis_balance"":0.782608695652174,""continuity"":1.0,""max_gap_ratio"":0.0,""continuity_coverage"":1.0,""axis_span_down_px"":8.944900512695312,""axis_span_up_px"":7.636753082275391,""min_arm_pixels"":1,""min_arm_extent_px"":0.20132029056549072,""min_arm_coverage"":0.25,""center_pixels"":12,""center_thickness_ratio"":0.8092784891771371,""arm_down_neg_px"":1,""arm_down_pos_px"":17,""arm_up_neg_px"":9,""arm_up_pos_px"":4,""arm_down_neg_cov"":0.25,""arm_down_pos_cov"":1.0,""arm_up_neg_cov"":1.0,""arm_up_pos_cov"":1.0,""axis_core_union"":0.4307692307692308,""axis_core_balance"":0.75,""fit_error"":0.0,""extra_error"":0.0,""missing_error"":0.0,""center_extra_error"":0.0,""stroke_width"":0.0,""gate"":""black_strict"",""mode"":""black""}"
raw_s0016_0005,screen_0016,D:\Projects\adb_vl\vision_platform\ads\collections\close_x_proposal_collection_pilot_20260720_latest30\screens\screen_0016.png,vision_platform\ads\collections\input_preclick_latest30_20260720\016_click_success_20260720_131041_867_pre_click.png,"[19,161,15,10]",19,161,15,10,geometry_x,x_geometry,0.715768,__geometry_close.png,D:\Projects\adb_vl\vision_platform\ads\collections\close_x_proposal_collection_pilot_20260720_latest30\raw_proposal_crops\raw_s0016_0005.png,"{""score"":0.7157677278752301,""method"":""axis"",""line_down"":[21,161,31,170],""line_up"":[22,170,31,161],""angle_down"":45.0,""angle_up"":135.0,""angle_delta"":0.0,""orth_delta"":0.0,""length_ratio"":0.760479009515275,""center_offset"":0.019209546968340874,""fill"":0.41333333333333333,""axis_union"":0.5806451612903226,""axis_balance"":0.5652173913043478,""continuity"":0.6122448979591837,""max_gap_ratio"":0.14285714285714285,""continuity_coverage"":0.7142857142857143,""axis_span_down_px"":11.808682441711426,""axis_span_up_px"":8.980255126953125,""min_arm_pixels"":4,""min_arm_extent_px"":1.4759143590927124,""min_arm_coverage"":0.75,""center_pixels"":5,""center_thickness_ratio"":0.5409643977267549,""arm_down_neg_px"":12,""arm_down_pos_px"":10,""arm_up_neg_px"":4,""arm_up_pos_px"":8,""arm_down_neg_cov"":1.0,""arm_down_pos_cov"":1.0,""arm_up_neg_cov"":0.75,""arm_up_pos_cov"":0.75,""axis_core_union"":0.3064516129032258,""axis_core_balance"":0.5833333333333334,""fit_error"":0.0,""extra_error"":0.0,""missing_error"":0.0,""center_extra_error"":0.0,""stroke_width"":0.0,""gate"":""black_strict"",""mode"":""black""}"
raw_s0016_0006,screen_0016,D:\Projects\adb_vl\vision_platform\ads\collections\close_x_proposal_collection_pilot_20260720_latest30\screens\screen_0016.png,vision_platform\ads\collections\input_preclick_latest30_20260720\016_click_success_20260720_131041_867_pre_click.png,"[288,228,14,15]",288,228,14,15,geometry_x,x_geometry,0.638913,__geometry_close.png,D:\Projects\adb_vl\vision_platform\ads\collections\close_x_proposal_collection_pilot_20260720_latest30\raw_proposal_crops\raw_s0016_0006.png,"{""score"":0.6389128522588755,""method"":""axis"",""line_down"":[288,229,301,241],""line_up"":[288,241,301,229],""angle_down"":43.0,""angle_up"":137.0,""angle_delta"":2.0,""orth_delta"":0.0,""length_ratio"":0.7021583705839772,""center_offset"":0.05282067880034447,""fill"":0.5285714285714286,""axis_union"":0.7387387387387387,""axis_balance"":0.5769230769230769,""continuity"":1.0,""max_gap_ratio"":0.0,""continuity_coverage"":1.0,""axis_span_down_px"":12.140469551086426,""axis_span_up_px"":8.524532318115234,""min_arm_pixels"":7,""min_arm_extent_px"":1.479135274887085,""min_arm_coverage"":0.75,""center_pixels"":26,""center_thickness_ratio"":1.0170432032983598,""arm_down_neg_px"":28,""arm_down_pos_px"":12,""arm_up_neg_px"":7,""arm_up_pos_px"":17,""arm_down_neg_cov"":1.0,""arm_down_pos_cov"":1.0,""arm_up_neg_cov"":0.75,""arm_up_pos_cov"":1.0,""axis_core_union"":0.4144144144144144,""axis_core_balance"":0.5333333333333333,""fit_error"":0.0,""extra_error"":0.0,""missing_error"":0.0,""center_extra_error"":0.0,""stroke_width"":0.0,""gate"":""black_strict"",""mode"":""black""}"
raw_s0017_0001,screen_0017,D:\Projects\adb_vl\vision_platform\ads\collections\close_x_proposal_collection_pilot_20260720_latest30\screens\screen_0017.png,vision_platform\ads\collections\input_preclick_latest30_20260720\017_click_success_20260720_131035_745_pre_click.png,"[915,27,35,29]",915,27,35,29,close_template,template_match,0.845493,close_14.png,D:\Projects\adb_vl\vision_platform\ads\collections\close_x_proposal_collection_pilot_20260720_latest30\raw_proposal_crops\raw_s0017_0001.png,"{""brightness_ratio"":1.2427644912849614}"
raw_s0017_0002,screen_0017,D:\Projects\adb_vl\vision_platform\ads\collections\close_x_proposal_collection_pilot_20260720_latest30\screens\screen_0017.png,vision_platform\ads\collections\input_preclick_latest30_20260720\017_click_success_20260720_131035_745_pre_click.png,"[911,25,40,33]",911,25,40,33,close_template,template_match,0.986557,close_24.png,D:\Projects\adb_vl\vision_platform\ads\collections\close_x_proposal_collection_pilot_20260720_latest30\raw_proposal_crops\raw_s0017_0002.png,"{""brightness_ratio"":2.5917479403754227}"
raw_s0017_0003,screen_0017,D:\Projects\adb_vl\vision_platform\ads\collections\close_x_proposal_collection_pilot_20260720_latest30\screens\screen_0017.png,vision_platform\ads\collections\input_preclick_latest30_20260720\017_click_success_20260720_131035_745_pre_click.png,"[921,26,26,28]",921,26,26,28,close_template,template_match,0.82297,close_25.png,D:\Projects\adb_vl\vision_platform\ads\collections\close_x_proposal_collection_pilot_20260720_latest30\raw_proposal_crops\raw_s0017_0003.png,"{""brightness_ratio"":1.4383683302538766}"
raw_s0017_0004,screen_0017,D:\Projects\adb_vl\vision_platform\ads\collections\close_x_proposal_collection_pilot_20260720_latest30\screens\screen_0017.png,vision_platform\ads\collections\input_preclick_latest30_20260720\017_click_success_20260720_131035_745_pre_click.png,"[913,28,38,32]",913,28,38,32,close_template,template_match,0.822718,close_7.png,D:\Projects\adb_vl\vision_platform\ads\collections\close_x_proposal_collection_pilot_20260720_latest30\raw_proposal_crops\raw_s0017_0004.png,"{""brightness_ratio"":2.178080093145816}"
raw_s0017_0005,screen_0017,D:\Projects\adb_vl\vision_platform\ads\collections\close_x_proposal_collection_pilot_20260720_latest30\screens\screen_0017.png,vision_platform\ads\collections\input_preclick_latest30_20260720\017_click_success_20260720_131035_745_pre_click.png,"[918,26,30,30]",918,26,30,30,close_template,template_match,0.834911,close_x_momo.png,D:\Projects\adb_vl\vision_platform\ads\collections\close_x_proposal_collection_pilot_20260720_latest30\raw_proposal_crops\raw_s0017_0005.png,"{""brightness_ratio"":1.1179521914220856}"
raw_s0017_0006,screen_0017,D:\Projects\adb_vl\vision_platform\ads\collections\close_x_proposal_collection_pilot_20260720_latest30\screens\screen_0017.png,vision_platform\ads\collections\input_preclick_latest30_20260720\017_click_success_20260720_131035_745_pre_click.png,"[923,32,20,20]",923,32,20,20,geometry_x,x_geometry,1.0,__geometry_close.png,D:\Projects\adb_vl\vision_platform\ads\collections\close_x_proposal_collection_pilot_20260720_latest30\raw_proposal_crops\raw_s0017_0006.png,"{""score"":1.0,""method"":""axis"",""line_down"":[923,32,942,51],""line_up"":[923,51,942,32],""angle_down"":45.0,""angle_up"":135.0,""angle_delta"":0.0,""orth_delta"":0.0,""length_ratio"":1.0,""center_offset"":0.0,""fill"":0.44,""axis_union"":1.0,""axis_balance"":1.0,""continuity"":1.0,""max_gap_ratio"":0.0,""continuity_coverage"":1.0,""axis_span_down_px"":23.829498291015625,""axis_span_up_px"":23.829498291015625,""min_arm_pixels"":36,""min_arm_extent_px"":9.527922630310059,""min_arm_coverage"":1.0,""center_pixels"":44,""center_thickness_ratio"":1.4556548462973702,""arm_down_neg_px"":36,""arm_down_pos_px"":36,""arm_up_neg_px"":36,""arm_up_pos_px"":36,""arm_down_neg_cov"":1.0,""arm_down_pos_cov"":1.0,""arm_up_neg_cov"":1.0,""arm_up_pos_cov"":1.0,""axis_core_union"":1.0,""axis_core_balance"":1.0,""fit_error"":0.0,""extra_error"":0.0,""missing_error"":0.0,""center_extra_error"":0.0,""stroke_width"":0.0,""gate"":""white_strict"",""mode"":""white""}"
raw_s0017_0007,screen_0017,D:\Projects\adb_vl\vision_platform\ads\collections\close_x_proposal_collection_pilot_20260720_latest30\screens\screen_0017.png,vision_platform\ads\collections\input_preclick_latest30_20260720\017_click_success_20260720_131035_745_pre_click.png,"[843,33,20,20]",843,33,20,20,geometry_x,x_geometry,0.890293,__geometry_close.png,D:\Projects\adb_vl\vision_platform\ads\collections\close_x_proposal_collection_pilot_20260720_latest30\raw_proposal_crops\raw_s0017_0007.png,"{""score"":0.8902927863878658,""method"":""axis"",""line_down"":[843,33,862,52],""line_up"":[843,52,862,33],""angle_down"":45.0,""angle_up"":135.0,""angle_delta"":0.0,""orth_delta"":0.0,""length_ratio"":0.9546218719019587,""center_offset"":0.024602551013231277,""fill"":0.45,""axis_union"":0.7722222222222223,""axis_balance"":0.9041095890410958,""continuity"":1.0,""max_gap_ratio"":0.0,""continuity_coverage"":1.0,""axis_span_down_px"":21.036426544189453,""axis_span_up_px"":20.081832885742188,""min_arm_pixels"":26,""min_arm_extent_px"":6.522717475891113,""min_arm_coverage"":1.0,""center_pixels"":30,""center_thickness_ratio"":0.9999355835326873,""arm_down_neg_px"":31,""arm_down_pos_px"":31,""arm_up_neg_px"":26,""arm_up_pos_px"":27,""arm_down_neg_cov"":1.0,""arm_down_pos_cov"":1.0,""arm_up_neg_cov"":1.0,""arm_up_pos_cov"":1.0,""axis_core_union"":0.4777777777777778,""axis_core_balance"":0.8695652173913043,""fit_error"":0.0,""extra_error"":0.0,""missing_error"":0.0,""center_extra_error"":0.0,""stroke_width"":0.0,""gate"":""white_strict"",""mode"":""white""}"
raw_s0018_0001,screen_0018,D:\Projects\adb_vl\vision_platform\ads\collections\close_x_proposal_collection_pilot_20260720_latest30\screens\screen_0018.png,vision_platform\ads\collections\input_preclick_latest30_20260720\018_click_success_20260720_131006_464_pre_click.png,"[512,147,28,27]",512,147,28,27,geometry_x,x_geometry,0.904237,__geometry_close.png,D:\Projects\adb_vl\vision_platform\ads\collections\close_x_proposal_collection_pilot_20260720_latest30\raw_proposal_crops\raw_s0018_0001.png,"{""score"":0.9042368415484555,""method"":""axis"",""line_down"":[512,147,538,173],""line_up"":[513,173,538,147],""angle_down"":45.0,""angle_up"":135.0,""angle_delta"":0.0,""orth_delta"":0.0,""length_ratio"":0.9973924212887247,""center_offset"":0.019877195358276367,""fill"":0.5343915343915344,""axis_union"":0.7722772277227723,""axis_balance"":0.9141104294478528,""continuity"":1.0,""max_gap_ratio"":0.0,""continuity_coverage"":1.0,""axis_span_down_px"":27.04683494567871,""axis_span_up_px"":27.11754608154297,""min_arm_pixels"":61,""min_arm_extent_px"":9.468582153320312,""min_arm_coverage"":1.0,""center_pixels"":48,""center_thickness_ratio"":0.6883403485251733,""arm_down_neg_px"":61,""arm_down_pos_px"":77,""arm_up_neg_px"":61,""arm_up_pos_px"":75,""arm_down_neg_cov"":1.0,""arm_down_pos_cov"":1.0,""arm_up_neg_cov"":1.0,""arm_up_pos_cov"":1.0,""axis_core_union"":0.43316831683168316,""axis_core_balance"":0.9021739130434783,""fit_error"":0.0,""extra_error"":0.0,""missing_error"":0.0,""center_extra_error"":0.0,""stroke_width"":0.0,""gate"":""white_strict"",""mode"":""white""}"
raw_s0018_0002,screen_0018,D:\Projects\adb_vl\vision_platform\ads\collections\close_x_proposal_collection_pilot_20260720_latest30\screens\screen_0018.png,vision_platform\ads\collections\input_preclick_latest30_20260720\018_click_success_20260720_131006_464_pre_click.png,"[496,66,10,11]",496,66,10,11,geometry_x,x_geometry,0.881577,__geometry_close.png,D:\Projects\adb_vl\vision_platform\ads\collections\close_x_proposal_collection_pilot_20260720_latest30\raw_proposal_crops\raw_s0018_0002.png,"{""score"":0.8815766221211603,""method"":""axis"",""line_down"":[496,66,505,76],""line_up"":[496,76,505,66],""angle_down"":45.0,""angle_up"":135.0,""angle_delta"":0.0,""orth_delta"":0.0,""length_ratio"":0.9596773737432625,""center_offset"":0.05557110533118248,""fill"":0.37272727272727274,""axis_union"":0.7560975609756098,""axis_balance"":0.9375,""continuity"":0.7346938775510204,""max_gap_ratio"":0.14285714285714285,""continuity_coverage"":0.8571428571428571,""axis_span_down_px"":8.768123626708984,""axis_span_up_px"":8.414569854736328,""min_arm_pixels"":4,""min_arm_extent_px"":1.4759143590927124,""min_arm_coverage"":0.75,""center_pixels"":11,""center_thickness_ratio"":1.1473117801656594,""arm_down_neg_px"":5,""arm_down_pos_px"":4,""arm_up_neg_px"":10,""arm_up_pos_px"":4,""arm_down_neg_cov"":0.75,""arm_down_pos_cov"":0.75,""arm_up_neg_cov"":0.75,""arm_up_pos_cov"":0.75,""axis_core_union"":0.43902439024390244,""axis_core_balance"":1.0,""fit_error"":0.0,""extra_error"":0.0,""missing_error"":0.0,""center_extra_error"":0.0,""stroke_width"":0.0,""gate"":""white_soft"",""mode"":""white""}"
raw_s0018_0003,screen_0018,D:\Projects\adb_vl\vision_platform\ads\collections\close_x_proposal_collection_pilot_20260720_latest30\screens\screen_0018.png,vision_platform\ads\collections\input_preclick_latest30_20260720\018_click_success_20260720_131006_464_pre_click.png,"[913,222,10,11]",913,222,10,11,geometry_x,x_geometry,0.842426,__geometry_close.png,D:\Projects\adb_vl\vision_platform\ads\collections\close_x_proposal_collection_pilot_20260720_latest30\raw_proposal_crops\raw_s0018_0003.png,"{""score"":0.8424261032089191,""method"":""axis"",""line_down"":[913,222,922,232],""line_up"":[913,232,922,222],""angle_down"":45.0,""angle_up"":135.0,""angle_delta"":0.0,""orth_delta"":0.0,""length_ratio"":0.8630137365931453,""center_offset"":0.06385508924722672,""fill"":0.4818181818181818,""axis_union"":0.7924528301886793,""axis_balance"":0.8260869565217391,""continuity"":1.0,""max_gap_ratio"":0.0,""continuity_coverage"":1.0,""axis_span_down_px"":8.9095458984375,""axis_span_up_px"":10.323759078979492,""min_arm_pixels"":5,""min_arm_extent_px"":2.8547730445861816,""min_arm_coverage"":1.0,""center_pixels"":12,""center_thickness_ratio"":1.2750838766032415,""arm_down_neg_px"":12,""arm_down_pos_px"":5,""arm_up_neg_px"":10,""arm_up_pos_px"":7,""arm_down_neg_cov"":1.0,""arm_down_pos_cov"":1.0,""arm_up_neg_cov"":1.0,""arm_up_pos_cov"":1.0,""axis_core_union"":0.4716981132075472,""axis_core_balance"":0.9230769230769231,""fit_error"":0.0,""extra_error"":0.0,""missing_error"":0.0,""center_extra_error"":0.0,""stroke_width"":0.0,""gate"":""black_strict"",""mode"":""black""}"
raw_s0018_0004,screen_0018,D:\Projects\adb_vl\vision_platform\ads\collections\close_x_proposal_collection_pilot_20260720_latest30\screens\screen_0018.png,vision_platform\ads\collections\input_preclick_latest30_20260720\018_click_success_20260720_131006_464_pre_click.png,"[868,101,9,11]",868,101,9,11,geometry_x,x_geometry,0.789566,__geometry_close.png,D:\Projects\adb_vl\vision_platform\ads\collections\close_x_proposal_collection_pilot_20260720_latest30\raw_proposal_crops\raw_s0018_0004.png,"{""score"":0.7895661404745314,""method"":""axis"",""line_down"":[868,102,876,110],""line_up"":[868,110,876,102],""angle_down"":45.0,""angle_up"":135.0,""angle_delta"":0.0,""orth_delta"":0.0,""length_ratio"":0.8006536166647744,""center_offset"":0.06414943188428879,""fill"":0.43434343434343436,""axis_union"":0.6744186046511628,""axis_balance"":0.8125,""continuity"":0.5102040816326531,""max_gap_ratio"":0.2857142857142857,""continuity_coverage"":0.7142857142857143,""axis_span_down_px"":8.662057876586914,""axis_span_up_px"":10.818733215332031,""min_arm_pixels"":4,""min_arm_extent_px"":1.3284270763397217,""min_arm_coverage"":0.5,""center_pixels"":5,""center_thickness_ratio"":0.7840062404148619,""arm_down_neg_px"":4,""arm_down_pos_px"":7,""arm_up_neg_px"":6,""arm_up_pos_px"":7,""arm_down_neg_cov"":0.5,""arm_down_pos_cov"":0.75,""arm_up_neg_cov"":1.0,""arm_up_pos_cov"":1.0,""axis_core_union"":0.4186046511627907,""axis_core_balance"":1.0,""fit_error"":0.0,""extra_error"":0.0,""missing_error"":0.0,""center_extra_error"":0.0,""stroke_width"":0.0,""gate"":""black_strict"",""mode"":""black""}"
raw_s0018_0005,screen_0018,D:\Projects\adb_vl\vision_platform\ads\collections\close_x_proposal_collection_pilot_20260720_latest30\screens\screen_0018.png,vision_platform\ads\collections\input_preclick_latest30_20260720\018_click_success_20260720_131006_464_pre_click.png,"[586,223,13,9]",586,223,13,9,geometry_x,x_geometry,0.785832,__geometry_close.png,D:\Projects\adb_vl\vision_platform\ads\collections\close_x_proposal_collection_pilot_20260720_latest30\raw_proposal_crops\raw_s0018_0005.png,"{""score"":0.7858317526822061,""method"":""axis"",""line_down"":[588,223,596,231],""line_up"":[588,231,596,223],""angle_down"":45.0,""angle_up"":135.0,""angle_delta"":0.0,""orth_delta"":0.0,""length_ratio"":0.877193011513987,""center_offset"":0.11480659991502762,""fill"":0.41025641025641024,""axis_union"":0.625,""axis_balance"":0.875,""continuity"":1.0,""max_gap_ratio"":0.0,""continuity_coverage"":1.0,""axis_span_down_px"":8.061017036437988,""axis_span_up_px"":7.071067810058594,""min_arm_pixels"":0,""min_arm_extent_px"":0.0,""min_arm_coverage"":0.0,""center_pixels"":8,""center_thickness_ratio"":1.2930717468261719,""arm_down_neg_px"":7,""arm_down_pos_px"":2,""arm_up_neg_px"":0,""arm_up_pos_px"":13,""arm_down_neg_cov"":1.0,""arm_down_pos_cov"":0.5,""arm_up_neg_cov"":0.0,""arm_up_pos_cov"":1.0,""axis_core_union"":0.4375,""axis_core_balance"":0.9090909090909091,""fit_error"":0.0,""extra_error"":0.0,""missing_error"":0.0,""center_extra_error"":0.0,""stroke_width"":0.0,""gate"":""black_strict"",""mode"":""black""}"
raw_s0018_0006,screen_0018,D:\Projects\adb_vl\vision_platform\ads\collections\close_x_proposal_collection_pilot_20260720_latest30\screens\screen_0018.png,vision_platform\ads\collections\input_preclick_latest30_20260720\018_click_success_20260720_131006_464_pre_click.png,"[19,161,15,10]",19,161,15,10,geometry_x,x_geometry,0.715768,__geometry_close.png,D:\Projects\adb_vl\vision_platform\ads\collections\close_x_proposal_collection_pilot_20260720_latest30\raw_proposal_crops\raw_s0018_0006.png,"{""score"":0.7157677278752301,""method"":""axis"",""line_down"":[21,161,31,170],""line_up"":[22,170,31,161],""angle_down"":45.0,""angle_up"":135.0,""angle_delta"":0.0,""orth_delta"":0.0,""length_ratio"":0.760479009515275,""center_offset"":0.019209546968340874,""fill"":0.41333333333333333,""axis_union"":0.5806451612903226,""axis_balance"":0.5652173913043478,""continuity"":0.6122448979591837,""max_gap_ratio"":0.14285714285714285,""continuity_coverage"":0.7142857142857143,""axis_span_down_px"":11.808682441711426,""axis_span_up_px"":8.980255126953125,""min_arm_pixels"":4,""min_arm_extent_px"":1.4759143590927124,""min_arm_coverage"":0.75,""center_pixels"":5,""center_thickness_ratio"":0.5409643977267549,""arm_down_neg_px"":12,""arm_down_pos_px"":10,""arm_up_neg_px"":4,""arm_up_pos_px"":8,""arm_down_neg_cov"":1.0,""arm_down_pos_cov"":1.0,""arm_up_neg_cov"":0.75,""arm_up_pos_cov"":0.75,""axis_core_union"":0.3064516129032258,""axis_core_balance"":0.5833333333333334,""fit_error"":0.0,""extra_error"":0.0,""missing_error"":0.0,""center_extra_error"":0.0,""stroke_width"":0.0,""gate"":""black_strict"",""mode"":""black""}"
raw_s0018_0007,screen_0018,D:\Projects\adb_vl\vision_platform\ads\collections\close_x_proposal_collection_pilot_20260720_latest30\screens\screen_0018.png,vision_platform\ads\collections\input_preclick_latest30_20260720\018_click_success_20260720_131006_464_pre_click.png,"[288,228,14,15]",288,228,14,15,geometry_x,x_geometry,0.638913,__geometry_close.png,D:\Projects\adb_vl\vision_platform\ads\collections\close_x_proposal_collection_pilot_20260720_latest30\raw_proposal_crops\raw_s0018_0007.png,"{""score"":0.6389128522588755,""method"":""axis"",""line_down"":[288,229,301,241],""line_up"":[288,241,301,229],""angle_down"":43.0,""angle_up"":137.0,""angle_delta"":2.0,""orth_delta"":0.0,""length_ratio"":0.7021583705839772,""center_offset"":0.05282067880034447,""fill"":0.5285714285714286,""axis_union"":0.7387387387387387,""axis_balance"":0.5769230769230769,""continuity"":1.0,""max_gap_ratio"":0.0,""continuity_coverage"":1.0,""axis_span_down_px"":12.140469551086426,""axis_span_up_px"":8.524532318115234,""min_arm_pixels"":7,""min_arm_extent_px"":1.479135274887085,""min_arm_coverage"":0.75,""center_pixels"":26,""center_thickness_ratio"":1.0170432032983598,""arm_down_neg_px"":28,""arm_down_pos_px"":12,""arm_up_neg_px"":7,""arm_up_pos_px"":17,""arm_down_neg_cov"":1.0,""arm_down_pos_cov"":1.0,""arm_up_neg_cov"":0.75,""arm_up_pos_cov"":1.0,""axis_core_union"":0.4144144144144144,""axis_core_balance"":0.5333333333333333,""fit_error"":0.0,""extra_error"":0.0,""missing_error"":0.0,""center_extra_error"":0.0,""stroke_width"":0.0,""gate"":""black_strict"",""mode"":""black""}"
raw_s0019_0001,screen_0019,D:\Projects\adb_vl\vision_platform\ads\collections\close_x_proposal_collection_pilot_20260720_latest30\screens\screen_0019.png,vision_platform\ads\collections\input_preclick_latest30_20260720\019_click_success_20260720_130959_556_pre_click.png,"[915,27,35,29]",915,27,35,29,close_template,template_match,0.845493,close_14.png,D:\Projects\adb_vl\vision_platform\ads\collections\close_x_proposal_collection_pilot_20260720_latest30\raw_proposal_crops\raw_s0019_0001.png,"{""brightness_ratio"":1.2427644912849614}"
raw_s0019_0002,screen_0019,D:\Projects\adb_vl\vision_platform\ads\collections\close_x_proposal_collection_pilot_20260720_latest30\screens\screen_0019.png,vision_platform\ads\collections\input_preclick_latest30_20260720\019_click_success_20260720_130959_556_pre_click.png,"[911,25,40,33]",911,25,40,33,close_template,template_match,0.986557,close_24.png,D:\Projects\adb_vl\vision_platform\ads\collections\close_x_proposal_collection_pilot_20260720_latest30\raw_proposal_crops\raw_s0019_0002.png,"{""brightness_ratio"":2.5917479403754227}"
raw_s0019_0003,screen_0019,D:\Projects\adb_vl\vision_platform\ads\collections\close_x_proposal_collection_pilot_20260720_latest30\screens\screen_0019.png,vision_platform\ads\collections\input_preclick_latest30_20260720\019_click_success_20260720_130959_556_pre_click.png,"[921,26,26,28]",921,26,26,28,close_template,template_match,0.82297,close_25.png,D:\Projects\adb_vl\vision_platform\ads\collections\close_x_proposal_collection_pilot_20260720_latest30\raw_proposal_crops\raw_s0019_0003.png,"{""brightness_ratio"":1.4383683302538766}"
raw_s0019_0004,screen_0019,D:\Projects\adb_vl\vision_platform\ads\collections\close_x_proposal_collection_pilot_20260720_latest30\screens\screen_0019.png,vision_platform\ads\collections\input_preclick_latest30_20260720\019_click_success_20260720_130959_556_pre_click.png,"[913,28,38,32]",913,28,38,32,close_template,template_match,0.822724,close_7.png,D:\Projects\adb_vl\vision_platform\ads\collections\close_x_proposal_collection_pilot_20260720_latest30\raw_proposal_crops\raw_s0019_0004.png,"{""brightness_ratio"":2.1780851998243302}"
raw_s0019_0005,screen_0019,D:\Projects\adb_vl\vision_platform\ads\collections\close_x_proposal_collection_pilot_20260720_latest30\screens\screen_0019.png,vision_platform\ads\collections\input_preclick_latest30_20260720\019_click_success_20260720_130959_556_pre_click.png,"[918,26,30,30]",918,26,30,30,close_template,template_match,0.834911,close_x_momo.png,D:\Projects\adb_vl\vision_platform\ads\collections\close_x_proposal_collection_pilot_20260720_latest30\raw_proposal_crops\raw_s0019_0005.png,"{""brightness_ratio"":1.1179521914220856}"
raw_s0019_0006,screen_0019,D:\Projects\adb_vl\vision_platform\ads\collections\close_x_proposal_collection_pilot_20260720_latest30\screens\screen_0019.png,vision_platform\ads\collections\input_preclick_latest30_20260720\019_click_success_20260720_130959_556_pre_click.png,"[923,32,20,20]",923,32,20,20,geometry_x,x_geometry,1.0,__geometry_close.png,D:\Projects\adb_vl\vision_platform\ads\collections\close_x_proposal_collection_pilot_20260720_latest30\raw_proposal_crops\raw_s0019_0006.png,"{""score"":1.0,""method"":""axis"",""line_down"":[923,32,942,51],""line_up"":[923,51,942,32],""angle_down"":45.0,""angle_up"":135.0,""angle_delta"":0.0,""orth_delta"":0.0,""length_ratio"":1.0,""center_offset"":0.0,""fill"":0.44,""axis_union"":1.0,""axis_balance"":1.0,""continuity"":1.0,""max_gap_ratio"":0.0,""continuity_coverage"":1.0,""axis_span_down_px"":23.829498291015625,""axis_span_up_px"":23.829498291015625,""min_arm_pixels"":36,""min_arm_extent_px"":9.527922630310059,""min_arm_coverage"":1.0,""center_pixels"":44,""center_thickness_ratio"":1.4556548462973702,""arm_down_neg_px"":36,""arm_down_pos_px"":36,""arm_up_neg_px"":36,""arm_up_pos_px"":36,""arm_down_neg_cov"":1.0,""arm_down_pos_cov"":1.0,""arm_up_neg_cov"":1.0,""arm_up_pos_cov"":1.0,""axis_core_union"":1.0,""axis_core_balance"":1.0,""fit_error"":0.0,""extra_error"":0.0,""missing_error"":0.0,""center_extra_error"":0.0,""stroke_width"":0.0,""gate"":""white_strict"",""mode"":""white""}"
raw_s0019_0007,screen_0019,D:\Projects\adb_vl\vision_platform\ads\collections\close_x_proposal_collection_pilot_20260720_latest30\screens\screen_0019.png,vision_platform\ads\collections\input_preclick_latest30_20260720\019_click_success_20260720_130959_556_pre_click.png,"[843,33,20,20]",843,33,20,20,geometry_x,x_geometry,0.890293,__geometry_close.png,D:\Projects\adb_vl\vision_platform\ads\collections\close_x_proposal_collection_pilot_20260720_latest30\raw_proposal_crops\raw_s0019_0007.png,"{""score"":0.8902927863878658,""method"":""axis"",""line_down"":[843,33,862,52],""line_up"":[843,52,862,33],""angle_down"":45.0,""angle_up"":135.0,""angle_delta"":0.0,""orth_delta"":0.0,""length_ratio"":0.9546218719019587,""center_offset"":0.024602551013231277,""fill"":0.45,""axis_union"":0.7722222222222223,""axis_balance"":0.9041095890410958,""continuity"":1.0,""max_gap_ratio"":0.0,""continuity_coverage"":1.0,""axis_span_down_px"":21.036426544189453,""axis_span_up_px"":20.081832885742188,""min_arm_pixels"":26,""min_arm_extent_px"":6.522717475891113,""min_arm_coverage"":1.0,""center_pixels"":30,""center_thickness_ratio"":0.9999355835326873,""arm_down_neg_px"":31,""arm_down_pos_px"":31,""arm_up_neg_px"":26,""arm_up_pos_px"":27,""arm_down_neg_cov"":1.0,""arm_down_pos_cov"":1.0,""arm_up_neg_cov"":1.0,""arm_up_pos_cov"":1.0,""axis_core_union"":0.4777777777777778,""axis_core_balance"":0.8695652173913043,""fit_error"":0.0,""extra_error"":0.0,""missing_error"":0.0,""center_extra_error"":0.0,""stroke_width"":0.0,""gate"":""white_strict"",""mode"":""white""}"
raw_s0020_0001,screen_0020,D:\Projects\adb_vl\vision_platform\ads\collections\close_x_proposal_collection_pilot_20260720_latest30\screens\screen_0020.png,vision_platform\ads\collections\input_preclick_latest30_20260720\020_click_success_20260720_130939_268_pre_click.png,"[913,221,10,12]",913,221,10,12,geometry_x,x_geometry,0.891163,__geometry_close.png,D:\Projects\adb_vl\vision_platform\ads\collections\close_x_proposal_collection_pilot_20260720_latest30\raw_proposal_crops\raw_s0020_0001.png,"{""score"":0.8911625087296624,""method"":""axis"",""line_down"":[913,222,922,231],""line_up"":[913,231,922,222],""angle_down"":45.0,""angle_up"":135.0,""angle_delta"":0.0,""orth_delta"":0.0,""length_ratio"":0.8537415530831034,""center_offset"":0.03183748573064804,""fill"":0.48333333333333334,""axis_union"":0.896551724137931,""axis_balance"":0.8571428571428571,""continuity"":1.0,""max_gap_ratio"":0.0,""continuity_coverage"":1.0,""axis_span_down_px"":8.874190330505371,""axis_span_up_px"":10.394469261169434,""min_arm_pixels"":6,""min_arm_extent_px"":3.1729702949523926,""min_arm_coverage"":1.0,""center_pixels"":12,""center_thickness_ratio"":1.1511337897315264,""arm_down_neg_px"":12,""arm_down_pos_px"":6,""arm_up_neg_px"":12,""arm_up_pos_px"":10,""arm_down_neg_cov"":1.0,""arm_down_pos_cov"":1.0,""arm_up_neg_cov"":1.0,""arm_up_pos_cov"":1.0,""axis_core_union"":0.6551724137931034,""axis_core_balance"":0.9,""fit_error"":0.0,""extra_error"":0.0,""missing_error"":0.0,""center_extra_error"":0.0,""stroke_width"":0.0,""gate"":""black_strict"",""mode"":""black""}"
raw_s0020_0002,screen_0020,D:\Projects\adb_vl\vision_platform\ads\collections\close_x_proposal_collection_pilot_20260720_latest30\screens\screen_0020.png,vision_platform\ads\collections\input_preclick_latest30_20260720\020_click_success_20260720_130939_268_pre_click.png,"[762,235,10,8]",762,235,10,8,geometry_x,x_geometry,0.834565,__geometry_close.png,D:\Projects\adb_vl\vision_platform\ads\collections\close_x_proposal_collection_pilot_20260720_latest30\raw_proposal_crops\raw_s0020_0002.png,"{""score"":0.8345648801324235,""method"":""axis"",""line_down"":[763,235,770,242],""line_up"":[763,242,770,235],""angle_down"":45.0,""angle_up"":135.0,""angle_delta"":0.0,""orth_delta"":0.0,""length_ratio"":0.9921875543299251,""center_offset"":0.042924314737319946,""fill"":0.55,""axis_union"":0.5681818181818182,""axis_balance"":0.9230769230769231,""continuity"":0.5102040816326531,""max_gap_ratio"":0.2857142857142857,""continuity_coverage"":0.7142857142857143,""axis_span_down_px"":9.050966262817383,""axis_span_up_px"":8.980256080627441,""min_arm_pixels"":4,""min_arm_extent_px"":2.6012191772460938,""min_arm_coverage"":0.75,""center_pixels"":5,""center_thickness_ratio"":0.8265478136829364,""arm_down_neg_px"":4,""arm_down_pos_px"":5,""arm_up_neg_px"":5,""arm_up_pos_px"":6,""arm_down_neg_cov"":0.75,""arm_down_pos_cov"":1.0,""arm_up_neg_cov"":0.75,""arm_up_pos_cov"":0.75,""axis_core_union"":0.5681818181818182,""axis_core_balance"":0.9230769230769231,""fit_error"":0.0,""extra_error"":0.0,""missing_error"":0.0,""center_extra_error"":0.0,""stroke_width"":0.0,""gate"":""white_strict"",""mode"":""white""}"
raw_s0020_0003,screen_0020,D:\Projects\adb_vl\vision_platform\ads\collections\close_x_proposal_collection_pilot_20260720_latest30\screens\screen_0020.png,vision_platform\ads\collections\input_preclick_latest30_20260720\020_click_success_20260720_130939_268_pre_click.png,"[612,209,10,10]",612,209,10,10,geometry_x,x_geometry,0.808575,__geometry_close.png,D:\Projects\adb_vl\vision_platform\ads\collections\close_x_proposal_collection_pilot_20260720_latest30\raw_proposal_crops\raw_s0020_0003.png,"{""score"":0.8085745240467319,""method"":""axis"",""line_down"":[612,209,621,218],""line_up"":[612,218,621,209],""angle_down"":45.0,""angle_up"":135.0,""angle_delta"":0.0,""orth_delta"":0.0,""length_ratio"":0.8936169988898579,""center_offset"":0.11076953262090683,""fill"":0.39,""axis_union"":0.7948717948717948,""axis_balance"":0.7222222222222222,""continuity"":0.7346938775510204,""max_gap_ratio"":0.14285714285714285,""continuity_coverage"":0.8571428571428571,""axis_span_down_px"":9.970205307006836,""axis_span_up_px"":8.909544944763184,""min_arm_pixels"":3,""min_arm_extent_px"":1.8648232221603394,""min_arm_coverage"":0.75,""center_pixels"":4,""center_thickness_ratio"":0.5917115783270276,""arm_down_neg_px"":11,""arm_down_pos_px"":5,""arm_up_neg_px"":8,""arm_up_pos_px"":3,""arm_down_neg_cov"":1.0,""arm_down_pos_cov"":1.0,""arm_up_neg_cov"":1.0,""arm_up_pos_cov"":0.75,""axis_core_union"":0.5641025641025641,""axis_core_balance"":0.8333333333333334,""fit_error"":0.0,""extra_error"":0.0,""missing_error"":0.0,""center_extra_error"":0.0,""stroke_width"":0.0,""gate"":""white_strict"",""mode"":""white""}"
raw_s0020_0004,screen_0020,D:\Projects\adb_vl\vision_platform\ads\collections\close_x_proposal_collection_pilot_20260720_latest30\screens\screen_0020.png,vision_platform\ads\collections\input_preclick_latest30_20260720\020_click_success_20260720_130939_268_pre_click.png,"[586,223,12,9]",586,223,12,9,geometry_x,x_geometry,0.778523,__geometry_close.png,D:\Projects\adb_vl\vision_platform\ads\collections\close_x_proposal_collection_pilot_20260720_latest30\raw_proposal_crops\raw_s0020_0004.png,"{""score"":0.7785225675855832,""method"":""axis"",""line_down"":[588,223,596,231],""line_up"":[588,231,596,223],""angle_down"":45.0,""angle_up"":135.0,""angle_delta"":0.0,""orth_delta"":0.0,""length_ratio"":0.925233722019217,""center_offset"":0.076087586581707,""fill"":0.3611111111111111,""axis_union"":0.5897435897435898,""axis_balance"":0.7692307692307693,""continuity"":0.7346938775510204,""max_gap_ratio"":0.14285714285714285,""continuity_coverage"":0.8571428571428571,""axis_span_down_px"":7.566041946411133,""axis_span_up_px"":7.000357151031494,""min_arm_pixels"":1,""min_arm_extent_px"":0.9395184516906738,""min_arm_coverage"":0.25,""center_pixels"":9,""center_thickness_ratio"":1.3798736365056945,""arm_down_neg_px"":6,""arm_down_pos_px"":2,""arm_up_neg_px"":1,""arm_up_pos_px"":8,""arm_down_neg_cov"":0.75,""arm_down_pos_cov"":0.5,""arm_up_neg_cov"":0.25,""arm_up_pos_cov"":1.0,""axis_core_union"":0.358974358974359,""axis_core_balance"":1.0,""fit_error"":0.0,""extra_error"":0.0,""missing_error"":0.0,""center_extra_error"":0.0,""stroke_width"":0.0,""gate"":""white_soft"",""mode"":""white""}"
raw_s0020_0005,screen_0020,D:\Projects\adb_vl\vision_platform\ads\collections\close_x_proposal_collection_pilot_20260720_latest30\screens\screen_0020.png,vision_platform\ads\collections\input_preclick_latest30_20260720\020_click_success_20260720_130939_268_pre_click.png,"[473,209,10,10]",473,209,10,10,geometry_x,x_geometry,0.773351,__geometry_close.png,D:\Projects\adb_vl\vision_platform\ads\collections\close_x_proposal_collection_pilot_20260720_latest30\raw_proposal_crops\raw_s0020_0005.png,"{""score"":0.773351252953191,""method"":""axis"",""line_down"":[473,209,482,218],""line_up"":[473,218,482,209],""angle_down"":45.0,""angle_up"":135.0,""angle_delta"":0.0,""orth_delta"":0.0,""length_ratio"":0.8456375735652059,""center_offset"":0.09230506420135498,""fill"":0.41,""axis_union"":0.7560975609756098,""axis_balance"":0.631578947368421,""continuity"":0.7346938775510204,""max_gap_ratio"":0.14285714285714285,""continuity_coverage"":0.8571428571428571,""axis_span_down_px"":10.535890579223633,""axis_span_up_px"":8.909544944763184,""min_arm_pixels"":3,""min_arm_extent_px"":1.8648232221603394,""min_arm_coverage"":0.5,""center_pixels"":6,""center_thickness_ratio"":0.9673109129095152,""arm_down_neg_px"":11,""arm_down_pos_px"":5,""arm_up_neg_px"":6,""arm_up_pos_px"":3,""arm_down_neg_cov"":1.0,""arm_down_pos_cov"":0.5,""arm_up_neg_cov"":0.75,""arm_up_pos_cov"":0.75,""axis_core_union"":0.5365853658536586,""axis_core_balance"":0.6923076923076923,""fit_error"":0.0,""extra_error"":0.0,""missing_error"":0.0,""center_extra_error"":0.0,""stroke_width"":0.0,""gate"":""white_strict"",""mode"":""white""}"
raw_s0020_0006,screen_0020,D:\Projects\adb_vl\vision_platform\ads\collections\close_x_proposal_collection_pilot_20260720_latest30\screens\screen_0020.png,vision_platform\ads\collections\input_preclick_latest30_20260720\020_click_success_20260720_130939_268_pre_click.png,"[287,228,15,15]",287,228,15,15,geometry_x,x_geometry,0.751292,__geometry_close.png,D:\Projects\adb_vl\vision_platform\ads\collections\close_x_proposal_collection_pilot_20260720_latest30\raw_proposal_crops\raw_s0020_0006.png,"{""score"":0.7512916638721185,""method"":""axis"",""line_down"":[301,242,301,242],""line_up"":[287,242,301,228],""angle_down"":45.0,""angle_up"":135.0,""angle_delta"":0.0,""orth_delta"":0.0,""length_ratio"":0.7090396224983153,""center_offset"":0.023720409721136093,""fill"":0.52,""axis_union"":0.7863247863247863,""axis_balance"":0.5081967213114754,""continuity"":1.0,""max_gap_ratio"":0.0,""continuity_coverage"":1.0,""axis_span_down_px"":12.515789031982422,""axis_span_up_px"":8.874190330505371,""min_arm_pixels"":10,""min_arm_extent_px"":2.2315492630004883,""min_arm_coverage"":0.75,""center_pixels"":29,""center_thickness_ratio"":1.0978334121430648,""arm_down_neg_px"":28,""arm_down_pos_px"":14,""arm_up_neg_px"":10,""arm_up_pos_px"":15,""arm_down_neg_cov"":1.0,""arm_down_pos_cov"":1.0,""arm_up_neg_cov"":0.75,""arm_up_pos_cov"":1.0,""axis_core_union"":0.41025641025641024,""axis_core_balance"":0.5,""fit_error"":0.0,""extra_error"":0.0,""missing_error"":0.0,""center_extra_error"":0.0,""stroke_width"":0.0,""gate"":""black_soft"",""mode"":""black""}"
raw_s0021_0001,screen_0021,D:\Projects\adb_vl\vision_platform\ads\collections\close_x_proposal_collection_pilot_20260720_latest30\screens\screen_0021.png,vision_platform\ads\collections\input_preclick_latest30_20260720\021_click_success_20260720_130930_231_pre_click.png,"[512,147,28,27]",512,147,28,27,geometry_x,x_geometry,0.901446,__geometry_close.png,D:\Projects\adb_vl\vision_platform\ads\collections\close_x_proposal_collection_pilot_20260720_latest30\raw_proposal_crops\raw_s0021_0001.png,"{""score"":0.9014463539151262,""method"":""axis"",""line_down"":[512,147,538,173],""line_up"":[513,173,538,147],""angle_down"":45.0,""angle_up"":135.0,""angle_delta"":0.0,""orth_delta"":0.0,""length_ratio"":0.993464045373835,""center_offset"":0.02079656347632408,""fill"":0.533068783068783,""axis_union"":0.771712158808933,""axis_balance"":0.9079754601226994,""continuity"":1.0,""max_gap_ratio"":0.0,""continuity_coverage"":1.0,""axis_span_down_px"":27.04683494567871,""axis_span_up_px"":26.870058059692383,""min_arm_pixels"":61,""min_arm_extent_px"":9.468582153320312,""min_arm_coverage"":1.0,""center_pixels"":48,""center_thickness_ratio"":0.689878481116234,""arm_down_neg_px"":61,""arm_down_pos_px"":77,""arm_up_neg_px"":61,""arm_up_pos_px"":74,""arm_down_neg_cov"":1.0,""arm_down_pos_cov"":1.0,""arm_up_neg_cov"":1.0,""arm_up_pos_cov"":1.0,""axis_core_union"":0.4317617866004963,""axis_core_balance"":0.8913043478260869,""fit_error"":0.0,""extra_error"":0.0,""missing_error"":0.0,""center_extra_error"":0.0,""stroke_width"":0.0,""gate"":""white_strict"",""mode"":""white""}"
raw_s0021_0002,screen_0021,D:\Projects\adb_vl\vision_platform\ads\collections\close_x_proposal_collection_pilot_20260720_latest30\screens\screen_0021.png,vision_platform\ads\collections\input_preclick_latest30_20260720\021_click_success_20260720_130930_231_pre_click.png,"[497,208,10,11]",497,208,10,11,geometry_x,x_geometry,0.856936,__geometry_close.png,D:\Projects\adb_vl\vision_platform\ads\collections\close_x_proposal_collection_pilot_20260720_latest30\raw_proposal_crops\raw_s0021_0002.png,"{""score"":0.8569358295863825,""method"":""axis"",""line_down"":[497,208,506,218],""line_up"":[497,218,506,208],""angle_down"":45.0,""angle_up"":135.0,""angle_delta"":0.0,""orth_delta"":0.0,""length_ratio"":0.9758621908455879,""center_offset"":0.02332311123609543,""fill"":0.509090909090909,""axis_union"":0.7321428571428571,""axis_balance"":0.782608695652174,""continuity"":0.7346938775510204,""max_gap_ratio"":0.14285714285714285,""continuity_coverage"":0.8571428571428571,""axis_span_down_px"":10.005561828613281,""axis_span_up_px"":10.253047943115234,""min_arm_pixels"":6,""min_arm_extent_px"":3.844722270965576,""min_arm_coverage"":0.75,""center_pixels"":8,""center_thickness_ratio"":0.8846947135570623,""arm_down_neg_px"":6,""arm_down_pos_px"":9,""arm_up_neg_px"":9,""arm_up_pos_px"":12,""arm_down_neg_cov"":0.75,""arm_down_pos_cov"":1.0,""arm_up_neg_cov"":1.0,""arm_up_pos_cov"":1.0,""axis_core_union"":0.39285714285714285,""axis_core_balance"":0.6923076923076923,""fit_error"":0.0,""extra_error"":0.0,""missing_error"":0.0,""center_extra_error"":0.0,""stroke_width"":0.0,""gate"":""black_soft"",""mode"":""black""}"
raw_s0021_0003,screen_0021,D:\Projects\adb_vl\vision_platform\ads\collections\close_x_proposal_collection_pilot_20260720_latest30\screens\screen_0021.png,vision_platform\ads\collections\input_preclick_latest30_20260720\021_click_success_20260720_130930_231_pre_click.png,"[913,222,10,11]",913,222,10,11,geometry_x,x_geometry,0.842426,__geometry_close.png,D:\Projects\adb_vl\vision_platform\ads\collections\close_x_proposal_collection_pilot_20260720_latest30\raw_proposal_crops\raw_s0021_0003.png,"{""score"":0.8424261032089191,""method"":""axis"",""line_down"":[913,222,922,232],""line_up"":[913,232,922,222],""angle_down"":45.0,""angle_up"":135.0,""angle_delta"":0.0,""orth_delta"":0.0,""length_ratio"":0.8630137365931453,""center_offset"":0.06385508924722672,""fill"":0.4818181818181818,""axis_union"":0.7924528301886793,""axis_balance"":0.8260869565217391,""continuity"":1.0,""max_gap_ratio"":0.0,""continuity_coverage"":1.0,""axis_span_down_px"":8.9095458984375,""axis_span_up_px"":10.323759078979492,""min_arm_pixels"":5,""min_arm_extent_px"":2.8547730445861816,""min_arm_coverage"":1.0,""center_pixels"":12,""center_thickness_ratio"":1.2750838766032415,""arm_down_neg_px"":12,""arm_down_pos_px"":5,""arm_up_neg_px"":10,""arm_up_pos_px"":7,""arm_down_neg_cov"":1.0,""arm_down_pos_cov"":1.0,""arm_up_neg_cov"":1.0,""arm_up_pos_cov"":1.0,""axis_core_union"":0.4716981132075472,""axis_core_balance"":0.9230769230769231,""fit_error"":0.0,""extra_error"":0.0,""missing_error"":0.0,""center_extra_error"":0.0,""stroke_width"":0.0,""gate"":""black_strict"",""mode"":""black""}"
raw_s0021_0004,screen_0021,D:\Projects\adb_vl\vision_platform\ads\collections\close_x_proposal_collection_pilot_20260720_latest30\screens\screen_0021.png,vision_platform\ads\collections\input_preclick_latest30_20260720\021_click_success_20260720_130930_231_pre_click.png,"[413,211,9,8]",413,211,9,8,geometry_x,x_geometry,0.800146,__geometry_close.png,D:\Projects\adb_vl\vision_platform\ads\collections\close_x_proposal_collection_pilot_20260720_latest30\raw_proposal_crops\raw_s0021_0004.png,"{""score"":0.8001458772594403,""method"":""axis"",""line_down"":[413,211,421,218],""line_up"":[414,218,421,211],""angle_down"":45.0,""angle_up"":135.0,""angle_delta"":0.0,""orth_delta"":0.0,""length_ratio"":0.7757010400109913,""center_offset"":0.11406999826431274,""fill"":0.4861111111111111,""axis_union"":0.7142857142857143,""axis_balance"":0.9230769230769231,""continuity"":1.0,""max_gap_ratio"":0.0,""continuity_coverage"":1.0,""axis_span_down_px"":7.566041946411133,""axis_span_up_px"":5.8689866065979,""min_arm_pixels"":1,""min_arm_extent_px"":0.26776695251464844,""min_arm_coverage"":0.25,""center_pixels"":7,""center_thickness_ratio"":0.6067981726913763,""arm_down_neg_px"":6,""arm_down_pos_px"":4,""arm_up_neg_px"":1,""arm_up_pos_px"":10,""arm_down_neg_cov"":0.75,""arm_down_pos_cov"":0.75,""arm_up_neg_cov"":0.25,""arm_up_pos_cov"":1.0,""axis_core_union"":0.34285714285714286,""axis_core_balance"":1.0,""fit_error"":0.0,""extra_error"":0.0,""missing_error"":0.0,""center_extra_error"":0.0,""stroke_width"":0.0,""gate"":""black_soft"",""mode"":""black""}"
raw_s0021_0005,screen_0021,D:\Projects\adb_vl\vision_platform\ads\collections\close_x_proposal_collection_pilot_20260720_latest30\screens\screen_0021.png,vision_platform\ads\collections\input_preclick_latest30_20260720\021_click_success_20260720_130930_231_pre_click.png,"[868,101,9,11]",868,101,9,11,geometry_x,x_geometry,0.789566,__geometry_close.png,D:\Projects\adb_vl\vision_platform\ads\collections\close_x_proposal_collection_pilot_20260720_latest30\raw_proposal_crops\raw_s0021_0005.png,"{""score"":0.7895661404745314,""method"":""axis"",""line_down"":[868,102,876,110],""line_up"":[868,110,876,102],""angle_down"":45.0,""angle_up"":135.0,""angle_delta"":0.0,""orth_delta"":0.0,""length_ratio"":0.8006536166647744,""center_offset"":0.06414943188428879,""fill"":0.43434343434343436,""axis_union"":0.6744186046511628,""axis_balance"":0.8125,""continuity"":0.5102040816326531,""max_gap_ratio"":0.2857142857142857,""continuity_coverage"":0.7142857142857143,""axis_span_down_px"":8.662057876586914,""axis_span_up_px"":10.818733215332031,""min_arm_pixels"":4,""min_arm_extent_px"":1.3284270763397217,""min_arm_coverage"":0.5,""center_pixels"":5,""center_thickness_ratio"":0.7840062404148619,""arm_down_neg_px"":4,""arm_down_pos_px"":7,""arm_up_neg_px"":6,""arm_up_pos_px"":7,""arm_down_neg_cov"":0.5,""arm_down_pos_cov"":0.75,""arm_up_neg_cov"":1.0,""arm_up_pos_cov"":1.0,""axis_core_union"":0.4186046511627907,""axis_core_balance"":1.0,""fit_error"":0.0,""extra_error"":0.0,""missing_error"":0.0,""center_extra_error"":0.0,""stroke_width"":0.0,""gate"":""black_strict"",""mode"":""black""}"
raw_s0021_0006,screen_0021,D:\Projects\adb_vl\vision_platform\ads\collections\close_x_proposal_collection_pilot_20260720_latest30\screens\screen_0021.png,vision_platform\ads\collections\input_preclick_latest30_20260720\021_click_success_20260720_130930_231_pre_click.png,"[589,209,9,10]",589,209,9,10,geometry_x,x_geometry,0.785598,__geometry_close.png,D:\Projects\adb_vl\vision_platform\ads\collections\close_x_proposal_collection_pilot_20260720_latest30\raw_proposal_crops\raw_s0021_0006.png,"{""score"":0.7855977101947618,""method"":""axis"",""line_down"":[589,209,597,217],""line_up"":[589,217,597,209],""angle_down"":45.0,""angle_up"":135.0,""angle_delta"":0.0,""orth_delta"":0.0,""length_ratio"":0.7335908602555926,""center_offset"":0.04119642823934555,""fill"":0.5111111111111111,""axis_union"":0.6739130434782609,""axis_balance"":0.8235294117647058,""continuity"":0.7346938775510204,""max_gap_ratio"":0.14285714285714285,""continuity_coverage"":0.8571428571428571,""axis_span_down_px"":6.717514991760254,""axis_span_up_px"":9.157032012939453,""min_arm_pixels"":2,""min_arm_extent_px"":0.9395184516906738,""min_arm_coverage"":0.5,""center_pixels"":9,""center_thickness_ratio"":1.1034885470491662,""arm_down_neg_px"":2,""arm_down_pos_px"":7,""arm_up_neg_px"":8,""arm_up_pos_px"":7,""arm_down_neg_cov"":0.5,""arm_down_pos_cov"":0.75,""arm_up_neg_cov"":1.0,""arm_up_pos_cov"":0.75,""axis_core_union"":0.43478260869565216,""axis_core_balance"":0.8181818181818182,""fit_error"":0.0,""extra_error"":0.0,""missing_error"":0.0,""center_extra_error"":0.0,""stroke_width"":0.0,""gate"":""black_strict"",""mode"":""black""}"
raw_s0021_0007,screen_0021,D:\Projects\adb_vl\vision_platform\ads\collections\close_x_proposal_collection_pilot_20260720_latest30\screens\screen_0021.png,vision_platform\ads\collections\input_preclick_latest30_20260720\021_click_success_20260720_130930_231_pre_click.png,"[709,151,8,10]",709,151,8,10,geometry_x,x_geometry,0.785584,__geometry_close.png,D:\Projects\adb_vl\vision_platform\ads\collections\close_x_proposal_collection_pilot_20260720_latest30\raw_proposal_crops\raw_s0021_0007.png,"{""score"":0.7855839492485717,""method"":""axis"",""line_down"":[709,152,716,159],""line_up"":[709,159,716,152],""angle_down"":45.0,""angle_up"":135.0,""angle_delta"":0.0,""orth_delta"":0.0,""length_ratio"":0.8214286144355609,""center_offset"":0.09659687429666519,""fill"":0.425,""axis_union"":0.6176470588235294,""axis_balance"":0.9090909090909091,""continuity"":1.0,""max_gap_ratio"":0.0,""continuity_coverage"":1.0,""axis_span_down_px"":4.879036903381348,""axis_span_up_px"":5.939696788787842,""min_arm_pixels"":0,""min_arm_extent_px"":0.0,""min_arm_coverage"":0.0,""center_pixels"":10,""center_thickness_ratio"":1.3713202476501465,""arm_down_neg_px"":5,""arm_down_pos_px"":0,""arm_up_neg_px"":1,""arm_up_pos_px"":5,""arm_down_neg_cov"":0.75,""arm_down_pos_cov"":0.0,""arm_up_neg_cov"":0.25,""arm_up_pos_cov"":1.0,""axis_core_union"":0.6176470588235294,""axis_core_balance"":0.9090909090909091,""fit_error"":0.0,""extra_error"":0.0,""missing_error"":0.0,""center_extra_error"":0.0,""stroke_width"":0.0,""gate"":""black_strict"",""mode"":""black""}"
raw_s0021_0008,screen_0021,D:\Projects\adb_vl\vision_platform\ads\collections\close_x_proposal_collection_pilot_20260720_latest30\screens\screen_0021.png,vision_platform\ads\collections\input_preclick_latest30_20260720\021_click_success_20260720_130930_231_pre_click.png,"[19,161,15,10]",19,161,15,10,geometry_x,x_geometry,0.715768,__geometry_close.png,D:\Projects\adb_vl\vision_platform\ads\collections\close_x_proposal_collection_pilot_20260720_latest30\raw_proposal_crops\raw_s0021_0008.png,"{""score"":0.7157677278752301,""method"":""axis"",""line_down"":[21,161,31,170],""line_up"":[22,170,31,161],""angle_down"":45.0,""angle_up"":135.0,""angle_delta"":0.0,""orth_delta"":0.0,""length_ratio"":0.760479009515275,""center_offset"":0.019209546968340874,""fill"":0.41333333333333333,""axis_union"":0.5806451612903226,""axis_balance"":0.5652173913043478,""continuity"":0.6122448979591837,""max_gap_ratio"":0.14285714285714285,""continuity_coverage"":0.7142857142857143,""axis_span_down_px"":11.808682441711426,""axis_span_up_px"":8.980255126953125,""min_arm_pixels"":4,""min_arm_extent_px"":1.4759143590927124,""min_arm_coverage"":0.75,""center_pixels"":5,""center_thickness_ratio"":0.5409643977267549,""arm_down_neg_px"":12,""arm_down_pos_px"":10,""arm_up_neg_px"":4,""arm_up_pos_px"":8,""arm_down_neg_cov"":1.0,""arm_down_pos_cov"":1.0,""arm_up_neg_cov"":0.75,""arm_up_pos_cov"":0.75,""axis_core_union"":0.3064516129032258,""axis_core_balance"":0.5833333333333334,""fit_error"":0.0,""extra_error"":0.0,""missing_error"":0.0,""center_extra_error"":0.0,""stroke_width"":0.0,""gate"":""black_strict"",""mode"":""black""}"
raw_s0021_0009,screen_0021,D:\Projects\adb_vl\vision_platform\ads\collections\close_x_proposal_collection_pilot_20260720_latest30\screens\screen_0021.png,vision_platform\ads\collections\input_preclick_latest30_20260720\021_click_success_20260720_130930_231_pre_click.png,"[288,228,14,15]",288,228,14,15,geometry_x,x_geometry,0.638913,__geometry_close.png,D:\Projects\adb_vl\vision_platform\ads\collections\close_x_proposal_collection_pilot_20260720_latest30\raw_proposal_crops\raw_s0021_0009.png,"{""score"":0.6389128522588755,""method"":""axis"",""line_down"":[288,229,301,241],""line_up"":[288,241,301,229],""angle_down"":43.0,""angle_up"":137.0,""angle_delta"":2.0,""orth_delta"":0.0,""length_ratio"":0.7021583705839772,""center_offset"":0.05282067880034447,""fill"":0.5285714285714286,""axis_union"":0.7387387387387387,""axis_balance"":0.5769230769230769,""continuity"":1.0,""max_gap_ratio"":0.0,""continuity_coverage"":1.0,""axis_span_down_px"":12.140469551086426,""axis_span_up_px"":8.524532318115234,""min_arm_pixels"":7,""min_arm_extent_px"":1.479135274887085,""min_arm_coverage"":0.75,""center_pixels"":26,""center_thickness_ratio"":1.0170432032983598,""arm_down_neg_px"":28,""arm_down_pos_px"":12,""arm_up_neg_px"":7,""arm_up_pos_px"":17,""arm_down_neg_cov"":1.0,""arm_down_pos_cov"":1.0,""arm_up_neg_cov"":0.75,""arm_up_pos_cov"":1.0,""axis_core_union"":0.4144144144144144,""axis_core_balance"":0.5333333333333333,""fit_error"":0.0,""extra_error"":0.0,""missing_error"":0.0,""center_extra_error"":0.0,""stroke_width"":0.0,""gate"":""black_strict"",""mode"":""black""}"
raw_s0022_0001,screen_0022,D:\Projects\adb_vl\vision_platform\ads\collections\close_x_proposal_collection_pilot_20260720_latest30\screens\screen_0022.png,vision_platform\ads\collections\input_preclick_latest30_20260720\022_click_success_20260720_130923_875_pre_click.png,"[915,27,35,29]",915,27,35,29,close_template,template_match,0.845493,close_14.png,D:\Projects\adb_vl\vision_platform\ads\collections\close_x_proposal_collection_pilot_20260720_latest30\raw_proposal_crops\raw_s0022_0001.png,"{""brightness_ratio"":1.2427644912849614}"
raw_s0022_0002,screen_0022,D:\Projects\adb_vl\vision_platform\ads\collections\close_x_proposal_collection_pilot_20260720_latest30\screens\screen_0022.png,vision_platform\ads\collections\input_preclick_latest30_20260720\022_click_success_20260720_130923_875_pre_click.png,"[911,25,40,33]",911,25,40,33,close_template,template_match,0.986557,close_24.png,D:\Projects\adb_vl\vision_platform\ads\collections\close_x_proposal_collection_pilot_20260720_latest30\raw_proposal_crops\raw_s0022_0002.png,"{""brightness_ratio"":2.5917479403754227}"
raw_s0022_0003,screen_0022,D:\Projects\adb_vl\vision_platform\ads\collections\close_x_proposal_collection_pilot_20260720_latest30\screens\screen_0022.png,vision_platform\ads\collections\input_preclick_latest30_20260720\022_click_success_20260720_130923_875_pre_click.png,"[921,26,26,28]",921,26,26,28,close_template,template_match,0.82297,close_25.png,D:\Projects\adb_vl\vision_platform\ads\collections\close_x_proposal_collection_pilot_20260720_latest30\raw_proposal_crops\raw_s0022_0003.png,"{""brightness_ratio"":1.4383683302538766}"
raw_s0022_0004,screen_0022,D:\Projects\adb_vl\vision_platform\ads\collections\close_x_proposal_collection_pilot_20260720_latest30\screens\screen_0022.png,vision_platform\ads\collections\input_preclick_latest30_20260720\022_click_success_20260720_130923_875_pre_click.png,"[913,28,38,32]",913,28,38,32,close_template,template_match,0.822718,close_7.png,D:\Projects\adb_vl\vision_platform\ads\collections\close_x_proposal_collection_pilot_20260720_latest30\raw_proposal_crops\raw_s0022_0004.png,"{""brightness_ratio"":2.178080093145816}"
raw_s0022_0005,screen_0022,D:\Projects\adb_vl\vision_platform\ads\collections\close_x_proposal_collection_pilot_20260720_latest30\screens\screen_0022.png,vision_platform\ads\collections\input_preclick_latest30_20260720\022_click_success_20260720_130923_875_pre_click.png,"[918,26,30,30]",918,26,30,30,close_template,template_match,0.834911,close_x_momo.png,D:\Projects\adb_vl\vision_platform\ads\collections\close_x_proposal_collection_pilot_20260720_latest30\raw_proposal_crops\raw_s0022_0005.png,"{""brightness_ratio"":1.1179521914220856}"
raw_s0022_0006,screen_0022,D:\Projects\adb_vl\vision_platform\ads\collections\close_x_proposal_collection_pilot_20260720_latest30\screens\screen_0022.png,vision_platform\ads\collections\input_preclick_latest30_20260720\022_click_success_20260720_130923_875_pre_click.png,"[923,32,20,20]",923,32,20,20,geometry_x,x_geometry,1.0,__geometry_close.png,D:\Projects\adb_vl\vision_platform\ads\collections\close_x_proposal_collection_pilot_20260720_latest30\raw_proposal_crops\raw_s0022_0006.png,"{""score"":1.0,""method"":""axis"",""line_down"":[923,32,942,51],""line_up"":[923,51,942,32],""angle_down"":45.0,""angle_up"":135.0,""angle_delta"":0.0,""orth_delta"":0.0,""length_ratio"":1.0,""center_offset"":0.0,""fill"":0.44,""axis_union"":1.0,""axis_balance"":1.0,""continuity"":1.0,""max_gap_ratio"":0.0,""continuity_coverage"":1.0,""axis_span_down_px"":23.829498291015625,""axis_span_up_px"":23.829498291015625,""min_arm_pixels"":36,""min_arm_extent_px"":9.527922630310059,""min_arm_coverage"":1.0,""center_pixels"":44,""center_thickness_ratio"":1.4556548462973702,""arm_down_neg_px"":36,""arm_down_pos_px"":36,""arm_up_neg_px"":36,""arm_up_pos_px"":36,""arm_down_neg_cov"":1.0,""arm_down_pos_cov"":1.0,""arm_up_neg_cov"":1.0,""arm_up_pos_cov"":1.0,""axis_core_union"":1.0,""axis_core_balance"":1.0,""fit_error"":0.0,""extra_error"":0.0,""missing_error"":0.0,""center_extra_error"":0.0,""stroke_width"":0.0,""gate"":""white_strict"",""mode"":""white""}"
raw_s0022_0007,screen_0022,D:\Projects\adb_vl\vision_platform\ads\collections\close_x_proposal_collection_pilot_20260720_latest30\screens\screen_0022.png,vision_platform\ads\collections\input_preclick_latest30_20260720\022_click_success_20260720_130923_875_pre_click.png,"[843,33,20,20]",843,33,20,20,geometry_x,x_geometry,0.890293,__geometry_close.png,D:\Projects\adb_vl\vision_platform\ads\collections\close_x_proposal_collection_pilot_20260720_latest30\raw_proposal_crops\raw_s0022_0007.png,"{""score"":0.8902927863878658,""method"":""axis"",""line_down"":[843,33,862,52],""line_up"":[843,52,862,33],""angle_down"":45.0,""angle_up"":135.0,""angle_delta"":0.0,""orth_delta"":0.0,""length_ratio"":0.9546218719019587,""center_offset"":0.024602551013231277,""fill"":0.45,""axis_union"":0.7722222222222223,""axis_balance"":0.9041095890410958,""continuity"":1.0,""max_gap_ratio"":0.0,""continuity_coverage"":1.0,""axis_span_down_px"":21.036426544189453,""axis_span_up_px"":20.081832885742188,""min_arm_pixels"":26,""min_arm_extent_px"":6.522717475891113,""min_arm_coverage"":1.0,""center_pixels"":30,""center_thickness_ratio"":0.9999355835326873,""arm_down_neg_px"":31,""arm_down_pos_px"":31,""arm_up_neg_px"":26,""arm_up_pos_px"":27,""arm_down_neg_cov"":1.0,""arm_down_pos_cov"":1.0,""arm_up_neg_cov"":1.0,""arm_up_pos_cov"":1.0,""axis_core_union"":0.4777777777777778,""axis_core_balance"":0.8695652173913043,""fit_error"":0.0,""extra_error"":0.0,""missing_error"":0.0,""center_extra_error"":0.0,""stroke_width"":0.0,""gate"":""white_strict"",""mode"":""white""}"
raw_s0023_0001,screen_0023,D:\Projects\adb_vl\vision_platform\ads\collections\close_x_proposal_collection_pilot_20260720_latest30\screens\screen_0023.png,vision_platform\ads\collections\input_preclick_latest30_20260720\023_click_success_20260720_130903_720_pre_click.png,"[913,222,10,10]",913,222,10,10,geometry_x,x_geometry,0.923745,__geometry_close.png,D:\Projects\adb_vl\vision_platform\ads\collections\close_x_proposal_collection_pilot_20260720_latest30\raw_proposal_crops\raw_s0023_0001.png,"{""score"":0.9237453018335701,""method"":""axis"",""line_down"":[913,222,922,231],""line_up"":[913,231,922,222],""angle_down"":45.0,""angle_up"":135.0,""angle_delta"":0.0,""orth_delta"":0.0,""length_ratio"":0.9379845123333834,""center_offset"":0.020454030483961105,""fill"":0.35,""axis_union"":0.9428571428571428,""axis_balance"":0.8333333333333334,""continuity"":1.0,""max_gap_ratio"":0.0,""continuity_coverage"":1.0,""axis_span_down_px"":8.555992126464844,""axis_span_up_px"":9.12167739868164,""min_arm_pixels"":4,""min_arm_extent_px"":1.935533881187439,""min_arm_coverage"":0.75,""center_pixels"":10,""center_thickness_ratio"":1.4582292954142129,""arm_down_neg_px"":6,""arm_down_pos_px"":4,""arm_up_neg_px"":6,""arm_up_pos_px"":7,""arm_down_neg_cov"":1.0,""arm_down_pos_cov"":0.75,""arm_up_neg_cov"":0.75,""arm_up_pos_cov"":1.0,""axis_core_union"":0.7428571428571429,""axis_core_balance"":0.8571428571428571,""fit_error"":0.0,""extra_error"":0.0,""missing_error"":0.0,""center_extra_error"":0.0,""stroke_width"":0.0,""gate"":""white_strict"",""mode"":""white""}"
raw_s0023_0002,screen_0023,D:\Projects\adb_vl\vision_platform\ads\collections\close_x_proposal_collection_pilot_20260720_latest30\screens\screen_0023.png,vision_platform\ads\collections\input_preclick_latest30_20260720\023_click_success_20260720_130903_720_pre_click.png,"[901,222,11,10]",901,222,11,10,geometry_x,x_geometry,0.864503,__geometry_close.png,D:\Projects\adb_vl\vision_platform\ads\collections\close_x_proposal_collection_pilot_20260720_latest30\raw_proposal_crops\raw_s0023_0002.png,"{""score"":0.8645031896993168,""method"":""axis"",""line_down"":[901,222,911,231],""line_up"":[902,231,911,222],""angle_down"":45.0,""angle_up"":135.0,""angle_delta"":0.0,""orth_delta"":0.0,""length_ratio"":0.9250000867020951,""center_offset"":0.02866792306303978,""fill"":0.5363636363636364,""axis_union"":0.6440677966101694,""axis_balance"":1.0,""continuity"":1.0,""max_gap_ratio"":0.0,""continuity_coverage"":1.0,""axis_span_down_px"":9.899494171142578,""axis_span_up_px"":9.15703296661377,""min_arm_pixels"":6,""min_arm_extent_px"":2.748706817626953,""min_arm_coverage"":0.75,""center_pixels"":6,""center_thickness_ratio"":0.6350078727347073,""arm_down_neg_px"":8,""arm_down_pos_px"":8,""arm_up_neg_px"":6,""arm_up_pos_px"":11,""arm_down_neg_cov"":0.75,""arm_down_pos_cov"":1.0,""arm_up_neg_cov"":1.0,""arm_up_pos_cov"":1.0,""axis_core_union"":0.3220338983050847,""axis_core_balance"":0.7272727272727273,""fit_error"":0.0,""extra_error"":0.0,""missing_error"":0.0,""center_extra_error"":0.0,""stroke_width"":0.0,""gate"":""white_strict"",""mode"":""white""}"
raw_s0023_0003,screen_0023,D:\Projects\adb_vl\vision_platform\ads\collections\close_x_proposal_collection_pilot_20260720_latest30\screens\screen_0023.png,vision_platform\ads\collections\input_preclick_latest30_20260720\023_click_success_20260720_130903_720_pre_click.png,"[762,235,10,8]",762,235,10,8,geometry_x,x_geometry,0.834565,__geometry_close.png,D:\Projects\adb_vl\vision_platform\ads\collections\close_x_proposal_collection_pilot_20260720_latest30\raw_proposal_crops\raw_s0023_0003.png,"{""score"":0.8345648801324235,""method"":""axis"",""line_down"":[763,235,770,242],""line_up"":[763,242,770,235],""angle_down"":45.0,""angle_up"":135.0,""angle_delta"":0.0,""orth_delta"":0.0,""length_ratio"":0.9921875543299251,""center_offset"":0.042924314737319946,""fill"":0.55,""axis_union"":0.5681818181818182,""axis_balance"":0.9230769230769231,""continuity"":0.5102040816326531,""max_gap_ratio"":0.2857142857142857,""continuity_coverage"":0.7142857142857143,""axis_span_down_px"":9.050966262817383,""axis_span_up_px"":8.980256080627441,""min_arm_pixels"":4,""min_arm_extent_px"":2.6012191772460938,""min_arm_coverage"":0.75,""center_pixels"":5,""center_thickness_ratio"":0.8265478136829364,""arm_down_neg_px"":4,""arm_down_pos_px"":5,""arm_up_neg_px"":5,""arm_up_pos_px"":6,""arm_down_neg_cov"":0.75,""arm_down_pos_cov"":1.0,""arm_up_neg_cov"":0.75,""arm_up_pos_cov"":0.75,""axis_core_union"":0.5681818181818182,""axis_core_balance"":0.9230769230769231,""fit_error"":0.0,""extra_error"":0.0,""missing_error"":0.0,""center_extra_error"":0.0,""stroke_width"":0.0,""gate"":""white_strict"",""mode"":""white""}"
raw_s0023_0004,screen_0023,D:\Projects\adb_vl\vision_platform\ads\collections\close_x_proposal_collection_pilot_20260720_latest30\screens\screen_0023.png,vision_platform\ads\collections\input_preclick_latest30_20260720\023_click_success_20260720_130903_720_pre_click.png,"[612,209,10,10]",612,209,10,10,geometry_x,x_geometry,0.808575,__geometry_close.png,D:\Projects\adb_vl\vision_platform\ads\collections\close_x_proposal_collection_pilot_20260720_latest30\raw_proposal_crops\raw_s0023_0004.png,"{""score"":0.8085745240467319,""method"":""axis"",""line_down"":[612,209,621,218],""line_up"":[612,218,621,209],""angle_down"":45.0,""angle_up"":135.0,""angle_delta"":0.0,""orth_delta"":0.0,""length_ratio"":0.8936169988898579,""center_offset"":0.11076953262090683,""fill"":0.39,""axis_union"":0.7948717948717948,""axis_balance"":0.7222222222222222,""continuity"":0.7346938775510204,""max_gap_ratio"":0.14285714285714285,""continuity_coverage"":0.8571428571428571,""axis_span_down_px"":9.970205307006836,""axis_span_up_px"":8.909544944763184,""min_arm_pixels"":3,""min_arm_extent_px"":1.8648232221603394,""min_arm_coverage"":0.75,""center_pixels"":4,""center_thickness_ratio"":0.5917115783270276,""arm_down_neg_px"":11,""arm_down_pos_px"":5,""arm_up_neg_px"":8,""arm_up_pos_px"":3,""arm_down_neg_cov"":1.0,""arm_down_pos_cov"":1.0,""arm_up_neg_cov"":1.0,""arm_up_pos_cov"":0.75,""axis_core_union"":0.5641025641025641,""axis_core_balance"":0.8333333333333334,""fit_error"":0.0,""extra_error"":0.0,""missing_error"":0.0,""center_extra_error"":0.0,""stroke_width"":0.0,""gate"":""white_strict"",""mode"":""white""}"
raw_s0023_0005,screen_0023,D:\Projects\adb_vl\vision_platform\ads\collections\close_x_proposal_collection_pilot_20260720_latest30\screens\screen_0023.png,vision_platform\ads\collections\input_preclick_latest30_20260720\023_click_success_20260720_130903_720_pre_click.png,"[892,209,10,10]",892,209,10,10,geometry_x,x_geometry,0.781528,__geometry_close.png,D:\Projects\adb_vl\vision_platform\ads\collections\close_x_proposal_collection_pilot_20260720_latest30\raw_proposal_crops\raw_s0023_0005.png,"{""score"":0.7815275488486366,""method"":""axis"",""line_down"":[892,209,901,218],""line_up"":[892,218,901,209],""angle_down"":45.0,""angle_up"":135.0,""angle_delta"":0.0,""orth_delta"":0.0,""length_ratio"":0.8333333333333334,""center_offset"":0.10114144533872604,""fill"":0.42,""axis_union"":0.7380952380952381,""axis_balance"":0.7222222222222222,""continuity"":0.7346938775510204,""max_gap_ratio"":0.14285714285714285,""continuity_coverage"":0.8571428571428571,""axis_span_down_px"":10.60660171508789,""axis_span_up_px"":8.838834762573242,""min_arm_pixels"":3,""min_arm_extent_px"":1.8648232221603394,""min_arm_coverage"":0.5,""center_pixels"":6,""center_thickness_ratio"":0.953417610462798,""arm_down_neg_px"":11,""arm_down_pos_px"":4,""arm_up_neg_px"":7,""arm_up_pos_px"":3,""arm_down_neg_cov"":1.0,""arm_down_pos_cov"":0.5,""arm_up_neg_cov"":1.0,""arm_up_pos_cov"":0.75,""axis_core_union"":0.5,""axis_core_balance"":0.75,""fit_error"":0.0,""extra_error"":0.0,""missing_error"":0.0,""center_extra_error"":0.0,""stroke_width"":0.0,""gate"":""white_strict"",""mode"":""white""}"
raw_s0023_0006,screen_0023,D:\Projects\adb_vl\vision_platform\ads\collections\close_x_proposal_collection_pilot_20260720_latest30\screens\screen_0023.png,vision_platform\ads\collections\input_preclick_latest30_20260720\023_click_success_20260720_130903_720_pre_click.png,"[586,223,12,9]",586,223,12,9,geometry_x,x_geometry,0.778523,__geometry_close.png,D:\Projects\adb_vl\vision_platform\ads\collections\close_x_proposal_collection_pilot_20260720_latest30\raw_proposal_crops\raw_s0023_0006.png,"{""score"":0.7785225675855832,""method"":""axis"",""line_down"":[588,223,596,231],""line_up"":[588,231,596,223],""angle_down"":45.0,""angle_up"":135.0,""angle_delta"":0.0,""orth_delta"":0.0,""length_ratio"":0.925233722019217,""center_offset"":0.076087586581707,""fill"":0.3611111111111111,""axis_union"":0.5897435897435898,""axis_balance"":0.7692307692307693,""continuity"":0.7346938775510204,""max_gap_ratio"":0.14285714285714285,""continuity_coverage"":0.8571428571428571,""axis_span_down_px"":7.566041946411133,""axis_span_up_px"":7.000357151031494,""min_arm_pixels"":1,""min_arm_extent_px"":0.9395184516906738,""min_arm_coverage"":0.25,""center_pixels"":9,""center_thickness_ratio"":1.3798736365056945,""arm_down_neg_px"":6,""arm_down_pos_px"":2,""arm_up_neg_px"":1,""arm_up_pos_px"":8,""arm_down_neg_cov"":0.75,""arm_down_pos_cov"":0.5,""arm_up_neg_cov"":0.25,""arm_up_pos_cov"":1.0,""axis_core_union"":0.358974358974359,""axis_core_balance"":1.0,""fit_error"":0.0,""extra_error"":0.0,""missing_error"":0.0,""center_extra_error"":0.0,""stroke_width"":0.0,""gate"":""white_soft"",""mode"":""white""}"
raw_s0023_0007,screen_0023,D:\Projects\adb_vl\vision_platform\ads\collections\close_x_proposal_collection_pilot_20260720_latest30\screens\screen_0023.png,vision_platform\ads\collections\input_preclick_latest30_20260720\023_click_success_20260720_130903_720_pre_click.png,"[473,209,10,10]",473,209,10,10,geometry_x,x_geometry,0.773351,__geometry_close.png,D:\Projects\adb_vl\vision_platform\ads\collections\close_x_proposal_collection_pilot_20260720_latest30\raw_proposal_crops\raw_s0023_0007.png,"{""score"":0.773351252953191,""method"":""axis"",""line_down"":[473,209,482,218],""line_up"":[473,218,482,209],""angle_down"":45.0,""angle_up"":135.0,""angle_delta"":0.0,""orth_delta"":0.0,""length_ratio"":0.8456375735652059,""center_offset"":0.09230506420135498,""fill"":0.41,""axis_union"":0.7560975609756098,""axis_balance"":0.631578947368421,""continuity"":0.7346938775510204,""max_gap_ratio"":0.14285714285714285,""continuity_coverage"":0.8571428571428571,""axis_span_down_px"":10.535890579223633,""axis_span_up_px"":8.909544944763184,""min_arm_pixels"":3,""min_arm_extent_px"":1.8648232221603394,""min_arm_coverage"":0.5,""center_pixels"":6,""center_thickness_ratio"":0.9673109129095152,""arm_down_neg_px"":11,""arm_down_pos_px"":5,""arm_up_neg_px"":6,""arm_up_pos_px"":3,""arm_down_neg_cov"":1.0,""arm_down_pos_cov"":0.5,""arm_up_neg_cov"":0.75,""arm_up_pos_cov"":0.75,""axis_core_union"":0.5365853658536586,""axis_core_balance"":0.6923076923076923,""fit_error"":0.0,""extra_error"":0.0,""missing_error"":0.0,""center_extra_error"":0.0,""stroke_width"":0.0,""gate"":""white_strict"",""mode"":""white""}"
raw_s0023_0008,screen_0023,D:\Projects\adb_vl\vision_platform\ads\collections\close_x_proposal_collection_pilot_20260720_latest30\screens\screen_0023.png,vision_platform\ads\collections\input_preclick_latest30_20260720\023_click_success_20260720_130903_720_pre_click.png,"[287,228,15,15]",287,228,15,15,geometry_x,x_geometry,0.751292,__geometry_close.png,D:\Projects\adb_vl\vision_platform\ads\collections\close_x_proposal_collection_pilot_20260720_latest30\raw_proposal_crops\raw_s0023_0008.png,"{""score"":0.7512916638721185,""method"":""axis"",""line_down"":[301,242,301,242],""line_up"":[287,242,301,228],""angle_down"":45.0,""angle_up"":135.0,""angle_delta"":0.0,""orth_delta"":0.0,""length_ratio"":0.7090396224983153,""center_offset"":0.023720409721136093,""fill"":0.52,""axis_union"":0.7863247863247863,""axis_balance"":0.5081967213114754,""continuity"":1.0,""max_gap_ratio"":0.0,""continuity_coverage"":1.0,""axis_span_down_px"":12.515789031982422,""axis_span_up_px"":8.874190330505371,""min_arm_pixels"":10,""min_arm_extent_px"":2.2315492630004883,""min_arm_coverage"":0.75,""center_pixels"":29,""center_thickness_ratio"":1.0978334121430648,""arm_down_neg_px"":28,""arm_down_pos_px"":14,""arm_up_neg_px"":10,""arm_up_pos_px"":15,""arm_down_neg_cov"":1.0,""arm_down_pos_cov"":1.0,""arm_up_neg_cov"":0.75,""arm_up_pos_cov"":1.0,""axis_core_union"":0.41025641025641024,""axis_core_balance"":0.5,""fit_error"":0.0,""extra_error"":0.0,""missing_error"":0.0,""center_extra_error"":0.0,""stroke_width"":0.0,""gate"":""black_soft"",""mode"":""black""}"
raw_s0023_0009,screen_0023,D:\Projects\adb_vl\vision_platform\ads\collections\close_x_proposal_collection_pilot_20260720_latest30\screens\screen_0023.png,vision_platform\ads\collections\input_preclick_latest30_20260720\023_click_success_20260720_130903_720_pre_click.png,"[907,164,8,10]",907,164,8,10,geometry_x,x_geometry,0.733895,__geometry_close.png,D:\Projects\adb_vl\vision_platform\ads\collections\close_x_proposal_collection_pilot_20260720_latest30\raw_proposal_crops\raw_s0023_0009.png,"{""score"":0.733894749180707,""method"":""axis"",""line_down"":[907,165,914,172],""line_up"":[907,172,914,165],""angle_down"":47.0,""angle_up"":133.0,""angle_delta"":2.0,""orth_delta"":0.0,""length_ratio"":0.9657125979456933,""center_offset"":0.029376542195677757,""fill"":0.55,""axis_union"":0.5681818181818182,""axis_balance"":0.9230769230769231,""continuity"":0.5102040816326531,""max_gap_ratio"":0.2857142857142857,""continuity_coverage"":0.7142857142857143,""axis_span_down_px"":7.418079376220703,""axis_span_up_px"":7.681456565856934,""min_arm_pixels"":3,""min_arm_extent_px"":1.3464462757110596,""min_arm_coverage"":0.5,""center_pixels"":6,""center_thickness_ratio"":0.7727396804753224,""arm_down_neg_px"":3,""arm_down_pos_px"":6,""arm_up_neg_px"":6,""arm_up_pos_px"":4,""arm_down_neg_cov"":0.5,""arm_down_pos_cov"":1.0,""arm_up_neg_cov"":1.0,""arm_up_pos_cov"":0.75,""axis_core_union"":0.3409090909090909,""axis_core_balance"":0.875,""fit_error"":0.0,""extra_error"":0.0,""missing_error"":0.0,""center_extra_error"":0.0,""stroke_width"":0.0,""gate"":""white_strict"",""mode"":""white""}"
raw_s0024_0001,screen_0024,D:\Projects\adb_vl\vision_platform\ads\collections\close_x_proposal_collection_pilot_20260720_latest30\screens\screen_0024.png,vision_platform\ads\collections\input_preclick_latest30_20260720\024_click_success_20260720_130853_791_pre_click.png,"[512,147,28,27]",512,147,28,27,geometry_x,x_geometry,0.901446,__geometry_close.png,D:\Projects\adb_vl\vision_platform\ads\collections\close_x_proposal_collection_pilot_20260720_latest30\raw_proposal_crops\raw_s0024_0001.png,"{""score"":0.9014463539151262,""method"":""axis"",""line_down"":[512,147,538,173],""line_up"":[513,173,538,147],""angle_down"":45.0,""angle_up"":135.0,""angle_delta"":0.0,""orth_delta"":0.0,""length_ratio"":0.993464045373835,""center_offset"":0.02079656347632408,""fill"":0.533068783068783,""axis_union"":0.771712158808933,""axis_balance"":0.9079754601226994,""continuity"":1.0,""max_gap_ratio"":0.0,""continuity_coverage"":1.0,""axis_span_down_px"":27.04683494567871,""axis_span_up_px"":26.870058059692383,""min_arm_pixels"":61,""min_arm_extent_px"":9.468582153320312,""min_arm_coverage"":1.0,""center_pixels"":48,""center_thickness_ratio"":0.689878481116234,""arm_down_neg_px"":61,""arm_down_pos_px"":77,""arm_up_neg_px"":61,""arm_up_pos_px"":74,""arm_down_neg_cov"":1.0,""arm_down_pos_cov"":1.0,""arm_up_neg_cov"":1.0,""arm_up_pos_cov"":1.0,""axis_core_union"":0.4317617866004963,""axis_core_balance"":0.8913043478260869,""fit_error"":0.0,""extra_error"":0.0,""missing_error"":0.0,""center_extra_error"":0.0,""stroke_width"":0.0,""gate"":""white_strict"",""mode"":""white""}"
raw_s0024_0002,screen_0024,D:\Projects\adb_vl\vision_platform\ads\collections\close_x_proposal_collection_pilot_20260720_latest30\screens\screen_0024.png,vision_platform\ads\collections\input_preclick_latest30_20260720\024_click_success_20260720_130853_791_pre_click.png,"[913,221,10,12]",913,221,10,12,geometry_x,x_geometry,0.891163,__geometry_close.png,D:\Projects\adb_vl\vision_platform\ads\collections\close_x_proposal_collection_pilot_20260720_latest30\raw_proposal_crops\raw_s0024_0002.png,"{""score"":0.8911625087296624,""method"":""axis"",""line_down"":[913,222,922,231],""line_up"":[913,231,922,222],""angle_down"":45.0,""angle_up"":135.0,""angle_delta"":0.0,""orth_delta"":0.0,""length_ratio"":0.8537415530831034,""center_offset"":0.03183748573064804,""fill"":0.48333333333333334,""axis_union"":0.896551724137931,""axis_balance"":0.8571428571428571,""continuity"":1.0,""max_gap_ratio"":0.0,""continuity_coverage"":1.0,""axis_span_down_px"":8.874190330505371,""axis_span_up_px"":10.394469261169434,""min_arm_pixels"":6,""min_arm_extent_px"":3.1729702949523926,""min_arm_coverage"":1.0,""center_pixels"":12,""center_thickness_ratio"":1.1511337897315264,""arm_down_neg_px"":12,""arm_down_pos_px"":6,""arm_up_neg_px"":12,""arm_up_pos_px"":10,""arm_down_neg_cov"":1.0,""arm_down_pos_cov"":1.0,""arm_up_neg_cov"":1.0,""arm_up_pos_cov"":1.0,""axis_core_union"":0.6551724137931034,""axis_core_balance"":0.9,""fit_error"":0.0,""extra_error"":0.0,""missing_error"":0.0,""center_extra_error"":0.0,""stroke_width"":0.0,""gate"":""black_strict"",""mode"":""black""}"
raw_s0024_0003,screen_0024,D:\Projects\adb_vl\vision_platform\ads\collections\close_x_proposal_collection_pilot_20260720_latest30\screens\screen_0024.png,vision_platform\ads\collections\input_preclick_latest30_20260720\024_click_success_20260720_130853_791_pre_click.png,"[551,208,22,18]",551,208,22,18,geometry_x,x_geometry,0.82898,__geometry_close.png,D:\Projects\adb_vl\vision_platform\ads\collections\close_x_proposal_collection_pilot_20260720_latest30\raw_proposal_crops\raw_s0024_0003.png,"{""score"":0.8289800022895605,""method"":""axis"",""line_down"":[553,208,570,225],""line_up"":[553,225,570,208],""angle_down"":45.0,""angle_up"":135.0,""angle_delta"":0.0,""orth_delta"":0.0,""length_ratio"":0.9416846376700817,""center_offset"":0.07613540440797806,""fill"":0.547979797979798,""axis_union"":0.6543778801843319,""axis_balance"":0.8933333333333333,""continuity"":1.0,""max_gap_ratio"":0.0,""continuity_coverage"":1.0,""axis_span_down_px"":15.41492748260498,""axis_span_up_px"":16.369522094726562,""min_arm_pixels"":9,""min_arm_extent_px"":2.069746971130371,""min_arm_coverage"":0.75,""center_pixels"":23,""center_thickness_ratio"":0.5782331991324658,""arm_down_neg_px"":52,""arm_down_pos_px"":12,""arm_up_neg_px"":48,""arm_up_pos_px"":9,""arm_down_neg_cov"":1.0,""arm_down_pos_cov"":0.75,""arm_up_neg_cov"":1.0,""arm_up_pos_cov"":0.75,""axis_core_union"":0.39631336405529954,""axis_core_balance"":0.8297872340425532,""fit_error"":0.0,""extra_error"":0.0,""missing_error"":0.0,""center_extra_error"":0.0,""stroke_width"":0.0,""gate"":""black_soft"",""mode"":""black""}"
raw_s0024_0004,screen_0024,D:\Projects\adb_vl\vision_platform\ads\collections\close_x_proposal_collection_pilot_20260720_latest30\screens\screen_0024.png,vision_platform\ads\collections\input_preclick_latest30_20260720\024_click_success_20260720_130853_791_pre_click.png,"[588,125,10,8]",588,125,10,8,geometry_x,x_geometry,0.815491,__geometry_close.png,D:\Projects\adb_vl\vision_platform\ads\collections\close_x_proposal_collection_pilot_20260720_latest30\raw_proposal_crops\raw_s0024_0004.png,"{""score"":0.8154907883520599,""method"":""axis"",""line_down"":[589,125,596,132],""line_up"":[589,132,596,125],""angle_down"":45.0,""angle_up"":135.0,""angle_delta"":0.0,""orth_delta"":0.0,""length_ratio"":0.8484848794467227,""center_offset"":0.03738712891936302,""fill"":0.425,""axis_union"":0.6176470588235294,""axis_balance"":0.9090909090909091,""continuity"":1.0,""max_gap_ratio"":0.0,""continuity_coverage"":1.0,""axis_span_down_px"":7.000356674194336,""axis_span_up_px"":5.939696788787842,""min_arm_pixels"":1,""min_arm_extent_px"":0.6213202476501465,""min_arm_coverage"":0.25,""center_pixels"":10,""center_thickness_ratio"":1.5533006191253662,""arm_down_neg_px"":1,""arm_down_pos_px"":4,""arm_up_neg_px"":5,""arm_up_pos_px"":1,""arm_down_neg_cov"":0.25,""arm_down_pos_cov"":0.75,""arm_up_neg_cov"":1.0,""arm_up_pos_cov"":0.25,""axis_core_union"":0.6176470588235294,""axis_core_balance"":0.9090909090909091,""fit_error"":0.0,""extra_error"":0.0,""missing_error"":0.0,""center_extra_error"":0.0,""stroke_width"":0.0,""gate"":""black_strict"",""mode"":""black""}"
raw_s0024_0005,screen_0024,D:\Projects\adb_vl\vision_platform\ads\collections\close_x_proposal_collection_pilot_20260720_latest30\screens\screen_0024.png,vision_platform\ads\collections\input_preclick_latest30_20260720\024_click_success_20260720_130853_791_pre_click.png,"[19,161,15,10]",19,161,15,10,geometry_x,x_geometry,0.715768,__geometry_close.png,D:\Projects\adb_vl\vision_platform\ads\collections\close_x_proposal_collection_pilot_20260720_latest30\raw_proposal_crops\raw_s0024_0005.png,"{""score"":0.7157677278752301,""method"":""axis"",""line_down"":[21,161,31,170],""line_up"":[22,170,31,161],""angle_down"":45.0,""angle_up"":135.0,""angle_delta"":0.0,""orth_delta"":0.0,""length_ratio"":0.760479009515275,""center_offset"":0.019209546968340874,""fill"":0.41333333333333333,""axis_union"":0.5806451612903226,""axis_balance"":0.5652173913043478,""continuity"":0.6122448979591837,""max_gap_ratio"":0.14285714285714285,""continuity_coverage"":0.7142857142857143,""axis_span_down_px"":11.808682441711426,""axis_span_up_px"":8.980255126953125,""min_arm_pixels"":4,""min_arm_extent_px"":1.4759143590927124,""min_arm_coverage"":0.75,""center_pixels"":5,""center_thickness_ratio"":0.5409643977267549,""arm_down_neg_px"":12,""arm_down_pos_px"":10,""arm_up_neg_px"":4,""arm_up_pos_px"":8,""arm_down_neg_cov"":1.0,""arm_down_pos_cov"":1.0,""arm_up_neg_cov"":0.75,""arm_up_pos_cov"":0.75,""axis_core_union"":0.3064516129032258,""axis_core_balance"":0.5833333333333334,""fit_error"":0.0,""extra_error"":0.0,""missing_error"":0.0,""center_extra_error"":0.0,""stroke_width"":0.0,""gate"":""black_strict"",""mode"":""black""}"
raw_s0024_0006,screen_0024,D:\Projects\adb_vl\vision_platform\ads\collections\close_x_proposal_collection_pilot_20260720_latest30\screens\screen_0024.png,vision_platform\ads\collections\input_preclick_latest30_20260720\024_click_success_20260720_130853_791_pre_click.png,"[288,228,14,15]",288,228,14,15,geometry_x,x_geometry,0.638913,__geometry_close.png,D:\Projects\adb_vl\vision_platform\ads\collections\close_x_proposal_collection_pilot_20260720_latest30\raw_proposal_crops\raw_s0024_0006.png,"{""score"":0.6389128522588755,""method"":""axis"",""line_down"":[288,229,301,241],""line_up"":[288,241,301,229],""angle_down"":43.0,""angle_up"":137.0,""angle_delta"":2.0,""orth_delta"":0.0,""length_ratio"":0.7021583705839772,""center_offset"":0.05282067880034447,""fill"":0.5285714285714286,""axis_union"":0.7387387387387387,""axis_balance"":0.5769230769230769,""continuity"":1.0,""max_gap_ratio"":0.0,""continuity_coverage"":1.0,""axis_span_down_px"":12.140469551086426,""axis_span_up_px"":8.524532318115234,""min_arm_pixels"":7,""min_arm_extent_px"":1.479135274887085,""min_arm_coverage"":0.75,""center_pixels"":26,""center_thickness_ratio"":1.0170432032983598,""arm_down_neg_px"":28,""arm_down_pos_px"":12,""arm_up_neg_px"":7,""arm_up_pos_px"":17,""arm_down_neg_cov"":1.0,""arm_down_pos_cov"":1.0,""arm_up_neg_cov"":0.75,""arm_up_pos_cov"":1.0,""axis_core_union"":0.4144144144144144,""axis_core_balance"":0.5333333333333333,""fit_error"":0.0,""extra_error"":0.0,""missing_error"":0.0,""center_extra_error"":0.0,""stroke_width"":0.0,""gate"":""black_strict"",""mode"":""black""}"
raw_s0025_0001,screen_0025,D:\Projects\adb_vl\vision_platform\ads\collections\close_x_proposal_collection_pilot_20260720_latest30\screens\screen_0025.png,vision_platform\ads\collections\input_preclick_latest30_20260720\025_click_success_20260720_130847_331_pre_click.png,"[909,58,43,46]",909,58,43,46,close_template,template_match,0.813891,ad_issue_20260606_045316_roi_0.png,D:\Projects\adb_vl\vision_platform\ads\collections\close_x_proposal_collection_pilot_20260720_latest30\raw_proposal_crops\raw_s0025_0001.png,"{""brightness_ratio"":1.3166639119058685}"
raw_s0025_0002,screen_0025,D:\Projects\adb_vl\vision_platform\ads\collections\close_x_proposal_collection_pilot_20260720_latest30\screens\screen_0025.png,vision_platform\ads\collections\input_preclick_latest30_20260720\025_click_success_20260720_130847_331_pre_click.png,"[588,50,43,46]",588,50,43,46,close_template,template_match,0.771117,ad_issue_20260606_045316_roi_0.png,D:\Projects\adb_vl\vision_platform\ads\collections\close_x_proposal_collection_pilot_20260720_latest30\raw_proposal_crops\raw_s0025_0002.png,"{""brightness_ratio"":1.211297429964105}"
raw_s0025_0003,screen_0025,D:\Projects\adb_vl\vision_platform\ads\collections\close_x_proposal_collection_pilot_20260720_latest30\screens\screen_0025.png,vision_platform\ads\collections\input_preclick_latest30_20260720\025_click_success_20260720_130847_331_pre_click.png,"[30,29,74,23]",30,29,74,23,close_template,template_match,0.982989,close_11.png,D:\Projects\adb_vl\vision_platform\ads\collections\close_x_proposal_collection_pilot_20260720_latest30\raw_proposal_crops\raw_s0025_0003.png,"{""brightness_ratio"":1.6203792394085286}"
raw_s0025_0004,screen_0025,D:\Projects\adb_vl\vision_platform\ads\collections\close_x_proposal_collection_pilot_20260720_latest30\screens\screen_0025.png,vision_platform\ads\collections\input_preclick_latest30_20260720\025_click_success_20260720_130847_331_pre_click.png,"[21,24,87,33]",21,24,87,33,close_template,template_match,0.822264,close_15.png,D:\Projects\adb_vl\vision_platform\ads\collections\close_x_proposal_collection_pilot_20260720_latest30\raw_proposal_crops\raw_s0025_0004.png,"{""brightness_ratio"":2.782716501300453}"
raw_s0025_0005,screen_0025,D:\Projects\adb_vl\vision_platform\ads\collections\close_x_proposal_collection_pilot_20260720_latest30\screens\screen_0025.png,vision_platform\ads\collections\input_preclick_latest30_20260720\025_click_success_20260720_130847_331_pre_click.png,"[873,75,43,24]",873,75,43,24,close_template,template_match,0.810748,close_20.png,D:\Projects\adb_vl\vision_platform\ads\collections\close_x_proposal_collection_pilot_20260720_latest30\raw_proposal_crops\raw_s0025_0005.png,"{""brightness_ratio"":0.8189789685988251}"
raw_s0025_0006,screen_0025,D:\Projects\adb_vl\vision_platform\ads\collections\close_x_proposal_collection_pilot_20260720_latest30\screens\screen_0025.png,vision_platform\ads\collections\input_preclick_latest30_20260720\025_click_success_20260720_130847_331_pre_click.png,"[495,172,43,24]",495,172,43,24,close_template,template_match,0.79806,close_20.png,D:\Projects\adb_vl\vision_platform\ads\collections\close_x_proposal_collection_pilot_20260720_latest30\raw_proposal_crops\raw_s0025_0006.png,"{""brightness_ratio"":0.8461604934447051}"
raw_s0025_0007,screen_0025,D:\Projects\adb_vl\vision_platform\ads\collections\close_x_proposal_collection_pilot_20260720_latest30\screens\screen_0025.png,vision_platform\ads\collections\input_preclick_latest30_20260720\025_click_success_20260720_130847_331_pre_click.png,"[545,63,43,24]",545,63,43,24,close_template,template_match,0.785779,close_20.png,D:\Projects\adb_vl\vision_platform\ads\collections\close_x_proposal_collection_pilot_20260720_latest30\raw_proposal_crops\raw_s0025_0007.png,"{""brightness_ratio"":0.7715894287004684}"
raw_s0025_0008,screen_0025,D:\Projects\adb_vl\vision_platform\ads\collections\close_x_proposal_collection_pilot_20260720_latest30\screens\screen_0025.png,vision_platform\ads\collections\input_preclick_latest30_20260720\025_click_success_20260720_130847_331_pre_click.png,"[76,35,16,17]",76,35,16,17,geometry_x,x_geometry,0.925243,__geometry_close.png,D:\Projects\adb_vl\vision_platform\ads\collections\close_x_proposal_collection_pilot_20260720_latest30\raw_proposal_crops\raw_s0025_0008.png,"{""score"":0.9252431993402422,""method"":""axis"",""line_down"":[76,36,91,51],""line_up"":[76,51,91,35],""angle_down"":45.0,""angle_up"":135.0,""angle_delta"":0.0,""orth_delta"":0.0,""length_ratio"":1.0,""center_offset"":0.04411395639181137,""fill"":0.49264705882352944,""axis_union"":0.8805970149253731,""axis_balance"":0.9032258064516129,""continuity"":1.0,""max_gap_ratio"":0.0,""continuity_coverage"":1.0,""axis_span_down_px"":14.142135620117188,""axis_span_up_px"":14.142135620117188,""min_arm_pixels"":13,""min_arm_extent_px"":3.0261435508728027,""min_arm_coverage"":1.0,""center_pixels"":22,""center_thickness_ratio"":0.7888271030390098,""arm_down_neg_px"":13,""arm_down_pos_px"":34,""arm_up_neg_px"":13,""arm_up_pos_px"":34,""arm_down_neg_cov"":1.0,""arm_down_pos_cov"":1.0,""arm_up_neg_cov"":1.0,""arm_up_pos_cov"":1.0,""axis_core_union"":0.5373134328358209,""axis_core_balance"":0.9459459459459459,""fit_error"":0.0,""extra_error"":0.0,""missing_error"":0.0,""center_extra_error"":0.0,""stroke_width"":0.0,""gate"":""white_strict"",""mode"":""white""}"
raw_s0025_0009,screen_0025,D:\Projects\adb_vl\vision_platform\ads\collections\close_x_proposal_collection_pilot_20260720_latest30\screens\screen_0025.png,vision_platform\ads\collections\input_preclick_latest30_20260720\025_click_success_20260720_130847_331_pre_click.png,"[369,53,23,22]",369,53,23,22,geometry_x,x_geometry,0.87677,__geometry_close.png,D:\Projects\adb_vl\vision_platform\ads\collections\close_x_proposal_collection_pilot_20260720_latest30\raw_proposal_crops\raw_s0025_0009.png,"{""score"":0.8767702284514758,""method"":""axis"",""line_down"":[369,53,391,74],""line_up"":[370,74,391,53],""angle_down"":45.0,""angle_up"":135.0,""angle_delta"":0.0,""orth_delta"":0.0,""length_ratio"":0.9463602174041106,""center_offset"":0.04109146445989609,""fill"":0.32608695652173914,""axis_union"":0.7212121212121212,""axis_balance"":0.9508196721311475,""continuity"":1.0,""max_gap_ratio"":0.0,""continuity_coverage"":1.0,""axis_span_down_px"":17.465538024902344,""axis_span_up_px"":18.455486297607422,""min_arm_pixels"":14,""min_arm_extent_px"":6.025941371917725,""min_arm_coverage"":1.0,""center_pixels"":42,""center_thickness_ratio"":1.5870469770823465,""arm_down_neg_px"":21,""arm_down_pos_px"":19,""arm_up_neg_px"":14,""arm_up_pos_px"":31,""arm_down_neg_cov"":1.0,""arm_down_pos_cov"":1.0,""arm_up_neg_cov"":1.0,""arm_up_pos_cov"":1.0,""axis_core_union"":0.3878787878787879,""axis_core_balance"":0.8823529411764706,""fit_error"":0.0,""extra_error"":0.0,""missing_error"":0.0,""center_extra_error"":0.0,""stroke_width"":0.0,""gate"":""black_soft"",""mode"":""black""}"
raw_s0025_0010,screen_0025,D:\Projects\adb_vl\vision_platform\ads\collections\close_x_proposal_collection_pilot_20260720_latest30\screens\screen_0025.png,vision_platform\ads\collections\input_preclick_latest30_20260720\025_click_success_20260720_130847_331_pre_click.png,"[393,53,21,22]",393,53,21,22,geometry_x,x_geometry,0.863235,__geometry_close.png,D:\Projects\adb_vl\vision_platform\ads\collections\close_x_proposal_collection_pilot_20260720_latest30\raw_proposal_crops\raw_s0025_0010.png,"{""score"":0.863235300937665,""method"":""axis"",""line_down"":[393,53,413,73],""line_up"":[393,73,413,53],""angle_down"":45.0,""angle_up"":135.0,""angle_delta"":0.0,""orth_delta"":0.0,""length_ratio"":0.9687500500493834,""center_offset"":0.04973587393760681,""fill"":0.33766233766233766,""axis_union"":0.6987179487179487,""axis_balance"":0.9122807017543859,""continuity"":1.0,""max_gap_ratio"":0.0,""continuity_coverage"":1.0,""axis_span_down_px"":21.920310974121094,""axis_span_up_px"":22.627416610717773,""min_arm_pixels"":17,""min_arm_extent_px"":7.0344696044921875,""min_arm_coverage"":0.75,""center_pixels"":24,""center_thickness_ratio"":1.1346848121756665,""arm_down_neg_px"":17,""arm_down_pos_px"":31,""arm_up_neg_px"":20,""arm_up_pos_px"":21,""arm_down_neg_cov"":0.75,""arm_down_pos_cov"":1.0,""arm_up_neg_cov"":1.0,""arm_up_pos_cov"":1.0,""axis_core_union"":0.3525641025641026,""axis_core_balance"":0.9642857142857143,""fit_error"":0.0,""extra_error"":0.0,""missing_error"":0.0,""center_extra_error"":0.0,""stroke_width"":0.0,""gate"":""black_soft"",""mode"":""black""}"
raw_s0026_0001,screen_0026,D:\Projects\adb_vl\vision_platform\ads\collections\close_x_proposal_collection_pilot_20260720_latest30\screens\screen_0026.png,vision_platform\ads\collections\input_preclick_latest30_20260720\026_click_success_20260720_130835_707_pre_click.png,"[909,58,43,46]",909,58,43,46,close_template,template_match,0.831087,ad_issue_20260606_045316_roi_0.png,D:\Projects\adb_vl\vision_platform\ads\collections\close_x_proposal_collection_pilot_20260720_latest30\raw_proposal_crops\raw_s0026_0001.png,"{""brightness_ratio"":1.039827603950639}"
raw_s0026_0002,screen_0026,D:\Projects\adb_vl\vision_platform\ads\collections\close_x_proposal_collection_pilot_20260720_latest30\screens\screen_0026.png,vision_platform\ads\collections\input_preclick_latest30_20260720\026_click_success_20260720_130835_707_pre_click.png,"[417,171,43,46]",417,171,43,46,close_template,template_match,0.726352,ad_issue_20260606_045316_roi_0.png,D:\Projects\adb_vl\vision_platform\ads\collections\close_x_proposal_collection_pilot_20260720_latest30\raw_proposal_crops\raw_s0026_0002.png,"{""brightness_ratio"":1.3643737701032568}"
raw_s0026_0003,screen_0026,D:\Projects\adb_vl\vision_platform\ads\collections\close_x_proposal_collection_pilot_20260720_latest30\screens\screen_0026.png,vision_platform\ads\collections\input_preclick_latest30_20260720\026_click_success_20260720_130835_707_pre_click.png,"[456,197,43,46]",456,197,43,46,close_template,template_match,0.724663,ad_issue_20260606_045316_roi_0.png,D:\Projects\adb_vl\vision_platform\ads\collections\close_x_proposal_collection_pilot_20260720_latest30\raw_proposal_crops\raw_s0026_0003.png,"{""brightness_ratio"":1.327819133840833}"
raw_s0026_0004,screen_0026,D:\Projects\adb_vl\vision_platform\ads\collections\close_x_proposal_collection_pilot_20260720_latest30\screens\screen_0026.png,vision_platform\ads\collections\input_preclick_latest30_20260720\026_click_success_20260720_130835_707_pre_click.png,"[30,29,74,23]",30,29,74,23,close_template,template_match,0.966115,close_11.png,D:\Projects\adb_vl\vision_platform\ads\collections\close_x_proposal_collection_pilot_20260720_latest30\raw_proposal_crops\raw_s0026_0004.png,"{""brightness_ratio"":1.4684543066822549}"
raw_s0026_0005,screen_0026,D:\Projects\adb_vl\vision_platform\ads\collections\close_x_proposal_collection_pilot_20260720_latest30\screens\screen_0026.png,vision_platform\ads\collections\input_preclick_latest30_20260720\026_click_success_20260720_130835_707_pre_click.png,"[21,24,87,33]",21,24,87,33,close_template,template_match,0.850302,close_15.png,D:\Projects\adb_vl\vision_platform\ads\collections\close_x_proposal_collection_pilot_20260720_latest30\raw_proposal_crops\raw_s0026_0005.png,"{""brightness_ratio"":2.470688758308448}"
raw_s0026_0006,screen_0026,D:\Projects\adb_vl\vision_platform\ads\collections\close_x_proposal_collection_pilot_20260720_latest30\screens\screen_0026.png,vision_platform\ads\collections\input_preclick_latest30_20260720\026_click_success_20260720_130835_707_pre_click.png,"[318,204,43,24]",318,204,43,24,close_template,template_match,0.74857,close_20.png,D:\Projects\adb_vl\vision_platform\ads\collections\close_x_proposal_collection_pilot_20260720_latest30\raw_proposal_crops\raw_s0026_0006.png,"{""brightness_ratio"":0.8029873426802605}"
raw_s0026_0007,screen_0026,D:\Projects\adb_vl\vision_platform\ads\collections\close_x_proposal_collection_pilot_20260720_latest30\screens\screen_0026.png,vision_platform\ads\collections\input_preclick_latest30_20260720\026_click_success_20260720_130835_707_pre_click.png,"[626,175,43,24]",626,175,43,24,close_template,template_match,0.747743,close_20.png,D:\Projects\adb_vl\vision_platform\ads\collections\close_x_proposal_collection_pilot_20260720_latest30\raw_proposal_crops\raw_s0026_0007.png,"{""brightness_ratio"":0.763407742438299}"
raw_s0026_0008,screen_0026,D:\Projects\adb_vl\vision_platform\ads\collections\close_x_proposal_collection_pilot_20260720_latest30\screens\screen_0026.png,vision_platform\ads\collections\input_preclick_latest30_20260720\026_click_success_20260720_130835_707_pre_click.png,"[273,216,43,24]",273,216,43,24,close_template,template_match,0.728421,close_20.png,D:\Projects\adb_vl\vision_platform\ads\collections\close_x_proposal_collection_pilot_20260720_latest30\raw_proposal_crops\raw_s0026_0008.png,"{""brightness_ratio"":0.832493914279798}"
raw_s0026_0009,screen_0026,D:\Projects\adb_vl\vision_platform\ads\collections\close_x_proposal_collection_pilot_20260720_latest30\screens\screen_0026.png,vision_platform\ads\collections\input_preclick_latest30_20260720\026_click_success_20260720_130835_707_pre_click.png,"[76,35,16,17]",76,35,16,17,geometry_x,x_geometry,0.925243,__geometry_close.png,D:\Projects\adb_vl\vision_platform\ads\collections\close_x_proposal_collection_pilot_20260720_latest30\raw_proposal_crops\raw_s0026_0009.png,"{""score"":0.9252431993402422,""method"":""axis"",""line_down"":[76,36,91,51],""line_up"":[76,51,91,35],""angle_down"":45.0,""angle_up"":135.0,""angle_delta"":0.0,""orth_delta"":0.0,""length_ratio"":1.0,""center_offset"":0.04411395639181137,""fill"":0.49264705882352944,""axis_union"":0.8805970149253731,""axis_balance"":0.9032258064516129,""continuity"":1.0,""max_gap_ratio"":0.0,""continuity_coverage"":1.0,""axis_span_down_px"":14.142135620117188,""axis_span_up_px"":14.142135620117188,""min_arm_pixels"":13,""min_arm_extent_px"":3.0261435508728027,""min_arm_coverage"":1.0,""center_pixels"":22,""center_thickness_ratio"":0.7888271030390098,""arm_down_neg_px"":13,""arm_down_pos_px"":34,""arm_up_neg_px"":13,""arm_up_pos_px"":34,""arm_down_neg_cov"":1.0,""arm_down_pos_cov"":1.0,""arm_up_neg_cov"":1.0,""arm_up_pos_cov"":1.0,""axis_core_union"":0.5373134328358209,""axis_core_balance"":0.9459459459459459,""fit_error"":0.0,""extra_error"":0.0,""missing_error"":0.0,""center_extra_error"":0.0,""stroke_width"":0.0,""gate"":""white_strict"",""mode"":""white""}"
raw_s0026_0010,screen_0026,D:\Projects\adb_vl\vision_platform\ads\collections\close_x_proposal_collection_pilot_20260720_latest30\screens\screen_0026.png,vision_platform\ads\collections\input_preclick_latest30_20260720\026_click_success_20260720_130835_707_pre_click.png,"[598,141,17,16]",598,141,17,16,geometry_x,x_geometry,0.902475,__geometry_close.png,D:\Projects\adb_vl\vision_platform\ads\collections\close_x_proposal_collection_pilot_20260720_latest30\raw_proposal_crops\raw_s0026_0010.png,"{""score"":0.9024747337260766,""method"":""axis"",""line_down"":[599,141,614,156],""line_up"":[599,156,613,141],""angle_down"":45.0,""angle_up"":135.0,""angle_delta"":0.0,""orth_delta"":0.0,""length_ratio"":0.9527720448062786,""center_offset"":0.026582879945635796,""fill"":0.40441176470588236,""axis_union"":0.8363636363636363,""axis_balance"":0.8775510204081632,""continuity"":0.7346938775510204,""max_gap_ratio"":0.14285714285714285,""continuity_coverage"":0.8571428571428571,""axis_span_down_px"":17.218050003051758,""axis_span_up_px"":16.404876708984375,""min_arm_pixels"":17,""min_arm_extent_px"":5.571728229522705,""min_arm_coverage"":1.0,""center_pixels"":10,""center_thickness_ratio"":0.49444941180245117,""arm_down_neg_px"":23,""arm_down_pos_px"":20,""arm_up_neg_px"":21,""arm_up_pos_px"":17,""arm_down_neg_cov"":1.0,""arm_down_pos_cov"":1.0,""arm_up_neg_cov"":1.0,""arm_up_pos_cov"":1.0,""axis_core_union"":0.5,""axis_core_balance"":0.7741935483870968,""fit_error"":0.0,""extra_error"":0.0,""missing_error"":0.0,""center_extra_error"":0.0,""stroke_width"":0.0,""gate"":""white_strict"",""mode"":""white""}"
raw_s0026_0011,screen_0026,D:\Projects\adb_vl\vision_platform\ads\collections\close_x_proposal_collection_pilot_20260720_latest30\screens\screen_0026.png,vision_platform\ads\collections\input_preclick_latest30_20260720\026_click_success_20260720_130835_707_pre_click.png,"[905,28,28,30]",905,28,28,30,geometry_x,x_geometry,0.883393,__geometry_close.png,D:\Projects\adb_vl\vision_platform\ads\collections\close_x_proposal_collection_pilot_20260720_latest30\raw_proposal_crops\raw_s0026_0011.png,"{""score"":0.8833929313908292,""method"":""axis"",""line_down"":[905,29,932,56],""line_up"":[905,56,932,29],""angle_down"":45.0,""angle_up"":135.0,""angle_delta"":0.0,""orth_delta"":0.0,""length_ratio"":0.998611064697546,""center_offset"":0.08080912381410599,""fill"":0.35714285714285715,""axis_union"":0.7333333333333333,""axis_balance"":0.9819819819819819,""continuity"":1.0,""max_gap_ratio"":0.0,""continuity_coverage"":1.0,""axis_span_down_px"":25.45584487915039,""axis_span_up_px"":25.420488357543945,""min_arm_pixels"":31,""min_arm_extent_px"":4.0052809715271,""min_arm_coverage"":1.0,""center_pixels"":40,""center_thickness_ratio"":0.5687771894630473,""arm_down_neg_px"":67,""arm_down_pos_px"":31,""arm_up_neg_px"":31,""arm_up_pos_px"":61,""arm_down_neg_cov"":1.0,""arm_down_pos_cov"":1.0,""arm_up_neg_cov"":1.0,""arm_up_pos_cov"":1.0,""axis_core_union"":0.44666666666666666,""axis_core_balance"":0.9420289855072463,""fit_error"":0.0,""extra_error"":0.0,""missing_error"":0.0,""center_extra_error"":0.0,""stroke_width"":0.0,""gate"":""white_strict"",""mode"":""white""}"
raw_s0026_0012,screen_0026,D:\Projects\adb_vl\vision_platform\ads\collections\close_x_proposal_collection_pilot_20260720_latest30\screens\screen_0026.png,vision_platform\ads\collections\input_preclick_latest30_20260720\026_click_success_20260720_130835_707_pre_click.png,"[667,200,11,8]",667,200,11,8,geometry_x,x_geometry,0.867104,__geometry_close.png,D:\Projects\adb_vl\vision_platform\ads\collections\close_x_proposal_collection_pilot_20260720_latest30\raw_proposal_crops\raw_s0026_0012.png,"{""score"":0.8671035529953619,""method"":""axis"",""line_down"":[668,200,675,207],""line_up"":[669,207,675,200],""angle_down"":45.0,""angle_up"":135.0,""angle_delta"":0.0,""orth_delta"":0.0,""length_ratio"":0.7477064072610989,""center_offset"":0.05255691707134247,""fill"":0.4431818181818182,""axis_union"":0.8205128205128205,""axis_balance"":1.0,""continuity"":1.0,""max_gap_ratio"":0.0,""continuity_coverage"":1.0,""axis_span_down_px"":5.762920379638672,""axis_span_up_px"":7.707464218139648,""min_arm_pixels"":2,""min_arm_extent_px"":0.26776695251464844,""min_arm_coverage"":0.25,""center_pixels"":12,""center_thickness_ratio"":0.9911021450205169,""arm_down_neg_px"":8,""arm_down_pos_px"":2,""arm_up_neg_px"":9,""arm_up_pos_px"":5,""arm_down_neg_cov"":1.0,""arm_down_pos_cov"":0.25,""arm_up_neg_cov"":1.0,""arm_up_pos_cov"":0.75,""axis_core_union"":0.48717948717948717,""axis_core_balance"":0.9,""fit_error"":0.0,""extra_error"":0.0,""missing_error"":0.0,""center_extra_error"":0.0,""stroke_width"":0.0,""gate"":""white_soft"",""mode"":""white""}"
raw_s0026_0013,screen_0026,D:\Projects\adb_vl\vision_platform\ads\collections\close_x_proposal_collection_pilot_20260720_latest30\screens\screen_0026.png,vision_platform\ads\collections\input_preclick_latest30_20260720\026_click_success_20260720_130835_707_pre_click.png,"[456,140,16,17]",456,140,16,17,geometry_x,x_geometry,0.861791,__geometry_close.png,D:\Projects\adb_vl\vision_platform\ads\collections\close_x_proposal_collection_pilot_20260720_latest30\raw_proposal_crops\raw_s0026_0013.png,"{""score"":0.8617909976384113,""method"":""axis"",""line_down"":[456,141,471,156],""line_up"":[456,156,471,140],""angle_down"":45.0,""angle_up"":135.0,""angle_delta"":0.0,""orth_delta"":0.0,""length_ratio"":0.9833334494713212,""center_offset"":0.006677461788058281,""fill"":0.5220588235294118,""axis_union"":0.7253521126760564,""axis_balance"":0.7758620689655172,""continuity"":1.0,""max_gap_ratio"":0.0,""continuity_coverage"":1.0,""axis_span_down_px"":16.970561981201172,""axis_span_up_px"":16.687721252441406,""min_arm_pixels"":18,""min_arm_extent_px"":6.278834819793701,""min_arm_coverage"":1.0,""center_pixels"":14,""center_thickness_ratio"":0.630466510820448,""arm_down_neg_px"":24,""arm_down_pos_px"":24,""arm_up_neg_px"":22,""arm_up_pos_px"":18,""arm_down_neg_cov"":1.0,""arm_down_pos_cov"":1.0,""arm_up_neg_cov"":1.0,""arm_up_pos_cov"":1.0,""axis_core_union"":0.47183098591549294,""axis_core_balance"":0.717948717948718,""fit_error"":0.0,""extra_error"":0.0,""missing_error"":0.0,""center_extra_error"":0.0,""stroke_width"":0.0,""gate"":""white_soft"",""mode"":""white""}"
raw_s0026_0014,screen_0026,D:\Projects\adb_vl\vision_platform\ads\collections\close_x_proposal_collection_pilot_20260720_latest30\screens\screen_0026.png,vision_platform\ads\collections\input_preclick_latest30_20260720\026_click_success_20260720_130835_707_pre_click.png,"[563,141,16,16]",563,141,16,16,geometry_x,x_geometry,0.85915,__geometry_close.png,D:\Projects\adb_vl\vision_platform\ads\collections\close_x_proposal_collection_pilot_20260720_latest30\raw_proposal_crops\raw_s0026_0014.png,"{""score"":0.859150059277392,""method"":""axis"",""line_down"":[563,141,578,156],""line_up"":[563,156,578,141],""angle_down"":45.0,""angle_up"":135.0,""angle_delta"":0.0,""orth_delta"":0.0,""length_ratio"":0.9521740094155628,""center_offset"":0.005217012483626604,""fill"":0.51953125,""axis_union"":0.7443609022556391,""axis_balance"":0.7678571428571429,""continuity"":1.0,""max_gap_ratio"":0.0,""continuity_coverage"":1.0,""axis_span_down_px"":16.26345443725586,""axis_span_up_px"":15.485638618469238,""min_arm_pixels"":18,""min_arm_extent_px"":5.324240684509277,""min_arm_coverage"":1.0,""center_pixels"":21,""center_thickness_ratio"":0.9797965417057409,""arm_down_neg_px"":25,""arm_down_pos_px"":22,""arm_up_neg_px"":18,""arm_up_pos_px"":18,""arm_down_neg_cov"":1.0,""arm_down_pos_cov"":1.0,""arm_up_neg_cov"":1.0,""arm_up_pos_cov"":1.0,""axis_core_union"":0.38345864661654133,""axis_core_balance"":0.5454545454545454,""fit_error"":0.0,""extra_error"":0.0,""missing_error"":0.0,""center_extra_error"":0.0,""stroke_width"":0.0,""gate"":""white_strict"",""mode"":""white""}"
raw_s0026_0015,screen_0026,D:\Projects\adb_vl\vision_platform\ads\collections\close_x_proposal_collection_pilot_20260720_latest30\screens\screen_0026.png,vision_platform\ads\collections\input_preclick_latest30_20260720\026_click_success_20260720_130835_707_pre_click.png,"[327,44,12,10]",327,44,12,10,geometry_x,x_geometry,0.823304,__geometry_close.png,D:\Projects\adb_vl\vision_platform\ads\collections\close_x_proposal_collection_pilot_20260720_latest30\raw_proposal_crops\raw_s0026_0015.png,"{""score"":0.8233041382154394,""method"":""axis"",""line_down"":[328,44,337,53],""line_up"":[328,53,337,44],""angle_down"":45.0,""angle_up"":135.0,""angle_delta"":0.0,""orth_delta"":0.0,""length_ratio"":0.9285714457742243,""center_offset"":0.10517404973506927,""fill"":0.35833333333333334,""axis_union"":0.6976744186046512,""axis_balance"":0.875,""continuity"":0.7346938775510204,""max_gap_ratio"":0.14285714285714285,""continuity_coverage"":0.8571428571428571,""axis_span_down_px"":7.353910446166992,""axis_span_up_px"":7.919595718383789,""min_arm_pixels"":3,""min_arm_extent_px"":1.8648232221603394,""min_arm_coverage"":0.75,""center_pixels"":6,""center_thickness_ratio"":0.7164184853011915,""arm_down_neg_px"":3,""arm_down_pos_px"":8,""arm_up_neg_px"":10,""arm_up_pos_px"":3,""arm_down_neg_cov"":0.75,""arm_down_pos_cov"":1.0,""arm_up_neg_cov"":1.0,""arm_up_pos_cov"":0.75,""axis_core_union"":0.5348837209302325,""axis_core_balance"":0.9166666666666666,""fit_error"":0.0,""extra_error"":0.0,""missing_error"":0.0,""center_extra_error"":0.0,""stroke_width"":0.0,""gate"":""black_soft"",""mode"":""black""}"
raw_s0026_0016,screen_0026,D:\Projects\adb_vl\vision_platform\ads\collections\close_x_proposal_collection_pilot_20260720_latest30\screens\screen_0026.png,vision_platform\ads\collections\input_preclick_latest30_20260720\026_click_success_20260720_130835_707_pre_click.png,"[581,141,16,15]",581,141,16,15,geometry_x,x_geometry,0.816826,__geometry_close.png,D:\Projects\adb_vl\vision_platform\ads\collections\close_x_proposal_collection_pilot_20260720_latest30\raw_proposal_crops\raw_s0026_0016.png,"{""score"":0.8168261323520654,""method"":""axis"",""line_down"":[581,141,595,155],""line_up"":[582,155,595,141],""angle_down"":45.0,""angle_up"":135.0,""angle_delta"":0.0,""orth_delta"":0.0,""length_ratio"":0.93522269151855,""center_offset"":0.036270372569561005,""fill"":0.5125,""axis_union"":0.6504065040650406,""axis_balance"":0.7777777777777778,""continuity"":0.7346938775510204,""max_gap_ratio"":0.14285714285714285,""continuity_coverage"":0.8571428571428571,""axis_span_down_px"":17.465538024902344,""axis_span_up_px"":16.33416748046875,""min_arm_pixels"":16,""min_arm_extent_px"":5.873148441314697,""min_arm_coverage"":0.75,""center_pixels"":8,""center_thickness_ratio"":0.5019087329187966,""arm_down_neg_px"":24,""arm_down_pos_px"":17,""arm_up_neg_px"":17,""arm_up_pos_px"":16,""arm_down_neg_cov"":1.0,""arm_down_pos_cov"":1.0,""arm_up_neg_cov"":1.0,""arm_up_pos_cov"":0.75,""axis_core_union"":0.4878048780487805,""axis_core_balance"":0.7142857142857143,""fit_error"":0.0,""extra_error"":0.0,""missing_error"":0.0,""center_extra_error"":0.0,""stroke_width"":0.0,""gate"":""white_strict"",""mode"":""white""}"
raw_s0026_0017,screen_0026,D:\Projects\adb_vl\vision_platform\ads\collections\close_x_proposal_collection_pilot_20260720_latest30\screens\screen_0026.png,vision_platform\ads\collections\input_preclick_latest30_20260720\026_click_success_20260720_130835_707_pre_click.png,"[548,219,19,15]",548,219,19,15,geometry_x,x_geometry,0.808209,__geometry_close.png,D:\Projects\adb_vl\vision_platform\ads\collections\close_x_proposal_collection_pilot_20260720_latest30\raw_proposal_crops\raw_s0026_0017.png,"{""score"":0.8082089817039981,""method"":""axis"",""line_down"":[550,219,564,233],""line_up"":[550,233,564,219],""angle_down"":45.0,""angle_up"":135.0,""angle_delta"":0.0,""orth_delta"":0.0,""length_ratio"":0.9241706969975271,""center_offset"":0.038816872984170914,""fill"":0.543859649122807,""axis_union"":0.6,""axis_balance"":0.8235294117647058,""continuity"":1.0,""max_gap_ratio"":0.0,""continuity_coverage"":1.0,""axis_span_down_px"":13.788582801818848,""axis_span_up_px"":14.919952392578125,""min_arm_pixels"":10,""min_arm_extent_px"":3.963961124420166,""min_arm_coverage"":1.0,""center_pixels"":26,""center_thickness_ratio"":1.2524533194005205,""arm_down_neg_px"":24,""arm_down_pos_px"":10,""arm_up_neg_px"":22,""arm_up_pos_px"":15,""arm_down_neg_cov"":1.0,""arm_down_pos_cov"":1.0,""arm_up_neg_cov"":1.0,""arm_up_pos_cov"":1.0,""axis_core_union"":0.2838709677419355,""axis_core_balance"":0.8333333333333334,""fit_error"":0.0,""extra_error"":0.0,""missing_error"":0.0,""center_extra_error"":0.0,""stroke_width"":0.0,""gate"":""black_strict"",""mode"":""black""}"
raw_s0026_0018,screen_0026,D:\Projects\adb_vl\vision_platform\ads\collections\close_x_proposal_collection_pilot_20260720_latest30\screens\screen_0026.png,vision_platform\ads\collections\input_preclick_latest30_20260720\026_click_success_20260720_130835_707_pre_click.png,"[615,37,22,24]",615,37,22,24,geometry_x,x_geometry,0.791699,__geometry_close.png,D:\Projects\adb_vl\vision_platform\ads\collections\close_x_proposal_collection_pilot_20260720_latest30\raw_proposal_crops\raw_s0026_0018.png,"{""score"":0.7916993991780401,""method"":""axis"",""line_down"":[615,38,636,59],""line_up"":[615,59,636,38],""angle_down"":45.5,""angle_up"":134.5,""angle_delta"":0.5,""orth_delta"":0.0,""length_ratio"":0.7175560065930905,""center_offset"":0.03736135736107826,""fill"":0.5208333333333334,""axis_union"":0.850909090909091,""axis_balance"":0.7333333333333333,""continuity"":1.0,""max_gap_ratio"":0.0,""continuity_coverage"":1.0,""axis_span_down_px"":18.372970581054688,""axis_span_up_px"":25.604928970336914,""min_arm_pixels"":23,""min_arm_extent_px"":4.200128555297852,""min_arm_coverage"":1.0,""center_pixels"":58,""center_thickness_ratio"":1.1878855927561707,""arm_down_neg_px"":23,""arm_down_pos_px"":55,""arm_up_neg_px"":60,""arm_up_pos_px"":54,""arm_down_neg_cov"":1.0,""arm_down_pos_cov"":1.0,""arm_up_neg_cov"":1.0,""arm_up_pos_cov"":1.0,""axis_core_union"":0.5381818181818182,""axis_core_balance"":0.7209302325581395,""fit_error"":0.0,""extra_error"":0.0,""missing_error"":0.0,""center_extra_error"":0.0,""stroke_width"":0.0,""gate"":""white_strict"",""mode"":""white""}"
raw_s0026_0019,screen_0026,D:\Projects\adb_vl\vision_platform\ads\collections\close_x_proposal_collection_pilot_20260720_latest30\screens\screen_0026.png,vision_platform\ads\collections\input_preclick_latest30_20260720\026_click_success_20260720_130835_707_pre_click.png,"[252,190,27,19]",252,190,27,19,geometry_x,x_geometry,0.787324,__geometry_close.png,D:\Projects\adb_vl\vision_platform\ads\collections\close_x_proposal_collection_pilot_20260720_latest30\raw_proposal_crops\raw_s0026_0019.png,"{""score"":0.7873243629853581,""method"":""axis"",""line_down"":[256,190,274,208],""line_up"":[256,208,274,190],""angle_down"":45.0,""angle_up"":135.0,""angle_delta"":0.0,""orth_delta"":0.0,""length_ratio"":0.8518517889495582,""center_offset"":0.05483720451593399,""fill"":0.3216374269005848,""axis_union"":0.6,""axis_balance"":0.8333333333333334,""continuity"":1.0,""max_gap_ratio"":0.0,""continuity_coverage"":1.0,""axis_span_down_px"":16.26345443725586,""axis_span_up_px"":19.091882705688477,""min_arm_pixels"":12,""min_arm_extent_px"":2.616854190826416,""min_arm_coverage"":1.0,""center_pixels"":20,""center_thickness_ratio"":0.7061993945413664,""arm_down_neg_px"":24,""arm_down_pos_px"":12,""arm_up_neg_px"":32,""arm_up_pos_px"":16,""arm_down_neg_cov"":1.0,""arm_down_pos_cov"":1.0,""arm_up_neg_cov"":1.0,""arm_up_pos_cov"":1.0,""axis_core_union"":0.3878787878787879,""axis_core_balance"":0.7777777777777778,""fit_error"":0.0,""extra_error"":0.0,""missing_error"":0.0,""center_extra_error"":0.0,""stroke_width"":0.0,""gate"":""black_soft"",""mode"":""black""}"
raw_s0026_0020,screen_0026,D:\Projects\adb_vl\vision_platform\ads\collections\close_x_proposal_collection_pilot_20260720_latest30\screens\screen_0026.png,vision_platform\ads\collections\input_preclick_latest30_20260720\026_click_success_20260720_130835_707_pre_click.png,"[670,141,16,16]",670,141,16,16,geometry_x,x_geometry,0.748346,__geometry_close.png,D:\Projects\adb_vl\vision_platform\ads\collections\close_x_proposal_collection_pilot_20260720_latest30\raw_proposal_crops\raw_s0026_0020.png,"{""score"":0.748346003291337,""method"":""axis"",""line_down"":[670,141,685,156],""line_up"":[670,156,685,141],""angle_down"":45.0,""angle_up"":135.0,""angle_delta"":0.0,""orth_delta"":0.0,""length_ratio"":0.7678571385564439,""center_offset"":0.06907626986503601,""fill"":0.43359375,""axis_union"":0.6756756756756757,""axis_balance"":0.6666666666666666,""continuity"":1.0,""max_gap_ratio"":0.0,""continuity_coverage"":1.0,""axis_span_down_px"":15.839191436767578,""axis_span_up_px"":12.162236213684082,""min_arm_pixels"":4,""min_arm_extent_px"":1.5765743255615234,""min_arm_coverage"":0.75,""center_pixels"":22,""center_thickness_ratio"":1.3875728914934922,""arm_down_neg_px"":18,""arm_down_pos_px"":18,""arm_up_neg_px"":18,""arm_up_pos_px"":4,""arm_down_neg_cov"":1.0,""arm_down_pos_cov"":1.0,""arm_up_neg_cov"":1.0,""arm_up_pos_cov"":0.75,""axis_core_union"":0.32432432432432434,""axis_core_balance"":0.6363636363636364,""fit_error"":0.0,""extra_error"":0.0,""missing_error"":0.0,""center_extra_error"":0.0,""stroke_width"":0.0,""gate"":""white_strict"",""mode"":""white""}"
raw_s0027_0001,screen_0027,D:\Projects\adb_vl\vision_platform\ads\collections\close_x_proposal_collection_pilot_20260720_latest30\screens\screen_0027.png,vision_platform\ads\collections\input_preclick_latest30_20260720\027_click_success_20260720_130810_399_pre_click.png,"[913,222,10,10]",913,222,10,10,geometry_x,x_geometry,0.923745,__geometry_close.png,D:\Projects\adb_vl\vision_platform\ads\collections\close_x_proposal_collection_pilot_20260720_latest30\raw_proposal_crops\raw_s0027_0001.png,"{""score"":0.9237453018335701,""method"":""axis"",""line_down"":[913,222,922,231],""line_up"":[913,231,922,222],""angle_down"":45.0,""angle_up"":135.0,""angle_delta"":0.0,""orth_delta"":0.0,""length_ratio"":0.9379845123333834,""center_offset"":0.020454030483961105,""fill"":0.35,""axis_union"":0.9428571428571428,""axis_balance"":0.8333333333333334,""continuity"":1.0,""max_gap_ratio"":0.0,""continuity_coverage"":1.0,""axis_span_down_px"":8.555992126464844,""axis_span_up_px"":9.12167739868164,""min_arm_pixels"":4,""min_arm_extent_px"":1.935533881187439,""min_arm_coverage"":0.75,""center_pixels"":10,""center_thickness_ratio"":1.4582292954142129,""arm_down_neg_px"":6,""arm_down_pos_px"":4,""arm_up_neg_px"":6,""arm_up_pos_px"":7,""arm_down_neg_cov"":1.0,""arm_down_pos_cov"":0.75,""arm_up_neg_cov"":0.75,""arm_up_pos_cov"":1.0,""axis_core_union"":0.7428571428571429,""axis_core_balance"":0.8571428571428571,""fit_error"":0.0,""extra_error"":0.0,""missing_error"":0.0,""center_extra_error"":0.0,""stroke_width"":0.0,""gate"":""white_strict"",""mode"":""white""}"
raw_s0027_0002,screen_0027,D:\Projects\adb_vl\vision_platform\ads\collections\close_x_proposal_collection_pilot_20260720_latest30\screens\screen_0027.png,vision_platform\ads\collections\input_preclick_latest30_20260720\027_click_success_20260720_130810_399_pre_click.png,"[901,222,11,10]",901,222,11,10,geometry_x,x_geometry,0.864503,__geometry_close.png,D:\Projects\adb_vl\vision_platform\ads\collections\close_x_proposal_collection_pilot_20260720_latest30\raw_proposal_crops\raw_s0027_0002.png,"{""score"":0.8645031896993168,""method"":""axis"",""line_down"":[901,222,911,231],""line_up"":[902,231,911,222],""angle_down"":45.0,""angle_up"":135.0,""angle_delta"":0.0,""orth_delta"":0.0,""length_ratio"":0.9250000867020951,""center_offset"":0.02866792306303978,""fill"":0.5363636363636364,""axis_union"":0.6440677966101694,""axis_balance"":1.0,""continuity"":1.0,""max_gap_ratio"":0.0,""continuity_coverage"":1.0,""axis_span_down_px"":9.899494171142578,""axis_span_up_px"":9.15703296661377,""min_arm_pixels"":6,""min_arm_extent_px"":2.748706817626953,""min_arm_coverage"":0.75,""center_pixels"":6,""center_thickness_ratio"":0.6350078727347073,""arm_down_neg_px"":8,""arm_down_pos_px"":8,""arm_up_neg_px"":6,""arm_up_pos_px"":11,""arm_down_neg_cov"":0.75,""arm_down_pos_cov"":1.0,""arm_up_neg_cov"":1.0,""arm_up_pos_cov"":1.0,""axis_core_union"":0.3220338983050847,""axis_core_balance"":0.7272727272727273,""fit_error"":0.0,""extra_error"":0.0,""missing_error"":0.0,""center_extra_error"":0.0,""stroke_width"":0.0,""gate"":""white_strict"",""mode"":""white""}"
raw_s0027_0003,screen_0027,D:\Projects\adb_vl\vision_platform\ads\collections\close_x_proposal_collection_pilot_20260720_latest30\screens\screen_0027.png,vision_platform\ads\collections\input_preclick_latest30_20260720\027_click_success_20260720_130810_399_pre_click.png,"[762,235,10,8]",762,235,10,8,geometry_x,x_geometry,0.834565,__geometry_close.png,D:\Projects\adb_vl\vision_platform\ads\collections\close_x_proposal_collection_pilot_20260720_latest30\raw_proposal_crops\raw_s0027_0003.png,"{""score"":0.8345648801324235,""method"":""axis"",""line_down"":[763,235,770,242],""line_up"":[763,242,770,235],""angle_down"":45.0,""angle_up"":135.0,""angle_delta"":0.0,""orth_delta"":0.0,""length_ratio"":0.9921875543299251,""center_offset"":0.042924314737319946,""fill"":0.55,""axis_union"":0.5681818181818182,""axis_balance"":0.9230769230769231,""continuity"":0.5102040816326531,""max_gap_ratio"":0.2857142857142857,""continuity_coverage"":0.7142857142857143,""axis_span_down_px"":9.050966262817383,""axis_span_up_px"":8.980256080627441,""min_arm_pixels"":4,""min_arm_extent_px"":2.6012191772460938,""min_arm_coverage"":0.75,""center_pixels"":5,""center_thickness_ratio"":0.8265478136829364,""arm_down_neg_px"":4,""arm_down_pos_px"":5,""arm_up_neg_px"":5,""arm_up_pos_px"":6,""arm_down_neg_cov"":0.75,""arm_down_pos_cov"":1.0,""arm_up_neg_cov"":0.75,""arm_up_pos_cov"":0.75,""axis_core_union"":0.5681818181818182,""axis_core_balance"":0.9230769230769231,""fit_error"":0.0,""extra_error"":0.0,""missing_error"":0.0,""center_extra_error"":0.0,""stroke_width"":0.0,""gate"":""white_strict"",""mode"":""white""}"
raw_s0027_0004,screen_0027,D:\Projects\adb_vl\vision_platform\ads\collections\close_x_proposal_collection_pilot_20260720_latest30\screens\screen_0027.png,vision_platform\ads\collections\input_preclick_latest30_20260720\027_click_success_20260720_130810_399_pre_click.png,"[612,209,10,10]",612,209,10,10,geometry_x,x_geometry,0.808575,__geometry_close.png,D:\Projects\adb_vl\vision_platform\ads\collections\close_x_proposal_collection_pilot_20260720_latest30\raw_proposal_crops\raw_s0027_0004.png,"{""score"":0.8085745240467319,""method"":""axis"",""line_down"":[612,209,621,218],""line_up"":[612,218,621,209],""angle_down"":45.0,""angle_up"":135.0,""angle_delta"":0.0,""orth_delta"":0.0,""length_ratio"":0.8936169988898579,""center_offset"":0.11076953262090683,""fill"":0.39,""axis_union"":0.7948717948717948,""axis_balance"":0.7222222222222222,""continuity"":0.7346938775510204,""max_gap_ratio"":0.14285714285714285,""continuity_coverage"":0.8571428571428571,""axis_span_down_px"":9.970205307006836,""axis_span_up_px"":8.909544944763184,""min_arm_pixels"":3,""min_arm_extent_px"":1.8648232221603394,""min_arm_coverage"":0.75,""center_pixels"":4,""center_thickness_ratio"":0.5917115783270276,""arm_down_neg_px"":11,""arm_down_pos_px"":5,""arm_up_neg_px"":8,""arm_up_pos_px"":3,""arm_down_neg_cov"":1.0,""arm_down_pos_cov"":1.0,""arm_up_neg_cov"":1.0,""arm_up_pos_cov"":0.75,""axis_core_union"":0.5641025641025641,""axis_core_balance"":0.8333333333333334,""fit_error"":0.0,""extra_error"":0.0,""missing_error"":0.0,""center_extra_error"":0.0,""stroke_width"":0.0,""gate"":""white_strict"",""mode"":""white""}"
raw_s0027_0005,screen_0027,D:\Projects\adb_vl\vision_platform\ads\collections\close_x_proposal_collection_pilot_20260720_latest30\screens\screen_0027.png,vision_platform\ads\collections\input_preclick_latest30_20260720\027_click_success_20260720_130810_399_pre_click.png,"[892,209,10,10]",892,209,10,10,geometry_x,x_geometry,0.781528,__geometry_close.png,D:\Projects\adb_vl\vision_platform\ads\collections\close_x_proposal_collection_pilot_20260720_latest30\raw_proposal_crops\raw_s0027_0005.png,"{""score"":0.7815275488486366,""method"":""axis"",""line_down"":[892,209,901,218],""line_up"":[892,218,901,209],""angle_down"":45.0,""angle_up"":135.0,""angle_delta"":0.0,""orth_delta"":0.0,""length_ratio"":0.8333333333333334,""center_offset"":0.10114144533872604,""fill"":0.42,""axis_union"":0.7380952380952381,""axis_balance"":0.7222222222222222,""continuity"":0.7346938775510204,""max_gap_ratio"":0.14285714285714285,""continuity_coverage"":0.8571428571428571,""axis_span_down_px"":10.60660171508789,""axis_span_up_px"":8.838834762573242,""min_arm_pixels"":3,""min_arm_extent_px"":1.8648232221603394,""min_arm_coverage"":0.5,""center_pixels"":6,""center_thickness_ratio"":0.953417610462798,""arm_down_neg_px"":11,""arm_down_pos_px"":4,""arm_up_neg_px"":7,""arm_up_pos_px"":3,""arm_down_neg_cov"":1.0,""arm_down_pos_cov"":0.5,""arm_up_neg_cov"":1.0,""arm_up_pos_cov"":0.75,""axis_core_union"":0.5,""axis_core_balance"":0.75,""fit_error"":0.0,""extra_error"":0.0,""missing_error"":0.0,""center_extra_error"":0.0,""stroke_width"":0.0,""gate"":""white_strict"",""mode"":""white""}"
raw_s0027_0006,screen_0027,D:\Projects\adb_vl\vision_platform\ads\collections\close_x_proposal_collection_pilot_20260720_latest30\screens\screen_0027.png,vision_platform\ads\collections\input_preclick_latest30_20260720\027_click_success_20260720_130810_399_pre_click.png,"[586,223,12,9]",586,223,12,9,geometry_x,x_geometry,0.778523,__geometry_close.png,D:\Projects\adb_vl\vision_platform\ads\collections\close_x_proposal_collection_pilot_20260720_latest30\raw_proposal_crops\raw_s0027_0006.png,"{""score"":0.7785225675855832,""method"":""axis"",""line_down"":[588,223,596,231],""line_up"":[588,231,596,223],""angle_down"":45.0,""angle_up"":135.0,""angle_delta"":0.0,""orth_delta"":0.0,""length_ratio"":0.925233722019217,""center_offset"":0.076087586581707,""fill"":0.3611111111111111,""axis_union"":0.5897435897435898,""axis_balance"":0.7692307692307693,""continuity"":0.7346938775510204,""max_gap_ratio"":0.14285714285714285,""continuity_coverage"":0.8571428571428571,""axis_span_down_px"":7.566041946411133,""axis_span_up_px"":7.000357151031494,""min_arm_pixels"":1,""min_arm_extent_px"":0.9395184516906738,""min_arm_coverage"":0.25,""center_pixels"":9,""center_thickness_ratio"":1.3798736365056945,""arm_down_neg_px"":6,""arm_down_pos_px"":2,""arm_up_neg_px"":1,""arm_up_pos_px"":8,""arm_down_neg_cov"":0.75,""arm_down_pos_cov"":0.5,""arm_up_neg_cov"":0.25,""arm_up_pos_cov"":1.0,""axis_core_union"":0.358974358974359,""axis_core_balance"":1.0,""fit_error"":0.0,""extra_error"":0.0,""missing_error"":0.0,""center_extra_error"":0.0,""stroke_width"":0.0,""gate"":""white_soft"",""mode"":""white""}"
raw_s0027_0007,screen_0027,D:\Projects\adb_vl\vision_platform\ads\collections\close_x_proposal_collection_pilot_20260720_latest30\screens\screen_0027.png,vision_platform\ads\collections\input_preclick_latest30_20260720\027_click_success_20260720_130810_399_pre_click.png,"[473,209,10,10]",473,209,10,10,geometry_x,x_geometry,0.773351,__geometry_close.png,D:\Projects\adb_vl\vision_platform\ads\collections\close_x_proposal_collection_pilot_20260720_latest30\raw_proposal_crops\raw_s0027_0007.png,"{""score"":0.773351252953191,""method"":""axis"",""line_down"":[473,209,482,218],""line_up"":[473,218,482,209],""angle_down"":45.0,""angle_up"":135.0,""angle_delta"":0.0,""orth_delta"":0.0,""length_ratio"":0.8456375735652059,""center_offset"":0.09230506420135498,""fill"":0.41,""axis_union"":0.7560975609756098,""axis_balance"":0.631578947368421,""continuity"":0.7346938775510204,""max_gap_ratio"":0.14285714285714285,""continuity_coverage"":0.8571428571428571,""axis_span_down_px"":10.535890579223633,""axis_span_up_px"":8.909544944763184,""min_arm_pixels"":3,""min_arm_extent_px"":1.8648232221603394,""min_arm_coverage"":0.5,""center_pixels"":6,""center_thickness_ratio"":0.9673109129095152,""arm_down_neg_px"":11,""arm_down_pos_px"":5,""arm_up_neg_px"":6,""arm_up_pos_px"":3,""arm_down_neg_cov"":1.0,""arm_down_pos_cov"":0.5,""arm_up_neg_cov"":0.75,""arm_up_pos_cov"":0.75,""axis_core_union"":0.5365853658536586,""axis_core_balance"":0.6923076923076923,""fit_error"":0.0,""extra_error"":0.0,""missing_error"":0.0,""center_extra_error"":0.0,""stroke_width"":0.0,""gate"":""white_strict"",""mode"":""white""}"
raw_s0027_0008,screen_0027,D:\Projects\adb_vl\vision_platform\ads\collections\close_x_proposal_collection_pilot_20260720_latest30\screens\screen_0027.png,vision_platform\ads\collections\input_preclick_latest30_20260720\027_click_success_20260720_130810_399_pre_click.png,"[287,228,15,15]",287,228,15,15,geometry_x,x_geometry,0.751292,__geometry_close.png,D:\Projects\adb_vl\vision_platform\ads\collections\close_x_proposal_collection_pilot_20260720_latest30\raw_proposal_crops\raw_s0027_0008.png,"{""score"":0.7512916638721185,""method"":""axis"",""line_down"":[301,242,301,242],""line_up"":[287,242,301,228],""angle_down"":45.0,""angle_up"":135.0,""angle_delta"":0.0,""orth_delta"":0.0,""length_ratio"":0.7090396224983153,""center_offset"":0.023720409721136093,""fill"":0.52,""axis_union"":0.7863247863247863,""axis_balance"":0.5081967213114754,""continuity"":1.0,""max_gap_ratio"":0.0,""continuity_coverage"":1.0,""axis_span_down_px"":12.515789031982422,""axis_span_up_px"":8.874190330505371,""min_arm_pixels"":10,""min_arm_extent_px"":2.2315492630004883,""min_arm_coverage"":0.75,""center_pixels"":29,""center_thickness_ratio"":1.0978334121430648,""arm_down_neg_px"":28,""arm_down_pos_px"":14,""arm_up_neg_px"":10,""arm_up_pos_px"":15,""arm_down_neg_cov"":1.0,""arm_down_pos_cov"":1.0,""arm_up_neg_cov"":0.75,""arm_up_pos_cov"":1.0,""axis_core_union"":0.41025641025641024,""axis_core_balance"":0.5,""fit_error"":0.0,""extra_error"":0.0,""missing_error"":0.0,""center_extra_error"":0.0,""stroke_width"":0.0,""gate"":""black_soft"",""mode"":""black""}"
raw_s0027_0009,screen_0027,D:\Projects\adb_vl\vision_platform\ads\collections\close_x_proposal_collection_pilot_20260720_latest30\screens\screen_0027.png,vision_platform\ads\collections\input_preclick_latest30_20260720\027_click_success_20260720_130810_399_pre_click.png,"[907,164,8,10]",907,164,8,10,geometry_x,x_geometry,0.733895,__geometry_close.png,D:\Projects\adb_vl\vision_platform\ads\collections\close_x_proposal_collection_pilot_20260720_latest30\raw_proposal_crops\raw_s0027_0009.png,"{""score"":0.733894749180707,""method"":""axis"",""line_down"":[907,165,914,172],""line_up"":[907,172,914,165],""angle_down"":47.0,""angle_up"":133.0,""angle_delta"":2.0,""orth_delta"":0.0,""length_ratio"":0.9657125979456933,""center_offset"":0.029376542195677757,""fill"":0.55,""axis_union"":0.5681818181818182,""axis_balance"":0.9230769230769231,""continuity"":0.5102040816326531,""max_gap_ratio"":0.2857142857142857,""continuity_coverage"":0.7142857142857143,""axis_span_down_px"":7.418079376220703,""axis_span_up_px"":7.681456565856934,""min_arm_pixels"":3,""min_arm_extent_px"":1.3464462757110596,""min_arm_coverage"":0.5,""center_pixels"":6,""center_thickness_ratio"":0.7727396804753224,""arm_down_neg_px"":3,""arm_down_pos_px"":6,""arm_up_neg_px"":6,""arm_up_pos_px"":4,""arm_down_neg_cov"":0.5,""arm_down_pos_cov"":1.0,""arm_up_neg_cov"":1.0,""arm_up_pos_cov"":0.75,""axis_core_union"":0.3409090909090909,""axis_core_balance"":0.875,""fit_error"":0.0,""extra_error"":0.0,""missing_error"":0.0,""center_extra_error"":0.0,""stroke_width"":0.0,""gate"":""white_strict"",""mode"":""white""}"
raw_s0028_0001,screen_0028,D:\Projects\adb_vl\vision_platform\ads\collections\close_x_proposal_collection_pilot_20260720_latest30\screens\screen_0028.png,vision_platform\ads\collections\input_preclick_latest30_20260720\028_click_success_20260720_120552_021_pre_click.png,"[512,147,28,27]",512,147,28,27,geometry_x,x_geometry,0.901446,__geometry_close.png,D:\Projects\adb_vl\vision_platform\ads\collections\close_x_proposal_collection_pilot_20260720_latest30\raw_proposal_crops\raw_s0028_0001.png,"{""score"":0.9014463539151262,""method"":""axis"",""line_down"":[512,147,538,173],""line_up"":[513,173,538,147],""angle_down"":45.0,""angle_up"":135.0,""angle_delta"":0.0,""orth_delta"":0.0,""length_ratio"":0.993464045373835,""center_offset"":0.02079656347632408,""fill"":0.533068783068783,""axis_union"":0.771712158808933,""axis_balance"":0.9079754601226994,""continuity"":1.0,""max_gap_ratio"":0.0,""continuity_coverage"":1.0,""axis_span_down_px"":27.04683494567871,""axis_span_up_px"":26.870058059692383,""min_arm_pixels"":61,""min_arm_extent_px"":9.468582153320312,""min_arm_coverage"":1.0,""center_pixels"":48,""center_thickness_ratio"":0.689878481116234,""arm_down_neg_px"":61,""arm_down_pos_px"":77,""arm_up_neg_px"":61,""arm_up_pos_px"":74,""arm_down_neg_cov"":1.0,""arm_down_pos_cov"":1.0,""arm_up_neg_cov"":1.0,""arm_up_pos_cov"":1.0,""axis_core_union"":0.4317617866004963,""axis_core_balance"":0.8913043478260869,""fit_error"":0.0,""extra_error"":0.0,""missing_error"":0.0,""center_extra_error"":0.0,""stroke_width"":0.0,""gate"":""white_strict"",""mode"":""white""}"
raw_s0028_0002,screen_0028,D:\Projects\adb_vl\vision_platform\ads\collections\close_x_proposal_collection_pilot_20260720_latest30\screens\screen_0028.png,vision_platform\ads\collections\input_preclick_latest30_20260720\028_click_success_20260720_120552_021_pre_click.png,"[677,132,23,22]",677,132,23,22,geometry_x,x_geometry,0.884426,__geometry_close.png,D:\Projects\adb_vl\vision_platform\ads\collections\close_x_proposal_collection_pilot_20260720_latest30\raw_proposal_crops\raw_s0028_0002.png,"{""score"":0.8844258913190504,""method"":""axis"",""line_down"":[677,132,699,153],""line_up"":[678,153,699,132],""angle_down"":45.0,""angle_up"":135.0,""angle_delta"":0.0,""orth_delta"":0.0,""length_ratio"":0.9200000215791865,""center_offset"":0.014859193004667759,""fill"":0.5355731225296443,""axis_union"":0.7970479704797048,""axis_balance"":0.8620689655172413,""continuity"":1.0,""max_gap_ratio"":0.0,""continuity_coverage"":1.0,""axis_span_down_px"":17.677669525146484,""axis_span_up_px"":16.263456344604492,""min_arm_pixels"":35,""min_arm_extent_px"":4.8238606452941895,""min_arm_coverage"":1.0,""center_pixels"":60,""center_thickness_ratio"":1.0805663860057635,""arm_down_neg_px"":43,""arm_down_pos_px"":43,""arm_up_neg_px"":35,""arm_up_pos_px"":45,""arm_down_neg_cov"":1.0,""arm_down_pos_cov"":1.0,""arm_up_neg_cov"":1.0,""arm_up_pos_cov"":1.0,""axis_core_union"":0.34317343173431736,""axis_core_balance"":0.86,""fit_error"":0.0,""extra_error"":0.0,""missing_error"":0.0,""center_extra_error"":0.0,""stroke_width"":0.0,""gate"":""black_soft"",""mode"":""black""}"
raw_s0028_0003,screen_0028,D:\Projects\adb_vl\vision_platform\ads\collections\close_x_proposal_collection_pilot_20260720_latest30\screens\screen_0028.png,vision_platform\ads\collections\input_preclick_latest30_20260720\028_click_success_20260720_120552_021_pre_click.png,"[863,106,14,14]",863,106,14,14,geometry_x,x_geometry,0.855596,__geometry_close.png,D:\Projects\adb_vl\vision_platform\ads\collections\close_x_proposal_collection_pilot_20260720_latest30\raw_proposal_crops\raw_s0028_0003.png,"{""score"":0.8555960855096536,""method"":""axis"",""line_down"":[863,106,876,119],""line_up"":[863,119,876,106],""angle_down"":45.0,""angle_up"":135.0,""angle_delta"":0.0,""orth_delta"":0.0,""length_ratio"":0.9084745307075486,""center_offset"":0.07325443625450134,""fill"":0.3826530612244898,""axis_union"":0.8933333333333333,""axis_balance"":0.717948717948718,""continuity"":1.0,""max_gap_ratio"":0.0,""continuity_coverage"":1.0,""axis_span_down_px"":9.47523021697998,""axis_span_up_px"":10.429824829101562,""min_arm_pixels"":0,""min_arm_extent_px"":0.0,""min_arm_coverage"":0.0,""center_pixels"":16,""center_thickness_ratio"":0.8496981250996491,""arm_down_neg_px"":0,""arm_down_pos_px"":21,""arm_up_neg_px"":11,""arm_up_pos_px"":19,""arm_down_neg_cov"":0.0,""arm_down_pos_cov"":1.0,""arm_up_neg_cov"":1.0,""arm_up_pos_cov"":1.0,""axis_core_union"":0.48,""axis_core_balance"":1.0,""fit_error"":0.0,""extra_error"":0.0,""missing_error"":0.0,""center_extra_error"":0.0,""stroke_width"":0.0,""gate"":""black_soft"",""mode"":""black""}"
raw_s0028_0004,screen_0028,D:\Projects\adb_vl\vision_platform\ads\collections\close_x_proposal_collection_pilot_20260720_latest30\screens\screen_0028.png,vision_platform\ads\collections\input_preclick_latest30_20260720\028_click_success_20260720_120552_021_pre_click.png,"[332,117,8,10]",332,117,8,10,geometry_x,x_geometry,0.818824,__geometry_close.png,D:\Projects\adb_vl\vision_platform\ads\collections\close_x_proposal_collection_pilot_20260720_latest30\raw_proposal_crops\raw_s0028_0004.png,"{""score"":0.8188239171193021,""method"":""axis"",""line_down"":[332,118,339,125],""line_up"":[332,125,339,118],""angle_down"":45.0,""angle_up"":135.0,""angle_delta"":0.0,""orth_delta"":0.0,""length_ratio"":0.9148935697038558,""center_offset"":0.05794340372085571,""fill"":0.55,""axis_union"":0.6363636363636364,""axis_balance"":0.8666666666666667,""continuity"":1.0,""max_gap_ratio"":0.0,""continuity_coverage"":1.0,""axis_span_down_px"":6.646803855895996,""axis_span_up_px"":6.081118106842041,""min_arm_pixels"":1,""min_arm_extent_px"":0.6213202476501465,""min_arm_coverage"":0.25,""center_pixels"":12,""center_thickness_ratio"":1.6989218571182132,""arm_down_neg_px"":1,""arm_down_pos_px"":8,""arm_up_neg_px"":2,""arm_up_pos_px"":5,""arm_down_neg_cov"":0.25,""arm_down_pos_cov"":1.0,""arm_up_neg_cov"":0.5,""arm_up_pos_cov"":0.75,""axis_core_union"":0.6363636363636364,""axis_core_balance"":0.8666666666666667,""fit_error"":0.0,""extra_error"":0.0,""missing_error"":0.0,""center_extra_error"":0.0,""stroke_width"":0.0,""gate"":""black_strict"",""mode"":""black""}"
raw_s0028_0005,screen_0028,D:\Projects\adb_vl\vision_platform\ads\collections\close_x_proposal_collection_pilot_20260720_latest30\screens\screen_0028.png,vision_platform\ads\collections\input_preclick_latest30_20260720\028_click_success_20260720_120552_021_pre_click.png,"[593,105,27,27]",593,105,27,27,geometry_x,x_geometry,0.805994,__geometry_close.png,D:\Projects\adb_vl\vision_platform\ads\collections\close_x_proposal_collection_pilot_20260720_latest30\raw_proposal_crops\raw_s0028_0005.png,"{""score"":0.8059937776696185,""method"":""axis"",""line_down"":[593,105,619,131],""line_up"":[593,131,619,105],""angle_down"":45.0,""angle_up"":135.0,""angle_delta"":0.0,""orth_delta"":0.0,""length_ratio"":0.70937502792229,""center_offset"":0.03316265344619751,""fill"":0.40329218106995884,""axis_union"":0.717687074829932,""axis_balance"":0.8672566371681416,""continuity"":1.0,""max_gap_ratio"":0.0,""continuity_coverage"":1.0,""axis_span_down_px"":16.05132293701172,""axis_span_up_px"":22.62741470336914,""min_arm_pixels"":17,""min_arm_extent_px"":3.599595546722412,""min_arm_coverage"":1.0,""center_pixels"":83,""center_thickness_ratio"":1.5801350550525877,""arm_down_neg_px"":17,""arm_down_pos_px"":35,""arm_up_neg_px"":56,""arm_up_pos_px"":28,""arm_down_neg_cov"":1.0,""arm_down_pos_cov"":1.0,""arm_up_neg_cov"":1.0,""arm_up_pos_cov"":1.0,""axis_core_union"":0.46258503401360546,""axis_core_balance"":0.9710144927536232,""fit_error"":0.0,""extra_error"":0.0,""missing_error"":0.0,""center_extra_error"":0.0,""stroke_width"":0.0,""gate"":""black_strict"",""mode"":""black""}"
raw_s0028_0006,screen_0028,D:\Projects\adb_vl\vision_platform\ads\collections\close_x_proposal_collection_pilot_20260720_latest30\screens\screen_0028.png,vision_platform\ads\collections\input_preclick_latest30_20260720\028_click_success_20260720_120552_021_pre_click.png,"[867,131,9,9]",867,131,9,9,geometry_x,x_geometry,0.804688,__geometry_close.png,D:\Projects\adb_vl\vision_platform\ads\collections\close_x_proposal_collection_pilot_20260720_latest30\raw_proposal_crops\raw_s0028_0006.png,"{""score"":0.8046879873877786,""method"":""axis"",""line_down"":[867,131,875,139],""line_up"":[867,139,875,131],""angle_down"":45.0,""angle_up"":135.0,""angle_delta"":0.0,""orth_delta"":0.0,""length_ratio"":0.8368421755001261,""center_offset"":0.04863094910979271,""fill"":0.49382716049382713,""axis_union"":0.875,""axis_balance"":0.5416666666666666,""continuity"":1.0,""max_gap_ratio"":0.0,""continuity_coverage"":1.0,""axis_span_down_px"":6.7175140380859375,""axis_span_up_px"":5.621499061584473,""min_arm_pixels"":2,""min_arm_extent_px"":0.6213202476501465,""min_arm_coverage"":0.25,""center_pixels"":13,""center_thickness_ratio"":1.101078242494115,""arm_down_neg_px"":11,""arm_down_pos_px"":2,""arm_up_neg_px"":4,""arm_up_pos_px"":5,""arm_down_neg_cov"":1.0,""arm_down_pos_cov"":0.25,""arm_up_neg_cov"":0.5,""arm_up_pos_cov"":0.75,""axis_core_union"":0.65,""axis_core_balance"":0.5294117647058824,""fit_error"":0.0,""extra_error"":0.0,""missing_error"":0.0,""center_extra_error"":0.0,""stroke_width"":0.0,""gate"":""black_strict"",""mode"":""black""}"
raw_s0028_0007,screen_0028,D:\Projects\adb_vl\vision_platform\ads\collections\close_x_proposal_collection_pilot_20260720_latest30\screens\screen_0028.png,vision_platform\ads\collections\input_preclick_latest30_20260720\028_click_success_20260720_120552_021_pre_click.png,"[924,17,16,12]",924,17,16,12,geometry_x,x_geometry,0.775111,__geometry_close.png,D:\Projects\adb_vl\vision_platform\ads\collections\close_x_proposal_collection_pilot_20260720_latest30\raw_proposal_crops\raw_s0028_0007.png,"{""score"":0.7751105260680419,""method"":""axis"",""line_down"":[926,17,937,28],""line_up"":[926,28,937,17],""angle_down"":45.0,""angle_up"":135.0,""angle_delta"":0.0,""orth_delta"":0.0,""length_ratio"":0.857692274174342,""center_offset"":0.11298602819442749,""fill"":0.25,""axis_union"":0.5625,""axis_balance"":0.9285714285714286,""continuity"":0.5102040816326531,""max_gap_ratio"":0.2857142857142857,""continuity_coverage"":0.7142857142857143,""axis_span_down_px"":9.192388534545898,""axis_span_up_px"":7.884240627288818,""min_arm_pixels"":0,""min_arm_extent_px"":0.0,""min_arm_coverage"":0.0,""center_pixels"":12,""center_thickness_ratio"":1.548703246646457,""arm_down_neg_px"":7,""arm_down_pos_px"":2,""arm_up_neg_px"":0,""arm_up_pos_px"":9,""arm_down_neg_cov"":0.75,""arm_down_pos_cov"":0.25,""arm_up_neg_cov"":0.0,""arm_up_pos_cov"":0.75,""axis_core_union"":0.4166666666666667,""axis_core_balance"":0.8181818181818182,""fit_error"":0.0,""extra_error"":0.0,""missing_error"":0.0,""center_extra_error"":0.0,""stroke_width"":0.0,""gate"":""black_strict"",""mode"":""black""}"
raw_s0029_0001,screen_0029,D:\Projects\adb_vl\vision_platform\ads\collections\close_x_proposal_collection_pilot_20260720_latest30\screens\screen_0029.png,vision_platform\ads\collections\input_preclick_latest30_20260720\029_click_success_20260720_120545_838_pre_click.png,"[908,58,43,46]",908,58,43,46,close_template,template_match,0.815508,ad_issue_20260606_045316_roi_0.png,D:\Projects\adb_vl\vision_platform\ads\collections\close_x_proposal_collection_pilot_20260720_latest30\raw_proposal_crops\raw_s0029_0001.png,"{""brightness_ratio"":1.262646691012515}"
raw_s0029_0002,screen_0029,D:\Projects\adb_vl\vision_platform\ads\collections\close_x_proposal_collection_pilot_20260720_latest30\screens\screen_0029.png,vision_platform\ads\collections\input_preclick_latest30_20260720\029_click_success_20260720_120545_838_pre_click.png,"[21,24,87,33]",21,24,87,33,close_template,template_match,0.99978,close_15.png,D:\Projects\adb_vl\vision_platform\ads\collections\close_x_proposal_collection_pilot_20260720_latest30\raw_proposal_crops\raw_s0029_0002.png,"{""brightness_ratio"":1.0042886041807149}"
raw_s0029_0003,screen_0029,D:\Projects\adb_vl\vision_platform\ads\collections\close_x_proposal_collection_pilot_20260720_latest30\screens\screen_0029.png,vision_platform\ads\collections\input_preclick_latest30_20260720\029_click_success_20260720_120545_838_pre_click.png,"[873,75,43,24]",873,75,43,24,close_template,template_match,0.80934,close_20.png,D:\Projects\adb_vl\vision_platform\ads\collections\close_x_proposal_collection_pilot_20260720_latest30\raw_proposal_crops\raw_s0029_0003.png,"{""brightness_ratio"":0.8105478207985705}"
raw_s0029_0004,screen_0029,D:\Projects\adb_vl\vision_platform\ads\collections\close_x_proposal_collection_pilot_20260720_latest30\screens\screen_0029.png,vision_platform\ads\collections\input_preclick_latest30_20260720\029_click_success_20260720_120545_838_pre_click.png,"[701,171,38,25]",701,171,38,25,close_template,template_match,0.784824,close_4.png,D:\Projects\adb_vl\vision_platform\ads\collections\close_x_proposal_collection_pilot_20260720_latest30\raw_proposal_crops\raw_s0029_0004.png,"{""brightness_ratio"":1.1054489599669564}"
raw_s0029_0005,screen_0029,D:\Projects\adb_vl\vision_platform\ads\collections\close_x_proposal_collection_pilot_20260720_latest30\screens\screen_0029.png,vision_platform\ads\collections\input_preclick_latest30_20260720\029_click_success_20260720_120545_838_pre_click.png,"[610,145,38,25]",610,145,38,25,close_template,template_match,0.764365,close_4.png,D:\Projects\adb_vl\vision_platform\ads\collections\close_x_proposal_collection_pilot_20260720_latest30\raw_proposal_crops\raw_s0029_0005.png,"{""brightness_ratio"":1.1094546307231936}"
raw_s0029_0006,screen_0029,D:\Projects\adb_vl\vision_platform\ads\collections\close_x_proposal_collection_pilot_20260720_latest30\screens\screen_0029.png,vision_platform\ads\collections\input_preclick_latest30_20260720\029_click_success_20260720_120545_838_pre_click.png,"[600,108,38,25]",600,108,38,25,close_template,template_match,0.754332,close_4.png,D:\Projects\adb_vl\vision_platform\ads\collections\close_x_proposal_collection_pilot_20260720_latest30\raw_proposal_crops\raw_s0029_0006.png,"{""brightness_ratio"":0.9545048737095051}"
raw_s0029_0007,screen_0029,D:\Projects\adb_vl\vision_platform\ads\collections\close_x_proposal_collection_pilot_20260720_latest30\screens\screen_0029.png,vision_platform\ads\collections\input_preclick_latest30_20260720\029_click_success_20260720_120545_838_pre_click.png,"[76,35,16,17]",76,35,16,17,geometry_x,x_geometry,0.934634,__geometry_close.png,D:\Projects\adb_vl\vision_platform\ads\collections\close_x_proposal_collection_pilot_20260720_latest30\raw_proposal_crops\raw_s0029_0007.png,"{""score"":0.9346339899391839,""method"":""axis"",""line_down"":[76,36,91,51],""line_up"":[76,51,91,35],""angle_down"":45.0,""angle_up"":135.0,""angle_delta"":0.0,""orth_delta"":0.0,""length_ratio"":1.0,""center_offset"":0.03140744939446449,""fill"":0.40441176470588236,""axis_union"":0.8545454545454545,""axis_balance"":0.9583333333333334,""continuity"":1.0,""max_gap_ratio"":0.0,""continuity_coverage"":1.0,""axis_span_down_px"":14.142135620117188,""axis_span_up_px"":14.142135620117188,""min_arm_pixels"":11,""min_arm_extent_px"":2.7433009147644043,""min_arm_coverage"":1.0,""center_pixels"":14,""center_thickness_ratio"":0.606092694732878,""arm_down_neg_px"":11,""arm_down_pos_px"":27,""arm_up_neg_px"":13,""arm_up_pos_px"":27,""arm_down_neg_cov"":1.0,""arm_down_pos_cov"":1.0,""arm_up_neg_cov"":1.0,""arm_up_pos_cov"":1.0,""axis_core_union"":0.509090909090909,""axis_core_balance"":1.0,""fit_error"":0.0,""extra_error"":0.0,""missing_error"":0.0,""center_extra_error"":0.0,""stroke_width"":0.0,""gate"":""white_strict"",""mode"":""white""}"
raw_s0029_0008,screen_0029,D:\Projects\adb_vl\vision_platform\ads\collections\close_x_proposal_collection_pilot_20260720_latest30\screens\screen_0029.png,vision_platform\ads\collections\input_preclick_latest30_20260720\029_click_success_20260720_120545_838_pre_click.png,"[22,105,32,32]",22,105,32,32,geometry_x,x_geometry,0.897052,__geometry_close.png,D:\Projects\adb_vl\vision_platform\ads\collections\close_x_proposal_collection_pilot_20260720_latest30\raw_proposal_crops\raw_s0029_0008.png,"{""score"":0.8970520496104554,""method"":""axis"",""line_down"":[22,105,53,136],""line_up"":[22,136,53,105],""angle_down"":45.0,""angle_up"":135.0,""angle_delta"":0.0,""orth_delta"":0.0,""length_ratio"":0.9574468744497594,""center_offset"":0.001583539298735559,""fill"":0.5400390625,""axis_union"":0.7432188065099458,""axis_balance"":0.9295774647887324,""continuity"":1.0,""max_gap_ratio"":0.0,""continuity_coverage"":1.0,""axis_span_down_px"":31.819805145263672,""axis_span_up_px"":33.23401641845703,""min_arm_pixels"":73,""min_arm_extent_px"":10.577770233154297,""min_arm_coverage"":1.0,""center_pixels"":81,""center_thickness_ratio"":0.9927371727001835,""arm_down_neg_px"":97,""arm_down_pos_px"":73,""arm_up_neg_px"":92,""arm_up_pos_px"":73,""arm_down_neg_cov"":1.0,""arm_down_pos_cov"":1.0,""arm_up_neg_cov"":1.0,""arm_up_pos_cov"":1.0,""axis_core_union"":0.3779385171790235,""axis_core_balance"":0.8495575221238938,""fit_error"":0.0,""extra_error"":0.0,""missing_error"":0.0,""center_extra_error"":0.0,""stroke_width"":0.0,""gate"":""white_strict"",""mode"":""white""}"
raw_s0029_0009,screen_0029,D:\Projects\adb_vl\vision_platform\ads\collections\close_x_proposal_collection_pilot_20260720_latest30\screens\screen_0029.png,vision_platform\ads\collections\input_preclick_latest30_20260720\029_click_success_20260720_120545_838_pre_click.png,"[136,203,19,21]",136,203,19,21,geometry_x,x_geometry,0.896595,__geometry_close.png,D:\Projects\adb_vl\vision_platform\ads\collections\close_x_proposal_collection_pilot_20260720_latest30\raw_proposal_crops\raw_s0029_0009.png,"{""score"":0.8965952965787674,""method"":""axis"",""line_down"":[136,204,154,222],""line_up"":[136,222,154,204],""angle_down"":45.0,""angle_up"":135.0,""angle_delta"":0.0,""orth_delta"":0.0,""length_ratio"":0.8732142862303696,""center_offset"":0.021229909732937813,""fill"":0.41854636591478694,""axis_union"":0.8023952095808383,""axis_balance"":0.9705882352941176,""continuity"":1.0,""max_gap_ratio"":0.0,""continuity_coverage"":1.0,""axis_span_down_px"":17.288761138916016,""axis_span_up_px"":19.79899024963379,""min_arm_pixels"":22,""min_arm_extent_px"":5.445281028747559,""min_arm_coverage"":1.0,""center_pixels"":22,""center_thickness_ratio"":0.7217304749099224,""arm_down_neg_px"":22,""arm_down_pos_px"":29,""arm_up_neg_px"":34,""arm_up_pos_px"":28,""arm_down_neg_cov"":1.0,""arm_down_pos_cov"":1.0,""arm_up_neg_cov"":1.0,""arm_up_pos_cov"":1.0,""axis_core_union"":0.5089820359281437,""axis_core_balance"":0.9767441860465116,""fit_error"":0.0,""extra_error"":0.0,""missing_error"":0.0,""center_extra_error"":0.0,""stroke_width"":0.0,""gate"":""white_strict"",""mode"":""white""}"
raw_s0029_0010,screen_0029,D:\Projects\adb_vl\vision_platform\ads\collections\close_x_proposal_collection_pilot_20260720_latest30\screens\screen_0029.png,vision_platform\ads\collections\input_preclick_latest30_20260720\029_click_success_20260720_120545_838_pre_click.png,"[27,216,20,19]",27,216,20,19,geometry_x,x_geometry,0.862266,__geometry_close.png,D:\Projects\adb_vl\vision_platform\ads\collections\close_x_proposal_collection_pilot_20260720_latest30\raw_proposal_crops\raw_s0029_0010.png,"{""score"":0.862266252536741,""method"":""axis"",""line_down"":[27,216,45,234],""line_up"":[28,234,45,216],""angle_down"":45.0,""angle_up"":135.0,""angle_delta"":0.0,""orth_delta"":0.0,""length_ratio"":0.7333333603073164,""center_offset"":0.01569896750152111,""fill"":0.5052631578947369,""axis_union"":0.7760416666666666,""axis_balance"":0.9866666666666667,""continuity"":1.0,""max_gap_ratio"":0.0,""continuity_coverage"":1.0,""axis_span_down_px"":15.556349754333496,""axis_span_up_px"":21.21320343017578,""min_arm_pixels"":29,""min_arm_extent_px"":5.091728210449219,""min_arm_coverage"":1.0,""center_pixels"":29,""center_thickness_ratio"":0.8395541816175297,""arm_down_neg_px"":29,""arm_down_pos_px"":31,""arm_up_neg_px"":36,""arm_up_pos_px"":30,""arm_down_neg_cov"":1.0,""arm_down_pos_cov"":1.0,""arm_up_neg_cov"":1.0,""arm_up_pos_cov"":1.0,""axis_core_union"":0.40625,""axis_core_balance"":0.95,""fit_error"":0.0,""extra_error"":0.0,""missing_error"":0.0,""center_extra_error"":0.0,""stroke_width"":0.0,""gate"":""white_strict"",""mode"":""white""}"
raw_s0029_0011,screen_0029,D:\Projects\adb_vl\vision_platform\ads\collections\close_x_proposal_collection_pilot_20260720_latest30\screens\screen_0029.png,vision_platform\ads\collections\input_preclick_latest30_20260720\029_click_success_20260720_120545_838_pre_click.png,"[193,128,42,43]",193,128,42,43,geometry_x,x_geometry,0.860433,__geometry_close.png,D:\Projects\adb_vl\vision_platform\ads\collections\close_x_proposal_collection_pilot_20260720_latest30\raw_proposal_crops\raw_s0029_0011.png,"{""score"":0.8604332265382908,""method"":""axis"",""line_down"":[193,128,234,170],""line_up"":[193,170,234,128],""angle_down"":45.0,""angle_up"":135.0,""angle_delta"":0.0,""orth_delta"":0.0,""length_ratio"":0.8412698358329083,""center_offset"":0.013442035764455795,""fill"":0.530454042081949,""axis_union"":0.7974947807933194,""axis_balance"":0.8321342925659473,""continuity"":1.0,""max_gap_ratio"":0.0,""continuity_coverage"":1.0,""axis_span_down_px"":37.47665786743164,""axis_span_up_px"":44.547725677490234,""min_arm_pixels"":123,""min_arm_extent_px"":12.336528778076172,""min_arm_coverage"":1.0,""center_pixels"":192,""center_thickness_ratio"":1.2464857575827257,""arm_down_neg_px"":132,""arm_down_pos_px"":123,""arm_up_neg_px"":177,""arm_up_pos_px"":153,""arm_down_neg_cov"":1.0,""arm_down_pos_cov"":1.0,""arm_up_neg_cov"":1.0,""arm_up_pos_cov"":1.0,""axis_core_union"":0.5260960334029228,""axis_core_balance"":0.9236641221374046,""fit_error"":0.0,""extra_error"":0.0,""missing_error"":0.0,""center_extra_error"":0.0,""stroke_width"":0.0,""gate"":""white_strict"",""mode"":""white""}"
raw_s0029_0012,screen_0029,D:\Projects\adb_vl\vision_platform\ads\collections\close_x_proposal_collection_pilot_20260720_latest30\screens\screen_0029.png,vision_platform\ads\collections\input_preclick_latest30_20260720\029_click_success_20260720_120545_838_pre_click.png,"[71,211,19,20]",71,211,19,20,geometry_x,x_geometry,0.852516,__geometry_close.png,D:\Projects\adb_vl\vision_platform\ads\collections\close_x_proposal_collection_pilot_20260720_latest30\raw_proposal_crops\raw_s0029_0012.png,"{""score"":0.8525158235399081,""method"":""axis"",""line_down"":[71,211,89,229],""line_up"":[71,229,89,211],""angle_down"":45.0,""angle_up"":135.0,""angle_delta"":0.0,""orth_delta"":0.0,""length_ratio"":0.7387096482279486,""center_offset"":0.03398573026061058,""fill"":0.39473684210526316,""axis_union"":0.7666666666666667,""axis_balance"":0.9827586206896551,""continuity"":1.0,""max_gap_ratio"":0.0,""continuity_coverage"":1.0,""axis_span_down_px"":16.192745208740234,""axis_span_up_px"":21.920310974121094,""min_arm_pixels"":19,""min_arm_extent_px"":5.056371688842773,""min_arm_coverage"":1.0,""center_pixels"":25,""center_thickness_ratio"":0.8060774108507597,""arm_down_neg_px"":22,""arm_down_pos_px"":24,""arm_up_neg_px"":33,""arm_up_pos_px"":19,""arm_down_neg_cov"":1.0,""arm_down_pos_cov"":1.0,""arm_up_neg_cov"":1.0,""arm_up_pos_cov"":1.0,""axis_core_union"":0.4533333333333333,""axis_core_balance"":1.0,""fit_error"":0.0,""extra_error"":0.0,""missing_error"":0.0,""center_extra_error"":0.0,""stroke_width"":0.0,""gate"":""white_soft"",""mode"":""white""}"
raw_s0029_0013,screen_0029,D:\Projects\adb_vl\vision_platform\ads\collections\close_x_proposal_collection_pilot_20260720_latest30\screens\screen_0029.png,vision_platform\ads\collections\input_preclick_latest30_20260720\029_click_success_20260720_120545_838_pre_click.png,"[183,199,20,20]",183,199,20,20,geometry_x,x_geometry,0.837013,__geometry_close.png,D:\Projects\adb_vl\vision_platform\ads\collections\close_x_proposal_collection_pilot_20260720_latest30\raw_proposal_crops\raw_s0029_0013.png,"{""score"":0.837012734242127,""method"":""axis"",""line_down"":[183,199,202,218],""line_up"":[183,218,202,199],""angle_down"":45.0,""angle_up"":135.0,""angle_delta"":0.0,""orth_delta"":0.0,""length_ratio"":0.8209220166821656,""center_offset"":0.016800407320261,""fill"":0.48,""axis_union"":0.7239583333333334,""axis_balance"":0.8533333333333334,""continuity"":1.0,""max_gap_ratio"":0.0,""continuity_coverage"":1.0,""axis_span_down_px"":16.369522094726562,""axis_span_up_px"":19.940410614013672,""min_arm_pixels"":23,""min_arm_extent_px"":5.285281181335449,""min_arm_coverage"":1.0,""center_pixels"":36,""center_thickness_ratio"":1.0160968216907402,""arm_down_neg_px"":23,""arm_down_pos_px"":27,""arm_up_neg_px"":35,""arm_up_pos_px"":26,""arm_down_neg_cov"":1.0,""arm_down_pos_cov"":1.0,""arm_up_neg_cov"":1.0,""arm_up_pos_cov"":1.0,""axis_core_union"":0.46875,""axis_core_balance"":0.8367346938775511,""fit_error"":0.0,""extra_error"":0.0,""missing_error"":0.0,""center_extra_error"":0.0,""stroke_width"":0.0,""gate"":""white_soft"",""mode"":""white""}"
raw_s0029_0014,screen_0029,D:\Projects\adb_vl\vision_platform\ads\collections\close_x_proposal_collection_pilot_20260720_latest30\screens\screen_0029.png,vision_platform\ads\collections\input_preclick_latest30_20260720\029_click_success_20260720_120545_838_pre_click.png,"[95,96,35,36]",95,96,35,36,geometry_x,x_geometry,0.816205,__geometry_close.png,D:\Projects\adb_vl\vision_platform\ads\collections\close_x_proposal_collection_pilot_20260720_latest30\raw_proposal_crops\raw_s0029_0014.png,"{""score"":0.8162054385804953,""method"":""axis"",""line_down"":[95,96,129,130],""line_up"":[95,130,129,96],""angle_down"":45.0,""angle_up"":135.0,""angle_delta"":0.0,""orth_delta"":0.0,""length_ratio"":0.7358489913054206,""center_offset"":0.025395140051841736,""fill"":0.5333333333333333,""axis_union"":0.8214285714285714,""axis_balance"":0.7304075235109718,""continuity"":1.0,""max_gap_ratio"":0.0,""continuity_coverage"":1.0,""axis_span_down_px"":27.577163696289062,""axis_span_up_px"":37.476661682128906,""min_arm_pixels"":74,""min_arm_extent_px"":8.895689010620117,""min_arm_coverage"":1.0,""center_pixels"":118,""center_thickness_ratio"":0.9424583699823547,""arm_down_neg_px"":109,""arm_down_pos_px"":74,""arm_up_neg_px"":128,""arm_up_pos_px"":146,""arm_down_neg_cov"":1.0,""arm_down_pos_cov"":1.0,""arm_up_neg_cov"":1.0,""arm_up_pos_cov"":1.0,""axis_core_union"":0.4806547619047619,""axis_core_balance"":0.6649484536082474,""fit_error"":0.0,""extra_error"":0.0,""missing_error"":0.0,""center_extra_error"":0.0,""stroke_width"":0.0,""gate"":""white_strict"",""mode"":""white""}"
raw_s0029_0015,screen_0029,D:\Projects\adb_vl\vision_platform\ads\collections\close_x_proposal_collection_pilot_20260720_latest30\screens\screen_0029.png,vision_platform\ads\collections\input_preclick_latest30_20260720\029_click_success_20260720_120545_838_pre_click.png,"[114,206,19,20]",114,206,19,20,geometry_x,x_geometry,0.81018,__geometry_close.png,D:\Projects\adb_vl\vision_platform\ads\collections\close_x_proposal_collection_pilot_20260720_latest30\raw_proposal_crops\raw_s0029_0015.png,"{""score"":0.810180455063317,""method"":""axis"",""line_down"":[114,206,132,224],""line_up"":[114,224,132,206],""angle_down"":45.0,""angle_up"":135.0,""angle_delta"":0.0,""orth_delta"":0.0,""length_ratio"":0.7944732498217574,""center_offset"":0.007307443767786026,""fill"":0.45,""axis_union"":0.7426900584795322,""axis_balance"":0.7162162162162162,""continuity"":1.0,""max_gap_ratio"":0.0,""continuity_coverage"":1.0,""axis_span_down_px"":16.263456344604492,""axis_span_up_px"":20.470741271972656,""min_arm_pixels"":21,""min_arm_extent_px"":5.091728210449219,""min_arm_coverage"":1.0,""center_pixels"":26,""center_thickness_ratio"":0.875702919640203,""arm_down_neg_px"":21,""arm_down_pos_px"":24,""arm_up_neg_px"":29,""arm_up_pos_px"":34,""arm_down_neg_cov"":1.0,""arm_down_pos_cov"":1.0,""arm_up_neg_cov"":1.0,""arm_up_pos_cov"":1.0,""axis_core_union"":0.4327485380116959,""axis_core_balance"":0.7209302325581395,""fit_error"":0.0,""extra_error"":0.0,""missing_error"":0.0,""center_extra_error"":0.0,""stroke_width"":0.0,""gate"":""white_soft"",""mode"":""white""}"
raw_s0029_0016,screen_0029,D:\Projects\adb_vl\vision_platform\ads\collections\close_x_proposal_collection_pilot_20260720_latest30\screens\screen_0029.png,vision_platform\ads\collections\input_preclick_latest30_20260720\029_click_success_20260720_120545_838_pre_click.png,"[231,97,12,9]",231,97,12,9,geometry_x,x_geometry,0.749506,__geometry_close.png,D:\Projects\adb_vl\vision_platform\ads\collections\close_x_proposal_collection_pilot_20260720_latest30\raw_proposal_crops\raw_s0029_0016.png,"{""score"":0.7495061369968049,""method"":""axis"",""line_down"":[233,97,241,105],""line_up"":[233,105,241,97],""angle_down"":45.0,""angle_up"":135.0,""angle_delta"":0.0,""orth_delta"":0.0,""length_ratio"":0.7142857234605385,""center_offset"":0.11168369650840759,""fill"":0.26851851851851855,""axis_union"":0.7586206896551724,""axis_balance"":0.6923076923076923,""continuity"":1.0,""max_gap_ratio"":0.0,""continuity_coverage"":1.0,""axis_span_down_px"":5.303300857543945,""axis_span_up_px"":7.424621105194092,""min_arm_pixels"":0,""min_arm_extent_px"":0.0,""min_arm_coverage"":0.0,""center_pixels"":6,""center_thickness_ratio"":0.7348973751068115,""arm_down_neg_px"":0,""arm_down_pos_px"":6,""arm_up_neg_px"":1,""arm_up_pos_px"":10,""arm_down_neg_cov"":0.0,""arm_down_pos_cov"":1.0,""arm_up_neg_cov"":0.25,""arm_up_pos_cov"":1.0,""axis_core_union"":0.4827586206896552,""axis_core_balance"":0.75,""fit_error"":0.0,""extra_error"":0.0,""missing_error"":0.0,""center_extra_error"":0.0,""stroke_width"":0.0,""gate"":""black_soft"",""mode"":""black""}"
raw_s0029_0017,screen_0029,D:\Projects\adb_vl\vision_platform\ads\collections\close_x_proposal_collection_pilot_20260720_latest30\screens\screen_0029.png,vision_platform\ads\collections\input_preclick_latest30_20260720\029_click_success_20260720_120545_838_pre_click.png,"[182,159,8,10]",182,159,8,10,geometry_x,x_geometry,0.712622,__geometry_close.png,D:\Projects\adb_vl\vision_platform\ads\collections\close_x_proposal_collection_pilot_20260720_latest30\raw_proposal_crops\raw_s0029_0017.png,"{""score"":0.7126218091206042,""method"":""axis"",""line_down"":[182,160,189,167],""line_up"":[182,167,189,160],""angle_down"":45.0,""angle_up"":135.0,""angle_delta"":0.0,""orth_delta"":0.0,""length_ratio"":0.8488372448615933,""center_offset"":0.07675235718488693,""fill"":0.3625,""axis_union"":0.6551724137931034,""axis_balance"":0.46153846153846156,""continuity"":0.32653061224489793,""max_gap_ratio"":0.42857142857142855,""continuity_coverage"":0.5714285714285714,""axis_span_down_px"":5.161879539489746,""axis_span_up_px"":6.081118106842041,""min_arm_pixels"":0,""min_arm_extent_px"":0.0,""min_arm_coverage"":0.0,""center_pixels"":9,""center_thickness_ratio"":1.4547057151794434,""arm_down_neg_px"":0,""arm_down_pos_px"":3,""arm_up_neg_px"":5,""arm_up_pos_px"":2,""arm_down_neg_cov"":0.0,""arm_down_pos_cov"":0.25,""arm_up_neg_cov"":0.75,""arm_up_pos_cov"":0.5,""axis_core_union"":0.6551724137931034,""axis_core_balance"":0.46153846153846156,""fit_error"":0.0,""extra_error"":0.0,""missing_error"":0.0,""center_extra_error"":0.0,""stroke_width"":0.0,""gate"":""black_soft"",""mode"":""black""}"
raw_s0029_0018,screen_0029,D:\Projects\adb_vl\vision_platform\ads\collections\close_x_proposal_collection_pilot_20260720_latest30\screens\screen_0029.png,vision_platform\ads\collections\input_preclick_latest30_20260720\029_click_success_20260720_120545_838_pre_click.png,"[101,219,8,10]",101,219,8,10,geometry_x,x_geometry,0.696812,__geometry_close.png,D:\Projects\adb_vl\vision_platform\ads\collections\close_x_proposal_collection_pilot_20260720_latest30\raw_proposal_crops\raw_s0029_0018.png,"{""score"":0.6968122389192783,""method"":""axis"",""line_down"":[101,220,108,227],""line_up"":[101,227,108,220],""angle_down"":45.0,""angle_up"":135.0,""angle_delta"":0.0,""orth_delta"":0.0,""length_ratio"":0.7285714487560433,""center_offset"":0.08523131906986237,""fill"":0.3375,""axis_union"":0.5555555555555556,""axis_balance"":0.6666666666666666,""continuity"":0.5102040816326531,""max_gap_ratio"":0.2857142857142857,""continuity_coverage"":0.7142857142857143,""axis_span_down_px"":5.409366607666016,""axis_span_up_px"":7.424620628356934,""min_arm_pixels"":0,""min_arm_extent_px"":0.0,""min_arm_coverage"":0.0,""center_pixels"":9,""center_thickness_ratio"":3.0854705572128296,""arm_down_neg_px"":0,""arm_down_pos_px"":2,""arm_up_neg_px"":2,""arm_up_pos_px"":2,""arm_down_neg_cov"":0.0,""arm_down_pos_cov"":0.25,""arm_up_neg_cov"":0.5,""arm_up_pos_cov"":0.5,""axis_core_union"":0.5555555555555556,""axis_core_balance"":0.6666666666666666,""fit_error"":0.0,""extra_error"":0.0,""missing_error"":0.0,""center_extra_error"":0.0,""stroke_width"":0.0,""gate"":""black_strict"",""mode"":""black""}"
raw_s0030_0001,screen_0030,D:\Projects\adb_vl\vision_platform\ads\collections\close_x_proposal_collection_pilot_20260720_latest30\screens\screen_0030.png,vision_platform\ads\collections\input_preclick_latest30_20260720\030_click_success_20260720_120525_036_pre_click.png,"[909,58,43,46]",909,58,43,46,close_template,template_match,0.831287,ad_issue_20260606_045316_roi_0.png,D:\Projects\adb_vl\vision_platform\ads\collections\close_x_proposal_collection_pilot_20260720_latest30\raw_proposal_crops\raw_s0030_0001.png,"{""brightness_ratio"":1.0438958139070722}"
raw_s0030_0002,screen_0030,D:\Projects\adb_vl\vision_platform\ads\collections\close_x_proposal_collection_pilot_20260720_latest30\screens\screen_0030.png,vision_platform\ads\collections\input_preclick_latest30_20260720\030_click_success_20260720_120525_036_pre_click.png,"[297,136,43,46]",297,136,43,46,close_template,template_match,0.761762,ad_issue_20260606_045316_roi_0.png,D:\Projects\adb_vl\vision_platform\ads\collections\close_x_proposal_collection_pilot_20260720_latest30\raw_proposal_crops\raw_s0030_0002.png,"{""brightness_ratio"":1.0729845286396367}"
raw_s0030_0003,screen_0030,D:\Projects\adb_vl\vision_platform\ads\collections\close_x_proposal_collection_pilot_20260720_latest30\screens\screen_0030.png,vision_platform\ads\collections\input_preclick_latest30_20260720\030_click_success_20260720_120525_036_pre_click.png,"[30,29,74,23]",30,29,74,23,close_template,template_match,0.966315,close_11.png,D:\Projects\adb_vl\vision_platform\ads\collections\close_x_proposal_collection_pilot_20260720_latest30\raw_proposal_crops\raw_s0030_0003.png,"{""brightness_ratio"":1.4734011411915728}"
raw_s0030_0004,screen_0030,D:\Projects\adb_vl\vision_platform\ads\collections\close_x_proposal_collection_pilot_20260720_latest30\screens\screen_0030.png,vision_platform\ads\collections\input_preclick_latest30_20260720\030_click_success_20260720_120525_036_pre_click.png,"[21,24,87,33]",21,24,87,33,close_template,template_match,0.850427,close_15.png,D:\Projects\adb_vl\vision_platform\ads\collections\close_x_proposal_collection_pilot_20260720_latest30\raw_proposal_crops\raw_s0030_0004.png,"{""brightness_ratio"":2.4797476158366245}"
raw_s0030_0005,screen_0030,D:\Projects\adb_vl\vision_platform\ads\collections\close_x_proposal_collection_pilot_20260720_latest30\screens\screen_0030.png,vision_platform\ads\collections\input_preclick_latest30_20260720\030_click_success_20260720_120525_036_pre_click.png,"[76,35,16,17]",76,35,16,17,geometry_x,x_geometry,0.925243,__geometry_close.png,D:\Projects\adb_vl\vision_platform\ads\collections\close_x_proposal_collection_pilot_20260720_latest30\raw_proposal_crops\raw_s0030_0005.png,"{""score"":0.9252431993402422,""method"":""axis"",""line_down"":[76,36,91,51],""line_up"":[76,51,91,35],""angle_down"":45.0,""angle_up"":135.0,""angle_delta"":0.0,""orth_delta"":0.0,""length_ratio"":1.0,""center_offset"":0.04411395639181137,""fill"":0.49264705882352944,""axis_union"":0.8805970149253731,""axis_balance"":0.9032258064516129,""continuity"":1.0,""max_gap_ratio"":0.0,""continuity_coverage"":1.0,""axis_span_down_px"":14.142135620117188,""axis_span_up_px"":14.142135620117188,""min_arm_pixels"":13,""min_arm_extent_px"":3.0261435508728027,""min_arm_coverage"":1.0,""center_pixels"":22,""center_thickness_ratio"":0.7888271030390098,""arm_down_neg_px"":13,""arm_down_pos_px"":34,""arm_up_neg_px"":13,""arm_up_pos_px"":34,""arm_down_neg_cov"":1.0,""arm_down_pos_cov"":1.0,""arm_up_neg_cov"":1.0,""arm_up_pos_cov"":1.0,""axis_core_union"":0.5373134328358209,""axis_core_balance"":0.9459459459459459,""fit_error"":0.0,""extra_error"":0.0,""missing_error"":0.0,""center_extra_error"":0.0,""stroke_width"":0.0,""gate"":""white_strict"",""mode"":""white""}"
raw_s0030_0006,screen_0030,D:\Projects\adb_vl\vision_platform\ads\collections\close_x_proposal_collection_pilot_20260720_latest30\screens\screen_0030.png,vision_platform\ads\collections\input_preclick_latest30_20260720\030_click_success_20260720_120525_036_pre_click.png,"[598,141,17,16]",598,141,17,16,geometry_x,x_geometry,0.902475,__geometry_close.png,D:\Projects\adb_vl\vision_platform\ads\collections\close_x_proposal_collection_pilot_20260720_latest30\raw_proposal_crops\raw_s0030_0006.png,"{""score"":0.9024747337260766,""method"":""axis"",""line_down"":[599,141,614,156],""line_up"":[599,156,613,141],""angle_down"":45.0,""angle_up"":135.0,""angle_delta"":0.0,""orth_delta"":0.0,""length_ratio"":0.9527720448062786,""center_offset"":0.026582879945635796,""fill"":0.40441176470588236,""axis_union"":0.8363636363636363,""axis_balance"":0.8775510204081632,""continuity"":0.7346938775510204,""max_gap_ratio"":0.14285714285714285,""continuity_coverage"":0.8571428571428571,""axis_span_down_px"":17.218050003051758,""axis_span_up_px"":16.404876708984375,""min_arm_pixels"":17,""min_arm_extent_px"":5.571728229522705,""min_arm_coverage"":1.0,""center_pixels"":10,""center_thickness_ratio"":0.49444941180245117,""arm_down_neg_px"":23,""arm_down_pos_px"":20,""arm_up_neg_px"":21,""arm_up_pos_px"":17,""arm_down_neg_cov"":1.0,""arm_down_pos_cov"":1.0,""arm_up_neg_cov"":1.0,""arm_up_pos_cov"":1.0,""axis_core_union"":0.5,""axis_core_balance"":0.7741935483870968,""fit_error"":0.0,""extra_error"":0.0,""missing_error"":0.0,""center_extra_error"":0.0,""stroke_width"":0.0,""gate"":""white_strict"",""mode"":""white""}"
raw_s0030_0007,screen_0030,D:\Projects\adb_vl\vision_platform\ads\collections\close_x_proposal_collection_pilot_20260720_latest30\screens\screen_0030.png,vision_platform\ads\collections\input_preclick_latest30_20260720\030_click_success_20260720_120525_036_pre_click.png,"[905,28,28,30]",905,28,28,30,geometry_x,x_geometry,0.880045,__geometry_close.png,D:\Projects\adb_vl\vision_platform\ads\collections\close_x_proposal_collection_pilot_20260720_latest30\raw_proposal_crops\raw_s0030_0007.png,"{""score"":0.8800445686714837,""method"":""axis"",""line_down"":[905,29,932,56],""line_up"":[905,56,932,29],""angle_down"":45.0,""angle_up"":135.0,""angle_delta"":0.0,""orth_delta"":0.0,""length_ratio"":0.998611064697546,""center_offset"":0.08094541728496552,""fill"":0.3595238095238095,""axis_union"":0.7350993377483444,""axis_balance"":0.9646017699115044,""continuity"":1.0,""max_gap_ratio"":0.0,""continuity_coverage"":1.0,""axis_span_down_px"":25.45584487915039,""axis_span_up_px"":25.420488357543945,""min_arm_pixels"":31,""min_arm_extent_px"":4.0052809715271,""min_arm_coverage"":1.0,""center_pixels"":40,""center_thickness_ratio"":0.5623364989606496,""arm_down_neg_px"":69,""arm_down_pos_px"":31,""arm_up_neg_px"":31,""arm_up_pos_px"":61,""arm_down_neg_cov"":1.0,""arm_down_pos_cov"":1.0,""arm_up_neg_cov"":1.0,""arm_up_pos_cov"":1.0,""axis_core_union"":0.4470198675496689,""axis_core_balance"":0.9565217391304348,""fit_error"":0.0,""extra_error"":0.0,""missing_error"":0.0,""center_extra_error"":0.0,""stroke_width"":0.0,""gate"":""white_strict"",""mode"":""white""}"
raw_s0030_0008,screen_0030,D:\Projects\adb_vl\vision_platform\ads\collections\close_x_proposal_collection_pilot_20260720_latest30\screens\screen_0030.png,vision_platform\ads\collections\input_preclick_latest30_20260720\030_click_success_20260720_120525_036_pre_click.png,"[456,140,16,17]",456,140,16,17,geometry_x,x_geometry,0.861791,__geometry_close.png,D:\Projects\adb_vl\vision_platform\ads\collections\close_x_proposal_collection_pilot_20260720_latest30\raw_proposal_crops\raw_s0030_0008.png,"{""score"":0.8617909976384113,""method"":""axis"",""line_down"":[456,141,471,156],""line_up"":[456,156,471,140],""angle_down"":45.0,""angle_up"":135.0,""angle_delta"":0.0,""orth_delta"":0.0,""length_ratio"":0.9833334494713212,""center_offset"":0.006677461788058281,""fill"":0.5220588235294118,""axis_union"":0.7253521126760564,""axis_balance"":0.7758620689655172,""continuity"":1.0,""max_gap_ratio"":0.0,""continuity_coverage"":1.0,""axis_span_down_px"":16.970561981201172,""axis_span_up_px"":16.687721252441406,""min_arm_pixels"":18,""min_arm_extent_px"":6.278834819793701,""min_arm_coverage"":1.0,""center_pixels"":14,""center_thickness_ratio"":0.630466510820448,""arm_down_neg_px"":24,""arm_down_pos_px"":24,""arm_up_neg_px"":22,""arm_up_pos_px"":18,""arm_down_neg_cov"":1.0,""arm_down_pos_cov"":1.0,""arm_up_neg_cov"":1.0,""arm_up_pos_cov"":1.0,""axis_core_union"":0.47183098591549294,""axis_core_balance"":0.717948717948718,""fit_error"":0.0,""extra_error"":0.0,""missing_error"":0.0,""center_extra_error"":0.0,""stroke_width"":0.0,""gate"":""white_soft"",""mode"":""white""}"
raw_s0030_0009,screen_0030,D:\Projects\adb_vl\vision_platform\ads\collections\close_x_proposal_collection_pilot_20260720_latest30\screens\screen_0030.png,vision_platform\ads\collections\input_preclick_latest30_20260720\030_click_success_20260720_120525_036_pre_click.png,"[563,141,16,16]",563,141,16,16,geometry_x,x_geometry,0.85915,__geometry_close.png,D:\Projects\adb_vl\vision_platform\ads\collections\close_x_proposal_collection_pilot_20260720_latest30\raw_proposal_crops\raw_s0030_0009.png,"{""score"":0.859150059277392,""method"":""axis"",""line_down"":[563,141,578,156],""line_up"":[563,156,578,141],""angle_down"":45.0,""angle_up"":135.0,""angle_delta"":0.0,""orth_delta"":0.0,""length_ratio"":0.9521740094155628,""center_offset"":0.005217012483626604,""fill"":0.51953125,""axis_union"":0.7443609022556391,""axis_balance"":0.7678571428571429,""continuity"":1.0,""max_gap_ratio"":0.0,""continuity_coverage"":1.0,""axis_span_down_px"":16.26345443725586,""axis_span_up_px"":15.485638618469238,""min_arm_pixels"":18,""min_arm_extent_px"":5.324240684509277,""min_arm_coverage"":1.0,""center_pixels"":21,""center_thickness_ratio"":0.9797965417057409,""arm_down_neg_px"":25,""arm_down_pos_px"":22,""arm_up_neg_px"":18,""arm_up_pos_px"":18,""arm_down_neg_cov"":1.0,""arm_down_pos_cov"":1.0,""arm_up_neg_cov"":1.0,""arm_up_pos_cov"":1.0,""axis_core_union"":0.38345864661654133,""axis_core_balance"":0.5454545454545454,""fit_error"":0.0,""extra_error"":0.0,""missing_error"":0.0,""center_extra_error"":0.0,""stroke_width"":0.0,""gate"":""white_strict"",""mode"":""white""}"
raw_s0030_0010,screen_0030,D:\Projects\adb_vl\vision_platform\ads\collections\close_x_proposal_collection_pilot_20260720_latest30\screens\screen_0030.png,vision_platform\ads\collections\input_preclick_latest30_20260720\030_click_success_20260720_120525_036_pre_click.png,"[327,44,12,10]",327,44,12,10,geometry_x,x_geometry,0.814371,__geometry_close.png,D:\Projects\adb_vl\vision_platform\ads\collections\close_x_proposal_collection_pilot_20260720_latest30\raw_proposal_crops\raw_s0030_0010.png,"{""score"":0.8143711535385043,""method"":""axis"",""line_down"":[328,44,337,53],""line_up"":[328,53,337,44],""angle_down"":45.0,""angle_up"":135.0,""angle_delta"":0.0,""orth_delta"":0.0,""length_ratio"":0.9369369522618202,""center_offset"":0.1091611310839653,""fill"":0.36666666666666664,""axis_union"":0.7045454545454546,""axis_balance"":0.8235294117647058,""continuity"":0.7346938775510204,""max_gap_ratio"":0.14285714285714285,""continuity_coverage"":0.8571428571428571,""axis_span_down_px"":7.353910446166992,""axis_span_up_px"":7.8488850593566895,""min_arm_pixels"":3,""min_arm_extent_px"":1.8648232221603394,""min_arm_coverage"":0.75,""center_pixels"":6,""center_thickness_ratio"":0.7164184853011915,""arm_down_neg_px"":3,""arm_down_pos_px"":8,""arm_up_neg_px"":11,""arm_up_pos_px"":3,""arm_down_neg_cov"":0.75,""arm_down_pos_cov"":1.0,""arm_up_neg_cov"":1.0,""arm_up_pos_cov"":0.75,""axis_core_union"":0.5227272727272727,""axis_core_balance"":0.9166666666666666,""fit_error"":0.0,""extra_error"":0.0,""missing_error"":0.0,""center_extra_error"":0.0,""stroke_width"":0.0,""gate"":""black_soft"",""mode"":""black""}"
raw_s0030_0011,screen_0030,D:\Projects\adb_vl\vision_platform\ads\collections\close_x_proposal_collection_pilot_20260720_latest30\screens\screen_0030.png,vision_platform\ads\collections\input_preclick_latest30_20260720\030_click_success_20260720_120525_036_pre_click.png,"[581,141,16,15]",581,141,16,15,geometry_x,x_geometry,0.810822,__geometry_close.png,D:\Projects\adb_vl\vision_platform\ads\collections\close_x_proposal_collection_pilot_20260720_latest30\raw_proposal_crops\raw_s0030_0011.png,"{""score"":0.810821856222308,""method"":""axis"",""line_down"":[581,141,595,155],""line_up"":[582,155,595,141],""angle_down"":45.0,""angle_up"":135.0,""angle_delta"":0.0,""orth_delta"":0.0,""length_ratio"":0.9372469414561931,""center_offset"":0.038073644042015076,""fill"":0.5083333333333333,""axis_union"":0.6475409836065574,""axis_balance"":0.7555555555555555,""continuity"":0.7346938775510204,""max_gap_ratio"":0.14285714285714285,""continuity_coverage"":0.8571428571428571,""axis_span_down_px"":17.465538024902344,""axis_span_up_px"":16.369522094726562,""min_arm_pixels"":16,""min_arm_extent_px"":5.908504009246826,""min_arm_coverage"":0.75,""center_pixels"":8,""center_thickness_ratio"":0.5201746873964919,""arm_down_neg_px"":24,""arm_down_pos_px"":17,""arm_up_neg_px"":16,""arm_up_pos_px"":16,""arm_down_neg_cov"":1.0,""arm_down_pos_cov"":1.0,""arm_up_neg_cov"":1.0,""arm_up_pos_cov"":0.75,""axis_core_union"":0.48360655737704916,""axis_core_balance"":0.6857142857142857,""fit_error"":0.0,""extra_error"":0.0,""missing_error"":0.0,""center_extra_error"":0.0,""stroke_width"":0.0,""gate"":""white_strict"",""mode"":""white""}"
raw_s0030_0012,screen_0030,D:\Projects\adb_vl\vision_platform\ads\collections\close_x_proposal_collection_pilot_20260720_latest30\screens\screen_0030.png,vision_platform\ads\collections\input_preclick_latest30_20260720\030_click_success_20260720_120525_036_pre_click.png,"[615,37,22,24]",615,37,22,24,geometry_x,x_geometry,0.791699,__geometry_close.png,D:\Projects\adb_vl\vision_platform\ads\collections\close_x_proposal_collection_pilot_20260720_latest30\raw_proposal_crops\raw_s0030_0012.png,"{""score"":0.7916993991780401,""method"":""axis"",""line_down"":[615,38,636,59],""line_up"":[615,59,636,38],""angle_down"":45.5,""angle_up"":134.5,""angle_delta"":0.5,""orth_delta"":0.0,""length_ratio"":0.7175560065930905,""center_offset"":0.03736135736107826,""fill"":0.5208333333333334,""axis_union"":0.850909090909091,""axis_balance"":0.7333333333333333,""continuity"":1.0,""max_gap_ratio"":0.0,""continuity_coverage"":1.0,""axis_span_down_px"":18.372970581054688,""axis_span_up_px"":25.604928970336914,""min_arm_pixels"":23,""min_arm_extent_px"":4.200128555297852,""min_arm_coverage"":1.0,""center_pixels"":58,""center_thickness_ratio"":1.1878855927561707,""arm_down_neg_px"":23,""arm_down_pos_px"":55,""arm_up_neg_px"":60,""arm_up_pos_px"":54,""arm_down_neg_cov"":1.0,""arm_down_pos_cov"":1.0,""arm_up_neg_cov"":1.0,""arm_up_pos_cov"":1.0,""axis_core_union"":0.5381818181818182,""axis_core_balance"":0.7209302325581395,""fit_error"":0.0,""extra_error"":0.0,""missing_error"":0.0,""center_extra_error"":0.0,""stroke_width"":0.0,""gate"":""white_strict"",""mode"":""white""}"
raw_s0030_0013,screen_0030,D:\Projects\adb_vl\vision_platform\ads\collections\close_x_proposal_collection_pilot_20260720_latest30\screens\screen_0030.png,vision_platform\ads\collections\input_preclick_latest30_20260720\030_click_success_20260720_120525_036_pre_click.png,"[670,140,21,17]",670,140,21,17,geometry_x,x_geometry,0.711403,__geometry_close.png,D:\Projects\adb_vl\vision_platform\ads\collections\close_x_proposal_collection_pilot_20260720_latest30\raw_proposal_crops\raw_s0030_0013.png,"{""score"":0.7114029161639143,""method"":""axis"",""line_down"":[672,140,688,156],""line_up"":[672,156,688,140],""angle_down"":45.0,""angle_up"":135.0,""angle_delta"":0.0,""orth_delta"":0.0,""length_ratio"":0.7107142489003044,""center_offset"":0.052554111927747726,""fill"":0.5266106442577031,""axis_union"":0.6329787234042553,""axis_balance"":0.5866666666666667,""continuity"":1.0,""max_gap_ratio"":0.0,""continuity_coverage"":1.0,""axis_span_down_px"":19.79899024963379,""axis_span_up_px"":14.07142448425293,""min_arm_pixels"":15,""min_arm_extent_px"":5.270306587219238,""min_arm_coverage"":1.0,""center_pixels"":37,""center_thickness_ratio"":1.6410732360571314,""arm_down_neg_px"":29,""arm_down_pos_px"":27,""arm_up_neg_px"":15,""arm_up_pos_px"":23,""arm_down_neg_cov"":1.0,""arm_down_pos_cov"":1.0,""arm_up_neg_cov"":1.0,""arm_up_pos_cov"":1.0,""axis_core_union"":0.31382978723404253,""axis_core_balance"":0.6857142857142857,""fit_error"":0.0,""extra_error"":0.0,""missing_error"":0.0,""center_extra_error"":0.0,""stroke_width"":0.0,""gate"":""white_soft"",""mode"":""white""}"
