image_path,label,review_status,source_screen,source_session,ad_source,icon_family,reject_type,candidate_score,geometry_score,bbox,split,instance_id,content_id,original_path,relative_path,vision_domain,asset_type,asset_role,representation,sample_role,sub_role
vision_platform\ads\pilot\action_classifier_v2\dataset\images\ads_action_v2_00001_close_asset_7dbc3094aa7539f0.png,close,reviewed,ads2/assets/1_templates/close_icons,asset_7dbc3094aa7539f0,ads2\assets\1_templates,template,action_target,,,,,file_245ef374f6c4268c,asset_7dbc3094aa7539f0,D:\Projects\adb_vl\ads2\assets\1_templates\close_icons\ad_issue_20260606_042257_roi_0.png,ads2\assets\1_templates\close_icons\ad_issue_20260606_042257_roi_0.png,ads,template,template,raw,action_target,
vision_platform\ads\pilot\action_classifier_v2\dataset\images\ads_action_v2_00002_close_asset_d94a12829e570c5c.png,close,reviewed,ads2/assets/1_templates/close_icons,asset_d94a12829e570c5c,ads2\assets\1_templates,template,action_target,,,,,file_c1b82b89ebab2308,asset_d94a12829e570c5c,D:\Projects\adb_vl\ads2\assets\1_templates\close_icons\ad_issue_20260606_042353_roi_0.png,ads2\assets\1_templates\close_icons\ad_issue_20260606_042353_roi_0.png,ads,template,template,raw,action_target,
vision_platform\ads\pilot\action_classifier_v2\dataset\images\ads_action_v2_00003_close_asset_62c0598db37c8764.png,close,reviewed,ads2/assets/1_templates/close_icons,asset_62c0598db37c8764,ads2\assets\1_templates,template,action_target,,,,,file_0796700f3e89b234,asset_62c0598db37c8764,D:\Projects\adb_vl\ads2\assets\1_templates\close_icons\ad_issue_20260606_042429_roi_0.png,ads2\assets\1_templates\close_icons\ad_issue_20260606_042429_roi_0.png,ads,template,template,raw,action_target,
vision_platform\ads\pilot\action_classifier_v2\dataset\images\ads_action_v2_00004_close_asset_643bd48faa917df4.png,close,reviewed,ads2/assets/1_templates/close_icons,asset_643bd48faa917df4,ads2\assets\1_templates,template,action_target,,,,,file_ed7ecf2d8c86d633,asset_643bd48faa917df4,D:\Projects\adb_vl\ads2\assets\1_templates\close_icons\ad_issue_20260606_043419_roi_0.png,ads2\assets\1_templates\close_icons\ad_issue_20260606_043419_roi_0.png,ads,template,template,raw,action_target,
vision_platform\ads\pilot\action_classifier_v2\dataset\images\ads_action_v2_00005_close_asset_759712a0fa58d9bb.png,close,reviewed,ads2/assets/1_templates/close_icons,asset_759712a0fa58d9bb,ads2\assets\1_templates,template,action_target,,,,,file_e98356e6d5b0d025,asset_759712a0fa58d9bb,D:\Projects\adb_vl\ads2\assets\1_templates\close_icons\ad_issue_20260606_044156_roi_0.png,ads2\assets\1_templates\close_icons\ad_issue_20260606_044156_roi_0.png,ads,template,template,raw,action_target,
vision_platform\ads\pilot\action_classifier_v2\dataset\images\ads_action_v2_00006_close_asset_811965ed2f4bf3fe.png,close,reviewed,ads2/assets/1_templates/close_icons,asset_811965ed2f4bf3fe,ads2\assets\1_templates,template,action_target,,,,,file_ff68673e47bf2194,asset_811965ed2f4bf3fe,D:\Projects\adb_vl\ads2\assets\1_templates\close_icons\ad_issue_20260606_044653_roi_0.png,ads2\assets\1_templates\close_icons\ad_issue_20260606_044653_roi_0.png,ads,template,template,raw,action_target,
vision_platform\ads\pilot\action_classifier_v2\dataset\images\ads_action_v2_00007_close_asset_ef19a71539533c38.png,close,reviewed,ads2/assets/1_templates/close_icons,asset_ef19a71539533c38,ads2\assets\1_templates,template,action_target,,,,,file_0c54c714e6e4e54c,asset_ef19a71539533c38,D:\Projects\adb_vl\ads2\assets\1_templates\close_icons\ad_issue_20260606_044717_roi_0.png,ads2\assets\1_templates\close_icons\ad_issue_20260606_044717_roi_0.png,ads,template,template,raw,action_target,
vision_platform\ads\pilot\action_classifier_v2\dataset\images\ads_action_v2_00008_close_asset_f05a7a52f60d291b.png,close,reviewed,ads2/assets/1_templates/close_icons,asset_f05a7a52f60d291b,ads2\assets\1_templates,template,action_target,,,,,file_38f39cb8171bbccd,asset_f05a7a52f60d291b,D:\Projects\adb_vl\ads2\assets\1_templates\close_icons\ad_issue_20260606_045316_roi_0.png,ads2\assets\1_templates\close_icons\ad_issue_20260606_045316_roi_0.png,ads,template,template,raw,action_target,
vision_platform\ads\pilot\action_classifier_v2\dataset\images\ads_action_v2_00009_close_asset_ee02f730b82612e5.png,close,reviewed,ads2/assets/1_templates/close_icons,asset_ee02f730b82612e5,ads2\assets\1_templates,template,action_target,,,,,file_01fce48c5f827243,asset_ee02f730b82612e5,D:\Projects\adb_vl\ads2\assets\1_templates\close_icons\ad_issue_20260606_045709_roi_0.png,ads2\assets\1_templates\close_icons\ad_issue_20260606_045709_roi_0.png,ads,template,template,raw,action_target,
vision_platform\ads\pilot\action_classifier_v2\dataset\images\ads_action_v2_00010_close_asset_ca994ca16a3dcd00.png,close,reviewed,ads2/assets/1_templates/close_icons,asset_ca994ca16a3dcd00,ads2\assets\1_templates,template,action_target,,,,,file_53f6b240d7847ed6,asset_ca994ca16a3dcd00,D:\Projects\adb_vl\ads2\assets\1_templates\close_icons\ad_issue_20260606_052002_roi_15.png,ads2\assets\1_templates\close_icons\ad_issue_20260606_052002_roi_15.png,ads,template,template,raw,action_target,
vision_platform\ads\pilot\action_classifier_v2\dataset\images\ads_action_v2_00011_close_asset_2a7b5573529608a3.png,close,reviewed,ads2/assets/1_templates/close_icons,asset_2a7b5573529608a3,ads2\assets\1_templates,template,action_target,,,,,file_a4f0c7925d120a09,asset_2a7b5573529608a3,D:\Projects\adb_vl\ads2\assets\1_templates\close_icons\ad_issue_20260606_052302_roi_0.png,ads2\assets\1_templates\close_icons\ad_issue_20260606_052302_roi_0.png,ads,template,template,raw,action_target,
vision_platform\ads\pilot\action_classifier_v2\dataset\images\ads_action_v2_00012_close_asset_8829832efa233731.png,close,reviewed,ads2/assets/1_templates/close_icons,asset_8829832efa233731,ads2\assets\1_templates,template,action_target,,,,,file_8adc86c006864b12,asset_8829832efa233731,D:\Projects\adb_vl\ads2\assets\1_templates\close_icons\ad_issue_20260606_081550_roi_9.png,ads2\assets\1_templates\close_icons\ad_issue_20260606_081550_roi_9.png,ads,template,template,raw,action_target,
vision_platform\ads\pilot\action_classifier_v2\dataset\images\ads_action_v2_00013_close_asset_bf08eee05826fbbb.png,close,reviewed,ads2/assets/1_templates/close_icons,asset_bf08eee05826fbbb,ads2\assets\1_templates,template,action_target,,,,,file_541955e3cd16d297,asset_bf08eee05826fbbb,D:\Projects\adb_vl\ads2\assets\1_templates\close_icons\ad_issue_20260606_082946_roi_0.png,ads2\assets\1_templates\close_icons\ad_issue_20260606_082946_roi_0.png,ads,template,template,raw,action_target,
vision_platform\ads\pilot\action_classifier_v2\dataset\images\ads_action_v2_00014_close_asset_d67b35832487e707.png,close,reviewed,ads2/assets/1_templates/close_icons,asset_d67b35832487e707,ads2\assets\1_templates,template,action_target,,,,,file_f897e9b9181629ee,asset_d67b35832487e707,D:\Projects\adb_vl\ads2\assets\1_templates\close_icons\ad_issue_20260606_083435_roi_0.png,ads2\assets\1_templates\close_icons\ad_issue_20260606_083435_roi_0.png,ads,template,template,raw,action_target,
vision_platform\ads\pilot\action_classifier_v2\dataset\images\ads_action_v2_00015_close_asset_0038b293d3fef86c.png,close,reviewed,ads2/assets/1_templates/close_icons,asset_0038b293d3fef86c,ads2\assets\1_templates,template,action_target,,,,,file_183d636c777c6ea5,asset_0038b293d3fef86c,D:\Projects\adb_vl\ads2\assets\1_templates\close_icons\ad_issue_20260606_084107_roi_0.png,ads2\assets\1_templates\close_icons\ad_issue_20260606_084107_roi_0.png,ads,template,template,raw,action_target,
vision_platform\ads\pilot\action_classifier_v2\dataset\images\ads_action_v2_00016_close_asset_c67d1ef1a4afa50d.png,close,reviewed,ads2/assets/1_templates/close_icons,asset_c67d1ef1a4afa50d,ads2\assets\1_templates,template,action_target,,,,,file_50c793b7bc956a13,asset_c67d1ef1a4afa50d,D:\Projects\adb_vl\ads2\assets\1_templates\close_icons\close_1.png,ads2\assets\1_templates\close_icons\close_1.png,ads,template,template,raw,action_target,
vision_platform\ads\pilot\action_classifier_v2\dataset\images\ads_action_v2_00017_close_asset_5b3fbaac886e6b1c.png,close,reviewed,ads2/assets/1_templates/close_icons,asset_5b3fbaac886e6b1c,ads2\assets\1_templates,template,action_target,,,,,file_13eecab8cd7c9374,asset_5b3fbaac886e6b1c,D:\Projects\adb_vl\ads2\assets\1_templates\close_icons\close_10.png,ads2\assets\1_templates\close_icons\close_10.png,ads,template,template,raw,action_target,
vision_platform\ads\pilot\action_classifier_v2\dataset\images\ads_action_v2_00018_close_asset_814457f65714bfe8.png,close,reviewed,ads2/assets/1_templates/close_icons,asset_814457f65714bfe8,ads2\assets\1_templates,template,action_target,,,,,file_910f6d13ad48178b,asset_814457f65714bfe8,D:\Projects\adb_vl\ads2\assets\1_templates\close_icons\close_11.png,ads2\assets\1_templates\close_icons\close_11.png,ads,template,template,raw,action_target,
vision_platform\ads\pilot\action_classifier_v2\dataset\images\ads_action_v2_00019_close_asset_44aa502360ac075b.png,close,reviewed,ads2/assets/1_templates/close_icons,asset_44aa502360ac075b,ads2\assets\1_templates,template,action_target,,,,,file_88b1cc8a3de93123,asset_44aa502360ac075b,D:\Projects\adb_vl\ads2\assets\1_templates\close_icons\close_12.png,ads2\assets\1_templates\close_icons\close_12.png,ads,template,template,raw,action_target,
vision_platform\ads\pilot\action_classifier_v2\dataset\images\ads_action_v2_00020_close_asset_781a510f3a857316.png,close,reviewed,ads2/assets/1_templates/close_icons,asset_781a510f3a857316,ads2\assets\1_templates,template,action_target,,,,,file_a5a5bd5ba2f1d724,asset_781a510f3a857316,D:\Projects\adb_vl\ads2\assets\1_templates\close_icons\close_13.png,ads2\assets\1_templates\close_icons\close_13.png,ads,template,template,raw,action_target,
vision_platform\ads\pilot\action_classifier_v2\dataset\images\ads_action_v2_00021_close_asset_7513f11f0e141a8c.png,close,reviewed,ads2/assets/1_templates/close_icons,asset_7513f11f0e141a8c,ads2\assets\1_templates,template,action_target,,,,,file_e01dd7c029653e86,asset_7513f11f0e141a8c,D:\Projects\adb_vl\ads2\assets\1_templates\close_icons\close_14.png,ads2\assets\1_templates\close_icons\close_14.png,ads,template,template,raw,action_target,
vision_platform\ads\pilot\action_classifier_v2\dataset\images\ads_action_v2_00022_close_asset_b7e64faadd9ca7c4.png,close,reviewed,ads2/assets/1_templates/close_icons,asset_b7e64faadd9ca7c4,ads2\assets\1_templates,template,action_target,,,,,file_4bf9c732ffcf4bd7,asset_b7e64faadd9ca7c4,D:\Projects\adb_vl\ads2\assets\1_templates\close_icons\close_15.png,ads2\assets\1_templates\close_icons\close_15.png,ads,template,template,raw,action_target,
vision_platform\ads\pilot\action_classifier_v2\dataset\images\ads_action_v2_00023_close_asset_5d7e57a62103e2c1.png,close,reviewed,ads2/assets/1_templates/close_icons,asset_5d7e57a62103e2c1,ads2\assets\1_templates,template,action_target,,,,,file_f1c7f92038128586,asset_5d7e57a62103e2c1,D:\Projects\adb_vl\ads2\assets\1_templates\close_icons\close_16.png,ads2\assets\1_templates\close_icons\close_16.png,ads,template,template,raw,action_target,
vision_platform\ads\pilot\action_classifier_v2\dataset\images\ads_action_v2_00024_close_asset_9fdb4db2e3fe6848.png,close,reviewed,ads2/assets/1_templates/close_icons,asset_9fdb4db2e3fe6848,ads2\assets\1_templates,template,action_target,,,,,file_c6293287feb9bff3,asset_9fdb4db2e3fe6848,D:\Projects\adb_vl\ads2\assets\1_templates\close_icons\close_17.png,ads2\assets\1_templates\close_icons\close_17.png,ads,template,template,raw,action_target,
vision_platform\ads\pilot\action_classifier_v2\dataset\images\ads_action_v2_00025_close_asset_db80ab2f7ad7e606.png,close,reviewed,ads2/assets/1_templates/close_icons,asset_db80ab2f7ad7e606,ads2\assets\1_templates,template,action_target,,,,,file_54f5287c84fc7e1d,asset_db80ab2f7ad7e606,D:\Projects\adb_vl\ads2\assets\1_templates\close_icons\close_18.png,ads2\assets\1_templates\close_icons\close_18.png,ads,template,template,raw,action_target,
vision_platform\ads\pilot\action_classifier_v2\dataset\images\ads_action_v2_00026_close_asset_e3aa0c73c537c671.png,close,reviewed,ads2/assets/1_templates/close_icons,asset_e3aa0c73c537c671,ads2\assets\1_templates,template,action_target,,,,,file_a195dd7ba6135547,asset_e3aa0c73c537c671,D:\Projects\adb_vl\ads2\assets\1_templates\close_icons\close_19.png,ads2\assets\1_templates\close_icons\close_19.png,ads,template,template,raw,action_target,
vision_platform\ads\pilot\action_classifier_v2\dataset\images\ads_action_v2_00027_close_asset_565f2f8c61c441ed.png,close,reviewed,ads2/assets/1_templates/close_icons,asset_565f2f8c61c441ed,ads2\assets\1_templates,template,action_target,,,,,file_e16e35dc922172f8,asset_565f2f8c61c441ed,D:\Projects\adb_vl\ads2\assets\1_templates\close_icons\close_2.png,ads2\assets\1_templates\close_icons\close_2.png,ads,template,template,raw,action_target,
vision_platform\ads\pilot\action_classifier_v2\dataset\images\ads_action_v2_00028_close_asset_fe436527d7d5643c.png,close,reviewed,ads2/assets/1_templates/close_icons,asset_fe436527d7d5643c,ads2\assets\1_templates,template,action_target,,,,,file_2200224e47c6acf2,asset_fe436527d7d5643c,D:\Projects\adb_vl\ads2\assets\1_templates\close_icons\close_20.png,ads2\assets\1_templates\close_icons\close_20.png,ads,template,template,raw,action_target,
vision_platform\ads\pilot\action_classifier_v2\dataset\images\ads_action_v2_00029_close_asset_927b02d71a0d5e87.png,close,reviewed,ads2/assets/1_templates/close_icons,asset_927b02d71a0d5e87,ads2\assets\1_templates,template,action_target,,,,,file_857e5225a2b06af8,asset_927b02d71a0d5e87,D:\Projects\adb_vl\ads2\assets\1_templates\close_icons\close_21.png,ads2\assets\1_templates\close_icons\close_21.png,ads,template,template,raw,action_target,
vision_platform\ads\pilot\action_classifier_v2\dataset\images\ads_action_v2_00030_close_asset_384d89598f4f57fc.png,close,reviewed,ads2/assets/1_templates/close_icons,asset_384d89598f4f57fc,ads2\assets\1_templates,template,action_target,,,,,file_d109bb027585db3a,asset_384d89598f4f57fc,D:\Projects\adb_vl\ads2\assets\1_templates\close_icons\close_22.png,ads2\assets\1_templates\close_icons\close_22.png,ads,template,template,raw,action_target,
vision_platform\ads\pilot\action_classifier_v2\dataset\images\ads_action_v2_00031_close_asset_0f7f87e6da29ae62.png,close,reviewed,ads2/assets/1_templates/close_icons,asset_0f7f87e6da29ae62,ads2\assets\1_templates,template,action_target,,,,,file_abf6a9593a794d4f,asset_0f7f87e6da29ae62,D:\Projects\adb_vl\ads2\assets\1_templates\close_icons\close_23.png,ads2\assets\1_templates\close_icons\close_23.png,ads,template,template,raw,action_target,
vision_platform\ads\pilot\action_classifier_v2\dataset\images\ads_action_v2_00032_close_asset_0adb2ecfead6543b.png,close,reviewed,ads2/assets/1_templates/close_icons,asset_0adb2ecfead6543b,ads2\assets\1_templates,template,action_target,,,,,file_4a39bc8220b54bcf,asset_0adb2ecfead6543b,D:\Projects\adb_vl\ads2\assets\1_templates\close_icons\close_24.png,ads2\assets\1_templates\close_icons\close_24.png,ads,template,template,raw,action_target,
vision_platform\ads\pilot\action_classifier_v2\dataset\images\ads_action_v2_00033_close_asset_d9b4a93cc253ae66.png,close,reviewed,ads2/assets/1_templates/close_icons,asset_d9b4a93cc253ae66,ads2\assets\1_templates,template,action_target,,,,,file_acc7870ed969732e,asset_d9b4a93cc253ae66,D:\Projects\adb_vl\ads2\assets\1_templates\close_icons\close_25.png,ads2\assets\1_templates\close_icons\close_25.png,ads,template,template,raw,action_target,
vision_platform\ads\pilot\action_classifier_v2\dataset\images\ads_action_v2_00034_close_asset_649d289a08c9fe33.png,close,reviewed,ads2/assets/1_templates/close_icons,asset_649d289a08c9fe33,ads2\assets\1_templates,template,action_target,,,,,file_2aafaa2342e7ff6d,asset_649d289a08c9fe33,D:\Projects\adb_vl\ads2\assets\1_templates\close_icons\close_3.png,ads2\assets\1_templates\close_icons\close_3.png,ads,template,template,raw,action_target,
vision_platform\ads\pilot\action_classifier_v2\dataset\images\ads_action_v2_00035_close_asset_00f02ef77adb18c4.png,close,reviewed,ads2/assets/1_templates/close_icons,asset_00f02ef77adb18c4,ads2\assets\1_templates,template,action_target,,,,,file_d4c87444e5015593,asset_00f02ef77adb18c4,D:\Projects\adb_vl\ads2\assets\1_templates\close_icons\close_4.png,ads2\assets\1_templates\close_icons\close_4.png,ads,template,template,raw,action_target,
vision_platform\ads\pilot\action_classifier_v2\dataset\images\ads_action_v2_00036_close_asset_59b134576fd486a2.png,close,reviewed,ads2/assets/1_templates/close_icons,asset_59b134576fd486a2,ads2\assets\1_templates,template,action_target,,,,,file_cd80a32dc3ce69d3,asset_59b134576fd486a2,D:\Projects\adb_vl\ads2\assets\1_templates\close_icons\close_5.png,ads2\assets\1_templates\close_icons\close_5.png,ads,template,template,raw,action_target,
vision_platform\ads\pilot\action_classifier_v2\dataset\images\ads_action_v2_00037_close_asset_acdbf97adac6c560.png,close,reviewed,ads2/assets/1_templates/close_icons,asset_acdbf97adac6c560,ads2\assets\1_templates,template,action_target,,,,,file_144f33590c886b45,asset_acdbf97adac6c560,D:\Projects\adb_vl\ads2\assets\1_templates\close_icons\close_6.png,ads2\assets\1_templates\close_icons\close_6.png,ads,template,template,raw,action_target,
vision_platform\ads\pilot\action_classifier_v2\dataset\images\ads_action_v2_00038_close_asset_38da3057c3705cb4.png,close,reviewed,ads2/assets/1_templates/close_icons,asset_38da3057c3705cb4,ads2\assets\1_templates,template,action_target,,,,,file_53c205606c848750,asset_38da3057c3705cb4,D:\Projects\adb_vl\ads2\assets\1_templates\close_icons\close_7.png,ads2\assets\1_templates\close_icons\close_7.png,ads,template,template,raw,action_target,
vision_platform\ads\pilot\action_classifier_v2\dataset\images\ads_action_v2_00039_close_asset_071ca7bff74e053c.png,close,reviewed,ads2/assets/1_templates/close_icons,asset_071ca7bff74e053c,ads2\assets\1_templates,template,action_target,,,,,file_af0af020e1d87e2e,asset_071ca7bff74e053c,D:\Projects\adb_vl\ads2\assets\1_templates\close_icons\close_8.png,ads2\assets\1_templates\close_icons\close_8.png,ads,template,template,raw,action_target,
vision_platform\ads\pilot\action_classifier_v2\dataset\images\ads_action_v2_00040_close_asset_f54277695108c8b6.png,close,reviewed,ads2/assets/1_templates/close_icons,asset_f54277695108c8b6,ads2\assets\1_templates,template,action_target,,,,,file_55b41688a921e7a4,asset_f54277695108c8b6,D:\Projects\adb_vl\ads2\assets\1_templates\close_icons\close_9.png,ads2\assets\1_templates\close_icons\close_9.png,ads,template,template,raw,action_target,
vision_platform\ads\pilot\action_classifier_v2\dataset\images\ads_action_v2_00041_close_asset_fc192034daaaf1b7.png,close,reviewed,ads2/assets/1_templates/close_icons,asset_fc192034daaaf1b7,ads2\assets\1_templates,template,action_target,,,,,file_c88fffda1bde6376,asset_fc192034daaaf1b7,D:\Projects\adb_vl\ads2\assets\1_templates\close_icons\close_back_gp.png,ads2\assets\1_templates\close_icons\close_back_gp.png,ads,template,template,raw,action_target,
vision_platform\ads\pilot\action_classifier_v2\dataset\images\ads_action_v2_00042_close_asset_14abfab802adf40c.png,close,reviewed,ads2/assets/1_templates/close_icons,asset_14abfab802adf40c,ads2\assets\1_templates,template,action_target,,,,,file_bde160b4ff62fd23,asset_14abfab802adf40c,D:\Projects\adb_vl\ads2\assets\1_templates\close_icons\close_skip_gp.png,ads2\assets\1_templates\close_icons\close_skip_gp.png,ads,template,template,raw,action_target,
vision_platform\ads\pilot\action_classifier_v2\dataset\images\ads_action_v2_00043_close_asset_bc5f8a22689dda23.png,close,reviewed,ads2/assets/1_templates/close_icons,asset_bc5f8a22689dda23,ads2\assets\1_templates,template,action_target,,,,,file_e43f95fcbeed911e,asset_bc5f8a22689dda23,D:\Projects\adb_vl\ads2\assets\1_templates\close_icons\close_skip_gp2.png,ads2\assets\1_templates\close_icons\close_skip_gp2.png,ads,template,template,raw,action_target,
vision_platform\ads\pilot\action_classifier_v2\dataset\images\ads_action_v2_00044_close_asset_5d48c64cdd081609.png,close,reviewed,ads2/assets/1_templates/close_icons,asset_5d48c64cdd081609,ads2\assets\1_templates,template,action_target,,,,,file_85f3c0bdc5e04e1d,asset_5d48c64cdd081609,D:\Projects\adb_vl\ads2\assets\1_templates\close_icons\close_skip_gp3.png,ads2\assets\1_templates\close_icons\close_skip_gp3.png,ads,template,template,raw,action_target,
vision_platform\ads\pilot\action_classifier_v2\dataset\images\ads_action_v2_00045_close_asset_ef6efb79aed47f4a.png,close,reviewed,ads2/assets/1_templates/close_icons,asset_ef6efb79aed47f4a,ads2\assets\1_templates,template,action_target,,,,,file_1cb77f3034b09b56,asset_ef6efb79aed47f4a,D:\Projects\adb_vl\ads2\assets\1_templates\close_icons\close_skip_next.png,ads2\assets\1_templates\close_icons\close_skip_next.png,ads,template,template,raw,action_target,
vision_platform\ads\pilot\action_classifier_v2\dataset\images\ads_action_v2_00046_close_asset_6e9c3a68167cfe89.png,close,reviewed,ads2/assets/1_templates/close_icons,asset_6e9c3a68167cfe89,ads2\assets\1_templates,template,action_target,,,,,file_8aa403fa0a5d2da9,asset_6e9c3a68167cfe89,D:\Projects\adb_vl\ads2\assets\1_templates\close_icons\close_skip_next2.png,ads2\assets\1_templates\close_icons\close_skip_next2.png,ads,template,template,raw,action_target,
vision_platform\ads\pilot\action_classifier_v2\dataset\images\ads_action_v2_00047_close_asset_b2c26a493402602b.png,close,reviewed,ads2/assets/1_templates/close_icons,asset_b2c26a493402602b,ads2\assets\1_templates,template,action_target,,,,,file_7a30ab4de7eb758c,asset_b2c26a493402602b,D:\Projects\adb_vl\ads2\assets\1_templates\close_icons\close_x_end.png,ads2\assets\1_templates\close_icons\close_x_end.png,ads,template,template,raw,action_target,
vision_platform\ads\pilot\action_classifier_v2\dataset\images\ads_action_v2_00048_close_asset_f23d35799ad854e5.png,close,reviewed,ads2/assets/1_templates/close_icons,asset_f23d35799ad854e5,ads2\assets\1_templates,template,action_target,,,,,file_7b6a90286e8fac3a,asset_f23d35799ad854e5,D:\Projects\adb_vl\ads2\assets\1_templates\close_icons\close_x_end2.png,ads2\assets\1_templates\close_icons\close_x_end2.png,ads,template,template,raw,action_target,
vision_platform\ads\pilot\action_classifier_v2\dataset\images\ads_action_v2_00049_close_asset_702ce9c110ac8383.png,close,reviewed,ads2/assets/1_templates/close_icons,asset_702ce9c110ac8383,ads2\assets\1_templates,template,action_target,,,,,file_91bbfc8a9546e898,asset_702ce9c110ac8383,D:\Projects\adb_vl\ads2\assets\1_templates\close_icons\close_x_gp.png,ads2\assets\1_templates\close_icons\close_x_gp.png,ads,template,template,raw,action_target,
vision_platform\ads\pilot\action_classifier_v2\dataset\images\ads_action_v2_00050_close_asset_ae17f2d94d0c0ab9.png,close,reviewed,ads2/assets/1_templates/close_icons,asset_ae17f2d94d0c0ab9,ads2\assets\1_templates,template,action_target,,,,,file_3dbd94023a2aefb9,asset_ae17f2d94d0c0ab9,D:\Projects\adb_vl\ads2\assets\1_templates\close_icons\close_x_gp2.png,ads2\assets\1_templates\close_icons\close_x_gp2.png,ads,template,template,raw,action_target,
vision_platform\ads\pilot\action_classifier_v2\dataset\images\ads_action_v2_00051_close_asset_720686941c854cbf.png,close,reviewed,ads2/assets/1_templates/close_icons,asset_720686941c854cbf,ads2\assets\1_templates,template,action_target,,,,,file_0da1190477d9a899,asset_720686941c854cbf,D:\Projects\adb_vl\ads2\assets\1_templates\close_icons\close_x_left.png,ads2\assets\1_templates\close_icons\close_x_left.png,ads,template,template,raw,action_target,
vision_platform\ads\pilot\action_classifier_v2\dataset\images\ads_action_v2_00052_close_asset_172ddc86ac086eee.png,close,reviewed,ads2/assets/1_templates/close_icons,asset_172ddc86ac086eee,ads2\assets\1_templates,template,action_target,,,,,file_d69076ccf60a2327,asset_172ddc86ac086eee,D:\Projects\adb_vl\ads2\assets\1_templates\close_icons\close_x_momo.png,ads2\assets\1_templates\close_icons\close_x_momo.png,ads,template,template,raw,action_target,
vision_platform\ads\pilot\action_classifier_v2\dataset\images\ads_action_v2_00053_close_asset_6802a78b1f5efa66.png,close,reviewed,ads2/assets/1_templates/close_icons,asset_6802a78b1f5efa66,ads2\assets\1_templates,template,action_target,,,,,file_c590ebbfe9db64ca,asset_6802a78b1f5efa66,D:\Projects\adb_vl\ads2\assets\1_templates\close_icons\close_x_valor.png,ads2\assets\1_templates\close_icons\close_x_valor.png,ads,template,template,raw,action_target,
vision_platform\ads\pilot\action_classifier_v2\dataset\images\ads_action_v2_00054_close_asset_ca2b6cba35c5b2d0.png,close,reviewed,ads2/assets/1_templates/備份,asset_ca2b6cba35c5b2d0,ads2\assets\1_templates,template,action_target,,,,,file_ec85e8680fb6449d,asset_ca2b6cba35c5b2d0,D:\Projects\adb_vl\ads2\assets\1_templates\備份\ad_issue_20260606_043707_roi_0.png,ads2\assets\1_templates\備份\ad_issue_20260606_043707_roi_0.png,ads,template,template,raw,action_target,
vision_platform\ads\pilot\action_classifier_v2\dataset\images\ads_action_v2_00055_close_asset_600c1aa4b826d2ff.png,close,reviewed,ads2/assets/1_templates/備份,asset_600c1aa4b826d2ff,ads2\assets\1_templates,template,action_target,,,,,file_ecb42889e244410f,asset_600c1aa4b826d2ff,D:\Projects\adb_vl\ads2\assets\1_templates\備份\close_4.png,ads2\assets\1_templates\備份\close_4.png,ads,template,template,raw,action_target,
vision_platform\ads\pilot\action_classifier_v2\dataset\images\ads_action_v2_00056_close_asset_799dbc67f3bfef79.png,close,reviewed,ads2/assets/1_templates/備份,asset_799dbc67f3bfef79,ads2\assets\1_templates,template,action_target,,,,,file_7d7da0ebe8757d20,asset_799dbc67f3bfef79,D:\Projects\adb_vl\ads2\assets\1_templates\備份\close_x_1.png,ads2\assets\1_templates\備份\close_x_1.png,ads,template,template,raw,action_target,
vision_platform\ads\pilot\action_classifier_v2\dataset\images\ads_action_v2_00057_close_asset_36b1b5a10f89b840.png,close,reviewed,ads2/assets/1_templates/備份,asset_36b1b5a10f89b840,ads2\assets\1_templates,template,action_target,,,,,file_91401f9fb819693a,asset_36b1b5a10f89b840,D:\Projects\adb_vl\ads2\assets\1_templates\備份\close_x_trans.png,ads2\assets\1_templates\備份\close_x_trans.png,ads,template,template,raw,action_target,
vision_platform\ads\pilot\action_classifier_v2\dataset\images\ads_action_v2_00058_close_asset_4fbcd7df4f1e9032.png,close,reviewed,ads2/assets/1_templates/備份,asset_4fbcd7df4f1e9032,ads2\assets\1_templates,template,action_target,,,,,file_39c21fa7d94cb2a7,asset_4fbcd7df4f1e9032,D:\Projects\adb_vl\ads2\assets\1_templates\備份\close_x_white.png,ads2\assets\1_templates\備份\close_x_white.png,ads,template,template,raw,action_target,
vision_platform\ads\pilot\action_classifier_v2\dataset\images\ads_action_v2_00059_close_asset_35ce5f07416b747b.png,close,reviewed,ads2/assets/2_communication,asset_35ce5f07416b747b,ads2\assets\2_communication,review_asset,action_target,,,,,file_2932d7af3ca12e43,asset_35ce5f07416b747b,D:\Projects\adb_vl\ads2\assets\2_communication\crop_20260606_231704.png,ads2\assets\2_communication\crop_20260606_231704.png,ads,crop,review_asset,raw,action_target,
vision_platform\ads\pilot\action_classifier_v2\dataset\images\ads_action_v2_00060_close_asset_19b2ec4116cb41f1.png,close,reviewed,ads2/assets/2_communication,asset_19b2ec4116cb41f1,ads2\assets\2_communication,review_asset,action_target,,,,,file_713134c148f04c7e,asset_19b2ec4116cb41f1,D:\Projects\adb_vl\ads2\assets\2_communication\crop_20260607_082421.png,ads2\assets\2_communication\crop_20260607_082421.png,ads,crop,review_asset,raw,action_target,
vision_platform\ads\pilot\action_classifier_v2\dataset\images\ads_action_v2_00061_close_asset_565f2f8c61c441ed.png,close,reviewed,ads2/assets/2_communication,asset_565f2f8c61c441ed,ads2\assets\2_communication,review_asset,action_target,,,,,file_d25e2902dcb4f98d,asset_565f2f8c61c441ed,D:\Projects\adb_vl\ads2\assets\2_communication\crop_20260607_101333.png,ads2\assets\2_communication\crop_20260607_101333.png,ads,crop,review_asset,raw,action_target,
vision_platform\ads\pilot\action_classifier_v2\dataset\images\ads_action_v2_00062_close_asset_649d289a08c9fe33.png,close,reviewed,ads2/assets/2_communication,asset_649d289a08c9fe33,ads2\assets\2_communication,review_asset,action_target,,,,,file_c16a6abca2852416,asset_649d289a08c9fe33,D:\Projects\adb_vl\ads2\assets\2_communication\crop_20260607_145346.png,ads2\assets\2_communication\crop_20260607_145346.png,ads,crop,review_asset,raw,action_target,
vision_platform\ads\pilot\action_classifier_v2\dataset\images\ads_action_v2_00063_close_asset_44c737edef3fcbb0.png,close,reviewed,ads2/assets/2_communication,asset_44c737edef3fcbb0,ads2\assets\2_communication,review_asset,action_target,,,,,file_c67d8401d09d7918,asset_44c737edef3fcbb0,D:\Projects\adb_vl\ads2\assets\2_communication\crop_20260607_150413_0.png,ads2\assets\2_communication\crop_20260607_150413_0.png,ads,crop,review_asset,raw,action_target,
vision_platform\ads\pilot\action_classifier_v2\dataset\images\ads_action_v2_00064_close_asset_600c1aa4b826d2ff.png,close,reviewed,ads2/assets/2_communication,asset_600c1aa4b826d2ff,ads2\assets\2_communication,review_asset,action_target,,,,,file_b6c83457af3bd52e,asset_600c1aa4b826d2ff,D:\Projects\adb_vl\ads2\assets\2_communication\crop_20260607_153732_2.png,ads2\assets\2_communication\crop_20260607_153732_2.png,ads,crop,review_asset,raw,action_target,
vision_platform\ads\pilot\action_classifier_v2\dataset\images\ads_action_v2_00065_close_asset_59b134576fd486a2.png,close,reviewed,ads2/assets/2_communication,asset_59b134576fd486a2,ads2\assets\2_communication,review_asset,action_target,,,,,file_d93b2cf78e0093cb,asset_59b134576fd486a2,D:\Projects\adb_vl\ads2\assets\2_communication\crop_20260607_154252_0.png,ads2\assets\2_communication\crop_20260607_154252_0.png,ads,crop,review_asset,raw,action_target,
vision_platform\ads\pilot\action_classifier_v2\dataset\images\ads_action_v2_00066_close_asset_acdbf97adac6c560.png,close,reviewed,ads2/assets/2_communication,asset_acdbf97adac6c560,ads2\assets\2_communication,review_asset,action_target,,,,,file_e6d56513f1247c4a,asset_acdbf97adac6c560,D:\Projects\adb_vl\ads2\assets\2_communication\crop_20260607_161637_1.png,ads2\assets\2_communication\crop_20260607_161637_1.png,ads,crop,review_asset,raw,action_target,
vision_platform\ads\pilot\action_classifier_v2\dataset\images\ads_action_v2_00067_close_asset_38da3057c3705cb4.png,close,reviewed,ads2/assets/2_communication,asset_38da3057c3705cb4,ads2\assets\2_communication,review_asset,action_target,,,,,file_1225b16c8287b0db,asset_38da3057c3705cb4,D:\Projects\adb_vl\ads2\assets\2_communication\crop_20260607_163135_0.png,ads2\assets\2_communication\crop_20260607_163135_0.png,ads,crop,review_asset,raw,action_target,
vision_platform\ads\pilot\action_classifier_v2\dataset\images\ads_action_v2_00068_close_asset_ba122ebcde3b79b0.png,close,reviewed,ads2/assets/2_communication,asset_ba122ebcde3b79b0,ads2\assets\2_communication,review_asset,action_target,,,,,file_8eeb737b221cd6a9,asset_ba122ebcde3b79b0,D:\Projects\adb_vl\ads2\assets\2_communication\crop_20260607_164029_0.png,ads2\assets\2_communication\crop_20260607_164029_0.png,ads,crop,review_asset,raw,action_target,
vision_platform\ads\pilot\action_classifier_v2\dataset\images\ads_action_v2_00069_close_asset_f54277695108c8b6.png,close,reviewed,ads2/assets/2_communication,asset_f54277695108c8b6,ads2\assets\2_communication,review_asset,action_target,,,,,file_53514e3d3d6c8a19,asset_f54277695108c8b6,D:\Projects\adb_vl\ads2\assets\2_communication\crop_20260607_165932_0.png,ads2\assets\2_communication\crop_20260607_165932_0.png,ads,crop,review_asset,raw,action_target,
vision_platform\ads\pilot\action_classifier_v2\dataset\images\ads_action_v2_00070_close_asset_00f02ef77adb18c4.png,close,reviewed,ads2/assets/2_communication,asset_00f02ef77adb18c4,ads2\assets\2_communication,review_asset,action_target,,,,,file_3851888fbc2dbeca,asset_00f02ef77adb18c4,D:\Projects\adb_vl\ads2\assets\2_communication\crop_20260613_064842.png,ads2\assets\2_communication\crop_20260613_064842.png,ads,crop,review_asset,raw,action_target,
vision_platform\ads\pilot\action_classifier_v2\dataset\images\ads_action_v2_00071_close_asset_5b3fbaac886e6b1c.png,close,reviewed,ads2/assets/2_communication,asset_5b3fbaac886e6b1c,ads2\assets\2_communication,review_asset,action_target,,,,,file_74afff5307f342ee,asset_5b3fbaac886e6b1c,D:\Projects\adb_vl\ads2\assets\2_communication\crop_20260613_153604.png,ads2\assets\2_communication\crop_20260613_153604.png,ads,crop,review_asset,raw,action_target,
vision_platform\ads\pilot\action_classifier_v2\dataset\images\ads_action_v2_00072_close_asset_814457f65714bfe8.png,close,reviewed,ads2/assets/2_communication,asset_814457f65714bfe8,ads2\assets\2_communication,review_asset,action_target,,,,,file_a34773104b4e75d6,asset_814457f65714bfe8,D:\Projects\adb_vl\ads2\assets\2_communication\crop_20260613_154118.png,ads2\assets\2_communication\crop_20260613_154118.png,ads,crop,review_asset,raw,action_target,
vision_platform\ads\pilot\action_classifier_v2\dataset\images\ads_action_v2_00073_close_asset_44aa502360ac075b.png,close,reviewed,ads2/assets/2_communication,asset_44aa502360ac075b,ads2\assets\2_communication,review_asset,action_target,,,,,file_c90ce0fc42f899f2,asset_44aa502360ac075b,D:\Projects\adb_vl\ads2\assets\2_communication\crop_20260614_155157.png,ads2\assets\2_communication\crop_20260614_155157.png,ads,crop,review_asset,raw,action_target,
vision_platform\ads\pilot\action_classifier_v2\dataset\images\ads_action_v2_00074_close_asset_781a510f3a857316.png,close,reviewed,ads2/assets/2_communication,asset_781a510f3a857316,ads2\assets\2_communication,review_asset,action_target,,,,,file_6bf79d2c60c74afe,asset_781a510f3a857316,D:\Projects\adb_vl\ads2\assets\2_communication\crop_20260615_082502.png,ads2\assets\2_communication\crop_20260615_082502.png,ads,crop,review_asset,raw,action_target,
vision_platform\ads\pilot\action_classifier_v2\dataset\images\ads_action_v2_00075_close_asset_7513f11f0e141a8c.png,close,reviewed,ads2/assets/2_communication,asset_7513f11f0e141a8c,ads2\assets\2_communication,review_asset,action_target,,,,,file_984c7f5da1e5c135,asset_7513f11f0e141a8c,D:\Projects\adb_vl\ads2\assets\2_communication\crop_20260615_092805.png,ads2\assets\2_communication\crop_20260615_092805.png,ads,crop,review_asset,raw,action_target,
vision_platform\ads\pilot\action_classifier_v2\dataset\images\ads_action_v2_00076_close_asset_b7e64faadd9ca7c4.png,close,reviewed,ads2/assets/2_communication,asset_b7e64faadd9ca7c4,ads2\assets\2_communication,review_asset,action_target,,,,,file_16fe2d8c8d8e98c4,asset_b7e64faadd9ca7c4,D:\Projects\adb_vl\ads2\assets\2_communication\crop_20260617_104135.png,ads2\assets\2_communication\crop_20260617_104135.png,ads,crop,review_asset,raw,action_target,
vision_platform\ads\pilot\action_classifier_v2\dataset\images\ads_action_v2_00077_close_asset_5d7e57a62103e2c1.png,close,reviewed,ads2/assets/2_communication,asset_5d7e57a62103e2c1,ads2\assets\2_communication,review_asset,action_target,,,,,file_2304217997c3513c,asset_5d7e57a62103e2c1,D:\Projects\adb_vl\ads2\assets\2_communication\crop_20260624_122449.png,ads2\assets\2_communication\crop_20260624_122449.png,ads,crop,review_asset,raw,action_target,
vision_platform\ads\pilot\action_classifier_v2\dataset\images\ads_action_v2_00078_close_asset_9fdb4db2e3fe6848.png,close,reviewed,ads2/assets/2_communication,asset_9fdb4db2e3fe6848,ads2\assets\2_communication,review_asset,action_target,,,,,file_689a5155897e9f57,asset_9fdb4db2e3fe6848,D:\Projects\adb_vl\ads2\assets\2_communication\crop_20260624_124749.png,ads2\assets\2_communication\crop_20260624_124749.png,ads,crop,review_asset,raw,action_target,
vision_platform\ads\pilot\action_classifier_v2\dataset\images\ads_action_v2_00079_close_asset_db80ab2f7ad7e606.png,close,reviewed,ads2/assets/2_communication,asset_db80ab2f7ad7e606,ads2\assets\2_communication,review_asset,action_target,,,,,file_47a7c77092d6a23c,asset_db80ab2f7ad7e606,D:\Projects\adb_vl\ads2\assets\2_communication\crop_20260624_135856.png,ads2\assets\2_communication\crop_20260624_135856.png,ads,crop,review_asset,raw,action_target,
vision_platform\ads\pilot\action_classifier_v2\dataset\images\ads_action_v2_00080_close_asset_e3aa0c73c537c671.png,close,reviewed,ads2/assets/2_communication,asset_e3aa0c73c537c671,ads2\assets\2_communication,review_asset,action_target,,,,,file_8b7e4501d69fc05e,asset_e3aa0c73c537c671,D:\Projects\adb_vl\ads2\assets\2_communication\crop_20260625_144957.png,ads2\assets\2_communication\crop_20260625_144957.png,ads,crop,review_asset,raw,action_target,
vision_platform\ads\pilot\action_classifier_v2\dataset\images\ads_action_v2_00081_close_asset_fe436527d7d5643c.png,close,reviewed,ads2/assets/2_communication,asset_fe436527d7d5643c,ads2\assets\2_communication,review_asset,action_target,,,,,file_9e6b84838134767c,asset_fe436527d7d5643c,D:\Projects\adb_vl\ads2\assets\2_communication\crop_20260629_105851.png,ads2\assets\2_communication\crop_20260629_105851.png,ads,crop,review_asset,raw,action_target,
vision_platform\ads\pilot\action_classifier_v2\dataset\images\ads_action_v2_00082_close_asset_927b02d71a0d5e87.png,close,reviewed,ads2/assets/2_communication,asset_927b02d71a0d5e87,ads2\assets\2_communication,review_asset,action_target,,,,,file_f0b17f060d69863e,asset_927b02d71a0d5e87,D:\Projects\adb_vl\ads2\assets\2_communication\crop_20260630_190348.png,ads2\assets\2_communication\crop_20260630_190348.png,ads,crop,review_asset,raw,action_target,
vision_platform\ads\pilot\action_classifier_v2\dataset\images\ads_action_v2_00083_close_asset_384d89598f4f57fc.png,close,reviewed,ads2/assets/2_communication,asset_384d89598f4f57fc,ads2\assets\2_communication,review_asset,action_target,,,,,file_0ef091930694a23b,asset_384d89598f4f57fc,D:\Projects\adb_vl\ads2\assets\2_communication\crop_20260703_094330.png,ads2\assets\2_communication\crop_20260703_094330.png,ads,crop,review_asset,raw,action_target,
vision_platform\ads\pilot\action_classifier_v2\dataset\images\ads_action_v2_00084_close_asset_0f7f87e6da29ae62.png,close,reviewed,ads2/assets/2_communication,asset_0f7f87e6da29ae62,ads2\assets\2_communication,review_asset,action_target,,,,,file_693b9a9b04de9486,asset_0f7f87e6da29ae62,D:\Projects\adb_vl\ads2\assets\2_communication\crop_20260703_095054.png,ads2\assets\2_communication\crop_20260703_095054.png,ads,crop,review_asset,raw,action_target,
vision_platform\ads\pilot\action_classifier_v2\dataset\images\ads_action_v2_00085_close_asset_0adb2ecfead6543b.png,close,reviewed,ads2/assets/2_communication,asset_0adb2ecfead6543b,ads2\assets\2_communication,review_asset,action_target,,,,,file_606d468a5c0dccd5,asset_0adb2ecfead6543b,D:\Projects\adb_vl\ads2\assets\2_communication\crop_20260703_113909.png,ads2\assets\2_communication\crop_20260703_113909.png,ads,crop,review_asset,raw,action_target,
vision_platform\ads\pilot\action_classifier_v2\dataset\images\ads_action_v2_00086_close_asset_d9b4a93cc253ae66.png,close,reviewed,ads2/assets/2_communication,asset_d9b4a93cc253ae66,ads2\assets\2_communication,review_asset,action_target,,,,,file_b7dda09f0cbc0eaf,asset_d9b4a93cc253ae66,D:\Projects\adb_vl\ads2\assets\2_communication\crop_20260708_161712.png,ads2\assets\2_communication\crop_20260708_161712.png,ads,crop,review_asset,raw,action_target,
vision_platform\ads\pilot\action_classifier_v2\dataset\images\ads_action_v2_00087_close_asset_0db3aa10d25f2d41.png,close,reviewed,ads2/assets/review_crops,asset_0db3aa10d25f2d41,ads2\assets\review_crops,candidate_crop,action_target,,,,,file_f25efae1970613c3,asset_0db3aa10d25f2d41,D:\Projects\adb_vl\ads2\assets\review_crops\ad_issue_20260606_042257_roi_0.png,ads2\assets\review_crops\ad_issue_20260606_042257_roi_0.png,ads,crop,candidate_crop,raw,action_target,
vision_platform\ads\pilot\action_classifier_v2\dataset\images\ads_action_v2_00088_close_asset_5458b3827ef7a8ca.png,close,reviewed,ads2/assets/review_crops,asset_5458b3827ef7a8ca,ads2\assets\review_crops,candidate_crop,action_target,,,,,file_ba3e91518bbe9ff4,asset_5458b3827ef7a8ca,D:\Projects\adb_vl\ads2\assets\review_crops\ad_issue_20260606_042353_roi_0.png,ads2\assets\review_crops\ad_issue_20260606_042353_roi_0.png,ads,crop,candidate_crop,raw,action_target,
vision_platform\ads\pilot\action_classifier_v2\dataset\images\ads_action_v2_00089_close_asset_cef23608dc872452.png,close,reviewed,ads2/assets/review_crops,asset_cef23608dc872452,ads2\assets\review_crops,candidate_crop,action_target,,,,,file_52db98461437be18,asset_cef23608dc872452,D:\Projects\adb_vl\ads2\assets\review_crops\ad_issue_20260606_042429_roi_0.png,ads2\assets\review_crops\ad_issue_20260606_042429_roi_0.png,ads,crop,candidate_crop,raw,action_target,
vision_platform\ads\pilot\action_classifier_v2\dataset\images\ads_action_v2_00090_close_asset_98e1db61d8ee29c9.png,close,reviewed,ads2/assets/review_crops,asset_98e1db61d8ee29c9,ads2\assets\review_crops,candidate_crop,action_target,,,,,file_5f34bb9564706fee,asset_98e1db61d8ee29c9,D:\Projects\adb_vl\ads2\assets\review_crops\ad_issue_20260606_043419_roi_0.png,ads2\assets\review_crops\ad_issue_20260606_043419_roi_0.png,ads,crop,candidate_crop,raw,action_target,
vision_platform\ads\pilot\action_classifier_v2\dataset\images\ads_action_v2_00091_close_asset_44cce56142a53ecb.png,close,reviewed,ads2/assets/review_crops,asset_44cce56142a53ecb,ads2\assets\review_crops,candidate_crop,action_target,,,,,file_4c895d9147a8f08e,asset_44cce56142a53ecb,D:\Projects\adb_vl\ads2\assets\review_crops\ad_issue_20260606_043707_roi_0.png,ads2\assets\review_crops\ad_issue_20260606_043707_roi_0.png,ads,crop,candidate_crop,raw,action_target,
vision_platform\ads\pilot\action_classifier_v2\dataset\images\ads_action_v2_00092_close_asset_c889af42d3e373fc.png,close,reviewed,ads2/assets/review_crops,asset_c889af42d3e373fc,ads2\assets\review_crops,candidate_crop,action_target,,,,,file_23a53344b9c60761,asset_c889af42d3e373fc,D:\Projects\adb_vl\ads2\assets\review_crops\ad_issue_20260606_044156_roi_0.png,ads2\assets\review_crops\ad_issue_20260606_044156_roi_0.png,ads,crop,candidate_crop,raw,action_target,
vision_platform\ads\pilot\action_classifier_v2\dataset\images\ads_action_v2_00093_close_asset_3357841f0220f11b.png,close,reviewed,ads2/assets/review_crops,asset_3357841f0220f11b,ads2\assets\review_crops,candidate_crop,action_target,,,,,file_77d55db681bf8b24,asset_3357841f0220f11b,D:\Projects\adb_vl\ads2\assets\review_crops\ad_issue_20260606_044653_roi_0.png,ads2\assets\review_crops\ad_issue_20260606_044653_roi_0.png,ads,crop,candidate_crop,raw,action_target,
vision_platform\ads\pilot\action_classifier_v2\dataset\images\ads_action_v2_00094_close_asset_d817f8eddbd0f0f8.png,close,reviewed,ads2/assets/review_crops,asset_d817f8eddbd0f0f8,ads2\assets\review_crops,candidate_crop,action_target,,,,,file_747fb3dafbccfcaf,asset_d817f8eddbd0f0f8,D:\Projects\adb_vl\ads2\assets\review_crops\ad_issue_20260606_044717_roi_0.png,ads2\assets\review_crops\ad_issue_20260606_044717_roi_0.png,ads,crop,candidate_crop,raw,action_target,
vision_platform\ads\pilot\action_classifier_v2\dataset\images\ads_action_v2_00095_close_asset_9bd83ce1a9915ca0.png,close,reviewed,ads2/assets/review_crops,asset_9bd83ce1a9915ca0,ads2\assets\review_crops,candidate_crop,action_target,,,,,file_08e5bb9706d14b67,asset_9bd83ce1a9915ca0,D:\Projects\adb_vl\ads2\assets\review_crops\ad_issue_20260606_045316_roi_0.png,ads2\assets\review_crops\ad_issue_20260606_045316_roi_0.png,ads,crop,candidate_crop,raw,action_target,
vision_platform\ads\pilot\action_classifier_v2\dataset\images\ads_action_v2_00096_close_asset_7e25ffb66d6ac8ce.png,close,reviewed,ads2/assets/review_crops,asset_7e25ffb66d6ac8ce,ads2\assets\review_crops,candidate_crop,action_target,,,,,file_c4807ae8af466acd,asset_7e25ffb66d6ac8ce,D:\Projects\adb_vl\ads2\assets\review_crops\ad_issue_20260606_045709_roi_0.png,ads2\assets\review_crops\ad_issue_20260606_045709_roi_0.png,ads,crop,candidate_crop,raw,action_target,
vision_platform\ads\pilot\action_classifier_v2\dataset\images\ads_action_v2_00097_close_asset_41144c8a32bd4ecc.png,close,reviewed,ads2/assets/review_crops,asset_41144c8a32bd4ecc,ads2\assets\review_crops,candidate_crop,action_target,,,,,file_66efb2934ca0bdfd,asset_41144c8a32bd4ecc,D:\Projects\adb_vl\ads2\assets\review_crops\ad_issue_20260606_045743_roi_0.png,ads2\assets\review_crops\ad_issue_20260606_045743_roi_0.png,ads,crop,candidate_crop,raw,action_target,
vision_platform\ads\pilot\action_classifier_v2\dataset\images\ads_action_v2_00098_close_asset_39299fffba65c9ba.png,close,reviewed,ads2/assets/review_crops,asset_39299fffba65c9ba,ads2\assets\review_crops,candidate_crop,action_target,,,,,file_31db8e5d2492b245,asset_39299fffba65c9ba,D:\Projects\adb_vl\ads2\assets\review_crops\ad_issue_20260606_052002_roi_15.png,ads2\assets\review_crops\ad_issue_20260606_052002_roi_15.png,ads,crop,candidate_crop,raw,action_target,
vision_platform\ads\pilot\action_classifier_v2\dataset\images\ads_action_v2_00099_close_asset_917bc11cb365ab77.png,close,reviewed,ads2/assets/review_crops,asset_917bc11cb365ab77,ads2\assets\review_crops,candidate_crop,action_target,,,,,file_48040a14334f0d46,asset_917bc11cb365ab77,D:\Projects\adb_vl\ads2\assets\review_crops\ad_issue_20260606_052302_roi_0.png,ads2\assets\review_crops\ad_issue_20260606_052302_roi_0.png,ads,crop,candidate_crop,raw,action_target,
vision_platform\ads\pilot\action_classifier_v2\dataset\images\ads_action_v2_00100_close_asset_645ad8b448d9d2ef.png,close,reviewed,ads2/assets/review_crops,asset_645ad8b448d9d2ef,ads2\assets\review_crops,candidate_crop,action_target,,,,,file_42821aa6adfc5307,asset_645ad8b448d9d2ef,D:\Projects\adb_vl\ads2\assets\review_crops\ad_issue_20260606_081550_roi_9.png,ads2\assets\review_crops\ad_issue_20260606_081550_roi_9.png,ads,crop,candidate_crop,raw,action_target,
vision_platform\ads\pilot\action_classifier_v2\dataset\images\ads_action_v2_00101_close_asset_8c6b4f5a25172b19.png,close,reviewed,ads2/assets/review_crops,asset_8c6b4f5a25172b19,ads2\assets\review_crops,candidate_crop,action_target,,,,,file_5bec6b01acde55e2,asset_8c6b4f5a25172b19,D:\Projects\adb_vl\ads2\assets\review_crops\ad_issue_20260606_082946_roi_0.png,ads2\assets\review_crops\ad_issue_20260606_082946_roi_0.png,ads,crop,candidate_crop,raw,action_target,
vision_platform\ads\pilot\action_classifier_v2\dataset\images\ads_action_v2_00102_close_asset_c3289c022813c91d.png,close,reviewed,ads2/assets/review_crops,asset_c3289c022813c91d,ads2\assets\review_crops,candidate_crop,action_target,,,,,file_87873dfa34b9d64e,asset_c3289c022813c91d,D:\Projects\adb_vl\ads2\assets\review_crops\ad_issue_20260606_083435_roi_0.png,ads2\assets\review_crops\ad_issue_20260606_083435_roi_0.png,ads,crop,candidate_crop,raw,action_target,
vision_platform\ads\pilot\action_classifier_v2\dataset\images\ads_action_v2_00103_close_asset_3b2b25a7fe2164d6.png,close,reviewed,ads2/assets/review_crops,asset_3b2b25a7fe2164d6,ads2\assets\review_crops,candidate_crop,action_target,,,,,file_84d02d57b6a103a2,asset_3b2b25a7fe2164d6,D:\Projects\adb_vl\ads2\assets\review_crops\ad_issue_20260606_084107_roi_0.png,ads2\assets\review_crops\ad_issue_20260606_084107_roi_0.png,ads,crop,candidate_crop,raw,action_target,
vision_platform\ads\pilot\action_classifier_v2\dataset\images\ads_action_v2_00104_close_asset_2d689bc589500b1a.png,close,reviewed,ads2/assets/review_crops/close_glyph_candidates/sample/x_rule_calibration/samples,asset_2d689bc589500b1a,ads2\assets\review_crops,candidate_crop,action_target,,,,,file_bbab78425fc0bbba,asset_2d689bc589500b1a,D:\Projects\adb_vl\ads2\assets\review_crops\close_glyph_candidates\sample\x_rule_calibration\samples\000638_20260711_151211_after_tap_661_29.png,ads2\assets\review_crops\close_glyph_candidates\sample\x_rule_calibration\samples\000638_20260711_151211_after_tap_661_29.png,ads,crop,candidate_crop,raw,action_target,
vision_platform\ads\pilot\action_classifier_v2\dataset\images\ads_action_v2_00105_close_asset_d7e63da6bce07de7.png,close,reviewed,ads2/assets/review_crops/close_glyph_candidates/sample/x_rule_calibration/samples,asset_d7e63da6bce07de7,ads2\assets\review_crops,candidate_crop,action_target,,,,,file_35041385451e4482,asset_d7e63da6bce07de7,D:\Projects\adb_vl\ads2\assets\review_crops\close_glyph_candidates\sample\x_rule_calibration\samples\current入口_20260711_082942.png,ads2\assets\review_crops\close_glyph_candidates\sample\x_rule_calibration\samples\current入口_20260711_082942.png,ads,crop,candidate_crop,raw,action_target,
vision_platform\ads\pilot\action_classifier_v2\dataset\images\ads_action_v2_00106_close_asset_45968d6db941cf70.png,close,reviewed,close_x_classifier/data/review_batch_001/patches,asset_45968d6db941cf70,close_x_classifier\data\review_batch_001,review_asset,action_target,,,,,file_426686bab3f9b1df,asset_45968d6db941cf70,D:\Projects\adb_vl\close_x_classifier\data\review_batch_001\patches\cand_000001.png,close_x_classifier\data\review_batch_001\patches\cand_000001.png,ads,crop,review_asset,raw,action_target,
vision_platform\ads\pilot\action_classifier_v2\dataset\images\ads_action_v2_00107_close_asset_c3fea2567743cc49.png,close,reviewed,close_x_classifier/data/review_batch_001/review/close,asset_c3fea2567743cc49,close_x_classifier\data\review_batch_001,review_asset,action_target,,,,,file_6683231809f6e890,asset_c3fea2567743cc49,D:\Projects\adb_vl\close_x_classifier\data\review_batch_001\review\close\000042_score_0.978_x916_y25_w22_h22_log__20260711_114928_30096_afk_20260711_114738_14_廣告時間沙漏_task__000014_20260711_115034_after_tap_301_350.png.png,close_x_classifier\data\review_batch_001\review\close\000042_score_0.978_x916_y25_w22_h22_log__20260711_114928_30096_afk_20260711_114738_14_廣告時間沙漏_task__000014_20260711_115034_after_tap_301_350.png.png,ads,crop,review_asset,raw,action_target,
vision_platform\ads\pilot\action_classifier_v2\dataset\images\ads_action_v2_00108_close_asset_fa3d7fef15779703.png,close,reviewed,close_x_classifier/data/stage0_6_canonical_object_poc/images,asset_fa3d7fef15779703,close_x_classifier\data\stage0_6_canonical_object_poc,candidate_crop,action_target,,,,,file_d7dc1ef0c0b6e77f,asset_fa3d7fef15779703,D:\Projects\adb_vl\close_x_classifier\data\stage0_6_canonical_object_poc\images\stage0_6_00001_close.png,close_x_classifier\data\stage0_6_canonical_object_poc\images\stage0_6_00001_close.png,ads,crop,candidate_crop,raw,action_target,
vision_platform\ads\pilot\action_classifier_v2\dataset\images\ads_action_v2_00109_close_asset_a63539b97d53dbd3.png,close,reviewed,close_x_classifier/data/stage0_6_canonical_object_poc/images,asset_a63539b97d53dbd3,close_x_classifier\data\stage0_6_canonical_object_poc,candidate_crop,action_target,,,,,file_46299ba27a11729e,asset_a63539b97d53dbd3,D:\Projects\adb_vl\close_x_classifier\data\stage0_6_canonical_object_poc\images\stage0_6_00002_close.png,close_x_classifier\data\stage0_6_canonical_object_poc\images\stage0_6_00002_close.png,ads,crop,candidate_crop,raw,action_target,
vision_platform\ads\pilot\action_classifier_v2\dataset\images\ads_action_v2_00110_close_asset_9a10780f2d36ab87.png,close,reviewed,close_x_classifier/data/stage0_6_canonical_object_poc/images,asset_9a10780f2d36ab87,close_x_classifier\data\stage0_6_canonical_object_poc,candidate_crop,action_target,,,,,file_106c279945231dae,asset_9a10780f2d36ab87,D:\Projects\adb_vl\close_x_classifier\data\stage0_6_canonical_object_poc\images\stage0_6_00003_close.png,close_x_classifier\data\stage0_6_canonical_object_poc\images\stage0_6_00003_close.png,ads,crop,candidate_crop,raw,action_target,
vision_platform\ads\pilot\action_classifier_v2\dataset\images\ads_action_v2_00111_close_asset_5d0be92e4ade06ce.png,close,reviewed,close_x_classifier/data/stage0_6_canonical_object_poc/images,asset_5d0be92e4ade06ce,close_x_classifier\data\stage0_6_canonical_object_poc,candidate_crop,action_target,,,,,file_db6325318665f0e8,asset_5d0be92e4ade06ce,D:\Projects\adb_vl\close_x_classifier\data\stage0_6_canonical_object_poc\images\stage0_6_00004_close.png,close_x_classifier\data\stage0_6_canonical_object_poc\images\stage0_6_00004_close.png,ads,crop,candidate_crop,raw,action_target,
vision_platform\ads\pilot\action_classifier_v2\dataset\images\ads_action_v2_00112_close_asset_53464257d29506c2.png,close,reviewed,close_x_classifier/data/stage0_6_canonical_object_poc/images,asset_53464257d29506c2,close_x_classifier\data\stage0_6_canonical_object_poc,candidate_crop,action_target,,,,,file_c149d1ff19a0fac9,asset_53464257d29506c2,D:\Projects\adb_vl\close_x_classifier\data\stage0_6_canonical_object_poc\images\stage0_6_00005_close.png,close_x_classifier\data\stage0_6_canonical_object_poc\images\stage0_6_00005_close.png,ads,crop,candidate_crop,raw,action_target,
vision_platform\ads\pilot\action_classifier_v2\dataset\images\ads_action_v2_00113_close_asset_98a6f59dfca8976a.png,close,reviewed,close_x_classifier/data/stage0_6_canonical_object_poc/images,asset_98a6f59dfca8976a,close_x_classifier\data\stage0_6_canonical_object_poc,candidate_crop,action_target,,,,,file_159efa9e10e1f827,asset_98a6f59dfca8976a,D:\Projects\adb_vl\close_x_classifier\data\stage0_6_canonical_object_poc\images\stage0_6_00006_close.png,close_x_classifier\data\stage0_6_canonical_object_poc\images\stage0_6_00006_close.png,ads,crop,candidate_crop,raw,action_target,
vision_platform\ads\pilot\action_classifier_v2\dataset\images\ads_action_v2_00114_close_asset_1f22fce00e63a28d.png,close,reviewed,close_x_classifier/data/stage0_6_canonical_object_poc/images,asset_1f22fce00e63a28d,close_x_classifier\data\stage0_6_canonical_object_poc,candidate_crop,action_target,,,,,file_a3604720679e3ec0,asset_1f22fce00e63a28d,D:\Projects\adb_vl\close_x_classifier\data\stage0_6_canonical_object_poc\images\stage0_6_00007_close.png,close_x_classifier\data\stage0_6_canonical_object_poc\images\stage0_6_00007_close.png,ads,crop,candidate_crop,raw,action_target,
vision_platform\ads\pilot\action_classifier_v2\dataset\images\ads_action_v2_00115_close_asset_0a381f93df500f62.png,close,reviewed,close_x_classifier/data/stage0_6_canonical_object_poc/images,asset_0a381f93df500f62,close_x_classifier\data\stage0_6_canonical_object_poc,candidate_crop,action_target,,,,,file_12a618214082739a,asset_0a381f93df500f62,D:\Projects\adb_vl\close_x_classifier\data\stage0_6_canonical_object_poc\images\stage0_6_00008_close.png,close_x_classifier\data\stage0_6_canonical_object_poc\images\stage0_6_00008_close.png,ads,crop,candidate_crop,raw,action_target,
vision_platform\ads\pilot\action_classifier_v2\dataset\images\ads_action_v2_00116_close_asset_da20f68a045d0135.png,close,reviewed,close_x_classifier/data/stage0_6_canonical_object_poc/images,asset_da20f68a045d0135,close_x_classifier\data\stage0_6_canonical_object_poc,candidate_crop,action_target,,,,,file_42ac8ed134a3c90f,asset_da20f68a045d0135,D:\Projects\adb_vl\close_x_classifier\data\stage0_6_canonical_object_poc\images\stage0_6_00009_close.png,close_x_classifier\data\stage0_6_canonical_object_poc\images\stage0_6_00009_close.png,ads,crop,candidate_crop,raw,action_target,
vision_platform\ads\pilot\action_classifier_v2\dataset\images\ads_action_v2_00117_close_asset_8abbf114fe53eebd.png,close,reviewed,close_x_classifier/data/stage0_6_canonical_object_poc/images,asset_8abbf114fe53eebd,close_x_classifier\data\stage0_6_canonical_object_poc,candidate_crop,action_target,,,,,file_626d1fa23ee620f1,asset_8abbf114fe53eebd,D:\Projects\adb_vl\close_x_classifier\data\stage0_6_canonical_object_poc\images\stage0_6_00010_close.png,close_x_classifier\data\stage0_6_canonical_object_poc\images\stage0_6_00010_close.png,ads,crop,candidate_crop,raw,action_target,
vision_platform\ads\pilot\action_classifier_v2\dataset\images\ads_action_v2_00118_close_asset_fe4d2a6db7b6264e.png,close,reviewed,close_x_classifier/data/stage0_6_canonical_object_poc/images,asset_fe4d2a6db7b6264e,close_x_classifier\data\stage0_6_canonical_object_poc,candidate_crop,action_target,,,,,file_65a10437a1a4aa2d,asset_fe4d2a6db7b6264e,D:\Projects\adb_vl\close_x_classifier\data\stage0_6_canonical_object_poc\images\stage0_6_00011_close.png,close_x_classifier\data\stage0_6_canonical_object_poc\images\stage0_6_00011_close.png,ads,crop,candidate_crop,raw,action_target,
vision_platform\ads\pilot\action_classifier_v2\dataset\images\ads_action_v2_00119_close_asset_b3fc26fb5e9db431.png,close,reviewed,close_x_classifier/data/stage0_6_canonical_object_poc/images,asset_b3fc26fb5e9db431,close_x_classifier\data\stage0_6_canonical_object_poc,candidate_crop,action_target,,,,,file_f7c0079b4bf389b8,asset_b3fc26fb5e9db431,D:\Projects\adb_vl\close_x_classifier\data\stage0_6_canonical_object_poc\images\stage0_6_00012_close.png,close_x_classifier\data\stage0_6_canonical_object_poc\images\stage0_6_00012_close.png,ads,crop,candidate_crop,raw,action_target,
vision_platform\ads\pilot\action_classifier_v2\dataset\images\ads_action_v2_00120_close_asset_42aad7e6f678b513.png,close,reviewed,close_x_classifier/data/stage0_6_canonical_object_poc/images,asset_42aad7e6f678b513,close_x_classifier\data\stage0_6_canonical_object_poc,candidate_crop,action_target,,,,,file_690699e287bbe47a,asset_42aad7e6f678b513,D:\Projects\adb_vl\close_x_classifier\data\stage0_6_canonical_object_poc\images\stage0_6_00013_close.png,close_x_classifier\data\stage0_6_canonical_object_poc\images\stage0_6_00013_close.png,ads,crop,candidate_crop,raw,action_target,
vision_platform\ads\pilot\action_classifier_v2\dataset\images\ads_action_v2_00121_close_asset_a6ce32704406d0d3.png,close,reviewed,close_x_classifier/data/stage0_6_canonical_object_poc/images,asset_a6ce32704406d0d3,close_x_classifier\data\stage0_6_canonical_object_poc,candidate_crop,action_target,,,,,file_c6213dfd65b5c40e,asset_a6ce32704406d0d3,D:\Projects\adb_vl\close_x_classifier\data\stage0_6_canonical_object_poc\images\stage0_6_00014_close.png,close_x_classifier\data\stage0_6_canonical_object_poc\images\stage0_6_00014_close.png,ads,crop,candidate_crop,raw,action_target,
vision_platform\ads\pilot\action_classifier_v2\dataset\images\ads_action_v2_00122_close_asset_5f61834f5cd2409a.png,close,reviewed,close_x_classifier/data/stage0_6_canonical_object_poc/images,asset_5f61834f5cd2409a,close_x_classifier\data\stage0_6_canonical_object_poc,candidate_crop,action_target,,,,,file_172b8a5a21f7506a,asset_5f61834f5cd2409a,D:\Projects\adb_vl\close_x_classifier\data\stage0_6_canonical_object_poc\images\stage0_6_00015_close.png,close_x_classifier\data\stage0_6_canonical_object_poc\images\stage0_6_00015_close.png,ads,crop,candidate_crop,raw,action_target,
vision_platform\ads\pilot\action_classifier_v2\dataset\images\ads_action_v2_00123_close_asset_c9c80861f0d8d742.png,close,reviewed,close_x_classifier/data/stage0_6_canonical_object_poc/images,asset_c9c80861f0d8d742,close_x_classifier\data\stage0_6_canonical_object_poc,candidate_crop,action_target,,,,,file_80c19e942af93638,asset_c9c80861f0d8d742,D:\Projects\adb_vl\close_x_classifier\data\stage0_6_canonical_object_poc\images\stage0_6_00016_close.png,close_x_classifier\data\stage0_6_canonical_object_poc\images\stage0_6_00016_close.png,ads,crop,candidate_crop,raw,action_target,
vision_platform\ads\pilot\action_classifier_v2\dataset\images\ads_action_v2_00124_close_asset_0eb388e8cd2992d9.png,close,reviewed,close_x_classifier/data/stage0_6_canonical_object_poc/images,asset_0eb388e8cd2992d9,close_x_classifier\data\stage0_6_canonical_object_poc,candidate_crop,action_target,,,,,file_f28208513eb0c930,asset_0eb388e8cd2992d9,D:\Projects\adb_vl\close_x_classifier\data\stage0_6_canonical_object_poc\images\stage0_6_00017_close.png,close_x_classifier\data\stage0_6_canonical_object_poc\images\stage0_6_00017_close.png,ads,crop,candidate_crop,raw,action_target,
vision_platform\ads\pilot\action_classifier_v2\dataset\images\ads_action_v2_00125_close_asset_3de81cdd6f81f932.png,close,reviewed,close_x_classifier/data/stage0_6_canonical_object_poc/images,asset_3de81cdd6f81f932,close_x_classifier\data\stage0_6_canonical_object_poc,candidate_crop,action_target,,,,,file_679aefbc586ebc46,asset_3de81cdd6f81f932,D:\Projects\adb_vl\close_x_classifier\data\stage0_6_canonical_object_poc\images\stage0_6_00018_close.png,close_x_classifier\data\stage0_6_canonical_object_poc\images\stage0_6_00018_close.png,ads,crop,candidate_crop,raw,action_target,
vision_platform\ads\pilot\action_classifier_v2\dataset\images\ads_action_v2_00126_close_asset_6e49b8fae6020fe0.png,close,reviewed,close_x_classifier/runtime_collection_dryrun/runtime_20260711_233828_059/candidates,asset_6e49b8fae6020fe0,close_x_classifier\runtime_collection_dryrun,runtime_collection,action_target,,,,,file_a650a2f14afade00,asset_6e49b8fae6020fe0,D:\Projects\adb_vl\close_x_classifier\runtime_collection_dryrun\runtime_20260711_233828_059\candidates\cand_001.png,close_x_classifier\runtime_collection_dryrun\runtime_20260711_233828_059\candidates\cand_001.png,ads,crop,runtime_collection,raw,action_target,
vision_platform\ads\pilot\action_classifier_v2\dataset\images\ads_action_v2_00127_close_asset_8246d10f6c6dfb69.png,close,reviewed,click_success_20260713_080135_133,asset_8246d10f6c6dfb69,vision_platform\ads\runtime_collection,runtime_collection,action_target,,,,,file_da24a97c4580a385,asset_8246d10f6c6dfb69,D:\Projects\adb_vl\vision_platform\ads\runtime_collection\click_success\click_success_20260713_080135_133\crops\bbox.png,vision_platform\ads\runtime_collection\click_success\click_success_20260713_080135_133\crops\bbox.png,ads,crop,runtime_collection,raw,action_target,
vision_platform\ads\pilot\action_classifier_v2\dataset\images\ads_action_v2_00128_close_asset_b3e20e7760a44b0a.png,close,reviewed,click_success_20260713_080258_516,asset_b3e20e7760a44b0a,vision_platform\ads\runtime_collection,runtime_collection,action_target,,,,,file_993270f6ad69f631,asset_b3e20e7760a44b0a,D:\Projects\adb_vl\vision_platform\ads\runtime_collection\click_success\click_success_20260713_080258_516\crops\bbox.png,vision_platform\ads\runtime_collection\click_success\click_success_20260713_080258_516\crops\bbox.png,ads,crop,runtime_collection,raw,action_target,
vision_platform\ads\pilot\action_classifier_v2\dataset\images\ads_action_v2_00129_close_asset_57a3a364e16b9e38.png,close,reviewed,click_success_20260713_080355_864,asset_57a3a364e16b9e38,vision_platform\ads\runtime_collection,runtime_collection,action_target,,,,,file_7003e76f1c605201,asset_57a3a364e16b9e38,D:\Projects\adb_vl\vision_platform\ads\runtime_collection\click_success\click_success_20260713_080355_864\crops\bbox.png,vision_platform\ads\runtime_collection\click_success\click_success_20260713_080355_864\crops\bbox.png,ads,crop,runtime_collection,raw,action_target,
vision_platform\ads\pilot\action_classifier_v2\dataset\images\ads_action_v2_00130_close_asset_52eb220e60027c56.png,close,reviewed,click_success_20260713_080814_562,asset_52eb220e60027c56,vision_platform\ads\runtime_collection,runtime_collection,action_target,,,,,file_80933b388bcd6724,asset_52eb220e60027c56,D:\Projects\adb_vl\vision_platform\ads\runtime_collection\click_success\click_success_20260713_080814_562\crops\bbox.png,vision_platform\ads\runtime_collection\click_success\click_success_20260713_080814_562\crops\bbox.png,ads,crop,runtime_collection,raw,action_target,
vision_platform\ads\pilot\action_classifier_v2\dataset\images\ads_action_v2_00131_close_asset_de74d2f098c11963.png,close,reviewed,click_success_20260713_080848_828,asset_de74d2f098c11963,vision_platform\ads\runtime_collection,runtime_collection,action_target,,,,,file_819590d43e808e84,asset_de74d2f098c11963,D:\Projects\adb_vl\vision_platform\ads\runtime_collection\click_success\click_success_20260713_080848_828\crops\bbox.png,vision_platform\ads\runtime_collection\click_success\click_success_20260713_080848_828\crops\bbox.png,ads,crop,runtime_collection,raw,action_target,
vision_platform\ads\pilot\action_classifier_v2\dataset\images\ads_action_v2_00132_close_asset_1a3ff2eb8f7093d8.png,close,reviewed,click_success_20260713_080901_974,asset_1a3ff2eb8f7093d8,vision_platform\ads\runtime_collection,runtime_collection,action_target,,,,,file_74eb22cf9cc7cda8,asset_1a3ff2eb8f7093d8,D:\Projects\adb_vl\vision_platform\ads\runtime_collection\click_success\click_success_20260713_080901_974\crops\bbox.png,vision_platform\ads\runtime_collection\click_success\click_success_20260713_080901_974\crops\bbox.png,ads,crop,runtime_collection,raw,action_target,
vision_platform\ads\pilot\action_classifier_v2\dataset\images\ads_action_v2_00133_close_asset_7c2cc704821e7c64.png,close,reviewed,click_success_20260713_081020_456,asset_7c2cc704821e7c64,vision_platform\ads\runtime_collection,runtime_collection,action_target,,,,,file_5dd1802e3abed8ce,asset_7c2cc704821e7c64,D:\Projects\adb_vl\vision_platform\ads\runtime_collection\click_success\click_success_20260713_081020_456\crops\bbox.png,vision_platform\ads\runtime_collection\click_success\click_success_20260713_081020_456\crops\bbox.png,ads,crop,runtime_collection,raw,action_target,
vision_platform\ads\pilot\action_classifier_v2\dataset\images\ads_action_v2_00134_close_asset_8524767750bea86e.png,close,reviewed,click_success_20260713_081144_892,asset_8524767750bea86e,vision_platform\ads\runtime_collection,runtime_collection,action_target,,,,,file_a54b16efa4d7551a,asset_8524767750bea86e,D:\Projects\adb_vl\vision_platform\ads\runtime_collection\click_success\click_success_20260713_081144_892\crops\bbox.png,vision_platform\ads\runtime_collection\click_success\click_success_20260713_081144_892\crops\bbox.png,ads,crop,runtime_collection,raw,action_target,
vision_platform\ads\pilot\action_classifier_v2\dataset\images\ads_action_v2_00135_close_asset_339992e49e34ab57.png,close,reviewed,click_success_20260713_081518_911,asset_339992e49e34ab57,vision_platform\ads\runtime_collection,runtime_collection,action_target,,,,,file_30b93db89322c3ed,asset_339992e49e34ab57,D:\Projects\adb_vl\vision_platform\ads\runtime_collection\click_success\click_success_20260713_081518_911\crops\bbox.png,vision_platform\ads\runtime_collection\click_success\click_success_20260713_081518_911\crops\bbox.png,ads,crop,runtime_collection,raw,action_target,
vision_platform\ads\pilot\action_classifier_v2\dataset\images\ads_action_v2_00136_close_asset_2117e8b585c0bc87.png,close,reviewed,click_success_20260713_081547_761,asset_2117e8b585c0bc87,vision_platform\ads\runtime_collection,runtime_collection,action_target,,,,,file_706ed24dc0f647f5,asset_2117e8b585c0bc87,D:\Projects\adb_vl\vision_platform\ads\runtime_collection\click_success\click_success_20260713_081547_761\crops\bbox.png,vision_platform\ads\runtime_collection\click_success\click_success_20260713_081547_761\crops\bbox.png,ads,crop,runtime_collection,raw,action_target,
vision_platform\ads\pilot\action_classifier_v2\dataset\images\ads_action_v2_00137_close_asset_497df773d3786fa2.png,close,reviewed,click_success_20260713_081616_570,asset_497df773d3786fa2,vision_platform\ads\runtime_collection,runtime_collection,action_target,,,,,file_5ba1025efbe9a527,asset_497df773d3786fa2,D:\Projects\adb_vl\vision_platform\ads\runtime_collection\click_success\click_success_20260713_081616_570\crops\bbox.png,vision_platform\ads\runtime_collection\click_success\click_success_20260713_081616_570\crops\bbox.png,ads,crop,runtime_collection,raw,action_target,
vision_platform\ads\pilot\action_classifier_v2\dataset\images\ads_action_v2_00138_close_asset_30c8ee229aa044f4.png,close,reviewed,click_success_20260713_081645_261,asset_30c8ee229aa044f4,vision_platform\ads\runtime_collection,runtime_collection,action_target,,,,,file_b054d740af129652,asset_30c8ee229aa044f4,D:\Projects\adb_vl\vision_platform\ads\runtime_collection\click_success\click_success_20260713_081645_261\crops\bbox.png,vision_platform\ads\runtime_collection\click_success\click_success_20260713_081645_261\crops\bbox.png,ads,crop,runtime_collection,raw,action_target,
vision_platform\ads\pilot\action_classifier_v2\dataset\images\ads_action_v2_00139_close_asset_dfe2e766e76863a7.png,close,reviewed,click_success_20260713_081714_190,asset_dfe2e766e76863a7,vision_platform\ads\runtime_collection,runtime_collection,action_target,,,,,file_2a9c4cbc79d3cdd4,asset_dfe2e766e76863a7,D:\Projects\adb_vl\vision_platform\ads\runtime_collection\click_success\click_success_20260713_081714_190\crops\bbox.png,vision_platform\ads\runtime_collection\click_success\click_success_20260713_081714_190\crops\bbox.png,ads,crop,runtime_collection,raw,action_target,
vision_platform\ads\pilot\action_classifier_v2\dataset\images\ads_action_v2_00140_close_asset_fdc90db3b9dedd4d.png,close,reviewed,click_success_20260713_081929_330,asset_fdc90db3b9dedd4d,vision_platform\ads\runtime_collection,runtime_collection,action_target,,,,,file_f50bc4b9ee8e7895,asset_fdc90db3b9dedd4d,D:\Projects\adb_vl\vision_platform\ads\runtime_collection\click_success\click_success_20260713_081929_330\crops\bbox.png,vision_platform\ads\runtime_collection\click_success\click_success_20260713_081929_330\crops\bbox.png,ads,crop,runtime_collection,raw,action_target,
vision_platform\ads\pilot\action_classifier_v2\dataset\images\ads_action_v2_00141_close_asset_e18d2d36b4462d42.png,close,reviewed,click_success_20260713_082026_800,asset_e18d2d36b4462d42,vision_platform\ads\runtime_collection,runtime_collection,action_target,,,,,file_75f0a3f1005b8cf5,asset_e18d2d36b4462d42,D:\Projects\adb_vl\vision_platform\ads\runtime_collection\click_success\click_success_20260713_082026_800\crops\bbox.png,vision_platform\ads\runtime_collection\click_success\click_success_20260713_082026_800\crops\bbox.png,ads,crop,runtime_collection,raw,action_target,
vision_platform\ads\pilot\action_classifier_v2\dataset\images\ads_action_v2_00142_close_asset_ee8d8097b6a92785.png,close,reviewed,click_success_20260713_082055_561,asset_ee8d8097b6a92785,vision_platform\ads\runtime_collection,runtime_collection,action_target,,,,,file_b33179d5dfc36f66,asset_ee8d8097b6a92785,D:\Projects\adb_vl\vision_platform\ads\runtime_collection\click_success\click_success_20260713_082055_561\crops\bbox.png,vision_platform\ads\runtime_collection\click_success\click_success_20260713_082055_561\crops\bbox.png,ads,crop,runtime_collection,raw,action_target,
vision_platform\ads\pilot\action_classifier_v2\dataset\images\ads_action_v2_00143_close_asset_ea6642c3c3ac92c6.png,close,reviewed,click_success_20260713_082124_182,asset_ea6642c3c3ac92c6,vision_platform\ads\runtime_collection,runtime_collection,action_target,,,,,file_f2bf26ce0c230be2,asset_ea6642c3c3ac92c6,D:\Projects\adb_vl\vision_platform\ads\runtime_collection\click_success\click_success_20260713_082124_182\crops\bbox.png,vision_platform\ads\runtime_collection\click_success\click_success_20260713_082124_182\crops\bbox.png,ads,crop,runtime_collection,raw,action_target,
vision_platform\ads\pilot\action_classifier_v2\dataset\images\ads_action_v2_00144_close_asset_11f12a7a90864764.png,close,reviewed,click_success_20260713_085640_930,asset_11f12a7a90864764,vision_platform\ads\runtime_collection,runtime_collection,action_target,,,,,file_d6d7b8fe54105f23,asset_11f12a7a90864764,D:\Projects\adb_vl\vision_platform\ads\runtime_collection\click_success\click_success_20260713_085640_930\crops\bbox.png,vision_platform\ads\runtime_collection\click_success\click_success_20260713_085640_930\crops\bbox.png,ads,crop,runtime_collection,raw,action_target,
vision_platform\ads\pilot\action_classifier_v2\dataset\images\ads_action_v2_00145_close_asset_186ef5c07473c5f7.png,close,reviewed,click_success_20260713_085740_231,asset_186ef5c07473c5f7,vision_platform\ads\runtime_collection,runtime_collection,action_target,,,,,file_809e2278f198a6c1,asset_186ef5c07473c5f7,D:\Projects\adb_vl\vision_platform\ads\runtime_collection\click_success\click_success_20260713_085740_231\crops\bbox.png,vision_platform\ads\runtime_collection\click_success\click_success_20260713_085740_231\crops\bbox.png,ads,crop,runtime_collection,raw,action_target,
vision_platform\ads\pilot\action_classifier_v2\dataset\images\ads_action_v2_00146_close_asset_e9a31cd691f5a239.png,close,reviewed,click_success_20260713_085839_414,asset_e9a31cd691f5a239,vision_platform\ads\runtime_collection,runtime_collection,action_target,,,,,file_20377abdaa1b4e5b,asset_e9a31cd691f5a239,D:\Projects\adb_vl\vision_platform\ads\runtime_collection\click_success\click_success_20260713_085839_414\crops\bbox.png,vision_platform\ads\runtime_collection\click_success\click_success_20260713_085839_414\crops\bbox.png,ads,crop,runtime_collection,raw,action_target,
vision_platform\ads\pilot\action_classifier_v2\dataset\images\ads_action_v2_00147_close_asset_5643b71b7351e12b.png,close,reviewed,click_success_20260713_085911_846,asset_5643b71b7351e12b,vision_platform\ads\runtime_collection,runtime_collection,action_target,,,,,file_61ea568b16c69a4a,asset_5643b71b7351e12b,D:\Projects\adb_vl\vision_platform\ads\runtime_collection\click_success\click_success_20260713_085911_846\crops\bbox.png,vision_platform\ads\runtime_collection\click_success\click_success_20260713_085911_846\crops\bbox.png,ads,crop,runtime_collection,raw,action_target,
vision_platform\ads\pilot\action_classifier_v2\dataset\images\ads_action_v2_00148_close_asset_13567d4eacd981a8.png,close,reviewed,click_success_20260713_085925_098,asset_13567d4eacd981a8,vision_platform\ads\runtime_collection,runtime_collection,action_target,,,,,file_22c6d5ea5f4ac98b,asset_13567d4eacd981a8,D:\Projects\adb_vl\vision_platform\ads\runtime_collection\click_success\click_success_20260713_085925_098\crops\bbox.png,vision_platform\ads\runtime_collection\click_success\click_success_20260713_085925_098\crops\bbox.png,ads,crop,runtime_collection,raw,action_target,
vision_platform\ads\pilot\action_classifier_v2\dataset\images\ads_action_v2_00149_close_asset_de7b8c7922f1f900.png,close,reviewed,click_success_20260713_085957_142,asset_de7b8c7922f1f900,vision_platform\ads\runtime_collection,runtime_collection,action_target,,,,,file_feba933493202f49,asset_de7b8c7922f1f900,D:\Projects\adb_vl\vision_platform\ads\runtime_collection\click_success\click_success_20260713_085957_142\crops\bbox.png,vision_platform\ads\runtime_collection\click_success\click_success_20260713_085957_142\crops\bbox.png,ads,crop,runtime_collection,raw,action_target,
vision_platform\ads\pilot\action_classifier_v2\dataset\images\ads_action_v2_00150_close_asset_90ce48e4e47a01c1.png,close,reviewed,click_success_20260713_090208_867,asset_90ce48e4e47a01c1,vision_platform\ads\runtime_collection,runtime_collection,action_target,,,,,file_94f1bde14ac54667,asset_90ce48e4e47a01c1,D:\Projects\adb_vl\vision_platform\ads\runtime_collection\click_success\click_success_20260713_090208_867\crops\bbox.png,vision_platform\ads\runtime_collection\click_success\click_success_20260713_090208_867\crops\bbox.png,ads,crop,runtime_collection,raw,action_target,
vision_platform\ads\pilot\action_classifier_v2\dataset\images\ads_action_v2_00151_close_asset_6245704c040830e6.png,close,reviewed,click_success_20260713_090237_721,asset_6245704c040830e6,vision_platform\ads\runtime_collection,runtime_collection,action_target,,,,,file_22ff620fe77cc31e,asset_6245704c040830e6,D:\Projects\adb_vl\vision_platform\ads\runtime_collection\click_success\click_success_20260713_090237_721\crops\bbox.png,vision_platform\ads\runtime_collection\click_success\click_success_20260713_090237_721\crops\bbox.png,ads,crop,runtime_collection,raw,action_target,
vision_platform\ads\pilot\action_classifier_v2\dataset\images\ads_action_v2_00152_close_asset_3603e8e8712294aa.png,close,reviewed,click_success_20260713_090335_921,asset_3603e8e8712294aa,vision_platform\ads\runtime_collection,runtime_collection,action_target,,,,,file_c3c020f092590994,asset_3603e8e8712294aa,D:\Projects\adb_vl\vision_platform\ads\runtime_collection\click_success\click_success_20260713_090335_921\crops\bbox.png,vision_platform\ads\runtime_collection\click_success\click_success_20260713_090335_921\crops\bbox.png,ads,crop,runtime_collection,raw,action_target,
vision_platform\ads\pilot\action_classifier_v2\dataset\images\ads_action_v2_00153_close_asset_eaa49f6694344ff9.png,close,reviewed,click_success_20260713_092259_291,asset_eaa49f6694344ff9,vision_platform\ads\runtime_collection,runtime_collection,action_target,,,,,file_05ef3bfa3c39ee51,asset_eaa49f6694344ff9,D:\Projects\adb_vl\vision_platform\ads\runtime_collection\click_success\click_success_20260713_092259_291\crops\bbox.png,vision_platform\ads\runtime_collection\click_success\click_success_20260713_092259_291\crops\bbox.png,ads,crop,runtime_collection,raw,action_target,
vision_platform\ads\pilot\action_classifier_v2\dataset\images\ads_action_v2_00154_close_asset_507e8cbb255ddbba.png,close,reviewed,click_success_20260713_092358_638,asset_507e8cbb255ddbba,vision_platform\ads\runtime_collection,runtime_collection,action_target,,,,,file_ad7e4eb378125644,asset_507e8cbb255ddbba,D:\Projects\adb_vl\vision_platform\ads\runtime_collection\click_success\click_success_20260713_092358_638\crops\bbox.png,vision_platform\ads\runtime_collection\click_success\click_success_20260713_092358_638\crops\bbox.png,ads,crop,runtime_collection,raw,action_target,
vision_platform\ads\pilot\action_classifier_v2\dataset\images\ads_action_v2_00155_close_asset_6cc55a7b44c3cff4.png,close,reviewed,click_success_20260713_092529_928,asset_6cc55a7b44c3cff4,vision_platform\ads\runtime_collection,runtime_collection,action_target,,,,,file_e1121a57558fb4d8,asset_6cc55a7b44c3cff4,D:\Projects\adb_vl\vision_platform\ads\runtime_collection\click_success\click_success_20260713_092529_928\crops\bbox.png,vision_platform\ads\runtime_collection\click_success\click_success_20260713_092529_928\crops\bbox.png,ads,crop,runtime_collection,raw,action_target,
vision_platform\ads\pilot\action_classifier_v2\dataset\images\ads_action_v2_00156_close_asset_6335f512afc499b7.png,close,reviewed,click_success_20260713_092617_850,asset_6335f512afc499b7,vision_platform\ads\runtime_collection,runtime_collection,action_target,,,,,file_910704808a5e9385,asset_6335f512afc499b7,D:\Projects\adb_vl\vision_platform\ads\runtime_collection\click_success\click_success_20260713_092617_850\crops\bbox.png,vision_platform\ads\runtime_collection\click_success\click_success_20260713_092617_850\crops\bbox.png,ads,crop,runtime_collection,raw,action_target,
vision_platform\ads\pilot\action_classifier_v2\dataset\images\ads_action_v2_00157_close_asset_98c24948b203b45b.png,close,reviewed,click_success_20260713_092637_056,asset_98c24948b203b45b,vision_platform\ads\runtime_collection,runtime_collection,action_target,,,,,file_7355bcb1bf51b0e6,asset_98c24948b203b45b,D:\Projects\adb_vl\vision_platform\ads\runtime_collection\click_success\click_success_20260713_092637_056\crops\bbox.png,vision_platform\ads\runtime_collection\click_success\click_success_20260713_092637_056\crops\bbox.png,ads,crop,runtime_collection,raw,action_target,
vision_platform\ads\pilot\action_classifier_v2\dataset\images\ads_action_v2_00158_close_asset_9e1fb426ba026819.png,close,reviewed,click_success_20260713_092646_757,asset_9e1fb426ba026819,vision_platform\ads\runtime_collection,runtime_collection,action_target,,,,,file_aaef03b0d97202b8,asset_9e1fb426ba026819,D:\Projects\adb_vl\vision_platform\ads\runtime_collection\click_success\click_success_20260713_092646_757\crops\bbox.png,vision_platform\ads\runtime_collection\click_success\click_success_20260713_092646_757\crops\bbox.png,ads,crop,runtime_collection,raw,action_target,
vision_platform\ads\pilot\action_classifier_v2\dataset\images\ads_action_v2_00159_close_asset_36e63d1e55168e8f.png,close,reviewed,click_success_20260713_092905_503,asset_36e63d1e55168e8f,vision_platform\ads\runtime_collection,runtime_collection,action_target,,,,,file_5112e13caf63a384,asset_36e63d1e55168e8f,D:\Projects\adb_vl\vision_platform\ads\runtime_collection\click_success\click_success_20260713_092905_503\crops\bbox.png,vision_platform\ads\runtime_collection\click_success\click_success_20260713_092905_503\crops\bbox.png,ads,crop,runtime_collection,raw,action_target,
vision_platform\ads\pilot\action_classifier_v2\dataset\images\ads_action_v2_00160_close_asset_7a4697aa90795534.png,close,reviewed,click_success_20260713_093004_075,asset_7a4697aa90795534,vision_platform\ads\runtime_collection,runtime_collection,action_target,,,,,file_8206cc5578bc22ba,asset_7a4697aa90795534,D:\Projects\adb_vl\vision_platform\ads\runtime_collection\click_success\click_success_20260713_093004_075\crops\bbox.png,vision_platform\ads\runtime_collection\click_success\click_success_20260713_093004_075\crops\bbox.png,ads,crop,runtime_collection,raw,action_target,
vision_platform\ads\pilot\action_classifier_v2\dataset\images\ads_action_v2_00161_close_asset_6610b5dfb445dd5f.png,close,reviewed,click_success_20260713_093033_128,asset_6610b5dfb445dd5f,vision_platform\ads\runtime_collection,runtime_collection,action_target,,,,,file_2d90d832b7fe97b8,asset_6610b5dfb445dd5f,D:\Projects\adb_vl\vision_platform\ads\runtime_collection\click_success\click_success_20260713_093033_128\crops\bbox.png,vision_platform\ads\runtime_collection\click_success\click_success_20260713_093033_128\crops\bbox.png,ads,crop,runtime_collection,raw,action_target,
vision_platform\ads\pilot\action_classifier_v2\dataset\images\ads_action_v2_00162_close_asset_ff5fa003b27b535b.png,close,reviewed,click_success_20260713_094919_639,asset_ff5fa003b27b535b,vision_platform\ads\runtime_collection,runtime_collection,action_target,,,,,file_ee0387d4d77b785c,asset_ff5fa003b27b535b,D:\Projects\adb_vl\vision_platform\ads\runtime_collection\click_success\click_success_20260713_094919_639\crops\bbox.png,vision_platform\ads\runtime_collection\click_success\click_success_20260713_094919_639\crops\bbox.png,ads,crop,runtime_collection,raw,action_target,
vision_platform\ads\pilot\action_classifier_v2\dataset\images\ads_action_v2_00163_close_asset_22931ff7d50a4007.png,close,reviewed,click_success_20260713_095042_528,asset_22931ff7d50a4007,vision_platform\ads\runtime_collection,runtime_collection,action_target,,,,,file_3c1dd248079e27eb,asset_22931ff7d50a4007,D:\Projects\adb_vl\vision_platform\ads\runtime_collection\click_success\click_success_20260713_095042_528\crops\bbox.png,vision_platform\ads\runtime_collection\click_success\click_success_20260713_095042_528\crops\bbox.png,ads,crop,runtime_collection,raw,action_target,
vision_platform\ads\pilot\action_classifier_v2\dataset\images\ads_action_v2_00164_close_asset_57057a2072ac0aa9.png,close,reviewed,click_success_20260713_095331_314,asset_57057a2072ac0aa9,vision_platform\ads\runtime_collection,runtime_collection,action_target,,,,,file_bf5064b3c751fece,asset_57057a2072ac0aa9,D:\Projects\adb_vl\vision_platform\ads\runtime_collection\click_success\click_success_20260713_095331_314\crops\bbox.png,vision_platform\ads\runtime_collection\click_success\click_success_20260713_095331_314\crops\bbox.png,ads,crop,runtime_collection,raw,action_target,
vision_platform\ads\pilot\action_classifier_v2\dataset\images\ads_action_v2_00165_close_asset_a267329783339e3b.png,close,reviewed,click_success_20260713_095453_234,asset_a267329783339e3b,vision_platform\ads\runtime_collection,runtime_collection,action_target,,,,,file_acb5f507ac5a49a9,asset_a267329783339e3b,D:\Projects\adb_vl\vision_platform\ads\runtime_collection\click_success\click_success_20260713_095453_234\crops\bbox.png,vision_platform\ads\runtime_collection\click_success\click_success_20260713_095453_234\crops\bbox.png,ads,crop,runtime_collection,raw,action_target,
vision_platform\ads\pilot\action_classifier_v2\dataset\images\ads_action_v2_00166_close_asset_c7e460477e6815ca.png,close,reviewed,click_success_20260713_095617_140,asset_c7e460477e6815ca,vision_platform\ads\runtime_collection,runtime_collection,action_target,,,,,file_80043a8ad38fcdf0,asset_c7e460477e6815ca,D:\Projects\adb_vl\vision_platform\ads\runtime_collection\click_success\click_success_20260713_095617_140\crops\bbox.png,vision_platform\ads\runtime_collection\click_success\click_success_20260713_095617_140\crops\bbox.png,ads,crop,runtime_collection,raw,action_target,
vision_platform\ads\pilot\action_classifier_v2\dataset\images\ads_action_v2_00167_close_asset_83893a37ecb22a22.png,close,reviewed,click_success_20260713_095949_902,asset_83893a37ecb22a22,vision_platform\ads\runtime_collection,runtime_collection,action_target,,,,,file_4f0533509dde0ef4,asset_83893a37ecb22a22,D:\Projects\adb_vl\vision_platform\ads\runtime_collection\click_success\click_success_20260713_095949_902\crops\bbox.png,vision_platform\ads\runtime_collection\click_success\click_success_20260713_095949_902\crops\bbox.png,ads,crop,runtime_collection,raw,action_target,
vision_platform\ads\pilot\action_classifier_v2\dataset\images\ads_action_v2_00168_close_asset_55fbb5e834c0e298.png,close,reviewed,click_success_20260713_100156_787,asset_55fbb5e834c0e298,vision_platform\ads\runtime_collection,runtime_collection,action_target,,,,,file_abe392545a8d5177,asset_55fbb5e834c0e298,D:\Projects\adb_vl\vision_platform\ads\runtime_collection\click_success\click_success_20260713_100156_787\crops\bbox.png,vision_platform\ads\runtime_collection\click_success\click_success_20260713_100156_787\crops\bbox.png,ads,crop,runtime_collection,raw,action_target,
vision_platform\ads\pilot\action_classifier_v2\dataset\images\ads_action_v2_00169_close_asset_7b1a58c3ef6bea6c.png,close,reviewed,click_success_20260713_100244_003,asset_7b1a58c3ef6bea6c,vision_platform\ads\runtime_collection,runtime_collection,action_target,,,,,file_c09160be9fefe870,asset_7b1a58c3ef6bea6c,D:\Projects\adb_vl\vision_platform\ads\runtime_collection\click_success\click_success_20260713_100244_003\crops\bbox.png,vision_platform\ads\runtime_collection\click_success\click_success_20260713_100244_003\crops\bbox.png,ads,crop,runtime_collection,raw,action_target,
vision_platform\ads\pilot\action_classifier_v2\dataset\images\ads_action_v2_00170_close_asset_7b686d6471fd540c.png,close,reviewed,click_success_20260713_100319_204,asset_7b686d6471fd540c,vision_platform\ads\runtime_collection,runtime_collection,action_target,,,,,file_e220e13fef12d437,asset_7b686d6471fd540c,D:\Projects\adb_vl\vision_platform\ads\runtime_collection\click_success\click_success_20260713_100319_204\crops\bbox.png,vision_platform\ads\runtime_collection\click_success\click_success_20260713_100319_204\crops\bbox.png,ads,crop,runtime_collection,raw,action_target,
vision_platform\ads\pilot\action_classifier_v2\dataset\images\ads_action_v2_00171_close_asset_7e28f00f839fce1f.png,close,reviewed,click_success_20260713_100332_771,asset_7e28f00f839fce1f,vision_platform\ads\runtime_collection,runtime_collection,action_target,,,,,file_1d5e457bcbcb4021,asset_7e28f00f839fce1f,D:\Projects\adb_vl\vision_platform\ads\runtime_collection\click_success\click_success_20260713_100332_771\crops\bbox.png,vision_platform\ads\runtime_collection\click_success\click_success_20260713_100332_771\crops\bbox.png,ads,crop,runtime_collection,raw,action_target,
vision_platform\ads\pilot\action_classifier_v2\dataset\images\ads_action_v2_00172_close_asset_7fa875a023c06075.png,close,reviewed,click_success_20260713_102419_119,asset_7fa875a023c06075,vision_platform\ads\runtime_collection,runtime_collection,action_target,,,,,file_3aaed400e7ccbc64,asset_7fa875a023c06075,D:\Projects\adb_vl\vision_platform\ads\runtime_collection\click_success\click_success_20260713_102419_119\crops\bbox.png,vision_platform\ads\runtime_collection\click_success\click_success_20260713_102419_119\crops\bbox.png,ads,crop,runtime_collection,raw,action_target,
vision_platform\ads\pilot\action_classifier_v2\dataset\images\ads_action_v2_00173_close_asset_3e2ac2ef5377fc3b.png,close,reviewed,click_success_20260713_102508_020,asset_3e2ac2ef5377fc3b,vision_platform\ads\runtime_collection,runtime_collection,action_target,,,,,file_1c610c21e82f0a3b,asset_3e2ac2ef5377fc3b,D:\Projects\adb_vl\vision_platform\ads\runtime_collection\click_success\click_success_20260713_102508_020\crops\bbox.png,vision_platform\ads\runtime_collection\click_success\click_success_20260713_102508_020\crops\bbox.png,ads,crop,runtime_collection,raw,action_target,
vision_platform\ads\pilot\action_classifier_v2\dataset\images\ads_action_v2_00174_close_asset_7acc39b655a0bda9.png,close,reviewed,click_success_20260713_102601_006,asset_7acc39b655a0bda9,vision_platform\ads\runtime_collection,runtime_collection,action_target,,,,,file_4b40434ea29380f7,asset_7acc39b655a0bda9,D:\Projects\adb_vl\vision_platform\ads\runtime_collection\click_success\click_success_20260713_102601_006\crops\bbox.png,vision_platform\ads\runtime_collection\click_success\click_success_20260713_102601_006\crops\bbox.png,ads,crop,runtime_collection,raw,action_target,
vision_platform\ads\pilot\action_classifier_v2\dataset\images\ads_action_v2_00175_close_asset_161fe2d19fd904c5.png,close,reviewed,click_success_20260713_102941_228,asset_161fe2d19fd904c5,vision_platform\ads\runtime_collection,runtime_collection,action_target,,,,,file_709feda930d44fc0,asset_161fe2d19fd904c5,D:\Projects\adb_vl\vision_platform\ads\runtime_collection\click_success\click_success_20260713_102941_228\crops\bbox.png,vision_platform\ads\runtime_collection\click_success\click_success_20260713_102941_228\crops\bbox.png,ads,crop,runtime_collection,raw,action_target,
vision_platform\ads\pilot\action_classifier_v2\dataset\images\ads_action_v2_00176_close_asset_8bcc258909ab5d1b.png,close,reviewed,click_success_20260713_103600_510,asset_8bcc258909ab5d1b,vision_platform\ads\runtime_collection,runtime_collection,action_target,,,,,file_201035a596c9f39e,asset_8bcc258909ab5d1b,D:\Projects\adb_vl\vision_platform\ads\runtime_collection\click_success\click_success_20260713_103600_510\crops\bbox.png,vision_platform\ads\runtime_collection\click_success\click_success_20260713_103600_510\crops\bbox.png,ads,crop,runtime_collection,raw,action_target,
vision_platform\ads\pilot\action_classifier_v2\dataset\images\ads_action_v2_00177_close_asset_5ae52b786c1d5b30.png,close,reviewed,click_success_20260713_132506_535,asset_5ae52b786c1d5b30,vision_platform\ads\runtime_collection,runtime_collection,action_target,,,,,file_6a655907ea5df0f6,asset_5ae52b786c1d5b30,D:\Projects\adb_vl\vision_platform\ads\runtime_collection\click_success\click_success_20260713_132506_535\crops\bbox.png,vision_platform\ads\runtime_collection\click_success\click_success_20260713_132506_535\crops\bbox.png,ads,crop,runtime_collection,raw,action_target,
vision_platform\ads\pilot\action_classifier_v2\dataset\images\ads_action_v2_00178_not_close_asset_e822f8b16256d1d4.png,not_close,reviewed,ads2/assets/2_communication,asset_e822f8b16256d1d4,ads2\assets\2_communication,review_asset,non_action_target,,,,,file_7e16da7694febf05,asset_e822f8b16256d1d4,D:\Projects\adb_vl\ads2\assets\2_communication\crop_20260607_145608.png,ads2\assets\2_communication\crop_20260607_145608.png,ads,crop,review_asset,raw,non_action_target,
vision_platform\ads\pilot\action_classifier_v2\dataset\images\ads_action_v2_00179_not_close_asset_199ad3221b03f222.png,not_close,reviewed,ads2/assets/2_communication,asset_199ad3221b03f222,ads2\assets\2_communication,review_asset,non_action_target,,,,,file_50d8cb636f34299e,asset_199ad3221b03f222,D:\Projects\adb_vl\ads2\assets\2_communication\crop_20260607_150759_0.png,ads2\assets\2_communication\crop_20260607_150759_0.png,ads,crop,review_asset,raw,non_action_target,
vision_platform\ads\pilot\action_classifier_v2\dataset\images\ads_action_v2_00180_not_close_asset_a5bd2beb08d8ed09.png,not_close,reviewed,ads2/assets/2_communication,asset_a5bd2beb08d8ed09,ads2\assets\2_communication,review_asset,non_action_target,,,,,file_3a6e6286b1435c9e,asset_a5bd2beb08d8ed09,D:\Projects\adb_vl\ads2\assets\2_communication\crop_20260608_082319.png,ads2\assets\2_communication\crop_20260608_082319.png,ads,crop,review_asset,raw,non_action_target,
vision_platform\ads\pilot\action_classifier_v2\dataset\images\ads_action_v2_00181_not_close_asset_b621d5687082a345.png,not_close,reviewed,ads2/assets/2_communication,asset_b621d5687082a345,ads2\assets\2_communication,review_asset,non_action_target,,,,,file_71821e0f46a9d9db,asset_b621d5687082a345,D:\Projects\adb_vl\ads2\assets\2_communication\crop_20260609_093141.png,ads2\assets\2_communication\crop_20260609_093141.png,ads,crop,review_asset,raw,non_action_target,
vision_platform\ads\pilot\action_classifier_v2\dataset\images\ads_action_v2_00182_not_close_asset_de631495415cb9f3.png,not_close,reviewed,ads2/assets/2_communication,asset_de631495415cb9f3,ads2\assets\2_communication,review_asset,non_action_target,,,,,file_aad324732ebc38f1,asset_de631495415cb9f3,D:\Projects\adb_vl\ads2\assets\2_communication\crop_20260614_154628.png,ads2\assets\2_communication\crop_20260614_154628.png,ads,crop,review_asset,raw,non_action_target,
vision_platform\ads\pilot\action_classifier_v2\dataset\images\ads_action_v2_00183_not_close_asset_55e9f3cfdc5f3ed6.png,not_close,reviewed,ads2/assets/2_communication,asset_55e9f3cfdc5f3ed6,ads2\assets\2_communication,review_asset,non_action_target,,,,,file_23dbc443cbd6ea9b,asset_55e9f3cfdc5f3ed6,D:\Projects\adb_vl\ads2\assets\2_communication\manual_rescue_20260613_145852_edit_mask.png,ads2\assets\2_communication\manual_rescue_20260613_145852_edit_mask.png,ads,crop,review_asset,raw,non_action_target,
vision_platform\ads\pilot\action_classifier_v2\dataset\images\ads_action_v2_00184_not_close_asset_4961e66205fe51a1.png,not_close,reviewed,ads2/assets/2_communication,asset_4961e66205fe51a1,ads2\assets\2_communication,review_asset,non_action_target,,,,,file_6aff7e0fb40ebf65,asset_4961e66205fe51a1,D:\Projects\adb_vl\ads2\assets\2_communication\manual_rescue_20260613_145852_edit_roi.png,ads2\assets\2_communication\manual_rescue_20260613_145852_edit_roi.png,ads,crop,review_asset,raw,non_action_target,
vision_platform\ads\pilot\action_classifier_v2\dataset\images\ads_action_v2_00185_not_close_asset_f95d2dcffde69b7f.png,not_close,reviewed,ads2/assets/review_crops/close_glyph_candidates/sample/candidate_crops,asset_f95d2dcffde69b7f,ads2\assets\review_crops,candidate_crop,non_action_target,,,,,file_91e63fdf2b0c713a,asset_f95d2dcffde69b7f,D:\Projects\adb_vl\ads2\assets\review_crops\close_glyph_candidates\sample\candidate_crops\000069_score_0.964_x169_y313_w32_h30_log__20260711_110821_25824_afk_20260711_110759_tiger_每日任務_task__000077_20260711_111125_after_tap_481_515.png.png,ads2\assets\review_crops\close_glyph_candidates\sample\candidate_crops\000069_score_0.964_x169_y313_w32_h30_log__20260711_110821_25824_afk_20260711_110759_tiger_每日任務_task__000077_20260711_111125_after_tap_481_515.png.png,ads,crop,candidate_crop,raw,non_action_target,
vision_platform\ads\pilot\action_classifier_v2\dataset\images\ads_action_v2_00186_not_close_asset_833bb0042f6e903f.png,not_close,reviewed,ads2/assets/review_crops/close_glyph_candidates/sample/candidate_crops,asset_833bb0042f6e903f,ads2\assets\review_crops,candidate_crop,non_action_target,,,,,file_d15c5f2f82c15b10,asset_833bb0042f6e903f,D:\Projects\adb_vl\ads2\assets\review_crops\close_glyph_candidates\sample\candidate_crops\000083_score_0.949_x395_y361_w14_h14_log__20260711_104232_40108_afk_20260711_104213_311_深淵_task__000018_20260711_104306_abyss_rental_scan_05.png.png,ads2\assets\review_crops\close_glyph_candidates\sample\candidate_crops\000083_score_0.949_x395_y361_w14_h14_log__20260711_104232_40108_afk_20260711_104213_311_深淵_task__000018_20260711_104306_abyss_rental_scan_05.png.png,ads,crop,candidate_crop,raw,non_action_target,
vision_platform\ads\pilot\action_classifier_v2\dataset\images\ads_action_v2_00187_not_close_asset_0fd5db475739742b.png,not_close,reviewed,ads2/assets/review_crops/close_glyph_candidates/sample/candidate_crops,asset_0fd5db475739742b,ads2\assets\review_crops,candidate_crop,non_action_target,,,,,file_7de7b609a5bd0bd5,asset_0fd5db475739742b,D:\Projects\adb_vl\ads2\assets\review_crops\close_glyph_candidates\sample\candidate_crops\000087_score_0.947_x545_y186_w12_h13_log__20260711_084004_22576_afk_20260711_083942_14_每日任務_task_fail_returncode_1__000074_20260711_084318_before_tap_481_515.png.png,ads2\assets\review_crops\close_glyph_candidates\sample\candidate_crops\000087_score_0.947_x545_y186_w12_h13_log__20260711_084004_22576_afk_20260711_083942_14_每日任務_task_fail_returncode_1__000074_20260711_084318_before_tap_481_515.png.png,ads,crop,candidate_crop,raw,non_action_target,
vision_platform\ads\pilot\action_classifier_v2\dataset\images\ads_action_v2_00188_not_close_asset_84ad038ea35f3ab9.png,not_close,reviewed,ads2/assets/review_crops/close_glyph_candidates/sample/candidate_crops,asset_84ad038ea35f3ab9,ads2\assets\review_crops,candidate_crop,non_action_target,,,,,file_1998ac9c31d5f7e9,asset_84ad038ea35f3ab9,D:\Projects\adb_vl\ads2\assets\review_crops\close_glyph_candidates\sample\candidate_crops\000136_score_0.938_x395_y354_w14_h14_log__20260711_085505_41488_afk_20260711_085445_14_深淵_task__000020_20260711_085542_before_tap_746_194.png.png,ads2\assets\review_crops\close_glyph_candidates\sample\candidate_crops\000136_score_0.938_x395_y354_w14_h14_log__20260711_085505_41488_afk_20260711_085445_14_深淵_task__000020_20260711_085542_before_tap_746_194.png.png,ads,crop,candidate_crop,raw,non_action_target,
vision_platform\ads\pilot\action_classifier_v2\dataset\images\ads_action_v2_00189_not_close_asset_f01d5a12652652ef.png,not_close,reviewed,ads2/assets/review_crops/close_glyph_candidates/sample/candidate_crops,asset_f01d5a12652652ef,ads2\assets\review_crops,candidate_crop,non_action_target,,,,,file_ce71743621359122,asset_f01d5a12652652ef,D:\Projects\adb_vl\ads2\assets\review_crops\close_glyph_candidates\sample\candidate_crops\000137_score_0.938_x395_y159_w14_h14_log__20260711_085505_41488_afk_20260711_085445_14_深淵_task__000021_20260711_085543_after_tap_746_194.png.png,ads2\assets\review_crops\close_glyph_candidates\sample\candidate_crops\000137_score_0.938_x395_y159_w14_h14_log__20260711_085505_41488_afk_20260711_085445_14_深淵_task__000021_20260711_085543_after_tap_746_194.png.png,ads,crop,candidate_crop,raw,non_action_target,
vision_platform\ads\pilot\action_classifier_v2\dataset\images\ads_action_v2_00190_not_close_asset_56011832fca6d91a.png,not_close,reviewed,ads2/assets/review_crops/close_glyph_candidates/sample/candidate_crops,asset_56011832fca6d91a,ads2\assets\review_crops,candidate_crop,non_action_target,,,,,file_69110a4a94e9919c,asset_56011832fca6d91a,D:\Projects\adb_vl\ads2\assets\review_crops\close_glyph_candidates\sample\candidate_crops\000139_score_0.938_x395_y183_w14_h14_log__20260711_095223_69352_afk_20260711_095203_em3_深淵_task__000008_20260711_095241_after_swipe_455_430_455_170_520.png.png,ads2\assets\review_crops\close_glyph_candidates\sample\candidate_crops\000139_score_0.938_x395_y183_w14_h14_log__20260711_095223_69352_afk_20260711_095203_em3_深淵_task__000008_20260711_095241_after_swipe_455_430_455_170_520.png.png,ads,crop,candidate_crop,raw,non_action_target,
vision_platform\ads\pilot\action_classifier_v2\dataset\images\ads_action_v2_00191_not_close_asset_a3e3e7ee9b3ea925.png,not_close,reviewed,ads2/assets/review_crops/close_glyph_candidates/sample/candidate_crops,asset_a3e3e7ee9b3ea925,ads2\assets\review_crops,candidate_crop,non_action_target,,,,,file_a8d925f13ebdc177,asset_a3e3e7ee9b3ea925,D:\Projects\adb_vl\ads2\assets\review_crops\close_glyph_candidates\sample\candidate_crops\000140_score_0.938_x395_y378_w14_h14_log__20260711_095223_69352_afk_20260711_095203_em3_深淵_task__000008_20260711_095241_after_swipe_455_430_455_170_520.png.png,ads2\assets\review_crops\close_glyph_candidates\sample\candidate_crops\000140_score_0.938_x395_y378_w14_h14_log__20260711_095223_69352_afk_20260711_095203_em3_深淵_task__000008_20260711_095241_after_swipe_455_430_455_170_520.png.png,ads,crop,candidate_crop,raw,non_action_target,
vision_platform\ads\pilot\action_classifier_v2\dataset\images\ads_action_v2_00192_not_close_asset_cd8c51284537d07f.png,not_close,reviewed,ads2/assets/review_crops/close_glyph_candidates/sample/candidate_crops,asset_cd8c51284537d07f,ads2\assets\review_crops,candidate_crop,non_action_target,,,,,file_14c0b9f4c5bca623,asset_cd8c51284537d07f,D:\Projects\adb_vl\ads2\assets\review_crops\close_glyph_candidates\sample\candidate_crops\000178_score_0.938_x395_y393_w14_h14_log__20260711_111953_39056_afk_20260711_111931_tiger_深淵_task__000024_20260711_112036_after_tap_746_135.png.png,ads2\assets\review_crops\close_glyph_candidates\sample\candidate_crops\000178_score_0.938_x395_y393_w14_h14_log__20260711_111953_39056_afk_20260711_111931_tiger_深淵_task__000024_20260711_112036_after_tap_746_135.png.png,ads,crop,candidate_crop,raw,non_action_target,
vision_platform\ads\pilot\action_classifier_v2\dataset\images\ads_action_v2_00193_not_close_asset_3eb87dae40c6d673.png,not_close,reviewed,ads2/assets/review_crops/close_glyph_candidates/sample/candidate_crops,asset_3eb87dae40c6d673,ads2\assets\review_crops,candidate_crop,non_action_target,,,,,file_2717df00c776e1a9,asset_3eb87dae40c6d673,D:\Projects\adb_vl\ads2\assets\review_crops\close_glyph_candidates\sample\candidate_crops\000183_score_0.938_x294_y436_w15_h17_log__20260711_010520_33712_afk_20260711_010506_em3_廣告探寶鏟_task__000026_20260711_010939_after_tap_67_40.png.png,ads2\assets\review_crops\close_glyph_candidates\sample\candidate_crops\000183_score_0.938_x294_y436_w15_h17_log__20260711_010520_33712_afk_20260711_010506_em3_廣告探寶鏟_task__000026_20260711_010939_after_tap_67_40.png.png,ads,crop,candidate_crop,raw,non_action_target,
vision_platform\ads\pilot\action_classifier_v2\dataset\images\ads_action_v2_00194_not_close_asset_2326f561c7868924.png,not_close,reviewed,ads2/assets/review_crops/close_glyph_candidates/sample/candidate_crops,asset_2326f561c7868924,ads2\assets\review_crops,candidate_crop,non_action_target,,,,,file_0949259cc60f7f90,asset_2326f561c7868924,D:\Projects\adb_vl\ads2\assets\review_crops\close_glyph_candidates\sample\candidate_crops\000184_score_0.937_x599_y56_w31_h32_log__20260711_110821_25824_afk_20260711_110759_tiger_每日任務_task__000151_20260711_111355_after_tap_830_48.png.png,ads2\assets\review_crops\close_glyph_candidates\sample\candidate_crops\000184_score_0.937_x599_y56_w31_h32_log__20260711_110821_25824_afk_20260711_110759_tiger_每日任務_task__000151_20260711_111355_after_tap_830_48.png.png,ads,crop,candidate_crop,raw,non_action_target,
vision_platform\ads\pilot\action_classifier_v2\dataset\images\ads_action_v2_00195_not_close_asset_5d0ec68cc4336013.png,not_close,reviewed,ads2/assets/review_crops/close_glyph_candidates/sample/candidate_crops,asset_5d0ec68cc4336013,ads2\assets\review_crops,candidate_crop,non_action_target,,,,,file_bdfbe625d21f2c9e,asset_5d0ec68cc4336013,D:\Projects\adb_vl\ads2\assets\review_crops\close_glyph_candidates\sample\candidate_crops\000197_score_0.935_x545_y121_w12_h13_log__20260711_103235_63312_afk_20260711_103216_311_每日任務_task__000078_20260711_103538_before_tap_481_515.png.png,ads2\assets\review_crops\close_glyph_candidates\sample\candidate_crops\000197_score_0.935_x545_y121_w12_h13_log__20260711_103235_63312_afk_20260711_103216_311_每日任務_task__000078_20260711_103538_before_tap_481_515.png.png,ads,crop,candidate_crop,raw,non_action_target,
vision_platform\ads\pilot\action_classifier_v2\dataset\images\ads_action_v2_00196_not_close_asset_4135e69ad5d20c39.png,not_close,reviewed,ads2/assets/review_crops/close_glyph_candidates/sample/candidate_crops,asset_4135e69ad5d20c39,ads2\assets\review_crops,candidate_crop,non_action_target,,,,,file_8588c968e089e46e,asset_4135e69ad5d20c39,D:\Projects\adb_vl\ads2\assets\review_crops\close_glyph_candidates\sample\candidate_crops\000206_score_0.935_x313_y294_w30_h33_log__20260711_084610_10484_afk_20260711_083942_14_每日任務_task__000080_20260711_084852_before_tap_45_43.png.png,ads2\assets\review_crops\close_glyph_candidates\sample\candidate_crops\000206_score_0.935_x313_y294_w30_h33_log__20260711_084610_10484_afk_20260711_083942_14_每日任務_task__000080_20260711_084852_before_tap_45_43.png.png,ads,crop,candidate_crop,raw,non_action_target,
vision_platform\ads\pilot\action_classifier_v2\dataset\images\ads_action_v2_00197_not_close_asset_f0a116719cea53c1.png,not_close,reviewed,ads2/assets/review_crops/close_glyph_candidates/sample/candidate_crops,asset_f0a116719cea53c1,ads2\assets\review_crops,candidate_crop,non_action_target,,,,,file_287312ab1db933ea,asset_f0a116719cea53c1,D:\Projects\adb_vl\ads2\assets\review_crops\close_glyph_candidates\sample\candidate_crops\000207_score_0.935_x598_y105_w24_h30_log__20260711_101710_60008_afk_20260711_100305_em3_王國金庫_route_exit__000002_20260711_101712_after_tap_34_28.png.png,ads2\assets\review_crops\close_glyph_candidates\sample\candidate_crops\000207_score_0.935_x598_y105_w24_h30_log__20260711_101710_60008_afk_20260711_100305_em3_王國金庫_route_exit__000002_20260711_101712_after_tap_34_28.png.png,ads,crop,candidate_crop,raw,non_action_target,
vision_platform\ads\pilot\action_classifier_v2\dataset\images\ads_action_v2_00198_not_close_asset_cb8c0ffd8260c9d1.png,not_close,reviewed,ads2/assets/review_crops/close_glyph_candidates/sample/candidate_crops,asset_cb8c0ffd8260c9d1,ads2\assets\review_crops,candidate_crop,non_action_target,,,,,file_a10a70ea129ae31b,asset_cb8c0ffd8260c9d1,D:\Projects\adb_vl\ads2\assets\review_crops\close_glyph_candidates\sample\candidate_crops\000266_score_0.928_x395_y159_w14_h14_log__20260711_085505_41488_afk_20260711_085445_14_深淵_task__000018_20260711_085541_abyss_rental_scan_05.png.png,ads2\assets\review_crops\close_glyph_candidates\sample\candidate_crops\000266_score_0.928_x395_y159_w14_h14_log__20260711_085505_41488_afk_20260711_085445_14_深淵_task__000018_20260711_085541_abyss_rental_scan_05.png.png,ads,crop,candidate_crop,raw,non_action_target,
vision_platform\ads\pilot\action_classifier_v2\dataset\images\ads_action_v2_00199_not_close_asset_7fb7bd1919b179e8.png,not_close,reviewed,ads2/assets/review_crops/close_glyph_candidates/sample/candidate_crops,asset_7fb7bd1919b179e8,ads2\assets\review_crops,candidate_crop,non_action_target,,,,,file_d4e7c84be3420d88,asset_7fb7bd1919b179e8,D:\Projects\adb_vl\ads2\assets\review_crops\close_glyph_candidates\sample\candidate_crops\000283_score_0.927_x790_y151_w31_h33_log__20260711_103235_63312_afk_20260711_103216_311_每日任務_task__000113_20260711_103646_before_tap_614_82.png.png,ads2\assets\review_crops\close_glyph_candidates\sample\candidate_crops\000283_score_0.927_x790_y151_w31_h33_log__20260711_103235_63312_afk_20260711_103216_311_每日任務_task__000113_20260711_103646_before_tap_614_82.png.png,ads,crop,candidate_crop,raw,non_action_target,
vision_platform\ads\pilot\action_classifier_v2\dataset\images\ads_action_v2_00200_not_close_asset_ed79339c38e25f85.png,not_close,reviewed,ads2/assets/review_crops/close_glyph_candidates/sample/candidate_crops,asset_ed79339c38e25f85,ads2\assets\review_crops,candidate_crop,non_action_target,,,,,file_745c2b5a8420073e,asset_ed79339c38e25f85,D:\Projects\adb_vl\ads2\assets\review_crops\close_glyph_candidates\sample\candidate_crops\000284_score_0.926_x263_y339_w48_h44_log__20260707_160103_33324__000617_20260708_230319_after_tap_678_446.png.png,ads2\assets\review_crops\close_glyph_candidates\sample\candidate_crops\000284_score_0.926_x263_y339_w48_h44_log__20260707_160103_33324__000617_20260708_230319_after_tap_678_446.png.png,ads,crop,candidate_crop,raw,non_action_target,
vision_platform\ads\pilot\action_classifier_v2\dataset\images\ads_action_v2_00201_not_close_asset_4ba424888f0b45ad.png,not_close,reviewed,ads2/assets/review_crops/close_glyph_candidates/sample/candidate_crops,asset_4ba424888f0b45ad,ads2\assets\review_crops,candidate_crop,non_action_target,,,,,file_e068fadddcca4002,asset_4ba424888f0b45ad,D:\Projects\adb_vl\ads2\assets\review_crops\close_glyph_candidates\sample\candidate_crops\000285_score_0.924_x460_y60_w40_h40_log__20260711_003939_31364_afk_20260711_002946_tiger_廣告探寶鏟_task__000029_20260711_004337_before_tap_67_40.png.png,ads2\assets\review_crops\close_glyph_candidates\sample\candidate_crops\000285_score_0.924_x460_y60_w40_h40_log__20260711_003939_31364_afk_20260711_002946_tiger_廣告探寶鏟_task__000029_20260711_004337_before_tap_67_40.png.png,ads,crop,candidate_crop,raw,non_action_target,
vision_platform\ads\pilot\action_classifier_v2\dataset\images\ads_action_v2_00202_not_close_asset_f999348b3f09139c.png,not_close,reviewed,ads2/assets/review_crops/close_glyph_candidates/sample/candidate_crops,asset_f999348b3f09139c,ads2\assets\review_crops,candidate_crop,non_action_target,,,,,file_4e7a5ae1f4590ea0,asset_f999348b3f09139c,D:\Projects\adb_vl\ads2\assets\review_crops\close_glyph_candidates\sample\candidate_crops\000292_score_0.923_x45_y177_w17_h16_log__20260711_105219_54776_afk_20260711_105214_311_王國金庫_task__000002_20260711_105221_after_tap_80_124.png.png,ads2\assets\review_crops\close_glyph_candidates\sample\candidate_crops\000292_score_0.923_x45_y177_w17_h16_log__20260711_105219_54776_afk_20260711_105214_311_王國金庫_task__000002_20260711_105221_after_tap_80_124.png.png,ads,crop,candidate_crop,raw,non_action_target,
vision_platform\ads\pilot\action_classifier_v2\dataset\images\ads_action_v2_00203_not_close_asset_058d38681e45d169.png,not_close,reviewed,ads2/assets/review_crops/close_glyph_candidates/sample/candidate_crops,asset_058d38681e45d169,ads2\assets\review_crops,candidate_crop,non_action_target,,,,,file_4b5e0a2169b7dfa7,asset_058d38681e45d169,D:\Projects\adb_vl\ads2\assets\review_crops\close_glyph_candidates\sample\candidate_crops\000293_score_0.921_x453_y147_w16_h17_log__20260710_125824_2204__000504_20260711_145942_before_tap_51_22.png.png,ads2\assets\review_crops\close_glyph_candidates\sample\candidate_crops\000293_score_0.921_x453_y147_w16_h17_log__20260710_125824_2204__000504_20260711_145942_before_tap_51_22.png.png,ads,crop,candidate_crop,raw,non_action_target,
vision_platform\ads\pilot\action_classifier_v2\dataset\images\ads_action_v2_00204_not_close_asset_4cdeb08e18fe5609.png,not_close,reviewed,ads2/assets/review_crops/close_glyph_candidates/sample/candidate_crops,asset_4cdeb08e18fe5609,ads2\assets\review_crops,candidate_crop,non_action_target,,,,,file_783bda2e7e56f773,asset_4cdeb08e18fe5609,D:\Projects\adb_vl\ads2\assets\review_crops\close_glyph_candidates\sample\candidate_crops\000295_score_0.921_x300_y489_w13_h14_log__20260711_084004_22576_afk_20260711_083942_14_每日任務_task_fail_returncode_1__000056_20260711_084214_before_swipe_360_430_360_230_700.png.png,ads2\assets\review_crops\close_glyph_candidates\sample\candidate_crops\000295_score_0.921_x300_y489_w13_h14_log__20260711_084004_22576_afk_20260711_083942_14_每日任務_task_fail_returncode_1__000056_20260711_084214_before_swipe_360_430_360_230_700.png.png,ads,crop,candidate_crop,raw,non_action_target,
vision_platform\ads\pilot\action_classifier_v2\dataset\images\ads_action_v2_00205_not_close_asset_2173e60434dc676c.png,not_close,reviewed,ads2/assets/review_crops/close_glyph_candidates/sample/candidate_crops,asset_2173e60434dc676c,ads2\assets\review_crops,candidate_crop,non_action_target,,,,,file_6dd63f8ebcf1e47c,asset_2173e60434dc676c,D:\Projects\adb_vl\ads2\assets\review_crops\close_glyph_candidates\sample\candidate_crops\000296_score_0.921_x300_y489_w13_h14_log__20260711_094400_67140_afk_20260711_094338_em3_每日任務_task__000053_20260711_094602_after_swipe_360_430_360_230_700.png.png,ads2\assets\review_crops\close_glyph_candidates\sample\candidate_crops\000296_score_0.921_x300_y489_w13_h14_log__20260711_094400_67140_afk_20260711_094338_em3_每日任務_task__000053_20260711_094602_after_swipe_360_430_360_230_700.png.png,ads,crop,candidate_crop,raw,non_action_target,
vision_platform\ads\pilot\action_classifier_v2\dataset\images\ads_action_v2_00206_not_close_asset_91737887a42290bc.png,not_close,reviewed,ads2/assets/review_crops/close_glyph_candidates/sample/candidate_crops,asset_91737887a42290bc,ads2\assets\review_crops,candidate_crop,non_action_target,,,,,file_e3fcdd213e21d586,asset_91737887a42290bc,D:\Projects\adb_vl\ads2\assets\review_crops\close_glyph_candidates\sample\candidate_crops\000298_score_0.921_x584_y278_w31_h32_log__20260711_084004_22576_afk_20260711_083942_14_每日任務_task_fail_returncode_1__000018_20260711_084042_before_tap_80_500.png.png,ads2\assets\review_crops\close_glyph_candidates\sample\candidate_crops\000298_score_0.921_x584_y278_w31_h32_log__20260711_084004_22576_afk_20260711_083942_14_每日任務_task_fail_returncode_1__000018_20260711_084042_before_tap_80_500.png.png,ads,crop,candidate_crop,raw,non_action_target,
vision_platform\ads\pilot\action_classifier_v2\dataset\images\ads_action_v2_00207_not_close_asset_63960db38fe72c42.png,not_close,reviewed,ads2/assets/review_crops/close_glyph_candidates/sample/candidate_crops,asset_63960db38fe72c42,ads2\assets\review_crops,candidate_crop,non_action_target,,,,,file_0a022e7f20c4b555,asset_63960db38fe72c42,D:\Projects\adb_vl\ads2\assets\review_crops\close_glyph_candidates\sample\candidate_crops\000299_score_0.921_x377_y273_w13_h16_log__20260711_080053_66564_afk_20260711_080033_em3_廣告探寶鏟_task__000016_20260711_080306_after_tap_927_34.png.png,ads2\assets\review_crops\close_glyph_candidates\sample\candidate_crops\000299_score_0.921_x377_y273_w13_h16_log__20260711_080053_66564_afk_20260711_080033_em3_廣告探寶鏟_task__000016_20260711_080306_after_tap_927_34.png.png,ads,crop,candidate_crop,raw,non_action_target,
vision_platform\ads\pilot\action_classifier_v2\dataset\images\ads_action_v2_00208_not_close_asset_f0ec6a4655f7ce45.png,not_close,reviewed,ads2/assets/review_crops/close_glyph_candidates/sample/candidate_crops,asset_f0ec6a4655f7ce45,ads2\assets\review_crops,candidate_crop,non_action_target,,,,,file_55f65089980744df,asset_f0ec6a4655f7ce45,D:\Projects\adb_vl\ads2\assets\review_crops\close_glyph_candidates\sample\candidate_crops\000300_score_0.921_x741_y306_w39_h37_log__20260711_111953_39056_afk_20260711_111931_tiger_深淵_task__000047_20260711_112135_before_tap_368_478.png.png,ads2\assets\review_crops\close_glyph_candidates\sample\candidate_crops\000300_score_0.921_x741_y306_w39_h37_log__20260711_111953_39056_afk_20260711_111931_tiger_深淵_task__000047_20260711_112135_before_tap_368_478.png.png,ads,crop,candidate_crop,raw,non_action_target,
vision_platform\ads\pilot\action_classifier_v2\dataset\images\ads_action_v2_00209_not_close_asset_19dde564f88b8a06.png,not_close,reviewed,ads2/assets/review_crops/close_glyph_candidates/sample/candidate_crops,asset_19dde564f88b8a06,ads2\assets\review_crops,candidate_crop,non_action_target,,,,,file_ee34d23d30ea9545,asset_19dde564f88b8a06,D:\Projects\adb_vl\ads2\assets\review_crops\close_glyph_candidates\sample\candidate_crops\000301_score_0.920_x377_y404_w16_h17_log__20260711_093821_38292_afk_20260711_093821_14_勇者角逐廣告_route_enter__000003_20260711_093827_before_swipe_84_405_84_135_700.png.png,ads2\assets\review_crops\close_glyph_candidates\sample\candidate_crops\000301_score_0.920_x377_y404_w16_h17_log__20260711_093821_38292_afk_20260711_093821_14_勇者角逐廣告_route_enter__000003_20260711_093827_before_swipe_84_405_84_135_700.png.png,ads,crop,candidate_crop,raw,non_action_target,
vision_platform\ads\pilot\action_classifier_v2\dataset\images\ads_action_v2_00210_not_close_asset_998b73fc2323cc1c.png,not_close,reviewed,ads2/assets/review_crops/close_glyph_candidates/sample/candidate_crops,asset_998b73fc2323cc1c,ads2\assets\review_crops,candidate_crop,non_action_target,,,,,file_a5c29b48e4f77287,asset_998b73fc2323cc1c,D:\Projects\adb_vl\ads2\assets\review_crops\close_glyph_candidates\sample\candidate_crops\000310_score_0.920_x377_y404_w16_h17_log__20260711_104153_50836_afk_20260711_104153_311_每日簽到_route_enter__000003_20260711_104158_before_tap_69_277.png.png,ads2\assets\review_crops\close_glyph_candidates\sample\candidate_crops\000310_score_0.920_x377_y404_w16_h17_log__20260711_104153_50836_afk_20260711_104153_311_每日簽到_route_enter__000003_20260711_104158_before_tap_69_277.png.png,ads,crop,candidate_crop,raw,non_action_target,
vision_platform\ads\pilot\action_classifier_v2\dataset\images\ads_action_v2_00211_not_close_asset_5a049b7331aceb6a.png,not_close,reviewed,ads2/assets/review_crops/close_glyph_candidates/sample/candidate_crops,asset_5a049b7331aceb6a,ads2\assets\review_crops,candidate_crop,non_action_target,,,,,file_7f1abbd3ecdf23f1,asset_5a049b7331aceb6a,D:\Projects\adb_vl\ads2\assets\review_crops\close_glyph_candidates\sample\candidate_crops\000311_score_0.920_x377_y404_w16_h17_log__20260711_104613_15440_afk_20260711_104613_311_看廣告_route_enter__000003_20260711_104618_before_tap_67_369.png.png,ads2\assets\review_crops\close_glyph_candidates\sample\candidate_crops\000311_score_0.920_x377_y404_w16_h17_log__20260711_104613_15440_afk_20260711_104613_311_看廣告_route_enter__000003_20260711_104618_before_tap_67_369.png.png,ads,crop,candidate_crop,raw,non_action_target,
vision_platform\ads\pilot\action_classifier_v2\dataset\images\ads_action_v2_00212_not_close_asset_e16916a8db8338c6.png,not_close,reviewed,ads2/assets/review_crops/close_glyph_candidates/sample/candidate_crops,asset_e16916a8db8338c6,ads2\assets\review_crops,candidate_crop,non_action_target,,,,,file_55bc977dd6630a3a,asset_e16916a8db8338c6,D:\Projects\adb_vl\ads2\assets\review_crops\close_glyph_candidates\sample\candidate_crops\000312_score_0.920_x45_y222_w17_h16_log__20260711_154545_35900_kingdom_vault__000018_20260711_154813_after_swipe_86_130_86_430_420.png.png,ads2\assets\review_crops\close_glyph_candidates\sample\candidate_crops\000312_score_0.920_x45_y222_w17_h16_log__20260711_154545_35900_kingdom_vault__000018_20260711_154813_after_swipe_86_130_86_430_420.png.png,ads,crop,candidate_crop,raw,non_action_target,
vision_platform\ads\pilot\action_classifier_v2\dataset\images\ads_action_v2_00213_not_close_asset_169cc7d046e81345.png,not_close,reviewed,ads2/assets/review_crops/close_glyph_candidates/sample/candidate_crops,asset_169cc7d046e81345,ads2\assets\review_crops,candidate_crop,non_action_target,,,,,file_74b82194154bac7f,asset_169cc7d046e81345,D:\Projects\adb_vl\ads2\assets\review_crops\close_glyph_candidates\sample\candidate_crops\000313_score_0.920_x432_y214_w15_h15_log__20260711_085505_41488_afk_20260711_085445_14_深淵_task__000039_20260711_085625_after_tap_366_477.png.png,ads2\assets\review_crops\close_glyph_candidates\sample\candidate_crops\000313_score_0.920_x432_y214_w15_h15_log__20260711_085505_41488_afk_20260711_085445_14_深淵_task__000039_20260711_085625_after_tap_366_477.png.png,ads,crop,candidate_crop,raw,non_action_target,
vision_platform\ads\pilot\action_classifier_v2\dataset\images\ads_action_v2_00214_not_close_asset_6ccbdd66b93bf61e.png,not_close,reviewed,ads2/assets/review_crops/close_glyph_candidates/sample/candidate_crops,asset_6ccbdd66b93bf61e,ads2\assets\review_crops,candidate_crop,non_action_target,,,,,file_46b9c9c4f65eeece,asset_6ccbdd66b93bf61e,D:\Projects\adb_vl\ads2\assets\review_crops\close_glyph_candidates\sample\candidate_crops\000321_score_0.919_x45_y177_w17_h16_log__20260711_105219_54776_afk_20260711_105214_311_王國金庫_task__000001_20260711_105220_before_tap_80_124.png.png,ads2\assets\review_crops\close_glyph_candidates\sample\candidate_crops\000321_score_0.919_x45_y177_w17_h16_log__20260711_105219_54776_afk_20260711_105214_311_王國金庫_task__000001_20260711_105220_before_tap_80_124.png.png,ads,crop,candidate_crop,raw,non_action_target,
vision_platform\ads\pilot\action_classifier_v2\dataset\images\ads_action_v2_00215_not_close_asset_9a046c30d2c32d8b.png,not_close,reviewed,ads2/assets/review_crops/close_glyph_candidates/sample/candidate_crops,asset_9a046c30d2c32d8b,ads2\assets\review_crops,candidate_crop,non_action_target,,,,,file_c323ef484d1f43de,asset_9a046c30d2c32d8b,D:\Projects\adb_vl\ads2\assets\review_crops\close_glyph_candidates\sample\candidate_crops\000322_score_0.919_x45_y138_w17_h16_log__20260711_155245_32320_kingdom_vault__000004_20260711_155251_after_swipe_86_130_86_430_420.png.png,ads2\assets\review_crops\close_glyph_candidates\sample\candidate_crops\000322_score_0.919_x45_y138_w17_h16_log__20260711_155245_32320_kingdom_vault__000004_20260711_155251_after_swipe_86_130_86_430_420.png.png,ads,crop,candidate_crop,raw,non_action_target,
vision_platform\ads\pilot\action_classifier_v2\dataset\images\ads_action_v2_00216_not_close_asset_66beed10e1cf9992.png,not_close,reviewed,ads2/assets/review_crops/close_glyph_candidates/sample/candidate_crops,asset_66beed10e1cf9992,ads2\assets\review_crops,candidate_crop,non_action_target,,,,,file_3e698e7573bf3fbc,asset_66beed10e1cf9992,D:\Projects\adb_vl\ads2\assets\review_crops\close_glyph_candidates\sample\candidate_crops\000323_score_0.919_x263_y339_w48_h44_log__20260710_125824_2204__000570_20260711_150706_after_tap_467_446.png.png,ads2\assets\review_crops\close_glyph_candidates\sample\candidate_crops\000323_score_0.919_x263_y339_w48_h44_log__20260710_125824_2204__000570_20260711_150706_after_tap_467_446.png.png,ads,crop,candidate_crop,raw,non_action_target,
vision_platform\ads\pilot\action_classifier_v2\dataset\images\ads_action_v2_00217_not_close_asset_fb90c4fafece1292.png,not_close,reviewed,ads2/assets/review_crops/close_glyph_candidates/sample/candidate_crops,asset_fb90c4fafece1292,ads2\assets\review_crops,candidate_crop,non_action_target,,,,,file_75dd897d77c12615,asset_fb90c4fafece1292,D:\Projects\adb_vl\ads2\assets\review_crops\close_glyph_candidates\sample\candidate_crops\000342_score_0.918_x263_y339_w48_h44_log__20260707_160103_33324__000907_20260709_150122_before_tap_678_446.png.png,ads2\assets\review_crops\close_glyph_candidates\sample\candidate_crops\000342_score_0.918_x263_y339_w48_h44_log__20260707_160103_33324__000907_20260709_150122_before_tap_678_446.png.png,ads,crop,candidate_crop,raw,non_action_target,
vision_platform\ads\pilot\action_classifier_v2\dataset\images\ads_action_v2_00218_not_close_asset_f8def615d4f2f908.png,not_close,reviewed,ads2/assets/review_crops/close_glyph_candidates/sample/candidate_crops,asset_f8def615d4f2f908,ads2\assets\review_crops,candidate_crop,non_action_target,,,,,file_aafbbac71f265bd2,asset_f8def615d4f2f908,D:\Projects\adb_vl\ads2\assets\review_crops\close_glyph_candidates\sample\candidate_crops\000343_score_0.918_x46_y123_w16_h17_log__20260711_101501_60008_afk_20260711_100305_em3_王國金庫_task_fail_returncode_1__000002_20260711_101506_after_swipe_86_430_86_130_420.png.png,ads2\assets\review_crops\close_glyph_candidates\sample\candidate_crops\000343_score_0.918_x46_y123_w16_h17_log__20260711_101501_60008_afk_20260711_100305_em3_王國金庫_task_fail_returncode_1__000002_20260711_101506_after_swipe_86_430_86_130_420.png.png,ads,crop,candidate_crop,raw,non_action_target,
vision_platform\ads\pilot\action_classifier_v2\dataset\images\ads_action_v2_00219_not_close_asset_db6d50040d2011c6.png,not_close,reviewed,ads2/assets/review_crops/close_glyph_candidates/sample/candidate_crops,asset_db6d50040d2011c6,ads2\assets\review_crops,candidate_crop,non_action_target,,,,,file_86155502233c9779,asset_db6d50040d2011c6,D:\Projects\adb_vl\ads2\assets\review_crops\close_glyph_candidates\sample\candidate_crops\000344_score_0.917_x45_y177_w17_h16_log__20260711_155245_32320_kingdom_vault__000001_20260711_155246_before_swipe_86_430_86_130_420.png.png,ads2\assets\review_crops\close_glyph_candidates\sample\candidate_crops\000344_score_0.917_x45_y177_w17_h16_log__20260711_155245_32320_kingdom_vault__000001_20260711_155246_before_swipe_86_430_86_130_420.png.png,ads,crop,candidate_crop,raw,non_action_target,
vision_platform\ads\pilot\action_classifier_v2\dataset\images\ads_action_v2_00220_not_close_asset_1fcf7703d7603be0.png,not_close,reviewed,ads2/assets/review_crops/close_glyph_candidates/sample/candidate_crops,asset_1fcf7703d7603be0,ads2\assets\review_crops,candidate_crop,non_action_target,,,,,file_3d8ef74ccaa65500,asset_1fcf7703d7603be0,D:\Projects\adb_vl\ads2\assets\review_crops\close_glyph_candidates\sample\candidate_crops\000345_score_0.917_x482_y147_w18_h18_log__20260711_084610_10484_afk_20260711_083942_14_每日任務_task__000013_20260711_084636_after_tap_255_414.png.png,ads2\assets\review_crops\close_glyph_candidates\sample\candidate_crops\000345_score_0.917_x482_y147_w18_h18_log__20260711_084610_10484_afk_20260711_083942_14_每日任務_task__000013_20260711_084636_after_tap_255_414.png.png,ads,crop,candidate_crop,raw,non_action_target,
vision_platform\ads\pilot\action_classifier_v2\dataset\images\ads_action_v2_00221_not_close_asset_4c8db5114e4a4e20.png,not_close,reviewed,ads2/assets/review_crops/close_glyph_candidates/sample/candidate_crops,asset_4c8db5114e4a4e20,ads2\assets\review_crops,candidate_crop,non_action_target,,,,,file_20d60ed5ae005a3e,asset_4c8db5114e4a4e20,D:\Projects\adb_vl\ads2\assets\review_crops\close_glyph_candidates\sample\candidate_crops\000360_score_0.916_x126_y204_w21_h20_log__20260711_110821_25824_afk_20260711_110759_tiger_每日任務_task__000068_20260711_111103_before_tap_481_515.png.png,ads2\assets\review_crops\close_glyph_candidates\sample\candidate_crops\000360_score_0.916_x126_y204_w21_h20_log__20260711_110821_25824_afk_20260711_110759_tiger_每日任務_task__000068_20260711_111103_before_tap_481_515.png.png,ads,crop,candidate_crop,raw,non_action_target,
vision_platform\ads\pilot\action_classifier_v2\dataset\images\ads_action_v2_00222_not_close_asset_3a850d3c9c9f250b.png,not_close,reviewed,ads2/assets/review_crops/close_glyph_candidates/sample/candidate_crops,asset_3a850d3c9c9f250b,ads2\assets\review_crops,candidate_crop,non_action_target,,,,,file_e62cfbb548af24e3,asset_3a850d3c9c9f250b,D:\Projects\adb_vl\ads2\assets\review_crops\close_glyph_candidates\sample\candidate_crops\000361_score_0.916_x300_y480_w13_h14_log__20260711_103235_63312_afk_20260711_103216_311_每日任務_task__000284_20260711_104129_before_swipe_360_430_360_230_700.png.png,ads2\assets\review_crops\close_glyph_candidates\sample\candidate_crops\000361_score_0.916_x300_y480_w13_h14_log__20260711_103235_63312_afk_20260711_103216_311_每日任務_task__000284_20260711_104129_before_swipe_360_430_360_230_700.png.png,ads,crop,candidate_crop,raw,non_action_target,
vision_platform\ads\pilot\action_classifier_v2\dataset\images\ads_action_v2_00223_not_close_asset_dfc556b32c903a93.png,not_close,reviewed,ads2/assets/review_crops/close_glyph_candidates/sample/candidate_crops,asset_dfc556b32c903a93,ads2\assets\review_crops,candidate_crop,non_action_target,,,,,file_923a2f84ce1d551c,asset_dfc556b32c903a93,D:\Projects\adb_vl\ads2\assets\review_crops\close_glyph_candidates\sample\candidate_crops\000362_score_0.915_x45_y79_w17_h16_log__20260711_155245_32320_kingdom_vault__000003_20260711_155250_before_swipe_86_130_86_430_420.png.png,ads2\assets\review_crops\close_glyph_candidates\sample\candidate_crops\000362_score_0.915_x45_y79_w17_h16_log__20260711_155245_32320_kingdom_vault__000003_20260711_155250_before_swipe_86_130_86_430_420.png.png,ads,crop,candidate_crop,raw,non_action_target,
vision_platform\ads\pilot\action_classifier_v2\dataset\images\ads_action_v2_00224_not_close_asset_cee129600e67e50d.png,not_close,reviewed,ads2/assets/review_crops/close_glyph_candidates/sample/candidate_crops,asset_cee129600e67e50d,ads2\assets\review_crops,candidate_crop,non_action_target,,,,,file_c2512038fbe49e79,asset_cee129600e67e50d,D:\Projects\adb_vl\ads2\assets\review_crops\close_glyph_candidates\sample\candidate_crops\000363_score_0.915_x513_y422_w14_h13_log__20260711_085505_41488_afk_20260711_085445_14_深淵_task__000006_20260711_085522_abyss_rental_scan_01.png.png,ads2\assets\review_crops\close_glyph_candidates\sample\candidate_crops\000363_score_0.915_x513_y422_w14_h13_log__20260711_085505_41488_afk_20260711_085445_14_深淵_task__000006_20260711_085522_abyss_rental_scan_01.png.png,ads,crop,candidate_crop,raw,non_action_target,
vision_platform\ads\pilot\action_classifier_v2\dataset\images\ads_action_v2_00225_not_close_asset_4cee2ed92030b8f4.png,not_close,reviewed,ads2/assets/review_crops/close_glyph_candidates/sample/candidate_crops,asset_4cee2ed92030b8f4,ads2\assets\review_crops,candidate_crop,non_action_target,,,,,file_54c851125461cfd2,asset_4cee2ed92030b8f4,D:\Projects\adb_vl\ads2\assets\review_crops\close_glyph_candidates\sample\candidate_crops\000364_score_0.915_x513_y422_w14_h13_log__20260711_085505_41488_afk_20260711_085445_14_深淵_task__000005_20260711_085512_after_tap_507_466.png.png,ads2\assets\review_crops\close_glyph_candidates\sample\candidate_crops\000364_score_0.915_x513_y422_w14_h13_log__20260711_085505_41488_afk_20260711_085445_14_深淵_task__000005_20260711_085512_after_tap_507_466.png.png,ads,crop,candidate_crop,raw,non_action_target,
vision_platform\ads\pilot\action_classifier_v2\dataset\images\ads_action_v2_00226_not_close_asset_becbe3dac5374389.png,not_close,reviewed,ads2/assets/review_crops/close_glyph_candidates/sample/candidate_crops,asset_becbe3dac5374389,ads2\assets\review_crops,candidate_crop,non_action_target,,,,,file_d6c68a7cf90972a7,asset_becbe3dac5374389,D:\Projects\adb_vl\ads2\assets\review_crops\close_glyph_candidates\sample\candidate_crops\000365_score_0.915_x513_y422_w14_h13_log__20260711_085505_41488_afk_20260711_085445_14_深淵_task__000007_20260711_085523_before_swipe_455_430_455_170_520.png.png,ads2\assets\review_crops\close_glyph_candidates\sample\candidate_crops\000365_score_0.915_x513_y422_w14_h13_log__20260711_085505_41488_afk_20260711_085445_14_深淵_task__000007_20260711_085523_before_swipe_455_430_455_170_520.png.png,ads,crop,candidate_crop,raw,non_action_target,
vision_platform\ads\pilot\action_classifier_v2\dataset\images\ads_action_v2_00227_not_close_asset_95a20430000878ef.png,not_close,reviewed,ads2/assets/review_crops/close_glyph_candidates/sample/candidate_crops,asset_95a20430000878ef,ads2\assets\review_crops,candidate_crop,non_action_target,,,,,file_7cbb107dad905b1c,asset_95a20430000878ef,D:\Projects\adb_vl\ads2\assets\review_crops\close_glyph_candidates\sample\candidate_crops\000368_score_0.915_x513_y422_w14_h13_log__20260711_085505_41488_afk_20260711_085445_14_深淵_task__000024_20260711_085551_before_tap_809_65.png.png,ads2\assets\review_crops\close_glyph_candidates\sample\candidate_crops\000368_score_0.915_x513_y422_w14_h13_log__20260711_085505_41488_afk_20260711_085445_14_深淵_task__000024_20260711_085551_before_tap_809_65.png.png,ads,crop,candidate_crop,raw,non_action_target,
vision_platform\ads\pilot\action_classifier_v2\dataset\images\ads_action_v2_00228_not_close_asset_b8c24c7bd7e11441.png,not_close,reviewed,ads2/assets/review_crops/close_glyph_candidates/sample/candidate_crops,asset_b8c24c7bd7e11441,ads2\assets\review_crops,candidate_crop,non_action_target,,,,,file_be730165c006d832,asset_b8c24c7bd7e11441,D:\Projects\adb_vl\ads2\assets\review_crops\close_glyph_candidates\sample\candidate_crops\000369_score_0.915_x45_y218_w17_h16_log__20260711_101501_60008_afk_20260711_100305_em3_王國金庫_task_fail_returncode_1__000004_20260711_101511_after_swipe_86_130_86_430_420.png.png,ads2\assets\review_crops\close_glyph_candidates\sample\candidate_crops\000369_score_0.915_x45_y218_w17_h16_log__20260711_101501_60008_afk_20260711_100305_em3_王國金庫_task_fail_returncode_1__000004_20260711_101511_after_swipe_86_130_86_430_420.png.png,ads,crop,candidate_crop,raw,non_action_target,
vision_platform\ads\pilot\action_classifier_v2\dataset\images\ads_action_v2_00229_not_close_asset_5457e63233024177.png,not_close,reviewed,ads2/assets/review_crops/close_glyph_candidates/sample/candidate_crops,asset_5457e63233024177,ads2\assets\review_crops,candidate_crop,non_action_target,,,,,file_c110dc82dfdd56cd,asset_5457e63233024177,D:\Projects\adb_vl\ads2\assets\review_crops\close_glyph_candidates\sample\candidate_crops\000370_score_0.915_x45_y80_w17_h16_log__20260711_155245_32320_kingdom_vault__000002_20260711_155248_after_swipe_86_430_86_130_420.png.png,ads2\assets\review_crops\close_glyph_candidates\sample\candidate_crops\000370_score_0.915_x45_y80_w17_h16_log__20260711_155245_32320_kingdom_vault__000002_20260711_155248_after_swipe_86_430_86_130_420.png.png,ads,crop,candidate_crop,raw,non_action_target,
vision_platform\ads\pilot\action_classifier_v2\dataset\images\ads_action_v2_00230_not_close_asset_5627df36b1f226ff.png,not_close,reviewed,ads2/assets/review_crops/close_glyph_candidates/sample/candidate_crops,asset_5627df36b1f226ff,ads2\assets\review_crops,candidate_crop,non_action_target,,,,,file_a879cfe5628dbb91,asset_5627df36b1f226ff,D:\Projects\adb_vl\ads2\assets\review_crops\close_glyph_candidates\sample\candidate_crops\000371_score_0.915_x302_y436_w14_h17_log__20260711_010520_33712_afk_20260711_010506_em3_廣告探寶鏟_task__000027_20260711_011001_before_tap_67_40.png.png,ads2\assets\review_crops\close_glyph_candidates\sample\candidate_crops\000371_score_0.915_x302_y436_w14_h17_log__20260711_010520_33712_afk_20260711_010506_em3_廣告探寶鏟_task__000027_20260711_011001_before_tap_67_40.png.png,ads,crop,candidate_crop,raw,non_action_target,
vision_platform\ads\pilot\action_classifier_v2\dataset\images\ads_action_v2_00231_not_close_asset_0be6775e83bdaf1a.png,not_close,reviewed,ads2/assets/review_crops/close_glyph_candidates/sample/candidate_crops,asset_0be6775e83bdaf1a,ads2\assets\review_crops,candidate_crop,non_action_target,,,,,file_929e19c4c2c6beab,asset_0be6775e83bdaf1a,D:\Projects\adb_vl\ads2\assets\review_crops\close_glyph_candidates\sample\candidate_crops\000374_score_0.915_x603_y376_w32_h32_log__20260711_111925_56400_afk_20260711_111910_tiger_每日簽到_route_exit__000002_20260711_111927_after_tap_51_22.png.png,ads2\assets\review_crops\close_glyph_candidates\sample\candidate_crops\000374_score_0.915_x603_y376_w32_h32_log__20260711_111925_56400_afk_20260711_111910_tiger_每日簽到_route_exit__000002_20260711_111927_after_tap_51_22.png.png,ads,crop,candidate_crop,raw,non_action_target,
vision_platform\ads\pilot\action_classifier_v2\dataset\images\ads_action_v2_00232_not_close_asset_7048eb0232135294.png,not_close,reviewed,ads2/assets/review_crops/close_glyph_candidates/sample/candidate_crops,asset_7048eb0232135294,ads2\assets\review_crops,candidate_crop,non_action_target,,,,,file_4811da562728f0d5,asset_7048eb0232135294,D:\Projects\adb_vl\ads2\assets\review_crops\close_glyph_candidates\sample\candidate_crops\000375_score_0.915_x395_y421_w14_h13_log__20260711_095223_69352_afk_20260711_095203_em3_深淵_task__000006_20260711_095239_abyss_rental_scan_01.png.png,ads2\assets\review_crops\close_glyph_candidates\sample\candidate_crops\000375_score_0.915_x395_y421_w14_h13_log__20260711_095223_69352_afk_20260711_095203_em3_深淵_task__000006_20260711_095239_abyss_rental_scan_01.png.png,ads,crop,candidate_crop,raw,non_action_target,
vision_platform\ads\pilot\action_classifier_v2\dataset\images\ads_action_v2_00233_not_close_asset_a6e93203e19f14fb.png,not_close,reviewed,ads2/assets/review_crops/close_glyph_candidates/sample/candidate_crops,asset_a6e93203e19f14fb,ads2\assets\review_crops,candidate_crop,non_action_target,,,,,file_8f9d2bb674f2825d,asset_a6e93203e19f14fb,D:\Projects\adb_vl\ads2\assets\review_crops\close_glyph_candidates\sample\candidate_crops\000376_score_0.915_x395_y421_w14_h13_log__20260711_095223_69352_afk_20260711_095203_em3_深淵_task__000004_20260711_095228_before_tap_507_466.png.png,ads2\assets\review_crops\close_glyph_candidates\sample\candidate_crops\000376_score_0.915_x395_y421_w14_h13_log__20260711_095223_69352_afk_20260711_095203_em3_深淵_task__000004_20260711_095228_before_tap_507_466.png.png,ads,crop,candidate_crop,raw,non_action_target,
vision_platform\ads\pilot\action_classifier_v2\dataset\images\ads_action_v2_00234_not_close_asset_ef6037b5d7996500.png,not_close,reviewed,ads2/assets/review_crops/close_glyph_candidates/sample/candidate_crops,asset_ef6037b5d7996500,ads2\assets\review_crops,candidate_crop,non_action_target,,,,,file_6c31365d44192177,asset_ef6037b5d7996500,D:\Projects\adb_vl\ads2\assets\review_crops\close_glyph_candidates\sample\candidate_crops\000377_score_0.915_x395_y421_w14_h13_log__20260711_095223_69352_afk_20260711_095203_em3_深淵_task__000005_20260711_095229_after_tap_507_466.png.png,ads2\assets\review_crops\close_glyph_candidates\sample\candidate_crops\000377_score_0.915_x395_y421_w14_h13_log__20260711_095223_69352_afk_20260711_095203_em3_深淵_task__000005_20260711_095229_after_tap_507_466.png.png,ads,crop,candidate_crop,raw,non_action_target,
vision_platform\ads\pilot\action_classifier_v2\dataset\images\ads_action_v2_00235_not_close_asset_8edd3893c9aee092.png,not_close,reviewed,ads2/assets/review_crops/close_glyph_candidates/sample/candidate_crops,asset_8edd3893c9aee092,ads2\assets\review_crops,candidate_crop,non_action_target,,,,,file_e793597c7e7fb149,asset_8edd3893c9aee092,D:\Projects\adb_vl\ads2\assets\review_crops\close_glyph_candidates\sample\candidate_crops\000378_score_0.915_x395_y421_w14_h13_log__20260711_095223_69352_afk_20260711_095203_em3_深淵_task__000007_20260711_095239_before_swipe_455_430_455_170_520.png.png,ads2\assets\review_crops\close_glyph_candidates\sample\candidate_crops\000378_score_0.915_x395_y421_w14_h13_log__20260711_095223_69352_afk_20260711_095203_em3_深淵_task__000007_20260711_095239_before_swipe_455_430_455_170_520.png.png,ads,crop,candidate_crop,raw,non_action_target,
vision_platform\ads\pilot\action_classifier_v2\dataset\images\ads_action_v2_00236_not_close_asset_dc60821c5f660327.png,not_close,reviewed,ads2/assets/review_crops/close_glyph_candidates/sample/candidate_crops,asset_dc60821c5f660327,ads2\assets\review_crops,candidate_crop,non_action_target,,,,,file_95a1f35a1f8ee8df,asset_dc60821c5f660327,D:\Projects\adb_vl\ads2\assets\review_crops\close_glyph_candidates\sample\candidate_crops\000392_score_0.915_x395_y421_w14_h13_log__20260711_111953_39056_afk_20260711_111931_tiger_深淵_task__000027_20260711_112042_before_tap_809_65.png.png,ads2\assets\review_crops\close_glyph_candidates\sample\candidate_crops\000392_score_0.915_x395_y421_w14_h13_log__20260711_111953_39056_afk_20260711_111931_tiger_深淵_task__000027_20260711_112042_before_tap_809_65.png.png,ads,crop,candidate_crop,raw,non_action_target,
vision_platform\ads\pilot\action_classifier_v2\dataset\images\ads_action_v2_00237_not_close_asset_36fd83c7d04e00bf.png,not_close,reviewed,ads2/assets/review_crops/close_glyph_candidates/sample/candidate_crops,asset_36fd83c7d04e00bf,ads2\assets\review_crops,candidate_crop,non_action_target,,,,,file_d5c0553c23a9429f,asset_36fd83c7d04e00bf,D:\Projects\adb_vl\ads2\assets\review_crops\close_glyph_candidates\sample\candidate_crops\000393_score_0.915_x263_y339_w48_h44_log__20260707_160103_33324__001279_20260710_070513_after_tap_678_446.png.png,ads2\assets\review_crops\close_glyph_candidates\sample\candidate_crops\000393_score_0.915_x263_y339_w48_h44_log__20260707_160103_33324__001279_20260710_070513_after_tap_678_446.png.png,ads,crop,candidate_crop,raw,non_action_target,
vision_platform\ads\pilot\action_classifier_v2\dataset\images\ads_action_v2_00238_not_close_asset_cdbb53ff95e4d4d4.png,not_close,reviewed,ads2/assets/review_crops/close_glyph_candidates/sample/candidate_crops,asset_cdbb53ff95e4d4d4,ads2\assets\review_crops,candidate_crop,non_action_target,,,,,file_8817944020e55bd6,asset_cdbb53ff95e4d4d4,D:\Projects\adb_vl\ads2\assets\review_crops\close_glyph_candidates\sample\candidate_crops\000394_score_0.915_x263_y339_w45_h44_log__20260707_160103_33324__001300_20260710_070657_after_tap_80_500.png.png,ads2\assets\review_crops\close_glyph_candidates\sample\candidate_crops\000394_score_0.915_x263_y339_w45_h44_log__20260707_160103_33324__001300_20260710_070657_after_tap_80_500.png.png,ads,crop,candidate_crop,raw,non_action_target,
vision_platform\ads\pilot\action_classifier_v2\dataset\images\ads_action_v2_00239_not_close_asset_d08b0797a767bc06.png,not_close,reviewed,ads2/assets/review_crops/close_glyph_candidates/sample/candidate_crops,asset_d08b0797a767bc06,ads2\assets\review_crops,candidate_crop,non_action_target,,,,,file_60dd0bf3676a0bca,asset_d08b0797a767bc06,D:\Projects\adb_vl\ads2\assets\review_crops\close_glyph_candidates\sample\candidate_crops\000395_score_0.914_x519_y296_w42_h39_log__20260707_160103_33324__000626_20260708_230331_before_tap_80_500.png.png,ads2\assets\review_crops\close_glyph_candidates\sample\candidate_crops\000395_score_0.914_x519_y296_w42_h39_log__20260707_160103_33324__000626_20260708_230331_before_tap_80_500.png.png,ads,crop,candidate_crop,raw,non_action_target,
vision_platform\ads\pilot\action_classifier_v2\dataset\images\ads_action_v2_00240_not_close_asset_f17add9b76f0d36d.png,not_close,reviewed,ads2/assets/review_crops/close_glyph_candidates/sample/candidate_crops,asset_f17add9b76f0d36d,ads2\assets\review_crops,candidate_crop,non_action_target,,,,,file_9a8d7f6ead9d4117,asset_f17add9b76f0d36d,D:\Projects\adb_vl\ads2\assets\review_crops\close_glyph_candidates\sample\candidate_crops\000396_score_0.914_x537_y126_w51_h51_log__20260711_095223_69352_afk_20260711_095203_em3_深淵_task__000048_20260711_095417_before_tap_368_478.png.png,ads2\assets\review_crops\close_glyph_candidates\sample\candidate_crops\000396_score_0.914_x537_y126_w51_h51_log__20260711_095223_69352_afk_20260711_095203_em3_深淵_task__000048_20260711_095417_before_tap_368_478.png.png,ads,crop,candidate_crop,raw,non_action_target,
vision_platform\ads\pilot\action_classifier_v2\dataset\images\ads_action_v2_00241_not_close_asset_c38d57a6776bde0b.png,not_close,reviewed,ads2/assets/review_crops/close_glyph_candidates/sample/candidate_crops,asset_c38d57a6776bde0b,ads2\assets\review_crops,candidate_crop,non_action_target,,,,,file_e96fe744e424453a,asset_c38d57a6776bde0b,D:\Projects\adb_vl\ads2\assets\review_crops\close_glyph_candidates\sample\candidate_crops\000398_score_0.914_x175_y456_w18_h18_log__20260711_084610_10484_afk_20260711_083942_14_每日任務_task__000027_20260711_084708_after_tap_49_172.png.png,ads2\assets\review_crops\close_glyph_candidates\sample\candidate_crops\000398_score_0.914_x175_y456_w18_h18_log__20260711_084610_10484_afk_20260711_083942_14_每日任務_task__000027_20260711_084708_after_tap_49_172.png.png,ads,crop,candidate_crop,raw,non_action_target,
vision_platform\ads\pilot\action_classifier_v2\dataset\images\ads_action_v2_00242_not_close_asset_d20a125da4881367.png,not_close,reviewed,ads2/assets/review_crops/close_glyph_candidates/sample/candidate_crops,asset_d20a125da4881367,ads2\assets\review_crops,candidate_crop,non_action_target,,,,,file_131556442d9469b8,asset_d20a125da4881367,D:\Projects\adb_vl\ads2\assets\review_crops\close_glyph_candidates\sample\candidate_crops\000423_score_0.914_x537_y126_w51_h51_log__20260711_111953_39056_afk_20260711_111931_tiger_深淵_task__000044_20260711_112131_after_tap_368_478.png.png,ads2\assets\review_crops\close_glyph_candidates\sample\candidate_crops\000423_score_0.914_x537_y126_w51_h51_log__20260711_111953_39056_afk_20260711_111931_tiger_深淵_task__000044_20260711_112131_after_tap_368_478.png.png,ads,crop,candidate_crop,raw,non_action_target,
vision_platform\ads\pilot\action_classifier_v2\dataset\images\ads_action_v2_00243_not_close_asset_6779bdb77b9a49a9.png,not_close,reviewed,ads2/assets/review_crops/close_glyph_candidates/sample/candidate_crops,asset_6779bdb77b9a49a9,ads2\assets\review_crops,candidate_crop,non_action_target,,,,,file_c439978c5a28e575,asset_6779bdb77b9a49a9,D:\Projects\adb_vl\ads2\assets\review_crops\close_glyph_candidates\sample\candidate_crops\000425_score_0.914_x278_y148_w18_h18_log__20260711_084610_10484_afk_20260711_083942_14_每日任務_task__000013_20260711_084636_after_tap_255_414.png.png,ads2\assets\review_crops\close_glyph_candidates\sample\candidate_crops\000425_score_0.914_x278_y148_w18_h18_log__20260711_084610_10484_afk_20260711_083942_14_每日任務_task__000013_20260711_084636_after_tap_255_414.png.png,ads,crop,candidate_crop,raw,non_action_target,
vision_platform\ads\pilot\action_classifier_v2\dataset\images\ads_action_v2_00244_not_close_asset_faf4a5387ddce0d3.png,not_close,reviewed,ads2/assets/review_crops/close_glyph_candidates/sample/candidate_crops,asset_faf4a5387ddce0d3,ads2\assets\review_crops,candidate_crop,non_action_target,,,,,file_95478fff2b50da8e,asset_faf4a5387ddce0d3,D:\Projects\adb_vl\ads2\assets\review_crops\close_glyph_candidates\sample\candidate_crops\000443_score_0.913_x118_y243_w16_h17_log__20260711_100310_38732_afk_20260711_100305_em3_王國金庫_task_fail_returncode_1__000028_20260711_100401_after_swipe_86_430_86_130_420.png.png,ads2\assets\review_crops\close_glyph_candidates\sample\candidate_crops\000443_score_0.913_x118_y243_w16_h17_log__20260711_100310_38732_afk_20260711_100305_em3_王國金庫_task_fail_returncode_1__000028_20260711_100401_after_swipe_86_430_86_130_420.png.png,ads,crop,candidate_crop,raw,non_action_target,
vision_platform\ads\pilot\action_classifier_v2\dataset\images\ads_action_v2_00245_not_close_asset_c419cad03363541c.png,not_close,reviewed,ads2/assets/review_crops/close_glyph_candidates/sample/candidate_crops,asset_c419cad03363541c,ads2\assets\review_crops,candidate_crop,non_action_target,,,,,file_efb52f5e6ce3edd2,asset_c419cad03363541c,D:\Projects\adb_vl\ads2\assets\review_crops\close_glyph_candidates\sample\candidate_crops\000444_score_0.913_x118_y243_w16_h17_log__20260711_101501_60008_afk_20260711_100305_em3_王國金庫_task_fail_returncode_1__000002_20260711_101506_after_swipe_86_430_86_130_420.png.png,ads2\assets\review_crops\close_glyph_candidates\sample\candidate_crops\000444_score_0.913_x118_y243_w16_h17_log__20260711_101501_60008_afk_20260711_100305_em3_王國金庫_task_fail_returncode_1__000002_20260711_101506_after_swipe_86_430_86_130_420.png.png,ads,crop,candidate_crop,raw,non_action_target,
vision_platform\ads\pilot\action_classifier_v2\dataset\images\ads_action_v2_00246_not_close_asset_da24cf2cd15d754b.png,not_close,reviewed,ads2/assets/review_crops/close_glyph_candidates/sample/candidate_crops,asset_da24cf2cd15d754b,ads2\assets\review_crops,candidate_crop,non_action_target,,,,,file_52e3508a08930d00,asset_da24cf2cd15d754b,D:\Projects\adb_vl\ads2\assets\review_crops\close_glyph_candidates\sample\candidate_crops\000446_score_0.912_x45_y215_w17_h16_log__20260711_154545_35900_kingdom_vault__000006_20260711_154555_after_tap_80_104.png.png,ads2\assets\review_crops\close_glyph_candidates\sample\candidate_crops\000446_score_0.912_x45_y215_w17_h16_log__20260711_154545_35900_kingdom_vault__000006_20260711_154555_after_tap_80_104.png.png,ads,crop,candidate_crop,raw,non_action_target,
vision_platform\ads\pilot\action_classifier_v2\dataset\images\ads_action_v2_00247_not_close_asset_6daad5275eeba9a0.png,not_close,reviewed,ads2/assets/review_crops/close_glyph_candidates/sample/candidate_crops,asset_6daad5275eeba9a0,ads2\assets\review_crops,candidate_crop,non_action_target,,,,,file_095a22a013d4c10e,asset_6daad5275eeba9a0,D:\Projects\adb_vl\ads2\assets\review_crops\close_glyph_candidates\sample\candidate_crops\000447_score_0.912_x263_y339_w49_h44_log__20260707_160103_33324__001067_20260709_230143_before_tap_467_446.png.png,ads2\assets\review_crops\close_glyph_candidates\sample\candidate_crops\000447_score_0.912_x263_y339_w49_h44_log__20260707_160103_33324__001067_20260709_230143_before_tap_467_446.png.png,ads,crop,candidate_crop,raw,non_action_target,
vision_platform\ads\pilot\action_classifier_v2\dataset\images\ads_action_v2_00248_not_close_asset_4d5e1aa3ba132fdd.png,not_close,reviewed,ads2/assets/review_crops/close_glyph_candidates/sample/candidate_crops,asset_4d5e1aa3ba132fdd,ads2\assets\review_crops,candidate_crop,non_action_target,,,,,file_14455f8f492151d6,asset_4d5e1aa3ba132fdd,D:\Projects\adb_vl\ads2\assets\review_crops\close_glyph_candidates\sample\candidate_crops\000448_score_0.912_x118_y312_w16_h17_log__20260711_100310_38732_afk_20260711_100305_em3_王國金庫_task_fail_returncode_1__000003_20260711_100314_before_tap_422_58.png.png,ads2\assets\review_crops\close_glyph_candidates\sample\candidate_crops\000448_score_0.912_x118_y312_w16_h17_log__20260711_100310_38732_afk_20260711_100305_em3_王國金庫_task_fail_returncode_1__000003_20260711_100314_before_tap_422_58.png.png,ads,crop,candidate_crop,raw,non_action_target,
vision_platform\ads\pilot\action_classifier_v2\dataset\images\ads_action_v2_00249_not_close_asset_934b246a992d2240.png,not_close,reviewed,ads2/assets/review_crops/close_glyph_candidates/sample/candidate_crops,asset_934b246a992d2240,ads2\assets\review_crops,candidate_crop,non_action_target,,,,,file_4e29ccacbd24d131,asset_934b246a992d2240,D:\Projects\adb_vl\ads2\assets\review_crops\close_glyph_candidates\sample\candidate_crops\000807_score_0.912_x82_y276_w16_h17_log__20260711_153753_50456_kingdom_vault__000052_20260711_153946_after_tap_80_164.png.png,ads2\assets\review_crops\close_glyph_candidates\sample\candidate_crops\000807_score_0.912_x82_y276_w16_h17_log__20260711_153753_50456_kingdom_vault__000052_20260711_153946_after_tap_80_164.png.png,ads,crop,candidate_crop,raw,non_action_target,
vision_platform\ads\pilot\action_classifier_v2\dataset\images\ads_action_v2_00250_not_close_asset_8947ecd7070c25e2.png,not_close,reviewed,ads2/assets/review_crops/close_glyph_candidates/sample/candidate_crops,asset_8947ecd7070c25e2,ads2\assets\review_crops,candidate_crop,non_action_target,,,,,file_2e4f2436f849c9ce,asset_8947ecd7070c25e2,D:\Projects\adb_vl\ads2\assets\review_crops\close_glyph_candidates\sample\candidate_crops\000809_score_0.912_x118_y312_w16_h17_log__20260711_154545_35900_kingdom_vault__000001_20260711_154547_before_swipe_86_430_86_130_420.png.png,ads2\assets\review_crops\close_glyph_candidates\sample\candidate_crops\000809_score_0.912_x118_y312_w16_h17_log__20260711_154545_35900_kingdom_vault__000001_20260711_154547_before_swipe_86_430_86_130_420.png.png,ads,crop,candidate_crop,raw,non_action_target,
vision_platform\ads\pilot\action_classifier_v2\dataset\images\ads_action_v2_00251_not_close_asset_e5badd6c198477e0.png,not_close,reviewed,ads2/assets/review_crops/close_glyph_candidates/sample/candidate_crops,asset_e5badd6c198477e0,ads2\assets\review_crops,candidate_crop,non_action_target,,,,,file_b5b1eee5a88a062d,asset_e5badd6c198477e0,D:\Projects\adb_vl\ads2\assets\review_crops\close_glyph_candidates\sample\candidate_crops\000811_score_0.911_x45_y119_w17_h16_log__20260711_105219_54776_afk_20260711_105214_311_王國金庫_task__000018_20260711_105249_after_tap_80_427.png.png,ads2\assets\review_crops\close_glyph_candidates\sample\candidate_crops\000811_score_0.911_x45_y119_w17_h16_log__20260711_105219_54776_afk_20260711_105214_311_王國金庫_task__000018_20260711_105249_after_tap_80_427.png.png,ads,crop,candidate_crop,raw,non_action_target,
vision_platform\ads\pilot\action_classifier_v2\dataset\images\ads_action_v2_00252_not_close_asset_a0796791ab48bac2.png,not_close,reviewed,ads2/assets/review_crops/close_glyph_candidates/sample/candidate_crops,asset_a0796791ab48bac2,ads2\assets\review_crops,candidate_crop,non_action_target,,,,,file_5c2800afa8487798,asset_a0796791ab48bac2,D:\Projects\adb_vl\ads2\assets\review_crops\close_glyph_candidates\sample\candidate_crops\000814_score_0.910_x45_y215_w17_h16_log__20260711_153753_50456_kingdom_vault__000054_20260711_153950_after_tap_80_164.png.png,ads2\assets\review_crops\close_glyph_candidates\sample\candidate_crops\000814_score_0.910_x45_y215_w17_h16_log__20260711_153753_50456_kingdom_vault__000054_20260711_153950_after_tap_80_164.png.png,ads,crop,candidate_crop,raw,non_action_target,
vision_platform\ads\pilot\action_classifier_v2\dataset\images\ads_action_v2_00253_not_close_asset_a30f9cd36342a38c.png,not_close,reviewed,ads2/assets/review_crops/close_glyph_candidates/sample/candidate_crops,asset_a30f9cd36342a38c,ads2\assets\review_crops,candidate_crop,non_action_target,,,,,file_d3aab52a04d86f01,asset_a30f9cd36342a38c,D:\Projects\adb_vl\ads2\assets\review_crops\close_glyph_candidates\sample\candidate_crops\000827_score_0.910_x741_y305_w38_h39_log__20260711_111953_39056_afk_20260711_111931_tiger_深淵_task__000046_20260711_112134_after_tap_368_478.png.png,ads2\assets\review_crops\close_glyph_candidates\sample\candidate_crops\000827_score_0.910_x741_y305_w38_h39_log__20260711_111953_39056_afk_20260711_111931_tiger_深淵_task__000046_20260711_112134_after_tap_368_478.png.png,ads,crop,candidate_crop,raw,non_action_target,
vision_platform\ads\pilot\action_classifier_v2\dataset\images\ads_action_v2_00254_not_close_asset_4435449ef4ddb6db.png,not_close,reviewed,ads2/assets/review_crops/close_glyph_candidates/sample/candidate_crops,asset_4435449ef4ddb6db,ads2\assets\review_crops,candidate_crop,non_action_target,,,,,file_c87e96c2997a5ee6,asset_4435449ef4ddb6db,D:\Projects\adb_vl\ads2\assets\review_crops\close_glyph_candidates\sample\candidate_crops\000972_score_0.909_x118_y246_w16_h17_log__20260711_154545_35900_kingdom_vault__000017_20260711_154812_before_swipe_86_130_86_430_420.png.png,ads2\assets\review_crops\close_glyph_candidates\sample\candidate_crops\000972_score_0.909_x118_y246_w16_h17_log__20260711_154545_35900_kingdom_vault__000017_20260711_154812_before_swipe_86_130_86_430_420.png.png,ads,crop,candidate_crop,raw,non_action_target,
vision_platform\ads\pilot\action_classifier_v2\dataset\images\ads_action_v2_00255_not_close_asset_399019a829017ddb.png,not_close,reviewed,ads2/assets/review_crops/close_glyph_candidates/sample/candidate_crops,asset_399019a829017ddb,ads2\assets\review_crops,candidate_crop,non_action_target,,,,,file_d65ea89c008ad0a9,asset_399019a829017ddb,D:\Projects\adb_vl\ads2\assets\review_crops\close_glyph_candidates\sample\candidate_crops\000973_score_0.909_x46_y126_w16_h17_log__20260711_100901_69040_afk_20260711_100305_em3_王國金庫_task_fail_returncode_1__000003_20260711_100906_before_swipe_86_130_86_430_420.png.png,ads2\assets\review_crops\close_glyph_candidates\sample\candidate_crops\000973_score_0.909_x46_y126_w16_h17_log__20260711_100901_69040_afk_20260711_100305_em3_王國金庫_task_fail_returncode_1__000003_20260711_100906_before_swipe_86_130_86_430_420.png.png,ads,crop,candidate_crop,raw,non_action_target,
vision_platform\ads\pilot\action_classifier_v2\dataset\images\ads_action_v2_00256_not_close_asset_44a0f8435fcdf21e.png,not_close,reviewed,ads2/assets/review_crops/close_glyph_candidates/sample/candidate_crops,asset_44a0f8435fcdf21e,ads2\assets\review_crops,candidate_crop,non_action_target,,,,,file_e8440e5483a32580,asset_44a0f8435fcdf21e,D:\Projects\adb_vl\ads2\assets\review_crops\close_glyph_candidates\sample\candidate_crops\000974_score_0.909_x46_y126_w16_h17_log__20260711_101501_60008_afk_20260711_100305_em3_王國金庫_task_fail_returncode_1__000003_20260711_101509_before_swipe_86_130_86_430_420.png.png,ads2\assets\review_crops\close_glyph_candidates\sample\candidate_crops\000974_score_0.909_x46_y126_w16_h17_log__20260711_101501_60008_afk_20260711_100305_em3_王國金庫_task_fail_returncode_1__000003_20260711_101509_before_swipe_86_130_86_430_420.png.png,ads,crop,candidate_crop,raw,non_action_target,
vision_platform\ads\pilot\action_classifier_v2\dataset\images\ads_action_v2_00257_not_close_asset_e4ffffeae449791a.png,not_close,reviewed,ads2/assets/review_crops/close_glyph_candidates/sample/candidate_crops,asset_e4ffffeae449791a,ads2\assets\review_crops,candidate_crop,non_action_target,,,,,file_1389e654851aed50,asset_e4ffffeae449791a,D:\Projects\adb_vl\ads2\assets\review_crops\close_glyph_candidates\sample\candidate_crops\000975_score_0.909_x46_y126_w16_h17_log__20260711_154545_35900_kingdom_vault__000003_20260711_154551_before_swipe_86_130_86_430_420.png.png,ads2\assets\review_crops\close_glyph_candidates\sample\candidate_crops\000975_score_0.909_x46_y126_w16_h17_log__20260711_154545_35900_kingdom_vault__000003_20260711_154551_before_swipe_86_130_86_430_420.png.png,ads,crop,candidate_crop,raw,non_action_target,
vision_platform\ads\pilot\action_classifier_v2\dataset\images\ads_action_v2_00258_not_close_asset_af58ae44a4d53219.png,not_close,reviewed,ads2/assets/review_crops/close_glyph_candidates/sample/candidate_crops,asset_af58ae44a4d53219,ads2\assets\review_crops,candidate_crop,non_action_target,,,,,file_1c5b15d1afc22538,asset_af58ae44a4d53219,D:\Projects\adb_vl\ads2\assets\review_crops\close_glyph_candidates\sample\candidate_crops\000976_score_0.909_x359_y317_w13_h13_log__20260711_095142_4644_afk_20260711_095142_em3_每日簽到_route_enter__000007_20260711_095153_before_tap_480_158.png.png,ads2\assets\review_crops\close_glyph_candidates\sample\candidate_crops\000976_score_0.909_x359_y317_w13_h13_log__20260711_095142_4644_afk_20260711_095142_em3_每日簽到_route_enter__000007_20260711_095153_before_tap_480_158.png.png,ads,crop,candidate_crop,raw,non_action_target,
vision_platform\ads\pilot\action_classifier_v2\dataset\images\ads_action_v2_00259_not_close_asset_edd9787ab510bbac.png,not_close,reviewed,ads2/assets/review_crops/close_glyph_candidates/sample/candidate_crops,asset_edd9787ab510bbac,ads2\assets\review_crops,candidate_crop,non_action_target,,,,,file_ae8b615072be1afe,asset_edd9787ab510bbac,D:\Projects\adb_vl\ads2\assets\review_crops\close_glyph_candidates\sample\candidate_crops\000977_score_0.909_x359_y344_w13_h13_log__20260711_111910_56400_afk_20260711_111910_tiger_每日簽到_route_enter__000007_20260711_111922_before_tap_480_158.png.png,ads2\assets\review_crops\close_glyph_candidates\sample\candidate_crops\000977_score_0.909_x359_y344_w13_h13_log__20260711_111910_56400_afk_20260711_111910_tiger_每日簽到_route_enter__000007_20260711_111922_before_tap_480_158.png.png,ads,crop,candidate_crop,raw,non_action_target,
vision_platform\ads\pilot\action_classifier_v2\dataset\images\ads_action_v2_00260_not_close_asset_1306b3f937bb5fea.png,not_close,reviewed,ads2/assets/review_crops/close_glyph_candidates/sample/candidate_crops,asset_1306b3f937bb5fea,ads2\assets\review_crops,candidate_crop,non_action_target,,,,,file_ca7577c23f89b4fb,asset_1306b3f937bb5fea,D:\Projects\adb_vl\ads2\assets\review_crops\close_glyph_candidates\sample\candidate_crops\001008_score_0.908_x82_y252_w16_h17_log__20260711_153753_50456_kingdom_vault__000012_20260711_153828_after_tap_495_170.png.png,ads2\assets\review_crops\close_glyph_candidates\sample\candidate_crops\001008_score_0.908_x82_y252_w16_h17_log__20260711_153753_50456_kingdom_vault__000012_20260711_153828_after_tap_495_170.png.png,ads,crop,candidate_crop,raw,non_action_target,
vision_platform\ads\pilot\action_classifier_v2\dataset\images\ads_action_v2_00261_not_close_asset_b92d69ad1ed6e05a.png,not_close,reviewed,ads2/assets/review_crops/close_glyph_candidates/sample/candidate_crops,asset_b92d69ad1ed6e05a,ads2\assets\review_crops,candidate_crop,non_action_target,,,,,file_3b15b52e36601797,asset_b92d69ad1ed6e05a,D:\Projects\adb_vl\ads2\assets\review_crops\close_glyph_candidates\sample\candidate_crops\001009_score_0.908_x432_y205_w17_h16_log__20260707_160103_33324__001323_20260710_070730_before_tap_80_500.png.png,ads2\assets\review_crops\close_glyph_candidates\sample\candidate_crops\001009_score_0.908_x432_y205_w17_h16_log__20260707_160103_33324__001323_20260710_070730_before_tap_80_500.png.png,ads,crop,candidate_crop,raw,non_action_target,
vision_platform\ads\pilot\action_classifier_v2\dataset\images\ads_action_v2_00262_not_close_asset_4c5ecc2064292de8.png,not_close,reviewed,ads2/assets/review_crops/close_glyph_candidates/sample/candidate_crops,asset_4c5ecc2064292de8,ads2\assets\review_crops,candidate_crop,non_action_target,,,,,file_700d16acffdf5ace,asset_4c5ecc2064292de8,D:\Projects\adb_vl\ads2\assets\review_crops\close_glyph_candidates\sample\candidate_crops\001010_score_0.908_x532_y175_w18_h17_log__20260711_104207_50836_afk_20260711_104153_311_每日簽到_route_exit__000002_20260711_104209_after_tap_51_22.png.png,ads2\assets\review_crops\close_glyph_candidates\sample\candidate_crops\001010_score_0.908_x532_y175_w18_h17_log__20260711_104207_50836_afk_20260711_104153_311_每日簽到_route_exit__000002_20260711_104209_after_tap_51_22.png.png,ads,crop,candidate_crop,raw,non_action_target,
vision_platform\ads\pilot\action_classifier_v2\dataset\images\ads_action_v2_00263_not_close_asset_09cecba08361da33.png,not_close,reviewed,ads2/assets/review_crops/close_glyph_candidates/sample/candidate_crops,asset_09cecba08361da33,ads2\assets\review_crops,candidate_crop,non_action_target,,,,,file_5e9f16e1e655df48,asset_09cecba08361da33,D:\Projects\adb_vl\ads2\assets\review_crops\close_glyph_candidates\sample\candidate_crops\001011_score_0.908_x581_y482_w16_h16_log__20260711_003939_31364_afk_20260711_002946_tiger_廣告探寶鏟_task__000034_20260711_004358_after_tap_483_157.png.png,ads2\assets\review_crops\close_glyph_candidates\sample\candidate_crops\001011_score_0.908_x581_y482_w16_h16_log__20260711_003939_31364_afk_20260711_002946_tiger_廣告探寶鏟_task__000034_20260711_004358_after_tap_483_157.png.png,ads,crop,candidate_crop,raw,non_action_target,
vision_platform\ads\pilot\action_classifier_v2\dataset\images\ads_action_v2_00264_not_close_asset_5fbe1819f94e1fc2.png,not_close,reviewed,ads2/assets/review_crops/close_glyph_candidates/sample/candidate_crops,asset_5fbe1819f94e1fc2,ads2\assets\review_crops,candidate_crop,non_action_target,,,,,file_206fa174796348bc,asset_5fbe1819f94e1fc2,D:\Projects\adb_vl\ads2\assets\review_crops\close_glyph_candidates\sample\candidate_crops\001031_score_0.907_x549_y486_w16_h17_log__20260711_084004_22576_afk_20260711_083942_14_每日任務_task_fail_returncode_1__000028_20260711_084102_before_tap_749_420.png.png,ads2\assets\review_crops\close_glyph_candidates\sample\candidate_crops\001031_score_0.907_x549_y486_w16_h17_log__20260711_084004_22576_afk_20260711_083942_14_每日任務_task_fail_returncode_1__000028_20260711_084102_before_tap_749_420.png.png,ads,crop,candidate_crop,raw,non_action_target,
vision_platform\ads\pilot\action_classifier_v2\dataset\images\ads_action_v2_00265_not_close_asset_1801f34c576c4047.png,not_close,reviewed,ads2/assets/review_crops/close_glyph_candidates/sample/candidate_crops,asset_1801f34c576c4047,ads2\assets\review_crops,candidate_crop,non_action_target,,,,,file_4d35c4af7bf36baf,asset_1801f34c576c4047,D:\Projects\adb_vl\ads2\assets\review_crops\close_glyph_candidates\sample\candidate_crops\001032_score_0.907_x549_y486_w16_h17_log__20260711_110821_25824_afk_20260711_110759_tiger_每日任務_task__000040_20260711_110945_before_tap_575_419.png.png,ads2\assets\review_crops\close_glyph_candidates\sample\candidate_crops\001032_score_0.907_x549_y486_w16_h17_log__20260711_110821_25824_afk_20260711_110759_tiger_每日任務_task__000040_20260711_110945_before_tap_575_419.png.png,ads,crop,candidate_crop,raw,non_action_target,
vision_platform\ads\pilot\action_classifier_v2\dataset\images\ads_action_v2_00266_not_close_asset_18e8ba0348ebe540.png,not_close,reviewed,ads2/assets/review_crops/close_glyph_candidates/sample/candidate_crops,asset_18e8ba0348ebe540,ads2\assets\review_crops,candidate_crop,non_action_target,,,,,file_924ee15619221838,asset_18e8ba0348ebe540,D:\Projects\adb_vl\ads2\assets\review_crops\close_glyph_candidates\sample\candidate_crops\001033_score_0.906_x467_y222_w15_h15_log__20260711_112339_34208_afk_20260711_112330_tiger_看廣告_task__000023_20260711_112545_before_tap_483_157.png.png,ads2\assets\review_crops\close_glyph_candidates\sample\candidate_crops\001033_score_0.906_x467_y222_w15_h15_log__20260711_112339_34208_afk_20260711_112330_tiger_看廣告_task__000023_20260711_112545_before_tap_483_157.png.png,ads,crop,candidate_crop,raw,non_action_target,
vision_platform\ads\pilot\action_classifier_v2\dataset\images\ads_action_v2_00267_not_close_asset_5395ee86bea4f636.png,not_close,reviewed,ads2/assets/review_crops/close_glyph_candidates/sample/candidate_crops,asset_5395ee86bea4f636,ads2\assets\review_crops,candidate_crop,non_action_target,,,,,file_142ff594cdad66ec,asset_5395ee86bea4f636,D:\Projects\adb_vl\ads2\assets\review_crops\close_glyph_candidates\sample\candidate_crops\001034_score_0.906_x194_y483_w40_h40_log__20260711_102525_74772_afk_20260711_102332_em3_廣告時間沙漏_task__000015_20260711_102904_before_tap_924_33.png.png,ads2\assets\review_crops\close_glyph_candidates\sample\candidate_crops\001034_score_0.906_x194_y483_w40_h40_log__20260711_102525_74772_afk_20260711_102332_em3_廣告時間沙漏_task__000015_20260711_102904_before_tap_924_33.png.png,ads,crop,candidate_crop,raw,non_action_target,
vision_platform\ads\pilot\action_classifier_v2\dataset\images\ads_action_v2_00268_not_close_asset_7e41dc9f4d44bb18.png,not_close,reviewed,ads2/assets/review_crops/close_glyph_candidates/sample/candidate_crops,asset_7e41dc9f4d44bb18,ads2\assets\review_crops,candidate_crop,non_action_target,,,,,file_a422c1f89c485848,asset_7e41dc9f4d44bb18,D:\Projects\adb_vl\ads2\assets\review_crops\close_glyph_candidates\sample\candidate_crops\001035_score_0.906_x212_y165_w21_h26_log__20260711_085505_41488_afk_20260711_085445_14_深淵_task__000033_20260711_085610_after_tap_904_490.png.png,ads2\assets\review_crops\close_glyph_candidates\sample\candidate_crops\001035_score_0.906_x212_y165_w21_h26_log__20260711_085505_41488_afk_20260711_085445_14_深淵_task__000033_20260711_085610_after_tap_904_490.png.png,ads,crop,candidate_crop,raw,non_action_target,
vision_platform\ads\pilot\action_classifier_v2\dataset\images\ads_action_v2_00269_not_close_asset_0aa476d5b7120603.png,not_close,reviewed,ads2/assets/review_crops/close_glyph_candidates/sample/candidate_crops,asset_0aa476d5b7120603,ads2\assets\review_crops,candidate_crop,non_action_target,,,,,file_90f47508b42af00a,asset_0aa476d5b7120603,D:\Projects\adb_vl\ads2\assets\review_crops\close_glyph_candidates\sample\candidate_crops\001036_score_0.906_x126_y204_w21_h20_log__20260711_103235_63312_afk_20260711_103216_311_每日任務_task__000078_20260711_103538_before_tap_481_515.png.png,ads2\assets\review_crops\close_glyph_candidates\sample\candidate_crops\001036_score_0.906_x126_y204_w21_h20_log__20260711_103235_63312_afk_20260711_103216_311_每日任務_task__000078_20260711_103538_before_tap_481_515.png.png,ads,crop,candidate_crop,raw,non_action_target,
vision_platform\ads\pilot\action_classifier_v2\dataset\images\ads_action_v2_00270_not_close_asset_da5c7f08d91f42df.png,not_close,reviewed,ads2/assets/review_crops/close_glyph_candidates/sample/candidate_crops,asset_da5c7f08d91f42df,ads2\assets\review_crops,candidate_crop,non_action_target,,,,,file_b120201b31f76b05,asset_da5c7f08d91f42df,D:\Projects\adb_vl\ads2\assets\review_crops\close_glyph_candidates\sample\candidate_crops\001037_score_0.906_x118_y305_w16_h16_log__20260711_105219_54776_afk_20260711_105214_311_王國金庫_task__000026_20260711_105304_after_swipe_86_130_86_430_420.png.png,ads2\assets\review_crops\close_glyph_candidates\sample\candidate_crops\001037_score_0.906_x118_y305_w16_h16_log__20260711_105219_54776_afk_20260711_105214_311_王國金庫_task__000026_20260711_105304_after_swipe_86_130_86_430_420.png.png,ads,crop,candidate_crop,raw,non_action_target,
vision_platform\ads\pilot\action_classifier_v2\dataset\images\ads_action_v2_00271_not_close_asset_a39f6c161d5d5f75.png,not_close,reviewed,ads2/assets/review_crops/close_glyph_candidates/sample/candidate_crops,asset_a39f6c161d5d5f75,ads2\assets\review_crops,candidate_crop,non_action_target,,,,,file_acff44195665b655,asset_a39f6c161d5d5f75,D:\Projects\adb_vl\ads2\assets\review_crops\close_glyph_candidates\sample\candidate_crops\001038_score_0.906_x118_y305_w16_h16_log__20260711_105305_54776_afk_20260711_105214_311_王國金庫_route_exit__000001_20260711_105306_before_tap_34_28.png.png,ads2\assets\review_crops\close_glyph_candidates\sample\candidate_crops\001038_score_0.906_x118_y305_w16_h16_log__20260711_105305_54776_afk_20260711_105214_311_王國金庫_route_exit__000001_20260711_105306_before_tap_34_28.png.png,ads,crop,candidate_crop,raw,non_action_target,
vision_platform\ads\pilot\action_classifier_v2\dataset\images\ads_action_v2_00272_not_close_asset_0f4b79a2a75eac60.png,not_close,reviewed,ads2/assets/review_crops/close_glyph_candidates/sample/candidate_crops,asset_0f4b79a2a75eac60,ads2\assets\review_crops,candidate_crop,non_action_target,,,,,file_3dc2a11b2703cc4d,asset_0f4b79a2a75eac60,D:\Projects\adb_vl\ads2\assets\review_crops\close_glyph_candidates\sample\candidate_crops\001039_score_0.906_x470_y39_w22_h22_log__20260711_081443_41084_afk_20260711_081428_311_廣告探寶鏟_task__000015_20260711_081824_before_tap_924_33.png.png,ads2\assets\review_crops\close_glyph_candidates\sample\candidate_crops\001039_score_0.906_x470_y39_w22_h22_log__20260711_081443_41084_afk_20260711_081428_311_廣告探寶鏟_task__000015_20260711_081824_before_tap_924_33.png.png,ads,crop,candidate_crop,raw,non_action_target,
vision_platform\ads\pilot\action_classifier_v2\dataset\images\ads_action_v2_00273_not_close_asset_6888c8d1fbfb7c38.png,not_close,reviewed,ads2/assets/review_crops/close_glyph_candidates/sample/candidate_crops,asset_6888c8d1fbfb7c38,ads2\assets\review_crops,candidate_crop,non_action_target,,,,,file_aad377a4fdfa08f3,asset_6888c8d1fbfb7c38,D:\Projects\adb_vl\ads2\assets\review_crops\close_glyph_candidates\sample\candidate_crops\001040_score_0.906_x461_y404_w15_h15_log__20260711_094400_67140_afk_20260711_094338_em3_每日任務_task__000048_20260711_094550_before_tap_80_500.png.png,ads2\assets\review_crops\close_glyph_candidates\sample\candidate_crops\001040_score_0.906_x461_y404_w15_h15_log__20260711_094400_67140_afk_20260711_094338_em3_每日任務_task__000048_20260711_094550_before_tap_80_500.png.png,ads,crop,candidate_crop,raw,non_action_target,
vision_platform\ads\pilot\action_classifier_v2\dataset\images\ads_action_v2_00274_not_close_asset_d2321a485bdb856e.png,not_close,reviewed,ads2/assets/review_crops/close_glyph_candidates/sample/candidate_crops,asset_d2321a485bdb856e,ads2\assets\review_crops,candidate_crop,non_action_target,,,,,file_5251c15199459da7,asset_d2321a485bdb856e,D:\Projects\adb_vl\ads2\assets\review_crops\close_glyph_candidates\sample\candidate_crops\001041_score_0.906_x461_y404_w15_h15_log__20260711_094400_67140_afk_20260711_094338_em3_每日任務_task__000047_20260711_094548_after_tap_615_460.png.png,ads2\assets\review_crops\close_glyph_candidates\sample\candidate_crops\001041_score_0.906_x461_y404_w15_h15_log__20260711_094400_67140_afk_20260711_094338_em3_每日任務_task__000047_20260711_094548_after_tap_615_460.png.png,ads,crop,candidate_crop,raw,non_action_target,
vision_platform\ads\pilot\action_classifier_v2\dataset\images\ads_action_v2_00275_not_close_asset_cf7b07c27f9cb3ef.png,not_close,reviewed,ads2/assets/review_crops/close_glyph_candidates/sample/candidate_crops,asset_cf7b07c27f9cb3ef,ads2\assets\review_crops,candidate_crop,non_action_target,,,,,file_23b7670594773334,asset_cf7b07c27f9cb3ef,D:\Projects\adb_vl\ads2\assets\review_crops\close_glyph_candidates\sample\candidate_crops\001042_score_0.906_x461_y404_w15_h15_log__20260711_103235_63312_afk_20260711_103216_311_每日任務_task__000049_20260711_103426_after_tap_615_460.png.png,ads2\assets\review_crops\close_glyph_candidates\sample\candidate_crops\001042_score_0.906_x461_y404_w15_h15_log__20260711_103235_63312_afk_20260711_103216_311_每日任務_task__000049_20260711_103426_after_tap_615_460.png.png,ads,crop,candidate_crop,raw,non_action_target,
vision_platform\ads\pilot\action_classifier_v2\dataset\images\ads_action_v2_00276_not_close_asset_7c03349514be1157.png,not_close,reviewed,ads2/assets/review_crops/close_glyph_candidates/sample/candidate_crops,asset_7c03349514be1157,ads2\assets\review_crops,candidate_crop,non_action_target,,,,,file_fb180664c1816cdb,asset_7c03349514be1157,D:\Projects\adb_vl\ads2\assets\review_crops\close_glyph_candidates\sample\candidate_crops\001044_score_0.906_x461_y404_w15_h15_log__20260711_110821_25824_afk_20260711_110759_tiger_每日任務_task__000049_20260711_111013_after_tap_615_460.png.png,ads2\assets\review_crops\close_glyph_candidates\sample\candidate_crops\001044_score_0.906_x461_y404_w15_h15_log__20260711_110821_25824_afk_20260711_110759_tiger_每日任務_task__000049_20260711_111013_after_tap_615_460.png.png,ads,crop,candidate_crop,raw,non_action_target,
vision_platform\ads\pilot\action_classifier_v2\dataset\images\ads_action_v2_00277_not_close_asset_b0fec82eff8c1cde.png,not_close,reviewed,ads2/assets/review_crops/close_glyph_candidates/sample/candidate_crops,asset_b0fec82eff8c1cde,ads2\assets\review_crops,candidate_crop,non_action_target,,,,,file_9240cef3efb38de3,asset_b0fec82eff8c1cde,D:\Projects\adb_vl\ads2\assets\review_crops\close_glyph_candidates\sample\candidate_crops\001046_score_0.905_x817_y313_w20_h20_log__20260711_094400_67140_afk_20260711_094338_em3_每日任務_task__000182_20260711_095028_before_tap_478_150.png.png,ads2\assets\review_crops\close_glyph_candidates\sample\candidate_crops\001046_score_0.905_x817_y313_w20_h20_log__20260711_094400_67140_afk_20260711_094338_em3_每日任務_task__000182_20260711_095028_before_tap_478_150.png.png,ads,crop,candidate_crop,raw,non_action_target,
vision_platform\ads\pilot\action_classifier_v2\dataset\images\ads_action_v2_00278_not_close_asset_0200f5422825e8a7.png,not_close,reviewed,ads2/assets/review_crops/close_glyph_candidates/sample/candidate_crops,asset_0200f5422825e8a7,ads2\assets\review_crops,candidate_crop,non_action_target,,,,,file_3e42c525d019d56b,asset_0200f5422825e8a7,D:\Projects\adb_vl\ads2\assets\review_crops\close_glyph_candidates\sample\candidate_crops\001053_score_0.905_x817_y316_w20_h20_log__20260711_110821_25824_afk_20260711_110759_tiger_每日任務_task__000194_20260711_111508_before_tap_478_150.png.png,ads2\assets\review_crops\close_glyph_candidates\sample\candidate_crops\001053_score_0.905_x817_y316_w20_h20_log__20260711_110821_25824_afk_20260711_110759_tiger_每日任務_task__000194_20260711_111508_before_tap_478_150.png.png,ads,crop,candidate_crop,raw,non_action_target,
vision_platform\ads\pilot\action_classifier_v2\dataset\images\ads_action_v2_00279_not_close_asset_570f2a62b087fc92.png,not_close,reviewed,ads2/assets/review_crops/close_glyph_candidates/sample/candidate_crops,asset_570f2a62b087fc92,ads2\assets\review_crops,candidate_crop,non_action_target,,,,,file_6a4d00595b009c2a,asset_570f2a62b087fc92,D:\Projects\adb_vl\ads2\assets\review_crops\close_glyph_candidates\sample\candidate_crops\001054_score_0.905_x381_y188_w45_h44_log__20260711_104232_40108_afk_20260711_104213_311_深淵_task__000044_20260711_104350_before_tap_904_490.png.png,ads2\assets\review_crops\close_glyph_candidates\sample\candidate_crops\001054_score_0.905_x381_y188_w45_h44_log__20260711_104232_40108_afk_20260711_104213_311_深淵_task__000044_20260711_104350_before_tap_904_490.png.png,ads,crop,candidate_crop,raw,non_action_target,
vision_platform\ads\pilot\action_classifier_v2\dataset\images\ads_action_v2_00280_not_close_asset_b2d499e7cb45fb7d.png,not_close,reviewed,ads2/assets/review_crops/close_glyph_candidates/sample/candidate_crops,asset_b2d499e7cb45fb7d,ads2\assets\review_crops,candidate_crop,non_action_target,,,,,file_ed53a587f916210f,asset_b2d499e7cb45fb7d,D:\Projects\adb_vl\ads2\assets\review_crops\close_glyph_candidates\sample\candidate_crops\001055_score_0.905_x329_y452_w14_h14_log__20260711_084610_10484_afk_20260711_083942_14_每日任務_task__000271_20260711_085409_after_swipe_360_460_360_180_900.png.png,ads2\assets\review_crops\close_glyph_candidates\sample\candidate_crops\001055_score_0.905_x329_y452_w14_h14_log__20260711_084610_10484_afk_20260711_083942_14_每日任務_task__000271_20260711_085409_after_swipe_360_460_360_180_900.png.png,ads,crop,candidate_crop,raw,non_action_target,
vision_platform\ads\pilot\action_classifier_v2\dataset\images\ads_action_v2_00281_not_close_asset_f343af98723d828e.png,not_close,reviewed,ads2/assets/review_crops/close_glyph_candidates/sample/candidate_crops,asset_f343af98723d828e,ads2\assets\review_crops,candidate_crop,non_action_target,,,,,file_8d66d8b228b7d999,asset_f343af98723d828e,D:\Projects\adb_vl\ads2\assets\review_crops\close_glyph_candidates\sample\candidate_crops\001057_score_0.905_x395_y422_w14_h13_log__20260711_111953_39056_afk_20260711_111931_tiger_深淵_task__000011_20260711_112016_after_swipe_455_430_455_170_520.png.png,ads2\assets\review_crops\close_glyph_candidates\sample\candidate_crops\001057_score_0.905_x395_y422_w14_h13_log__20260711_111953_39056_afk_20260711_111931_tiger_深淵_task__000011_20260711_112016_after_swipe_455_430_455_170_520.png.png,ads,crop,candidate_crop,raw,non_action_target,
vision_platform\ads\pilot\action_classifier_v2\dataset\images\ads_action_v2_00282_not_close_asset_82468b7719754528.png,not_close,reviewed,ads2/assets/review_crops/close_glyph_candidates/sample/candidate_crops,asset_82468b7719754528,ads2\assets\review_crops,candidate_crop,non_action_target,,,,,file_f8d5ae386cc20351,asset_82468b7719754528,D:\Projects\adb_vl\ads2\assets\review_crops\close_glyph_candidates\sample\candidate_crops\001058_score_0.905_x475_y244_w18_h20_log__20260711_004952_52032_afk_20260711_004419_tiger_廣告時間沙漏_route_exit__000002_20260711_004954_after_tap_53_22.png.png,ads2\assets\review_crops\close_glyph_candidates\sample\candidate_crops\001058_score_0.905_x475_y244_w18_h20_log__20260711_004952_52032_afk_20260711_004419_tiger_廣告時間沙漏_route_exit__000002_20260711_004954_after_tap_53_22.png.png,ads,crop,candidate_crop,raw,non_action_target,
vision_platform\ads\pilot\action_classifier_v2\dataset\images\ads_action_v2_00283_not_close_asset_2d0a2d5cbd70de6b.png,not_close,reviewed,ads2/assets/review_crops/close_glyph_candidates/sample/candidate_crops,asset_2d0a2d5cbd70de6b,ads2\assets\review_crops,candidate_crop,non_action_target,,,,,file_65f80c784ede4340,asset_2d0a2d5cbd70de6b,D:\Projects\adb_vl\ads2\assets\review_crops\close_glyph_candidates\sample\candidate_crops\001059_score_0.905_x432_y206_w17_h15_log__20260707_160103_33324__000571_20260708_230022_before_tap_80_500.png.png,ads2\assets\review_crops\close_glyph_candidates\sample\candidate_crops\001059_score_0.905_x432_y206_w17_h15_log__20260707_160103_33324__000571_20260708_230022_before_tap_80_500.png.png,ads,crop,candidate_crop,raw,non_action_target,
vision_platform\ads\pilot\action_classifier_v2\dataset\images\ads_action_v2_00284_not_close_asset_059b491769442cf4.png,not_close,reviewed,ads2/assets/review_crops/close_glyph_candidates/sample/candidate_crops,asset_059b491769442cf4,ads2\assets\review_crops,candidate_crop,non_action_target,,,,,file_b1128f52e0c3b609,asset_059b491769442cf4,D:\Projects\adb_vl\ads2\assets\review_crops\close_glyph_candidates\sample\candidate_crops\001060_score_0.905_x432_y205_w17_h16_log__20260710_125824_2204__000606_20260711_150934_before_tap_495_170.png.png,ads2\assets\review_crops\close_glyph_candidates\sample\candidate_crops\001060_score_0.905_x432_y205_w17_h16_log__20260710_125824_2204__000606_20260711_150934_before_tap_495_170.png.png,ads,crop,candidate_crop,raw,non_action_target,
vision_platform\ads\pilot\action_classifier_v2\dataset\images\ads_action_v2_00285_not_close_asset_cc523cdee2bd5e8d.png,not_close,reviewed,ads2/assets/review_crops/close_glyph_candidates/sample/candidate_crops,asset_cc523cdee2bd5e8d,ads2\assets\review_crops,candidate_crop,non_action_target,,,,,file_1ab702266dcdee66,asset_cc523cdee2bd5e8d,D:\Projects\adb_vl\ads2\assets\review_crops\close_glyph_candidates\sample\candidate_crops\001061_score_0.904_x263_y339_w46_h44_log__20260707_160103_33324__000954_20260709_150421_before_tap_678_446.png.png,ads2\assets\review_crops\close_glyph_candidates\sample\candidate_crops\001061_score_0.904_x263_y339_w46_h44_log__20260707_160103_33324__000954_20260709_150421_before_tap_678_446.png.png,ads,crop,candidate_crop,raw,non_action_target,
vision_platform\ads\pilot\action_classifier_v2\dataset\images\ads_action_v2_00286_not_close_asset_3a2540e5dbe66e86.png,not_close,reviewed,ads2/assets/review_crops/close_glyph_candidates/sample/candidate_crops,asset_3a2540e5dbe66e86,ads2\assets\review_crops,candidate_crop,non_action_target,,,,,file_aff314783358c0e5,asset_3a2540e5dbe66e86,D:\Projects\adb_vl\ads2\assets\review_crops\close_glyph_candidates\sample\candidate_crops\001062_score_0.904_x118_y336_w16_h17_log__20260711_100310_38732_afk_20260711_100305_em3_王國金庫_task_fail_returncode_1__000031_20260711_100406_before_tap_80_164.png.png,ads2\assets\review_crops\close_glyph_candidates\sample\candidate_crops\001062_score_0.904_x118_y336_w16_h17_log__20260711_100310_38732_afk_20260711_100305_em3_王國金庫_task_fail_returncode_1__000031_20260711_100406_before_tap_80_164.png.png,ads,crop,candidate_crop,raw,non_action_target,
vision_platform\ads\pilot\action_classifier_v2\dataset\images\ads_action_v2_00287_not_close_asset_ff81ca2f0f5c74da.png,not_close,reviewed,ads2/assets/review_crops/close_glyph_candidates/sample/candidate_crops,asset_ff81ca2f0f5c74da,ads2\assets\review_crops,candidate_crop,non_action_target,,,,,file_e8fdf89f4d34d019,asset_ff81ca2f0f5c74da,D:\Projects\adb_vl\ads2\assets\review_crops\close_glyph_candidates\sample\candidate_crops\001403_score_0.904_x337_y481_w16_h17_log__20260711_115208_5620_afk_20260711_114738_14_廣告時間沙漏_route_exit__000001_20260711_115209_before_tap_53_22.png.png,ads2\assets\review_crops\close_glyph_candidates\sample\candidate_crops\001403_score_0.904_x337_y481_w16_h17_log__20260711_115208_5620_afk_20260711_114738_14_廣告時間沙漏_route_exit__000001_20260711_115209_before_tap_53_22.png.png,ads,crop,candidate_crop,raw,non_action_target,
vision_platform\ads\pilot\action_classifier_v2\dataset\images\ads_action_v2_00288_not_close_asset_747988542d4dc56a.png,not_close,reviewed,ads2/assets/review_crops/close_glyph_candidates/sample/candidate_crops,asset_747988542d4dc56a,ads2\assets\review_crops,candidate_crop,non_action_target,,,,,file_db0327673b12a74a,asset_747988542d4dc56a,D:\Projects\adb_vl\ads2\assets\review_crops\close_glyph_candidates\sample\candidate_crops\001404_score_0.903_x48_y218_w15_h15_log__20260711_085505_41488_afk_20260711_085445_14_深淵_task__000034_20260711_085617_before_tap_927_94.png.png,ads2\assets\review_crops\close_glyph_candidates\sample\candidate_crops\001404_score_0.903_x48_y218_w15_h15_log__20260711_085505_41488_afk_20260711_085445_14_深淵_task__000034_20260711_085617_before_tap_927_94.png.png,ads,crop,candidate_crop,raw,non_action_target,
vision_platform\ads\pilot\action_classifier_v2\dataset\images\ads_action_v2_00289_not_close_asset_4cc0bb6fb9e0f358.png,not_close,reviewed,ads2/assets/review_crops/close_glyph_candidates/sample/candidate_crops,asset_4cc0bb6fb9e0f358,ads2\assets\review_crops,candidate_crop,non_action_target,,,,,file_28781dd8d27f27c4,asset_4cc0bb6fb9e0f358,D:\Projects\adb_vl\ads2\assets\review_crops\close_glyph_candidates\sample\candidate_crops\001416_score_0.903_x99_y427_w17_h16_log__20260711_105219_54776_afk_20260711_105214_311_王國金庫_task__000025_20260711_105302_before_swipe_86_130_86_430_420.png.png,ads2\assets\review_crops\close_glyph_candidates\sample\candidate_crops\001416_score_0.903_x99_y427_w17_h16_log__20260711_105219_54776_afk_20260711_105214_311_王國金庫_task__000025_20260711_105302_before_swipe_86_130_86_430_420.png.png,ads,crop,candidate_crop,raw,non_action_target,
vision_platform\ads\pilot\action_classifier_v2\dataset\images\ads_action_v2_00290_not_close_asset_1519803abe129e00.png,not_close,reviewed,ads2/assets/review_crops/close_glyph_candidates/sample/candidate_crops,asset_1519803abe129e00,ads2\assets\review_crops,candidate_crop,non_action_target,,,,,file_e1fb289b299c8862,asset_1519803abe129e00,D:\Projects\adb_vl\ads2\assets\review_crops\close_glyph_candidates\sample\candidate_crops\001417_score_0.903_x454_y394_w25_h19_log__20260711_095611_39776_afk_20260711_095602_em3_看廣告_task__000034_20260711_100243_after_tap_925_35.png.png,ads2\assets\review_crops\close_glyph_candidates\sample\candidate_crops\001417_score_0.903_x454_y394_w25_h19_log__20260711_095611_39776_afk_20260711_095602_em3_看廣告_task__000034_20260711_100243_after_tap_925_35.png.png,ads,crop,candidate_crop,raw,non_action_target,
vision_platform\ads\pilot\action_classifier_v2\dataset\images\ads_action_v2_00291_not_close_asset_652b47f8422b502f.png,not_close,reviewed,ads2/assets/review_crops/close_glyph_candidates/sample/candidate_crops,asset_652b47f8422b502f,ads2\assets\review_crops,candidate_crop,non_action_target,,,,,file_e88edde7e5a861cd,asset_652b47f8422b502f,D:\Projects\adb_vl\ads2\assets\review_crops\close_glyph_candidates\sample\candidate_crops\001418_score_0.903_x318_y136_w35_h37_log__20260711_094400_67140_afk_20260711_094338_em3_每日任務_task__000038_20260711_094519_before_tap_495_170.png.png,ads2\assets\review_crops\close_glyph_candidates\sample\candidate_crops\001418_score_0.903_x318_y136_w35_h37_log__20260711_094400_67140_afk_20260711_094338_em3_每日任務_task__000038_20260711_094519_before_tap_495_170.png.png,ads,crop,candidate_crop,raw,non_action_target,
vision_platform\ads\pilot\action_classifier_v2\dataset\images\ads_action_v2_00292_not_close_asset_b58c5d9db250218a.png,not_close,reviewed,ads2/assets/review_crops/close_glyph_candidates/sample/candidate_crops,asset_b58c5d9db250218a,ads2\assets\review_crops,candidate_crop,non_action_target,,,,,file_bf3c6242b342a65e,asset_b58c5d9db250218a,D:\Projects\adb_vl\ads2\assets\review_crops\close_glyph_candidates\sample\candidate_crops\001419_score_0.903_x432_y205_w17_h16_log__20260707_160103_33324__001065_20260709_230139_before_tap_80_500.png.png,ads2\assets\review_crops\close_glyph_candidates\sample\candidate_crops\001419_score_0.903_x432_y205_w17_h16_log__20260707_160103_33324__001065_20260709_230139_before_tap_80_500.png.png,ads,crop,candidate_crop,raw,non_action_target,
vision_platform\ads\pilot\action_classifier_v2\dataset\images\ads_action_v2_00293_not_close_asset_365dabcd075ad17f.png,not_close,reviewed,ads2/assets/review_crops/close_glyph_candidates/sample/candidate_crops,asset_365dabcd075ad17f,ads2\assets\review_crops,candidate_crop,non_action_target,,,,,file_acab8d3053007a1f,asset_365dabcd075ad17f,D:\Projects\adb_vl\ads2\assets\review_crops\close_glyph_candidates\sample\candidate_crops\001420_score_0.903_x314_y89_w32_h31_log__20260711_085505_41488_afk_20260711_085445_14_深淵_task__000036_20260711_085620_before_tap_927_94.png.png,ads2\assets\review_crops\close_glyph_candidates\sample\candidate_crops\001420_score_0.903_x314_y89_w32_h31_log__20260711_085505_41488_afk_20260711_085445_14_深淵_task__000036_20260711_085620_before_tap_927_94.png.png,ads,crop,candidate_crop,raw,non_action_target,
vision_platform\ads\pilot\action_classifier_v2\dataset\images\ads_action_v2_00294_not_close_asset_6fdbe422d2a68d81.png,not_close,reviewed,ads2/assets/review_crops/close_glyph_candidates/sample/candidate_crops,asset_6fdbe422d2a68d81,ads2\assets\review_crops,candidate_crop,non_action_target,,,,,file_e49a9cac3907c52d,asset_6fdbe422d2a68d81,D:\Projects\adb_vl\ads2\assets\review_crops\close_glyph_candidates\sample\candidate_crops\001422_score_0.902_x505_y332_w22_h21_log__20260711_003939_31364_afk_20260711_002946_tiger_廣告探寶鏟_task__000017_20260711_004141_before_tap_67_40.png.png,ads2\assets\review_crops\close_glyph_candidates\sample\candidate_crops\001422_score_0.902_x505_y332_w22_h21_log__20260711_003939_31364_afk_20260711_002946_tiger_廣告探寶鏟_task__000017_20260711_004141_before_tap_67_40.png.png,ads,crop,candidate_crop,raw,non_action_target,
vision_platform\ads\pilot\action_classifier_v2\dataset\images\ads_action_v2_00295_not_close_asset_cf3c98baf8f1d1a8.png,not_close,reviewed,ads2/assets/review_crops/close_glyph_candidates/sample/candidate_crops,asset_cf3c98baf8f1d1a8,ads2\assets\review_crops,candidate_crop,non_action_target,,,,,file_75255336f3858113,asset_cf3c98baf8f1d1a8,D:\Projects\adb_vl\ads2\assets\review_crops\close_glyph_candidates\sample\candidate_crops\001423_score_0.902_x118_y339_w16_h17_log__20260711_100310_38732_afk_20260711_100305_em3_王國金庫_task_fail_returncode_1__000030_20260711_100404_after_swipe_86_130_86_430_420.png.png,ads2\assets\review_crops\close_glyph_candidates\sample\candidate_crops\001423_score_0.902_x118_y339_w16_h17_log__20260711_100310_38732_afk_20260711_100305_em3_王國金庫_task_fail_returncode_1__000030_20260711_100404_after_swipe_86_130_86_430_420.png.png,ads,crop,candidate_crop,raw,non_action_target,
vision_platform\ads\pilot\action_classifier_v2\dataset\images\ads_action_v2_00296_not_close_asset_1163f5ea95d063a8.png,not_close,reviewed,ads2/assets/review_crops/close_glyph_candidates/sample/candidate_crops,asset_1163f5ea95d063a8,ads2\assets\review_crops,candidate_crop,non_action_target,,,,,file_185fe1525a45496b,asset_1163f5ea95d063a8,D:\Projects\adb_vl\ads2\assets\review_crops\close_glyph_candidates\sample\candidate_crops\001428_score_0.902_x453_y372_w16_h17_log__20260710_125824_2204__000505_20260711_145944_after_tap_51_22.png.png,ads2\assets\review_crops\close_glyph_candidates\sample\candidate_crops\001428_score_0.902_x453_y372_w16_h17_log__20260710_125824_2204__000505_20260711_145944_after_tap_51_22.png.png,ads,crop,candidate_crop,raw,non_action_target,
vision_platform\ads\pilot\action_classifier_v2\dataset\images\ads_action_v2_00297_not_close_asset_0a217fd21dc7063f.png,not_close,reviewed,ads2/assets/review_crops/close_glyph_candidates/sample/candidate_crops,asset_0a217fd21dc7063f,ads2\assets\review_crops,candidate_crop,non_action_target,,,,,file_7d50281bb3ca61aa,asset_0a217fd21dc7063f,D:\Projects\adb_vl\ads2\assets\review_crops\close_glyph_candidates\sample\candidate_crops\001429_score_0.901_x460_y5_w20_h20_log__20260711_085505_41488_afk_20260711_085445_14_深淵_task__000001_20260711_085506_abyss_main_done_zero_not_matched.png.png,ads2\assets\review_crops\close_glyph_candidates\sample\candidate_crops\001429_score_0.901_x460_y5_w20_h20_log__20260711_085505_41488_afk_20260711_085445_14_深淵_task__000001_20260711_085506_abyss_main_done_zero_not_matched.png.png,ads,crop,candidate_crop,raw,non_action_target,
vision_platform\ads\pilot\action_classifier_v2\dataset\images\ads_action_v2_00298_not_close_asset_6f8a20b1514d5ee7.png,not_close,reviewed,ads2/assets/review_crops/close_glyph_candidates/sample/candidate_crops,asset_6f8a20b1514d5ee7,ads2\assets\review_crops,candidate_crop,non_action_target,,,,,file_fa799ce9f4c00ea1,asset_6f8a20b1514d5ee7,D:\Projects\adb_vl\ads2\assets\review_crops\close_glyph_candidates\sample\candidate_crops\001573_score_0.900_x512_y147_w28_h27_log__20260711_112339_34208_afk_20260711_112330_tiger_看廣告_task__000035_20260711_112656_before_tap_483_157.png.png,ads2\assets\review_crops\close_glyph_candidates\sample\candidate_crops\001573_score_0.900_x512_y147_w28_h27_log__20260711_112339_34208_afk_20260711_112330_tiger_看廣告_task__000035_20260711_112656_before_tap_483_157.png.png,ads,crop,candidate_crop,raw,non_action_target,
vision_platform\ads\pilot\action_classifier_v2\dataset\images\ads_action_v2_00299_not_close_asset_5542cac0894cfc41.png,not_close,reviewed,ads2/assets/review_crops/close_glyph_candidates/sample/candidate_crops,asset_5542cac0894cfc41,ads2\assets\review_crops,candidate_crop,non_action_target,,,,,file_8b587b2d57455fcf,asset_5542cac0894cfc41,D:\Projects\adb_vl\ads2\assets\review_crops\close_glyph_candidates\sample\candidate_crops\001574_score_0.900_x45_y125_w17_h16_log__20260711_105219_54776_afk_20260711_105214_311_王國金庫_task__000026_20260711_105304_after_swipe_86_130_86_430_420.png.png,ads2\assets\review_crops\close_glyph_candidates\sample\candidate_crops\001574_score_0.900_x45_y125_w17_h16_log__20260711_105219_54776_afk_20260711_105214_311_王國金庫_task__000026_20260711_105304_after_swipe_86_130_86_430_420.png.png,ads,crop,candidate_crop,raw,non_action_target,
vision_platform\ads\pilot\action_classifier_v2\dataset\images\ads_action_v2_00300_not_close_asset_27647beecc8074fa.png,not_close,reviewed,ads2/assets/review_crops/close_glyph_candidates/sample/candidate_crops,asset_27647beecc8074fa,ads2\assets\review_crops,candidate_crop,non_action_target,,,,,file_686392417b4d4462,asset_27647beecc8074fa,D:\Projects\adb_vl\ads2\assets\review_crops\close_glyph_candidates\sample\candidate_crops\001575_score_0.900_x45_y125_w17_h16_log__20260711_105305_54776_afk_20260711_105214_311_王國金庫_route_exit__000001_20260711_105306_before_tap_34_28.png.png,ads2\assets\review_crops\close_glyph_candidates\sample\candidate_crops\001575_score_0.900_x45_y125_w17_h16_log__20260711_105305_54776_afk_20260711_105214_311_王國金庫_route_exit__000001_20260711_105306_before_tap_34_28.png.png,ads,crop,candidate_crop,raw,non_action_target,
vision_platform\ads\pilot\action_classifier_v2\dataset\images\ads_action_v2_00301_not_close_asset_deeca14f47894787.png,not_close,reviewed,ads2/assets/review_crops/close_glyph_candidates/sample/candidate_crops,asset_deeca14f47894787,ads2\assets\review_crops,candidate_crop,non_action_target,,,,,file_6e96421e22d19a75,asset_deeca14f47894787,D:\Projects\adb_vl\ads2\assets\review_crops\close_glyph_candidates\sample\candidate_crops\001576_score_0.900_x45_y125_w17_h16_log__20260711_154545_35900_kingdom_vault__000016_20260711_154810_after_swipe_86_430_86_130_420.png.png,ads2\assets\review_crops\close_glyph_candidates\sample\candidate_crops\001576_score_0.900_x45_y125_w17_h16_log__20260711_154545_35900_kingdom_vault__000016_20260711_154810_after_swipe_86_430_86_130_420.png.png,ads,crop,candidate_crop,raw,non_action_target,
vision_platform\ads\pilot\action_classifier_v2\dataset\images\ads_action_v2_00302_not_close_asset_e5f12ca23933af2b.png,not_close,reviewed,ads2/assets/review_crops/close_glyph_candidates/sample/candidate_crops,asset_e5f12ca23933af2b,ads2\assets\review_crops,candidate_crop,non_action_target,,,,,file_e8a8313163367b9f,asset_e5f12ca23933af2b,D:\Projects\adb_vl\ads2\assets\review_crops\close_glyph_candidates\sample\candidate_crops\001577_score_0.900_x450_y222_w15_h15_log__20260711_104622_54288_afk_20260711_104613_311_看廣告_task__000005_20260711_104711_before_tap_483_157.png.png,ads2\assets\review_crops\close_glyph_candidates\sample\candidate_crops\001577_score_0.900_x450_y222_w15_h15_log__20260711_104622_54288_afk_20260711_104613_311_看廣告_task__000005_20260711_104711_before_tap_483_157.png.png,ads,crop,candidate_crop,raw,non_action_target,
vision_platform\ads\pilot\action_classifier_v2\dataset\images\ads_action_v2_00303_not_close_asset_a3e73383b66439b1.png,not_close,reviewed,ads2/assets/review_crops/close_glyph_candidates/sample/candidate_crops,asset_a3e73383b66439b1,ads2\assets\review_crops,candidate_crop,non_action_target,,,,,file_496e55b65264270a,asset_a3e73383b66439b1,D:\Projects\adb_vl\ads2\assets\review_crops\close_glyph_candidates\sample\candidate_crops\001579_score_0.900_x446_y83_w44_h45_log__20260707_160103_33324__001250_20260710_070325_before_tap_247_515.png.png,ads2\assets\review_crops\close_glyph_candidates\sample\candidate_crops\001579_score_0.900_x446_y83_w44_h45_log__20260707_160103_33324__001250_20260710_070325_before_tap_247_515.png.png,ads,crop,candidate_crop,raw,non_action_target,
vision_platform\ads\pilot\action_classifier_v2\dataset\images\ads_action_v2_00304_not_close_asset_a39f81e90f2df690.png,not_close,reviewed,ads2/assets/review_crops/close_glyph_candidates/sample/candidate_crops,asset_a39f81e90f2df690,ads2\assets\review_crops,candidate_crop,non_action_target,,,,,file_0ee1591824ba089b,asset_a39f81e90f2df690,D:\Projects\adb_vl\ads2\assets\review_crops\close_glyph_candidates\sample\candidate_crops\001580_score_0.900_x513_y188_w14_h15_log__20260711_085505_41488_afk_20260711_085445_14_深淵_task__000008_20260711_085524_after_swipe_455_430_455_170_520.png.png,ads2\assets\review_crops\close_glyph_candidates\sample\candidate_crops\001580_score_0.900_x513_y188_w14_h15_log__20260711_085505_41488_afk_20260711_085445_14_深淵_task__000008_20260711_085524_after_swipe_455_430_455_170_520.png.png,ads,crop,candidate_crop,raw,non_action_target,
vision_platform\ads\pilot\action_classifier_v2\dataset\images\ads_action_v2_00305_not_close_asset_9ee89726bc11e54c.png,not_close,reviewed,ads2/assets/review_crops/close_glyph_candidates/sample/candidate_crops,asset_9ee89726bc11e54c,ads2\assets\review_crops,candidate_crop,non_action_target,,,,,file_b9442745d4c81417,asset_9ee89726bc11e54c,D:\Projects\adb_vl\ads2\assets\review_crops\close_glyph_candidates\sample\candidate_crops\001583_score_0.899_x475_y244_w18_h20_log__20260711_004404_46352_afk_20260711_002946_tiger_廣告探寶鏟_route_exit__000004_20260711_004409_after_tap_35_19.png.png,ads2\assets\review_crops\close_glyph_candidates\sample\candidate_crops\001583_score_0.899_x475_y244_w18_h20_log__20260711_004404_46352_afk_20260711_002946_tiger_廣告探寶鏟_route_exit__000004_20260711_004409_after_tap_35_19.png.png,ads,crop,candidate_crop,raw,non_action_target,
vision_platform\ads\pilot\action_classifier_v2\dataset\images\ads_action_v2_00306_not_close_asset_d1a679a138c080fd.png,not_close,reviewed,ads2/assets/review_crops/close_glyph_candidates/sample/candidate_crops,asset_d1a679a138c080fd,ads2\assets\review_crops,candidate_crop,non_action_target,,,,,file_a29f75e2544f0de1,asset_d1a679a138c080fd,D:\Projects\adb_vl\ads2\assets\review_crops\close_glyph_candidates\sample\candidate_crops\001585_score_0.899_x741_y300_w38_h45_log__20260711_111953_39056_afk_20260711_111931_tiger_深淵_task__000050_20260711_112146_after_tap_368_478.png.png,ads2\assets\review_crops\close_glyph_candidates\sample\candidate_crops\001585_score_0.899_x741_y300_w38_h45_log__20260711_111953_39056_afk_20260711_111931_tiger_深淵_task__000050_20260711_112146_after_tap_368_478.png.png,ads,crop,candidate_crop,raw,non_action_target,
vision_platform\ads\pilot\action_classifier_v2\dataset\images\ads_action_v2_00307_not_close_asset_a1dc42c183e30516.png,not_close,reviewed,ads2/assets/review_crops/close_glyph_candidates/sample/candidate_crops,asset_a1dc42c183e30516,ads2\assets\review_crops,candidate_crop,non_action_target,,,,,file_05afd7dcf3da7c3f,asset_a1dc42c183e30516,D:\Projects\adb_vl\ads2\assets\review_crops\close_glyph_candidates\sample\candidate_crops\001586_score_0.899_x82_y312_w49_h52_log__20260711_095223_69352_afk_20260711_095203_em3_深淵_task__000002_20260711_095225_before_tap_781_504.png.png,ads2\assets\review_crops\close_glyph_candidates\sample\candidate_crops\001586_score_0.899_x82_y312_w49_h52_log__20260711_095223_69352_afk_20260711_095203_em3_深淵_task__000002_20260711_095225_before_tap_781_504.png.png,ads,crop,candidate_crop,raw,non_action_target,
vision_platform\ads\pilot\action_classifier_v2\dataset\images\ads_action_v2_00308_not_close_asset_6b509c9315eeaf78.png,not_close,reviewed,ads2/assets/review_crops/close_glyph_candidates/sample/candidate_crops,asset_6b509c9315eeaf78,ads2\assets\review_crops,candidate_crop,non_action_target,,,,,file_350248190075baa6,asset_6b509c9315eeaf78,D:\Projects\adb_vl\ads2\assets\review_crops\close_glyph_candidates\sample\candidate_crops\001587_score_0.899_x472_y261_w18_h18_log__20260711_004437_69372_afk_20260711_004419_tiger_廣告時間沙漏_task__000026_20260711_004816_after_tap_67_40.png.png,ads2\assets\review_crops\close_glyph_candidates\sample\candidate_crops\001587_score_0.899_x472_y261_w18_h18_log__20260711_004437_69372_afk_20260711_004419_tiger_廣告時間沙漏_task__000026_20260711_004816_after_tap_67_40.png.png,ads,crop,candidate_crop,raw,non_action_target,
vision_platform\ads\pilot\action_classifier_v2\dataset\images\ads_action_v2_00309_not_close_asset_bab65be6f30b9a88.png,not_close,reviewed,ads2/assets/review_crops/close_glyph_candidates/sample/candidate_crops,asset_bab65be6f30b9a88,ads2\assets\review_crops,candidate_crop,non_action_target,,,,,file_2dd412622237607e,asset_bab65be6f30b9a88,D:\Projects\adb_vl\ads2\assets\review_crops\close_glyph_candidates\sample\candidate_crops\001588_score_0.898_x82_y312_w49_h52_log__20260711_095223_69352_afk_20260711_095203_em3_深淵_task__000027_20260711_095317_after_tap_913_288.png.png,ads2\assets\review_crops\close_glyph_candidates\sample\candidate_crops\001588_score_0.898_x82_y312_w49_h52_log__20260711_095223_69352_afk_20260711_095203_em3_深淵_task__000027_20260711_095317_after_tap_913_288.png.png,ads,crop,candidate_crop,raw,non_action_target,
vision_platform\ads\pilot\action_classifier_v2\dataset\images\ads_action_v2_00310_not_close_asset_760cdc4c1937c204.png,not_close,reviewed,ads2/assets/review_crops/close_glyph_candidates/sample/candidate_crops,asset_760cdc4c1937c204,ads2\assets\review_crops,candidate_crop,non_action_target,,,,,file_b58a55d63c249fec,asset_760cdc4c1937c204,D:\Projects\adb_vl\ads2\assets\review_crops\close_glyph_candidates\sample\candidate_crops\001589_score_0.898_x263_y339_w46_h44_log__20260707_160103_33324__000592_20260708_230141_midas_no_active_button.png.png,ads2\assets\review_crops\close_glyph_candidates\sample\candidate_crops\001589_score_0.898_x263_y339_w46_h44_log__20260707_160103_33324__000592_20260708_230141_midas_no_active_button.png.png,ads,crop,candidate_crop,raw,non_action_target,
vision_platform\ads\pilot\action_classifier_v2\dataset\images\ads_action_v2_00311_not_close_asset_e00e2c737117266f.png,not_close,reviewed,ads2/assets/review_crops/close_glyph_candidates/sample/candidate_crops,asset_e00e2c737117266f,ads2\assets\review_crops,candidate_crop,non_action_target,,,,,file_5d4cedf7a2be6d8b,asset_e00e2c737117266f,D:\Projects\adb_vl\ads2\assets\review_crops\close_glyph_candidates\sample\candidate_crops\001590_score_0.898_x613_y100_w39_h45_log__20260711_003939_31364_afk_20260711_002946_tiger_廣告探寶鏟_task__000031_20260711_004351_before_tap_67_40.png.png,ads2\assets\review_crops\close_glyph_candidates\sample\candidate_crops\001590_score_0.898_x613_y100_w39_h45_log__20260711_003939_31364_afk_20260711_002946_tiger_廣告探寶鏟_task__000031_20260711_004351_before_tap_67_40.png.png,ads,crop,candidate_crop,raw,non_action_target,
vision_platform\ads\pilot\action_classifier_v2\dataset\images\ads_action_v2_00312_not_close_asset_7effdcd52ed3801b.png,not_close,reviewed,ads2/assets/review_crops/close_glyph_candidates/sample/candidate_crops,asset_7effdcd52ed3801b,ads2\assets\review_crops,candidate_crop,non_action_target,,,,,file_cc70964519bccf90,asset_7effdcd52ed3801b,D:\Projects\adb_vl\ads2\assets\review_crops\close_glyph_candidates\sample\candidate_crops\001594_score_0.898_x82_y312_w49_h52_log__20260711_111953_39056_afk_20260711_111931_tiger_深淵_task__000029_20260711_112049_before_tap_913_288.png.png,ads2\assets\review_crops\close_glyph_candidates\sample\candidate_crops\001594_score_0.898_x82_y312_w49_h52_log__20260711_111953_39056_afk_20260711_111931_tiger_深淵_task__000029_20260711_112049_before_tap_913_288.png.png,ads,crop,candidate_crop,raw,non_action_target,
vision_platform\ads\pilot\action_classifier_v2\dataset\images\ads_action_v2_00313_not_close_asset_8d1e690a0d02e3a6.png,not_close,reviewed,ads2/assets/review_crops/close_glyph_candidates/sample/candidate_crops,asset_8d1e690a0d02e3a6,ads2\assets\review_crops,candidate_crop,non_action_target,,,,,file_994ab3bdb481966d,asset_8d1e690a0d02e3a6,D:\Projects\adb_vl\ads2\assets\review_crops\close_glyph_candidates\sample\candidate_crops\001595_score_0.898_x309_y167_w24_h26_log__20260711_104232_40108_afk_20260711_104213_311_深淵_task__000040_20260711_104344_abyss_artifact_plan_already_2.png.png,ads2\assets\review_crops\close_glyph_candidates\sample\candidate_crops\001595_score_0.898_x309_y167_w24_h26_log__20260711_104232_40108_afk_20260711_104213_311_深淵_task__000040_20260711_104344_abyss_artifact_plan_already_2.png.png,ads,crop,candidate_crop,raw,non_action_target,
vision_platform\ads\pilot\action_classifier_v2\dataset\images\ads_action_v2_00314_not_close_asset_6cfc8fabbf530779.png,not_close,reviewed,ads2/assets/review_crops/close_glyph_candidates/sample/candidate_crops,asset_6cfc8fabbf530779,ads2\assets\review_crops,candidate_crop,non_action_target,,,,,file_f41814b87c139d8e,asset_6cfc8fabbf530779,D:\Projects\adb_vl\ads2\assets\review_crops\close_glyph_candidates\sample\candidate_crops\001596_score_0.898_x472_y261_w18_h18_log__20260711_011142_36488_afk_20260711_011124_em3_廣告時間沙漏_task__000032_20260711_011602_after_tap_42_42.png.png,ads2\assets\review_crops\close_glyph_candidates\sample\candidate_crops\001596_score_0.898_x472_y261_w18_h18_log__20260711_011142_36488_afk_20260711_011124_em3_廣告時間沙漏_task__000032_20260711_011602_after_tap_42_42.png.png,ads,crop,candidate_crop,raw,non_action_target,
vision_platform\ads\pilot\action_classifier_v2\dataset\images\ads_action_v2_00315_not_close_asset_832711dbd218c139.png,not_close,reviewed,ads2/assets/review_crops/close_glyph_candidates/sample/candidate_crops,asset_832711dbd218c139,ads2\assets\review_crops,candidate_crop,non_action_target,,,,,file_18a6260b0163d1c4,asset_832711dbd218c139,D:\Projects\adb_vl\ads2\assets\review_crops\close_glyph_candidates\sample\candidate_crops\001597_score_0.898_x82_y312_w49_h51_log__20260711_095500_69352_afk_20260711_095203_em3_深淵_route_exit_fail_route_exit_after_task_success__000002_20260711_095502_after_tap_57_19.png.png,ads2\assets\review_crops\close_glyph_candidates\sample\candidate_crops\001597_score_0.898_x82_y312_w49_h51_log__20260711_095500_69352_afk_20260711_095203_em3_深淵_route_exit_fail_route_exit_after_task_success__000002_20260711_095502_after_tap_57_19.png.png,ads,crop,candidate_crop,raw,non_action_target,
vision_platform\ads\pilot\action_classifier_v2\dataset\images\ads_action_v2_00316_not_close_asset_dec148bd45c815fe.png,not_close,reviewed,ads2/assets/review_crops/close_glyph_candidates/sample/candidate_crops,asset_dec148bd45c815fe,ads2\assets\review_crops,candidate_crop,non_action_target,,,,,file_dff7b05846794d56,asset_dec148bd45c815fe,D:\Projects\adb_vl\ads2\assets\review_crops\close_glyph_candidates\sample\candidate_crops\001598_score_0.898_x263_y339_w46_h44_log__20260707_160103_33324__001162_20260709_230705_before_tap_782_79.png.png,ads2\assets\review_crops\close_glyph_candidates\sample\candidate_crops\001598_score_0.898_x263_y339_w46_h44_log__20260707_160103_33324__001162_20260709_230705_before_tap_782_79.png.png,ads,crop,candidate_crop,raw,non_action_target,
vision_platform\ads\pilot\action_classifier_v2\dataset\images\ads_action_v2_00317_not_close_asset_388f881ed4064d19.png,not_close,reviewed,ads2/assets/review_crops/close_glyph_candidates/sample/candidate_crops,asset_388f881ed4064d19,ads2\assets\review_crops,candidate_crop,non_action_target,,,,,file_3689507ff2eee120,asset_388f881ed4064d19,D:\Projects\adb_vl\ads2\assets\review_crops\close_glyph_candidates\sample\candidate_crops\001599_score_0.898_x82_y312_w51_h52_log__20260711_095223_69352_afk_20260711_095203_em3_深淵_task__000067_20260711_095500_abyss_final_done_after_exit_tap_02.png.png,ads2\assets\review_crops\close_glyph_candidates\sample\candidate_crops\001599_score_0.898_x82_y312_w51_h52_log__20260711_095223_69352_afk_20260711_095203_em3_深淵_task__000067_20260711_095500_abyss_final_done_after_exit_tap_02.png.png,ads,crop,candidate_crop,raw,non_action_target,
vision_platform\ads\pilot\action_classifier_v2\dataset\images\ads_action_v2_00318_not_close_asset_eb7ca3790333ab2a.png,not_close,reviewed,ads2/assets/review_crops/close_glyph_candidates/sample/candidate_crops,asset_eb7ca3790333ab2a,ads2\assets\review_crops,candidate_crop,non_action_target,,,,,file_8e5a287705ab24f1,asset_eb7ca3790333ab2a,D:\Projects\adb_vl\ads2\assets\review_crops\close_glyph_candidates\sample\candidate_crops\001600_score_0.898_x472_y261_w18_h18_log__20260711_111953_39056_afk_20260711_111931_tiger_深淵_task__000048_20260711_112136_after_tap_368_478.png.png,ads2\assets\review_crops\close_glyph_candidates\sample\candidate_crops\001600_score_0.898_x472_y261_w18_h18_log__20260711_111953_39056_afk_20260711_111931_tiger_深淵_task__000048_20260711_112136_after_tap_368_478.png.png,ads,crop,candidate_crop,raw,non_action_target,
vision_platform\ads\pilot\action_classifier_v2\dataset\images\ads_action_v2_00319_not_close_asset_9d8c9e3be696bd74.png,not_close,reviewed,ads2/assets/review_crops/close_glyph_candidates/sample/candidate_crops,asset_9d8c9e3be696bd74,ads2\assets\review_crops,candidate_crop,non_action_target,,,,,file_cef9b2b3b3a63b9c,asset_9d8c9e3be696bd74,D:\Projects\adb_vl\ads2\assets\review_crops\close_glyph_candidates\sample\candidate_crops\001601_score_0.898_x512_y147_w28_h27_log__20260711_003939_31364_afk_20260711_002946_tiger_廣告探寶鏟_task__000005_20260711_004007_before_tap_483_157.png.png,ads2\assets\review_crops\close_glyph_candidates\sample\candidate_crops\001601_score_0.898_x512_y147_w28_h27_log__20260711_003939_31364_afk_20260711_002946_tiger_廣告探寶鏟_task__000005_20260711_004007_before_tap_483_157.png.png,ads,crop,candidate_crop,raw,non_action_target,
vision_platform\ads\pilot\action_classifier_v2\dataset\images\ads_action_v2_00320_not_close_asset_550248e053ec5d46.png,not_close,reviewed,ads2/assets/review_crops/close_glyph_candidates/sample/candidate_crops,asset_550248e053ec5d46,ads2\assets\review_crops,candidate_crop,non_action_target,,,,,file_ed1e483b9e5408c2,asset_550248e053ec5d46,D:\Projects\adb_vl\ads2\assets\review_crops\close_glyph_candidates\sample\candidate_crops\001686_score_0.898_x512_y147_w28_h27_log__tiger_廣告探寶鏟_task_fail_stuck_static__000005_20260711_014041_before_tap_483_157.png.png,ads2\assets\review_crops\close_glyph_candidates\sample\candidate_crops\001686_score_0.898_x512_y147_w28_h27_log__tiger_廣告探寶鏟_task_fail_stuck_static__000005_20260711_014041_before_tap_483_157.png.png,ads,crop,candidate_crop,raw,non_action_target,
vision_platform\ads\pilot\action_classifier_v2\dataset\images\ads_action_v2_00321_not_close_asset_6187946dfe088bf3.png,not_close,reviewed,ads2/assets/review_crops/close_glyph_candidates/sample/candidate_crops,asset_6187946dfe088bf3,ads2\assets\review_crops,candidate_crop,non_action_target,,,,,file_85a718845561ae70,asset_6187946dfe088bf3,D:\Projects\adb_vl\ads2\assets\review_crops\close_glyph_candidates\sample\candidate_crops\001687_score_0.897_x284_y120_w48_h43_log__20260711_104232_40108_afk_20260711_104213_311_深淵_task__000044_20260711_104350_before_tap_904_490.png.png,ads2\assets\review_crops\close_glyph_candidates\sample\candidate_crops\001687_score_0.897_x284_y120_w48_h43_log__20260711_104232_40108_afk_20260711_104213_311_深淵_task__000044_20260711_104350_before_tap_904_490.png.png,ads,crop,candidate_crop,raw,non_action_target,
vision_platform\ads\pilot\action_classifier_v2\dataset\images\ads_action_v2_00322_not_close_asset_2d74f5f2ab255619.png,not_close,reviewed,ads2/assets/review_crops/close_glyph_candidates/sample/candidate_crops,asset_2d74f5f2ab255619,ads2\assets\review_crops,candidate_crop,non_action_target,,,,,file_2dd2bae79666cc14,asset_2d74f5f2ab255619,D:\Projects\adb_vl\ads2\assets\review_crops\close_glyph_candidates\sample\candidate_crops\001688_score_0.897_x300_y498_w13_h14_log__20260711_094400_67140_afk_20260711_094338_em3_每日任務_task__000210_20260711_095117_before_swipe_360_430_360_230_700.png.png,ads2\assets\review_crops\close_glyph_candidates\sample\candidate_crops\001688_score_0.897_x300_y498_w13_h14_log__20260711_094400_67140_afk_20260711_094338_em3_每日任務_task__000210_20260711_095117_before_swipe_360_430_360_230_700.png.png,ads,crop,candidate_crop,raw,non_action_target,
vision_platform\ads\pilot\action_classifier_v2\dataset\images\ads_action_v2_00323_not_close_asset_25a46043547435c1.png,not_close,reviewed,ads2/assets/review_crops/close_glyph_candidates/sample/candidate_crops,asset_25a46043547435c1,ads2\assets\review_crops,candidate_crop,non_action_target,,,,,file_5d11c285d3b06bd2,asset_25a46043547435c1,D:\Projects\adb_vl\ads2\assets\review_crops\close_glyph_candidates\sample\candidate_crops\001689_score_0.897_x318_y136_w35_h37_log__20260711_084004_22576_afk_20260711_083942_14_每日任務_task_fail_returncode_1__000038_20260711_084126_before_tap_495_170.png.png,ads2\assets\review_crops\close_glyph_candidates\sample\candidate_crops\001689_score_0.897_x318_y136_w35_h37_log__20260711_084004_22576_afk_20260711_083942_14_每日任務_task_fail_returncode_1__000038_20260711_084126_before_tap_495_170.png.png,ads,crop,candidate_crop,raw,non_action_target,
vision_platform\ads\pilot\action_classifier_v2\dataset\images\ads_action_v2_00324_not_close_asset_078b4038fd045d74.png,not_close,reviewed,ads2/assets/review_crops/close_glyph_candidates/sample/candidate_crops,asset_078b4038fd045d74,ads2\assets\review_crops,candidate_crop,non_action_target,,,,,file_cfd5669108b0285f,asset_078b4038fd045d74,D:\Projects\adb_vl\ads2\assets\review_crops\close_glyph_candidates\sample\candidate_crops\001690_score_0.897_x615_y110_w33_h27_log__20260711_084610_10484_afk_20260711_083942_14_每日任務_task__000018_20260711_084650_before_swipe_360_430_360_230_700.png.png,ads2\assets\review_crops\close_glyph_candidates\sample\candidate_crops\001690_score_0.897_x615_y110_w33_h27_log__20260711_084610_10484_afk_20260711_083942_14_每日任務_task__000018_20260711_084650_before_swipe_360_430_360_230_700.png.png,ads,crop,candidate_crop,raw,non_action_target,
vision_platform\ads\pilot\action_classifier_v2\dataset\images\ads_action_v2_00325_not_close_asset_253de68522dc5326.png,not_close,reviewed,ads2/assets/review_crops/close_glyph_candidates/sample/candidate_crops,asset_253de68522dc5326,ads2\assets\review_crops,candidate_crop,non_action_target,,,,,file_a57f98de1eb9ebec,asset_253de68522dc5326,D:\Projects\adb_vl\ads2\assets\review_crops\close_glyph_candidates\sample\candidate_crops\001691_score_0.897_x622_y389_w43_h50_log__20260711_004437_69372_afk_20260711_004419_tiger_廣告時間沙漏_task__000031_20260711_004936_before_tap_925_35.png.png,ads2\assets\review_crops\close_glyph_candidates\sample\candidate_crops\001691_score_0.897_x622_y389_w43_h50_log__20260711_004437_69372_afk_20260711_004419_tiger_廣告時間沙漏_task__000031_20260711_004936_before_tap_925_35.png.png,ads,crop,candidate_crop,raw,non_action_target,
vision_platform\ads\pilot\action_classifier_v2\dataset\images\ads_action_v2_00326_not_close_asset_4e6b0076cf9cba79.png,not_close,reviewed,ads2/assets/review_crops/close_glyph_candidates/sample/candidate_crops,asset_4e6b0076cf9cba79,ads2\assets\review_crops,candidate_crop,non_action_target,,,,,file_d9f0fb9eb33359d5,asset_4e6b0076cf9cba79,D:\Projects\adb_vl\ads2\assets\review_crops\close_glyph_candidates\sample\candidate_crops\001692_score_0.897_x814_y194_w18_h18_log__20260711_103235_63312_afk_20260711_103216_311_每日任務_task__000087_20260711_103555_after_tap_840_472.png.png,ads2\assets\review_crops\close_glyph_candidates\sample\candidate_crops\001692_score_0.897_x814_y194_w18_h18_log__20260711_103235_63312_afk_20260711_103216_311_每日任務_task__000087_20260711_103555_after_tap_840_472.png.png,ads,crop,candidate_crop,raw,non_action_target,
vision_platform\ads\pilot\action_classifier_v2\dataset\images\ads_action_v2_00327_not_close_asset_b1b8349382842f42.png,not_close,reviewed,ads2/assets/review_crops/close_glyph_candidates/sample/candidate_crops,asset_b1b8349382842f42,ads2\assets\review_crops,candidate_crop,non_action_target,,,,,file_b5624cdd963bb0d4,asset_b1b8349382842f42,D:\Projects\adb_vl\ads2\assets\review_crops\close_glyph_candidates\sample\candidate_crops\001693_score_0.897_x432_y206_w17_h15_log__20260707_160103_33324__000735_20260709_070044_before_tap_80_500.png.png,ads2\assets\review_crops\close_glyph_candidates\sample\candidate_crops\001693_score_0.897_x432_y206_w17_h15_log__20260707_160103_33324__000735_20260709_070044_before_tap_80_500.png.png,ads,crop,candidate_crop,raw,non_action_target,
vision_platform\ads\pilot\action_classifier_v2\dataset\images\ads_action_v2_00328_not_close_asset_55d681c39786b048.png,not_close,reviewed,ads2/assets/review_crops/close_glyph_candidates/sample/candidate_crops,asset_55d681c39786b048,ads2\assets\review_crops,candidate_crop,non_action_target,,,,,file_c79e64bb74b996a5,asset_55d681c39786b048,D:\Projects\adb_vl\ads2\assets\review_crops\close_glyph_candidates\sample\candidate_crops\001694_score_0.896_x741_y300_w38_h45_log__20260711_111953_39056_afk_20260711_111931_tiger_深淵_task__000052_20260711_112148_after_tap_368_478.png.png,ads2\assets\review_crops\close_glyph_candidates\sample\candidate_crops\001694_score_0.896_x741_y300_w38_h45_log__20260711_111953_39056_afk_20260711_111931_tiger_深淵_task__000052_20260711_112148_after_tap_368_478.png.png,ads,crop,candidate_crop,raw,non_action_target,
vision_platform\ads\pilot\action_classifier_v2\dataset\images\ads_action_v2_00329_not_close_asset_0bd29f37ca40b88c.png,not_close,reviewed,ads2/assets/review_crops/close_glyph_candidates/sample/candidate_crops,asset_0bd29f37ca40b88c,ads2\assets\review_crops,candidate_crop,non_action_target,,,,,file_1e3628f0204fa688,asset_0bd29f37ca40b88c,D:\Projects\adb_vl\ads2\assets\review_crops\close_glyph_candidates\sample\candidate_crops\001695_score_0.896_x471_y346_w33_h27_log__20260710_125824_2204__000665_20260711_151258_before_tap_495_170.png.png,ads2\assets\review_crops\close_glyph_candidates\sample\candidate_crops\001695_score_0.896_x471_y346_w33_h27_log__20260710_125824_2204__000665_20260711_151258_before_tap_495_170.png.png,ads,crop,candidate_crop,raw,non_action_target,
vision_platform\ads\pilot\action_classifier_v2\dataset\images\ads_action_v2_00330_not_close_asset_de059db815fc80d5.png,not_close,reviewed,ads2/assets/review_crops/close_glyph_candidates/sample/candidate_crops,asset_de059db815fc80d5,ads2\assets\review_crops,candidate_crop,non_action_target,,,,,file_d710fd80cf6dd114,asset_de059db815fc80d5,D:\Projects\adb_vl\ads2\assets\review_crops\close_glyph_candidates\sample\candidate_crops\001696_score_0.896_x82_y276_w16_h17_log__20260711_100541_44936_afk_20260711_100305_em3_王國金庫_task_fail_returncode_1__000006_20260711_100551_after_tap_80_164.png.png,ads2\assets\review_crops\close_glyph_candidates\sample\candidate_crops\001696_score_0.896_x82_y276_w16_h17_log__20260711_100541_44936_afk_20260711_100305_em3_王國金庫_task_fail_returncode_1__000006_20260711_100551_after_tap_80_164.png.png,ads,crop,candidate_crop,raw,non_action_target,
vision_platform\ads\pilot\action_classifier_v2\dataset\images\ads_action_v2_00331_not_close_asset_ecb945a3e4a9a930.png,not_close,reviewed,ads2/assets/review_crops/close_glyph_candidates/sample/candidate_crops,asset_ecb945a3e4a9a930,ads2\assets\review_crops,candidate_crop,non_action_target,,,,,file_9f7f2e814b1f64b5,asset_ecb945a3e4a9a930,D:\Projects\adb_vl\ads2\assets\review_crops\close_glyph_candidates\sample\candidate_crops\001697_score_0.896_x82_y276_w16_h17_log__20260711_100901_69040_afk_20260711_100305_em3_王國金庫_task_fail_returncode_1__000006_20260711_100911_after_tap_80_164.png.png,ads2\assets\review_crops\close_glyph_candidates\sample\candidate_crops\001697_score_0.896_x82_y276_w16_h17_log__20260711_100901_69040_afk_20260711_100305_em3_王國金庫_task_fail_returncode_1__000006_20260711_100911_after_tap_80_164.png.png,ads,crop,candidate_crop,raw,non_action_target,
vision_platform\ads\pilot\action_classifier_v2\dataset\images\ads_action_v2_00332_not_close_asset_9498fe972b52cc04.png,not_close,reviewed,ads2/assets/review_crops/close_glyph_candidates/sample/candidate_crops,asset_9498fe972b52cc04,ads2\assets\review_crops,candidate_crop,non_action_target,,,,,file_90cf9f4b774330ae,asset_9498fe972b52cc04,D:\Projects\adb_vl\ads2\assets\review_crops\close_glyph_candidates\sample\candidate_crops\001699_score_0.896_x126_y204_w21_h20_log__20260711_084004_22576_afk_20260711_083942_14_每日任務_task_fail_returncode_1__000074_20260711_084318_before_tap_481_515.png.png,ads2\assets\review_crops\close_glyph_candidates\sample\candidate_crops\001699_score_0.896_x126_y204_w21_h20_log__20260711_084004_22576_afk_20260711_083942_14_每日任務_task_fail_returncode_1__000074_20260711_084318_before_tap_481_515.png.png,ads,crop,candidate_crop,raw,non_action_target,
vision_platform\ads\pilot\action_classifier_v2\dataset\images\ads_action_v2_00333_not_close_asset_c0343fa9a0fe2fc2.png,not_close,reviewed,ads2/assets/review_crops/close_glyph_candidates/sample/candidate_crops,asset_c0343fa9a0fe2fc2,ads2\assets\review_crops,candidate_crop,non_action_target,,,,,file_e77e4cce04ea0a33,asset_c0343fa9a0fe2fc2,D:\Projects\adb_vl\ads2\assets\review_crops\close_glyph_candidates\sample\candidate_crops\001700_score_0.896_x503_y303_w20_h18_log__20260711_103235_63312_afk_20260711_103216_311_每日任務_task__000028_20260711_103331_before_tap_749_420.png.png,ads2\assets\review_crops\close_glyph_candidates\sample\candidate_crops\001700_score_0.896_x503_y303_w20_h18_log__20260711_103235_63312_afk_20260711_103216_311_每日任務_task__000028_20260711_103331_before_tap_749_420.png.png,ads,crop,candidate_crop,raw,non_action_target,
vision_platform\ads\pilot\action_classifier_v2\dataset\images\ads_action_v2_00334_not_close_asset_ed5a1a752a30bef4.png,not_close,reviewed,ads2/assets/review_crops/close_glyph_candidates/sample/candidate_crops,asset_ed5a1a752a30bef4,ads2\assets\review_crops,candidate_crop,non_action_target,,,,,file_2a781d23970dee63,asset_ed5a1a752a30bef4,D:\Projects\adb_vl\ads2\assets\review_crops\close_glyph_candidates\sample\candidate_crops\001701_score_0.896_x503_y303_w20_h18_log__20260711_103235_63312_afk_20260711_103216_311_每日任務_task__000029_20260711_103333_after_tap_749_420.png.png,ads2\assets\review_crops\close_glyph_candidates\sample\candidate_crops\001701_score_0.896_x503_y303_w20_h18_log__20260711_103235_63312_afk_20260711_103216_311_每日任務_task__000029_20260711_103333_after_tap_749_420.png.png,ads,crop,candidate_crop,raw,non_action_target,
vision_platform\ads\pilot\action_classifier_v2\dataset\images\ads_action_v2_00335_not_close_asset_fa94534e9a58abf6.png,not_close,reviewed,ads2/assets/review_crops/close_glyph_candidates/sample/candidate_crops,asset_fa94534e9a58abf6,ads2\assets\review_crops,candidate_crop,non_action_target,,,,,file_8ea50d7050004d29,asset_fa94534e9a58abf6,D:\Projects\adb_vl\ads2\assets\review_crops\close_glyph_candidates\sample\candidate_crops\001702_score_0.896_x432_y206_w17_h15_log__20260707_160103_33324__000905_20260709_150118_before_tap_80_500.png.png,ads2\assets\review_crops\close_glyph_candidates\sample\candidate_crops\001702_score_0.896_x432_y206_w17_h15_log__20260707_160103_33324__000905_20260709_150118_before_tap_80_500.png.png,ads,crop,candidate_crop,raw,non_action_target,
vision_platform\ads\pilot\action_classifier_v2\dataset\images\ads_action_v2_00336_not_close_asset_218aa9a66d40a7b2.png,not_close,reviewed,ads2/assets/review_crops/close_glyph_candidates/sample/candidate_crops,asset_218aa9a66d40a7b2,ads2\assets\review_crops,candidate_crop,non_action_target,,,,,file_06d60adcd726e5ef,asset_218aa9a66d40a7b2,D:\Projects\adb_vl\ads2\assets\review_crops\close_glyph_candidates\sample\candidate_crops\001703_score_0.896_x512_y147_w28_h27_log__20260711_084004_22576_afk_20260711_083942_14_每日任務_task_fail_returncode_1__000019_20260711_084043_after_tap_80_500.png.png,ads2\assets\review_crops\close_glyph_candidates\sample\candidate_crops\001703_score_0.896_x512_y147_w28_h27_log__20260711_084004_22576_afk_20260711_083942_14_每日任務_task_fail_returncode_1__000019_20260711_084043_after_tap_80_500.png.png,ads,crop,candidate_crop,raw,non_action_target,
vision_platform\ads\pilot\action_classifier_v2\dataset\images\ads_action_v2_00337_not_close_asset_b1d8db537d5c066d.png,not_close,reviewed,ads2/assets/review_crops/close_glyph_candidates/sample/candidate_crops,asset_b1d8db537d5c066d,ads2\assets\review_crops,candidate_crop,non_action_target,,,,,file_50e756818565a79e,asset_b1d8db537d5c066d,D:\Projects\adb_vl\ads2\assets\review_crops\close_glyph_candidates\sample\candidate_crops\001704_score_0.895_x126_y204_w21_h20_log__20260711_094400_67140_afk_20260711_094338_em3_每日任務_task__000074_20260711_094657_before_tap_481_515.png.png,ads2\assets\review_crops\close_glyph_candidates\sample\candidate_crops\001704_score_0.895_x126_y204_w21_h20_log__20260711_094400_67140_afk_20260711_094338_em3_每日任務_task__000074_20260711_094657_before_tap_481_515.png.png,ads,crop,candidate_crop,raw,non_action_target,
vision_platform\ads\pilot\action_classifier_v2\dataset\images\ads_action_v2_00338_not_close_asset_37a8b4f32c5d7adf.png,not_close,reviewed,ads2/assets/review_crops/close_glyph_candidates/sample/candidate_crops,asset_37a8b4f32c5d7adf,ads2\assets\review_crops,candidate_crop,non_action_target,,,,,file_b8bbbfcf7770b07b,asset_37a8b4f32c5d7adf,D:\Projects\adb_vl\ads2\assets\review_crops\close_glyph_candidates\sample\candidate_crops\001705_score_0.895_x513_y170_w15_h17_log__20260711_094400_67140_afk_20260711_094338_em3_每日任務_task__000201_20260711_095056_after_tap_478_150.png.png,ads2\assets\review_crops\close_glyph_candidates\sample\candidate_crops\001705_score_0.895_x513_y170_w15_h17_log__20260711_094400_67140_afk_20260711_094338_em3_每日任務_task__000201_20260711_095056_after_tap_478_150.png.png,ads,crop,candidate_crop,raw,non_action_target,
vision_platform\ads\pilot\action_classifier_v2\dataset\images\ads_action_v2_00339_not_close_asset_7eb2ff12a60496b2.png,not_close,reviewed,ads2/assets/review_crops/close_glyph_candidates/sample/candidate_crops,asset_7eb2ff12a60496b2,ads2\assets\review_crops,candidate_crop,non_action_target,,,,,file_8f32859bd3090503,asset_7eb2ff12a60496b2,D:\Projects\adb_vl\ads2\assets\review_crops\close_glyph_candidates\sample\candidate_crops\001706_score_0.895_x444_y83_w45_h45_log__20260707_160103_33324__000756_20260709_070159_before_tap_247_515.png.png,ads2\assets\review_crops\close_glyph_candidates\sample\candidate_crops\001706_score_0.895_x444_y83_w45_h45_log__20260707_160103_33324__000756_20260709_070159_before_tap_247_515.png.png,ads,crop,candidate_crop,raw,non_action_target,
vision_platform\ads\pilot\action_classifier_v2\dataset\images\ads_action_v2_00340_not_close_asset_882fb819c3cd4412.png,not_close,reviewed,ads2/assets/review_crops/close_glyph_candidates/sample/candidate_crops,asset_882fb819c3cd4412,ads2\assets\review_crops,candidate_crop,non_action_target,,,,,file_4643f13faf548006,asset_882fb819c3cd4412,D:\Projects\adb_vl\ads2\assets\review_crops\close_glyph_candidates\sample\candidate_crops\001707_score_0.895_x300_y490_w13_h14_log__20260711_084004_22576_afk_20260711_083942_14_每日任務_task_fail_returncode_1__000055_20260711_084212_after_swipe_360_430_360_230_700.png.png,ads2\assets\review_crops\close_glyph_candidates\sample\candidate_crops\001707_score_0.895_x300_y490_w13_h14_log__20260711_084004_22576_afk_20260711_083942_14_每日任務_task_fail_returncode_1__000055_20260711_084212_after_swipe_360_430_360_230_700.png.png,ads,crop,candidate_crop,raw,non_action_target,
vision_platform\ads\pilot\action_classifier_v2\dataset\images\ads_action_v2_00341_not_close_asset_324d64920bce152a.png,not_close,reviewed,ads2/assets/review_crops/close_glyph_candidates/sample/candidate_crops,asset_324d64920bce152a,ads2\assets\review_crops,candidate_crop,non_action_target,,,,,file_f4685599508381cd,asset_324d64920bce152a,D:\Projects\adb_vl\ads2\assets\review_crops\close_glyph_candidates\sample\candidate_crops\001708_score_0.895_x613_y100_w39_h45_log__20260711_011142_36488_afk_20260711_011124_em3_廣告時間沙漏_task__000004_20260711_011203_after_tap_67_40.png.png,ads2\assets\review_crops\close_glyph_candidates\sample\candidate_crops\001708_score_0.895_x613_y100_w39_h45_log__20260711_011142_36488_afk_20260711_011124_em3_廣告時間沙漏_task__000004_20260711_011203_after_tap_67_40.png.png,ads,crop,candidate_crop,raw,non_action_target,
vision_platform\ads\pilot\action_classifier_v2\dataset\images\ads_action_v2_00342_not_close_asset_e9db27e958979822.png,not_close,reviewed,ads2/assets/review_crops/close_glyph_candidates/sample/candidate_crops,asset_e9db27e958979822,ads2\assets\review_crops,candidate_crop,non_action_target,,,,,file_a33d0f698851476e,asset_e9db27e958979822,D:\Projects\adb_vl\ads2\assets\review_crops\close_glyph_candidates\sample\candidate_crops\001709_score_0.895_x454_y349_w20_h23_log__20260707_160103_33324__000909_20260709_150124_before_tap_80_500.png.png,ads2\assets\review_crops\close_glyph_candidates\sample\candidate_crops\001709_score_0.895_x454_y349_w20_h23_log__20260707_160103_33324__000909_20260709_150124_before_tap_80_500.png.png,ads,crop,candidate_crop,raw,non_action_target,
vision_platform\ads\pilot\action_classifier_v2\dataset\images\ads_action_v2_00343_not_close_asset_389445e37698af62.png,not_close,reviewed,ads2/assets/review_crops/close_glyph_candidates/sample/candidate_crops,asset_389445e37698af62,ads2\assets\review_crops,candidate_crop,non_action_target,,,,,file_2950dcc58b98c98c,asset_389445e37698af62,D:\Projects\adb_vl\ads2\assets\review_crops\close_glyph_candidates\sample\candidate_crops\001710_score_0.894_x518_y36_w25_h26_log__20260711_081443_41084_afk_20260711_081428_311_廣告探寶鏟_task__000015_20260711_081824_before_tap_924_33.png.png,ads2\assets\review_crops\close_glyph_candidates\sample\candidate_crops\001710_score_0.894_x518_y36_w25_h26_log__20260711_081443_41084_afk_20260711_081428_311_廣告探寶鏟_task__000015_20260711_081824_before_tap_924_33.png.png,ads,crop,candidate_crop,raw,non_action_target,
vision_platform\ads\pilot\action_classifier_v2\dataset\images\ads_action_v2_00344_not_close_asset_3ea31d75c7e72ecd.png,not_close,reviewed,ads2/assets/review_crops/close_glyph_candidates/sample/candidate_crops,asset_3ea31d75c7e72ecd,ads2\assets\review_crops,candidate_crop,non_action_target,,,,,file_a27eaf4afa21b2a7,asset_3ea31d75c7e72ecd,D:\Projects\adb_vl\ads2\assets\review_crops\close_glyph_candidates\sample\candidate_crops\001711_score_0.894_x739_y310_w39_h34_log__20260711_111953_39056_afk_20260711_111931_tiger_深淵_task__000060_20260711_112208_after_tap_590_398.png.png,ads2\assets\review_crops\close_glyph_candidates\sample\candidate_crops\001711_score_0.894_x739_y310_w39_h34_log__20260711_111953_39056_afk_20260711_111931_tiger_深淵_task__000060_20260711_112208_after_tap_590_398.png.png,ads,crop,candidate_crop,raw,non_action_target,
vision_platform\ads\pilot\action_classifier_v2\dataset\images\ads_action_v2_00345_not_close_asset_c13fb82e3d01c87d.png,not_close,reviewed,ads2/assets/review_crops/close_glyph_candidates/sample/candidate_crops,asset_c13fb82e3d01c87d,ads2\assets\review_crops,candidate_crop,non_action_target,,,,,file_50c749dd9daa1b0d,asset_c13fb82e3d01c87d,D:\Projects\adb_vl\ads2\assets\review_crops\close_glyph_candidates\sample\candidate_crops\001712_score_0.894_x167_y256_w32_h31_log__20260711_012700_52164_afk_20260711_012536_14_廣告時間沙漏_route_enter_fail_returncode_1__000002_20260711_012702_after_tap_109_127.png.png,ads2\assets\review_crops\close_glyph_candidates\sample\candidate_crops\001712_score_0.894_x167_y256_w32_h31_log__20260711_012700_52164_afk_20260711_012536_14_廣告時間沙漏_route_enter_fail_returncode_1__000002_20260711_012702_after_tap_109_127.png.png,ads,crop,candidate_crop,raw,non_action_target,
vision_platform\ads\pilot\action_classifier_v2\dataset\images\ads_action_v2_00346_not_close_asset_b99f8cf07f5b1384.png,not_close,reviewed,ads2/assets/review_crops/close_glyph_candidates/sample/candidate_crops,asset_b99f8cf07f5b1384,ads2\assets\review_crops,candidate_crop,non_action_target,,,,,file_9c80dc668f0e914d,asset_b99f8cf07f5b1384,D:\Projects\adb_vl\ads2\assets\review_crops\close_glyph_candidates\sample\candidate_crops\001713_score_0.894_x613_y100_w39_h45_log__20260711_004437_69372_afk_20260711_004419_tiger_廣告時間沙漏_task__000024_20260711_004802_after_tap_67_40.png.png,ads2\assets\review_crops\close_glyph_candidates\sample\candidate_crops\001713_score_0.894_x613_y100_w39_h45_log__20260711_004437_69372_afk_20260711_004419_tiger_廣告時間沙漏_task__000024_20260711_004802_after_tap_67_40.png.png,ads,crop,candidate_crop,raw,non_action_target,
vision_platform\ads\pilot\action_classifier_v2\dataset\images\ads_action_v2_00347_not_close_asset_f18a4ea8d7151235.png,not_close,reviewed,ads2/assets/review_crops/close_glyph_candidates/sample/candidate_crops,asset_f18a4ea8d7151235,ads2\assets\review_crops,candidate_crop,non_action_target,,,,,file_128bd8e94a621fac,asset_f18a4ea8d7151235,D:\Projects\adb_vl\ads2\assets\review_crops\close_glyph_candidates\sample\candidate_crops\001714_score_0.894_x84_y272_w47_h42_log__20260711_103235_63312_afk_20260711_103216_311_每日任務_task__000141_20260711_103738_after_tap_659_113.png.png,ads2\assets\review_crops\close_glyph_candidates\sample\candidate_crops\001714_score_0.894_x84_y272_w47_h42_log__20260711_103235_63312_afk_20260711_103216_311_每日任務_task__000141_20260711_103738_after_tap_659_113.png.png,ads,crop,candidate_crop,raw,non_action_target,
vision_platform\ads\pilot\action_classifier_v2\dataset\images\ads_action_v2_00348_not_close_asset_8ac525a3ce943fd9.png,not_close,reviewed,ads2/assets/review_crops/close_glyph_candidates/sample/candidate_crops,asset_8ac525a3ce943fd9,ads2\assets\review_crops,candidate_crop,non_action_target,,,,,file_dcad8cda1e71c218,asset_8ac525a3ce943fd9,D:\Projects\adb_vl\ads2\assets\review_crops\close_glyph_candidates\sample\candidate_crops\001716_score_0.894_x472_y261_w18_h18_log__tiger_廣告探寶鏟_task_fail_stuck_static__000040_20260711_014956_after_tap_301_350.png.png,ads2\assets\review_crops\close_glyph_candidates\sample\candidate_crops\001716_score_0.894_x472_y261_w18_h18_log__tiger_廣告探寶鏟_task_fail_stuck_static__000040_20260711_014956_after_tap_301_350.png.png,ads,crop,candidate_crop,raw,non_action_target,
vision_platform\ads\pilot\action_classifier_v2\dataset\images\ads_action_v2_00349_not_close_asset_91d4bbaae6ceb695.png,not_close,reviewed,ads2/assets/review_crops/close_glyph_candidates/sample/candidate_crops,asset_91d4bbaae6ceb695,ads2\assets\review_crops,candidate_crop,non_action_target,,,,,file_8c57c30556a7630a,asset_91d4bbaae6ceb695,D:\Projects\adb_vl\ads2\assets\review_crops\close_glyph_candidates\sample\candidate_crops\001717_score_0.893_x584_y112_w37_h34_log__20260711_084539_10484_afk_20260711_083942_14_每日任務_route_enter__000004_20260711_084546_after_tap_495_170.png.png,ads2\assets\review_crops\close_glyph_candidates\sample\candidate_crops\001717_score_0.893_x584_y112_w37_h34_log__20260711_084539_10484_afk_20260711_083942_14_每日任務_route_enter__000004_20260711_084546_after_tap_495_170.png.png,ads,crop,candidate_crop,raw,non_action_target,
vision_platform\ads\pilot\action_classifier_v2\dataset\images\ads_action_v2_00350_not_close_asset_d7325b503fd4b488.png,not_close,reviewed,ads2/assets/review_crops/close_glyph_candidates/sample/candidate_crops,asset_d7325b503fd4b488,ads2\assets\review_crops,candidate_crop,non_action_target,,,,,file_d884ec0d50490aea,asset_d7325b503fd4b488,D:\Projects\adb_vl\ads2\assets\review_crops\close_glyph_candidates\sample\candidate_crops\001718_score_0.893_x424_y265_w23_h23_log__20260711_010520_33712_afk_20260711_010506_em3_廣告探寶鏟_task__000028_20260711_011003_after_tap_67_40.png.png,ads2\assets\review_crops\close_glyph_candidates\sample\candidate_crops\001718_score_0.893_x424_y265_w23_h23_log__20260711_010520_33712_afk_20260711_010506_em3_廣告探寶鏟_task__000028_20260711_011003_after_tap_67_40.png.png,ads,crop,candidate_crop,raw,non_action_target,
vision_platform\ads\pilot\action_classifier_v2\dataset\images\ads_action_v2_00351_not_close_asset_e683135cedeb88ab.png,not_close,reviewed,ads2/assets/review_crops/close_glyph_candidates/sample/candidate_crops,asset_e683135cedeb88ab,ads2\assets\review_crops,candidate_crop,non_action_target,,,,,file_3533db6c7d5fc4b6,asset_e683135cedeb88ab,D:\Projects\adb_vl\ads2\assets\review_crops\close_glyph_candidates\sample\candidate_crops\001719_score_0.893_x424_y265_w23_h23_log__20260711_011142_36488_afk_20260711_011124_em3_廣告時間沙漏_task__000020_20260711_011428_after_tap_67_40.png.png,ads2\assets\review_crops\close_glyph_candidates\sample\candidate_crops\001719_score_0.893_x424_y265_w23_h23_log__20260711_011142_36488_afk_20260711_011124_em3_廣告時間沙漏_task__000020_20260711_011428_after_tap_67_40.png.png,ads,crop,candidate_crop,raw,non_action_target,
vision_platform\ads\pilot\action_classifier_v2\dataset\images\ads_action_v2_00352_not_close_asset_f0eb4ff11506273a.png,not_close,reviewed,ads2/assets/review_crops/close_glyph_candidates/sample/candidate_crops,asset_f0eb4ff11506273a,ads2\assets\review_crops,candidate_crop,non_action_target,,,,,file_b787ca52d81cbf7f,asset_f0eb4ff11506273a,D:\Projects\adb_vl\ads2\assets\review_crops\close_glyph_candidates\sample\candidate_crops\001720_score_0.893_x424_y265_w23_h23_log__tiger_廣告探寶鏟_task_fail_stuck_static__000036_20260711_014904_after_tap_301_350.png.png,ads2\assets\review_crops\close_glyph_candidates\sample\candidate_crops\001720_score_0.893_x424_y265_w23_h23_log__tiger_廣告探寶鏟_task_fail_stuck_static__000036_20260711_014904_after_tap_301_350.png.png,ads,crop,candidate_crop,raw,non_action_target,
vision_platform\ads\pilot\action_classifier_v2\dataset\images\ads_action_v2_00353_not_close_asset_35cbf2a015f8d67e.png,not_close,reviewed,ads2/assets/review_crops/close_glyph_candidates/sample/candidate_crops,asset_35cbf2a015f8d67e,ads2\assets\review_crops,candidate_crop,non_action_target,,,,,file_c728ed3a773e83a1,asset_35cbf2a015f8d67e,D:\Projects\adb_vl\ads2\assets\review_crops\close_glyph_candidates\sample\candidate_crops\001721_score_0.893_x424_y265_w23_h23_log__tiger_廣告探寶鏟_task_fail_stuck_static__000046_20260711_015138_after_tap_301_350.png.png,ads2\assets\review_crops\close_glyph_candidates\sample\candidate_crops\001721_score_0.893_x424_y265_w23_h23_log__tiger_廣告探寶鏟_task_fail_stuck_static__000046_20260711_015138_after_tap_301_350.png.png,ads,crop,candidate_crop,raw,non_action_target,
vision_platform\ads\pilot\action_classifier_v2\dataset\images\ads_action_v2_00354_not_close_asset_6c6e85a1c2b6af88.png,not_close,reviewed,ads2/assets/review_crops/close_glyph_candidates/sample/candidate_crops,asset_6c6e85a1c2b6af88,ads2\assets\review_crops,candidate_crop,non_action_target,,,,,file_df7c1718677b64b5,asset_6c6e85a1c2b6af88,D:\Projects\adb_vl\ads2\assets\review_crops\close_glyph_candidates\sample\candidate_crops\001722_score_0.893_x432_y206_w17_h15_log__20260707_160103_33324__001010_20260709_150815_before_tap_80_500.png.png,ads2\assets\review_crops\close_glyph_candidates\sample\candidate_crops\001722_score_0.893_x432_y206_w17_h15_log__20260707_160103_33324__001010_20260709_150815_before_tap_80_500.png.png,ads,crop,candidate_crop,raw,non_action_target,
vision_platform\ads\pilot\action_classifier_v2\dataset\images\ads_action_v2_00355_not_close_asset_9cd133e91635ef3f.png,not_close,reviewed,ads2/assets/review_crops/close_glyph_candidates/sample/candidate_crops,asset_9cd133e91635ef3f,ads2\assets\review_crops,candidate_crop,non_action_target,,,,,file_fbf348b43a5946ec,asset_9cd133e91635ef3f,D:\Projects\adb_vl\ads2\assets\review_crops\close_glyph_candidates\sample\candidate_crops\001723_score_0.893_x82_y193_w15_h15_log__20260711_100310_38732_afk_20260711_100305_em3_王國金庫_task_fail_returncode_1__000002_20260711_100313_after_tap_80_140.png.png,ads2\assets\review_crops\close_glyph_candidates\sample\candidate_crops\001723_score_0.893_x82_y193_w15_h15_log__20260711_100310_38732_afk_20260711_100305_em3_王國金庫_task_fail_returncode_1__000002_20260711_100313_after_tap_80_140.png.png,ads,crop,candidate_crop,raw,non_action_target,
vision_platform\ads\pilot\action_classifier_v2\dataset\images\ads_action_v2_00356_not_close_asset_f0c3c71bf68afa86.png,not_close,reviewed,ads2/assets/review_crops/close_glyph_candidates/sample/candidate_crops,asset_f0c3c71bf68afa86,ads2\assets\review_crops,candidate_crop,non_action_target,,,,,file_9916845e0a1046d9,asset_f0c3c71bf68afa86,D:\Projects\adb_vl\ads2\assets\review_crops\close_glyph_candidates\sample\candidate_crops\001724_score_0.893_x82_y312_w49_h51_log__20260711_112228_39056_afk_20260711_111931_tiger_深淵_route_exit_fail_route_exit_after_task_success__000006_20260711_112245_after_tap_57_19.png.png,ads2\assets\review_crops\close_glyph_candidates\sample\candidate_crops\001724_score_0.893_x82_y312_w49_h51_log__20260711_112228_39056_afk_20260711_111931_tiger_深淵_route_exit_fail_route_exit_after_task_success__000006_20260711_112245_after_tap_57_19.png.png,ads,crop,candidate_crop,raw,non_action_target,
vision_platform\ads\pilot\action_classifier_v2\dataset\images\ads_action_v2_00357_not_close_asset_97f7ac9b84fda7e9.png,not_close,reviewed,ads2/assets/review_crops/close_glyph_candidates/sample/candidate_crops,asset_97f7ac9b84fda7e9,ads2\assets\review_crops,candidate_crop,non_action_target,,,,,file_73468aeb13d8d952,asset_97f7ac9b84fda7e9,D:\Projects\adb_vl\ads2\assets\review_crops\close_glyph_candidates\sample\candidate_crops\001725_score_0.893_x160_y96_w47_h50_log__20260711_085505_41488_afk_20260711_085445_14_深淵_task__000028_20260711_085602_abyss_artifact_plan_already_2.png.png,ads2\assets\review_crops\close_glyph_candidates\sample\candidate_crops\001725_score_0.893_x160_y96_w47_h50_log__20260711_085505_41488_afk_20260711_085445_14_深淵_task__000028_20260711_085602_abyss_artifact_plan_already_2.png.png,ads,crop,candidate_crop,raw,non_action_target,
vision_platform\ads\pilot\action_classifier_v2\dataset\images\ads_action_v2_00358_not_close_asset_677508292f27ca92.png,not_close,reviewed,ads2/assets/review_crops/close_glyph_candidates/sample/candidate_crops,asset_677508292f27ca92,ads2\assets\review_crops,candidate_crop,non_action_target,,,,,file_c62e5eb2e5d31c5c,asset_677508292f27ca92,D:\Projects\adb_vl\ads2\assets\review_crops\close_glyph_candidates\sample\candidate_crops\001726_score_0.893_x613_y101_w39_h44_log__20260711_003939_31364_afk_20260711_002946_tiger_廣告探寶鏟_task__000030_20260711_004338_after_tap_67_40.png.png,ads2\assets\review_crops\close_glyph_candidates\sample\candidate_crops\001726_score_0.893_x613_y101_w39_h44_log__20260711_003939_31364_afk_20260711_002946_tiger_廣告探寶鏟_task__000030_20260711_004338_after_tap_67_40.png.png,ads,crop,candidate_crop,raw,non_action_target,
vision_platform\ads\pilot\action_classifier_v2\dataset\images\ads_action_v2_00359_not_close_asset_60581ef0b499dc42.png,not_close,reviewed,ads2/assets/review_crops/close_glyph_candidates/sample/candidate_crops,asset_60581ef0b499dc42,ads2\assets\review_crops,candidate_crop,non_action_target,,,,,file_71c94d372d39704b,asset_60581ef0b499dc42,D:\Projects\adb_vl\ads2\assets\review_crops\close_glyph_candidates\sample\candidate_crops\001727_score_0.893_x668_y24_w13_h14_log__20260711_010520_33712_afk_20260711_010506_em3_廣告探寶鏟_task__000025_20260711_010938_before_tap_67_40.png.png,ads2\assets\review_crops\close_glyph_candidates\sample\candidate_crops\001727_score_0.893_x668_y24_w13_h14_log__20260711_010520_33712_afk_20260711_010506_em3_廣告探寶鏟_task__000025_20260711_010938_before_tap_67_40.png.png,ads,crop,candidate_crop,raw,non_action_target,
vision_platform\ads\pilot\action_classifier_v2\dataset\images\ads_action_v2_00360_not_close_asset_c2c2b8a8150ac23a.png,not_close,reviewed,ads2/assets/review_crops/close_glyph_candidates/sample/candidate_crops,asset_c2c2b8a8150ac23a,ads2\assets\review_crops,candidate_crop,non_action_target,,,,,file_341d08c2c9407165,asset_c2c2b8a8150ac23a,D:\Projects\adb_vl\ads2\assets\review_crops\close_glyph_candidates\sample\candidate_crops\001728_score_0.893_x830_y498_w18_h17_log__20260711_003939_31364_afk_20260711_002946_tiger_廣告探寶鏟_task__000023_20260711_004302_before_tap_924_33.png.png,ads2\assets\review_crops\close_glyph_candidates\sample\candidate_crops\001728_score_0.893_x830_y498_w18_h17_log__20260711_003939_31364_afk_20260711_002946_tiger_廣告探寶鏟_task__000023_20260711_004302_before_tap_924_33.png.png,ads,crop,candidate_crop,raw,non_action_target,
vision_platform\ads\pilot\action_classifier_v2\dataset\images\ads_action_v2_00361_not_close_asset_769900ae4b66b82c.png,not_close,reviewed,ads2/assets/review_crops/close_glyph_candidates/sample/candidate_crops,asset_769900ae4b66b82c,ads2\assets\review_crops,candidate_crop,non_action_target,,,,,file_7478aa1f6ef4e44c,asset_769900ae4b66b82c,D:\Projects\adb_vl\ads2\assets\review_crops\close_glyph_candidates\sample\candidate_crops\001729_score_0.893_x830_y498_w18_h17_log__20260711_010520_33712_afk_20260711_010506_em3_廣告探寶鏟_task__000019_20260711_010902_before_tap_924_33.png.png,ads2\assets\review_crops\close_glyph_candidates\sample\candidate_crops\001729_score_0.893_x830_y498_w18_h17_log__20260711_010520_33712_afk_20260711_010506_em3_廣告探寶鏟_task__000019_20260711_010902_before_tap_924_33.png.png,ads,crop,candidate_crop,raw,non_action_target,
vision_platform\ads\pilot\action_classifier_v2\dataset\images\ads_action_v2_00362_not_close_asset_a4fe4da33abcc6f0.png,not_close,reviewed,ads2/assets/review_crops/close_glyph_candidates/sample/candidate_crops,asset_a4fe4da33abcc6f0,ads2\assets\review_crops,candidate_crop,non_action_target,,,,,file_9b600c15942db5a9,asset_a4fe4da33abcc6f0,D:\Projects\adb_vl\ads2\assets\review_crops\close_glyph_candidates\sample\candidate_crops\001734_score_0.892_x613_y101_w39_h44_log__20260711_011142_36488_afk_20260711_011124_em3_廣告時間沙漏_task__000018_20260711_011414_after_tap_67_40.png.png,ads2\assets\review_crops\close_glyph_candidates\sample\candidate_crops\001734_score_0.892_x613_y101_w39_h44_log__20260711_011142_36488_afk_20260711_011124_em3_廣告時間沙漏_task__000018_20260711_011414_after_tap_67_40.png.png,ads,crop,candidate_crop,raw,non_action_target,
vision_platform\ads\pilot\action_classifier_v2\dataset\images\ads_action_v2_00363_not_close_asset_ed91c87aa6becd5c.png,not_close,reviewed,ads2/assets/review_crops/close_glyph_candidates/sample/candidate_crops,asset_ed91c87aa6becd5c,ads2\assets\review_crops,candidate_crop,non_action_target,,,,,file_14428624ac174e3b,asset_ed91c87aa6becd5c,D:\Projects\adb_vl\ads2\assets\review_crops\close_glyph_candidates\sample\candidate_crops\001735_score_0.892_x318_y136_w38_h39_log__20260711_103235_63312_afk_20260711_103216_311_每日任務_task__000030_20260711_103336_before_tap_495_170.png.png,ads2\assets\review_crops\close_glyph_candidates\sample\candidate_crops\001735_score_0.892_x318_y136_w38_h39_log__20260711_103235_63312_afk_20260711_103216_311_每日任務_task__000030_20260711_103336_before_tap_495_170.png.png,ads,crop,candidate_crop,raw,non_action_target,
vision_platform\ads\pilot\action_classifier_v2\dataset\images\ads_action_v2_00364_not_close_asset_c9ae165139bb479e.png,not_close,reviewed,ads2/assets/review_crops/close_glyph_candidates/sample/candidate_crops,asset_c9ae165139bb479e,ads2\assets\review_crops,candidate_crop,non_action_target,,,,,file_b0b2d7b3c7b593d7,asset_c9ae165139bb479e,D:\Projects\adb_vl\ads2\assets\review_crops\close_glyph_candidates\sample\candidate_crops\001736_score_0.892_x432_y205_w17_h16_log__20260707_160103_33324__000813_20260709_070552_before_tap_80_500.png.png,ads2\assets\review_crops\close_glyph_candidates\sample\candidate_crops\001736_score_0.892_x432_y205_w17_h16_log__20260707_160103_33324__000813_20260709_070552_before_tap_80_500.png.png,ads,crop,candidate_crop,raw,non_action_target,
vision_platform\ads\pilot\action_classifier_v2\dataset\images\ads_action_v2_00365_not_close_asset_53adc9ef6608b607.png,not_close,reviewed,ads2/assets/review_crops/close_glyph_candidates/sample/candidate_crops,asset_53adc9ef6608b607,ads2\assets\review_crops,candidate_crop,non_action_target,,,,,file_b2179af605003670,asset_53adc9ef6608b607,D:\Projects\adb_vl\ads2\assets\review_crops\close_glyph_candidates\sample\candidate_crops\001737_score_0.892_x538_y126_w50_h51_log__20260711_085505_41488_afk_20260711_085445_14_深淵_task__000038_20260711_085623_before_tap_366_477.png.png,ads2\assets\review_crops\close_glyph_candidates\sample\candidate_crops\001737_score_0.892_x538_y126_w50_h51_log__20260711_085505_41488_afk_20260711_085445_14_深淵_task__000038_20260711_085623_before_tap_366_477.png.png,ads,crop,candidate_crop,raw,non_action_target,
vision_platform\ads\pilot\action_classifier_v2\dataset\images\ads_action_v2_00366_not_close_asset_a0b6b44b4abcdbf0.png,not_close,reviewed,ads2/assets/review_crops/close_glyph_candidates/sample/candidate_crops,asset_a0b6b44b4abcdbf0,ads2\assets\review_crops,candidate_crop,non_action_target,,,,,file_7027920e7532c049,asset_a0b6b44b4abcdbf0,D:\Projects\adb_vl\ads2\assets\review_crops\close_glyph_candidates\sample\candidate_crops\001811_score_0.892_x268_y107_w18_h18_log__20260711_085840_33128_afk_20260711_085840_14_看廣告_route_enter__000003_20260711_085846_before_tap_67_340.png.png,ads2\assets\review_crops\close_glyph_candidates\sample\candidate_crops\001811_score_0.892_x268_y107_w18_h18_log__20260711_085840_33128_afk_20260711_085840_14_看廣告_route_enter__000003_20260711_085846_before_tap_67_340.png.png,ads,crop,candidate_crop,raw,non_action_target,
vision_platform\ads\pilot\action_classifier_v2\dataset\images\ads_action_v2_00367_not_close_asset_9f19bccef72c2c6f.png,not_close,reviewed,ads2/assets/review_crops/close_glyph_candidates/sample/candidate_crops,asset_9f19bccef72c2c6f,ads2\assets\review_crops,candidate_crop,non_action_target,,,,,file_002081cfed8f988e,asset_9f19bccef72c2c6f,D:\Projects\adb_vl\ads2\assets\review_crops\close_glyph_candidates\sample\candidate_crops\001896_score_0.892_x538_y126_w50_h51_log__20260711_111953_39056_afk_20260711_111931_tiger_深淵_task__000054_20260711_112151_after_tap_590_398.png.png,ads2\assets\review_crops\close_glyph_candidates\sample\candidate_crops\001896_score_0.892_x538_y126_w50_h51_log__20260711_111953_39056_afk_20260711_111931_tiger_深淵_task__000054_20260711_112151_after_tap_590_398.png.png,ads,crop,candidate_crop,raw,non_action_target,
vision_platform\ads\pilot\action_classifier_v2\dataset\images\ads_action_v2_00368_not_close_asset_961c20766842fdbc.png,not_close,reviewed,ads2/assets/review_crops/close_glyph_candidates/sample/candidate_crops,asset_961c20766842fdbc,ads2\assets\review_crops,candidate_crop,non_action_target,,,,,file_53324e26e647bc21,asset_961c20766842fdbc,D:\Projects\adb_vl\ads2\assets\review_crops\close_glyph_candidates\sample\candidate_crops\001897_score_0.892_x459_y89_w21_h22_log__20260711_084004_22576_afk_20260711_083942_14_每日任務_task_fail_returncode_1__000011_20260711_084027_after_tap_331_69.png.png,ads2\assets\review_crops\close_glyph_candidates\sample\candidate_crops\001897_score_0.892_x459_y89_w21_h22_log__20260711_084004_22576_afk_20260711_083942_14_每日任務_task_fail_returncode_1__000011_20260711_084027_after_tap_331_69.png.png,ads,crop,candidate_crop,raw,non_action_target,
vision_platform\ads\pilot\action_classifier_v2\dataset\images\ads_action_v2_00369_not_close_asset_af4cf6ef1f7406d0.png,not_close,reviewed,ads2/assets/review_crops/close_glyph_candidates/sample/candidate_crops,asset_af4cf6ef1f7406d0,ads2\assets\review_crops,candidate_crop,non_action_target,,,,,file_c270f9937e3f3a39,asset_af4cf6ef1f7406d0,D:\Projects\adb_vl\ads2\assets\review_crops\close_glyph_candidates\sample\candidate_crops\001913_score_0.892_x615_y107_w33_h30_log__20260711_104140_63312_afk_20260711_103216_311_每日任務_route_exit__000001_20260711_104141_before_tap_544_493.png.png,ads2\assets\review_crops\close_glyph_candidates\sample\candidate_crops\001913_score_0.892_x615_y107_w33_h30_log__20260711_104140_63312_afk_20260711_103216_311_每日任務_route_exit__000001_20260711_104141_before_tap_544_493.png.png,ads,crop,candidate_crop,raw,non_action_target,
vision_platform\ads\pilot\action_classifier_v2\dataset\images\ads_action_v2_00370_not_close_asset_da19d6ed62ef439e.png,not_close,reviewed,ads2/assets/review_crops/close_glyph_candidates/sample/candidate_crops,asset_da19d6ed62ef439e,ads2\assets\review_crops,candidate_crop,non_action_target,,,,,file_b6584dd93a00c331,asset_da19d6ed62ef439e,D:\Projects\adb_vl\ads2\assets\review_crops\close_glyph_candidates\sample\candidate_crops\001914_score_0.892_x606_y222_w15_h15_log__20260711_085849_37020_afk_20260711_085840_14_看廣告_task__000025_20260711_090105_before_tap_757_364.png.png,ads2\assets\review_crops\close_glyph_candidates\sample\candidate_crops\001914_score_0.892_x606_y222_w15_h15_log__20260711_085849_37020_afk_20260711_085840_14_看廣告_task__000025_20260711_090105_before_tap_757_364.png.png,ads,crop,candidate_crop,raw,non_action_target,
vision_platform\ads\pilot\action_classifier_v2\dataset\images\ads_action_v2_00371_not_close_asset_6249381a8b9ada8d.png,not_close,reviewed,ads2/assets/review_crops/close_glyph_candidates/sample/candidate_crops,asset_6249381a8b9ada8d,ads2\assets\review_crops,candidate_crop,non_action_target,,,,,file_b036c7b50bf0f3a4,asset_6249381a8b9ada8d,D:\Projects\adb_vl\ads2\assets\review_crops\close_glyph_candidates\sample\candidate_crops\001944_score_0.892_x471_y244_w23_h20_log__20260711_082625_58008_afk_20260711_082311_tiger_廣告探寶鏟_route_exit__000004_20260711_082631_after_tap_35_19.png.png,ads2\assets\review_crops\close_glyph_candidates\sample\candidate_crops\001944_score_0.892_x471_y244_w23_h20_log__20260711_082625_58008_afk_20260711_082311_tiger_廣告探寶鏟_route_exit__000004_20260711_082631_after_tap_35_19.png.png,ads,crop,candidate_crop,raw,non_action_target,
vision_platform\ads\pilot\action_classifier_v2\dataset\images\ads_action_v2_00372_not_close_asset_33e7b6ea6c4c91ca.png,not_close,reviewed,ads2/assets/review_crops/close_glyph_candidates/sample/candidate_crops,asset_33e7b6ea6c4c91ca,ads2\assets\review_crops,candidate_crop,non_action_target,,,,,file_3ceba3bb3371d967,asset_33e7b6ea6c4c91ca,D:\Projects\adb_vl\ads2\assets\review_crops\close_glyph_candidates\sample\candidate_crops\001945_score_0.891_x467_y222_w14_h15_log__20260711_104622_54288_afk_20260711_104613_311_看廣告_task__000017_20260711_104918_before_tap_483_157.png.png,ads2\assets\review_crops\close_glyph_candidates\sample\candidate_crops\001945_score_0.891_x467_y222_w14_h15_log__20260711_104622_54288_afk_20260711_104613_311_看廣告_task__000017_20260711_104918_before_tap_483_157.png.png,ads,crop,candidate_crop,raw,non_action_target,
vision_platform\ads\pilot\action_classifier_v2\dataset\images\ads_action_v2_00373_not_close_asset_4806c9f474ab30d5.png,not_close,reviewed,ads2/assets/review_crops/close_glyph_candidates/sample/candidate_crops,asset_4806c9f474ab30d5,ads2\assets\review_crops,candidate_crop,non_action_target,,,,,file_046ec7b881203220,asset_4806c9f474ab30d5,D:\Projects\adb_vl\ads2\assets\review_crops\close_glyph_candidates\sample\candidate_crops\001946_score_0.891_x432_y206_w17_h15_log__20260707_160103_33324__000987_20260709_150623_before_tap_80_500.png.png,ads2\assets\review_crops\close_glyph_candidates\sample\candidate_crops\001946_score_0.891_x432_y206_w17_h15_log__20260707_160103_33324__000987_20260709_150623_before_tap_80_500.png.png,ads,crop,candidate_crop,raw,non_action_target,
vision_platform\ads\pilot\action_classifier_v2\dataset\images\ads_action_v2_00374_not_close_asset_6f4b0c9027e8882f.png,not_close,reviewed,ads2/assets/review_crops/close_glyph_candidates/sample/candidate_crops,asset_6f4b0c9027e8882f,ads2\assets\review_crops,candidate_crop,non_action_target,,,,,file_dac5ded68a47b75c,asset_6f4b0c9027e8882f,D:\Projects\adb_vl\ads2\assets\review_crops\close_glyph_candidates\sample\candidate_crops\001947_score_0.891_x317_y106_w16_h15_log__20260711_093513_29888_kingdom_vault__000047_20260711_093730_before_swipe_86_430_86_130_420.png.png,ads2\assets\review_crops\close_glyph_candidates\sample\candidate_crops\001947_score_0.891_x317_y106_w16_h15_log__20260711_093513_29888_kingdom_vault__000047_20260711_093730_before_swipe_86_430_86_130_420.png.png,ads,crop,candidate_crop,raw,non_action_target,
vision_platform\ads\pilot\action_classifier_v2\dataset\images\ads_action_v2_00375_not_close_asset_86bf110180ee25d5.png,not_close,reviewed,ads2/assets/review_crops/close_glyph_candidates/sample/candidate_crops,asset_86bf110180ee25d5,ads2\assets\review_crops,candidate_crop,non_action_target,,,,,file_88a0c55504efaf0d,asset_86bf110180ee25d5,D:\Projects\adb_vl\ads2\assets\review_crops\close_glyph_candidates\sample\candidate_crops\001983_score_0.890_x817_y323_w20_h22_log__20260711_110821_25824_afk_20260711_110759_tiger_每日任務_task__000320_20260711_111823_before_tap_478_150.png.png,ads2\assets\review_crops\close_glyph_candidates\sample\candidate_crops\001983_score_0.890_x817_y323_w20_h22_log__20260711_110821_25824_afk_20260711_110759_tiger_每日任務_task__000320_20260711_111823_before_tap_478_150.png.png,ads,crop,candidate_crop,raw,non_action_target,
vision_platform\ads\pilot\action_classifier_v2\dataset\images\ads_action_v2_00376_not_close_asset_80919aec856e9024.png,not_close,reviewed,ads2/assets/review_crops/close_glyph_candidates/sample/candidate_crops,asset_80919aec856e9024,ads2\assets\review_crops,candidate_crop,non_action_target,,,,,file_6f2d8f8b5c5e084f,asset_80919aec856e9024,D:\Projects\adb_vl\ads2\assets\review_crops\close_glyph_candidates\sample\candidate_crops\001984_score_0.890_x318_y136_w35_h37_log__20260711_084004_22576_afk_20260711_083942_14_每日任務_task_fail_returncode_1__000034_20260711_084117_before_tap_495_170.png.png,ads2\assets\review_crops\close_glyph_candidates\sample\candidate_crops\001984_score_0.890_x318_y136_w35_h37_log__20260711_084004_22576_afk_20260711_083942_14_每日任務_task_fail_returncode_1__000034_20260711_084117_before_tap_495_170.png.png,ads,crop,candidate_crop,raw,non_action_target,
vision_platform\ads\pilot\action_classifier_v2\dataset\images\ads_action_v2_00377_not_close_asset_c9e4a9515d8b5775.png,not_close,reviewed,ads2/assets/review_crops/close_glyph_candidates/sample/candidate_crops,asset_c9e4a9515d8b5775,ads2\assets\review_crops,candidate_crop,non_action_target,,,,,file_14edbc11292dcad6,asset_c9e4a9515d8b5775,D:\Projects\adb_vl\ads2\assets\review_crops\close_glyph_candidates\sample\candidate_crops\001985_score_0.890_x772_y133_w27_h27_log__20260711_011142_36488_afk_20260711_011124_em3_廣告時間沙漏_task__000011_20260711_011337_before_tap_925_35.png.png,ads2\assets\review_crops\close_glyph_candidates\sample\candidate_crops\001985_score_0.890_x772_y133_w27_h27_log__20260711_011142_36488_afk_20260711_011124_em3_廣告時間沙漏_task__000011_20260711_011337_before_tap_925_35.png.png,ads,crop,candidate_crop,raw,non_action_target,
vision_platform\ads\pilot\action_classifier_v2\dataset\images\ads_action_v2_00378_not_close_asset_d15740a487b16ec6.png,not_close,reviewed,ads2/assets/review_crops/close_glyph_candidates/sample/candidate_crops,asset_d15740a487b16ec6,ads2\assets\review_crops,candidate_crop,non_action_target,,,,,file_8780c667cdfd33e5,asset_d15740a487b16ec6,D:\Projects\adb_vl\ads2\assets\review_crops\close_glyph_candidates\sample\candidate_crops\001986_score_0.890_x45_y219_w17_h17_log__20260711_100541_44936_afk_20260711_100305_em3_王國金庫_task_fail_returncode_1__000004_20260711_100548_after_swipe_86_130_86_430_420.png.png,ads2\assets\review_crops\close_glyph_candidates\sample\candidate_crops\001986_score_0.890_x45_y219_w17_h17_log__20260711_100541_44936_afk_20260711_100305_em3_王國金庫_task_fail_returncode_1__000004_20260711_100548_after_swipe_86_130_86_430_420.png.png,ads,crop,candidate_crop,raw,non_action_target,
vision_platform\ads\pilot\action_classifier_v2\dataset\images\ads_action_v2_00379_not_close_asset_b3d2dc810356b37f.png,not_close,reviewed,ads2/assets/review_crops/close_glyph_candidates/sample/candidate_crops,asset_b3d2dc810356b37f,ads2\assets\review_crops,candidate_crop,non_action_target,,,,,file_ecb8dc31e6553b74,asset_b3d2dc810356b37f,D:\Projects\adb_vl\ads2\assets\review_crops\close_glyph_candidates\sample\candidate_crops\001987_score_0.890_x45_y192_w17_h17_log__20260711_100901_69040_afk_20260711_100305_em3_王國金庫_task_fail_returncode_1__000001_20260711_100903_before_swipe_86_430_86_130_420.png.png,ads2\assets\review_crops\close_glyph_candidates\sample\candidate_crops\001987_score_0.890_x45_y192_w17_h17_log__20260711_100901_69040_afk_20260711_100305_em3_王國金庫_task_fail_returncode_1__000001_20260711_100903_before_swipe_86_430_86_130_420.png.png,ads,crop,candidate_crop,raw,non_action_target,
vision_platform\ads\pilot\action_classifier_v2\dataset\images\ads_action_v2_00380_not_close_asset_56d5e534db9e3019.png,not_close,reviewed,ads2/assets/review_crops/close_glyph_candidates/sample/candidate_crops,asset_56d5e534db9e3019,ads2\assets\review_crops,candidate_crop,non_action_target,,,,,file_4e84aba7a7deefc6,asset_56d5e534db9e3019,D:\Projects\adb_vl\ads2\assets\review_crops\close_glyph_candidates\sample\candidate_crops\001988_score_0.890_x45_y120_w17_h17_log__20260711_100541_44936_afk_20260711_100305_em3_王國金庫_task_fail_returncode_1__000002_20260711_100544_after_swipe_86_430_86_130_420.png.png,ads2\assets\review_crops\close_glyph_candidates\sample\candidate_crops\001988_score_0.890_x45_y120_w17_h17_log__20260711_100541_44936_afk_20260711_100305_em3_王國金庫_task_fail_returncode_1__000002_20260711_100544_after_swipe_86_430_86_130_420.png.png,ads,crop,candidate_crop,raw,non_action_target,
vision_platform\ads\pilot\action_classifier_v2\dataset\images\ads_action_v2_00381_not_close_asset_853e9dd9f93de3b9.png,not_close,reviewed,ads2/assets/review_crops/close_glyph_candidates/sample/candidate_crops,asset_853e9dd9f93de3b9,ads2\assets\review_crops,candidate_crop,non_action_target,,,,,file_ae85973e3b269335,asset_853e9dd9f93de3b9,D:\Projects\adb_vl\ads2\assets\review_crops\close_glyph_candidates\sample\candidate_crops\001989_score_0.890_x45_y120_w17_h17_log__20260711_154545_35900_kingdom_vault__000002_20260711_154549_after_swipe_86_430_86_130_420.png.png,ads2\assets\review_crops\close_glyph_candidates\sample\candidate_crops\001989_score_0.890_x45_y120_w17_h17_log__20260711_154545_35900_kingdom_vault__000002_20260711_154549_after_swipe_86_430_86_130_420.png.png,ads,crop,candidate_crop,raw,non_action_target,
vision_platform\ads\pilot\action_classifier_v2\dataset\images\ads_action_v2_00382_not_close_asset_84759960ef7863b0.png,not_close,reviewed,ads2/assets/review_crops/close_glyph_candidates/sample/candidate_crops,asset_84759960ef7863b0,ads2\assets\review_crops,candidate_crop,non_action_target,,,,,file_b52aefb478efd3dc,asset_84759960ef7863b0,D:\Projects\adb_vl\ads2\assets\review_crops\close_glyph_candidates\sample\candidate_crops\001990_score_0.890_x742_y309_w38_h38_log__20260711_111953_39056_afk_20260711_111931_tiger_深淵_task__000055_20260711_112202_before_tap_368_478.png.png,ads2\assets\review_crops\close_glyph_candidates\sample\candidate_crops\001990_score_0.890_x742_y309_w38_h38_log__20260711_111953_39056_afk_20260711_111931_tiger_深淵_task__000055_20260711_112202_before_tap_368_478.png.png,ads,crop,candidate_crop,raw,non_action_target,
vision_platform\ads\pilot\action_classifier_v2\dataset\images\ads_action_v2_00383_not_close_asset_dde8eca02b473e2c.png,not_close,reviewed,ads2/assets/review_crops/close_glyph_candidates/sample/candidate_crops,asset_dde8eca02b473e2c,ads2\assets\review_crops,candidate_crop,non_action_target,,,,,file_aa6a168cb8444896,asset_dde8eca02b473e2c,D:\Projects\adb_vl\ads2\assets\review_crops\close_glyph_candidates\sample\candidate_crops\001991_score_0.890_x118_y312_w16_h17_log__20260711_100310_38732_afk_20260711_100305_em3_王國金庫_task_fail_returncode_1__000002_20260711_100313_after_tap_80_140.png.png,ads2\assets\review_crops\close_glyph_candidates\sample\candidate_crops\001991_score_0.890_x118_y312_w16_h17_log__20260711_100310_38732_afk_20260711_100305_em3_王國金庫_task_fail_returncode_1__000002_20260711_100313_after_tap_80_140.png.png,ads,crop,candidate_crop,raw,non_action_target,
vision_platform\ads\pilot\action_classifier_v2\dataset\images\ads_action_v2_00384_not_close_asset_99981f36c1293ec4.png,not_close,reviewed,ads2/assets/review_crops/close_glyph_candidates/sample/candidate_crops,asset_99981f36c1293ec4,ads2\assets\review_crops,candidate_crop,non_action_target,,,,,file_0830545d005715c4,asset_99981f36c1293ec4,D:\Projects\adb_vl\ads2\assets\review_crops\close_glyph_candidates\sample\candidate_crops\001992_score_0.890_x432_y206_w17_h15_log__20260707_160103_33324__000860_20260709_070811_before_tap_80_500.png.png,ads2\assets\review_crops\close_glyph_candidates\sample\candidate_crops\001992_score_0.890_x432_y206_w17_h15_log__20260707_160103_33324__000860_20260709_070811_before_tap_80_500.png.png,ads,crop,candidate_crop,raw,non_action_target,
vision_platform\ads\pilot\action_classifier_v2\dataset\images\ads_action_v2_00385_not_close_asset_783dd3ed0fff67f4.png,not_close,reviewed,ads2/assets/review_crops/close_glyph_candidates/sample/candidate_crops,asset_783dd3ed0fff67f4,ads2\assets\review_crops,candidate_crop,non_action_target,,,,,file_1408f7aeb17cb1f8,asset_783dd3ed0fff67f4,D:\Projects\adb_vl\ads2\assets\review_crops\close_glyph_candidates\sample\candidate_crops\001993_score_0.890_x82_y312_w49_h52_log__20260711_095223_69352_afk_20260711_095203_em3_深淵_task__000025_20260711_095310_after_tap_809_65.png.png,ads2\assets\review_crops\close_glyph_candidates\sample\candidate_crops\001993_score_0.890_x82_y312_w49_h52_log__20260711_095223_69352_afk_20260711_095203_em3_深淵_task__000025_20260711_095310_after_tap_809_65.png.png,ads,crop,candidate_crop,raw,non_action_target,
vision_platform\ads\pilot\action_classifier_v2\dataset\images\ads_action_v2_00386_not_close_asset_f09c242e163645d0.png,not_close,reviewed,ads2/assets/review_crops/close_glyph_candidates/sample/candidate_crops,asset_f09c242e163645d0,ads2\assets\review_crops,candidate_crop,non_action_target,,,,,file_a40a6f67c9ac6442,asset_f09c242e163645d0,D:\Projects\adb_vl\ads2\assets\review_crops\close_glyph_candidates\sample\candidate_crops\001994_score_0.890_x118_y240_w16_h17_log__20260711_100541_44936_afk_20260711_100305_em3_王國金庫_task_fail_returncode_1__000002_20260711_100544_after_swipe_86_430_86_130_420.png.png,ads2\assets\review_crops\close_glyph_candidates\sample\candidate_crops\001994_score_0.890_x118_y240_w16_h17_log__20260711_100541_44936_afk_20260711_100305_em3_王國金庫_task_fail_returncode_1__000002_20260711_100544_after_swipe_86_430_86_130_420.png.png,ads,crop,candidate_crop,raw,non_action_target,
vision_platform\ads\pilot\action_classifier_v2\dataset\images\ads_action_v2_00387_not_close_asset_35a6db99f0c2ce87.png,not_close,reviewed,ads2/assets/review_crops/close_glyph_candidates/sample/candidate_crops,asset_35a6db99f0c2ce87,ads2\assets\review_crops,candidate_crop,non_action_target,,,,,file_033eb47312f6a292,asset_35a6db99f0c2ce87,D:\Projects\adb_vl\ads2\assets\review_crops\close_glyph_candidates\sample\candidate_crops\001995_score_0.890_x118_y240_w16_h17_log__20260711_105219_54776_afk_20260711_105214_311_王國金庫_task__000024_20260711_105300_after_swipe_86_430_86_130_420.png.png,ads2\assets\review_crops\close_glyph_candidates\sample\candidate_crops\001995_score_0.890_x118_y240_w16_h17_log__20260711_105219_54776_afk_20260711_105214_311_王國金庫_task__000024_20260711_105300_after_swipe_86_430_86_130_420.png.png,ads,crop,candidate_crop,raw,non_action_target,
vision_platform\ads\pilot\action_classifier_v2\dataset\images\ads_action_v2_00388_not_close_asset_8f2ea9d4d4e66566.png,not_close,reviewed,ads2/assets/review_crops/close_glyph_candidates/sample/candidate_crops,asset_8f2ea9d4d4e66566,ads2\assets\review_crops,candidate_crop,non_action_target,,,,,file_4764133806be2484,asset_8f2ea9d4d4e66566,D:\Projects\adb_vl\ads2\assets\review_crops\close_glyph_candidates\sample\candidate_crops\001997_score_0.890_x620_y0_w52_h47_log__20260711_004952_52032_afk_20260711_004419_tiger_廣告時間沙漏_route_exit__000006_20260711_005004_after_tap_53_22.png.png,ads2\assets\review_crops\close_glyph_candidates\sample\candidate_crops\001997_score_0.890_x620_y0_w52_h47_log__20260711_004952_52032_afk_20260711_004419_tiger_廣告時間沙漏_route_exit__000006_20260711_005004_after_tap_53_22.png.png,ads,crop,candidate_crop,raw,non_action_target,
vision_platform\ads\pilot\action_classifier_v2\dataset\images\ads_action_v2_00389_not_close_asset_4df2d1851196d311.png,not_close,reviewed,ads2/assets/review_crops/close_glyph_candidates/sample/candidate_crops,asset_4df2d1851196d311,ads2\assets\review_crops,candidate_crop,non_action_target,,,,,file_aecaf9cfb9f59b78,asset_4df2d1851196d311,D:\Projects\adb_vl\ads2\assets\review_crops\close_glyph_candidates\sample\candidate_crops\001998_score_0.889_x432_y206_w17_h15_log__20260707_160103_33324__000917_20260709_150135_before_tap_80_500.png.png,ads2\assets\review_crops\close_glyph_candidates\sample\candidate_crops\001998_score_0.889_x432_y206_w17_h15_log__20260707_160103_33324__000917_20260709_150135_before_tap_80_500.png.png,ads,crop,candidate_crop,raw,non_action_target,
vision_platform\ads\pilot\action_classifier_v2\dataset\images\ads_action_v2_00390_not_close_asset_b2c2279a78b7a46c.png,not_close,reviewed,ads2/assets/review_crops/close_glyph_candidates/sample/candidate_crops,asset_b2c2279a78b7a46c,ads2\assets\review_crops,candidate_crop,non_action_target,,,,,file_0e52ccec636691c6,asset_b2c2279a78b7a46c,D:\Projects\adb_vl\ads2\assets\review_crops\close_glyph_candidates\sample\candidate_crops\001999_score_0.889_x432_y206_w17_h15_log__20260707_160103_33324__000948_20260709_150412_before_tap_80_500.png.png,ads2\assets\review_crops\close_glyph_candidates\sample\candidate_crops\001999_score_0.889_x432_y206_w17_h15_log__20260707_160103_33324__000948_20260709_150412_before_tap_80_500.png.png,ads,crop,candidate_crop,raw,non_action_target,
vision_platform\ads\pilot\action_classifier_v2\dataset\images\ads_action_v2_00391_not_close_asset_732f825176ff671f.png,not_close,reviewed,ads2/assets/review_crops/close_glyph_candidates/sample/candidate_crops,asset_732f825176ff671f,ads2\assets\review_crops,candidate_crop,non_action_target,,,,,file_2a931257974c4fc9,asset_732f825176ff671f,D:\Projects\adb_vl\ads2\assets\review_crops\close_glyph_candidates\sample\candidate_crops\002000_score_0.889_x432_y205_w17_h16_log__20260707_160103_33324__000747_20260709_070101_before_tap_80_500.png.png,ads2\assets\review_crops\close_glyph_candidates\sample\candidate_crops\002000_score_0.889_x432_y205_w17_h16_log__20260707_160103_33324__000747_20260709_070101_before_tap_80_500.png.png,ads,crop,candidate_crop,raw,non_action_target,
vision_platform\ads\pilot\action_classifier_v2\dataset\images\ads_action_v2_00392_not_close_asset_ecf375888dbdbd95.png,not_close,reviewed,ads2/assets/review_crops/close_glyph_candidates/sample/candidate_crops,asset_ecf375888dbdbd95,ads2\assets\review_crops,candidate_crop,non_action_target,,,,,file_967639eca8ff2c0e,asset_ecf375888dbdbd95,D:\Projects\adb_vl\ads2\assets\review_crops\close_glyph_candidates\sample\candidate_crops\002001_score_0.888_x82_y312_w49_h51_log__20260711_112228_39056_afk_20260711_111931_tiger_深淵_route_exit_fail_route_exit_after_task_success__000014_20260711_112311_after_tap_57_19.png.png,ads2\assets\review_crops\close_glyph_candidates\sample\candidate_crops\002001_score_0.888_x82_y312_w49_h51_log__20260711_112228_39056_afk_20260711_111931_tiger_深淵_route_exit_fail_route_exit_after_task_success__000014_20260711_112311_after_tap_57_19.png.png,ads,crop,candidate_crop,raw,non_action_target,
vision_platform\ads\pilot\action_classifier_v2\dataset\images\ads_action_v2_00393_not_close_asset_f42ca8f2d95897af.png,not_close,reviewed,ads2/assets/review_crops/close_glyph_candidates/sample/candidate_crops,asset_f42ca8f2d95897af,ads2\assets\review_crops,candidate_crop,non_action_target,,,,,file_6b5ebfd7af65ac9c,asset_f42ca8f2d95897af,D:\Projects\adb_vl\ads2\assets\review_crops\close_glyph_candidates\sample\candidate_crops\002022_score_0.888_x268_y107_w18_h18_log__20260711_112339_34208_afk_20260711_112330_tiger_看廣告_task__000035_20260711_112656_before_tap_483_157.png.png,ads2\assets\review_crops\close_glyph_candidates\sample\candidate_crops\002022_score_0.888_x268_y107_w18_h18_log__20260711_112339_34208_afk_20260711_112330_tiger_看廣告_task__000035_20260711_112656_before_tap_483_157.png.png,ads,crop,candidate_crop,raw,non_action_target,
vision_platform\ads\pilot\action_classifier_v2\dataset\images\ads_action_v2_00394_not_close_asset_394b7c624bc6107b.png,not_close,reviewed,ads2/assets/review_crops/close_glyph_candidates/sample/candidate_crops,asset_394b7c624bc6107b,ads2\assets\review_crops,candidate_crop,non_action_target,,,,,file_dbc0348fe9fb690e,asset_394b7c624bc6107b,D:\Projects\adb_vl\ads2\assets\review_crops\close_glyph_candidates\sample\candidate_crops\002023_score_0.888_x73_y218_w22_h21_log__20260711_095223_69352_afk_20260711_095203_em3_深淵_task__000028_20260711_095321_abyss_artifact_plan_already_2.png.png,ads2\assets\review_crops\close_glyph_candidates\sample\candidate_crops\002023_score_0.888_x73_y218_w22_h21_log__20260711_095223_69352_afk_20260711_095203_em3_深淵_task__000028_20260711_095321_abyss_artifact_plan_already_2.png.png,ads,crop,candidate_crop,raw,non_action_target,
vision_platform\ads\pilot\action_classifier_v2\dataset\images\ads_action_v2_00395_not_close_asset_9114605890d5734f.png,not_close,reviewed,ads2/assets/review_crops/close_glyph_candidates/sample/candidate_crops,asset_9114605890d5734f,ads2\assets\review_crops,candidate_crop,non_action_target,,,,,file_902625b6931e538e,asset_9114605890d5734f,D:\Projects\adb_vl\ads2\assets\review_crops\close_glyph_candidates\sample\candidate_crops\002024_score_0.888_x429_y83_w47_h46_log__20260711_011713_22300_afk_20260711_011713_311_廣告探寶鏟_route_enter__000001_20260711_011714_before_tap_109_194.png.png,ads2\assets\review_crops\close_glyph_candidates\sample\candidate_crops\002024_score_0.888_x429_y83_w47_h46_log__20260711_011713_22300_afk_20260711_011713_311_廣告探寶鏟_route_enter__000001_20260711_011714_before_tap_109_194.png.png,ads,crop,candidate_crop,raw,non_action_target,
vision_platform\ads\pilot\action_classifier_v2\dataset\images\ads_action_v2_00396_not_close_asset_f4aa7614a75a065f.png,not_close,reviewed,ads2/assets/review_crops/close_glyph_candidates/sample/candidate_crops,asset_f4aa7614a75a065f,ads2\assets\review_crops,candidate_crop,non_action_target,,,,,file_fe6375504204c2e4,asset_f4aa7614a75a065f,D:\Projects\adb_vl\ads2\assets\review_crops\close_glyph_candidates\sample\candidate_crops\002025_score_0.888_x432_y206_w17_h15_log__20260707_160103_33324__000680_20260708_230723_before_tap_80_500.png.png,ads2\assets\review_crops\close_glyph_candidates\sample\candidate_crops\002025_score_0.888_x432_y206_w17_h15_log__20260707_160103_33324__000680_20260708_230723_before_tap_80_500.png.png,ads,crop,candidate_crop,raw,non_action_target,
vision_platform\ads\pilot\action_classifier_v2\dataset\images\ads_action_v2_00397_not_close_asset_9e5678d3de44482f.png,not_close,reviewed,ads2/assets/review_crops/close_glyph_candidates/sample/candidate_crops,asset_9e5678d3de44482f,ads2\assets\review_crops,candidate_crop,non_action_target,,,,,file_808b28ef92365225,asset_9e5678d3de44482f,D:\Projects\adb_vl\ads2\assets\review_crops\close_glyph_candidates\sample\candidate_crops\002026_score_0.888_x549_y486_w16_h17_log__20260711_084004_22576_afk_20260711_083942_14_每日任務_task_fail_returncode_1__000023_20260711_084049_after_tap_25_20.png.png,ads2\assets\review_crops\close_glyph_candidates\sample\candidate_crops\002026_score_0.888_x549_y486_w16_h17_log__20260711_084004_22576_afk_20260711_083942_14_每日任務_task_fail_returncode_1__000023_20260711_084049_after_tap_25_20.png.png,ads,crop,candidate_crop,raw,non_action_target,
vision_platform\ads\pilot\action_classifier_v2\dataset\images\ads_action_v2_00398_not_close_asset_424d4e4e80cabdd9.png,not_close,reviewed,ads2/assets/review_crops/close_glyph_candidates/sample/candidate_crops,asset_424d4e4e80cabdd9,ads2\assets\review_crops,candidate_crop,non_action_target,,,,,file_63e0e324a9e7a3af,asset_424d4e4e80cabdd9,D:\Projects\adb_vl\ads2\assets\review_crops\close_glyph_candidates\sample\candidate_crops\002027_score_0.888_x549_y486_w16_h17_log__20260711_084004_22576_afk_20260711_083942_14_每日任務_task_fail_returncode_1__000024_20260711_084053_before_swipe_360_430_360_230_700.png.png,ads2\assets\review_crops\close_glyph_candidates\sample\candidate_crops\002027_score_0.888_x549_y486_w16_h17_log__20260711_084004_22576_afk_20260711_083942_14_每日任務_task_fail_returncode_1__000024_20260711_084053_before_swipe_360_430_360_230_700.png.png,ads,crop,candidate_crop,raw,non_action_target,
vision_platform\ads\pilot\action_classifier_v2\dataset\images\ads_action_v2_00399_not_close_asset_87c0b9d00c325ec1.png,not_close,reviewed,ads2/assets/review_crops/close_glyph_candidates/sample/candidate_crops,asset_87c0b9d00c325ec1,ads2\assets\review_crops,candidate_crop,non_action_target,,,,,file_0e95748b4b14e183,asset_87c0b9d00c325ec1,D:\Projects\adb_vl\ads2\assets\review_crops\close_glyph_candidates\sample\candidate_crops\002028_score_0.888_x549_y486_w16_h17_log__20260711_084004_22576_afk_20260711_083942_14_每日任務_task_fail_returncode_1__000040_20260711_084131_before_tap_575_419.png.png,ads2\assets\review_crops\close_glyph_candidates\sample\candidate_crops\002028_score_0.888_x549_y486_w16_h17_log__20260711_084004_22576_afk_20260711_083942_14_每日任務_task_fail_returncode_1__000040_20260711_084131_before_tap_575_419.png.png,ads,crop,candidate_crop,raw,non_action_target,
vision_platform\ads\pilot\action_classifier_v2\dataset\images\ads_action_v2_00400_not_close_asset_4b13bba290a85eab.png,not_close,reviewed,ads2/assets/review_crops/close_glyph_candidates/sample/candidate_crops,asset_4b13bba290a85eab,ads2\assets\review_crops,candidate_crop,non_action_target,,,,,file_f26e09ffcecfac5e,asset_4b13bba290a85eab,D:\Projects\adb_vl\ads2\assets\review_crops\close_glyph_candidates\sample\candidate_crops\002081_score_0.888_x503_y478_w19_h21_log__20260711_003939_31364_afk_20260711_002946_tiger_廣告探寶鏟_task__000016_20260711_004128_after_tap_67_40.png.png,ads2\assets\review_crops\close_glyph_candidates\sample\candidate_crops\002081_score_0.888_x503_y478_w19_h21_log__20260711_003939_31364_afk_20260711_002946_tiger_廣告探寶鏟_task__000016_20260711_004128_after_tap_67_40.png.png,ads,crop,candidate_crop,raw,non_action_target,
vision_platform\ads\pilot\action_classifier_v2\dataset\images\ads_action_v2_00401_not_close_asset_c92c57313866e757.png,not_close,reviewed,ads2/assets/review_crops/close_glyph_candidates/sample/candidate_crops,asset_c92c57313866e757,ads2\assets\review_crops,candidate_crop,non_action_target,,,,,file_0cf9d32bc9bade11,asset_c92c57313866e757,D:\Projects\adb_vl\ads2\assets\review_crops\close_glyph_candidates\sample\candidate_crops\002082_score_0.888_x482_y145_w28_h28_log__20260707_160103_33324__000559_20260708_230005_before_tap_80_500.png.png,ads2\assets\review_crops\close_glyph_candidates\sample\candidate_crops\002082_score_0.888_x482_y145_w28_h28_log__20260707_160103_33324__000559_20260708_230005_before_tap_80_500.png.png,ads,crop,candidate_crop,raw,non_action_target,
vision_platform\ads\pilot\action_classifier_v2\dataset\images\ads_action_v2_00402_not_close_asset_2b8e3c3760633a89.png,not_close,reviewed,ads2/assets/review_crops/close_glyph_candidates/sample/candidate_crops,asset_2b8e3c3760633a89,ads2\assets\review_crops,candidate_crop,non_action_target,,,,,file_29049404b9f879e1,asset_2b8e3c3760633a89,D:\Projects\adb_vl\ads2\assets\review_crops\close_glyph_candidates\sample\candidate_crops\002238_score_0.888_x25_y192_w24_h24_log__20260711_083159_41740_afk_20260711_083021_14_廣告探寶鏟_route_enter__000008_20260711_083217_after_tap_916_352.png.png,ads2\assets\review_crops\close_glyph_candidates\sample\candidate_crops\002238_score_0.888_x25_y192_w24_h24_log__20260711_083159_41740_afk_20260711_083021_14_廣告探寶鏟_route_enter__000008_20260711_083217_after_tap_916_352.png.png,ads,crop,candidate_crop,raw,non_action_target,
vision_platform\ads\pilot\action_classifier_v2\dataset\images\ads_action_v2_00403_not_close_asset_354ac35fb539e988.png,not_close,reviewed,ads2/assets/review_crops/close_glyph_candidates/sample/candidate_crops,asset_354ac35fb539e988,ads2\assets\review_crops,candidate_crop,non_action_target,,,,,file_630e5f1064f9deec,asset_354ac35fb539e988,D:\Projects\adb_vl\ads2\assets\review_crops\close_glyph_candidates\sample\candidate_crops\002239_score_0.888_x118_y246_w16_h17_log__20260711_093513_29888_kingdom_vault__000018_20260711_093637_after_tap_80_134.png.png,ads2\assets\review_crops\close_glyph_candidates\sample\candidate_crops\002239_score_0.888_x118_y246_w16_h17_log__20260711_093513_29888_kingdom_vault__000018_20260711_093637_after_tap_80_134.png.png,ads,crop,candidate_crop,raw,non_action_target,
vision_platform\ads\pilot\action_classifier_v2\dataset\images\ads_action_v2_00404_not_close_asset_a9844f4b2a827a21.png,not_close,reviewed,ads2/assets/review_crops/close_glyph_candidates/sample/candidate_crops,asset_a9844f4b2a827a21,ads2\assets\review_crops,candidate_crop,non_action_target,,,,,file_4ac7ed819a814acb,asset_a9844f4b2a827a21,D:\Projects\adb_vl\ads2\assets\review_crops\close_glyph_candidates\sample\candidate_crops\002242_score_0.887_x482_y145_w28_h28_log__20260707_160103_33324__001237_20260710_070219_before_tap_80_500.png.png,ads2\assets\review_crops\close_glyph_candidates\sample\candidate_crops\002242_score_0.887_x482_y145_w28_h28_log__20260707_160103_33324__001237_20260710_070219_before_tap_80_500.png.png,ads,crop,candidate_crop,raw,non_action_target,
vision_platform\ads\pilot\action_classifier_v2\dataset\images\ads_action_v2_00405_not_close_asset_24ab4b16dea41a95.png,not_close,reviewed,ads2/assets/review_crops/close_glyph_candidates/sample/candidate_crops,asset_24ab4b16dea41a95,ads2\assets\review_crops,candidate_crop,non_action_target,,,,,file_28727852af405685,asset_24ab4b16dea41a95,D:\Projects\adb_vl\ads2\assets\review_crops\close_glyph_candidates\sample\candidate_crops\002243_score_0.887_x82_y186_w16_h17_log__20260711_093513_29888_kingdom_vault__000018_20260711_093637_after_tap_80_134.png.png,ads2\assets\review_crops\close_glyph_candidates\sample\candidate_crops\002243_score_0.887_x82_y186_w16_h17_log__20260711_093513_29888_kingdom_vault__000018_20260711_093637_after_tap_80_134.png.png,ads,crop,candidate_crop,raw,non_action_target,
vision_platform\ads\pilot\action_classifier_v2\dataset\images\ads_action_v2_00406_not_close_asset_ab8fc03876fbdd82.png,not_close,reviewed,ads2/assets/review_crops/close_glyph_candidates/sample/candidate_crops,asset_ab8fc03876fbdd82,ads2\assets\review_crops,candidate_crop,non_action_target,,,,,file_4f80a45e7838bcc1,asset_ab8fc03876fbdd82,D:\Projects\adb_vl\ads2\assets\review_crops\close_glyph_candidates\sample\candidate_crops\002246_score_0.887_x770_y183_w39_h35_log__20260711_084539_10484_afk_20260711_083942_14_每日任務_route_enter__000006_20260711_084549_after_tap_495_170.png.png,ads2\assets\review_crops\close_glyph_candidates\sample\candidate_crops\002246_score_0.887_x770_y183_w39_h35_log__20260711_084539_10484_afk_20260711_083942_14_每日任務_route_enter__000006_20260711_084549_after_tap_495_170.png.png,ads,crop,candidate_crop,raw,non_action_target,
vision_platform\ads\pilot\action_classifier_v2\dataset\images\ads_action_v2_00407_not_close_asset_d0037e3a2d056477.png,not_close,reviewed,ads2/assets/review_crops/close_glyph_candidates/sample/candidate_crops,asset_d0037e3a2d056477,ads2\assets\review_crops,candidate_crop,non_action_target,,,,,file_15fcc64acc01d03e,asset_d0037e3a2d056477,D:\Projects\adb_vl\ads2\assets\review_crops\close_glyph_candidates\sample\candidate_crops\002247_score_0.887_x84_y72_w16_h17_log__20260711_084610_10484_afk_20260711_083942_14_每日任務_task__000092_20260711_084917_before_tap_349_253.png.png,ads2\assets\review_crops\close_glyph_candidates\sample\candidate_crops\002247_score_0.887_x84_y72_w16_h17_log__20260711_084610_10484_afk_20260711_083942_14_每日任務_task__000092_20260711_084917_before_tap_349_253.png.png,ads,crop,candidate_crop,raw,non_action_target,
vision_platform\ads\pilot\action_classifier_v2\dataset\images\ads_action_v2_00408_not_close_asset_d111c40b0a0cee5a.png,not_close,reviewed,ads2/assets/review_crops/close_glyph_candidates/sample/candidate_crops,asset_d111c40b0a0cee5a,ads2\assets\review_crops,candidate_crop,non_action_target,,,,,file_2bb03110249a09a5,asset_d111c40b0a0cee5a,D:\Projects\adb_vl\ads2\assets\review_crops\close_glyph_candidates\sample\candidate_crops\002519_score_0.887_x180_y310_w33_h28_log__20260711_085505_41488_afk_20260711_085445_14_深淵_task__000029_20260711_085605_before_tap_55_482.png.png,ads2\assets\review_crops\close_glyph_candidates\sample\candidate_crops\002519_score_0.887_x180_y310_w33_h28_log__20260711_085505_41488_afk_20260711_085445_14_深淵_task__000029_20260711_085605_before_tap_55_482.png.png,ads,crop,candidate_crop,raw,non_action_target,
vision_platform\ads\pilot\action_classifier_v2\dataset\images\ads_action_v2_00409_not_close_asset_5b878c72eeec6531.png,not_close,reviewed,ads2/assets/review_crops/close_glyph_candidates/sample/candidate_crops,asset_5b878c72eeec6531,ads2\assets\review_crops,candidate_crop,non_action_target,,,,,file_6e74d8bfa1fdae1b,asset_5b878c72eeec6531,D:\Projects\adb_vl\ads2\assets\review_crops\close_glyph_candidates\sample\candidate_crops\002520_score_0.887_x432_y206_w17_h15_log__20260707_160103_33324__000913_20260709_150130_before_tap_80_500.png.png,ads2\assets\review_crops\close_glyph_candidates\sample\candidate_crops\002520_score_0.887_x432_y206_w17_h15_log__20260707_160103_33324__000913_20260709_150130_before_tap_80_500.png.png,ads,crop,candidate_crop,raw,non_action_target,
vision_platform\ads\pilot\action_classifier_v2\dataset\images\ads_action_v2_00410_not_close_asset_1fa8293bf8afa4ea.png,not_close,reviewed,ads2/assets/review_crops/close_glyph_candidates/sample/candidate_crops,asset_1fa8293bf8afa4ea,ads2\assets\review_crops,candidate_crop,non_action_target,,,,,file_f5378599f7601181,asset_1fa8293bf8afa4ea,D:\Projects\adb_vl\ads2\assets\review_crops\close_glyph_candidates\sample\candidate_crops\002521_score_0.887_x448_y349_w26_h24_log__20260710_125824_2204__000575_20260711_150714_before_tap_495_170.png.png,ads2\assets\review_crops\close_glyph_candidates\sample\candidate_crops\002521_score_0.887_x448_y349_w26_h24_log__20260710_125824_2204__000575_20260711_150714_before_tap_495_170.png.png,ads,crop,candidate_crop,raw,non_action_target,
vision_platform\ads\pilot\action_classifier_v2\dataset\images\ads_action_v2_00411_not_close_asset_cc6d3d4332f93872.png,not_close,reviewed,ads2/assets/review_crops/close_glyph_candidates/sample/candidate_crops,asset_cc6d3d4332f93872,ads2\assets\review_crops,candidate_crop,non_action_target,,,,,file_da213badb890b863,asset_cc6d3d4332f93872,D:\Projects\adb_vl\ads2\assets\review_crops\close_glyph_candidates\sample\candidate_crops\002522_score_0.887_x394_y286_w22_h22_log__20260711_111953_39056_afk_20260711_111931_tiger_深淵_task__000031_20260711_112053_abyss_artifact_plan_already_2.png.png,ads2\assets\review_crops\close_glyph_candidates\sample\candidate_crops\002522_score_0.887_x394_y286_w22_h22_log__20260711_111953_39056_afk_20260711_111931_tiger_深淵_task__000031_20260711_112053_abyss_artifact_plan_already_2.png.png,ads,crop,candidate_crop,raw,non_action_target,
vision_platform\ads\pilot\action_classifier_v2\dataset\images\ads_action_v2_00412_not_close_asset_0ee9d32784c8bd75.png,not_close,reviewed,ads2/assets/review_crops/close_glyph_candidates/sample/candidate_crops,asset_0ee9d32784c8bd75,ads2\assets\review_crops,candidate_crop,non_action_target,,,,,file_808344bee4f40529,asset_0ee9d32784c8bd75,D:\Projects\adb_vl\ads2\assets\review_crops\close_glyph_candidates\sample\candidate_crops\002523_score_0.886_x824_y277_w23_h23_log__20260711_084004_22576_afk_20260711_083942_14_每日任務_task_fail_returncode_1__000068_20260711_084301_before_tap_481_515.png.png,ads2\assets\review_crops\close_glyph_candidates\sample\candidate_crops\002523_score_0.886_x824_y277_w23_h23_log__20260711_084004_22576_afk_20260711_083942_14_每日任務_task_fail_returncode_1__000068_20260711_084301_before_tap_481_515.png.png,ads,crop,candidate_crop,raw,non_action_target,
vision_platform\ads\pilot\action_classifier_v2\dataset\images\ads_action_v2_00413_not_close_asset_d50bcbccc0a05d82.png,not_close,reviewed,ads2/assets/review_crops/close_glyph_candidates/sample/candidate_crops,asset_d50bcbccc0a05d82,ads2\assets\review_crops,candidate_crop,non_action_target,,,,,file_a12be2f56dd0905b,asset_d50bcbccc0a05d82,D:\Projects\adb_vl\ads2\assets\review_crops\close_glyph_candidates\sample\candidate_crops\002524_score_0.886_x824_y277_w23_h23_log__20260711_084004_22576_afk_20260711_083942_14_每日任務_task_fail_returncode_1__000075_20260711_084320_after_tap_481_515.png.png,ads2\assets\review_crops\close_glyph_candidates\sample\candidate_crops\002524_score_0.886_x824_y277_w23_h23_log__20260711_084004_22576_afk_20260711_083942_14_每日任務_task_fail_returncode_1__000075_20260711_084320_after_tap_481_515.png.png,ads,crop,candidate_crop,raw,non_action_target,
vision_platform\ads\pilot\action_classifier_v2\dataset\images\ads_action_v2_00414_not_close_asset_2067661ee76c8684.png,not_close,reviewed,ads2/assets/review_crops/close_glyph_candidates/sample/candidate_crops,asset_2067661ee76c8684,ads2\assets\review_crops,candidate_crop,non_action_target,,,,,file_f91fc3a25dbf95f7,asset_2067661ee76c8684,D:\Projects\adb_vl\ads2\assets\review_crops\close_glyph_candidates\sample\candidate_crops\002525_score_0.886_x824_y277_w23_h23_log__20260711_094400_67140_afk_20260711_094338_em3_每日任務_task__000066_20260711_094637_before_tap_481_515.png.png,ads2\assets\review_crops\close_glyph_candidates\sample\candidate_crops\002525_score_0.886_x824_y277_w23_h23_log__20260711_094400_67140_afk_20260711_094338_em3_每日任務_task__000066_20260711_094637_before_tap_481_515.png.png,ads,crop,candidate_crop,raw,non_action_target,
vision_platform\ads\pilot\action_classifier_v2\dataset\images\ads_action_v2_00415_not_close_asset_2a944e853a75ef5e.png,not_close,reviewed,ads2/assets/review_crops/close_glyph_candidates/sample/candidate_crops,asset_2a944e853a75ef5e,ads2\assets\review_crops,candidate_crop,non_action_target,,,,,file_06d349cfd102eae5,asset_2a944e853a75ef5e,D:\Projects\adb_vl\ads2\assets\review_crops\close_glyph_candidates\sample\candidate_crops\002526_score_0.886_x824_y277_w23_h23_log__20260711_103235_63312_afk_20260711_103216_311_每日任務_task__000070_20260711_103518_before_tap_481_515.png.png,ads2\assets\review_crops\close_glyph_candidates\sample\candidate_crops\002526_score_0.886_x824_y277_w23_h23_log__20260711_103235_63312_afk_20260711_103216_311_每日任務_task__000070_20260711_103518_before_tap_481_515.png.png,ads,crop,candidate_crop,raw,non_action_target,
vision_platform\ads\pilot\action_classifier_v2\dataset\images\ads_action_v2_00416_not_close_asset_ce83eb3b41479e6c.png,not_close,reviewed,ads2/assets/review_crops/close_glyph_candidates/sample/candidate_crops,asset_ce83eb3b41479e6c,ads2\assets\review_crops,candidate_crop,non_action_target,,,,,file_269eb1c1a7cb740a,asset_ce83eb3b41479e6c,D:\Projects\adb_vl\ads2\assets\review_crops\close_glyph_candidates\sample\candidate_crops\002544_score_0.886_x636_y243_w12_h12_log__20260707_160103_33324__001327_20260710_070736_after_tap_782_79.png.png,ads2\assets\review_crops\close_glyph_candidates\sample\candidate_crops\002544_score_0.886_x636_y243_w12_h12_log__20260707_160103_33324__001327_20260710_070736_after_tap_782_79.png.png,ads,crop,candidate_crop,raw,non_action_target,
vision_platform\ads\pilot\action_classifier_v2\dataset\images\ads_action_v2_00417_not_close_asset_98932977e64f9db2.png,not_close,reviewed,ads2/assets/review_crops/close_glyph_candidates/sample/candidate_crops,asset_98932977e64f9db2,ads2\assets\review_crops,candidate_crop,non_action_target,,,,,file_8c78d34e89143787,asset_98932977e64f9db2,D:\Projects\adb_vl\ads2\assets\review_crops\close_glyph_candidates\sample\candidate_crops\002545_score_0.886_x318_y136_w37_h38_log__20260711_094400_67140_afk_20260711_094338_em3_每日任務_task__000030_20260711_094501_before_tap_495_170.png.png,ads2\assets\review_crops\close_glyph_candidates\sample\candidate_crops\002545_score_0.886_x318_y136_w37_h38_log__20260711_094400_67140_afk_20260711_094338_em3_每日任務_task__000030_20260711_094501_before_tap_495_170.png.png,ads,crop,candidate_crop,raw,non_action_target,
vision_platform\ads\pilot\action_classifier_v2\dataset\images\ads_action_v2_00418_not_close_asset_41a8c5c48f4afce1.png,not_close,reviewed,ads2/assets/review_crops/close_glyph_candidates/sample/candidate_crops,asset_41a8c5c48f4afce1,ads2\assets\review_crops,candidate_crop,non_action_target,,,,,file_d3f637c7e4fdae36,asset_41a8c5c48f4afce1,D:\Projects\adb_vl\ads2\assets\review_crops\close_glyph_candidates\sample\candidate_crops\002546_score_0.886_x843_y33_w20_h20_log__20260711_003939_31364_afk_20260711_002946_tiger_廣告探寶鏟_task__000003_20260711_004000_before_tap_931_41.png.png,ads2\assets\review_crops\close_glyph_candidates\sample\candidate_crops\002546_score_0.886_x843_y33_w20_h20_log__20260711_003939_31364_afk_20260711_002946_tiger_廣告探寶鏟_task__000003_20260711_004000_before_tap_931_41.png.png,ads,crop,candidate_crop,raw,non_action_target,
vision_platform\ads\pilot\action_classifier_v2\dataset\images\ads_action_v2_00419_not_close_asset_58aa34344ad87f9e.png,not_close,reviewed,ads2/assets/review_crops/close_glyph_candidates/sample/candidate_crops,asset_58aa34344ad87f9e,ads2\assets\review_crops,candidate_crop,non_action_target,,,,,file_1e52f2e582c5586e,asset_58aa34344ad87f9e,D:\Projects\adb_vl\ads2\assets\review_crops\close_glyph_candidates\sample\candidate_crops\002547_score_0.886_x315_y495_w13_h14_log__20260711_084004_22576_afk_20260711_083942_14_每日任務_task_fail_returncode_1__000025_20260711_084055_after_swipe_360_430_360_230_700.png.png,ads2\assets\review_crops\close_glyph_candidates\sample\candidate_crops\002547_score_0.886_x315_y495_w13_h14_log__20260711_084004_22576_afk_20260711_083942_14_每日任務_task_fail_returncode_1__000025_20260711_084055_after_swipe_360_430_360_230_700.png.png,ads,crop,candidate_crop,raw,non_action_target,
vision_platform\ads\pilot\action_classifier_v2\dataset\images\ads_action_v2_00420_not_close_asset_ebea1e3f5e84a972.png,not_close,reviewed,ads2/assets/review_crops/close_glyph_candidates/sample/candidate_crops,asset_ebea1e3f5e84a972,ads2\assets\review_crops,candidate_crop,non_action_target,,,,,file_09af8ee2852e44da,asset_ebea1e3f5e84a972,D:\Projects\adb_vl\ads2\assets\review_crops\close_glyph_candidates\sample\candidate_crops\002548_score_0.886_x472_y261_w18_h18_log__tiger_廣告探寶鏟_task_fail_stuck_static__000022_20260711_014423_after_tap_301_350.png.png,ads2\assets\review_crops\close_glyph_candidates\sample\candidate_crops\002548_score_0.886_x472_y261_w18_h18_log__tiger_廣告探寶鏟_task_fail_stuck_static__000022_20260711_014423_after_tap_301_350.png.png,ads,crop,candidate_crop,raw,non_action_target,
vision_platform\ads\pilot\action_classifier_v2\dataset\images\ads_action_v2_00421_not_close_asset_b1e08b7c14d07245.png,not_close,reviewed,ads2/assets/review_crops/close_glyph_candidates/sample/candidate_crops,asset_b1e08b7c14d07245,ads2\assets\review_crops,candidate_crop,non_action_target,,,,,file_4688aac8e265d043,asset_b1e08b7c14d07245,D:\Projects\adb_vl\ads2\assets\review_crops\close_glyph_candidates\sample\candidate_crops\002549_score_0.886_x99_y252_w17_h18_log__20260711_100541_44936_afk_20260711_100305_em3_王國金庫_task_fail_returncode_1__000001_20260711_100542_before_swipe_86_430_86_130_420.png.png,ads2\assets\review_crops\close_glyph_candidates\sample\candidate_crops\002549_score_0.886_x99_y252_w17_h18_log__20260711_100541_44936_afk_20260711_100305_em3_王國金庫_task_fail_returncode_1__000001_20260711_100542_before_swipe_86_430_86_130_420.png.png,ads,crop,candidate_crop,raw,non_action_target,
vision_platform\ads\pilot\action_classifier_v2\dataset\images\ads_action_v2_00422_not_close_asset_3c7a1d3ef2876b29.png,not_close,reviewed,ads2/assets/review_crops/close_glyph_candidates/sample/candidate_crops,asset_3c7a1d3ef2876b29,ads2\assets\review_crops,candidate_crop,non_action_target,,,,,file_0fb6f6c8cac15518,asset_3c7a1d3ef2876b29,D:\Projects\adb_vl\ads2\assets\review_crops\close_glyph_candidates\sample\candidate_crops\002550_score_0.886_x99_y252_w17_h18_log__20260711_101501_60008_afk_20260711_100305_em3_王國金庫_task_fail_returncode_1__000001_20260711_101504_before_swipe_86_430_86_130_420.png.png,ads2\assets\review_crops\close_glyph_candidates\sample\candidate_crops\002550_score_0.886_x99_y252_w17_h18_log__20260711_101501_60008_afk_20260711_100305_em3_王國金庫_task_fail_returncode_1__000001_20260711_101504_before_swipe_86_430_86_130_420.png.png,ads,crop,candidate_crop,raw,non_action_target,
vision_platform\ads\pilot\action_classifier_v2\dataset\images\ads_action_v2_00423_not_close_asset_af54beefe2d5a6b2.png,not_close,reviewed,ads2/assets/review_crops/close_glyph_candidates/sample/candidate_crops,asset_af54beefe2d5a6b2,ads2\assets\review_crops,candidate_crop,non_action_target,,,,,file_0c61c89cc84d2341,asset_af54beefe2d5a6b2,D:\Projects\adb_vl\ads2\assets\review_crops\close_glyph_candidates\sample\candidate_crops\002551_score_0.886_x99_y252_w17_h18_log__20260711_154545_35900_kingdom_vault__000001_20260711_154547_before_swipe_86_430_86_130_420.png.png,ads2\assets\review_crops\close_glyph_candidates\sample\candidate_crops\002551_score_0.886_x99_y252_w17_h18_log__20260711_154545_35900_kingdom_vault__000001_20260711_154547_before_swipe_86_430_86_130_420.png.png,ads,crop,candidate_crop,raw,non_action_target,
vision_platform\ads\pilot\action_classifier_v2\dataset\images\ads_action_v2_00424_not_close_asset_968073fee7eae008.png,not_close,reviewed,ads2/assets/review_crops/close_glyph_candidates/sample/candidate_crops,asset_968073fee7eae008,ads2\assets\review_crops,candidate_crop,non_action_target,,,,,file_4fbfc7329583121f,asset_968073fee7eae008,D:\Projects\adb_vl\ads2\assets\review_crops\close_glyph_candidates\sample\candidate_crops\002552_score_0.886_x82_y312_w49_h51_log__20260711_095500_69352_afk_20260711_095203_em3_深淵_route_exit_fail_route_exit_after_task_success__000009_20260711_095529_before_tap_57_19.png.png,ads2\assets\review_crops\close_glyph_candidates\sample\candidate_crops\002552_score_0.886_x82_y312_w49_h51_log__20260711_095500_69352_afk_20260711_095203_em3_深淵_route_exit_fail_route_exit_after_task_success__000009_20260711_095529_before_tap_57_19.png.png,ads,crop,candidate_crop,raw,non_action_target,
vision_platform\ads\pilot\action_classifier_v2\dataset\images\ads_action_v2_00425_not_close_asset_005771abe8b9ba83.png,not_close,reviewed,ads2/assets/review_crops/close_glyph_candidates/sample/candidate_crops,asset_005771abe8b9ba83,ads2\assets\review_crops,candidate_crop,non_action_target,,,,,file_e1b83217c208c2a8,asset_005771abe8b9ba83,D:\Projects\adb_vl\ads2\assets\review_crops\close_glyph_candidates\sample\candidate_crops\002553_score_0.885_x177_y313_w23_h30_log__20260711_084004_22576_afk_20260711_083942_14_每日任務_task_fail_returncode_1__000075_20260711_084320_after_tap_481_515.png.png,ads2\assets\review_crops\close_glyph_candidates\sample\candidate_crops\002553_score_0.885_x177_y313_w23_h30_log__20260711_084004_22576_afk_20260711_083942_14_每日任務_task_fail_returncode_1__000075_20260711_084320_after_tap_481_515.png.png,ads,crop,candidate_crop,raw,non_action_target,
vision_platform\ads\pilot\action_classifier_v2\dataset\images\ads_action_v2_00426_not_close_asset_64cbc0a8bb929048.png,not_close,reviewed,ads2/assets/review_crops/close_glyph_candidates/sample/candidate_crops,asset_64cbc0a8bb929048,ads2\assets\review_crops,candidate_crop,non_action_target,,,,,file_55752fc03ee90073,asset_64cbc0a8bb929048,D:\Projects\adb_vl\ads2\assets\review_crops\close_glyph_candidates\sample\candidate_crops\002554_score_0.885_x177_y313_w23_h30_log__20260711_094400_67140_afk_20260711_094338_em3_每日任務_task__000066_20260711_094637_before_tap_481_515.png.png,ads2\assets\review_crops\close_glyph_candidates\sample\candidate_crops\002554_score_0.885_x177_y313_w23_h30_log__20260711_094400_67140_afk_20260711_094338_em3_每日任務_task__000066_20260711_094637_before_tap_481_515.png.png,ads,crop,candidate_crop,raw,non_action_target,
vision_platform\ads\pilot\action_classifier_v2\dataset\images\ads_action_v2_00427_not_close_asset_9c38c1ad838a3016.png,not_close,reviewed,ads2/assets/review_crops/close_glyph_candidates/sample/candidate_crops,asset_9c38c1ad838a3016,ads2\assets\review_crops,candidate_crop,non_action_target,,,,,file_2882d1e7b8f1d2c8,asset_9c38c1ad838a3016,D:\Projects\adb_vl\ads2\assets\review_crops\close_glyph_candidates\sample\candidate_crops\002555_score_0.885_x177_y313_w23_h30_log__20260711_103235_63312_afk_20260711_103216_311_每日任務_task__000070_20260711_103518_before_tap_481_515.png.png,ads2\assets\review_crops\close_glyph_candidates\sample\candidate_crops\002555_score_0.885_x177_y313_w23_h30_log__20260711_103235_63312_afk_20260711_103216_311_每日任務_task__000070_20260711_103518_before_tap_481_515.png.png,ads,crop,candidate_crop,raw,non_action_target,
vision_platform\ads\pilot\action_classifier_v2\dataset\images\ads_action_v2_00428_not_close_asset_67278f6c90140a17.png,not_close,reviewed,ads2/assets/review_crops/close_glyph_candidates/sample/candidate_crops,asset_67278f6c90140a17,ads2\assets\review_crops,candidate_crop,non_action_target,,,,,file_3a5dbba22c62e2ca,asset_67278f6c90140a17,D:\Projects\adb_vl\ads2\assets\review_crops\close_glyph_candidates\sample\candidate_crops\002556_score_0.885_x561_y478_w32_h29_log__20260711_095128_67140_afk_20260711_094338_em3_每日任務_route_exit__000001_20260711_095128_before_tap_544_493.png.png,ads2\assets\review_crops\close_glyph_candidates\sample\candidate_crops\002556_score_0.885_x561_y478_w32_h29_log__20260711_095128_67140_afk_20260711_094338_em3_每日任務_route_exit__000001_20260711_095128_before_tap_544_493.png.png,ads,crop,candidate_crop,raw,non_action_target,
vision_platform\ads\pilot\action_classifier_v2\dataset\images\ads_action_v2_00429_not_close_asset_1360c9b5bc0bedfe.png,not_close,reviewed,ads2/assets/review_crops/close_glyph_candidates/sample/candidate_crops,asset_1360c9b5bc0bedfe,ads2\assets\review_crops,candidate_crop,non_action_target,,,,,file_520f1d1925e154a7,asset_1360c9b5bc0bedfe,D:\Projects\adb_vl\ads2\assets\review_crops\close_glyph_candidates\sample\candidate_crops\002576_score_0.884_x454_y349_w20_h23_log__20260707_160103_33324__000676_20260708_230717_before_tap_80_500.png.png,ads2\assets\review_crops\close_glyph_candidates\sample\candidate_crops\002576_score_0.884_x454_y349_w20_h23_log__20260707_160103_33324__000676_20260708_230717_before_tap_80_500.png.png,ads,crop,candidate_crop,raw,non_action_target,
vision_platform\ads\pilot\action_classifier_v2\dataset\images\ads_action_v2_00430_not_close_asset_034600b1dd4d8b4b.png,not_close,reviewed,ads2/assets/review_crops/close_glyph_candidates/sample/candidate_crops,asset_034600b1dd4d8b4b,ads2\assets\review_crops,candidate_crop,non_action_target,,,,,file_8f5a4e36e2c9d780,asset_034600b1dd4d8b4b,D:\Projects\adb_vl\ads2\assets\review_crops\close_glyph_candidates\sample\candidate_crops\002577_score_0.884_x81_y400_w17_h16_log__20260711_090430_12456_afk_20260711_090217_14_王國金庫_route_enter__000002_20260711_090433_after_tap_42_129.png.png,ads2\assets\review_crops\close_glyph_candidates\sample\candidate_crops\002577_score_0.884_x81_y400_w17_h16_log__20260711_090430_12456_afk_20260711_090217_14_王國金庫_route_enter__000002_20260711_090433_after_tap_42_129.png.png,ads,crop,candidate_crop,raw,non_action_target,
vision_platform\ads\pilot\action_classifier_v2\dataset\images\ads_action_v2_00431_not_close_asset_5185285eadcd18c4.png,not_close,reviewed,ads2/assets/review_crops/close_glyph_candidates/sample/candidate_crops,asset_5185285eadcd18c4,ads2\assets\review_crops,candidate_crop,non_action_target,,,,,file_8edbbd1ec3ba1877,asset_5185285eadcd18c4,D:\Projects\adb_vl\ads2\assets\review_crops\close_glyph_candidates\sample\candidate_crops\002595_score_0.884_x441_y479_w17_h20_log__20260711_003939_31364_afk_20260711_002946_tiger_廣告探寶鏟_task__000017_20260711_004141_before_tap_67_40.png.png,ads2\assets\review_crops\close_glyph_candidates\sample\candidate_crops\002595_score_0.884_x441_y479_w17_h20_log__20260711_003939_31364_afk_20260711_002946_tiger_廣告探寶鏟_task__000017_20260711_004141_before_tap_67_40.png.png,ads,crop,candidate_crop,raw,non_action_target,
vision_platform\ads\pilot\action_classifier_v2\dataset\images\ads_action_v2_00432_not_close_asset_2c0f1d3486bfd22c.png,not_close,reviewed,ads2/assets/review_crops/close_glyph_candidates/sample/candidate_crops,asset_2c0f1d3486bfd22c,ads2\assets\review_crops,candidate_crop,non_action_target,,,,,file_09560e84ff26c40e,asset_2c0f1d3486bfd22c,D:\Projects\adb_vl\ads2\assets\review_crops\close_glyph_candidates\sample\candidate_crops\002608_score_0.884_x395_y131_w14_h14_log__20260711_111953_39056_afk_20260711_111931_tiger_深淵_task__000017_20260711_112026_after_swipe_455_430_455_170_520.png.png,ads2\assets\review_crops\close_glyph_candidates\sample\candidate_crops\002608_score_0.884_x395_y131_w14_h14_log__20260711_111953_39056_afk_20260711_111931_tiger_深淵_task__000017_20260711_112026_after_swipe_455_430_455_170_520.png.png,ads,crop,candidate_crop,raw,non_action_target,
vision_platform\ads\pilot\action_classifier_v2\dataset\images\ads_action_v2_00433_not_close_asset_796034f996f30def.png,not_close,reviewed,ads2/assets/review_crops/close_glyph_candidates/sample/candidate_crops,asset_796034f996f30def,ads2\assets\review_crops,candidate_crop,non_action_target,,,,,file_eddc03b6d8353773,asset_796034f996f30def,D:\Projects\adb_vl\ads2\assets\review_crops\close_glyph_candidates\sample\candidate_crops\002609_score_0.884_x775_y14_w33_h37_log__20260711_110821_25824_afk_20260711_110759_tiger_每日任務_task__000133_20260711_111323_before_tap_902_480.png.png,ads2\assets\review_crops\close_glyph_candidates\sample\candidate_crops\002609_score_0.884_x775_y14_w33_h37_log__20260711_110821_25824_afk_20260711_110759_tiger_每日任務_task__000133_20260711_111323_before_tap_902_480.png.png,ads,crop,candidate_crop,raw,non_action_target,
vision_platform\ads\pilot\action_classifier_v2\dataset\images\ads_action_v2_00434_not_close_asset_535fcaf786999ed7.png,not_close,reviewed,ads2/assets/review_crops/close_glyph_candidates/sample/candidate_crops,asset_535fcaf786999ed7,ads2\assets\review_crops,candidate_crop,non_action_target,,,,,file_e623e49d86fb3a57,asset_535fcaf786999ed7,D:\Projects\adb_vl\ads2\assets\review_crops\close_glyph_candidates\sample\candidate_crops\002611_score_0.884_x740_y306_w40_h40_log__20260711_111953_39056_afk_20260711_111931_tiger_深淵_task__000048_20260711_112136_after_tap_368_478.png.png,ads2\assets\review_crops\close_glyph_candidates\sample\candidate_crops\002611_score_0.884_x740_y306_w40_h40_log__20260711_111953_39056_afk_20260711_111931_tiger_深淵_task__000048_20260711_112136_after_tap_368_478.png.png,ads,crop,candidate_crop,raw,non_action_target,
vision_platform\ads\pilot\action_classifier_v2\dataset\images\ads_action_v2_00435_not_close_asset_779a4c4ab47c770d.png,not_close,reviewed,ads2/assets/review_crops/close_glyph_candidates/sample/candidate_crops,asset_779a4c4ab47c770d,ads2\assets\review_crops,candidate_crop,non_action_target,,,,,file_4e523c41de06c786,asset_779a4c4ab47c770d,D:\Projects\adb_vl\ads2\assets\review_crops\close_glyph_candidates\sample\candidate_crops\002612_score_0.884_x866_y23_w29_h28_log__20260711_094400_67140_afk_20260711_094338_em3_每日任務_task__000101_20260711_094752_before_tap_902_480.png.png,ads2\assets\review_crops\close_glyph_candidates\sample\candidate_crops\002612_score_0.884_x866_y23_w29_h28_log__20260711_094400_67140_afk_20260711_094338_em3_每日任務_task__000101_20260711_094752_before_tap_902_480.png.png,ads,crop,candidate_crop,raw,non_action_target,
vision_platform\ads\pilot\action_classifier_v2\dataset\images\ads_action_v2_00436_not_close_asset_e8db4fdd3fa8314c.png,not_close,reviewed,ads2/assets/review_crops/close_glyph_candidates/sample/candidate_crops,asset_e8db4fdd3fa8314c,ads2\assets\review_crops,candidate_crop,non_action_target,,,,,file_a8c79b0923134a2b,asset_e8db4fdd3fa8314c,D:\Projects\adb_vl\ads2\assets\review_crops\close_glyph_candidates\sample\candidate_crops\002613_score_0.884_x866_y23_w29_h28_log__20260711_094400_67140_afk_20260711_094338_em3_每日任務_task__000102_20260711_094754_after_tap_902_480.png.png,ads2\assets\review_crops\close_glyph_candidates\sample\candidate_crops\002613_score_0.884_x866_y23_w29_h28_log__20260711_094400_67140_afk_20260711_094338_em3_每日任務_task__000102_20260711_094754_after_tap_902_480.png.png,ads,crop,candidate_crop,raw,non_action_target,
vision_platform\ads\pilot\action_classifier_v2\dataset\images\ads_action_v2_00437_not_close_asset_91a1c342c6eb212b.png,not_close,reviewed,ads2/assets/review_crops/close_glyph_candidates/sample/candidate_crops,asset_91a1c342c6eb212b,ads2\assets\review_crops,candidate_crop,non_action_target,,,,,file_1c247ef0336c6b69,asset_91a1c342c6eb212b,D:\Projects\adb_vl\ads2\assets\review_crops\close_glyph_candidates\sample\candidate_crops\002614_score_0.884_x866_y23_w29_h28_log__20260711_094400_67140_afk_20260711_094338_em3_每日任務_task__000114_20260711_094814_before_tap_902_480.png.png,ads2\assets\review_crops\close_glyph_candidates\sample\candidate_crops\002614_score_0.884_x866_y23_w29_h28_log__20260711_094400_67140_afk_20260711_094338_em3_每日任務_task__000114_20260711_094814_before_tap_902_480.png.png,ads,crop,candidate_crop,raw,non_action_target,
vision_platform\ads\pilot\action_classifier_v2\dataset\images\ads_action_v2_00438_not_close_asset_9140cc7c7eee739d.png,not_close,reviewed,ads2/assets/review_crops/close_glyph_candidates/sample/candidate_crops,asset_9140cc7c7eee739d,ads2\assets\review_crops,candidate_crop,non_action_target,,,,,file_df0b938e39ba81dc,asset_9140cc7c7eee739d,D:\Projects\adb_vl\ads2\assets\review_crops\close_glyph_candidates\sample\candidate_crops\002615_score_0.884_x866_y23_w29_h28_log__20260711_094400_67140_afk_20260711_094338_em3_每日任務_task__000115_20260711_094815_after_tap_902_480.png.png,ads2\assets\review_crops\close_glyph_candidates\sample\candidate_crops\002615_score_0.884_x866_y23_w29_h28_log__20260711_094400_67140_afk_20260711_094338_em3_每日任務_task__000115_20260711_094815_after_tap_902_480.png.png,ads,crop,candidate_crop,raw,non_action_target,
vision_platform\ads\pilot\action_classifier_v2\dataset\images\ads_action_v2_00439_not_close_asset_14f5f5dde25f2d03.png,not_close,reviewed,ads2/assets/review_crops/close_glyph_candidates/sample/candidate_crops,asset_14f5f5dde25f2d03,ads2\assets\review_crops,candidate_crop,non_action_target,,,,,file_5f80d9c32df6857a,asset_14f5f5dde25f2d03,D:\Projects\adb_vl\ads2\assets\review_crops\close_glyph_candidates\sample\candidate_crops\002616_score_0.883_x318_y136_w37_h36_log__20260711_103235_63312_afk_20260711_103216_311_每日任務_task__000034_20260711_103345_before_tap_495_170.png.png,ads2\assets\review_crops\close_glyph_candidates\sample\candidate_crops\002616_score_0.883_x318_y136_w37_h36_log__20260711_103235_63312_afk_20260711_103216_311_每日任務_task__000034_20260711_103345_before_tap_495_170.png.png,ads,crop,candidate_crop,raw,non_action_target,
vision_platform\ads\pilot\action_classifier_v2\dataset\images\ads_action_v2_00440_not_close_asset_a8d5814c47c4ff46.png,not_close,reviewed,ads2/assets/review_crops/close_glyph_candidates/sample/candidate_crops,asset_a8d5814c47c4ff46,ads2\assets\review_crops,candidate_crop,non_action_target,,,,,file_0439fde0b5042179,asset_a8d5814c47c4ff46,D:\Projects\adb_vl\ads2\assets\review_crops\close_glyph_candidates\sample\candidate_crops\002617_score_0.883_x78_y92_w23_h22_log__20260711_003939_31364_afk_20260711_002946_tiger_廣告探寶鏟_task__000009_20260711_004051_before_tap_924_33.png.png,ads2\assets\review_crops\close_glyph_candidates\sample\candidate_crops\002617_score_0.883_x78_y92_w23_h22_log__20260711_003939_31364_afk_20260711_002946_tiger_廣告探寶鏟_task__000009_20260711_004051_before_tap_924_33.png.png,ads,crop,candidate_crop,raw,non_action_target,
vision_platform\ads\pilot\action_classifier_v2\dataset\images\ads_action_v2_00441_not_close_asset_be57bc3be15e4eb4.png,not_close,reviewed,ads2/assets/review_crops/close_glyph_candidates/sample/candidate_crops,asset_be57bc3be15e4eb4,ads2\assets\review_crops,candidate_crop,non_action_target,,,,,file_1beea01755fdc360,asset_be57bc3be15e4eb4,D:\Projects\adb_vl\ads2\assets\review_crops\close_glyph_candidates\sample\candidate_crops\002619_score_0.883_x432_y206_w17_h15_log__20260710_125824_2204__000661_20260711_151250_before_tap_495_170.png.png,ads2\assets\review_crops\close_glyph_candidates\sample\candidate_crops\002619_score_0.883_x432_y206_w17_h15_log__20260710_125824_2204__000661_20260711_151250_before_tap_495_170.png.png,ads,crop,candidate_crop,raw,non_action_target,
vision_platform\ads\pilot\action_classifier_v2\dataset\images\ads_action_v2_00442_not_close_asset_54bc08d83f0e897e.png,not_close,reviewed,ads2/assets/review_crops/close_glyph_candidates/sample/candidate_crops,asset_54bc08d83f0e897e,ads2\assets\review_crops,candidate_crop,non_action_target,,,,,file_b618f6d7d2297d21,asset_54bc08d83f0e897e,D:\Projects\adb_vl\ads2\assets\review_crops\close_glyph_candidates\sample\candidate_crops\002620_score_0.883_x176_y302_w24_h21_log__20260711_083942_22576_afk_20260711_083942_14_每日任務_route_enter__000003_20260711_083949_before_tap_491_411.png.png,ads2\assets\review_crops\close_glyph_candidates\sample\candidate_crops\002620_score_0.883_x176_y302_w24_h21_log__20260711_083942_22576_afk_20260711_083942_14_每日任務_route_enter__000003_20260711_083949_before_tap_491_411.png.png,ads,crop,candidate_crop,raw,non_action_target,
vision_platform\ads\pilot\action_classifier_v2\dataset\images\ads_action_v2_00443_not_close_asset_adff58baaec04da8.png,not_close,reviewed,ads2/assets/review_crops/close_glyph_candidates/sample/candidate_crops,asset_adff58baaec04da8,ads2\assets\review_crops,candidate_crop,non_action_target,,,,,file_95d2c49137e18fb8,asset_adff58baaec04da8,D:\Projects\adb_vl\ads2\assets\review_crops\close_glyph_candidates\sample\candidate_crops\002621_score_0.883_x80_y312_w51_h52_log__20260711_111953_39056_afk_20260711_111931_tiger_深淵_task__000028_20260711_112043_after_tap_809_65.png.png,ads2\assets\review_crops\close_glyph_candidates\sample\candidate_crops\002621_score_0.883_x80_y312_w51_h52_log__20260711_111953_39056_afk_20260711_111931_tiger_深淵_task__000028_20260711_112043_after_tap_809_65.png.png,ads,crop,candidate_crop,raw,non_action_target,
vision_platform\ads\pilot\action_classifier_v2\dataset\images\ads_action_v2_00444_not_close_asset_d6ede7713b52b5c0.png,not_close,reviewed,ads2/assets/review_crops/close_glyph_candidates/sample/candidate_crops,asset_d6ede7713b52b5c0,ads2\assets\review_crops,candidate_crop,non_action_target,,,,,file_783f09723591d3a0,asset_d6ede7713b52b5c0,D:\Projects\adb_vl\ads2\assets\review_crops\close_glyph_candidates\sample\candidate_crops\002622_score_0.883_x318_y136_w36_h38_log__20260711_084004_22576_afk_20260711_083942_14_每日任務_task_fail_returncode_1__000030_20260711_084107_before_tap_495_170.png.png,ads2\assets\review_crops\close_glyph_candidates\sample\candidate_crops\002622_score_0.883_x318_y136_w36_h38_log__20260711_084004_22576_afk_20260711_083942_14_每日任務_task_fail_returncode_1__000030_20260711_084107_before_tap_495_170.png.png,ads,crop,candidate_crop,raw,non_action_target,
vision_platform\ads\pilot\action_classifier_v2\dataset\images\ads_action_v2_00445_not_close_asset_bdd4a163b32b0c59.png,not_close,reviewed,ads2/assets/review_crops/close_glyph_candidates/sample/candidate_crops,asset_bdd4a163b32b0c59,ads2\assets\review_crops,candidate_crop,non_action_target,,,,,file_b350428b15c68477,asset_bdd4a163b32b0c59,D:\Projects\adb_vl\ads2\assets\review_crops\close_glyph_candidates\sample\candidate_crops\002623_score_0.882_x454_y349_w20_h23_log__20260707_160103_33324__001108_20260709_230435_before_tap_80_500.png.png,ads2\assets\review_crops\close_glyph_candidates\sample\candidate_crops\002623_score_0.882_x454_y349_w20_h23_log__20260707_160103_33324__001108_20260709_230435_before_tap_80_500.png.png,ads,crop,candidate_crop,raw,non_action_target,
vision_platform\ads\pilot\action_classifier_v2\dataset\images\ads_action_v2_00446_not_close_asset_21f642c8a9b4fc31.png,not_close,reviewed,ads2/assets/review_crops/close_glyph_candidates/sample/candidate_crops,asset_21f642c8a9b4fc31,ads2\assets\review_crops,candidate_crop,non_action_target,,,,,file_4641513771a40218,asset_21f642c8a9b4fc31,D:\Projects\adb_vl\ads2\assets\review_crops\close_glyph_candidates\sample\candidate_crops\002624_score_0.882_x330_y481_w13_h14_log__20260711_103235_63312_afk_20260711_103216_311_每日任務_task__000283_20260711_104127_after_swipe_360_430_360_230_700.png.png,ads2\assets\review_crops\close_glyph_candidates\sample\candidate_crops\002624_score_0.882_x330_y481_w13_h14_log__20260711_103235_63312_afk_20260711_103216_311_每日任務_task__000283_20260711_104127_after_swipe_360_430_360_230_700.png.png,ads,crop,candidate_crop,raw,non_action_target,
vision_platform\ads\pilot\action_classifier_v2\dataset\images\ads_action_v2_00447_not_close_asset_868795824afcde6f.png,not_close,reviewed,ads2/assets/review_crops/close_glyph_candidates/sample/candidate_crops,asset_868795824afcde6f,ads2\assets\review_crops,candidate_crop,non_action_target,,,,,file_220facc31beb376a,asset_868795824afcde6f,D:\Projects\adb_vl\ads2\assets\review_crops\close_glyph_candidates\sample\candidate_crops\002625_score_0.882_x81_y280_w17_h16_log__20260711_093513_29888_kingdom_vault__000010_20260711_093622_after_tap_80_408.png.png,ads2\assets\review_crops\close_glyph_candidates\sample\candidate_crops\002625_score_0.882_x81_y280_w17_h16_log__20260711_093513_29888_kingdom_vault__000010_20260711_093622_after_tap_80_408.png.png,ads,crop,candidate_crop,raw,non_action_target,
vision_platform\ads\pilot\action_classifier_v2\dataset\images\ads_action_v2_00448_not_close_asset_e11e82036e454f5e.png,not_close,reviewed,ads2/assets/review_crops/close_glyph_candidates/sample/candidate_crops,asset_e11e82036e454f5e,ads2\assets\review_crops,candidate_crop,non_action_target,,,,,file_60dcb904dafc54d5,asset_e11e82036e454f5e,D:\Projects\adb_vl\ads2\assets\review_crops\close_glyph_candidates\sample\candidate_crops\002627_score_0.882_x444_y302_w33_h26_log__20260711_110800_25824_afk_20260711_110759_tiger_每日任務_route_enter__000003_20260711_110805_before_tap_490_395.png.png,ads2\assets\review_crops\close_glyph_candidates\sample\candidate_crops\002627_score_0.882_x444_y302_w33_h26_log__20260711_110800_25824_afk_20260711_110759_tiger_每日任務_route_enter__000003_20260711_110805_before_tap_490_395.png.png,ads,crop,candidate_crop,raw,non_action_target,
vision_platform\ads\pilot\action_classifier_v2\dataset\images\ads_action_v2_00449_not_close_asset_d9fb6798b47ac232.png,not_close,reviewed,ads2/assets/review_crops/close_glyph_candidates/sample/candidate_crops,asset_d9fb6798b47ac232,ads2\assets\review_crops,candidate_crop,non_action_target,,,,,file_e23a20a5881126e3,asset_d9fb6798b47ac232,D:\Projects\adb_vl\ads2\assets\review_crops\close_glyph_candidates\sample\candidate_crops\002628_score_0.882_x682_y190_w24_h26_log__20260711_155245_32320_kingdom_vault__000003_20260711_155250_before_swipe_86_130_86_430_420.png.png,ads2\assets\review_crops\close_glyph_candidates\sample\candidate_crops\002628_score_0.882_x682_y190_w24_h26_log__20260711_155245_32320_kingdom_vault__000003_20260711_155250_before_swipe_86_130_86_430_420.png.png,ads,crop,candidate_crop,raw,non_action_target,
vision_platform\ads\pilot\action_classifier_v2\dataset\images\ads_action_v2_00450_not_close_asset_ae2bc8a3a56220c4.png,not_close,reviewed,ads2/assets/review_crops/close_glyph_candidates/sample/candidate_crops,asset_ae2bc8a3a56220c4,ads2\assets\review_crops,candidate_crop,non_action_target,,,,,file_4c8f94f9abf14a1f,asset_ae2bc8a3a56220c4,D:\Projects\adb_vl\ads2\assets\review_crops\close_glyph_candidates\sample\candidate_crops\002629_score_0.882_x364_y424_w18_h17_log__20260711_003939_31364_afk_20260711_002946_tiger_廣告探寶鏟_task__000027_20260711_004318_before_tap_301_350.png.png,ads2\assets\review_crops\close_glyph_candidates\sample\candidate_crops\002629_score_0.882_x364_y424_w18_h17_log__20260711_003939_31364_afk_20260711_002946_tiger_廣告探寶鏟_task__000027_20260711_004318_before_tap_301_350.png.png,ads,crop,candidate_crop,raw,non_action_target,
vision_platform\ads\pilot\action_classifier_v2\dataset\images\ads_action_v2_00451_not_close_asset_c6ba138c66245947.png,not_close,reviewed,ads2/assets/review_crops/close_glyph_candidates/sample/candidate_crops,asset_c6ba138c66245947,ads2\assets\review_crops,candidate_crop,non_action_target,,,,,file_5c29a0e1e976fc78,asset_c6ba138c66245947,D:\Projects\adb_vl\ads2\assets\review_crops\close_glyph_candidates\sample\candidate_crops\002630_score_0.881_x395_y167_w14_h13_log__20260711_095223_69352_afk_20260711_095203_em3_深淵_task__000018_20260711_095300_abyss_rental_scan_05.png.png,ads2\assets\review_crops\close_glyph_candidates\sample\candidate_crops\002630_score_0.881_x395_y167_w14_h13_log__20260711_095223_69352_afk_20260711_095203_em3_深淵_task__000018_20260711_095300_abyss_rental_scan_05.png.png,ads,crop,candidate_crop,raw,non_action_target,
vision_platform\ads\pilot\action_classifier_v2\dataset\images\ads_action_v2_00452_not_close_asset_8873d291854be2d1.png,not_close,reviewed,ads2/assets/review_crops/close_glyph_candidates/sample/candidate_crops,asset_8873d291854be2d1,ads2\assets\review_crops,candidate_crop,non_action_target,,,,,file_30af21a85faa9cc5,asset_8873d291854be2d1,D:\Projects\adb_vl\ads2\assets\review_crops\close_glyph_candidates\sample\candidate_crops\002636_score_0.881_x395_y131_w14_h13_log__20260711_111953_39056_afk_20260711_111931_tiger_深淵_task__000019_20260711_112030_abyss_rental_scan_01.png.png,ads2\assets\review_crops\close_glyph_candidates\sample\candidate_crops\002636_score_0.881_x395_y131_w14_h13_log__20260711_111953_39056_afk_20260711_111931_tiger_深淵_task__000019_20260711_112030_abyss_rental_scan_01.png.png,ads,crop,candidate_crop,raw,non_action_target,
vision_platform\ads\pilot\action_classifier_v2\dataset\images\ads_action_v2_00453_not_close_asset_987df0d8b3b391c2.png,not_close,reviewed,ads2/assets/review_crops/close_glyph_candidates/sample/candidate_crops,asset_987df0d8b3b391c2,ads2\assets\review_crops,candidate_crop,non_action_target,,,,,file_39bf17517aaac33a,asset_987df0d8b3b391c2,D:\Projects\adb_vl\ads2\assets\review_crops\close_glyph_candidates\sample\candidate_crops\002637_score_0.881_x45_y126_w17_h17_log__20260711_100541_44936_afk_20260711_100305_em3_王國金庫_task_fail_returncode_1__000003_20260711_100546_before_swipe_86_130_86_430_420.png.png,ads2\assets\review_crops\close_glyph_candidates\sample\candidate_crops\002637_score_0.881_x45_y126_w17_h17_log__20260711_100541_44936_afk_20260711_100305_em3_王國金庫_task_fail_returncode_1__000003_20260711_100546_before_swipe_86_130_86_430_420.png.png,ads,crop,candidate_crop,raw,non_action_target,
vision_platform\ads\pilot\action_classifier_v2\dataset\images\ads_action_v2_00454_not_close_asset_6914cba9c96f200c.png,not_close,reviewed,ads2/assets/review_crops/close_glyph_candidates/sample/candidate_crops,asset_6914cba9c96f200c,ads2\assets\review_crops,candidate_crop,non_action_target,,,,,file_cc5d366ec975adc9,asset_6914cba9c96f200c,D:\Projects\adb_vl\ads2\assets\review_crops\close_glyph_candidates\sample\candidate_crops\002638_score_0.881_x432_y206_w17_h15_log__20260707_160103_33324__000731_20260709_070039_before_tap_80_500.png.png,ads2\assets\review_crops\close_glyph_candidates\sample\candidate_crops\002638_score_0.881_x432_y206_w17_h15_log__20260707_160103_33324__000731_20260709_070039_before_tap_80_500.png.png,ads,crop,candidate_crop,raw,non_action_target,
vision_platform\ads\pilot\action_classifier_v2\dataset\images\ads_action_v2_00455_not_close_asset_65b07531441c999d.png,not_close,reviewed,ads2/assets/review_crops/close_glyph_candidates/sample/candidate_crops,asset_65b07531441c999d,ads2\assets\review_crops,candidate_crop,non_action_target,,,,,file_35f6fb401fb9e409,asset_65b07531441c999d,D:\Projects\adb_vl\ads2\assets\review_crops\close_glyph_candidates\sample\candidate_crops\002639_score_0.881_x650_y206_w30_h32_log__20260711_011713_22300_afk_20260711_011713_311_廣告探寶鏟_route_enter__000001_20260711_011714_before_tap_109_194.png.png,ads2\assets\review_crops\close_glyph_candidates\sample\candidate_crops\002639_score_0.881_x650_y206_w30_h32_log__20260711_011713_22300_afk_20260711_011713_311_廣告探寶鏟_route_enter__000001_20260711_011714_before_tap_109_194.png.png,ads,crop,candidate_crop,raw,non_action_target,
vision_platform\ads\pilot\action_classifier_v2\dataset\images\ads_action_v2_00456_not_close_asset_15ec0d9790f31e6f.png,not_close,reviewed,ads2/assets/review_crops/close_glyph_candidates/sample/candidate_crops,asset_15ec0d9790f31e6f,ads2\assets\review_crops,candidate_crop,non_action_target,,,,,file_bc7954b5b3fd7c9e,asset_15ec0d9790f31e6f,D:\Projects\adb_vl\ads2\assets\review_crops\close_glyph_candidates\sample\candidate_crops\002640_score_0.881_x432_y206_w17_h15_log__20260707_160103_33324__000618_20260708_230320_before_tap_80_500.png.png,ads2\assets\review_crops\close_glyph_candidates\sample\candidate_crops\002640_score_0.881_x432_y206_w17_h15_log__20260707_160103_33324__000618_20260708_230320_before_tap_80_500.png.png,ads,crop,candidate_crop,raw,non_action_target,
vision_platform\ads\pilot\action_classifier_v2\dataset\images\ads_action_v2_00457_not_close_asset_e78c0a7d5ab4d57b.png,not_close,reviewed,ads2/assets/review_crops/close_glyph_candidates/sample/candidate_crops,asset_e78c0a7d5ab4d57b,ads2\assets\review_crops,candidate_crop,non_action_target,,,,,file_923b59fc03d29c53,asset_e78c0a7d5ab4d57b,D:\Projects\adb_vl\ads2\assets\review_crops\close_glyph_candidates\sample\candidate_crops\002641_score_0.880_x432_y206_w17_h15_log__20260707_160103_33324__001311_20260710_070713_before_tap_80_500.png.png,ads2\assets\review_crops\close_glyph_candidates\sample\candidate_crops\002641_score_0.880_x432_y206_w17_h15_log__20260707_160103_33324__001311_20260710_070713_before_tap_80_500.png.png,ads,crop,candidate_crop,raw,non_action_target,
vision_platform\ads\pilot\action_classifier_v2\dataset\images\ads_action_v2_00458_not_close_asset_860994ece406753d.png,not_close,reviewed,ads2/assets/review_crops/close_glyph_candidates/sample/candidate_crops,asset_860994ece406753d,ads2\assets\review_crops,candidate_crop,non_action_target,,,,,file_fab281463c911a34,asset_860994ece406753d,D:\Projects\adb_vl\ads2\assets\review_crops\close_glyph_candidates\sample\candidate_crops\002642_score_0.880_x432_y206_w17_h15_log__20260707_160103_33324__001073_20260709_230150_before_tap_80_500.png.png,ads2\assets\review_crops\close_glyph_candidates\sample\candidate_crops\002642_score_0.880_x432_y206_w17_h15_log__20260707_160103_33324__001073_20260709_230150_before_tap_80_500.png.png,ads,crop,candidate_crop,raw,non_action_target,
vision_platform\ads\pilot\action_classifier_v2\dataset\images\ads_action_v2_00459_not_close_asset_6da9c9acd8ed05c6.png,not_close,reviewed,ads2/assets/review_crops/close_glyph_candidates/sample/candidate_crops,asset_6da9c9acd8ed05c6,ads2\assets\review_crops,candidate_crop,non_action_target,,,,,file_bd80a119b9cd3dd3,asset_6da9c9acd8ed05c6,D:\Projects\adb_vl\ads2\assets\review_crops\close_glyph_candidates\sample\candidate_crops\002643_score_0.880_x709_y56_w30_h29_log__20260711_095611_39776_afk_20260711_095602_em3_看廣告_task__000033_20260711_100241_before_tap_925_35.png.png,ads2\assets\review_crops\close_glyph_candidates\sample\candidate_crops\002643_score_0.880_x709_y56_w30_h29_log__20260711_095611_39776_afk_20260711_095602_em3_看廣告_task__000033_20260711_100241_before_tap_925_35.png.png,ads,crop,candidate_crop,raw,non_action_target,
vision_platform\ads\pilot\action_classifier_v2\dataset\images\ads_action_v2_00460_not_close_asset_18309716c7540c82.png,not_close,reviewed,ads2/assets/review_crops/close_glyph_candidates/sample/candidate_crops,asset_18309716c7540c82,ads2\assets\review_crops,candidate_crop,non_action_target,,,,,file_c0017f5ded894178,asset_18309716c7540c82,D:\Projects\adb_vl\ads2\assets\review_crops\close_glyph_candidates\sample\candidate_crops\002644_score_0.880_x709_y56_w30_h29_log__20260711_104622_54288_afk_20260711_104613_311_看廣告_task__000033_20260711_105151_before_tap_925_35.png.png,ads2\assets\review_crops\close_glyph_candidates\sample\candidate_crops\002644_score_0.880_x709_y56_w30_h29_log__20260711_104622_54288_afk_20260711_104613_311_看廣告_task__000033_20260711_105151_before_tap_925_35.png.png,ads,crop,candidate_crop,raw,non_action_target,
vision_platform\ads\pilot\action_classifier_v2\dataset\images\ads_action_v2_00461_not_close_asset_32ce21460580b5fe.png,not_close,reviewed,ads2/assets/review_crops/close_glyph_candidates/sample/candidate_crops,asset_32ce21460580b5fe,ads2\assets\review_crops,candidate_crop,non_action_target,,,,,file_7b5266f3cc703a18,asset_32ce21460580b5fe,D:\Projects\adb_vl\ads2\assets\review_crops\close_glyph_candidates\sample\candidate_crops\002646_score_0.880_x472_y261_w18_h18_log__tiger_廣告探寶鏟_task_fail_stuck_static__000050_20260711_015228_after_tap_301_350.png.png,ads2\assets\review_crops\close_glyph_candidates\sample\candidate_crops\002646_score_0.880_x472_y261_w18_h18_log__tiger_廣告探寶鏟_task_fail_stuck_static__000050_20260711_015228_after_tap_301_350.png.png,ads,crop,candidate_crop,raw,non_action_target,
vision_platform\ads\pilot\action_classifier_v2\dataset\images\ads_action_v2_00462_not_close_asset_6cf9f8a3cf63e26d.png,not_close,reviewed,ads2/assets/review_crops/close_glyph_candidates/sample/candidate_crops,asset_6cf9f8a3cf63e26d,ads2\assets\review_crops,candidate_crop,non_action_target,,,,,file_ebc5bec88d6837ad,asset_6cf9f8a3cf63e26d,D:\Projects\adb_vl\ads2\assets\review_crops\close_glyph_candidates\sample\candidate_crops\002647_score_0.879_x549_y486_w16_h16_log__20260711_103235_63312_afk_20260711_103216_311_每日任務_task__000054_20260711_103438_before_swipe_360_430_360_230_700.png.png,ads2\assets\review_crops\close_glyph_candidates\sample\candidate_crops\002647_score_0.879_x549_y486_w16_h16_log__20260711_103235_63312_afk_20260711_103216_311_每日任務_task__000054_20260711_103438_before_swipe_360_430_360_230_700.png.png,ads,crop,candidate_crop,raw,non_action_target,
vision_platform\ads\pilot\action_classifier_v2\dataset\images\ads_action_v2_00463_not_close_asset_7b53c52848e87479.png,not_close,reviewed,ads2/assets/review_crops/close_glyph_candidates/sample/candidate_crops,asset_7b53c52848e87479,ads2\assets\review_crops,candidate_crop,non_action_target,,,,,file_0986297c8c10d7d9,asset_7b53c52848e87479,D:\Projects\adb_vl\ads2\assets\review_crops\close_glyph_candidates\sample\candidate_crops\002648_score_0.879_x501_y219_w24_h18_log__20260711_113122_42720_afk_20260711_112938_tiger_高階競技場_route_enter__000002_20260711_113124_after_tap_247_515.png.png,ads2\assets\review_crops\close_glyph_candidates\sample\candidate_crops\002648_score_0.879_x501_y219_w24_h18_log__20260711_113122_42720_afk_20260711_112938_tiger_高階競技場_route_enter__000002_20260711_113124_after_tap_247_515.png.png,ads,crop,candidate_crop,raw,non_action_target,
vision_platform\ads\pilot\action_classifier_v2\dataset\images\ads_action_v2_00464_not_close_asset_529616c0f2cb9817.png,not_close,reviewed,ads2/assets/review_crops/close_glyph_candidates/sample/candidate_crops,asset_529616c0f2cb9817,ads2\assets\review_crops,candidate_crop,non_action_target,,,,,file_04ca1900123d871d,asset_529616c0f2cb9817,D:\Projects\adb_vl\ads2\assets\review_crops\close_glyph_candidates\sample\candidate_crops\002649_score_0.879_x549_y486_w16_h16_log__20260711_110821_25824_afk_20260711_110759_tiger_每日任務_task__000153_20260711_111359_after_tap_45_43.png.png,ads2\assets\review_crops\close_glyph_candidates\sample\candidate_crops\002649_score_0.879_x549_y486_w16_h16_log__20260711_110821_25824_afk_20260711_110759_tiger_每日任務_task__000153_20260711_111359_after_tap_45_43.png.png,ads,crop,candidate_crop,raw,non_action_target,
vision_platform\ads\pilot\action_classifier_v2\dataset\images\ads_action_v2_00465_not_close_asset_c8bcf5b2160dee7b.png,not_close,reviewed,ads2/assets/review_crops/close_glyph_candidates/sample/candidate_crops,asset_c8bcf5b2160dee7b,ads2\assets\review_crops,candidate_crop,non_action_target,,,,,file_c290375ab76ce570,asset_c8bcf5b2160dee7b,D:\Projects\adb_vl\ads2\assets\review_crops\close_glyph_candidates\sample\candidate_crops\002650_score_0.879_x739_y262_w38_h43_log__20260711_085410_10484_afk_20260711_083942_14_每日任務_route_exit__000006_20260711_085419_after_tap_46_21.png.png,ads2\assets\review_crops\close_glyph_candidates\sample\candidate_crops\002650_score_0.879_x739_y262_w38_h43_log__20260711_085410_10484_afk_20260711_083942_14_每日任務_route_exit__000006_20260711_085419_after_tap_46_21.png.png,ads,crop,candidate_crop,raw,non_action_target,
vision_platform\ads\pilot\action_classifier_v2\dataset\images\ads_action_v2_00466_not_close_asset_4bdd3141488cd5aa.png,not_close,reviewed,ads2/assets/review_crops/close_glyph_candidates/sample/candidate_crops,asset_4bdd3141488cd5aa,ads2\assets\review_crops,candidate_crop,non_action_target,,,,,file_9d9d45080fe4d905,asset_4bdd3141488cd5aa,D:\Projects\adb_vl\ads2\assets\review_crops\close_glyph_candidates\sample\candidate_crops\002651_score_0.878_x432_y206_w17_h15_log__20260707_160103_33324__001116_20260709_230446_before_tap_80_500.png.png,ads2\assets\review_crops\close_glyph_candidates\sample\candidate_crops\002651_score_0.878_x432_y206_w17_h15_log__20260707_160103_33324__001116_20260709_230446_before_tap_80_500.png.png,ads,crop,candidate_crop,raw,non_action_target,
vision_platform\ads\pilot\action_classifier_v2\dataset\images\ads_action_v2_00467_not_close_asset_c37bc6ed49b74cc4.png,not_close,reviewed,ads2/assets/review_crops/close_glyph_candidates/sample/candidate_crops,asset_c37bc6ed49b74cc4,ads2\assets\review_crops,candidate_crop,non_action_target,,,,,file_2febcd356249a607,asset_c37bc6ed49b74cc4,D:\Projects\adb_vl\ads2\assets\review_crops\close_glyph_candidates\sample\candidate_crops\002652_score_0.878_x354_y59_w34_h29_log__20260711_113122_42720_afk_20260711_112938_tiger_高階競技場_route_enter__000001_20260711_113123_before_tap_247_515.png.png,ads2\assets\review_crops\close_glyph_candidates\sample\candidate_crops\002652_score_0.878_x354_y59_w34_h29_log__20260711_113122_42720_afk_20260711_112938_tiger_高階競技場_route_enter__000001_20260711_113123_before_tap_247_515.png.png,ads,crop,candidate_crop,raw,non_action_target,
vision_platform\ads\pilot\action_classifier_v2\dataset\images\ads_action_v2_00468_not_close_asset_fd835ebab067525d.png,not_close,reviewed,ads2/assets/review_crops/close_glyph_candidates/sample/candidate_crops,asset_fd835ebab067525d,ads2\assets\review_crops,candidate_crop,non_action_target,,,,,file_59fc7aee75da51c9,asset_fd835ebab067525d,D:\Projects\adb_vl\ads2\assets\review_crops\close_glyph_candidates\sample\candidate_crops\002653_score_0.878_x432_y206_w17_h15_log__20260707_160103_33324__000794_20260709_070359_before_tap_80_500.png.png,ads2\assets\review_crops\close_glyph_candidates\sample\candidate_crops\002653_score_0.878_x432_y206_w17_h15_log__20260707_160103_33324__000794_20260709_070359_before_tap_80_500.png.png,ads,crop,candidate_crop,raw,non_action_target,
vision_platform\ads\pilot\action_classifier_v2\dataset\images\ads_action_v2_00469_not_close_asset_c1360872b6351ed9.png,not_close,reviewed,ads2/assets/review_crops/close_glyph_candidates/sample/candidate_crops,asset_c1360872b6351ed9,ads2\assets\review_crops,candidate_crop,non_action_target,,,,,file_df079d9dff19622d,asset_c1360872b6351ed9,D:\Projects\adb_vl\ads2\assets\review_crops\close_glyph_candidates\sample\candidate_crops\002654_score_0.878_x465_y347_w23_h25_log__20260707_160103_33324__001112_20260709_230440_before_tap_80_500.png.png,ads2\assets\review_crops\close_glyph_candidates\sample\candidate_crops\002654_score_0.878_x465_y347_w23_h25_log__20260707_160103_33324__001112_20260709_230440_before_tap_80_500.png.png,ads,crop,candidate_crop,raw,non_action_target,
vision_platform\ads\pilot\action_classifier_v2\dataset\images\ads_action_v2_00470_not_close_asset_c97f23d57fbbb406.png,not_close,reviewed,ads2/assets/review_crops/close_glyph_candidates/sample/candidate_crops,asset_c97f23d57fbbb406,ads2\assets\review_crops,candidate_crop,non_action_target,,,,,file_1d3cac73d3c25ebd,asset_c97f23d57fbbb406,D:\Projects\adb_vl\ads2\assets\review_crops\close_glyph_candidates\sample\candidate_crops\002655_score_0.878_x665_y87_w30_h33_log__20260711_110800_25824_afk_20260711_110759_tiger_每日任務_route_enter__000005_20260711_110810_before_tap_656_424.png.png,ads2\assets\review_crops\close_glyph_candidates\sample\candidate_crops\002655_score_0.878_x665_y87_w30_h33_log__20260711_110800_25824_afk_20260711_110759_tiger_每日任務_route_enter__000005_20260711_110810_before_tap_656_424.png.png,ads,crop,candidate_crop,raw,non_action_target,
vision_platform\ads\pilot\action_classifier_v2\dataset\images\ads_action_v2_00471_not_close_asset_ba2f8f094f7f6a74.png,not_close,reviewed,ads2/assets/review_crops/close_glyph_candidates/sample/candidate_crops,asset_ba2f8f094f7f6a74,ads2\assets\review_crops,candidate_crop,non_action_target,,,,,file_18b1e7485d90c3d9,asset_ba2f8f094f7f6a74,D:\Projects\adb_vl\ads2\assets\review_crops\close_glyph_candidates\sample\candidate_crops\002656_score_0.878_x750_y282_w16_h17_log__20260711_114715_58348_afk_20260711_114151_14_高階競技場_route_enter__000006_20260711_114724_after_tap_712_290.png.png,ads2\assets\review_crops\close_glyph_candidates\sample\candidate_crops\002656_score_0.878_x750_y282_w16_h17_log__20260711_114715_58348_afk_20260711_114151_14_高階競技場_route_enter__000006_20260711_114724_after_tap_712_290.png.png,ads,crop,candidate_crop,raw,non_action_target,
vision_platform\ads\pilot\action_classifier_v2\dataset\images\ads_action_v2_00472_not_close_asset_99366e1583ed687a.png,not_close,reviewed,ads2/assets/review_crops/close_glyph_candidates/sample/candidate_crops,asset_99366e1583ed687a,ads2\assets\review_crops,candidate_crop,non_action_target,,,,,file_27d84e59c4042337,asset_99366e1583ed687a,D:\Projects\adb_vl\ads2\assets\review_crops\close_glyph_candidates\sample\candidate_crops\002657_score_0.878_x492_y105_w15_h15_log__20260711_100310_38732_afk_20260711_100305_em3_王國金庫_task_fail_returncode_1__000025_20260711_100355_before_tap_495_170.png.png,ads2\assets\review_crops\close_glyph_candidates\sample\candidate_crops\002657_score_0.878_x492_y105_w15_h15_log__20260711_100310_38732_afk_20260711_100305_em3_王國金庫_task_fail_returncode_1__000025_20260711_100355_before_tap_495_170.png.png,ads,crop,candidate_crop,raw,non_action_target,
vision_platform\ads\pilot\action_classifier_v2\dataset\images\ads_action_v2_00473_not_close_asset_74df887b1fc9fcd3.png,not_close,reviewed,ads2/assets/review_crops/close_glyph_candidates/sample/candidate_crops,asset_74df887b1fc9fcd3,ads2\assets\review_crops,candidate_crop,non_action_target,,,,,file_1b2b19f3b737f073,asset_74df887b1fc9fcd3,D:\Projects\adb_vl\ads2\assets\review_crops\close_glyph_candidates\sample\candidate_crops\002658_score_0.878_x454_y350_w22_h21_log__20260710_125824_2204__000540_20260711_150427_before_tap_495_170.png.png,ads2\assets\review_crops\close_glyph_candidates\sample\candidate_crops\002658_score_0.878_x454_y350_w22_h21_log__20260710_125824_2204__000540_20260711_150427_before_tap_495_170.png.png,ads,crop,candidate_crop,raw,non_action_target,
vision_platform\ads\pilot\action_classifier_v2\dataset\images\ads_action_v2_00474_not_close_asset_e24ba766bfda42ad.png,not_close,reviewed,ads2/assets/review_crops/close_glyph_candidates/sample/candidate_crops,asset_e24ba766bfda42ad,ads2\assets\review_crops,candidate_crop,non_action_target,,,,,file_c2e57506d8c90a68,asset_e24ba766bfda42ad,D:\Projects\adb_vl\ads2\assets\review_crops\close_glyph_candidates\sample\candidate_crops\002659_score_0.877_x75_y123_w22_h22_log__20260711_010520_33712_afk_20260711_010506_em3_廣告探寶鏟_task__000010_20260711_010724_after_tap_41_34.png.png,ads2\assets\review_crops\close_glyph_candidates\sample\candidate_crops\002659_score_0.877_x75_y123_w22_h22_log__20260711_010520_33712_afk_20260711_010506_em3_廣告探寶鏟_task__000010_20260711_010724_after_tap_41_34.png.png,ads,crop,candidate_crop,raw,non_action_target,
vision_platform\ads\pilot\action_classifier_v2\dataset\images\ads_action_v2_00475_not_close_asset_30af04fbe1f593ca.png,not_close,reviewed,ads2/assets/review_crops/close_glyph_candidates/sample/candidate_crops,asset_30af04fbe1f593ca,ads2\assets\review_crops,candidate_crop,non_action_target,,,,,file_9e2695d86370ddb5,asset_30af04fbe1f593ca,D:\Projects\adb_vl\ads2\assets\review_crops\close_glyph_candidates\sample\candidate_crops\002661_score_0.877_x75_y123_w22_h22_log__20260711_080053_66564_afk_20260711_080033_em3_廣告探寶鏟_task__000003_20260711_080202_before_tap_925_35.png.png,ads2\assets\review_crops\close_glyph_candidates\sample\candidate_crops\002661_score_0.877_x75_y123_w22_h22_log__20260711_080053_66564_afk_20260711_080033_em3_廣告探寶鏟_task__000003_20260711_080202_before_tap_925_35.png.png,ads,crop,candidate_crop,raw,non_action_target,
vision_platform\ads\pilot\action_classifier_v2\dataset\images\ads_action_v2_00476_not_close_asset_96c598a095c06f03.png,not_close,reviewed,ads2/assets/review_crops/close_glyph_candidates/sample/candidate_crops,asset_96c598a095c06f03,ads2\assets\review_crops,candidate_crop,non_action_target,,,,,file_bd7d519e85385621,asset_96c598a095c06f03,D:\Projects\adb_vl\ads2\assets\review_crops\close_glyph_candidates\sample\candidate_crops\002664_score_0.877_x100_y427_w15_h15_log__20260711_154545_35900_kingdom_vault__000017_20260711_154812_before_swipe_86_130_86_430_420.png.png,ads2\assets\review_crops\close_glyph_candidates\sample\candidate_crops\002664_score_0.877_x100_y427_w15_h15_log__20260711_154545_35900_kingdom_vault__000017_20260711_154812_before_swipe_86_130_86_430_420.png.png,ads,crop,candidate_crop,raw,non_action_target,
vision_platform\ads\pilot\action_classifier_v2\dataset\images\ads_action_v2_00477_not_close_asset_c59fb7313437b413.png,not_close,reviewed,ads2/assets/review_crops/close_glyph_candidates/sample/candidate_crops,asset_c59fb7313437b413,ads2\assets\review_crops,candidate_crop,non_action_target,,,,,file_27a154e0a135e4eb,asset_c59fb7313437b413,D:\Projects\adb_vl\ads2\assets\review_crops\close_glyph_candidates\sample\candidate_crops\002665_score_0.876_x675_y499_w12_h15_log__20260711_004437_69372_afk_20260711_004419_tiger_廣告時間沙漏_task__000024_20260711_004802_after_tap_67_40.png.png,ads2\assets\review_crops\close_glyph_candidates\sample\candidate_crops\002665_score_0.876_x675_y499_w12_h15_log__20260711_004437_69372_afk_20260711_004419_tiger_廣告時間沙漏_task__000024_20260711_004802_after_tap_67_40.png.png,ads,crop,candidate_crop,raw,non_action_target,
vision_platform\ads\pilot\action_classifier_v2\dataset\images\ads_action_v2_00478_not_close_asset_f8c51e468b1b1786.png,not_close,reviewed,ads2/assets/review_crops/close_glyph_candidates/sample/candidate_crops,asset_f8c51e468b1b1786,ads2\assets\review_crops,candidate_crop,non_action_target,,,,,file_e6d2c61ff0d68c21,asset_f8c51e468b1b1786,D:\Projects\adb_vl\ads2\assets\review_crops\close_glyph_candidates\sample\candidate_crops\002666_score_0.876_x675_y499_w12_h15_log__20260711_011142_36488_afk_20260711_011124_em3_廣告時間沙漏_task__000004_20260711_011203_after_tap_67_40.png.png,ads2\assets\review_crops\close_glyph_candidates\sample\candidate_crops\002666_score_0.876_x675_y499_w12_h15_log__20260711_011142_36488_afk_20260711_011124_em3_廣告時間沙漏_task__000004_20260711_011203_after_tap_67_40.png.png,ads,crop,candidate_crop,raw,non_action_target,
vision_platform\ads\pilot\action_classifier_v2\dataset\images\ads_action_v2_00479_not_close_asset_2e4b892f31ce698b.png,not_close,reviewed,ads2/assets/review_crops/close_glyph_candidates/sample/candidate_crops,asset_2e4b892f31ce698b,ads2\assets\review_crops,candidate_crop,non_action_target,,,,,file_d36dc6231ae48337,asset_2e4b892f31ce698b,D:\Projects\adb_vl\ads2\assets\review_crops\close_glyph_candidates\sample\candidate_crops\002667_score_0.876_x549_y486_w16_h16_log__20260711_084610_10484_afk_20260711_083942_14_每日任務_task__000260_20260711_085346_before_swipe_360_430_360_230_700.png.png,ads2\assets\review_crops\close_glyph_candidates\sample\candidate_crops\002667_score_0.876_x549_y486_w16_h16_log__20260711_084610_10484_afk_20260711_083942_14_每日任務_task__000260_20260711_085346_before_swipe_360_430_360_230_700.png.png,ads,crop,candidate_crop,raw,non_action_target,
vision_platform\ads\pilot\action_classifier_v2\dataset\images\ads_action_v2_00480_not_close_asset_c41d245fb4c84db3.png,not_close,reviewed,ads2/assets/review_crops/close_glyph_candidates/sample/candidate_crops,asset_c41d245fb4c84db3,ads2\assets\review_crops,candidate_crop,non_action_target,,,,,file_504bf673e34cb06b,asset_c41d245fb4c84db3,D:\Projects\adb_vl\ads2\assets\review_crops\close_glyph_candidates\sample\candidate_crops\002668_score_0.876_x481_y130_w25_h28_log__20260711_101710_60008_afk_20260711_100305_em3_王國金庫_route_exit__000002_20260711_101712_after_tap_34_28.png.png,ads2\assets\review_crops\close_glyph_candidates\sample\candidate_crops\002668_score_0.876_x481_y130_w25_h28_log__20260711_101710_60008_afk_20260711_100305_em3_王國金庫_route_exit__000002_20260711_101712_after_tap_34_28.png.png,ads,crop,candidate_crop,raw,non_action_target,
vision_platform\ads\pilot\action_classifier_v2\dataset\images\ads_action_v2_00481_not_close_asset_dec4ce7aa05c4320.png,not_close,reviewed,ads2/assets/review_crops/close_glyph_candidates/sample/candidate_crops,asset_dec4ce7aa05c4320,ads2\assets\review_crops,candidate_crop,non_action_target,,,,,file_d3ff30daaae33568,asset_dec4ce7aa05c4320,D:\Projects\adb_vl\ads2\assets\review_crops\close_glyph_candidates\sample\candidate_crops\002786_score_0.875_x318_y136_w36_h36_log__20260711_110821_25824_afk_20260711_110759_tiger_每日任務_task__000034_20260711_110931_before_tap_495_170.png.png,ads2\assets\review_crops\close_glyph_candidates\sample\candidate_crops\002786_score_0.875_x318_y136_w36_h36_log__20260711_110821_25824_afk_20260711_110759_tiger_每日任務_task__000034_20260711_110931_before_tap_495_170.png.png,ads,crop,candidate_crop,raw,non_action_target,
vision_platform\ads\pilot\action_classifier_v2\dataset\images\ads_action_v2_00482_not_close_asset_f95ffe96be508a2a.png,not_close,reviewed,ads2/assets/review_crops/close_glyph_candidates/sample/candidate_crops,asset_f95ffe96be508a2a,ads2\assets\review_crops,candidate_crop,non_action_target,,,,,file_fa9d03b3d8e664bc,asset_f95ffe96be508a2a,D:\Projects\adb_vl\ads2\assets\review_crops\close_glyph_candidates\sample\candidate_crops\002787_score_0.875_x532_y303_w20_h18_log__20260711_103235_63312_afk_20260711_103216_311_每日任務_task__000033_20260711_103341_after_tap_753_420.png.png,ads2\assets\review_crops\close_glyph_candidates\sample\candidate_crops\002787_score_0.875_x532_y303_w20_h18_log__20260711_103235_63312_afk_20260711_103216_311_每日任務_task__000033_20260711_103341_after_tap_753_420.png.png,ads,crop,candidate_crop,raw,non_action_target,
vision_platform\ads\pilot\action_classifier_v2\dataset\images\ads_action_v2_00483_not_close_asset_c6509a75fe6bfda5.png,not_close,reviewed,ads2/assets/review_crops/close_glyph_candidates/sample/candidate_crops,asset_c6509a75fe6bfda5,ads2\assets\review_crops,candidate_crop,non_action_target,,,,,file_9a344fbe2424b550,asset_c6509a75fe6bfda5,D:\Projects\adb_vl\ads2\assets\review_crops\close_glyph_candidates\sample\candidate_crops\002788_score_0.875_x532_y303_w20_h18_log__20260711_103235_63312_afk_20260711_103216_311_每日任務_task__000031_20260711_103337_after_tap_495_170.png.png,ads2\assets\review_crops\close_glyph_candidates\sample\candidate_crops\002788_score_0.875_x532_y303_w20_h18_log__20260711_103235_63312_afk_20260711_103216_311_每日任務_task__000031_20260711_103337_after_tap_495_170.png.png,ads,crop,candidate_crop,raw,non_action_target,
vision_platform\ads\pilot\action_classifier_v2\dataset\images\ads_action_v2_00484_not_close_asset_ad357f1ae99fd7a3.png,not_close,reviewed,ads2/assets/review_crops/close_glyph_candidates/sample/candidate_crops,asset_ad357f1ae99fd7a3,ads2\assets\review_crops,candidate_crop,non_action_target,,,,,file_2cf91a4933334a6c,asset_ad357f1ae99fd7a3,D:\Projects\adb_vl\ads2\assets\review_crops\close_glyph_candidates\sample\candidate_crops\002789_score_0.875_x532_y303_w20_h18_log__20260711_103235_63312_afk_20260711_103216_311_每日任務_task__000032_20260711_103340_before_tap_753_420.png.png,ads2\assets\review_crops\close_glyph_candidates\sample\candidate_crops\002789_score_0.875_x532_y303_w20_h18_log__20260711_103235_63312_afk_20260711_103216_311_每日任務_task__000032_20260711_103340_before_tap_753_420.png.png,ads,crop,candidate_crop,raw,non_action_target,
vision_platform\ads\pilot\action_classifier_v2\dataset\images\ads_action_v2_00485_not_close_asset_1297033b5d371aa8.png,not_close,reviewed,ads2/assets/review_crops/close_glyph_candidates/sample/candidate_crops,asset_1297033b5d371aa8,ads2\assets\review_crops,candidate_crop,non_action_target,,,,,file_a23517e8541d300e,asset_1297033b5d371aa8,D:\Projects\adb_vl\ads2\assets\review_crops\close_glyph_candidates\sample\candidate_crops\002790_score_0.875_x532_y303_w20_h18_log__20260711_103235_63312_afk_20260711_103216_311_每日任務_task__000036_20260711_103349_before_tap_753_420.png.png,ads2\assets\review_crops\close_glyph_candidates\sample\candidate_crops\002790_score_0.875_x532_y303_w20_h18_log__20260711_103235_63312_afk_20260711_103216_311_每日任務_task__000036_20260711_103349_before_tap_753_420.png.png,ads,crop,candidate_crop,raw,non_action_target,
vision_platform\ads\pilot\action_classifier_v2\dataset\images\ads_action_v2_00486_not_close_asset_f4635d966947b24b.png,not_close,reviewed,ads2/assets/review_crops/close_glyph_candidates/sample/candidate_crops,asset_f4635d966947b24b,ads2\assets\review_crops,candidate_crop,non_action_target,,,,,file_04e5a596dc9beb8f,asset_f4635d966947b24b,D:\Projects\adb_vl\ads2\assets\review_crops\close_glyph_candidates\sample\candidate_crops\002791_score_0.875_x532_y303_w20_h18_log__20260711_103235_63312_afk_20260711_103216_311_每日任務_task__000037_20260711_103350_after_tap_753_420.png.png,ads2\assets\review_crops\close_glyph_candidates\sample\candidate_crops\002791_score_0.875_x532_y303_w20_h18_log__20260711_103235_63312_afk_20260711_103216_311_每日任務_task__000037_20260711_103350_after_tap_753_420.png.png,ads,crop,candidate_crop,raw,non_action_target,
vision_platform\ads\pilot\action_classifier_v2\dataset\images\ads_action_v2_00487_not_close_asset_cada2ef3fd481717.png,not_close,reviewed,ads2/assets/review_crops/close_glyph_candidates/sample/candidate_crops,asset_cada2ef3fd481717,ads2\assets\review_crops,candidate_crop,non_action_target,,,,,file_9139a9cb4fe5c2d6,asset_cada2ef3fd481717,D:\Projects\adb_vl\ads2\assets\review_crops\close_glyph_candidates\sample\candidate_crops\002792_score_0.875_x532_y303_w20_h18_log__20260711_103235_63312_afk_20260711_103216_311_每日任務_task__000040_20260711_103358_before_tap_575_419.png.png,ads2\assets\review_crops\close_glyph_candidates\sample\candidate_crops\002792_score_0.875_x532_y303_w20_h18_log__20260711_103235_63312_afk_20260711_103216_311_每日任務_task__000040_20260711_103358_before_tap_575_419.png.png,ads,crop,candidate_crop,raw,non_action_target,
vision_platform\ads\pilot\action_classifier_v2\dataset\images\ads_action_v2_00488_not_close_asset_2c6a23f7e8a27094.png,not_close,reviewed,ads2/assets/review_crops/close_glyph_candidates/sample/candidate_crops,asset_2c6a23f7e8a27094,ads2\assets\review_crops,candidate_crop,non_action_target,,,,,file_378edcf1aac3168f,asset_2c6a23f7e8a27094,D:\Projects\adb_vl\ads2\assets\review_crops\close_glyph_candidates\sample\candidate_crops\002793_score_0.875_x532_y303_w20_h18_log__20260711_103235_63312_afk_20260711_103216_311_每日任務_task__000039_20260711_103354_after_tap_495_170.png.png,ads2\assets\review_crops\close_glyph_candidates\sample\candidate_crops\002793_score_0.875_x532_y303_w20_h18_log__20260711_103235_63312_afk_20260711_103216_311_每日任務_task__000039_20260711_103354_after_tap_495_170.png.png,ads,crop,candidate_crop,raw,non_action_target,
vision_platform\ads\pilot\action_classifier_v2\dataset\images\ads_action_v2_00489_not_close_asset_c4380cfb9b45734c.png,not_close,reviewed,ads2/assets/review_crops/close_glyph_candidates/sample/candidate_crops,asset_c4380cfb9b45734c,ads2\assets\review_crops,candidate_crop,non_action_target,,,,,file_c38c62bb1cd7825c,asset_c4380cfb9b45734c,D:\Projects\adb_vl\ads2\assets\review_crops\close_glyph_candidates\sample\candidate_crops\002794_score_0.875_x432_y206_w17_h15_log__20260707_160103_33324__001104_20260709_230429_before_tap_80_500.png.png,ads2\assets\review_crops\close_glyph_candidates\sample\candidate_crops\002794_score_0.875_x432_y206_w17_h15_log__20260707_160103_33324__001104_20260709_230429_before_tap_80_500.png.png,ads,crop,candidate_crop,raw,non_action_target,
vision_platform\ads\pilot\action_classifier_v2\dataset\images\ads_action_v2_00490_not_close_asset_4e8128769894bdfe.png,not_close,reviewed,ads2/assets/review_crops/close_glyph_candidates/sample/candidate_crops,asset_4e8128769894bdfe,ads2\assets\review_crops,candidate_crop,non_action_target,,,,,file_dbe8432d5fff4408,asset_4e8128769894bdfe,D:\Projects\adb_vl\ads2\assets\review_crops\close_glyph_candidates\sample\candidate_crops\002795_score_0.875_x585_y468_w18_h18_log__20260711_003939_31364_afk_20260711_002946_tiger_廣告探寶鏟_task__000003_20260711_004000_before_tap_931_41.png.png,ads2\assets\review_crops\close_glyph_candidates\sample\candidate_crops\002795_score_0.875_x585_y468_w18_h18_log__20260711_003939_31364_afk_20260711_002946_tiger_廣告探寶鏟_task__000003_20260711_004000_before_tap_931_41.png.png,ads,crop,candidate_crop,raw,non_action_target,
vision_platform\ads\pilot\action_classifier_v2\dataset\images\ads_action_v2_00491_not_close_asset_e5e362dc92dcce9a.png,not_close,reviewed,ads2/assets/review_crops/close_glyph_candidates/sample/candidate_crops,asset_e5e362dc92dcce9a,ads2\assets\review_crops,candidate_crop,non_action_target,,,,,file_12e06e8af47ba8dd,asset_e5e362dc92dcce9a,D:\Projects\adb_vl\ads2\assets\review_crops\close_glyph_candidates\sample\candidate_crops\002796_score_0.874_x285_y384_w12_h13_log__20260711_085410_10484_afk_20260711_083942_14_每日任務_route_exit__000003_20260711_085414_before_tap_544_493.png.png,ads2\assets\review_crops\close_glyph_candidates\sample\candidate_crops\002796_score_0.874_x285_y384_w12_h13_log__20260711_085410_10484_afk_20260711_083942_14_每日任務_route_exit__000003_20260711_085414_before_tap_544_493.png.png,ads,crop,candidate_crop,raw,non_action_target,
vision_platform\ads\pilot\action_classifier_v2\dataset\images\ads_action_v2_00492_not_close_asset_ae39a2a005a39867.png,not_close,reviewed,ads2/assets/review_crops/close_glyph_candidates/sample/candidate_crops,asset_ae39a2a005a39867,ads2\assets\review_crops,candidate_crop,non_action_target,,,,,file_d929fa0a6c8fa78c,asset_ae39a2a005a39867,D:\Projects\adb_vl\ads2\assets\review_crops\close_glyph_candidates\sample\candidate_crops\002808_score_0.874_x549_y486_w16_h17_log__20260711_084004_22576_afk_20260711_083942_14_每日任務_task_fail_returncode_1__000027_20260711_084058_after_tap_840_442.png.png,ads2\assets\review_crops\close_glyph_candidates\sample\candidate_crops\002808_score_0.874_x549_y486_w16_h17_log__20260711_084004_22576_afk_20260711_083942_14_每日任務_task_fail_returncode_1__000027_20260711_084058_after_tap_840_442.png.png,ads,crop,candidate_crop,raw,non_action_target,
vision_platform\ads\pilot\action_classifier_v2\dataset\images\ads_action_v2_00493_not_close_asset_386451f3310668d1.png,not_close,reviewed,ads2/assets/review_crops/close_glyph_candidates/sample/candidate_crops,asset_386451f3310668d1,ads2\assets\review_crops,candidate_crop,non_action_target,,,,,file_f0fabd28f2b1fcae,asset_386451f3310668d1,D:\Projects\adb_vl\ads2\assets\review_crops\close_glyph_candidates\sample\candidate_crops\002809_score_0.874_x549_y486_w16_h17_log__20260711_084004_22576_afk_20260711_083942_14_每日任務_task_fail_returncode_1__000029_20260711_084104_after_tap_749_420.png.png,ads2\assets\review_crops\close_glyph_candidates\sample\candidate_crops\002809_score_0.874_x549_y486_w16_h17_log__20260711_084004_22576_afk_20260711_083942_14_每日任務_task_fail_returncode_1__000029_20260711_084104_after_tap_749_420.png.png,ads,crop,candidate_crop,raw,non_action_target,
vision_platform\ads\pilot\action_classifier_v2\dataset\images\ads_action_v2_00494_not_close_asset_d0d7389771066146.png,not_close,reviewed,ads2/assets/review_crops/close_glyph_candidates/sample/candidate_crops,asset_d0d7389771066146,ads2\assets\review_crops,candidate_crop,non_action_target,,,,,file_91b7ad30d3d34fe4,asset_d0d7389771066146,D:\Projects\adb_vl\ads2\assets\review_crops\close_glyph_candidates\sample\candidate_crops\002889_score_0.874_x485_y201_w50_h43_log__20260711_085439_54340_afk_20260711_085424_14_每日簽到_route_exit__000002_20260711_085441_after_tap_51_22.png.png,ads2\assets\review_crops\close_glyph_candidates\sample\candidate_crops\002889_score_0.874_x485_y201_w50_h43_log__20260711_085439_54340_afk_20260711_085424_14_每日簽到_route_exit__000002_20260711_085441_after_tap_51_22.png.png,ads,crop,candidate_crop,raw,non_action_target,
vision_platform\ads\pilot\action_classifier_v2\dataset\images\ads_action_v2_00495_not_close_asset_d2e791eadb5decbb.png,not_close,reviewed,ads2/assets/review_crops/close_glyph_candidates/sample/candidate_crops,asset_d2e791eadb5decbb,ads2\assets\review_crops,candidate_crop,non_action_target,,,,,file_f9e36cc186a5ca7d,asset_d2e791eadb5decbb,D:\Projects\adb_vl\ads2\assets\review_crops\close_glyph_candidates\sample\candidate_crops\002890_score_0.874_x82_y461_w15_h15_log__20260711_093513_29888_kingdom_vault__000008_20260711_093618_after_tap_495_170.png.png,ads2\assets\review_crops\close_glyph_candidates\sample\candidate_crops\002890_score_0.874_x82_y461_w15_h15_log__20260711_093513_29888_kingdom_vault__000008_20260711_093618_after_tap_495_170.png.png,ads,crop,candidate_crop,raw,non_action_target,
vision_platform\ads\pilot\action_classifier_v2\dataset\images\ads_action_v2_00496_not_close_asset_9b6c7250bc14da7b.png,not_close,reviewed,ads2/assets/review_crops/close_glyph_candidates/sample/candidate_crops,asset_9b6c7250bc14da7b,ads2\assets\review_crops,candidate_crop,non_action_target,,,,,file_4f7c58c9d784f1ef,asset_9b6c7250bc14da7b,D:\Projects\adb_vl\ads2\assets\review_crops\close_glyph_candidates\sample\candidate_crops\002891_score_0.874_x82_y461_w15_h15_log__20260711_093513_29888_kingdom_vault__000015_20260711_093633_before_swipe_86_430_86_130_420.png.png,ads2\assets\review_crops\close_glyph_candidates\sample\candidate_crops\002891_score_0.874_x82_y461_w15_h15_log__20260711_093513_29888_kingdom_vault__000015_20260711_093633_before_swipe_86_430_86_130_420.png.png,ads,crop,candidate_crop,raw,non_action_target,
vision_platform\ads\pilot\action_classifier_v2\dataset\images\ads_action_v2_00497_not_close_asset_61733e86a247a344.png,not_close,reviewed,ads2/assets/review_crops/close_glyph_candidates/sample/candidate_crops,asset_61733e86a247a344,ads2\assets\review_crops,candidate_crop,non_action_target,,,,,file_2f70d4ae3eda4797,asset_61733e86a247a344,D:\Projects\adb_vl\ads2\assets\review_crops\close_glyph_candidates\sample\candidate_crops\002892_score_0.874_x82_y461_w15_h15_log__20260711_093513_29888_kingdom_vault__000014_20260711_093629_after_tap_495_170.png.png,ads2\assets\review_crops\close_glyph_candidates\sample\candidate_crops\002892_score_0.874_x82_y461_w15_h15_log__20260711_093513_29888_kingdom_vault__000014_20260711_093629_after_tap_495_170.png.png,ads,crop,candidate_crop,raw,non_action_target,
vision_platform\ads\pilot\action_classifier_v2\dataset\images\ads_action_v2_00498_not_close_asset_b98ddca05edde5cb.png,not_close,reviewed,ads2/assets/review_crops/close_glyph_candidates/sample/candidate_crops,asset_b98ddca05edde5cb,ads2\assets\review_crops,candidate_crop,non_action_target,,,,,file_b326cc5993324902,asset_b98ddca05edde5cb,D:\Projects\adb_vl\ads2\assets\review_crops\close_glyph_candidates\sample\candidate_crops\002893_score_0.874_x82_y461_w15_h15_log__20260711_093806_46808_afk_20260711_093802_14_王國金庫_task__000001_20260711_093808_before_swipe_86_430_86_130_420.png.png,ads2\assets\review_crops\close_glyph_candidates\sample\candidate_crops\002893_score_0.874_x82_y461_w15_h15_log__20260711_093806_46808_afk_20260711_093802_14_王國金庫_task__000001_20260711_093808_before_swipe_86_430_86_130_420.png.png,ads,crop,candidate_crop,raw,non_action_target,
vision_platform\ads\pilot\action_classifier_v2\dataset\images\ads_action_v2_00499_not_close_asset_abdd62217082e743.png,not_close,reviewed,ads2/assets/review_crops/close_glyph_candidates/sample/candidate_crops,asset_abdd62217082e743,ads2\assets\review_crops,candidate_crop,non_action_target,,,,,file_a518ef7f7ee303e9,asset_abdd62217082e743,D:\Projects\adb_vl\ads2\assets\review_crops\close_glyph_candidates\sample\candidate_crops\002895_score_0.874_x82_y461_w15_h15_log__20260711_112714_67508_afk_20260711_112709_tiger_王國金庫_task__000014_20260711_112829_after_tap_495_170.png.png,ads2\assets\review_crops\close_glyph_candidates\sample\candidate_crops\002895_score_0.874_x82_y461_w15_h15_log__20260711_112714_67508_afk_20260711_112709_tiger_王國金庫_task__000014_20260711_112829_after_tap_495_170.png.png,ads,crop,candidate_crop,raw,non_action_target,
vision_platform\ads\pilot\action_classifier_v2\dataset\images\ads_action_v2_00500_not_close_asset_fd303d13bfc45e3b.png,not_close,reviewed,ads2/assets/review_crops/close_glyph_candidates/sample/candidate_crops,asset_fd303d13bfc45e3b,ads2\assets\review_crops,candidate_crop,non_action_target,,,,,file_a9005d5628239655,asset_fd303d13bfc45e3b,D:\Projects\adb_vl\ads2\assets\review_crops\close_glyph_candidates\sample\candidate_crops\002896_score_0.874_x82_y461_w15_h15_log__20260711_112714_67508_afk_20260711_112709_tiger_王國金庫_task__000015_20260711_112833_before_swipe_86_430_86_130_420.png.png,ads2\assets\review_crops\close_glyph_candidates\sample\candidate_crops\002896_score_0.874_x82_y461_w15_h15_log__20260711_112714_67508_afk_20260711_112709_tiger_王國金庫_task__000015_20260711_112833_before_swipe_86_430_86_130_420.png.png,ads,crop,candidate_crop,raw,non_action_target,
vision_platform\ads\pilot\action_classifier_v2\dataset\images\ads_action_v2_00501_not_close_asset_a2d77598d0693c89.png,not_close,reviewed,ads2/assets/review_crops/close_glyph_candidates/sample/candidate_crops,asset_a2d77598d0693c89,ads2\assets\review_crops,candidate_crop,non_action_target,,,,,file_715101fcab8526ab,asset_a2d77598d0693c89,D:\Projects\adb_vl\ads2\assets\review_crops\close_glyph_candidates\sample\candidate_crops\003016_score_0.874_x272_y617_w33_h33_log__20260711_010520_33712_afk_20260711_010506_em3_廣告探寶鏟_task__000012_20260711_010732_after_tap_41_34.png.png,ads2\assets\review_crops\close_glyph_candidates\sample\candidate_crops\003016_score_0.874_x272_y617_w33_h33_log__20260711_010520_33712_afk_20260711_010506_em3_廣告探寶鏟_task__000012_20260711_010732_after_tap_41_34.png.png,ads,crop,candidate_crop,raw,non_action_target,
vision_platform\ads\pilot\action_classifier_v2\dataset\images\ads_action_v2_00502_not_close_asset_f1ce4131498eb1af.png,not_close,reviewed,ads2/assets/review_crops/close_glyph_candidates/sample/candidate_crops,asset_f1ce4131498eb1af,ads2\assets\review_crops,candidate_crop,non_action_target,,,,,file_d0db53d54984d0c6,asset_f1ce4131498eb1af,D:\Projects\adb_vl\ads2\assets\review_crops\close_glyph_candidates\sample\candidate_crops\003017_score_0.874_x453_y376_w25_h19_log__20260711_003939_31364_afk_20260711_002946_tiger_廣告探寶鏟_task__000010_20260711_004052_after_tap_924_33.png.png,ads2\assets\review_crops\close_glyph_candidates\sample\candidate_crops\003017_score_0.874_x453_y376_w25_h19_log__20260711_003939_31364_afk_20260711_002946_tiger_廣告探寶鏟_task__000010_20260711_004052_after_tap_924_33.png.png,ads,crop,candidate_crop,raw,non_action_target,
vision_platform\ads\pilot\action_classifier_v2\dataset\images\ads_action_v2_00503_not_close_asset_d64d2f0f99aa8f99.png,not_close,reviewed,ads2/assets/review_crops/close_glyph_candidates/sample/candidate_crops,asset_d64d2f0f99aa8f99,ads2\assets\review_crops,candidate_crop,non_action_target,,,,,file_a9d51a8424f59a01,asset_d64d2f0f99aa8f99,D:\Projects\adb_vl\ads2\assets\review_crops\close_glyph_candidates\sample\candidate_crops\003038_score_0.874_x432_y206_w17_h15_log__20260707_160103_33324__000975_20260709_150606_before_tap_80_500.png.png,ads2\assets\review_crops\close_glyph_candidates\sample\candidate_crops\003038_score_0.874_x432_y206_w17_h15_log__20260707_160103_33324__000975_20260709_150606_before_tap_80_500.png.png,ads,crop,candidate_crop,raw,non_action_target,
vision_platform\ads\pilot\action_classifier_v2\dataset\images\ads_action_v2_00504_not_close_asset_8d59ffce62d7cb97.png,not_close,reviewed,ads2/assets/review_crops/close_glyph_candidates/sample/candidate_crops,asset_8d59ffce62d7cb97,ads2\assets\review_crops,candidate_crop,non_action_target,,,,,file_217256017bbd4505,asset_8d59ffce62d7cb97,D:\Projects\adb_vl\ads2\assets\review_crops\close_glyph_candidates\sample\candidate_crops\003039_score_0.874_x81_y298_w18_h16_log__20260711_105219_54776_afk_20260711_105214_311_王國金庫_task__000002_20260711_105221_after_tap_80_124.png.png,ads2\assets\review_crops\close_glyph_candidates\sample\candidate_crops\003039_score_0.874_x81_y298_w18_h16_log__20260711_105219_54776_afk_20260711_105214_311_王國金庫_task__000002_20260711_105221_after_tap_80_124.png.png,ads,crop,candidate_crop,raw,non_action_target,
vision_platform\ads\pilot\action_classifier_v2\dataset\images\ads_action_v2_00505_not_close_asset_6a9a5185ad90c54c.png,not_close,reviewed,ads2/assets/review_crops/close_glyph_candidates/sample/candidate_crops,asset_6a9a5185ad90c54c,ads2\assets\review_crops,candidate_crop,non_action_target,,,,,file_c2d01a6ca62d7b11,asset_6a9a5185ad90c54c,D:\Projects\adb_vl\ads2\assets\review_crops\close_glyph_candidates\sample\candidate_crops\003040_score_0.874_x81_y240_w18_h16_log__20260711_105219_54776_afk_20260711_105214_311_王國金庫_task__000018_20260711_105249_after_tap_80_427.png.png,ads2\assets\review_crops\close_glyph_candidates\sample\candidate_crops\003040_score_0.874_x81_y240_w18_h16_log__20260711_105219_54776_afk_20260711_105214_311_王國金庫_task__000018_20260711_105249_after_tap_80_427.png.png,ads,crop,candidate_crop,raw,non_action_target,
vision_platform\ads\pilot\action_classifier_v2\dataset\images\ads_action_v2_00506_not_close_asset_02252e6266678058.png,not_close,reviewed,ads2/assets/review_crops/close_glyph_candidates/sample/candidate_crops,asset_02252e6266678058,ads2\assets\review_crops,candidate_crop,non_action_target,,,,,file_2f31d787c36301c2,asset_02252e6266678058,D:\Projects\adb_vl\ads2\assets\review_crops\close_glyph_candidates\sample\candidate_crops\003041_score_0.873_x432_y206_w17_h15_log__20260707_160103_33324__001174_20260709_230837_before_tap_80_500.png.png,ads2\assets\review_crops\close_glyph_candidates\sample\candidate_crops\003041_score_0.873_x432_y206_w17_h15_log__20260707_160103_33324__001174_20260709_230837_before_tap_80_500.png.png,ads,crop,candidate_crop,raw,non_action_target,
vision_platform\ads\pilot\action_classifier_v2\dataset\images\ads_action_v2_00507_not_close_asset_be7ba4cc0831053d.png,not_close,reviewed,ads2/assets/review_crops/close_glyph_candidates/sample/candidate_crops,asset_be7ba4cc0831053d,ads2\assets\review_crops,candidate_crop,non_action_target,,,,,file_b7c3ddff641b14c6,asset_be7ba4cc0831053d,D:\Projects\adb_vl\ads2\assets\review_crops\close_glyph_candidates\sample\candidate_crops\003042_score_0.873_x454_y349_w20_h23_log__20260707_160103_33324__001151_20260709_230650_before_tap_80_500.png.png,ads2\assets\review_crops\close_glyph_candidates\sample\candidate_crops\003042_score_0.873_x454_y349_w20_h23_log__20260707_160103_33324__001151_20260709_230650_before_tap_80_500.png.png,ads,crop,candidate_crop,raw,non_action_target,
vision_platform\ads\pilot\action_classifier_v2\dataset\images\ads_action_v2_00508_not_close_asset_9fc224dd28110d23.png,not_close,reviewed,ads2/assets/review_crops/close_glyph_candidates/sample/candidate_crops,asset_9fc224dd28110d23,ads2\assets\review_crops,candidate_crop,non_action_target,,,,,file_704ed167131bf8fe,asset_9fc224dd28110d23,D:\Projects\adb_vl\ads2\assets\review_crops\close_glyph_candidates\sample\candidate_crops\003043_score_0.873_x81_y400_w17_h16_log__20260711_093513_29888_kingdom_vault__000011_20260711_093624_before_tap_441_229.png.png,ads2\assets\review_crops\close_glyph_candidates\sample\candidate_crops\003043_score_0.873_x81_y400_w17_h16_log__20260711_093513_29888_kingdom_vault__000011_20260711_093624_before_tap_441_229.png.png,ads,crop,candidate_crop,raw,non_action_target,
vision_platform\ads\pilot\action_classifier_v2\dataset\images\ads_action_v2_00509_not_close_asset_7fe07f6d486b69ea.png,not_close,reviewed,ads2/assets/review_crops/close_glyph_candidates/sample/candidate_crops,asset_7fe07f6d486b69ea,ads2\assets\review_crops,candidate_crop,non_action_target,,,,,file_8e3b3196c6c4e1e7,asset_7fe07f6d486b69ea,D:\Projects\adb_vl\ads2\assets\review_crops\close_glyph_candidates\sample\candidate_crops\003044_score_0.873_x81_y400_w17_h16_log__20260711_093513_29888_kingdom_vault__000012_20260711_093626_after_tap_441_229.png.png,ads2\assets\review_crops\close_glyph_candidates\sample\candidate_crops\003044_score_0.873_x81_y400_w17_h16_log__20260711_093513_29888_kingdom_vault__000012_20260711_093626_after_tap_441_229.png.png,ads,crop,candidate_crop,raw,non_action_target,
vision_platform\ads\pilot\action_classifier_v2\dataset\images\ads_action_v2_00510_not_close_asset_5559f27f5896de0b.png,not_close,reviewed,ads2/assets/review_crops/close_glyph_candidates/sample/candidate_crops,asset_5559f27f5896de0b,ads2\assets\review_crops,candidate_crop,non_action_target,,,,,file_7fbb2993a9095d9b,asset_5559f27f5896de0b,D:\Projects\adb_vl\ads2\assets\review_crops\close_glyph_candidates\sample\candidate_crops\003045_score_0.873_x81_y400_w17_h16_log__20260711_112714_67508_afk_20260711_112709_tiger_王國金庫_task__000011_20260711_112824_before_tap_441_229.png.png,ads2\assets\review_crops\close_glyph_candidates\sample\candidate_crops\003045_score_0.873_x81_y400_w17_h16_log__20260711_112714_67508_afk_20260711_112709_tiger_王國金庫_task__000011_20260711_112824_before_tap_441_229.png.png,ads,crop,candidate_crop,raw,non_action_target,
vision_platform\ads\pilot\action_classifier_v2\dataset\images\ads_action_v2_00511_not_close_asset_8a652e4c7afbed82.png,not_close,reviewed,ads2/assets/review_crops/close_glyph_candidates/sample/candidate_crops,asset_8a652e4c7afbed82,ads2\assets\review_crops,candidate_crop,non_action_target,,,,,file_e444c89e3013375d,asset_8a652e4c7afbed82,D:\Projects\adb_vl\ads2\assets\review_crops\close_glyph_candidates\sample\candidate_crops\003046_score_0.873_x81_y400_w17_h16_log__20260711_112714_67508_afk_20260711_112709_tiger_王國金庫_task__000012_20260711_112826_after_tap_441_229.png.png,ads2\assets\review_crops\close_glyph_candidates\sample\candidate_crops\003046_score_0.873_x81_y400_w17_h16_log__20260711_112714_67508_afk_20260711_112709_tiger_王國金庫_task__000012_20260711_112826_after_tap_441_229.png.png,ads,crop,candidate_crop,raw,non_action_target,
vision_platform\ads\pilot\action_classifier_v2\dataset\images\ads_action_v2_00512_not_close_asset_0ea0408870ae56b9.png,not_close,reviewed,ads2/assets/review_crops/close_glyph_candidates/sample/candidate_crops,asset_0ea0408870ae56b9,ads2\assets\review_crops,candidate_crop,non_action_target,,,,,file_da3e489f82e7c1db,asset_0ea0408870ae56b9,D:\Projects\adb_vl\ads2\assets\review_crops\close_glyph_candidates\sample\candidate_crops\003047_score_0.873_x675_y499_w12_h15_log__20260711_003939_31364_afk_20260711_002946_tiger_廣告探寶鏟_task__000030_20260711_004338_after_tap_67_40.png.png,ads2\assets\review_crops\close_glyph_candidates\sample\candidate_crops\003047_score_0.873_x675_y499_w12_h15_log__20260711_003939_31364_afk_20260711_002946_tiger_廣告探寶鏟_task__000030_20260711_004338_after_tap_67_40.png.png,ads,crop,candidate_crop,raw,non_action_target,
vision_platform\ads\pilot\action_classifier_v2\dataset\images\ads_action_v2_00513_not_close_asset_8cff773009cd27cd.png,not_close,reviewed,ads2/assets/review_crops/close_glyph_candidates/sample/candidate_crops,asset_8cff773009cd27cd,ads2\assets\review_crops,candidate_crop,non_action_target,,,,,file_baef1487dfae55f6,asset_8cff773009cd27cd,D:\Projects\adb_vl\ads2\assets\review_crops\close_glyph_candidates\sample\candidate_crops\003048_score_0.873_x675_y499_w12_h15_log__20260711_011142_36488_afk_20260711_011124_em3_廣告時間沙漏_task__000018_20260711_011414_after_tap_67_40.png.png,ads2\assets\review_crops\close_glyph_candidates\sample\candidate_crops\003048_score_0.873_x675_y499_w12_h15_log__20260711_011142_36488_afk_20260711_011124_em3_廣告時間沙漏_task__000018_20260711_011414_after_tap_67_40.png.png,ads,crop,candidate_crop,raw,non_action_target,
vision_platform\ads\pilot\action_classifier_v2\dataset\images\ads_action_v2_00514_not_close_asset_68017aac18164e18.png,not_close,reviewed,ads2/assets/review_crops/close_glyph_candidates/sample/candidate_crops,asset_68017aac18164e18,ads2\assets\review_crops,candidate_crop,non_action_target,,,,,file_88934be24fe8495b,asset_68017aac18164e18,D:\Projects\adb_vl\ads2\assets\review_crops\close_glyph_candidates\sample\candidate_crops\003049_score_0.873_x432_y206_w17_h15_log__20260707_160103_33324__001319_20260710_070724_before_tap_80_500.png.png,ads2\assets\review_crops\close_glyph_candidates\sample\candidate_crops\003049_score_0.873_x432_y206_w17_h15_log__20260707_160103_33324__001319_20260710_070724_before_tap_80_500.png.png,ads,crop,candidate_crop,raw,non_action_target,
vision_platform\ads\pilot\action_classifier_v2\dataset\images\ads_action_v2_00515_not_close_asset_4112add4f61cbc28.png,not_close,reviewed,ads2/assets/review_crops/close_glyph_candidates/sample/candidate_crops,asset_4112add4f61cbc28,ads2\assets\review_crops,candidate_crop,non_action_target,,,,,file_59af7f6d05f8f61a,asset_4112add4f61cbc28,D:\Projects\adb_vl\ads2\assets\review_crops\close_glyph_candidates\sample\candidate_crops\003050_score_0.872_x99_y279_w17_h18_log__20260711_100901_69040_afk_20260711_100305_em3_王國金庫_task_fail_returncode_1__000004_20260711_100908_after_swipe_86_130_86_430_420.png.png,ads2\assets\review_crops\close_glyph_candidates\sample\candidate_crops\003050_score_0.872_x99_y279_w17_h18_log__20260711_100901_69040_afk_20260711_100305_em3_王國金庫_task_fail_returncode_1__000004_20260711_100908_after_swipe_86_130_86_430_420.png.png,ads,crop,candidate_crop,raw,non_action_target,
vision_platform\ads\pilot\action_classifier_v2\dataset\images\ads_action_v2_00516_not_close_asset_ad69ea5249520fd6.png,not_close,reviewed,ads2/assets/review_crops/close_glyph_candidates/sample/candidate_crops,asset_ad69ea5249520fd6,ads2\assets\review_crops,candidate_crop,non_action_target,,,,,file_a33f9c24b823f705,asset_ad69ea5249520fd6,D:\Projects\adb_vl\ads2\assets\review_crops\close_glyph_candidates\sample\candidate_crops\003051_score_0.872_x99_y279_w17_h18_log__20260711_154545_35900_kingdom_vault__000004_20260711_154552_after_swipe_86_130_86_430_420.png.png,ads2\assets\review_crops\close_glyph_candidates\sample\candidate_crops\003051_score_0.872_x99_y279_w17_h18_log__20260711_154545_35900_kingdom_vault__000004_20260711_154552_after_swipe_86_130_86_430_420.png.png,ads,crop,candidate_crop,raw,non_action_target,
vision_platform\ads\pilot\action_classifier_v2\dataset\images\ads_action_v2_00517_not_close_asset_51f22a903dc336b5.png,not_close,reviewed,ads2/assets/review_crops/close_glyph_candidates/sample/candidate_crops,asset_51f22a903dc336b5,ads2\assets\review_crops,candidate_crop,non_action_target,,,,,file_798461a394dcd27c,asset_51f22a903dc336b5,D:\Projects\adb_vl\ads2\assets\review_crops\close_glyph_candidates\sample\candidate_crops\003052_score_0.872_x424_y265_w22_h24_log__20260711_003939_31364_afk_20260711_002946_tiger_廣告探寶鏟_task__000018_20260711_004142_after_tap_67_40.png.png,ads2\assets\review_crops\close_glyph_candidates\sample\candidate_crops\003052_score_0.872_x424_y265_w22_h24_log__20260711_003939_31364_afk_20260711_002946_tiger_廣告探寶鏟_task__000018_20260711_004142_after_tap_67_40.png.png,ads,crop,candidate_crop,raw,non_action_target,
vision_platform\ads\pilot\action_classifier_v2\dataset\images\ads_action_v2_00518_not_close_asset_a0fa1958b6e18939.png,not_close,reviewed,ads2/assets/review_crops/close_glyph_candidates/sample/candidate_crops,asset_a0fa1958b6e18939,ads2\assets\review_crops,candidate_crop,non_action_target,,,,,file_7cdf73fc3514fa0f,asset_a0fa1958b6e18939,D:\Projects\adb_vl\ads2\assets\review_crops\close_glyph_candidates\sample\candidate_crops\003053_score_0.872_x417_y479_w19_h19_log__20260711_010520_33712_afk_20260711_010506_em3_廣告探寶鏟_task__000024_20260711_010920_after_tap_301_350.png.png,ads2\assets\review_crops\close_glyph_candidates\sample\candidate_crops\003053_score_0.872_x417_y479_w19_h19_log__20260711_010520_33712_afk_20260711_010506_em3_廣告探寶鏟_task__000024_20260711_010920_after_tap_301_350.png.png,ads,crop,candidate_crop,raw,non_action_target,
vision_platform\ads\pilot\action_classifier_v2\dataset\images\ads_action_v2_00519_not_close_asset_e167c74648f20edd.png,not_close,reviewed,ads2/assets/review_crops/close_glyph_candidates/sample/candidate_crops,asset_e167c74648f20edd,ads2\assets\review_crops,candidate_crop,non_action_target,,,,,file_8783dc4c02861724,asset_e167c74648f20edd,D:\Projects\adb_vl\ads2\assets\review_crops\close_glyph_candidates\sample\candidate_crops\003227_score_0.871_x81_y276_w18_h16_log__20260711_154545_35900_kingdom_vault__000006_20260711_154555_after_tap_80_104.png.png,ads2\assets\review_crops\close_glyph_candidates\sample\candidate_crops\003227_score_0.871_x81_y276_w18_h16_log__20260711_154545_35900_kingdom_vault__000006_20260711_154555_after_tap_80_104.png.png,ads,crop,candidate_crop,raw,non_action_target,
vision_platform\ads\pilot\action_classifier_v2\dataset\images\ads_action_v2_00520_not_close_asset_2a518cf351246237.png,not_close,reviewed,ads2/assets/review_crops/close_glyph_candidates/sample/candidate_crops,asset_2a518cf351246237,ads2\assets\review_crops,candidate_crop,non_action_target,,,,,file_c7a081a7e1ef9d0e,asset_2a518cf351246237,D:\Projects\adb_vl\ads2\assets\review_crops\close_glyph_candidates\sample\candidate_crops\003228_score_0.871_x434_y343_w37_h30_log__20260707_160103_33324__001229_20260710_070206_before_tap_80_500.png.png,ads2\assets\review_crops\close_glyph_candidates\sample\candidate_crops\003228_score_0.871_x434_y343_w37_h30_log__20260707_160103_33324__001229_20260710_070206_before_tap_80_500.png.png,ads,crop,candidate_crop,raw,non_action_target,
vision_platform\ads\pilot\action_classifier_v2\dataset\images\ads_action_v2_00521_not_close_asset_cdf5843814233b4c.png,not_close,reviewed,ads2/assets/review_crops/close_glyph_candidates/sample/candidate_crops,asset_cdf5843814233b4c,ads2\assets\review_crops,candidate_crop,non_action_target,,,,,file_63e100ccccee4281,asset_cdf5843814233b4c,D:\Projects\adb_vl\ads2\assets\review_crops\close_glyph_candidates\sample\candidate_crops\003229_score_0.871_x318_y136_w40_h36_log__20260711_110821_25824_afk_20260711_110759_tiger_每日任務_task__000038_20260711_110940_before_tap_495_170.png.png,ads2\assets\review_crops\close_glyph_candidates\sample\candidate_crops\003229_score_0.871_x318_y136_w40_h36_log__20260711_110821_25824_afk_20260711_110759_tiger_每日任務_task__000038_20260711_110940_before_tap_495_170.png.png,ads,crop,candidate_crop,raw,non_action_target,
vision_platform\ads\pilot\action_classifier_v2\dataset\images\ads_action_v2_00522_not_close_asset_408028055d97ac58.png,not_close,reviewed,ads2/assets/review_crops/close_glyph_candidates/sample/candidate_crops,asset_408028055d97ac58,ads2\assets\review_crops,candidate_crop,non_action_target,,,,,file_05f800825a9f331d,asset_408028055d97ac58,D:\Projects\adb_vl\ads2\assets\review_crops\close_glyph_candidates\sample\candidate_crops\003230_score_0.871_x432_y206_w17_h15_log__20260710_125824_2204__000645_20260711_151225_before_tap_495_170.png.png,ads2\assets\review_crops\close_glyph_candidates\sample\candidate_crops\003230_score_0.871_x432_y206_w17_h15_log__20260710_125824_2204__000645_20260711_151225_before_tap_495_170.png.png,ads,crop,candidate_crop,raw,non_action_target,
vision_platform\ads\pilot\action_classifier_v2\dataset\images\ads_action_v2_00523_not_close_asset_5d31488c0d2f0e01.png,not_close,reviewed,ads2/assets/review_crops/close_glyph_candidates/sample/candidate_crops,asset_5d31488c0d2f0e01,ads2\assets\review_crops,candidate_crop,non_action_target,,,,,file_fb1a38c590d5d9b5,asset_5d31488c0d2f0e01,D:\Projects\adb_vl\ads2\assets\review_crops\close_glyph_candidates\sample\candidate_crops\003231_score_0.871_x263_y66_w16_h16_log__20260710_125824_2204__000507_20260711_150155_after_tap_247_515.png.png,ads2\assets\review_crops\close_glyph_candidates\sample\candidate_crops\003231_score_0.871_x263_y66_w16_h16_log__20260710_125824_2204__000507_20260711_150155_after_tap_247_515.png.png,ads,crop,candidate_crop,raw,non_action_target,
vision_platform\ads\pilot\action_classifier_v2\dataset\images\ads_action_v2_00524_not_close_asset_1e6538c5c6f9e8f7.png,not_close,reviewed,ads2/assets/review_crops/close_glyph_candidates/sample/candidate_crops,asset_1e6538c5c6f9e8f7,ads2\assets\review_crops,candidate_crop,non_action_target,,,,,file_6ca65768c50ff310,asset_1e6538c5c6f9e8f7,D:\Projects\adb_vl\ads2\assets\review_crops\close_glyph_candidates\sample\candidate_crops\003232_score_0.870_x406_y903_w28_h22_log__20260711_010520_33712_afk_20260711_010506_em3_廣告探寶鏟_task__000009_20260711_010722_before_tap_41_34.png.png,ads2\assets\review_crops\close_glyph_candidates\sample\candidate_crops\003232_score_0.870_x406_y903_w28_h22_log__20260711_010520_33712_afk_20260711_010506_em3_廣告探寶鏟_task__000009_20260711_010722_before_tap_41_34.png.png,ads,crop,candidate_crop,raw,non_action_target,
vision_platform\ads\pilot\action_classifier_v2\dataset\images\ads_action_v2_00525_not_close_asset_2debf6438cbfdd66.png,not_close,reviewed,ads2/assets/review_crops/close_glyph_candidates/sample/candidate_crops,asset_2debf6438cbfdd66,ads2\assets\review_crops,candidate_crop,non_action_target,,,,,file_b337eb25081798c3,asset_2debf6438cbfdd66,D:\Projects\adb_vl\ads2\assets\review_crops\close_glyph_candidates\sample\candidate_crops\003233_score_0.870_x615_y108_w36_h29_log__20260711_094400_67140_afk_20260711_094338_em3_每日任務_task__000082_20260711_094714_before_tap_840_452.png.png,ads2\assets\review_crops\close_glyph_candidates\sample\candidate_crops\003233_score_0.870_x615_y108_w36_h29_log__20260711_094400_67140_afk_20260711_094338_em3_每日任務_task__000082_20260711_094714_before_tap_840_452.png.png,ads,crop,candidate_crop,raw,non_action_target,
vision_platform\ads\pilot\action_classifier_v2\dataset\images\ads_action_v2_00526_not_close_asset_2cedb61455e635df.png,not_close,reviewed,ads2/assets/review_crops/close_glyph_candidates/sample/candidate_crops,asset_2cedb61455e635df,ads2\assets\review_crops,candidate_crop,non_action_target,,,,,file_3174c7c233b52250,asset_2cedb61455e635df,D:\Projects\adb_vl\ads2\assets\review_crops\close_glyph_candidates\sample\candidate_crops\003234_score_0.870_x615_y108_w36_h29_log__20260711_103235_63312_afk_20260711_103216_311_每日任務_task__000130_20260711_103717_before_swipe_360_430_360_230_700.png.png,ads2\assets\review_crops\close_glyph_candidates\sample\candidate_crops\003234_score_0.870_x615_y108_w36_h29_log__20260711_103235_63312_afk_20260711_103216_311_每日任務_task__000130_20260711_103717_before_swipe_360_430_360_230_700.png.png,ads,crop,candidate_crop,raw,non_action_target,
vision_platform\ads\pilot\action_classifier_v2\dataset\images\ads_action_v2_00527_not_close_asset_4d316cadf0811d0a.png,not_close,reviewed,ads2/assets/review_crops/close_glyph_candidates/sample/candidate_crops,asset_4d316cadf0811d0a,ads2\assets\review_crops,candidate_crop,non_action_target,,,,,file_8b2d4c0384d01205,asset_4d316cadf0811d0a,D:\Projects\adb_vl\ads2\assets\review_crops\close_glyph_candidates\sample\candidate_crops\003272_score_0.869_x81_y100_w17_h16_log__20260711_112714_67508_afk_20260711_112709_tiger_王國金庫_task__000010_20260711_112822_after_tap_80_408.png.png,ads2\assets\review_crops\close_glyph_candidates\sample\candidate_crops\003272_score_0.869_x81_y100_w17_h16_log__20260711_112714_67508_afk_20260711_112709_tiger_王國金庫_task__000010_20260711_112822_after_tap_80_408.png.png,ads,crop,candidate_crop,raw,non_action_target,
vision_platform\ads\pilot\action_classifier_v2\dataset\images\ads_action_v2_00528_not_close_asset_e42e11a3cc45adc2.png,not_close,reviewed,ads2/assets/review_crops/close_glyph_candidates/sample/candidate_crops,asset_e42e11a3cc45adc2,ads2\assets\review_crops,candidate_crop,non_action_target,,,,,file_c01bbbeb11fe12f3,asset_e42e11a3cc45adc2,D:\Projects\adb_vl\ads2\assets\review_crops\close_glyph_candidates\sample\candidate_crops\003273_score_0.869_x395_y182_w14_h14_log__20260711_095223_69352_afk_20260711_095203_em3_深淵_task__000009_20260711_095244_abyss_rental_scan_02.png.png,ads2\assets\review_crops\close_glyph_candidates\sample\candidate_crops\003273_score_0.869_x395_y182_w14_h14_log__20260711_095223_69352_afk_20260711_095203_em3_深淵_task__000009_20260711_095244_abyss_rental_scan_02.png.png,ads,crop,candidate_crop,raw,non_action_target,
vision_platform\ads\pilot\action_classifier_v2\dataset\images\ads_action_v2_00529_not_close_asset_81d3441074ec44cd.png,not_close,reviewed,ads2/assets/review_crops/close_glyph_candidates/sample/candidate_crops,asset_81d3441074ec44cd,ads2\assets\review_crops,candidate_crop,non_action_target,,,,,file_6268b329ab3e3b4a,asset_81d3441074ec44cd,D:\Projects\adb_vl\ads2\assets\review_crops\close_glyph_candidates\sample\candidate_crops\003274_score_0.869_x395_y161_w14_h14_log__20260711_095223_69352_afk_20260711_095203_em3_深淵_task__000012_20260711_095249_abyss_rental_scan_03.png.png,ads2\assets\review_crops\close_glyph_candidates\sample\candidate_crops\003274_score_0.869_x395_y161_w14_h14_log__20260711_095223_69352_afk_20260711_095203_em3_深淵_task__000012_20260711_095249_abyss_rental_scan_03.png.png,ads,crop,candidate_crop,raw,non_action_target,
vision_platform\ads\pilot\action_classifier_v2\dataset\images\ads_action_v2_00530_not_close_asset_7c5f17a308aa411d.png,not_close,reviewed,ads2/assets/review_crops/close_glyph_candidates/sample/candidate_crops,asset_7c5f17a308aa411d,ads2\assets\review_crops,candidate_crop,non_action_target,,,,,file_91b822d4aa664d65,asset_7c5f17a308aa411d,D:\Projects\adb_vl\ads2\assets\review_crops\close_glyph_candidates\sample\candidate_crops\003275_score_0.869_x395_y188_w14_h14_log__20260711_104232_40108_afk_20260711_104213_311_深淵_task__000025_20260711_104317_abyss_rental_scan_03.png.png,ads2\assets\review_crops\close_glyph_candidates\sample\candidate_crops\003275_score_0.869_x395_y188_w14_h14_log__20260711_104232_40108_afk_20260711_104213_311_深淵_task__000025_20260711_104317_abyss_rental_scan_03.png.png,ads,crop,candidate_crop,raw,non_action_target,
vision_platform\ads\pilot\action_classifier_v2\dataset\images\ads_action_v2_00531_not_close_asset_3771ee3c5020de66.png,not_close,reviewed,ads2/assets/review_crops/close_glyph_candidates/sample/candidate_crops,asset_3771ee3c5020de66,ads2\assets\review_crops,candidate_crop,non_action_target,,,,,file_9c0c2aeddc1a3f88,asset_3771ee3c5020de66,D:\Projects\adb_vl\ads2\assets\review_crops\close_glyph_candidates\sample\candidate_crops\003276_score_0.869_x395_y383_w14_h14_log__20260711_104232_40108_afk_20260711_104213_311_深淵_task__000025_20260711_104317_abyss_rental_scan_03.png.png,ads2\assets\review_crops\close_glyph_candidates\sample\candidate_crops\003276_score_0.869_x395_y383_w14_h14_log__20260711_104232_40108_afk_20260711_104213_311_深淵_task__000025_20260711_104317_abyss_rental_scan_03.png.png,ads,crop,candidate_crop,raw,non_action_target,
vision_platform\ads\pilot\action_classifier_v2\dataset\images\ads_action_v2_00532_not_close_asset_cc72cd4202e1a506.png,not_close,reviewed,ads2/assets/review_crops/close_glyph_candidates/sample/candidate_crops,asset_cc72cd4202e1a506,ads2\assets\review_crops,candidate_crop,non_action_target,,,,,file_52c781c6c7095352,asset_cc72cd4202e1a506,D:\Projects\adb_vl\ads2\assets\review_crops\close_glyph_candidates\sample\candidate_crops\003277_score_0.869_x849_y198_w31_h27_log__20260711_110821_25824_afk_20260711_110759_tiger_每日任務_task__000147_20260711_111346_after_tap_902_480.png.png,ads2\assets\review_crops\close_glyph_candidates\sample\candidate_crops\003277_score_0.869_x849_y198_w31_h27_log__20260711_110821_25824_afk_20260711_110759_tiger_每日任務_task__000147_20260711_111346_after_tap_902_480.png.png,ads,crop,candidate_crop,raw,non_action_target,
vision_platform\ads\pilot\action_classifier_v2\dataset\images\ads_action_v2_00533_not_close_asset_c44ccdf8b556af22.png,not_close,reviewed,ads2/assets/review_crops/close_glyph_candidates/sample/candidate_crops,asset_c44ccdf8b556af22,ads2\assets\review_crops,candidate_crop,non_action_target,,,,,file_695a42e371c54b5c,asset_c44ccdf8b556af22,D:\Projects\adb_vl\ads2\assets\review_crops\close_glyph_candidates\sample\candidate_crops\003278_score_0.869_x357_y429_w21_h16_log__20260711_011142_36488_afk_20260711_011124_em3_廣告時間沙漏_task__000022_20260711_011434_after_tap_483_157.png.png,ads2\assets\review_crops\close_glyph_candidates\sample\candidate_crops\003278_score_0.869_x357_y429_w21_h16_log__20260711_011142_36488_afk_20260711_011124_em3_廣告時間沙漏_task__000022_20260711_011434_after_tap_483_157.png.png,ads,crop,candidate_crop,raw,non_action_target,
vision_platform\ads\pilot\action_classifier_v2\dataset\images\ads_action_v2_00534_not_close_asset_41d1ebe740a58811.png,not_close,reviewed,ads2/assets/review_crops/close_glyph_candidates/sample/candidate_crops,asset_41d1ebe740a58811,ads2\assets\review_crops,candidate_crop,non_action_target,,,,,file_d0f6a6cc9e3edb28,asset_41d1ebe740a58811,D:\Projects\adb_vl\ads2\assets\review_crops\close_glyph_candidates\sample\candidate_crops\003279_score_0.869_x115_y138_w23_h21_log__20260711_102309_2064_afk_20260711_101719_em3_高階競技場_route_enter__000005_20260711_102317_before_tap_712_290.png.png,ads2\assets\review_crops\close_glyph_candidates\sample\candidate_crops\003279_score_0.869_x115_y138_w23_h21_log__20260711_102309_2064_afk_20260711_101719_em3_高階競技場_route_enter__000005_20260711_102317_before_tap_712_290.png.png,ads,crop,candidate_crop,raw,non_action_target,
vision_platform\ads\pilot\action_classifier_v2\dataset\images\ads_action_v2_00535_not_close_asset_a48f35f3616b656e.png,not_close,reviewed,ads2/assets/review_crops/close_glyph_candidates/sample/candidate_crops,asset_a48f35f3616b656e,ads2\assets\review_crops,candidate_crop,non_action_target,,,,,file_a94408c1edfd14af,asset_a48f35f3616b656e,D:\Projects\adb_vl\ads2\assets\review_crops\close_glyph_candidates\sample\candidate_crops\003280_score_0.869_x318_y136_w36_h38_log__20260711_110821_25824_afk_20260711_110759_tiger_每日任務_task__000030_20260711_110922_before_tap_495_170.png.png,ads2\assets\review_crops\close_glyph_candidates\sample\candidate_crops\003280_score_0.869_x318_y136_w36_h38_log__20260711_110821_25824_afk_20260711_110759_tiger_每日任務_task__000030_20260711_110922_before_tap_495_170.png.png,ads,crop,candidate_crop,raw,non_action_target,
vision_platform\ads\pilot\action_classifier_v2\dataset\images\ads_action_v2_00536_not_close_asset_bbc0242389e22574.png,not_close,reviewed,ads2/assets/review_crops/close_glyph_candidates/sample/candidate_crops,asset_bbc0242389e22574,ads2\assets\review_crops,candidate_crop,non_action_target,,,,,file_a2e690aa99dd3c5e,asset_bbc0242389e22574,D:\Projects\adb_vl\ads2\assets\review_crops\close_glyph_candidates\sample\candidate_crops\003281_score_0.868_x432_y208_w17_h13_log__20260707_160103_33324__001026_20260709_150839_before_tap_80_500.png.png,ads2\assets\review_crops\close_glyph_candidates\sample\candidate_crops\003281_score_0.868_x432_y208_w17_h13_log__20260707_160103_33324__001026_20260709_150839_before_tap_80_500.png.png,ads,crop,candidate_crop,raw,non_action_target,
vision_platform\ads\pilot\action_classifier_v2\dataset\images\ads_action_v2_00537_not_close_asset_ce7831113f2bc0e7.png,not_close,reviewed,ads2/assets/review_crops/close_glyph_candidates/sample/candidate_crops,asset_ce7831113f2bc0e7,ads2\assets\review_crops,candidate_crop,non_action_target,,,,,file_c36ed65f10396219,asset_ce7831113f2bc0e7,D:\Projects\adb_vl\ads2\assets\review_crops\close_glyph_candidates\sample\candidate_crops\003282_score_0.868_x318_y136_w36_h38_log__20260711_103235_63312_afk_20260711_103216_311_每日任務_task__000038_20260711_103353_before_tap_495_170.png.png,ads2\assets\review_crops\close_glyph_candidates\sample\candidate_crops\003282_score_0.868_x318_y136_w36_h38_log__20260711_103235_63312_afk_20260711_103216_311_每日任務_task__000038_20260711_103353_before_tap_495_170.png.png,ads,crop,candidate_crop,raw,non_action_target,
vision_platform\ads\pilot\action_classifier_v2\dataset\images\ads_action_v2_00538_not_close_asset_979a18de8234a2d4.png,not_close,reviewed,ads2/assets/review_crops/close_glyph_candidates/sample/candidate_crops,asset_979a18de8234a2d4,ads2\assets\review_crops,candidate_crop,non_action_target,,,,,file_ff4130e6e870af72,asset_979a18de8234a2d4,D:\Projects\adb_vl\ads2\assets\review_crops\close_glyph_candidates\sample\candidate_crops\003283_score_0.868_x445_y260_w31_h23_log__20260711_084004_22576_afk_20260711_083942_14_每日任務_task_fail_returncode_1__000008_20260711_084022_before_tap_105_292.png.png,ads2\assets\review_crops\close_glyph_candidates\sample\candidate_crops\003283_score_0.868_x445_y260_w31_h23_log__20260711_084004_22576_afk_20260711_083942_14_每日任務_task_fail_returncode_1__000008_20260711_084022_before_tap_105_292.png.png,ads,crop,candidate_crop,raw,non_action_target,
vision_platform\ads\pilot\action_classifier_v2\dataset\images\ads_action_v2_00539_not_close_asset_d09dfca1d2dd3496.png,not_close,reviewed,ads2/assets/review_crops/close_glyph_candidates/sample/candidate_crops,asset_d09dfca1d2dd3496,ads2\assets\review_crops,candidate_crop,non_action_target,,,,,file_081c67b61d64e5f5,asset_d09dfca1d2dd3496,D:\Projects\adb_vl\ads2\assets\review_crops\close_glyph_candidates\sample\candidate_crops\003284_score_0.868_x742_y301_w37_h44_log__20260711_111953_39056_afk_20260711_111931_tiger_深淵_task__000059_20260711_112207_before_tap_590_398.png.png,ads2\assets\review_crops\close_glyph_candidates\sample\candidate_crops\003284_score_0.868_x742_y301_w37_h44_log__20260711_111953_39056_afk_20260711_111931_tiger_深淵_task__000059_20260711_112207_before_tap_590_398.png.png,ads,crop,candidate_crop,raw,non_action_target,
vision_platform\ads\pilot\action_classifier_v2\dataset\images\ads_action_v2_00540_not_close_asset_288612d2f5158f27.png,not_close,reviewed,ads2/assets/review_crops/close_glyph_candidates/sample/candidate_crops,asset_288612d2f5158f27,ads2\assets\review_crops,candidate_crop,non_action_target,,,,,file_a83136622bd1898a,asset_288612d2f5158f27,D:\Projects\adb_vl\ads2\assets\review_crops\close_glyph_candidates\sample\candidate_crops\003285_score_0.868_x432_y206_w17_h15_log__20260707_160103_33324__000684_20260708_230729_before_tap_80_500.png.png,ads2\assets\review_crops\close_glyph_candidates\sample\candidate_crops\003285_score_0.868_x432_y206_w17_h15_log__20260707_160103_33324__000684_20260708_230729_before_tap_80_500.png.png,ads,crop,candidate_crop,raw,non_action_target,
vision_platform\ads\pilot\action_classifier_v2\dataset\images\ads_action_v2_00541_not_close_asset_554fb5bb2bb8c2c7.png,not_close,reviewed,ads2/assets/review_crops/close_glyph_candidates/sample/candidate_crops,asset_554fb5bb2bb8c2c7,ads2\assets\review_crops,candidate_crop,non_action_target,,,,,file_10c4c5bdf42f4eef,asset_554fb5bb2bb8c2c7,D:\Projects\adb_vl\ads2\assets\review_crops\close_glyph_candidates\sample\candidate_crops\003286_score_0.867_x538_y190_w50_h51_log__20260711_095223_69352_afk_20260711_095203_em3_深淵_task__000037_20260711_095344_after_tap_927_94.png.png,ads2\assets\review_crops\close_glyph_candidates\sample\candidate_crops\003286_score_0.867_x538_y190_w50_h51_log__20260711_095223_69352_afk_20260711_095203_em3_深淵_task__000037_20260711_095344_after_tap_927_94.png.png,ads,crop,candidate_crop,raw,non_action_target,
vision_platform\ads\pilot\action_classifier_v2\dataset\images\ads_action_v2_00542_not_close_asset_c736b7a5ae813b01.png,not_close,reviewed,ads2/assets/review_crops/close_glyph_candidates/sample/candidate_crops,asset_c736b7a5ae813b01,ads2\assets\review_crops,candidate_crop,non_action_target,,,,,file_216199b21e92b6a7,asset_c736b7a5ae813b01,D:\Projects\adb_vl\ads2\assets\review_crops\close_glyph_candidates\sample\candidate_crops\003287_score_0.867_x538_y190_w50_h51_log__20260711_104232_40108_afk_20260711_104213_311_深淵_task__000049_20260711_104406_after_tap_927_94.png.png,ads2\assets\review_crops\close_glyph_candidates\sample\candidate_crops\003287_score_0.867_x538_y190_w50_h51_log__20260711_104232_40108_afk_20260711_104213_311_深淵_task__000049_20260711_104406_after_tap_927_94.png.png,ads,crop,candidate_crop,raw,non_action_target,
vision_platform\ads\pilot\action_classifier_v2\dataset\images\ads_action_v2_00543_not_close_asset_4c4e5bf38af5bad2.png,not_close,reviewed,ads2/assets/review_crops/close_glyph_candidates/sample/candidate_crops,asset_4c4e5bf38af5bad2,ads2\assets\review_crops,candidate_crop,non_action_target,,,,,file_50fe6d0a226f3c10,asset_4c4e5bf38af5bad2,D:\Projects\adb_vl\ads2\assets\review_crops\close_glyph_candidates\sample\candidate_crops\003288_score_0.867_x471_y346_w32_h24_log__20260707_160103_33324__000622_20260708_230326_before_tap_80_500.png.png,ads2\assets\review_crops\close_glyph_candidates\sample\candidate_crops\003288_score_0.867_x471_y346_w32_h24_log__20260707_160103_33324__000622_20260708_230326_before_tap_80_500.png.png,ads,crop,candidate_crop,raw,non_action_target,
vision_platform\ads\pilot\action_classifier_v2\dataset\images\ads_action_v2_00544_not_close_asset_f165a4802df974d9.png,not_close,reviewed,ads2/assets/review_crops/close_glyph_candidates/sample/candidate_crops,asset_f165a4802df974d9,ads2\assets\review_crops,candidate_crop,non_action_target,,,,,file_9fde93e4f3f782e1,asset_f165a4802df974d9,D:\Projects\adb_vl\ads2\assets\review_crops\close_glyph_candidates\sample\candidate_crops\003289_score_0.866_x60_y295_w39_h42_log__20260711_084610_10484_afk_20260711_083942_14_每日任務_task__000037_20260711_084727_after_tap_796_79.png.png,ads2\assets\review_crops\close_glyph_candidates\sample\candidate_crops\003289_score_0.866_x60_y295_w39_h42_log__20260711_084610_10484_afk_20260711_083942_14_每日任務_task__000037_20260711_084727_after_tap_796_79.png.png,ads,crop,candidate_crop,raw,non_action_target,
vision_platform\ads\pilot\action_classifier_v2\dataset\images\ads_action_v2_00545_not_close_asset_be973f4b18752b9a.png,not_close,reviewed,ads2/assets/review_crops/close_glyph_candidates/sample/candidate_crops,asset_be973f4b18752b9a,ads2\assets\review_crops,candidate_crop,non_action_target,,,,,file_7937e2d303a2fc41,asset_be973f4b18752b9a,D:\Projects\adb_vl\ads2\assets\review_crops\close_glyph_candidates\sample\candidate_crops\003290_score_0.866_x177_y200_w35_h27_log__20260711_094400_67140_afk_20260711_094338_em3_每日任務_task__000099_20260711_094749_before_tap_193_336.png.png,ads2\assets\review_crops\close_glyph_candidates\sample\candidate_crops\003290_score_0.866_x177_y200_w35_h27_log__20260711_094400_67140_afk_20260711_094338_em3_每日任務_task__000099_20260711_094749_before_tap_193_336.png.png,ads,crop,candidate_crop,raw,non_action_target,
vision_platform\ads\pilot\action_classifier_v2\dataset\images\ads_action_v2_00546_not_close_asset_c8a22ee6bc0c3a45.png,not_close,reviewed,ads2/assets/review_crops/close_glyph_candidates/sample/candidate_crops,asset_c8a22ee6bc0c3a45,ads2\assets\review_crops,candidate_crop,non_action_target,,,,,file_ae57ede9fefdc3e3,asset_c8a22ee6bc0c3a45,D:\Projects\adb_vl\ads2\assets\review_crops\close_glyph_candidates\sample\candidate_crops\003291_score_0.866_x432_y206_w17_h15_log__20260707_160103_33324__000940_20260709_150400_before_tap_80_500.png.png,ads2\assets\review_crops\close_glyph_candidates\sample\candidate_crops\003291_score_0.866_x432_y206_w17_h15_log__20260707_160103_33324__000940_20260709_150400_before_tap_80_500.png.png,ads,crop,candidate_crop,raw,non_action_target,
vision_platform\ads\pilot\action_classifier_v2\dataset\images\ads_action_v2_00547_not_close_asset_683215c4ec99223d.png,not_close,reviewed,ads2/assets/review_crops/close_glyph_candidates/sample/candidate_crops,asset_683215c4ec99223d,ads2\assets\review_crops,candidate_crop,non_action_target,,,,,file_77c29de1ce6b63d0,asset_683215c4ec99223d,D:\Projects\adb_vl\ads2\assets\review_crops\close_glyph_candidates\sample\candidate_crops\003292_score_0.866_x432_y206_w17_h15_log__20260707_160103_33324__000825_20260709_070608_before_tap_80_500.png.png,ads2\assets\review_crops\close_glyph_candidates\sample\candidate_crops\003292_score_0.866_x432_y206_w17_h15_log__20260707_160103_33324__000825_20260709_070608_before_tap_80_500.png.png,ads,crop,candidate_crop,raw,non_action_target,
vision_platform\ads\pilot\action_classifier_v2\dataset\images\ads_action_v2_00548_not_close_asset_153842038744f5af.png,not_close,reviewed,ads2/assets/review_crops/close_glyph_candidates/sample/candidate_crops,asset_153842038744f5af,ads2\assets\review_crops,candidate_crop,non_action_target,,,,,file_10cf70447a6a5294,asset_153842038744f5af,D:\Projects\adb_vl\ads2\assets\review_crops\close_glyph_candidates\sample\candidate_crops\003293_score_0.866_x86_y112_w35_h38_log__20260707_160103_33324__001149_20260709_230648_before_tap_678_446.png.png,ads2\assets\review_crops\close_glyph_candidates\sample\candidate_crops\003293_score_0.866_x86_y112_w35_h38_log__20260707_160103_33324__001149_20260709_230648_before_tap_678_446.png.png,ads,crop,candidate_crop,raw,non_action_target,
vision_platform\ads\pilot\action_classifier_v2\dataset\images\ads_action_v2_00549_not_close_asset_2bcfc05ab866e74c.png,not_close,reviewed,ads2/assets/review_crops/close_glyph_candidates/sample/candidate_crops,asset_2bcfc05ab866e74c,ads2\assets\review_crops,candidate_crop,non_action_target,,,,,file_18b2c2587f06fc4f,asset_2bcfc05ab866e74c,D:\Projects\adb_vl\ads2\assets\review_crops\close_glyph_candidates\sample\candidate_crops\003294_score_0.866_x417_y479_w19_h19_log__20260711_010520_33712_afk_20260711_010506_em3_廣告探寶鏟_task__000025_20260711_010938_before_tap_67_40.png.png,ads2\assets\review_crops\close_glyph_candidates\sample\candidate_crops\003294_score_0.866_x417_y479_w19_h19_log__20260711_010520_33712_afk_20260711_010506_em3_廣告探寶鏟_task__000025_20260711_010938_before_tap_67_40.png.png,ads,crop,candidate_crop,raw,non_action_target,
vision_platform\ads\pilot\action_classifier_v2\dataset\images\ads_action_v2_00550_not_close_asset_bf67cbb2e28353db.png,not_close,reviewed,ads2/assets/review_crops/close_glyph_candidates/sample/candidate_crops,asset_bf67cbb2e28353db,ads2\assets\review_crops,candidate_crop,non_action_target,,,,,file_6ebbcd22dc0213c2,asset_bf67cbb2e28353db,D:\Projects\adb_vl\ads2\assets\review_crops\close_glyph_candidates\sample\candidate_crops\003295_score_0.865_x82_y443_w15_h13_log__20260711_155245_32320_kingdom_vault__000002_20260711_155248_after_swipe_86_430_86_130_420.png.png,ads2\assets\review_crops\close_glyph_candidates\sample\candidate_crops\003295_score_0.865_x82_y443_w15_h13_log__20260711_155245_32320_kingdom_vault__000002_20260711_155248_after_swipe_86_430_86_130_420.png.png,ads,crop,candidate_crop,raw,non_action_target,
vision_platform\ads\pilot\action_classifier_v2\dataset\images\ads_action_v2_00551_not_close_asset_b0f5ab323c569eae.png,not_close,reviewed,ads2/assets/review_crops/close_glyph_candidates/sample/candidate_crops,asset_b0f5ab323c569eae,ads2\assets\review_crops,candidate_crop,non_action_target,,,,,file_2ebd5df7a3c4e936,asset_b0f5ab323c569eae,D:\Projects\adb_vl\ads2\assets\review_crops\close_glyph_candidates\sample\candidate_crops\003296_score_0.865_x60_y295_w39_h42_log__20260711_103235_63312_afk_20260711_103216_311_每日任務_task__000140_20260711_103737_before_tap_659_113.png.png,ads2\assets\review_crops\close_glyph_candidates\sample\candidate_crops\003296_score_0.865_x60_y295_w39_h42_log__20260711_103235_63312_afk_20260711_103216_311_每日任務_task__000140_20260711_103737_before_tap_659_113.png.png,ads,crop,candidate_crop,raw,non_action_target,
vision_platform\ads\pilot\action_classifier_v2\dataset\images\ads_action_v2_00552_not_close_asset_6daf26fdce4a43d2.png,not_close,reviewed,ads2/assets/review_crops/close_glyph_candidates/sample/candidate_crops,asset_6daf26fdce4a43d2,ads2\assets\review_crops,candidate_crop,non_action_target,,,,,file_6d3e2d9269e44d00,asset_6daf26fdce4a43d2,D:\Projects\adb_vl\ads2\assets\review_crops\close_glyph_candidates\sample\candidate_crops\003297_score_0.865_x562_y513_w16_h17_log__20260711_081443_41084_afk_20260711_081428_311_廣告探寶鏟_task__000010_20260711_081659_after_tap_442_109.png.png,ads2\assets\review_crops\close_glyph_candidates\sample\candidate_crops\003297_score_0.865_x562_y513_w16_h17_log__20260711_081443_41084_afk_20260711_081428_311_廣告探寶鏟_task__000010_20260711_081659_after_tap_442_109.png.png,ads,crop,candidate_crop,raw,non_action_target,
vision_platform\ads\pilot\action_classifier_v2\dataset\images\ads_action_v2_00553_not_close_asset_559bfbda366916c9.png,not_close,reviewed,ads2/assets/review_crops/close_glyph_candidates/sample/candidate_crops,asset_559bfbda366916c9,ads2\assets\review_crops,candidate_crop,non_action_target,,,,,file_5a1ea906a469c04c,asset_559bfbda366916c9,D:\Projects\adb_vl\ads2\assets\review_crops\close_glyph_candidates\sample\candidate_crops\003300_score_0.865_x280_y406_w17_h15_log__20260711_095223_69352_afk_20260711_095203_em3_深淵_task__000034_20260711_095340_before_tap_927_94.png.png,ads2\assets\review_crops\close_glyph_candidates\sample\candidate_crops\003300_score_0.865_x280_y406_w17_h15_log__20260711_095223_69352_afk_20260711_095203_em3_深淵_task__000034_20260711_095340_before_tap_927_94.png.png,ads,crop,candidate_crop,raw,non_action_target,
vision_platform\ads\pilot\action_classifier_v2\dataset\images\ads_action_v2_00554_not_close_asset_366c2e827a864d08.png,not_close,reviewed,ads2/assets/review_crops/close_glyph_candidates/sample/candidate_crops,asset_366c2e827a864d08,ads2\assets\review_crops,candidate_crop,non_action_target,,,,,file_be79671a427cf4e0,asset_366c2e827a864d08,D:\Projects\adb_vl\ads2\assets\review_crops\close_glyph_candidates\sample\candidate_crops\003301_score_0.865_x45_y155_w17_h16_log__20260711_153753_50456_kingdom_vault__000054_20260711_153950_after_tap_80_164.png.png,ads2\assets\review_crops\close_glyph_candidates\sample\candidate_crops\003301_score_0.865_x45_y155_w17_h16_log__20260711_153753_50456_kingdom_vault__000054_20260711_153950_after_tap_80_164.png.png,ads,crop,candidate_crop,raw,non_action_target,
vision_platform\ads\pilot\action_classifier_v2\dataset\images\ads_action_v2_00555_not_close_asset_9078d5f907c38ceb.png,not_close,reviewed,ads2/assets/review_crops/close_glyph_candidates/sample/candidate_crops,asset_9078d5f907c38ceb,ads2\assets\review_crops,candidate_crop,non_action_target,,,,,file_3b9d699b62325c95,asset_9078d5f907c38ceb,D:\Projects\adb_vl\ads2\assets\review_crops\close_glyph_candidates\sample\candidate_crops\003302_score_0.864_x865_y108_w18_h17_log__20260711_085849_37020_afk_20260711_085840_14_看廣告_task__000009_20260711_085944_before_tap_914_36.png.png,ads2\assets\review_crops\close_glyph_candidates\sample\candidate_crops\003302_score_0.864_x865_y108_w18_h17_log__20260711_085849_37020_afk_20260711_085840_14_看廣告_task__000009_20260711_085944_before_tap_914_36.png.png,ads,crop,candidate_crop,raw,non_action_target,
vision_platform\ads\pilot\action_classifier_v2\dataset\images\ads_action_v2_00556_not_close_asset_5fe901a15d1d22c0.png,not_close,reviewed,ads2/assets/review_crops/close_glyph_candidates/sample/candidate_crops,asset_5fe901a15d1d22c0,ads2\assets\review_crops,candidate_crop,non_action_target,,,,,file_47783e0b3c8f4053,asset_5fe901a15d1d22c0,D:\Projects\adb_vl\ads2\assets\review_crops\close_glyph_candidates\sample\candidate_crops\003303_score_0.864_x383_y418_w28_h30_log__20260711_100857_69040_afk_20260711_100305_em3_王國金庫_route_enter__000002_20260711_100859_after_tap_42_129.png.png,ads2\assets\review_crops\close_glyph_candidates\sample\candidate_crops\003303_score_0.864_x383_y418_w28_h30_log__20260711_100857_69040_afk_20260711_100305_em3_王國金庫_route_enter__000002_20260711_100859_after_tap_42_129.png.png,ads,crop,candidate_crop,raw,non_action_target,
vision_platform\ads\pilot\action_classifier_v2\dataset\images\ads_action_v2_00557_not_close_asset_49feeb39fd8949aa.png,not_close,reviewed,ads2/assets/review_crops/close_glyph_candidates/sample/candidate_crops,asset_49feeb39fd8949aa,ads2\assets\review_crops,candidate_crop,non_action_target,,,,,file_233660bd5590e911,asset_49feeb39fd8949aa,D:\Projects\adb_vl\ads2\assets\review_crops\close_glyph_candidates\sample\candidate_crops\003304_score_0.864_x693_y77_w35_h39_log__20260711_095223_69352_afk_20260711_095203_em3_深淵_task__000029_20260711_095323_before_tap_55_482.png.png,ads2\assets\review_crops\close_glyph_candidates\sample\candidate_crops\003304_score_0.864_x693_y77_w35_h39_log__20260711_095223_69352_afk_20260711_095203_em3_深淵_task__000029_20260711_095323_before_tap_55_482.png.png,ads,crop,candidate_crop,raw,non_action_target,
vision_platform\ads\pilot\action_classifier_v2\dataset\images\ads_action_v2_00558_not_close_asset_382e2dfa36f0b27f.png,not_close,reviewed,ads2/assets/review_crops/close_glyph_candidates/sample/candidate_crops,asset_382e2dfa36f0b27f,ads2\assets\review_crops,candidate_crop,non_action_target,,,,,file_b28318bae90885e2,asset_382e2dfa36f0b27f,D:\Projects\adb_vl\ads2\assets\review_crops\close_glyph_candidates\sample\candidate_crops\003305_score_0.864_x513_y134_w19_h16_log__20260711_084610_10484_afk_20260711_083942_14_每日任務_task__000060_20260711_084813_after_tap_193_336.png.png,ads2\assets\review_crops\close_glyph_candidates\sample\candidate_crops\003305_score_0.864_x513_y134_w19_h16_log__20260711_084610_10484_afk_20260711_083942_14_每日任務_task__000060_20260711_084813_after_tap_193_336.png.png,ads,crop,candidate_crop,raw,non_action_target,
vision_platform\ads\pilot\action_classifier_v2\dataset\images\ads_action_v2_00559_not_close_asset_52f8d8445f7299e2.png,not_close,reviewed,ads2/assets/review_crops/close_glyph_candidates/sample/candidate_crops,asset_52f8d8445f7299e2,ads2\assets\review_crops,candidate_crop,non_action_target,,,,,file_6b4ac2bd2668e3c1,asset_52f8d8445f7299e2,D:\Projects\adb_vl\ads2\assets\review_crops\close_glyph_candidates\sample\candidate_crops\003338_score_0.864_x63_y275_w17_h16_log__20260711_154545_35900_kingdom_vault__000008_20260711_154559_after_tap_736_290.png.png,ads2\assets\review_crops\close_glyph_candidates\sample\candidate_crops\003338_score_0.864_x63_y275_w17_h16_log__20260711_154545_35900_kingdom_vault__000008_20260711_154559_after_tap_736_290.png.png,ads,crop,candidate_crop,raw,non_action_target,
vision_platform\ads\pilot\action_classifier_v2\dataset\images\ads_action_v2_00560_not_close_asset_f2d302d4c781d4bb.png,not_close,reviewed,ads2/assets/review_crops/close_glyph_candidates/sample/candidate_crops,asset_f2d302d4c781d4bb,ads2\assets\review_crops,candidate_crop,non_action_target,,,,,file_4710ffe70bb3ca15,asset_f2d302d4c781d4bb,D:\Projects\adb_vl\ads2\assets\review_crops\close_glyph_candidates\sample\candidate_crops\003340_score_0.864_x63_y275_w17_h16_log__20260711_154545_35900_kingdom_vault__000011_20260711_154759_before_tap_425_289.png.png,ads2\assets\review_crops\close_glyph_candidates\sample\candidate_crops\003340_score_0.864_x63_y275_w17_h16_log__20260711_154545_35900_kingdom_vault__000011_20260711_154759_before_tap_425_289.png.png,ads,crop,candidate_crop,raw,non_action_target,
vision_platform\ads\pilot\action_classifier_v2\dataset\images\ads_action_v2_00561_not_close_asset_05a4765b8561ad49.png,not_close,reviewed,ads2/assets/review_crops/close_glyph_candidates/sample/candidate_crops,asset_05a4765b8561ad49,ads2\assets\review_crops,candidate_crop,non_action_target,,,,,file_acabb50743e3b4b5,asset_05a4765b8561ad49,D:\Projects\adb_vl\ads2\assets\review_crops\close_glyph_candidates\sample\candidate_crops\003344_score_0.864_x63_y275_w17_h16_log__20260711_154545_35900_kingdom_vault__000015_20260711_154808_before_swipe_86_430_86_130_420.png.png,ads2\assets\review_crops\close_glyph_candidates\sample\candidate_crops\003344_score_0.864_x63_y275_w17_h16_log__20260711_154545_35900_kingdom_vault__000015_20260711_154808_before_swipe_86_430_86_130_420.png.png,ads,crop,candidate_crop,raw,non_action_target,
vision_platform\ads\pilot\action_classifier_v2\dataset\images\ads_action_v2_00562_not_close_asset_19674064014835d4.png,not_close,reviewed,ads2/assets/review_crops/close_glyph_candidates/sample/candidate_crops,asset_19674064014835d4,ads2\assets\review_crops,candidate_crop,non_action_target,,,,,file_79e3c9ce11683b2d,asset_19674064014835d4,D:\Projects\adb_vl\ads2\assets\review_crops\close_glyph_candidates\sample\candidate_crops\003346_score_0.863_x471_y269_w23_h19_log__20260711_012116_25040_afk_20260711_011942_14_廣告探寶鏟_route_enter_fail_returncode_1__000007_20260711_012132_before_tap_916_352.png.png,ads2\assets\review_crops\close_glyph_candidates\sample\candidate_crops\003346_score_0.863_x471_y269_w23_h19_log__20260711_012116_25040_afk_20260711_011942_14_廣告探寶鏟_route_enter_fail_returncode_1__000007_20260711_012132_before_tap_916_352.png.png,ads,crop,candidate_crop,raw,non_action_target,
vision_platform\ads\pilot\action_classifier_v2\dataset\images\ads_action_v2_00563_not_close_asset_4cc73248215ffca2.png,not_close,reviewed,ads2/assets/review_crops/close_glyph_candidates/sample/candidate_crops,asset_4cc73248215ffca2,ads2\assets\review_crops,candidate_crop,non_action_target,,,,,file_54765ed2196a815c,asset_4cc73248215ffca2,D:\Projects\adb_vl\ads2\assets\review_crops\close_glyph_candidates\sample\candidate_crops\003347_score_0.863_x471_y269_w23_h19_log__20260711_012512_50192_afk_20260711_011942_14_廣告探寶鏟_route_enter_fail_returncode_1__000007_20260711_012527_before_tap_916_352.png.png,ads2\assets\review_crops\close_glyph_candidates\sample\candidate_crops\003347_score_0.863_x471_y269_w23_h19_log__20260711_012512_50192_afk_20260711_011942_14_廣告探寶鏟_route_enter_fail_returncode_1__000007_20260711_012527_before_tap_916_352.png.png,ads,crop,candidate_crop,raw,non_action_target,
vision_platform\ads\pilot\action_classifier_v2\dataset\images\ads_action_v2_00564_not_close_asset_7198a0a5685d20fc.png,not_close,reviewed,ads2/assets/review_crops/close_glyph_candidates/sample/candidate_crops,asset_7198a0a5685d20fc,ads2\assets\review_crops,candidate_crop,non_action_target,,,,,file_b25393cf1843734d,asset_7198a0a5685d20fc,D:\Projects\adb_vl\ads2\assets\review_crops\close_glyph_candidates\sample\candidate_crops\003348_score_0.863_x471_y269_w23_h19_log__20260711_013055_47492_afk_20260711_012536_14_廣告時間沙漏_route_enter_fail_returncode_1__000007_20260711_013110_before_tap_916_352.png.png,ads2\assets\review_crops\close_glyph_candidates\sample\candidate_crops\003348_score_0.863_x471_y269_w23_h19_log__20260711_013055_47492_afk_20260711_012536_14_廣告時間沙漏_route_enter_fail_returncode_1__000007_20260711_013110_before_tap_916_352.png.png,ads,crop,candidate_crop,raw,non_action_target,
vision_platform\ads\pilot\action_classifier_v2\dataset\images\ads_action_v2_00565_not_close_asset_722dd607cecfbea7.png,not_close,reviewed,ads2/assets/review_crops/close_glyph_candidates/sample/candidate_crops,asset_722dd607cecfbea7,ads2\assets\review_crops,candidate_crop,non_action_target,,,,,file_c567c68120a76c03,asset_722dd607cecfbea7,D:\Projects\adb_vl\ads2\assets\review_crops\close_glyph_candidates\sample\candidate_crops\003349_score_0.863_x100_y427_w15_h15_log__20260711_093806_46808_afk_20260711_093802_14_王國金庫_task__000003_20260711_093811_before_swipe_86_130_86_430_420.png.png,ads2\assets\review_crops\close_glyph_candidates\sample\candidate_crops\003349_score_0.863_x100_y427_w15_h15_log__20260711_093806_46808_afk_20260711_093802_14_王國金庫_task__000003_20260711_093811_before_swipe_86_130_86_430_420.png.png,ads,crop,candidate_crop,raw,non_action_target,
vision_platform\ads\pilot\action_classifier_v2\dataset\images\ads_action_v2_00566_not_close_asset_68ed4ca03da58afd.png,not_close,reviewed,ads2/assets/review_crops/close_glyph_candidates/sample/candidate_crops,asset_68ed4ca03da58afd,ads2\assets\review_crops,candidate_crop,non_action_target,,,,,file_65f5bceabe9779f4,asset_68ed4ca03da58afd,D:\Projects\adb_vl\ads2\assets\review_crops\close_glyph_candidates\sample\candidate_crops\003350_score_0.863_x330_y478_w13_h14_log__20260711_110821_25824_afk_20260711_110759_tiger_每日任務_task__000329_20260711_111843_after_swipe_360_430_360_230_700.png.png,ads2\assets\review_crops\close_glyph_candidates\sample\candidate_crops\003350_score_0.863_x330_y478_w13_h14_log__20260711_110821_25824_afk_20260711_110759_tiger_每日任務_task__000329_20260711_111843_after_swipe_360_430_360_230_700.png.png,ads,crop,candidate_crop,raw,non_action_target,
vision_platform\ads\pilot\action_classifier_v2\dataset\images\ads_action_v2_00567_not_close_asset_e05ce044a244d103.png,not_close,reviewed,ads2/assets/review_crops/close_glyph_candidates/sample/candidate_crops,asset_e05ce044a244d103,ads2\assets\review_crops,candidate_crop,non_action_target,,,,,file_2d55cf1c387c5dfd,asset_e05ce044a244d103,D:\Projects\adb_vl\ads2\assets\review_crops\close_glyph_candidates\sample\candidate_crops\003351_score_0.863_x669_y147_w44_h46_log__20260711_095156_4644_afk_20260711_095142_em3_每日簽到_route_exit__000002_20260711_095159_after_tap_51_22.png.png,ads2\assets\review_crops\close_glyph_candidates\sample\candidate_crops\003351_score_0.863_x669_y147_w44_h46_log__20260711_095156_4644_afk_20260711_095142_em3_每日簽到_route_exit__000002_20260711_095159_after_tap_51_22.png.png,ads,crop,candidate_crop,raw,non_action_target,
vision_platform\ads\pilot\action_classifier_v2\dataset\images\ads_action_v2_00568_not_close_asset_b965b95d731b01b9.png,not_close,reviewed,ads2/assets/review_crops/close_glyph_candidates/sample/candidate_crops,asset_b965b95d731b01b9,ads2\assets\review_crops,candidate_crop,non_action_target,,,,,file_c99112e5922ef4dc,asset_b965b95d731b01b9,D:\Projects\adb_vl\ads2\assets\review_crops\close_glyph_candidates\sample\candidate_crops\003352_score_0.863_x86_y112_w35_h38_log__20260707_160103_33324__001019_20260709_150828_after_tap_80_500.png.png,ads2\assets\review_crops\close_glyph_candidates\sample\candidate_crops\003352_score_0.863_x86_y112_w35_h38_log__20260707_160103_33324__001019_20260709_150828_after_tap_80_500.png.png,ads,crop,candidate_crop,raw,non_action_target,
vision_platform\ads\pilot\action_classifier_v2\dataset\images\ads_action_v2_00569_not_close_asset_aec9f9bc33aa722d.png,not_close,reviewed,ads2/assets/review_crops/close_glyph_candidates/sample/candidate_crops,asset_aec9f9bc33aa722d,ads2\assets\review_crops,candidate_crop,non_action_target,,,,,file_68a02c9d3a3e66d2,asset_aec9f9bc33aa722d,D:\Projects\adb_vl\ads2\assets\review_crops\close_glyph_candidates\sample\candidate_crops\003353_score_0.862_x81_y419_w17_h16_log__20260711_105219_54776_afk_20260711_105214_311_王國金庫_task__000019_20260711_105250_before_tap_441_229.png.png,ads2\assets\review_crops\close_glyph_candidates\sample\candidate_crops\003353_score_0.862_x81_y419_w17_h16_log__20260711_105219_54776_afk_20260711_105214_311_王國金庫_task__000019_20260711_105250_before_tap_441_229.png.png,ads,crop,candidate_crop,raw,non_action_target,
vision_platform\ads\pilot\action_classifier_v2\dataset\images\ads_action_v2_00570_not_close_asset_30d04dde11da54fc.png,not_close,reviewed,ads2/assets/review_crops/close_glyph_candidates/sample/candidate_crops,asset_30d04dde11da54fc,ads2\assets\review_crops,candidate_crop,non_action_target,,,,,file_73000c19536999a8,asset_30d04dde11da54fc,D:\Projects\adb_vl\ads2\assets\review_crops\close_glyph_candidates\sample\candidate_crops\003354_score_0.862_x81_y419_w17_h16_log__20260711_105219_54776_afk_20260711_105214_311_王國金庫_task__000022_20260711_105255_after_tap_495_170.png.png,ads2\assets\review_crops\close_glyph_candidates\sample\candidate_crops\003354_score_0.862_x81_y419_w17_h16_log__20260711_105219_54776_afk_20260711_105214_311_王國金庫_task__000022_20260711_105255_after_tap_495_170.png.png,ads,crop,candidate_crop,raw,non_action_target,
vision_platform\ads\pilot\action_classifier_v2\dataset\images\ads_action_v2_00571_not_close_asset_dace1aeb6f99e147.png,not_close,reviewed,ads2/assets/review_crops/close_glyph_candidates/sample/candidate_crops,asset_dace1aeb6f99e147,ads2\assets\review_crops,candidate_crop,non_action_target,,,,,file_e1ab5b5b43241c9a,asset_dace1aeb6f99e147,D:\Projects\adb_vl\ads2\assets\review_crops\close_glyph_candidates\sample\candidate_crops\003355_score_0.862_x81_y419_w17_h16_log__20260711_105219_54776_afk_20260711_105214_311_王國金庫_task__000020_20260711_105252_after_tap_441_229.png.png,ads2\assets\review_crops\close_glyph_candidates\sample\candidate_crops\003355_score_0.862_x81_y419_w17_h16_log__20260711_105219_54776_afk_20260711_105214_311_王國金庫_task__000020_20260711_105252_after_tap_441_229.png.png,ads,crop,candidate_crop,raw,non_action_target,
vision_platform\ads\pilot\action_classifier_v2\dataset\images\ads_action_v2_00572_not_close_asset_9dbff90d19654513.png,not_close,reviewed,ads2/assets/review_crops/close_glyph_candidates/sample/candidate_crops,asset_9dbff90d19654513,ads2\assets\review_crops,candidate_crop,non_action_target,,,,,file_82920fcad12b71af,asset_9dbff90d19654513,D:\Projects\adb_vl\ads2\assets\review_crops\close_glyph_candidates\sample\candidate_crops\003356_score_0.862_x432_y206_w17_h15_log__20260707_160103_33324__000610_20260708_230308_before_tap_80_500.png.png,ads2\assets\review_crops\close_glyph_candidates\sample\candidate_crops\003356_score_0.862_x432_y206_w17_h15_log__20260707_160103_33324__000610_20260708_230308_before_tap_80_500.png.png,ads,crop,candidate_crop,raw,non_action_target,
vision_platform\ads\pilot\action_classifier_v2\dataset\images\ads_action_v2_00573_not_close_asset_ee471a461dd12762.png,not_close,reviewed,ads2/assets/review_crops/close_glyph_candidates/sample/candidate_crops,asset_ee471a461dd12762,ads2\assets\review_crops,candidate_crop,non_action_target,,,,,file_26a94364f0b09dce,asset_ee471a461dd12762,D:\Projects\adb_vl\ads2\assets\review_crops\close_glyph_candidates\sample\candidate_crops\003357_score_0.862_x369_y228_w26_h26_log__20260711_095223_69352_afk_20260711_095203_em3_深淵_task__000031_20260711_095327_abyss_rented_hero_selected.png.png,ads2\assets\review_crops\close_glyph_candidates\sample\candidate_crops\003357_score_0.862_x369_y228_w26_h26_log__20260711_095223_69352_afk_20260711_095203_em3_深淵_task__000031_20260711_095327_abyss_rented_hero_selected.png.png,ads,crop,candidate_crop,raw,non_action_target,
vision_platform\ads\pilot\action_classifier_v2\dataset\images\ads_action_v2_00574_not_close_asset_43348dfaf9205fd9.png,not_close,reviewed,ads2/assets/review_crops/close_glyph_candidates/sample/candidate_crops,asset_43348dfaf9205fd9,ads2\assets\review_crops,candidate_crop,non_action_target,,,,,file_d2d49718969dc901,asset_43348dfaf9205fd9,D:\Projects\adb_vl\ads2\assets\review_crops\close_glyph_candidates\sample\candidate_crops\003358_score_0.862_x432_y208_w17_h13_log__20260707_160103_33324__000645_20260708_230516_before_tap_80_500.png.png,ads2\assets\review_crops\close_glyph_candidates\sample\candidate_crops\003358_score_0.862_x432_y208_w17_h13_log__20260707_160103_33324__000645_20260708_230516_before_tap_80_500.png.png,ads,crop,candidate_crop,raw,non_action_target,
vision_platform\ads\pilot\action_classifier_v2\dataset\images\ads_action_v2_00575_not_close_asset_940dae61652a9b37.png,not_close,reviewed,ads2/assets/review_crops/close_glyph_candidates/sample/candidate_crops,asset_940dae61652a9b37,ads2\assets\review_crops,candidate_crop,non_action_target,,,,,file_9634d224cf52b725,asset_940dae61652a9b37,D:\Projects\adb_vl\ads2\assets\review_crops\close_glyph_candidates\sample\candidate_crops\003359_score_0.862_x799_y286_w15_h12_log__20260711_084610_10484_afk_20260711_083942_14_每日任務_task__000096_20260711_084923_before_tap_478_150.png.png,ads2\assets\review_crops\close_glyph_candidates\sample\candidate_crops\003359_score_0.862_x799_y286_w15_h12_log__20260711_084610_10484_afk_20260711_083942_14_每日任務_task__000096_20260711_084923_before_tap_478_150.png.png,ads,crop,candidate_crop,raw,non_action_target,
vision_platform\ads\pilot\action_classifier_v2\dataset\images\ads_action_v2_00576_not_close_asset_88fab188c6bb98b3.png,not_close,reviewed,ads2/assets/review_crops/close_glyph_candidates/sample/candidate_crops,asset_88fab188c6bb98b3,ads2\assets\review_crops,candidate_crop,non_action_target,,,,,file_9487586222983a42,asset_88fab188c6bb98b3,D:\Projects\adb_vl\ads2\assets\review_crops\close_glyph_candidates\sample\candidate_crops\003377_score_0.861_x570_y120_w35_h43_log__20260711_103216_63312_afk_20260711_103216_311_每日任務_route_enter__000002_20260711_103218_after_tap_468_523.png.png,ads2\assets\review_crops\close_glyph_candidates\sample\candidate_crops\003377_score_0.861_x570_y120_w35_h43_log__20260711_103216_63312_afk_20260711_103216_311_每日任務_route_enter__000002_20260711_103218_after_tap_468_523.png.png,ads,crop,candidate_crop,raw,non_action_target,
vision_platform\ads\pilot\action_classifier_v2\dataset\images\ads_action_v2_00577_not_close_asset_eada6361fb72f57b.png,not_close,reviewed,ads2/assets/review_crops/close_glyph_candidates/sample/candidate_crops,asset_eada6361fb72f57b,ads2\assets\review_crops,candidate_crop,non_action_target,,,,,file_64ef8d89141f69fc,asset_eada6361fb72f57b,D:\Projects\adb_vl\ads2\assets\review_crops\close_glyph_candidates\sample\candidate_crops\003378_score_0.861_x135_y298_w17_h18_log__20260711_105219_54776_afk_20260711_105214_311_王國金庫_task__000021_20260711_105254_before_tap_495_170.png.png,ads2\assets\review_crops\close_glyph_candidates\sample\candidate_crops\003378_score_0.861_x135_y298_w17_h18_log__20260711_105219_54776_afk_20260711_105214_311_王國金庫_task__000021_20260711_105254_before_tap_495_170.png.png,ads,crop,candidate_crop,raw,non_action_target,
vision_platform\ads\pilot\action_classifier_v2\dataset\images\ads_action_v2_00578_not_close_asset_e91e1459b59f27eb.png,not_close,reviewed,ads2/assets/review_crops/close_glyph_candidates/sample/candidate_crops,asset_e91e1459b59f27eb,ads2\assets\review_crops,candidate_crop,non_action_target,,,,,file_a165330d21f205fc,asset_e91e1459b59f27eb,D:\Projects\adb_vl\ads2\assets\review_crops\close_glyph_candidates\sample\candidate_crops\003379_score_0.861_x582_y206_w22_h24_log__20260711_083219_50204_afk_20260711_083021_14_廣告探寶鏟_task__000021_20260711_083540_before_tap_483_157.png.png,ads2\assets\review_crops\close_glyph_candidates\sample\candidate_crops\003379_score_0.861_x582_y206_w22_h24_log__20260711_083219_50204_afk_20260711_083021_14_廣告探寶鏟_task__000021_20260711_083540_before_tap_483_157.png.png,ads,crop,candidate_crop,raw,non_action_target,
vision_platform\ads\pilot\action_classifier_v2\dataset\images\ads_action_v2_00579_not_close_asset_34c38e9f001fb40e.png,not_close,reviewed,ads2/assets/review_crops/close_glyph_candidates/sample/candidate_crops,asset_34c38e9f001fb40e,ads2\assets\review_crops,candidate_crop,non_action_target,,,,,file_5c2ac423b85811db,asset_34c38e9f001fb40e,D:\Projects\adb_vl\ads2\assets\review_crops\close_glyph_candidates\sample\candidate_crops\003380_score_0.861_x513_y180_w15_h17_log__20260711_110821_25824_afk_20260711_110759_tiger_每日任務_task__000321_20260711_111824_after_tap_478_150.png.png,ads2\assets\review_crops\close_glyph_candidates\sample\candidate_crops\003380_score_0.861_x513_y180_w15_h17_log__20260711_110821_25824_afk_20260711_110759_tiger_每日任務_task__000321_20260711_111824_after_tap_478_150.png.png,ads,crop,candidate_crop,raw,non_action_target,
vision_platform\ads\pilot\action_classifier_v2\dataset\images\ads_action_v2_00580_not_close_asset_2395e750045fa7e4.png,not_close,reviewed,ads2/assets/review_crops/close_glyph_candidates/sample/candidate_crops,asset_2395e750045fa7e4,ads2\assets\review_crops,candidate_crop,non_action_target,,,,,file_81df671aa4033c69,asset_2395e750045fa7e4,D:\Projects\adb_vl\ads2\assets\review_crops\close_glyph_candidates\sample\candidate_crops\003381_score_0.861_x86_y112_w35_h38_log__20260707_160103_33324__001179_20260709_230844_after_tap_80_500.png.png,ads2\assets\review_crops\close_glyph_candidates\sample\candidate_crops\003381_score_0.861_x86_y112_w35_h38_log__20260707_160103_33324__001179_20260709_230844_after_tap_80_500.png.png,ads,crop,candidate_crop,raw,non_action_target,
vision_platform\ads\pilot\action_classifier_v2\dataset\images\ads_action_v2_00581_not_close_asset_1f022836c02809bd.png,not_close,reviewed,ads2/assets/review_crops/close_glyph_candidates/sample/candidate_crops,asset_1f022836c02809bd,ads2\assets\review_crops,candidate_crop,non_action_target,,,,,file_3f82f944fae1abd5,asset_1f022836c02809bd,D:\Projects\adb_vl\ads2\assets\review_crops\close_glyph_candidates\sample\candidate_crops\003382_score_0.860_x593_y208_w36_h30_log__20260711_015755_72740_afk_20260711_015737_tiger_廣告時間沙漏_task__000019_20260711_015931_before_tap_301_350.png.png,ads2\assets\review_crops\close_glyph_candidates\sample\candidate_crops\003382_score_0.860_x593_y208_w36_h30_log__20260711_015755_72740_afk_20260711_015737_tiger_廣告時間沙漏_task__000019_20260711_015931_before_tap_301_350.png.png,ads,crop,candidate_crop,raw,non_action_target,
vision_platform\ads\pilot\action_classifier_v2\dataset\images\ads_action_v2_00582_not_close_asset_8c7cd6b1a0962dbc.png,not_close,reviewed,ads2/assets/review_crops/close_glyph_candidates/sample/candidate_crops,asset_8c7cd6b1a0962dbc,ads2\assets\review_crops,candidate_crop,non_action_target,,,,,file_0cfb89e5188b7ced,asset_8c7cd6b1a0962dbc,D:\Projects\adb_vl\ads2\assets\review_crops\close_glyph_candidates\sample\candidate_crops\003383_score_0.859_x570_y168_w23_h20_log__20260711_110821_25824_afk_20260711_110759_tiger_每日任務_task__000035_20260711_110932_after_tap_495_170.png.png,ads2\assets\review_crops\close_glyph_candidates\sample\candidate_crops\003383_score_0.859_x570_y168_w23_h20_log__20260711_110821_25824_afk_20260711_110759_tiger_每日任務_task__000035_20260711_110932_after_tap_495_170.png.png,ads,crop,candidate_crop,raw,non_action_target,
vision_platform\ads\pilot\action_classifier_v2\dataset\images\ads_action_v2_00583_not_close_asset_c2979698a24e50ad.png,not_close,reviewed,ads2/assets/review_crops/close_glyph_candidates/sample/candidate_crops,asset_c2979698a24e50ad,ads2\assets\review_crops,candidate_crop,non_action_target,,,,,file_7634fb4cc4c6447f,asset_c2979698a24e50ad,D:\Projects\adb_vl\ads2\assets\review_crops\close_glyph_candidates\sample\candidate_crops\003384_score_0.859_x99_y348_w34_h37_log__20260711_105900_35312_afk_20260711_105311_311_高階競技場_route_enter__000001_20260711_105901_before_tap_247_515.png.png,ads2\assets\review_crops\close_glyph_candidates\sample\candidate_crops\003384_score_0.859_x99_y348_w34_h37_log__20260711_105900_35312_afk_20260711_105311_311_高階競技場_route_enter__000001_20260711_105901_before_tap_247_515.png.png,ads,crop,candidate_crop,raw,non_action_target,
vision_platform\ads\pilot\action_classifier_v2\dataset\images\ads_action_v2_00584_not_close_asset_7a150464aad8654b.png,not_close,reviewed,ads2/assets/review_crops/close_glyph_candidates/sample/candidate_crops,asset_7a150464aad8654b,ads2\assets\review_crops,candidate_crop,non_action_target,,,,,file_ec9855415e6285fb,asset_7a150464aad8654b,D:\Projects\adb_vl\ads2\assets\review_crops\close_glyph_candidates\sample\candidate_crops\003385_score_0.859_x285_y492_w13_h14_log__20260711_110821_25824_afk_20260711_110759_tiger_每日任務_task__000325_20260711_111835_after_swipe_360_430_360_230_700.png.png,ads2\assets\review_crops\close_glyph_candidates\sample\candidate_crops\003385_score_0.859_x285_y492_w13_h14_log__20260711_110821_25824_afk_20260711_110759_tiger_每日任務_task__000325_20260711_111835_after_swipe_360_430_360_230_700.png.png,ads,crop,candidate_crop,raw,non_action_target,
vision_platform\ads\pilot\action_classifier_v2\dataset\images\ads_action_v2_00585_not_close_asset_bb3d55b08738c82c.png,not_close,reviewed,ads2/assets/review_crops/close_glyph_candidates/sample/candidate_crops,asset_bb3d55b08738c82c,ads2\assets\review_crops,candidate_crop,non_action_target,,,,,file_1fdb30efe0534335,asset_bb3d55b08738c82c,D:\Projects\adb_vl\ads2\assets\review_crops\close_glyph_candidates\sample\candidate_crops\003386_score_0.859_x118_y338_w15_h16_log__20260711_101501_60008_afk_20260711_100305_em3_王國金庫_task_fail_returncode_1__000004_20260711_101511_after_swipe_86_130_86_430_420.png.png,ads2\assets\review_crops\close_glyph_candidates\sample\candidate_crops\003386_score_0.859_x118_y338_w15_h16_log__20260711_101501_60008_afk_20260711_100305_em3_王國金庫_task_fail_returncode_1__000004_20260711_101511_after_swipe_86_130_86_430_420.png.png,ads,crop,candidate_crop,raw,non_action_target,
vision_platform\ads\pilot\action_classifier_v2\dataset\images\ads_action_v2_00586_not_close_asset_b35b7168b6193cae.png,not_close,reviewed,ads2/assets/review_crops/close_glyph_candidates/sample/candidate_crops,asset_b35b7168b6193cae,ads2\assets\review_crops,candidate_crop,non_action_target,,,,,file_3b9d2d0a2ca910ae,asset_b35b7168b6193cae,D:\Projects\adb_vl\ads2\assets\review_crops\close_glyph_candidates\sample\candidate_crops\003387_score_0.858_x770_y11_w39_h43_log__20260711_110821_25824_afk_20260711_110759_tiger_每日任務_task__000135_20260711_111327_before_tap_481_482.png.png,ads2\assets\review_crops\close_glyph_candidates\sample\candidate_crops\003387_score_0.858_x770_y11_w39_h43_log__20260711_110821_25824_afk_20260711_110759_tiger_每日任務_task__000135_20260711_111327_before_tap_481_482.png.png,ads,crop,candidate_crop,raw,non_action_target,
vision_platform\ads\pilot\action_classifier_v2\dataset\images\ads_action_v2_00587_not_close_asset_f9c83b6fc866e796.png,not_close,reviewed,ads2/assets/review_crops/close_glyph_candidates/sample/candidate_crops,asset_f9c83b6fc866e796,ads2\assets\review_crops,candidate_crop,non_action_target,,,,,file_3f6bf9870ac0a2f3,asset_f9c83b6fc866e796,D:\Projects\adb_vl\ads2\assets\review_crops\close_glyph_candidates\sample\candidate_crops\003388_score_0.858_x653_y313_w29_h27_log__20260711_085505_41488_afk_20260711_085445_14_深淵_task__000041_20260711_085628_after_tap_588_399.png.png,ads2\assets\review_crops\close_glyph_candidates\sample\candidate_crops\003388_score_0.858_x653_y313_w29_h27_log__20260711_085505_41488_afk_20260711_085445_14_深淵_task__000041_20260711_085628_after_tap_588_399.png.png,ads,crop,candidate_crop,raw,non_action_target,
vision_platform\ads\pilot\action_classifier_v2\dataset\images\ads_action_v2_00588_not_close_asset_e1e6a49dcac737f5.png,not_close,reviewed,ads2/assets/review_crops/close_glyph_candidates/sample/candidate_crops,asset_e1e6a49dcac737f5,ads2\assets\review_crops,candidate_crop,non_action_target,,,,,file_4e1927d1440b4682,asset_e1e6a49dcac737f5,D:\Projects\adb_vl\ads2\assets\review_crops\close_glyph_candidates\sample\candidate_crops\003389_score_0.858_x433_y206_w15_h15_log__20260707_160103_33324__000637_20260708_230504_before_tap_80_500.png.png,ads2\assets\review_crops\close_glyph_candidates\sample\candidate_crops\003389_score_0.858_x433_y206_w15_h15_log__20260707_160103_33324__000637_20260708_230504_before_tap_80_500.png.png,ads,crop,candidate_crop,raw,non_action_target,
vision_platform\ads\pilot\action_classifier_v2\dataset\images\ads_action_v2_00589_not_close_asset_2d323829f3999d57.png,not_close,reviewed,ads2/assets/review_crops/close_glyph_candidates/sample/candidate_crops,asset_2d323829f3999d57,ads2\assets\review_crops,candidate_crop,non_action_target,,,,,file_82a89db7296bf4c1,asset_2d323829f3999d57,D:\Projects\adb_vl\ads2\assets\review_crops\close_glyph_candidates\sample\candidate_crops\003390_score_0.858_x508_y193_w23_h20_log__20260711_094400_67140_afk_20260711_094338_em3_每日任務_task__000031_20260711_094502_after_tap_495_170.png.png,ads2\assets\review_crops\close_glyph_candidates\sample\candidate_crops\003390_score_0.858_x508_y193_w23_h20_log__20260711_094400_67140_afk_20260711_094338_em3_每日任務_task__000031_20260711_094502_after_tap_495_170.png.png,ads,crop,candidate_crop,raw,non_action_target,
vision_platform\ads\pilot\action_classifier_v2\dataset\images\ads_action_v2_00590_not_close_asset_9e58a95e9a837924.png,not_close,reviewed,ads2/assets/review_crops/close_glyph_candidates/sample/candidate_crops,asset_9e58a95e9a837924,ads2\assets\review_crops,candidate_crop,non_action_target,,,,,file_da1b257bbdb68493,asset_9e58a95e9a837924,D:\Projects\adb_vl\ads2\assets\review_crops\close_glyph_candidates\sample\candidate_crops\003391_score_0.858_x86_y244_w40_h40_log__20260711_085738_41488_afk_20260711_085445_14_深淵_route_exit_fail_route_exit_after_task_success__000001_20260711_085739_before_tap_57_19.png.png,ads2\assets\review_crops\close_glyph_candidates\sample\candidate_crops\003391_score_0.858_x86_y244_w40_h40_log__20260711_085738_41488_afk_20260711_085445_14_深淵_route_exit_fail_route_exit_after_task_success__000001_20260711_085739_before_tap_57_19.png.png,ads,crop,candidate_crop,raw,non_action_target,
vision_platform\ads\pilot\action_classifier_v2\dataset\images\ads_action_v2_00591_not_close_asset_8a6ebc957d7bacf2.png,not_close,reviewed,ads2/assets/review_crops/close_glyph_candidates/sample/candidate_crops,asset_8a6ebc957d7bacf2,ads2\assets\review_crops,candidate_crop,non_action_target,,,,,file_ab4c87c5595bf478,asset_8a6ebc957d7bacf2,D:\Projects\adb_vl\ads2\assets\review_crops\close_glyph_candidates\sample\candidate_crops\003392_score_0.857_x453_y260_w17_h18_log__20260711_080034_68848_afk_20260711_080033_em3_廣告探寶鏟_route_enter__000007_20260711_080051_before_tap_916_352.png.png,ads2\assets\review_crops\close_glyph_candidates\sample\candidate_crops\003392_score_0.857_x453_y260_w17_h18_log__20260711_080034_68848_afk_20260711_080033_em3_廣告探寶鏟_route_enter__000007_20260711_080051_before_tap_916_352.png.png,ads,crop,candidate_crop,raw,non_action_target,
vision_platform\ads\pilot\action_classifier_v2\dataset\images\ads_action_v2_00592_not_close_asset_838e674445934a57.png,not_close,reviewed,ads2/assets/review_crops/close_glyph_candidates/sample/candidate_crops,asset_838e674445934a57,ads2\assets\review_crops,candidate_crop,non_action_target,,,,,file_e603a0375de1787c,asset_838e674445934a57,D:\Projects\adb_vl\ads2\assets\review_crops\close_glyph_candidates\sample\candidate_crops\003393_score_0.857_x861_y257_w44_h43_log__20260711_094400_67140_afk_20260711_094338_em3_每日任務_task__000132_20260711_094853_before_tap_77_100.png.png,ads2\assets\review_crops\close_glyph_candidates\sample\candidate_crops\003393_score_0.857_x861_y257_w44_h43_log__20260711_094400_67140_afk_20260711_094338_em3_每日任務_task__000132_20260711_094853_before_tap_77_100.png.png,ads,crop,candidate_crop,raw,non_action_target,
vision_platform\ads\pilot\action_classifier_v2\dataset\images\ads_action_v2_00593_not_close_asset_26a2dcf7412aebb4.png,not_close,reviewed,ads2/assets/review_crops/close_glyph_candidates/sample/candidate_crops,asset_26a2dcf7412aebb4,ads2\assets\review_crops,candidate_crop,non_action_target,,,,,file_f8af3c97c809166b,asset_26a2dcf7412aebb4,D:\Projects\adb_vl\ads2\assets\review_crops\close_glyph_candidates\sample\candidate_crops\003400_score_0.857_x51_y347_w44_h43_log__20260711_094400_67140_afk_20260711_094338_em3_每日任務_task__000148_20260711_094926_before_tap_468_514.png.png,ads2\assets\review_crops\close_glyph_candidates\sample\candidate_crops\003400_score_0.857_x51_y347_w44_h43_log__20260711_094400_67140_afk_20260711_094338_em3_每日任務_task__000148_20260711_094926_before_tap_468_514.png.png,ads,crop,candidate_crop,raw,non_action_target,
vision_platform\ads\pilot\action_classifier_v2\dataset\images\ads_action_v2_00594_not_close_asset_838e674445934a57.png,not_close,reviewed,ads2/assets/review_crops/close_glyph_candidates/sample/candidate_crops,asset_838e674445934a57,ads2\assets\review_crops,candidate_crop,non_action_target,,,,,file_7931d9d01e5824d7,asset_838e674445934a57,D:\Projects\adb_vl\ads2\assets\review_crops\close_glyph_candidates\sample\candidate_crops\003401_score_0.857_x861_y257_w44_h43_log__20260711_094400_67140_afk_20260711_094338_em3_每日任務_task__000147_20260711_094924_after_tap_51_22.png.png,ads2\assets\review_crops\close_glyph_candidates\sample\candidate_crops\003401_score_0.857_x861_y257_w44_h43_log__20260711_094400_67140_afk_20260711_094338_em3_每日任務_task__000147_20260711_094924_after_tap_51_22.png.png,ads,crop,candidate_crop,raw,non_action_target,
vision_platform\ads\pilot\action_classifier_v2\dataset\images\ads_action_v2_00595_not_close_asset_26a2dcf7412aebb4.png,not_close,reviewed,ads2/assets/review_crops/close_glyph_candidates/sample/candidate_crops,asset_26a2dcf7412aebb4,ads2\assets\review_crops,candidate_crop,non_action_target,,,,,file_6acc0d3fe14efa4f,asset_26a2dcf7412aebb4,D:\Projects\adb_vl\ads2\assets\review_crops\close_glyph_candidates\sample\candidate_crops\003402_score_0.857_x51_y347_w44_h43_log__20260711_094400_67140_afk_20260711_094338_em3_每日任務_task__000147_20260711_094924_after_tap_51_22.png.png,ads2\assets\review_crops\close_glyph_candidates\sample\candidate_crops\003402_score_0.857_x51_y347_w44_h43_log__20260711_094400_67140_afk_20260711_094338_em3_每日任務_task__000147_20260711_094924_after_tap_51_22.png.png,ads,crop,candidate_crop,raw,non_action_target,
vision_platform\ads\pilot\action_classifier_v2\dataset\images\ads_action_v2_00596_not_close_asset_4adf871660f82be1.png,not_close,reviewed,ads2/assets/review_crops/close_glyph_candidates/sample/candidate_crops,asset_4adf871660f82be1,ads2\assets\review_crops,candidate_crop,non_action_target,,,,,file_89222981a05895a9,asset_4adf871660f82be1,D:\Projects\adb_vl\ads2\assets\review_crops\close_glyph_candidates\sample\candidate_crops\003403_score_0.857_x80_y268_w46_h47_log__20260711_084610_10484_afk_20260711_083942_14_每日任務_task__000038_20260711_084731_before_tap_51_22.png.png,ads2\assets\review_crops\close_glyph_candidates\sample\candidate_crops\003403_score_0.857_x80_y268_w46_h47_log__20260711_084610_10484_afk_20260711_083942_14_每日任務_task__000038_20260711_084731_before_tap_51_22.png.png,ads,crop,candidate_crop,raw,non_action_target,
vision_platform\ads\pilot\action_classifier_v2\dataset\images\ads_action_v2_00597_not_close_asset_e8de9f9ca8439be5.png,not_close,reviewed,ads2/assets/review_crops/close_glyph_candidates/sample/candidate_crops,asset_e8de9f9ca8439be5,ads2\assets\review_crops,candidate_crop,non_action_target,,,,,file_30d4de011f4e50de,asset_e8de9f9ca8439be5,D:\Projects\adb_vl\ads2\assets\review_crops\close_glyph_candidates\sample\candidate_crops\003404_score_0.857_x688_y79_w43_h45_log__20260711_095223_69352_afk_20260711_095203_em3_深淵_task__000032_20260711_095328_before_tap_904_490.png.png,ads2\assets\review_crops\close_glyph_candidates\sample\candidate_crops\003404_score_0.857_x688_y79_w43_h45_log__20260711_095223_69352_afk_20260711_095203_em3_深淵_task__000032_20260711_095328_before_tap_904_490.png.png,ads,crop,candidate_crop,raw,non_action_target,
vision_platform\ads\pilot\action_classifier_v2\dataset\images\ads_action_v2_00598_not_close_asset_223ab5f6fc569adb.png,not_close,reviewed,ads2/assets/review_crops/close_glyph_candidates/sample/candidate_crops,asset_223ab5f6fc569adb,ads2\assets\review_crops,candidate_crop,non_action_target,,,,,file_46eb5fb9f40abb81,asset_223ab5f6fc569adb,D:\Projects\adb_vl\ads2\assets\review_crops\close_glyph_candidates\sample\candidate_crops\003405_score_0.857_x162_y10_w25_h25_log__20260711_085445_41488_afk_20260711_085445_14_深淵_route_enter__000005_20260711_085454_before_tap_807_241.png.png,ads2\assets\review_crops\close_glyph_candidates\sample\candidate_crops\003405_score_0.857_x162_y10_w25_h25_log__20260711_085445_41488_afk_20260711_085445_14_深淵_route_enter__000005_20260711_085454_before_tap_807_241.png.png,ads,crop,candidate_crop,raw,non_action_target,
vision_platform\ads\pilot\action_classifier_v2\dataset\images\ads_action_v2_00599_not_close_asset_7d9bdc8dd83c43a3.png,not_close,reviewed,ads2/assets/review_crops/close_glyph_candidates/sample/candidate_crops,asset_7d9bdc8dd83c43a3,ads2\assets\review_crops,candidate_crop,non_action_target,,,,,file_d51501ea71f61675,asset_7d9bdc8dd83c43a3,D:\Projects\adb_vl\ads2\assets\review_crops\close_glyph_candidates\sample\candidate_crops\003443_score_0.857_x86_y112_w35_h37_log__20260707_160103_33324__000674_20260708_230715_before_tap_467_446.png.png,ads2\assets\review_crops\close_glyph_candidates\sample\candidate_crops\003443_score_0.857_x86_y112_w35_h37_log__20260707_160103_33324__000674_20260708_230715_before_tap_467_446.png.png,ads,crop,candidate_crop,raw,non_action_target,
vision_platform\ads\pilot\action_classifier_v2\dataset\images\ads_action_v2_00600_not_close_asset_6c1c389ccb299d87.png,not_close,reviewed,ads2/assets/review_crops/close_glyph_candidates/sample/candidate_crops,asset_6c1c389ccb299d87,ads2\assets\review_crops,candidate_crop,non_action_target,,,,,file_cd08b268c1123125,asset_6c1c389ccb299d87,D:\Projects\adb_vl\ads2\assets\review_crops\close_glyph_candidates\sample\candidate_crops\003444_score_0.856_x72_y350_w43_h51_log__20260711_110056_50500_afk_20260711_105923_311_廣告時間沙漏_route_enter__000001_20260711_110057_before_tap_109_194.png.png,ads2\assets\review_crops\close_glyph_candidates\sample\candidate_crops\003444_score_0.856_x72_y350_w43_h51_log__20260711_110056_50500_afk_20260711_105923_311_廣告時間沙漏_route_enter__000001_20260711_110057_before_tap_109_194.png.png,ads,crop,candidate_crop,raw,non_action_target,
vision_platform\ads\pilot\action_classifier_v2\dataset\images\ads_action_v2_00601_not_close_asset_d152dd6629c1de4d.png,not_close,reviewed,ads2/assets/review_crops/close_glyph_candidates/sample/candidate_crops,asset_d152dd6629c1de4d,ads2\assets\review_crops,candidate_crop,non_action_target,,,,,file_f1e8e3ebb12eff1a,asset_d152dd6629c1de4d,D:\Projects\adb_vl\ads2\assets\review_crops\close_glyph_candidates\sample\candidate_crops\003445_score_0.855_x86_y112_w35_h38_log__20260707_160103_33324__001297_20260710_070653_before_tap_255_446.png.png,ads2\assets\review_crops\close_glyph_candidates\sample\candidate_crops\003445_score_0.855_x86_y112_w35_h38_log__20260707_160103_33324__001297_20260710_070653_before_tap_255_446.png.png,ads,crop,candidate_crop,raw,non_action_target,
vision_platform\ads\pilot\action_classifier_v2\dataset\images\ads_action_v2_00602_not_close_asset_5a197fcc6893da78.png,not_close,reviewed,ads2/assets/review_crops/close_glyph_candidates/sample/candidate_crops,asset_5a197fcc6893da78,ads2\assets\review_crops,candidate_crop,non_action_target,,,,,file_3eaf31a3734f90cf,asset_5a197fcc6893da78,D:\Projects\adb_vl\ads2\assets\review_crops\close_glyph_candidates\sample\candidate_crops\003446_score_0.855_x86_y112_w35_h38_log__20260707_160103_33324__000640_20260708_230509_after_tap_467_446.png.png,ads2\assets\review_crops\close_glyph_candidates\sample\candidate_crops\003446_score_0.855_x86_y112_w35_h38_log__20260707_160103_33324__000640_20260708_230509_after_tap_467_446.png.png,ads,crop,candidate_crop,raw,non_action_target,
vision_platform\ads\pilot\action_classifier_v2\dataset\images\ads_action_v2_00603_not_close_asset_0dd440bcca20ea80.png,not_close,reviewed,ads2/assets/review_crops/close_glyph_candidates/sample/candidate_crops,asset_0dd440bcca20ea80,ads2\assets\review_crops,candidate_crop,non_action_target,,,,,file_fd291f4c19610688,asset_0dd440bcca20ea80,D:\Projects\adb_vl\ads2\assets\review_crops\close_glyph_candidates\sample\candidate_crops\003447_score_0.855_x615_y107_w33_h30_log__20260711_094400_67140_afk_20260711_094338_em3_每日任務_task__000159_20260711_094950_after_swipe_360_430_360_230_700.png.png,ads2\assets\review_crops\close_glyph_candidates\sample\candidate_crops\003447_score_0.855_x615_y107_w33_h30_log__20260711_094400_67140_afk_20260711_094338_em3_每日任務_task__000159_20260711_094950_after_swipe_360_430_360_230_700.png.png,ads,crop,candidate_crop,raw,non_action_target,
vision_platform\ads\pilot\action_classifier_v2\dataset\images\ads_action_v2_00604_not_close_asset_5fef867b8ea5e33f.png,not_close,reviewed,ads2/assets/review_crops/close_glyph_candidates/sample/candidate_crops,asset_5fef867b8ea5e33f,ads2\assets\review_crops,candidate_crop,non_action_target,,,,,file_1d321110081a2606,asset_5fef867b8ea5e33f,D:\Projects\adb_vl\ads2\assets\review_crops\close_glyph_candidates\sample\candidate_crops\003448_score_0.855_x438_y207_w15_h15_log__20260711_005833_76344_afk_20260711_005659_14_廣告探寶鏟_route_enter_fail_returncode_1__000002_20260711_005835_after_tap_109_127.png.png,ads2\assets\review_crops\close_glyph_candidates\sample\candidate_crops\003448_score_0.855_x438_y207_w15_h15_log__20260711_005833_76344_afk_20260711_005659_14_廣告探寶鏟_route_enter_fail_returncode_1__000002_20260711_005835_after_tap_109_127.png.png,ads,crop,candidate_crop,raw,non_action_target,
vision_platform\ads\pilot\action_classifier_v2\dataset\images\ads_action_v2_00605_not_close_asset_1ac388c6a4e5dda8.png,not_close,reviewed,ads2/assets/review_crops/close_glyph_candidates/sample/candidate_crops,asset_1ac388c6a4e5dda8,ads2\assets\review_crops,candidate_crop,non_action_target,,,,,file_99dbdf57eb8b85e5,asset_1ac388c6a4e5dda8,D:\Projects\adb_vl\ads2\assets\review_crops\close_glyph_candidates\sample\candidate_crops\003449_score_0.855_x86_y112_w35_h37_log__20260710_125824_2204__000611_20260711_150941_after_tap_495_170.png.png,ads2\assets\review_crops\close_glyph_candidates\sample\candidate_crops\003449_score_0.855_x86_y112_w35_h37_log__20260710_125824_2204__000611_20260711_150941_after_tap_495_170.png.png,ads,crop,candidate_crop,raw,non_action_target,
vision_platform\ads\pilot\action_classifier_v2\dataset\images\ads_action_v2_00606_not_close_asset_1cfa200aba60e07f.png,not_close,reviewed,ads2/assets/review_crops/close_glyph_candidates/sample/candidate_crops,asset_1cfa200aba60e07f,ads2\assets\review_crops,candidate_crop,non_action_target,,,,,file_1cdddbf77001fb58,asset_1cfa200aba60e07f,D:\Projects\adb_vl\ads2\assets\review_crops\close_glyph_candidates\sample\candidate_crops\003450_score_0.855_x846_y205_w31_h26_log__20260711_113744_63648_afk_20260711_113553_tiger_廣告時間沙漏_task__000013_20260711_113849_before_tap_301_350.png.png,ads2\assets\review_crops\close_glyph_candidates\sample\candidate_crops\003450_score_0.855_x846_y205_w31_h26_log__20260711_113744_63648_afk_20260711_113553_tiger_廣告時間沙漏_task__000013_20260711_113849_before_tap_301_350.png.png,ads,crop,candidate_crop,raw,non_action_target,
vision_platform\ads\pilot\action_classifier_v2\dataset\images\ads_action_v2_00607_not_close_asset_2835b21d463655a8.png,not_close,reviewed,ads2/assets/review_crops/close_glyph_candidates/sample/candidate_crops,asset_2835b21d463655a8,ads2\assets\review_crops,candidate_crop,non_action_target,,,,,file_d53b4affc3edd231,asset_2835b21d463655a8,D:\Projects\adb_vl\ads2\assets\review_crops\close_glyph_candidates\sample\candidate_crops\003451_score_0.855_x733_y286_w35_h43_log__20260711_104232_40108_afk_20260711_104213_311_深淵_task__000070_20260711_104500_before_tap_590_398.png.png,ads2\assets\review_crops\close_glyph_candidates\sample\candidate_crops\003451_score_0.855_x733_y286_w35_h43_log__20260711_104232_40108_afk_20260711_104213_311_深淵_task__000070_20260711_104500_before_tap_590_398.png.png,ads,crop,candidate_crop,raw,non_action_target,
vision_platform\ads\pilot\action_classifier_v2\dataset\images\ads_action_v2_00608_not_close_asset_c269a1e17f8c0157.png,not_close,reviewed,ads2/assets/review_crops/close_glyph_candidates/sample/candidate_crops,asset_c269a1e17f8c0157,ads2\assets\review_crops,candidate_crop,non_action_target,,,,,file_ec29cbec2e5a2ba8,asset_c269a1e17f8c0157,D:\Projects\adb_vl\ads2\assets\review_crops\close_glyph_candidates\sample\candidate_crops\003452_score_0.854_x725_y275_w40_h33_log__20260711_105900_35312_afk_20260711_105311_311_高階競技場_route_enter__000006_20260711_105909_after_tap_712_290.png.png,ads2\assets\review_crops\close_glyph_candidates\sample\candidate_crops\003452_score_0.854_x725_y275_w40_h33_log__20260711_105900_35312_afk_20260711_105311_311_高階競技場_route_enter__000006_20260711_105909_after_tap_712_290.png.png,ads,crop,candidate_crop,raw,non_action_target,
vision_platform\ads\pilot\action_classifier_v2\dataset\images\ads_action_v2_00609_not_close_asset_2d4285c872071c5e.png,not_close,reviewed,ads2/assets/review_crops/close_glyph_candidates/sample/candidate_crops,asset_2d4285c872071c5e,ads2\assets\review_crops,candidate_crop,non_action_target,,,,,file_b122fc306e76ea6a,asset_2d4285c872071c5e,D:\Projects\adb_vl\ads2\assets\review_crops\close_glyph_candidates\sample\candidate_crops\003453_score_0.854_x600_y200_w34_h38_log__tiger_廣告探寶鏟_task_fail_stuck_static__000045_20260711_015137_before_tap_301_350.png.png,ads2\assets\review_crops\close_glyph_candidates\sample\candidate_crops\003453_score_0.854_x600_y200_w34_h38_log__tiger_廣告探寶鏟_task_fail_stuck_static__000045_20260711_015137_before_tap_301_350.png.png,ads,crop,candidate_crop,raw,non_action_target,
vision_platform\ads\pilot\action_classifier_v2\dataset\images\ads_action_v2_00610_not_close_asset_bad4cabd8891c36b.png,not_close,reviewed,ads2/assets/review_crops/close_glyph_candidates/sample/candidate_crops,asset_bad4cabd8891c36b,ads2\assets\review_crops,candidate_crop,non_action_target,,,,,file_3d6c834095e56dc1,asset_bad4cabd8891c36b,D:\Projects\adb_vl\ads2\assets\review_crops\close_glyph_candidates\sample\candidate_crops\003454_score_0.854_x86_y112_w35_h38_log__20260707_160103_33324__001177_20260709_230841_after_tap_467_446.png.png,ads2\assets\review_crops\close_glyph_candidates\sample\candidate_crops\003454_score_0.854_x86_y112_w35_h38_log__20260707_160103_33324__001177_20260709_230841_after_tap_467_446.png.png,ads,crop,candidate_crop,raw,non_action_target,
vision_platform\ads\pilot\action_classifier_v2\dataset\images\ads_action_v2_00611_not_close_asset_35b81ebe20f89bc6.png,not_close,reviewed,ads2/assets/review_crops/close_glyph_candidates/sample/candidate_crops,asset_35b81ebe20f89bc6,ads2\assets\review_crops,candidate_crop,non_action_target,,,,,file_f6a1036f0a268fee,asset_35b81ebe20f89bc6,D:\Projects\adb_vl\ads2\assets\review_crops\close_glyph_candidates\sample\candidate_crops\003455_score_0.854_x86_y112_w35_h38_log__20260707_160103_33324__000980_20260709_150613_after_tap_80_500.png.png,ads2\assets\review_crops\close_glyph_candidates\sample\candidate_crops\003455_score_0.854_x86_y112_w35_h38_log__20260707_160103_33324__000980_20260709_150613_after_tap_80_500.png.png,ads,crop,candidate_crop,raw,non_action_target,
vision_platform\ads\pilot\action_classifier_v2\dataset\images\ads_action_v2_00612_not_close_asset_bbe7c3cc34708b56.png,not_close,reviewed,ads2/assets/review_crops/close_glyph_candidates/sample/candidate_crops,asset_bbe7c3cc34708b56,ads2\assets\review_crops,candidate_crop,non_action_target,,,,,file_7c62e24fe9713376,asset_bbe7c3cc34708b56,D:\Projects\adb_vl\ads2\assets\review_crops\close_glyph_candidates\sample\candidate_crops\003456_score_0.854_x86_y112_w35_h38_log__20260707_160103_33324__000822_20260709_070604_after_tap_80_500.png.png,ads2\assets\review_crops\close_glyph_candidates\sample\candidate_crops\003456_score_0.854_x86_y112_w35_h38_log__20260707_160103_33324__000822_20260709_070604_after_tap_80_500.png.png,ads,crop,candidate_crop,raw,non_action_target,
vision_platform\ads\pilot\action_classifier_v2\dataset\images\ads_action_v2_00613_not_close_asset_13eb8efc949649eb.png,not_close,reviewed,ads2/assets/review_crops/close_glyph_candidates/sample/candidate_crops,asset_13eb8efc949649eb,ads2\assets\review_crops,candidate_crop,non_action_target,,,,,file_30d2f140b1e4e20f,asset_13eb8efc949649eb,D:\Projects\adb_vl\ads2\assets\review_crops\close_glyph_candidates\sample\candidate_crops\003457_score_0.854_x118_y245_w15_h16_log__20260711_154545_35900_kingdom_vault__000016_20260711_154810_after_swipe_86_430_86_130_420.png.png,ads2\assets\review_crops\close_glyph_candidates\sample\candidate_crops\003457_score_0.854_x118_y245_w15_h16_log__20260711_154545_35900_kingdom_vault__000016_20260711_154810_after_swipe_86_430_86_130_420.png.png,ads,crop,candidate_crop,raw,non_action_target,
vision_platform\ads\pilot\action_classifier_v2\dataset\images\ads_action_v2_00614_not_close_asset_d836a989c77ce7be.png,not_close,reviewed,ads2/assets/review_crops/close_glyph_candidates/sample/candidate_crops,asset_d836a989c77ce7be,ads2\assets\review_crops,candidate_crop,non_action_target,,,,,file_2b305f72a5d814dd,asset_d836a989c77ce7be,D:\Projects\adb_vl\ads2\assets\review_crops\close_glyph_candidates\sample\candidate_crops\003458_score_0.853_x86_y112_w35_h38_log__20260707_160103_33324__000693_20260708_230741_after_tap_80_500.png.png,ads2\assets\review_crops\close_glyph_candidates\sample\candidate_crops\003458_score_0.853_x86_y112_w35_h38_log__20260707_160103_33324__000693_20260708_230741_after_tap_80_500.png.png,ads,crop,candidate_crop,raw,non_action_target,
vision_platform\ads\pilot\action_classifier_v2\dataset\images\ads_action_v2_00615_not_close_asset_9066770dd38f6fdb.png,not_close,reviewed,ads2/assets/review_crops/close_glyph_candidates/sample/candidate_crops,asset_9066770dd38f6fdb,ads2\assets\review_crops,candidate_crop,non_action_target,,,,,file_36c3d2611fd4c336,asset_9066770dd38f6fdb,D:\Projects\adb_vl\ads2\assets\review_crops\close_glyph_candidates\sample\candidate_crops\003459_score_0.853_x831_y336_w29_h23_log__20260711_003925_46352_afk_20260711_002946_tiger_廣告探寶鏟_route_enter__000006_20260711_003938_after_tap_916_352.png.png,ads2\assets\review_crops\close_glyph_candidates\sample\candidate_crops\003459_score_0.853_x831_y336_w29_h23_log__20260711_003925_46352_afk_20260711_002946_tiger_廣告探寶鏟_route_enter__000006_20260711_003938_after_tap_916_352.png.png,ads,crop,candidate_crop,raw,non_action_target,
vision_platform\ads\pilot\action_classifier_v2\dataset\images\ads_action_v2_00616_not_close_asset_20d188b1bf7c277a.png,not_close,reviewed,ads2/assets/review_crops/close_glyph_candidates/sample/candidate_crops,asset_20d188b1bf7c277a,ads2\assets\review_crops,candidate_crop,non_action_target,,,,,file_f19c68fc1cc2eb00,asset_20d188b1bf7c277a,D:\Projects\adb_vl\ads2\assets\review_crops\close_glyph_candidates\sample\candidate_crops\003460_score_0.853_x831_y336_w29_h23_log__20260711_080034_68848_afk_20260711_080033_em3_廣告探寶鏟_route_enter__000008_20260711_080052_after_tap_916_352.png.png,ads2\assets\review_crops\close_glyph_candidates\sample\candidate_crops\003460_score_0.853_x831_y336_w29_h23_log__20260711_080034_68848_afk_20260711_080033_em3_廣告探寶鏟_route_enter__000008_20260711_080052_after_tap_916_352.png.png,ads,crop,candidate_crop,raw,non_action_target,
vision_platform\ads\pilot\action_classifier_v2\dataset\images\ads_action_v2_00617_not_close_asset_8c3a49072a19f68d.png,not_close,reviewed,ads2/assets/review_crops/close_glyph_candidates/sample/candidate_crops,asset_8c3a49072a19f68d,ads2\assets\review_crops,candidate_crop,non_action_target,,,,,file_4a23e2ae00be0d84,asset_8c3a49072a19f68d,D:\Projects\adb_vl\ads2\assets\review_crops\close_glyph_candidates\sample\candidate_crops\003461_score_0.853_x831_y336_w29_h23_log__20260711_113726_31620_afk_20260711_113553_tiger_廣告時間沙漏_route_enter__000006_20260711_113739_after_tap_916_352.png.png,ads2\assets\review_crops\close_glyph_candidates\sample\candidate_crops\003461_score_0.853_x831_y336_w29_h23_log__20260711_113726_31620_afk_20260711_113553_tiger_廣告時間沙漏_route_enter__000006_20260711_113739_after_tap_916_352.png.png,ads,crop,candidate_crop,raw,non_action_target,
vision_platform\ads\pilot\action_classifier_v2\dataset\images\ads_action_v2_00618_not_close_asset_8ac6b208df567dd6.png,not_close,reviewed,ads2/assets/review_crops/close_glyph_candidates/sample/candidate_crops,asset_8ac6b208df567dd6,ads2\assets\review_crops,candidate_crop,non_action_target,,,,,file_8eaa483977e93d5a,asset_8ac6b208df567dd6,D:\Projects\adb_vl\ads2\assets\review_crops\close_glyph_candidates\sample\candidate_crops\003462_score_0.853_x86_y112_w35_h35_log__20260710_125824_2204__000650_20260711_151232_after_tap_495_170.png.png,ads2\assets\review_crops\close_glyph_candidates\sample\candidate_crops\003462_score_0.853_x86_y112_w35_h35_log__20260710_125824_2204__000650_20260711_151232_after_tap_495_170.png.png,ads,crop,candidate_crop,raw,non_action_target,
vision_platform\ads\pilot\action_classifier_v2\dataset\images\ads_action_v2_00619_not_close_asset_df45f63584d5d70d.png,not_close,reviewed,ads2/assets/review_crops/close_glyph_candidates/sample/candidate_crops,asset_df45f63584d5d70d,ads2\assets\review_crops,candidate_crop,non_action_target,,,,,file_71cc51b834e43229,asset_df45f63584d5d70d,D:\Projects\adb_vl\ads2\assets\review_crops\close_glyph_candidates\sample\candidate_crops\003463_score_0.853_x318_y136_w37_h36_log__20260711_094400_67140_afk_20260711_094338_em3_每日任務_task__000034_20260711_094510_before_tap_495_170.png.png,ads2\assets\review_crops\close_glyph_candidates\sample\candidate_crops\003463_score_0.853_x318_y136_w37_h36_log__20260711_094400_67140_afk_20260711_094338_em3_每日任務_task__000034_20260711_094510_before_tap_495_170.png.png,ads,crop,candidate_crop,raw,non_action_target,
vision_platform\ads\pilot\action_classifier_v2\dataset\images\ads_action_v2_00620_not_close_asset_d4250bb9a7b527f3.png,not_close,reviewed,ads2/assets/review_crops/close_glyph_candidates/sample/candidate_crops,asset_d4250bb9a7b527f3,ads2\assets\review_crops,candidate_crop,non_action_target,,,,,file_97fcad3315d95149,asset_d4250bb9a7b527f3,D:\Projects\adb_vl\ads2\assets\review_crops\close_glyph_candidates\sample\candidate_crops\003464_score_0.853_x177_y202_w34_h26_log__20260711_094400_67140_afk_20260711_094338_em3_每日任務_task__000100_20260711_094750_after_tap_193_336.png.png,ads2\assets\review_crops\close_glyph_candidates\sample\candidate_crops\003464_score_0.853_x177_y202_w34_h26_log__20260711_094400_67140_afk_20260711_094338_em3_每日任務_task__000100_20260711_094750_after_tap_193_336.png.png,ads,crop,candidate_crop,raw,non_action_target,
vision_platform\ads\pilot\action_classifier_v2\dataset\images\ads_action_v2_00621_not_close_asset_99b2e2fbe1bfb4af.png,not_close,reviewed,ads2/assets/review_crops/close_glyph_candidates/sample/candidate_crops,asset_99b2e2fbe1bfb4af,ads2\assets\review_crops,candidate_crop,non_action_target,,,,,file_acd4f4d52d395425,asset_99b2e2fbe1bfb4af,D:\Projects\adb_vl\ads2\assets\review_crops\close_glyph_candidates\sample\candidate_crops\003465_score_0.853_x741_y300_w35_h42_log__20260711_111953_39056_afk_20260711_111931_tiger_深淵_task__000053_20260711_112150_before_tap_590_398.png.png,ads2\assets\review_crops\close_glyph_candidates\sample\candidate_crops\003465_score_0.853_x741_y300_w35_h42_log__20260711_111953_39056_afk_20260711_111931_tiger_深淵_task__000053_20260711_112150_before_tap_590_398.png.png,ads,crop,candidate_crop,raw,non_action_target,
vision_platform\ads\pilot\action_classifier_v2\dataset\images\ads_action_v2_00622_not_close_asset_bf9d9734514d2cdc.png,not_close,reviewed,ads2/assets/review_crops/close_glyph_candidates/sample/candidate_crops,asset_bf9d9734514d2cdc,ads2\assets\review_crops,candidate_crop,non_action_target,,,,,file_5cefcd1f76be1caa,asset_bf9d9734514d2cdc,D:\Projects\adb_vl\ads2\assets\review_crops\close_glyph_candidates\sample\candidate_crops\003466_score_0.853_x737_y290_w27_h23_log__20260711_111953_39056_afk_20260711_111931_tiger_深淵_task__000036_20260711_112109_after_tap_927_94.png.png,ads2\assets\review_crops\close_glyph_candidates\sample\candidate_crops\003466_score_0.853_x737_y290_w27_h23_log__20260711_111953_39056_afk_20260711_111931_tiger_深淵_task__000036_20260711_112109_after_tap_927_94.png.png,ads,crop,candidate_crop,raw,non_action_target,
vision_platform\ads\pilot\action_classifier_v2\dataset\images\ads_action_v2_00623_not_close_asset_13bd7cf2bbf2abdf.png,not_close,reviewed,ads2/assets/review_crops/close_glyph_candidates/sample/candidate_crops,asset_13bd7cf2bbf2abdf,ads2\assets\review_crops,candidate_crop,non_action_target,,,,,file_80346de358f63bdb,asset_13bd7cf2bbf2abdf,D:\Projects\adb_vl\ads2\assets\review_crops\close_glyph_candidates\sample\candidate_crops\003467_score_0.853_x665_y88_w29_h30_log__20260711_103216_63312_afk_20260711_103216_311_每日任務_route_enter__000005_20260711_103225_before_tap_656_424.png.png,ads2\assets\review_crops\close_glyph_candidates\sample\candidate_crops\003467_score_0.853_x665_y88_w29_h30_log__20260711_103216_63312_afk_20260711_103216_311_每日任務_route_enter__000005_20260711_103225_before_tap_656_424.png.png,ads,crop,candidate_crop,raw,non_action_target,
vision_platform\ads\pilot\action_classifier_v2\dataset\images\ads_action_v2_00624_not_close_asset_53138261dc91e34d.png,not_close,reviewed,ads2/assets/review_crops/close_glyph_candidates/sample/candidate_crops,asset_53138261dc91e34d,ads2\assets\review_crops,candidate_crop,non_action_target,,,,,file_88cccd117055639d,asset_53138261dc91e34d,D:\Projects\adb_vl\ads2\assets\review_crops\close_glyph_candidates\sample\candidate_crops\003468_score_0.853_x86_y112_w35_h38_log__20260710_125824_2204__000660_20260711_151249_after_tap_678_446.png.png,ads2\assets\review_crops\close_glyph_candidates\sample\candidate_crops\003468_score_0.853_x86_y112_w35_h38_log__20260710_125824_2204__000660_20260711_151249_after_tap_678_446.png.png,ads,crop,candidate_crop,raw,non_action_target,
vision_platform\ads\pilot\action_classifier_v2\dataset\images\ads_action_v2_00625_not_close_asset_07f621faf397cdad.png,not_close,reviewed,ads2/assets/review_crops/close_glyph_candidates/sample/candidate_crops,asset_07f621faf397cdad,ads2\assets\review_crops,candidate_crop,non_action_target,,,,,file_ca03d378325a45d3,asset_07f621faf397cdad,D:\Projects\adb_vl\ads2\assets\review_crops\close_glyph_candidates\sample\candidate_crops\003469_score_0.852_x86_y112_w35_h37_log__20260707_160103_33324__000994_20260709_150635_after_tap_678_446.png.png,ads2\assets\review_crops\close_glyph_candidates\sample\candidate_crops\003469_score_0.852_x86_y112_w35_h37_log__20260707_160103_33324__000994_20260709_150635_after_tap_678_446.png.png,ads,crop,candidate_crop,raw,non_action_target,
vision_platform\ads\pilot\action_classifier_v2\dataset\images\ads_action_v2_00626_not_close_asset_f0c65522f5b48ae1.png,not_close,reviewed,ads2/assets/review_crops/close_glyph_candidates/sample/candidate_crops,asset_f0c65522f5b48ae1,ads2\assets\review_crops,candidate_crop,non_action_target,,,,,file_c647935d5bdba05d,asset_f0c65522f5b48ae1,D:\Projects\adb_vl\ads2\assets\review_crops\close_glyph_candidates\sample\candidate_crops\003470_score_0.852_x86_y112_w35_h37_log__20260710_125824_2204__000599_20260711_150920_after_tap_495_170.png.png,ads2\assets\review_crops\close_glyph_candidates\sample\candidate_crops\003470_score_0.852_x86_y112_w35_h37_log__20260710_125824_2204__000599_20260711_150920_after_tap_495_170.png.png,ads,crop,candidate_crop,raw,non_action_target,
vision_platform\ads\pilot\action_classifier_v2\dataset\images\ads_action_v2_00627_not_close_asset_8bd247d663d0b342.png,not_close,reviewed,ads2/assets/review_crops/close_glyph_candidates/sample/candidate_crops,asset_8bd247d663d0b342,ads2\assets\review_crops,candidate_crop,non_action_target,,,,,file_c1d01a5b027d708c,asset_8bd247d663d0b342,D:\Projects\adb_vl\ads2\assets\review_crops\close_glyph_candidates\sample\candidate_crops\003471_score_0.852_x63_y182_w17_h16_log__20260711_093806_46808_afk_20260711_093802_14_王國金庫_task__000002_20260711_093809_after_swipe_86_430_86_130_420.png.png,ads2\assets\review_crops\close_glyph_candidates\sample\candidate_crops\003471_score_0.852_x63_y182_w17_h16_log__20260711_093806_46808_afk_20260711_093802_14_王國金庫_task__000002_20260711_093809_after_swipe_86_430_86_130_420.png.png,ads,crop,candidate_crop,raw,non_action_target,
vision_platform\ads\pilot\action_classifier_v2\dataset\images\ads_action_v2_00628_not_close_asset_f1c98843644e7186.png,not_close,reviewed,ads2/assets/review_crops/close_glyph_candidates/sample/candidate_crops,asset_f1c98843644e7186,ads2\assets\review_crops,candidate_crop,non_action_target,,,,,file_9405a98d43f81619,asset_f1c98843644e7186,D:\Projects\adb_vl\ads2\assets\review_crops\close_glyph_candidates\sample\candidate_crops\003472_score_0.852_x63_y182_w17_h16_log__20260711_112714_67508_afk_20260711_112709_tiger_王國金庫_task__000016_20260711_112835_after_swipe_86_430_86_130_420.png.png,ads2\assets\review_crops\close_glyph_candidates\sample\candidate_crops\003472_score_0.852_x63_y182_w17_h16_log__20260711_112714_67508_afk_20260711_112709_tiger_王國金庫_task__000016_20260711_112835_after_swipe_86_430_86_130_420.png.png,ads,crop,candidate_crop,raw,non_action_target,
vision_platform\ads\pilot\action_classifier_v2\dataset\images\ads_action_v2_00629_not_close_asset_ecf25a069aa58690.png,not_close,reviewed,ads2/assets/review_crops/close_glyph_candidates/sample/candidate_crops,asset_ecf25a069aa58690,ads2\assets\review_crops,candidate_crop,non_action_target,,,,,file_52a31a3cea7ce38c,asset_ecf25a069aa58690,D:\Projects\adb_vl\ads2\assets\review_crops\close_glyph_candidates\sample\candidate_crops\003473_score_0.852_x63_y182_w17_h16_log__20260711_112714_67508_afk_20260711_112709_tiger_王國金庫_task__000044_20260711_112927_after_swipe_86_430_86_130_420.png.png,ads2\assets\review_crops\close_glyph_candidates\sample\candidate_crops\003473_score_0.852_x63_y182_w17_h16_log__20260711_112714_67508_afk_20260711_112709_tiger_王國金庫_task__000044_20260711_112927_after_swipe_86_430_86_130_420.png.png,ads,crop,candidate_crop,raw,non_action_target,
vision_platform\ads\pilot\action_classifier_v2\dataset\images\ads_action_v2_00630_not_close_asset_e8b09818cfcad335.png,not_close,reviewed,ads2/assets/review_crops/close_glyph_candidates/sample/candidate_crops,asset_e8b09818cfcad335,ads2\assets\review_crops,candidate_crop,non_action_target,,,,,file_ef96083b5e18da00,asset_e8b09818cfcad335,D:\Projects\adb_vl\ads2\assets\review_crops\close_glyph_candidates\sample\candidate_crops\003474_score_0.852_x63_y182_w17_h16_log__20260711_141026_2432_kingdom_vault__000012_20260711_141046_after_swipe_86_430_86_130_420.png.png,ads2\assets\review_crops\close_glyph_candidates\sample\candidate_crops\003474_score_0.852_x63_y182_w17_h16_log__20260711_141026_2432_kingdom_vault__000012_20260711_141046_after_swipe_86_430_86_130_420.png.png,ads,crop,candidate_crop,raw,non_action_target,
vision_platform\ads\pilot\action_classifier_v2\dataset\images\ads_action_v2_00631_not_close_asset_a36e4db8a2fb189c.png,not_close,reviewed,ads2/assets/review_crops/close_glyph_candidates/sample/candidate_crops,asset_a36e4db8a2fb189c,ads2\assets\review_crops,candidate_crop,non_action_target,,,,,file_8d5c4d4e9e63d951,asset_a36e4db8a2fb189c,D:\Projects\adb_vl\ads2\assets\review_crops\close_glyph_candidates\sample\candidate_crops\003475_score_0.852_x86_y112_w35_h35_log__20260707_160103_33324__000972_20260709_150602_after_tap_80_500.png.png,ads2\assets\review_crops\close_glyph_candidates\sample\candidate_crops\003475_score_0.852_x86_y112_w35_h35_log__20260707_160103_33324__000972_20260709_150602_after_tap_80_500.png.png,ads,crop,candidate_crop,raw,non_action_target,
vision_platform\ads\pilot\action_classifier_v2\dataset\images\ads_action_v2_00632_not_close_asset_236354e51675ea0d.png,not_close,reviewed,ads2/assets/review_crops/close_glyph_candidates/sample/candidate_crops,asset_236354e51675ea0d,ads2\assets\review_crops,candidate_crop,non_action_target,,,,,file_16e0db17bc9763cb,asset_236354e51675ea0d,D:\Projects\adb_vl\ads2\assets\review_crops\close_glyph_candidates\sample\candidate_crops\003476_score_0.852_x689_y78_w43_h44_log__20260711_104232_40108_afk_20260711_104213_311_深淵_task__000041_20260711_104346_before_tap_55_482.png.png,ads2\assets\review_crops\close_glyph_candidates\sample\candidate_crops\003476_score_0.852_x689_y78_w43_h44_log__20260711_104232_40108_afk_20260711_104213_311_深淵_task__000041_20260711_104346_before_tap_55_482.png.png,ads,crop,candidate_crop,raw,non_action_target,
vision_platform\ads\pilot\action_classifier_v2\dataset\images\ads_action_v2_00633_not_close_asset_daea8c368ecde07c.png,not_close,reviewed,ads2/assets/review_crops/close_glyph_candidates/sample/candidate_crops,asset_daea8c368ecde07c,ads2\assets\review_crops,candidate_crop,non_action_target,,,,,file_344d4dd966e381a4,asset_daea8c368ecde07c,D:\Projects\adb_vl\ads2\assets\review_crops\close_glyph_candidates\sample\candidate_crops\003477_score_0.852_x86_y112_w35_h38_log__20260707_160103_33324__000636_20260708_230502_after_tap_255_446.png.png,ads2\assets\review_crops\close_glyph_candidates\sample\candidate_crops\003477_score_0.852_x86_y112_w35_h38_log__20260707_160103_33324__000636_20260708_230502_after_tap_255_446.png.png,ads,crop,candidate_crop,raw,non_action_target,
vision_platform\ads\pilot\action_classifier_v2\dataset\images\ads_action_v2_00634_not_close_asset_4e3175175405854a.png,not_close,reviewed,ads2/assets/review_crops/close_glyph_candidates/sample/candidate_crops,asset_4e3175175405854a,ads2\assets\review_crops,candidate_crop,non_action_target,,,,,file_d84d1ccf0b6710c6,asset_4e3175175405854a,D:\Projects\adb_vl\ads2\assets\review_crops\close_glyph_candidates\sample\candidate_crops\003478_score_0.852_x86_y112_w35_h34_log__20260707_160103_33324__000828_20260709_070612_after_tap_678_446.png.png,ads2\assets\review_crops\close_glyph_candidates\sample\candidate_crops\003478_score_0.852_x86_y112_w35_h34_log__20260707_160103_33324__000828_20260709_070612_after_tap_678_446.png.png,ads,crop,candidate_crop,raw,non_action_target,
vision_platform\ads\pilot\action_classifier_v2\dataset\images\ads_action_v2_00635_not_close_asset_719ac110ed24e9ea.png,not_close,reviewed,ads2/assets/review_crops/close_glyph_candidates/sample/candidate_crops,asset_719ac110ed24e9ea,ads2\assets\review_crops,candidate_crop,non_action_target,,,,,file_a22e3d0cd3fdcc5e,asset_719ac110ed24e9ea,D:\Projects\adb_vl\ads2\assets\review_crops\close_glyph_candidates\sample\candidate_crops\003479_score_0.852_x86_y112_w35_h38_log__20260707_160103_33324__001169_20260709_230829_after_tap_255_446.png.png,ads2\assets\review_crops\close_glyph_candidates\sample\candidate_crops\003479_score_0.852_x86_y112_w35_h38_log__20260707_160103_33324__001169_20260709_230829_after_tap_255_446.png.png,ads,crop,candidate_crop,raw,non_action_target,
vision_platform\ads\pilot\action_classifier_v2\dataset\images\ads_action_v2_00636_not_close_asset_c789654b6543eac8.png,not_close,reviewed,ads2/assets/review_crops/close_glyph_candidates/sample/candidate_crops,asset_c789654b6543eac8,ads2\assets\review_crops,candidate_crop,non_action_target,,,,,file_b2550a8d38f32517,asset_c789654b6543eac8,D:\Projects\adb_vl\ads2\assets\review_crops\close_glyph_candidates\sample\candidate_crops\003480_score_0.851_x86_y112_w35_h34_log__20260710_125824_2204__000617_20260711_150952_after_tap_678_446.png.png,ads2\assets\review_crops\close_glyph_candidates\sample\candidate_crops\003480_score_0.851_x86_y112_w35_h34_log__20260710_125824_2204__000617_20260711_150952_after_tap_678_446.png.png,ads,crop,candidate_crop,raw,non_action_target,
vision_platform\ads\pilot\action_classifier_v2\dataset\images\ads_action_v2_00637_not_close_asset_b59058eb7f8612c7.png,not_close,reviewed,ads2/assets/review_crops/close_glyph_candidates/sample/candidate_crops,asset_b59058eb7f8612c7,ads2\assets\review_crops,candidate_crop,non_action_target,,,,,file_d490ac5dd8c9c865,asset_b59058eb7f8612c7,D:\Projects\adb_vl\ads2\assets\review_crops\close_glyph_candidates\sample\candidate_crops\003481_score_0.851_x627_y88_w30_h33_log__20260711_110800_25824_afk_20260711_110759_tiger_每日任務_route_enter__000005_20260711_110810_before_tap_656_424.png.png,ads2\assets\review_crops\close_glyph_candidates\sample\candidate_crops\003481_score_0.851_x627_y88_w30_h33_log__20260711_110800_25824_afk_20260711_110759_tiger_每日任務_route_enter__000005_20260711_110810_before_tap_656_424.png.png,ads,crop,candidate_crop,raw,non_action_target,
vision_platform\ads\pilot\action_classifier_v2\dataset\images\ads_action_v2_00638_not_close_asset_de21639514643134.png,not_close,reviewed,ads2/assets/review_crops/close_glyph_candidates/sample/candidate_crops,asset_de21639514643134,ads2\assets\review_crops,candidate_crop,non_action_target,,,,,file_5cbec400ea526fa7,asset_de21639514643134,D:\Projects\adb_vl\ads2\assets\review_crops\close_glyph_candidates\sample\candidate_crops\003482_score_0.851_x86_y112_w35_h38_log__20260707_160103_33324__000699_20260708_230750_before_tap_782_79.png.png,ads2\assets\review_crops\close_glyph_candidates\sample\candidate_crops\003482_score_0.851_x86_y112_w35_h38_log__20260707_160103_33324__000699_20260708_230750_before_tap_782_79.png.png,ads,crop,candidate_crop,raw,non_action_target,
vision_platform\ads\pilot\action_classifier_v2\dataset\images\ads_action_v2_00639_not_close_asset_a93ae39cee636960.png,not_close,reviewed,ads2/assets/review_crops/close_glyph_candidates/sample/candidate_crops,asset_a93ae39cee636960,ads2\assets\review_crops,candidate_crop,non_action_target,,,,,file_139c49b88579d866,asset_a93ae39cee636960,D:\Projects\adb_vl\ads2\assets\review_crops\close_glyph_candidates\sample\candidate_crops\003483_score_0.851_x487_y339_w30_h25_log__20260711_085410_10484_afk_20260711_083942_14_每日任務_route_exit__000006_20260711_085419_after_tap_46_21.png.png,ads2\assets\review_crops\close_glyph_candidates\sample\candidate_crops\003483_score_0.851_x487_y339_w30_h25_log__20260711_085410_10484_afk_20260711_083942_14_每日任務_route_exit__000006_20260711_085419_after_tap_46_21.png.png,ads,crop,candidate_crop,raw,non_action_target,
vision_platform\ads\pilot\action_classifier_v2\dataset\images\ads_action_v2_00640_not_close_asset_4b0af024c7f7eb5e.png,not_close,reviewed,ads2/assets/review_crops/close_glyph_candidates/sample/candidate_crops,asset_4b0af024c7f7eb5e,ads2\assets\review_crops,candidate_crop,non_action_target,,,,,file_7ff829676d55c9f6,asset_4b0af024c7f7eb5e,D:\Projects\adb_vl\ads2\assets\review_crops\close_glyph_candidates\sample\candidate_crops\003484_score_0.851_x263_y339_w40_h44_log__20260707_160103_33324__000648_20260708_230520_after_tap_467_446.png.png,ads2\assets\review_crops\close_glyph_candidates\sample\candidate_crops\003484_score_0.851_x263_y339_w40_h44_log__20260707_160103_33324__000648_20260708_230520_after_tap_467_446.png.png,ads,crop,candidate_crop,raw,non_action_target,
vision_platform\ads\pilot\action_classifier_v2\dataset\images\ads_action_v2_00641_not_close_asset_52b30b748dca3bc4.png,not_close,reviewed,ads2/assets/review_crops/close_glyph_candidates/sample/candidate_crops,asset_52b30b748dca3bc4,ads2\assets\review_crops,candidate_crop,non_action_target,,,,,file_6a938fba16d6b287,asset_52b30b748dca3bc4,D:\Projects\adb_vl\ads2\assets\review_crops\close_glyph_candidates\sample\candidate_crops\003485_score_0.850_x441_y343_w30_h30_log__20260710_125824_2204__000602_20260711_150927_before_tap_495_170.png.png,ads2\assets\review_crops\close_glyph_candidates\sample\candidate_crops\003485_score_0.850_x441_y343_w30_h30_log__20260710_125824_2204__000602_20260711_150927_before_tap_495_170.png.png,ads,crop,candidate_crop,raw,non_action_target,
vision_platform\ads\pilot\action_classifier_v2\dataset\images\ads_action_v2_00642_not_close_asset_bfbc786a951d56b0.png,not_close,reviewed,ads2/assets/review_crops/close_glyph_candidates/sample,asset_bfbc786a951d56b0,ads2\assets\review_crops,candidate_crop,non_action_target,,,,,file_3e11ff54673f7c6f,asset_bfbc786a951d56b0,D:\Projects\adb_vl\ads2\assets\review_crops\close_glyph_candidates\sample\positive_reject_twostroke_compare.png,ads2\assets\review_crops\close_glyph_candidates\sample\positive_reject_twostroke_compare.png,ads,crop,candidate_crop,raw,non_action_target,
vision_platform\ads\pilot\action_classifier_v2\dataset\images\ads_action_v2_00643_not_close_asset_c8893826392cdcf5.png,not_close,reviewed,ads2/assets/review_crops/close_glyph_candidates/sample/reject_candidates,asset_c8893826392cdcf5,ads2\assets\review_crops,candidate_crop,non_action_target,,,,,file_24f16b4f29c5b0b8,asset_c8893826392cdcf5,D:\Projects\adb_vl\ads2\assets\review_crops\close_glyph_candidates\sample\reject_candidates\000358_score_0.916_x454_y214_w30_h25_log__20260711_103235_63312_afk_20260711_103216_311_每日任務_task__000104_20260711_103628_after_tap_193_336.png.png,ads2\assets\review_crops\close_glyph_candidates\sample\reject_candidates\000358_score_0.916_x454_y214_w30_h25_log__20260711_103235_63312_afk_20260711_103216_311_每日任務_task__000104_20260711_103628_after_tap_193_336.png.png,ads,crop,candidate_crop,raw,non_action_target,
vision_platform\ads\pilot\action_classifier_v2\dataset\images\ads_action_v2_00644_not_close_asset_00f55fd3bf8668a0.png,not_close,reviewed,ads2/assets/review_crops/close_glyph_candidates/sample/reject_candidates,asset_00f55fd3bf8668a0,ads2\assets\review_crops,candidate_crop,non_action_target,,,,,file_7f84db97684d509b,asset_00f55fd3bf8668a0,D:\Projects\adb_vl\ads2\assets\review_crops\close_glyph_candidates\sample\reject_candidates\000359_score_0.916_x176_y313_w24_h30_log__20260711_110821_25824_afk_20260711_110759_tiger_每日任務_task__000076_20260711_111124_before_tap_481_515.png.png,ads2\assets\review_crops\close_glyph_candidates\sample\reject_candidates\000359_score_0.916_x176_y313_w24_h30_log__20260711_110821_25824_afk_20260711_110759_tiger_每日任務_task__000076_20260711_111124_before_tap_481_515.png.png,ads,crop,candidate_crop,raw,non_action_target,
vision_platform\ads\pilot\action_classifier_v2\dataset\images\ads_action_v2_00645_not_close_asset_fdb59a9eb0126a1e.png,not_close,reviewed,ads2/assets/review_crops/close_glyph_candidates/sample/reject_candidates,asset_fdb59a9eb0126a1e,ads2\assets\review_crops,candidate_crop,non_action_target,,,,,file_140f88cdabb78c04,asset_fdb59a9eb0126a1e,D:\Projects\adb_vl\ads2\assets\review_crops\close_glyph_candidates\sample\reject_candidates\000397_score_0.914_x150_y261_w28_h28_log__20260711_011142_36488_afk_20260711_011124_em3_廣告時間沙漏_task__000011_20260711_011337_before_tap_925_35.png.png,ads2\assets\review_crops\close_glyph_candidates\sample\reject_candidates\000397_score_0.914_x150_y261_w28_h28_log__20260711_011142_36488_afk_20260711_011124_em3_廣告時間沙漏_task__000011_20260711_011337_before_tap_925_35.png.png,ads,crop,candidate_crop,raw,non_action_target,
vision_platform\ads\pilot\action_classifier_v2\dataset\images\ads_action_v2_00646_not_close_asset_67f638e9c40b3b4e.png,not_close,reviewed,ads2/assets/review_crops/close_glyph_candidates/sample/reject_candidates,asset_67f638e9c40b3b4e,ads2\assets\review_crops,candidate_crop,non_action_target,,,,,file_52e2b7b0f44544a9,asset_67f638e9c40b3b4e,D:\Projects\adb_vl\ads2\assets\review_crops\close_glyph_candidates\sample\reject_candidates\000424_score_0.914_x194_y483_w41_h40_log__20260711_010520_33712_afk_20260711_010506_em3_廣告探寶鏟_task__000019_20260711_010902_before_tap_924_33.png.png,ads2\assets\review_crops\close_glyph_candidates\sample\reject_candidates\000424_score_0.914_x194_y483_w41_h40_log__20260711_010520_33712_afk_20260711_010506_em3_廣告探寶鏟_task__000019_20260711_010902_before_tap_924_33.png.png,ads,crop,candidate_crop,raw,non_action_target,
vision_platform\ads\pilot\action_classifier_v2\dataset\images\ads_action_v2_00647_not_close_asset_1807af521e31f794.png,not_close,reviewed,ads2/assets/review_crops/close_glyph_candidates/sample/reject_candidates,asset_1807af521e31f794,ads2\assets\review_crops,candidate_crop,non_action_target,,,,,file_4f087acbec2f45a6,asset_1807af521e31f794,D:\Projects\adb_vl\ads2\assets\review_crops\close_glyph_candidates\sample\reject_candidates\000442_score_0.913_x329_y86_w34_h35_log__20260711_104232_40108_afk_20260711_104213_311_深淵_task__000047_20260711_104403_after_tap_927_94.png.png,ads2\assets\review_crops\close_glyph_candidates\sample\reject_candidates\000442_score_0.913_x329_y86_w34_h35_log__20260711_104232_40108_afk_20260711_104213_311_深淵_task__000047_20260711_104403_after_tap_927_94.png.png,ads,crop,candidate_crop,raw,non_action_target,
vision_platform\ads\pilot\action_classifier_v2\dataset\images\ads_action_v2_00648_not_close_asset_d80eb857c7f7d6fc.png,not_close,reviewed,ads2/assets/review_crops/close_glyph_candidates/sample/reject_candidates,asset_d80eb857c7f7d6fc,ads2\assets\review_crops,candidate_crop,non_action_target,,,,,file_8f45b7a1ffbeed8e,asset_d80eb857c7f7d6fc,D:\Projects\adb_vl\ads2\assets\review_crops\close_glyph_candidates\sample\reject_candidates\000812_score_0.910_x264_y93_w28_h30_log__20260711_004437_69372_afk_20260711_004419_tiger_廣告時間沙漏_task__000010_20260711_004550_after_tap_67_40.png.png,ads2\assets\review_crops\close_glyph_candidates\sample\reject_candidates\000812_score_0.910_x264_y93_w28_h30_log__20260711_004437_69372_afk_20260711_004419_tiger_廣告時間沙漏_task__000010_20260711_004550_after_tap_67_40.png.png,ads,crop,candidate_crop,raw,non_action_target,
vision_platform\ads\pilot\action_classifier_v2\dataset\images\ads_action_v2_00649_not_close_asset_8bb1e5d146150e44.png,not_close,reviewed,ads2/assets/review_crops/close_glyph_candidates/sample/reject_candidates,asset_8bb1e5d146150e44,ads2\assets\review_crops,candidate_crop,non_action_target,,,,,file_00f1a193b8caf3eb,asset_8bb1e5d146150e44,D:\Projects\adb_vl\ads2\assets\review_crops\close_glyph_candidates\sample\reject_candidates\000813_score_0.910_x772_y69_w27_h26_log__20260711_004437_69372_afk_20260711_004419_tiger_廣告時間沙漏_task__000017_20260711_004725_before_tap_925_35.png.png,ads2\assets\review_crops\close_glyph_candidates\sample\reject_candidates\000813_score_0.910_x772_y69_w27_h26_log__20260711_004437_69372_afk_20260711_004419_tiger_廣告時間沙漏_task__000017_20260711_004725_before_tap_925_35.png.png,ads,crop,candidate_crop,raw,non_action_target,
vision_platform\ads\pilot\action_classifier_v2\dataset\images\ads_action_v2_00650_not_close_asset_f797947e681cc2b4.png,not_close,reviewed,ads2/assets/review_crops/close_glyph_candidates/sample/reject_candidates,asset_f797947e681cc2b4,ads2\assets\review_crops,candidate_crop,non_action_target,,,,,file_e841fc3f69c86e3c,asset_f797947e681cc2b4,D:\Projects\adb_vl\ads2\assets\review_crops\close_glyph_candidates\sample\reject_candidates\000848_score_0.910_x884_y21_w16_h17_log__20260711_110821_25824_afk_20260711_110759_tiger_每日任務_task__000070_20260711_111109_before_tap_551_501.png.png,ads2\assets\review_crops\close_glyph_candidates\sample\reject_candidates\000848_score_0.910_x884_y21_w16_h17_log__20260711_110821_25824_afk_20260711_110759_tiger_每日任務_task__000070_20260711_111109_before_tap_551_501.png.png,ads,crop,candidate_crop,raw,non_action_target,
vision_platform\ads\pilot\action_classifier_v2\dataset\images\ads_action_v2_00651_not_close_asset_5fb626f298c90053.png,not_close,reviewed,ads2/assets/review_crops/close_glyph_candidates/sample/reject_candidates,asset_5fb626f298c90053,ads2\assets\review_crops,candidate_crop,non_action_target,,,,,file_50638573eb834820,asset_5fb626f298c90053,D:\Projects\adb_vl\ads2\assets\review_crops\close_glyph_candidates\sample\reject_candidates\001421_score_0.902_x307_y54_w21_h20_log__20260711_015530_17756_afk_20260711_014000_tiger_廣告探寶鏟_route_enter__000001_20260711_015531_before_tap_109_127.png.png,ads2\assets\review_crops\close_glyph_candidates\sample\reject_candidates\001421_score_0.902_x307_y54_w21_h20_log__20260711_015530_17756_afk_20260711_014000_tiger_廣告探寶鏟_route_enter__000001_20260711_015531_before_tap_109_127.png.png,ads,crop,candidate_crop,raw,non_action_target,
vision_platform\ads\pilot\action_classifier_v2\dataset\images\ads_action_v2_00652_not_close_asset_58aa76345f075ad2.png,not_close,reviewed,ads2/assets/review_crops/close_glyph_candidates/sample/reject_candidates,asset_58aa76345f075ad2,ads2\assets\review_crops,candidate_crop,non_action_target,,,,,file_e586bbd4635ec78e,asset_58aa76345f075ad2,D:\Projects\adb_vl\ads2\assets\review_crops\close_glyph_candidates\sample\reject_candidates\001578_score_0.900_x115_y138_w22_h18_log__20260711_105900_35312_afk_20260711_105311_311_高階競技場_route_enter__000005_20260711_105908_before_tap_712_290.png.png,ads2\assets\review_crops\close_glyph_candidates\sample\reject_candidates\001578_score_0.900_x115_y138_w22_h18_log__20260711_105900_35312_afk_20260711_105311_311_高階競技場_route_enter__000005_20260711_105908_before_tap_712_290.png.png,ads,crop,candidate_crop,raw,non_action_target,
vision_platform\ads\pilot\action_classifier_v2\dataset\images\ads_action_v2_00653_not_close_asset_8f59617264161f1d.png,not_close,reviewed,ads2/assets/review_crops/close_glyph_candidates/sample/reject_candidates,asset_8f59617264161f1d,ads2\assets\review_crops,candidate_crop,non_action_target,,,,,file_fea2b2ad9cd970bf,asset_8f59617264161f1d,D:\Projects\adb_vl\ads2\assets\review_crops\close_glyph_candidates\sample\reject_candidates\001581_score_0.900_x295_y238_w30_h29_log__20260707_160103_33324__000701_20260708_230935_before_tap_247_515.png.png,ads2\assets\review_crops\close_glyph_candidates\sample\reject_candidates\001581_score_0.900_x295_y238_w30_h29_log__20260707_160103_33324__000701_20260708_230935_before_tap_247_515.png.png,ads,crop,candidate_crop,raw,non_action_target,
vision_platform\ads\pilot\action_classifier_v2\dataset\images\ads_action_v2_00654_not_close_asset_c2591aec431cb618.png,not_close,reviewed,ads2/assets/review_crops/close_glyph_candidates/sample/reject_candidates,asset_c2591aec431cb618,ads2\assets\review_crops,candidate_crop,non_action_target,,,,,file_8f616bffa0adc112,asset_c2591aec431cb618,D:\Projects\adb_vl\ads2\assets\review_crops\close_glyph_candidates\sample\reject_candidates\001582_score_0.899_x304_y220_w23_h23_log__20260711_102525_74772_afk_20260711_102332_em3_廣告時間沙漏_task__000015_20260711_102904_before_tap_924_33.png.png,ads2\assets\review_crops\close_glyph_candidates\sample\reject_candidates\001582_score_0.899_x304_y220_w23_h23_log__20260711_102525_74772_afk_20260711_102332_em3_廣告時間沙漏_task__000015_20260711_102904_before_tap_924_33.png.png,ads,crop,candidate_crop,raw,non_action_target,
vision_platform\ads\pilot\action_classifier_v2\dataset\images\ads_action_v2_00655_not_close_asset_443b49b62be7e011.png,not_close,reviewed,ads2/assets/review_crops/close_glyph_candidates/sample/reject_candidates,asset_443b49b62be7e011,ads2\assets\review_crops,candidate_crop,non_action_target,,,,,file_ecadd4ff39147aaf,asset_443b49b62be7e011,D:\Projects\adb_vl\ads2\assets\review_crops\close_glyph_candidates\sample\reject_candidates\001584_score_0.899_x737_y305_w42_h40_log__20260711_111953_39056_afk_20260711_111931_tiger_深淵_task__000062_20260711_112219_before_tap_590_477.png.png,ads2\assets\review_crops\close_glyph_candidates\sample\reject_candidates\001584_score_0.899_x737_y305_w42_h40_log__20260711_111953_39056_afk_20260711_111931_tiger_深淵_task__000062_20260711_112219_before_tap_590_477.png.png,ads,crop,candidate_crop,raw,non_action_target,
vision_platform\ads\pilot\action_classifier_v2\dataset\images\ads_action_v2_00656_not_close_asset_a530bc5f48522270.png,not_close,reviewed,ads2/assets/review_crops/close_glyph_candidates/sample/reject_candidates,asset_a530bc5f48522270,ads2\assets\review_crops,candidate_crop,non_action_target,,,,,file_3b66baf8b85d2b4f,asset_a530bc5f48522270,D:\Projects\adb_vl\ads2\assets\review_crops\close_glyph_candidates\sample\reject_candidates\001715_score_0.894_x472_y261_w18_h18_log__tiger_廣告探寶鏟_task_fail_stuck_static__000018_20260711_014254_after_tap_301_350.png.png,ads2\assets\review_crops\close_glyph_candidates\sample\reject_candidates\001715_score_0.894_x472_y261_w18_h18_log__tiger_廣告探寶鏟_task_fail_stuck_static__000018_20260711_014254_after_tap_301_350.png.png,ads,crop,candidate_crop,raw,non_action_target,
vision_platform\ads\pilot\action_classifier_v2\dataset\images\ads_action_v2_00657_not_close_asset_f5d74856aa0fca1b.png,not_close,reviewed,close_x_classifier/data/review_batch_001/patches,asset_f5d74856aa0fca1b,close_x_classifier\data\review_batch_001,review_asset,non_action_target,,,,,file_242665a580c1c459,asset_f5d74856aa0fca1b,D:\Projects\adb_vl\close_x_classifier\data\review_batch_001\patches\cand_000002.png,close_x_classifier\data\review_batch_001\patches\cand_000002.png,ads,crop,review_asset,raw,non_action_target,
vision_platform\ads\pilot\action_classifier_v2\dataset\images\ads_action_v2_00658_not_close_asset_46d33340a95faf89.png,not_close,reviewed,close_x_classifier/data/review_batch_001/patches,asset_46d33340a95faf89,close_x_classifier\data\review_batch_001,review_asset,non_action_target,,,,,file_f5c41969fe4a8bd2,asset_46d33340a95faf89,D:\Projects\adb_vl\close_x_classifier\data\review_batch_001\patches\cand_000003.png,close_x_classifier\data\review_batch_001\patches\cand_000003.png,ads,crop,review_asset,raw,non_action_target,
vision_platform\ads\pilot\action_classifier_v2\dataset\images\ads_action_v2_00659_not_close_asset_ce298c4b8cdadbd5.png,not_close,reviewed,close_x_classifier/data/review_batch_001/patches,asset_ce298c4b8cdadbd5,close_x_classifier\data\review_batch_001,review_asset,non_action_target,,,,,file_2ee07b86a8ff3d0a,asset_ce298c4b8cdadbd5,D:\Projects\adb_vl\close_x_classifier\data\review_batch_001\patches\cand_000004.png,close_x_classifier\data\review_batch_001\patches\cand_000004.png,ads,crop,review_asset,raw,non_action_target,
vision_platform\ads\pilot\action_classifier_v2\dataset\images\ads_action_v2_00660_not_close_asset_25ab26e5f3e28b7a.png,not_close,reviewed,close_x_classifier/data/review_batch_001/patches,asset_25ab26e5f3e28b7a,close_x_classifier\data\review_batch_001,review_asset,non_action_target,,,,,file_d25c1c8033a4a1bd,asset_25ab26e5f3e28b7a,D:\Projects\adb_vl\close_x_classifier\data\review_batch_001\patches\cand_000007.png,close_x_classifier\data\review_batch_001\patches\cand_000007.png,ads,crop,review_asset,raw,non_action_target,
vision_platform\ads\pilot\action_classifier_v2\dataset\images\ads_action_v2_00661_not_close_asset_02ef524c795ef9e6.png,not_close,reviewed,close_x_classifier/data/review_batch_001/patches,asset_02ef524c795ef9e6,close_x_classifier\data\review_batch_001,review_asset,non_action_target,,,,,file_0288000a5034b7da,asset_02ef524c795ef9e6,D:\Projects\adb_vl\close_x_classifier\data\review_batch_001\patches\cand_000009.png,close_x_classifier\data\review_batch_001\patches\cand_000009.png,ads,crop,review_asset,raw,non_action_target,
vision_platform\ads\pilot\action_classifier_v2\dataset\images\ads_action_v2_00662_not_close_asset_53eadcad63159a9e.png,not_close,reviewed,close_x_classifier/data/review_batch_001/patches,asset_53eadcad63159a9e,close_x_classifier\data\review_batch_001,review_asset,non_action_target,,,,,file_04f7b62d0d1c7541,asset_53eadcad63159a9e,D:\Projects\adb_vl\close_x_classifier\data\review_batch_001\patches\cand_000010.png,close_x_classifier\data\review_batch_001\patches\cand_000010.png,ads,crop,review_asset,raw,non_action_target,
vision_platform\ads\pilot\action_classifier_v2\dataset\images\ads_action_v2_00663_not_close_asset_9181230632ec3bda.png,not_close,reviewed,close_x_classifier/data/review_batch_001/patches,asset_9181230632ec3bda,close_x_classifier\data\review_batch_001,review_asset,non_action_target,,,,,file_1940ca6a92fdfd08,asset_9181230632ec3bda,D:\Projects\adb_vl\close_x_classifier\data\review_batch_001\patches\cand_000011.png,close_x_classifier\data\review_batch_001\patches\cand_000011.png,ads,crop,review_asset,raw,non_action_target,
vision_platform\ads\pilot\action_classifier_v2\dataset\images\ads_action_v2_00664_not_close_asset_38be62f98ccc823f.png,not_close,reviewed,close_x_classifier/data/review_batch_001/patches,asset_38be62f98ccc823f,close_x_classifier\data\review_batch_001,review_asset,non_action_target,,,,,file_5e6cb74da7f0a456,asset_38be62f98ccc823f,D:\Projects\adb_vl\close_x_classifier\data\review_batch_001\patches\cand_000012.png,close_x_classifier\data\review_batch_001\patches\cand_000012.png,ads,crop,review_asset,raw,non_action_target,
vision_platform\ads\pilot\action_classifier_v2\dataset\images\ads_action_v2_00665_not_close_asset_243cc7545167d4b9.png,not_close,reviewed,close_x_classifier/data/review_batch_001/patches,asset_243cc7545167d4b9,close_x_classifier\data\review_batch_001,review_asset,non_action_target,,,,,file_ec2134dd9b538aa0,asset_243cc7545167d4b9,D:\Projects\adb_vl\close_x_classifier\data\review_batch_001\patches\cand_000013.png,close_x_classifier\data\review_batch_001\patches\cand_000013.png,ads,crop,review_asset,raw,non_action_target,
vision_platform\ads\pilot\action_classifier_v2\dataset\images\ads_action_v2_00666_not_close_asset_95226a64515df17e.png,not_close,reviewed,close_x_classifier/data/review_batch_001/patches,asset_95226a64515df17e,close_x_classifier\data\review_batch_001,review_asset,non_action_target,,,,,file_6ba3dcfc2d4f8635,asset_95226a64515df17e,D:\Projects\adb_vl\close_x_classifier\data\review_batch_001\patches\cand_000014.png,close_x_classifier\data\review_batch_001\patches\cand_000014.png,ads,crop,review_asset,raw,non_action_target,
vision_platform\ads\pilot\action_classifier_v2\dataset\images\ads_action_v2_00667_not_close_asset_cb6c317a8bd02222.png,not_close,reviewed,close_x_classifier/data/review_batch_001/patches,asset_cb6c317a8bd02222,close_x_classifier\data\review_batch_001,review_asset,non_action_target,,,,,file_a2b07aff240894e1,asset_cb6c317a8bd02222,D:\Projects\adb_vl\close_x_classifier\data\review_batch_001\patches\cand_000016.png,close_x_classifier\data\review_batch_001\patches\cand_000016.png,ads,crop,review_asset,raw,non_action_target,
vision_platform\ads\pilot\action_classifier_v2\dataset\images\ads_action_v2_00668_not_close_asset_57551126a57fcf65.png,not_close,reviewed,close_x_classifier/data/review_batch_001/patches,asset_57551126a57fcf65,close_x_classifier\data\review_batch_001,review_asset,non_action_target,,,,,file_c7428694cb13dba5,asset_57551126a57fcf65,D:\Projects\adb_vl\close_x_classifier\data\review_batch_001\patches\cand_000017.png,close_x_classifier\data\review_batch_001\patches\cand_000017.png,ads,crop,review_asset,raw,non_action_target,
vision_platform\ads\pilot\action_classifier_v2\dataset\images\ads_action_v2_00669_not_close_asset_5247f22c27c68f19.png,not_close,reviewed,close_x_classifier/data/review_batch_001/patches,asset_5247f22c27c68f19,close_x_classifier\data\review_batch_001,review_asset,non_action_target,,,,,file_1ca4f1e295448ba6,asset_5247f22c27c68f19,D:\Projects\adb_vl\close_x_classifier\data\review_batch_001\patches\cand_000019.png,close_x_classifier\data\review_batch_001\patches\cand_000019.png,ads,crop,review_asset,raw,non_action_target,
vision_platform\ads\pilot\action_classifier_v2\dataset\images\ads_action_v2_00670_not_close_asset_05ae6e0843c1cb19.png,not_close,reviewed,close_x_classifier/data/review_batch_001/patches,asset_05ae6e0843c1cb19,close_x_classifier\data\review_batch_001,review_asset,non_action_target,,,,,file_a0e2fd69a749e7c4,asset_05ae6e0843c1cb19,D:\Projects\adb_vl\close_x_classifier\data\review_batch_001\patches\cand_000020.png,close_x_classifier\data\review_batch_001\patches\cand_000020.png,ads,crop,review_asset,raw,non_action_target,
vision_platform\ads\pilot\action_classifier_v2\dataset\images\ads_action_v2_00671_not_close_asset_16c54b17c7276938.png,not_close,reviewed,close_x_classifier/data/review_batch_001/patches,asset_16c54b17c7276938,close_x_classifier\data\review_batch_001,review_asset,non_action_target,,,,,file_0c273f8c23b60467,asset_16c54b17c7276938,D:\Projects\adb_vl\close_x_classifier\data\review_batch_001\patches\cand_000021.png,close_x_classifier\data\review_batch_001\patches\cand_000021.png,ads,crop,review_asset,raw,non_action_target,
vision_platform\ads\pilot\action_classifier_v2\dataset\images\ads_action_v2_00672_not_close_asset_a1b3a224df4f0c51.png,not_close,reviewed,close_x_classifier/data/review_batch_001/patches,asset_a1b3a224df4f0c51,close_x_classifier\data\review_batch_001,review_asset,non_action_target,,,,,file_313a9d0e033c455d,asset_a1b3a224df4f0c51,D:\Projects\adb_vl\close_x_classifier\data\review_batch_001\patches\cand_000022.png,close_x_classifier\data\review_batch_001\patches\cand_000022.png,ads,crop,review_asset,raw,non_action_target,
vision_platform\ads\pilot\action_classifier_v2\dataset\images\ads_action_v2_00673_not_close_asset_a5b9f062e210eb9b.png,not_close,reviewed,close_x_classifier/data/review_batch_001/patches,asset_a5b9f062e210eb9b,close_x_classifier\data\review_batch_001,review_asset,non_action_target,,,,,file_73c76ed3aa8018b0,asset_a5b9f062e210eb9b,D:\Projects\adb_vl\close_x_classifier\data\review_batch_001\patches\cand_000023.png,close_x_classifier\data\review_batch_001\patches\cand_000023.png,ads,crop,review_asset,raw,non_action_target,
vision_platform\ads\pilot\action_classifier_v2\dataset\images\ads_action_v2_00674_not_close_asset_e30f318d3630b190.png,not_close,reviewed,close_x_classifier/data/review_batch_001/patches,asset_e30f318d3630b190,close_x_classifier\data\review_batch_001,review_asset,non_action_target,,,,,file_73270a782006c16c,asset_e30f318d3630b190,D:\Projects\adb_vl\close_x_classifier\data\review_batch_001\patches\cand_000024.png,close_x_classifier\data\review_batch_001\patches\cand_000024.png,ads,crop,review_asset,raw,non_action_target,
vision_platform\ads\pilot\action_classifier_v2\dataset\images\ads_action_v2_00675_not_close_asset_c4ab2a6cfd83db19.png,not_close,reviewed,close_x_classifier/data/review_batch_001/patches,asset_c4ab2a6cfd83db19,close_x_classifier\data\review_batch_001,review_asset,non_action_target,,,,,file_6e04e9755bbf22a4,asset_c4ab2a6cfd83db19,D:\Projects\adb_vl\close_x_classifier\data\review_batch_001\patches\cand_000025.png,close_x_classifier\data\review_batch_001\patches\cand_000025.png,ads,crop,review_asset,raw,non_action_target,
vision_platform\ads\pilot\action_classifier_v2\dataset\images\ads_action_v2_00676_not_close_asset_9f9652c31a5ab0d7.png,not_close,reviewed,close_x_classifier/data/review_batch_001/patches,asset_9f9652c31a5ab0d7,close_x_classifier\data\review_batch_001,review_asset,non_action_target,,,,,file_c6bc4dc413cade9a,asset_9f9652c31a5ab0d7,D:\Projects\adb_vl\close_x_classifier\data\review_batch_001\patches\cand_000026.png,close_x_classifier\data\review_batch_001\patches\cand_000026.png,ads,crop,review_asset,raw,non_action_target,
vision_platform\ads\pilot\action_classifier_v2\dataset\images\ads_action_v2_00677_not_close_asset_766213a4706f6512.png,not_close,reviewed,close_x_classifier/data/review_batch_001/patches,asset_766213a4706f6512,close_x_classifier\data\review_batch_001,review_asset,non_action_target,,,,,file_3be02bb4c97d5f7c,asset_766213a4706f6512,D:\Projects\adb_vl\close_x_classifier\data\review_batch_001\patches\cand_000027.png,close_x_classifier\data\review_batch_001\patches\cand_000027.png,ads,crop,review_asset,raw,non_action_target,
vision_platform\ads\pilot\action_classifier_v2\dataset\images\ads_action_v2_00678_not_close_asset_304c42213805e3ee.png,not_close,reviewed,close_x_classifier/data/review_batch_001/patches,asset_304c42213805e3ee,close_x_classifier\data\review_batch_001,review_asset,non_action_target,,,,,file_80d38d4ef041548f,asset_304c42213805e3ee,D:\Projects\adb_vl\close_x_classifier\data\review_batch_001\patches\cand_000028.png,close_x_classifier\data\review_batch_001\patches\cand_000028.png,ads,crop,review_asset,raw,non_action_target,
vision_platform\ads\pilot\action_classifier_v2\dataset\images\ads_action_v2_00679_not_close_asset_d7d1d7e479f0c922.png,not_close,reviewed,close_x_classifier/data/review_batch_001/patches,asset_d7d1d7e479f0c922,close_x_classifier\data\review_batch_001,review_asset,non_action_target,,,,,file_cdb5cade75b08fb9,asset_d7d1d7e479f0c922,D:\Projects\adb_vl\close_x_classifier\data\review_batch_001\patches\cand_000029.png,close_x_classifier\data\review_batch_001\patches\cand_000029.png,ads,crop,review_asset,raw,non_action_target,
vision_platform\ads\pilot\action_classifier_v2\dataset\images\ads_action_v2_00680_not_close_asset_a618d16b03785160.png,not_close,reviewed,close_x_classifier/data/review_batch_001/patches,asset_a618d16b03785160,close_x_classifier\data\review_batch_001,review_asset,non_action_target,,,,,file_f4ee12a007f6f514,asset_a618d16b03785160,D:\Projects\adb_vl\close_x_classifier\data\review_batch_001\patches\cand_000030.png,close_x_classifier\data\review_batch_001\patches\cand_000030.png,ads,crop,review_asset,raw,non_action_target,
vision_platform\ads\pilot\action_classifier_v2\dataset\images\ads_action_v2_00681_not_close_asset_69ff352d302c1a15.png,not_close,reviewed,close_x_classifier/data/review_batch_001/patches,asset_69ff352d302c1a15,close_x_classifier\data\review_batch_001,review_asset,non_action_target,,,,,file_aae4d087f89ebd2c,asset_69ff352d302c1a15,D:\Projects\adb_vl\close_x_classifier\data\review_batch_001\patches\cand_000031.png,close_x_classifier\data\review_batch_001\patches\cand_000031.png,ads,crop,review_asset,raw,non_action_target,
vision_platform\ads\pilot\action_classifier_v2\dataset\images\ads_action_v2_00682_not_close_asset_410fdaa511847b3f.png,not_close,reviewed,close_x_classifier/data/review_batch_001/patches,asset_410fdaa511847b3f,close_x_classifier\data\review_batch_001,review_asset,non_action_target,,,,,file_17bd5f91f9e0a128,asset_410fdaa511847b3f,D:\Projects\adb_vl\close_x_classifier\data\review_batch_001\patches\cand_000032.png,close_x_classifier\data\review_batch_001\patches\cand_000032.png,ads,crop,review_asset,raw,non_action_target,
vision_platform\ads\pilot\action_classifier_v2\dataset\images\ads_action_v2_00683_not_close_asset_7ab3f8515347d9d0.png,not_close,reviewed,close_x_classifier/data/review_batch_001/patches,asset_7ab3f8515347d9d0,close_x_classifier\data\review_batch_001,review_asset,non_action_target,,,,,file_836837a2375e4997,asset_7ab3f8515347d9d0,D:\Projects\adb_vl\close_x_classifier\data\review_batch_001\patches\cand_000033.png,close_x_classifier\data\review_batch_001\patches\cand_000033.png,ads,crop,review_asset,raw,non_action_target,
vision_platform\ads\pilot\action_classifier_v2\dataset\images\ads_action_v2_00684_not_close_asset_236138ca90eca109.png,not_close,reviewed,close_x_classifier/data/review_batch_001/patches,asset_236138ca90eca109,close_x_classifier\data\review_batch_001,review_asset,non_action_target,,,,,file_f2595e88262457b2,asset_236138ca90eca109,D:\Projects\adb_vl\close_x_classifier\data\review_batch_001\patches\cand_000034.png,close_x_classifier\data\review_batch_001\patches\cand_000034.png,ads,crop,review_asset,raw,non_action_target,
vision_platform\ads\pilot\action_classifier_v2\dataset\images\ads_action_v2_00685_not_close_asset_212e7bfc26cbbafc.png,not_close,reviewed,close_x_classifier/data/review_batch_001/patches,asset_212e7bfc26cbbafc,close_x_classifier\data\review_batch_001,review_asset,non_action_target,,,,,file_3a746847dec51b89,asset_212e7bfc26cbbafc,D:\Projects\adb_vl\close_x_classifier\data\review_batch_001\patches\cand_000035.png,close_x_classifier\data\review_batch_001\patches\cand_000035.png,ads,crop,review_asset,raw,non_action_target,
vision_platform\ads\pilot\action_classifier_v2\dataset\images\ads_action_v2_00686_not_close_asset_51c6fc7eb601d595.png,not_close,reviewed,close_x_classifier/data/review_batch_001/patches,asset_51c6fc7eb601d595,close_x_classifier\data\review_batch_001,review_asset,non_action_target,,,,,file_540a565e62a903bf,asset_51c6fc7eb601d595,D:\Projects\adb_vl\close_x_classifier\data\review_batch_001\patches\cand_000036.png,close_x_classifier\data\review_batch_001\patches\cand_000036.png,ads,crop,review_asset,raw,non_action_target,
vision_platform\ads\pilot\action_classifier_v2\dataset\images\ads_action_v2_00687_not_close_asset_8fc9feafb2e8fdbd.png,not_close,reviewed,close_x_classifier/data/review_batch_001/patches,asset_8fc9feafb2e8fdbd,close_x_classifier\data\review_batch_001,review_asset,non_action_target,,,,,file_64e322e909a380a3,asset_8fc9feafb2e8fdbd,D:\Projects\adb_vl\close_x_classifier\data\review_batch_001\patches\cand_000037.png,close_x_classifier\data\review_batch_001\patches\cand_000037.png,ads,crop,review_asset,raw,non_action_target,
vision_platform\ads\pilot\action_classifier_v2\dataset\images\ads_action_v2_00688_not_close_asset_7f1142a90bc11b36.png,not_close,reviewed,close_x_classifier/data/review_batch_001/patches,asset_7f1142a90bc11b36,close_x_classifier\data\review_batch_001,review_asset,non_action_target,,,,,file_0196aeeff80c634f,asset_7f1142a90bc11b36,D:\Projects\adb_vl\close_x_classifier\data\review_batch_001\patches\cand_000038.png,close_x_classifier\data\review_batch_001\patches\cand_000038.png,ads,crop,review_asset,raw,non_action_target,
vision_platform\ads\pilot\action_classifier_v2\dataset\images\ads_action_v2_00689_not_close_asset_cd09cc044423a29b.png,not_close,reviewed,close_x_classifier/data/review_batch_001/patches,asset_cd09cc044423a29b,close_x_classifier\data\review_batch_001,review_asset,non_action_target,,,,,file_2306203acc556ff3,asset_cd09cc044423a29b,D:\Projects\adb_vl\close_x_classifier\data\review_batch_001\patches\cand_000039.png,close_x_classifier\data\review_batch_001\patches\cand_000039.png,ads,crop,review_asset,raw,non_action_target,
vision_platform\ads\pilot\action_classifier_v2\dataset\images\ads_action_v2_00690_not_close_asset_cf7d7ec3dfa1bc6b.png,not_close,reviewed,close_x_classifier/data/review_batch_001/patches,asset_cf7d7ec3dfa1bc6b,close_x_classifier\data\review_batch_001,review_asset,non_action_target,,,,,file_c579e9c38a0dd8da,asset_cf7d7ec3dfa1bc6b,D:\Projects\adb_vl\close_x_classifier\data\review_batch_001\patches\cand_000042.png,close_x_classifier\data\review_batch_001\patches\cand_000042.png,ads,crop,review_asset,raw,non_action_target,
vision_platform\ads\pilot\action_classifier_v2\dataset\images\ads_action_v2_00691_not_close_asset_ecb016283fbb78e7.png,not_close,reviewed,close_x_classifier/data/review_batch_001/patches,asset_ecb016283fbb78e7,close_x_classifier\data\review_batch_001,review_asset,non_action_target,,,,,file_3076bdc2718ed45b,asset_ecb016283fbb78e7,D:\Projects\adb_vl\close_x_classifier\data\review_batch_001\patches\cand_000043.png,close_x_classifier\data\review_batch_001\patches\cand_000043.png,ads,crop,review_asset,raw,non_action_target,
vision_platform\ads\pilot\action_classifier_v2\dataset\images\ads_action_v2_00692_not_close_asset_66cf1a5138755224.png,not_close,reviewed,close_x_classifier/data/review_batch_001/patches,asset_66cf1a5138755224,close_x_classifier\data\review_batch_001,review_asset,non_action_target,,,,,file_9d46f939141bdce8,asset_66cf1a5138755224,D:\Projects\adb_vl\close_x_classifier\data\review_batch_001\patches\cand_000044.png,close_x_classifier\data\review_batch_001\patches\cand_000044.png,ads,crop,review_asset,raw,non_action_target,
vision_platform\ads\pilot\action_classifier_v2\dataset\images\ads_action_v2_00693_not_close_asset_649eac88c9285fb0.png,not_close,reviewed,close_x_classifier/data/review_batch_001/patches,asset_649eac88c9285fb0,close_x_classifier\data\review_batch_001,review_asset,non_action_target,,,,,file_4a78339a693724df,asset_649eac88c9285fb0,D:\Projects\adb_vl\close_x_classifier\data\review_batch_001\patches\cand_000047.png,close_x_classifier\data\review_batch_001\patches\cand_000047.png,ads,crop,review_asset,raw,non_action_target,
vision_platform\ads\pilot\action_classifier_v2\dataset\images\ads_action_v2_00694_not_close_asset_3ff30ec14961a04f.png,not_close,reviewed,close_x_classifier/data/review_batch_001/patches,asset_3ff30ec14961a04f,close_x_classifier\data\review_batch_001,review_asset,non_action_target,,,,,file_53c1933913e77fd6,asset_3ff30ec14961a04f,D:\Projects\adb_vl\close_x_classifier\data\review_batch_001\patches\cand_000048.png,close_x_classifier\data\review_batch_001\patches\cand_000048.png,ads,crop,review_asset,raw,non_action_target,
vision_platform\ads\pilot\action_classifier_v2\dataset\images\ads_action_v2_00695_not_close_asset_7737e1d175d17877.png,not_close,reviewed,close_x_classifier/data/review_batch_001/patches,asset_7737e1d175d17877,close_x_classifier\data\review_batch_001,review_asset,non_action_target,,,,,file_e463e16f588d77b9,asset_7737e1d175d17877,D:\Projects\adb_vl\close_x_classifier\data\review_batch_001\patches\cand_000049.png,close_x_classifier\data\review_batch_001\patches\cand_000049.png,ads,crop,review_asset,raw,non_action_target,
vision_platform\ads\pilot\action_classifier_v2\dataset\images\ads_action_v2_00696_not_close_asset_4f97656cd84e717e.png,not_close,reviewed,close_x_classifier/data/review_batch_001/patches,asset_4f97656cd84e717e,close_x_classifier\data\review_batch_001,review_asset,non_action_target,,,,,file_8ad8cb9f8c801929,asset_4f97656cd84e717e,D:\Projects\adb_vl\close_x_classifier\data\review_batch_001\patches\cand_000051.png,close_x_classifier\data\review_batch_001\patches\cand_000051.png,ads,crop,review_asset,raw,non_action_target,
vision_platform\ads\pilot\action_classifier_v2\dataset\images\ads_action_v2_00697_not_close_asset_0617e092e34e98e0.png,not_close,reviewed,close_x_classifier/data/review_batch_001/patches,asset_0617e092e34e98e0,close_x_classifier\data\review_batch_001,review_asset,non_action_target,,,,,file_e02603a9932668c1,asset_0617e092e34e98e0,D:\Projects\adb_vl\close_x_classifier\data\review_batch_001\patches\cand_000052.png,close_x_classifier\data\review_batch_001\patches\cand_000052.png,ads,crop,review_asset,raw,non_action_target,
vision_platform\ads\pilot\action_classifier_v2\dataset\images\ads_action_v2_00698_not_close_asset_3032498fab095886.png,not_close,reviewed,close_x_classifier/data/review_batch_001/patches,asset_3032498fab095886,close_x_classifier\data\review_batch_001,review_asset,non_action_target,,,,,file_839ad12fb197cd33,asset_3032498fab095886,D:\Projects\adb_vl\close_x_classifier\data\review_batch_001\patches\cand_000053.png,close_x_classifier\data\review_batch_001\patches\cand_000053.png,ads,crop,review_asset,raw,non_action_target,
vision_platform\ads\pilot\action_classifier_v2\dataset\images\ads_action_v2_00699_not_close_asset_3d092f5cbb66ff78.png,not_close,reviewed,close_x_classifier/data/review_batch_001/patches,asset_3d092f5cbb66ff78,close_x_classifier\data\review_batch_001,review_asset,non_action_target,,,,,file_a900e046f6649b1c,asset_3d092f5cbb66ff78,D:\Projects\adb_vl\close_x_classifier\data\review_batch_001\patches\cand_000054.png,close_x_classifier\data\review_batch_001\patches\cand_000054.png,ads,crop,review_asset,raw,non_action_target,
vision_platform\ads\pilot\action_classifier_v2\dataset\images\ads_action_v2_00700_not_close_asset_f0b83b5fe8c3d40d.png,not_close,reviewed,close_x_classifier/data/review_batch_001/patches,asset_f0b83b5fe8c3d40d,close_x_classifier\data\review_batch_001,review_asset,non_action_target,,,,,file_9918ec4143c7f2be,asset_f0b83b5fe8c3d40d,D:\Projects\adb_vl\close_x_classifier\data\review_batch_001\patches\cand_000055.png,close_x_classifier\data\review_batch_001\patches\cand_000055.png,ads,crop,review_asset,raw,non_action_target,
vision_platform\ads\pilot\action_classifier_v2\dataset\images\ads_action_v2_00701_not_close_asset_375e7ce207ad622b.png,not_close,reviewed,close_x_classifier/data/review_batch_001/patches,asset_375e7ce207ad622b,close_x_classifier\data\review_batch_001,review_asset,non_action_target,,,,,file_6b7ed9fab8d8c5d2,asset_375e7ce207ad622b,D:\Projects\adb_vl\close_x_classifier\data\review_batch_001\patches\cand_000056.png,close_x_classifier\data\review_batch_001\patches\cand_000056.png,ads,crop,review_asset,raw,non_action_target,
vision_platform\ads\pilot\action_classifier_v2\dataset\images\ads_action_v2_00702_not_close_asset_aec2210007423536.png,not_close,reviewed,close_x_classifier/data/review_batch_001/patches,asset_aec2210007423536,close_x_classifier\data\review_batch_001,review_asset,non_action_target,,,,,file_41eec6d1417f0628,asset_aec2210007423536,D:\Projects\adb_vl\close_x_classifier\data\review_batch_001\patches\cand_000057.png,close_x_classifier\data\review_batch_001\patches\cand_000057.png,ads,crop,review_asset,raw,non_action_target,
vision_platform\ads\pilot\action_classifier_v2\dataset\images\ads_action_v2_00703_not_close_asset_fb82d16aeb73e169.png,not_close,reviewed,close_x_classifier/data/review_batch_001/patches,asset_fb82d16aeb73e169,close_x_classifier\data\review_batch_001,review_asset,non_action_target,,,,,file_658f5f04278b425e,asset_fb82d16aeb73e169,D:\Projects\adb_vl\close_x_classifier\data\review_batch_001\patches\cand_000058.png,close_x_classifier\data\review_batch_001\patches\cand_000058.png,ads,crop,review_asset,raw,non_action_target,
vision_platform\ads\pilot\action_classifier_v2\dataset\images\ads_action_v2_00704_not_close_asset_ccbc4de77f983ef0.png,not_close,reviewed,close_x_classifier/data/review_batch_001/patches,asset_ccbc4de77f983ef0,close_x_classifier\data\review_batch_001,review_asset,non_action_target,,,,,file_584a25e35a2aa5af,asset_ccbc4de77f983ef0,D:\Projects\adb_vl\close_x_classifier\data\review_batch_001\patches\cand_000059.png,close_x_classifier\data\review_batch_001\patches\cand_000059.png,ads,crop,review_asset,raw,non_action_target,
vision_platform\ads\pilot\action_classifier_v2\dataset\images\ads_action_v2_00705_not_close_asset_6d2d0fc07120b38c.png,not_close,reviewed,close_x_classifier/data/review_batch_001/patches,asset_6d2d0fc07120b38c,close_x_classifier\data\review_batch_001,review_asset,non_action_target,,,,,file_3df41178e09ef310,asset_6d2d0fc07120b38c,D:\Projects\adb_vl\close_x_classifier\data\review_batch_001\patches\cand_000060.png,close_x_classifier\data\review_batch_001\patches\cand_000060.png,ads,crop,review_asset,raw,non_action_target,
vision_platform\ads\pilot\action_classifier_v2\dataset\images\ads_action_v2_00706_not_close_asset_8473743daeff35c1.png,not_close,reviewed,close_x_classifier/data/review_batch_001/patches,asset_8473743daeff35c1,close_x_classifier\data\review_batch_001,review_asset,non_action_target,,,,,file_1522c017d11d496d,asset_8473743daeff35c1,D:\Projects\adb_vl\close_x_classifier\data\review_batch_001\patches\cand_000061.png,close_x_classifier\data\review_batch_001\patches\cand_000061.png,ads,crop,review_asset,raw,non_action_target,
vision_platform\ads\pilot\action_classifier_v2\dataset\images\ads_action_v2_00707_not_close_asset_6c1ef04afc297d89.png,not_close,reviewed,close_x_classifier/data/review_batch_001/patches,asset_6c1ef04afc297d89,close_x_classifier\data\review_batch_001,review_asset,non_action_target,,,,,file_677d1bbcf64f5e06,asset_6c1ef04afc297d89,D:\Projects\adb_vl\close_x_classifier\data\review_batch_001\patches\cand_000062.png,close_x_classifier\data\review_batch_001\patches\cand_000062.png,ads,crop,review_asset,raw,non_action_target,
vision_platform\ads\pilot\action_classifier_v2\dataset\images\ads_action_v2_00708_not_close_asset_2032cbb4ce014ae3.png,not_close,reviewed,close_x_classifier/data/review_batch_001/patches,asset_2032cbb4ce014ae3,close_x_classifier\data\review_batch_001,review_asset,non_action_target,,,,,file_af0722185a4b6f9a,asset_2032cbb4ce014ae3,D:\Projects\adb_vl\close_x_classifier\data\review_batch_001\patches\cand_000063.png,close_x_classifier\data\review_batch_001\patches\cand_000063.png,ads,crop,review_asset,raw,non_action_target,
vision_platform\ads\pilot\action_classifier_v2\dataset\images\ads_action_v2_00709_not_close_asset_7107feb27893b34d.png,not_close,reviewed,close_x_classifier/data/review_batch_001/patches,asset_7107feb27893b34d,close_x_classifier\data\review_batch_001,review_asset,non_action_target,,,,,file_f37eb3b9998ece09,asset_7107feb27893b34d,D:\Projects\adb_vl\close_x_classifier\data\review_batch_001\patches\cand_000064.png,close_x_classifier\data\review_batch_001\patches\cand_000064.png,ads,crop,review_asset,raw,non_action_target,
vision_platform\ads\pilot\action_classifier_v2\dataset\images\ads_action_v2_00710_not_close_asset_ec4cebf942982f72.png,not_close,reviewed,close_x_classifier/data/review_batch_001/patches,asset_ec4cebf942982f72,close_x_classifier\data\review_batch_001,review_asset,non_action_target,,,,,file_7ad57c7ccd1fcfcf,asset_ec4cebf942982f72,D:\Projects\adb_vl\close_x_classifier\data\review_batch_001\patches\cand_000065.png,close_x_classifier\data\review_batch_001\patches\cand_000065.png,ads,crop,review_asset,raw,non_action_target,
vision_platform\ads\pilot\action_classifier_v2\dataset\images\ads_action_v2_00711_not_close_asset_4aa8c4d04cd47df9.png,not_close,reviewed,close_x_classifier/data/review_batch_001/patches,asset_4aa8c4d04cd47df9,close_x_classifier\data\review_batch_001,review_asset,non_action_target,,,,,file_f644a18371952d0a,asset_4aa8c4d04cd47df9,D:\Projects\adb_vl\close_x_classifier\data\review_batch_001\patches\cand_000066.png,close_x_classifier\data\review_batch_001\patches\cand_000066.png,ads,crop,review_asset,raw,non_action_target,
vision_platform\ads\pilot\action_classifier_v2\dataset\images\ads_action_v2_00712_not_close_asset_f6af7639870ca4a7.png,not_close,reviewed,close_x_classifier/data/review_batch_001/patches,asset_f6af7639870ca4a7,close_x_classifier\data\review_batch_001,review_asset,non_action_target,,,,,file_cf9928b495ef828c,asset_f6af7639870ca4a7,D:\Projects\adb_vl\close_x_classifier\data\review_batch_001\patches\cand_000068.png,close_x_classifier\data\review_batch_001\patches\cand_000068.png,ads,crop,review_asset,raw,non_action_target,
vision_platform\ads\pilot\action_classifier_v2\dataset\images\ads_action_v2_00713_not_close_asset_b08b4d69d4e9292d.png,not_close,reviewed,close_x_classifier/data/review_batch_001/patches,asset_b08b4d69d4e9292d,close_x_classifier\data\review_batch_001,review_asset,non_action_target,,,,,file_d5c76da398c84df1,asset_b08b4d69d4e9292d,D:\Projects\adb_vl\close_x_classifier\data\review_batch_001\patches\cand_000069.png,close_x_classifier\data\review_batch_001\patches\cand_000069.png,ads,crop,review_asset,raw,non_action_target,
vision_platform\ads\pilot\action_classifier_v2\dataset\images\ads_action_v2_00714_not_close_asset_ef018ae4d90ecfd8.png,not_close,reviewed,close_x_classifier/data/review_batch_001/patches,asset_ef018ae4d90ecfd8,close_x_classifier\data\review_batch_001,review_asset,non_action_target,,,,,file_b88557f86927b052,asset_ef018ae4d90ecfd8,D:\Projects\adb_vl\close_x_classifier\data\review_batch_001\patches\cand_000070.png,close_x_classifier\data\review_batch_001\patches\cand_000070.png,ads,crop,review_asset,raw,non_action_target,
vision_platform\ads\pilot\action_classifier_v2\dataset\images\ads_action_v2_00715_not_close_asset_21b0f01c4c397cb0.png,not_close,reviewed,close_x_classifier/data/review_batch_001/patches,asset_21b0f01c4c397cb0,close_x_classifier\data\review_batch_001,review_asset,non_action_target,,,,,file_77c0a0d9c33ceb2c,asset_21b0f01c4c397cb0,D:\Projects\adb_vl\close_x_classifier\data\review_batch_001\patches\cand_000072.png,close_x_classifier\data\review_batch_001\patches\cand_000072.png,ads,crop,review_asset,raw,non_action_target,
vision_platform\ads\pilot\action_classifier_v2\dataset\images\ads_action_v2_00716_not_close_asset_e967534bf8ac7505.png,not_close,reviewed,close_x_classifier/data/review_batch_001/patches,asset_e967534bf8ac7505,close_x_classifier\data\review_batch_001,review_asset,non_action_target,,,,,file_97b6d76821a2eafe,asset_e967534bf8ac7505,D:\Projects\adb_vl\close_x_classifier\data\review_batch_001\patches\cand_000074.png,close_x_classifier\data\review_batch_001\patches\cand_000074.png,ads,crop,review_asset,raw,non_action_target,
vision_platform\ads\pilot\action_classifier_v2\dataset\images\ads_action_v2_00717_not_close_asset_4ed1135887f5c9e0.png,not_close,reviewed,close_x_classifier/data/review_batch_001/patches,asset_4ed1135887f5c9e0,close_x_classifier\data\review_batch_001,review_asset,non_action_target,,,,,file_ed9995de5e8e2899,asset_4ed1135887f5c9e0,D:\Projects\adb_vl\close_x_classifier\data\review_batch_001\patches\cand_000076.png,close_x_classifier\data\review_batch_001\patches\cand_000076.png,ads,crop,review_asset,raw,non_action_target,
vision_platform\ads\pilot\action_classifier_v2\dataset\images\ads_action_v2_00718_not_close_asset_49c97fb9b3a58796.png,not_close,reviewed,close_x_classifier/data/review_batch_001/patches,asset_49c97fb9b3a58796,close_x_classifier\data\review_batch_001,review_asset,non_action_target,,,,,file_17b9b1acdfa9df78,asset_49c97fb9b3a58796,D:\Projects\adb_vl\close_x_classifier\data\review_batch_001\patches\cand_000077.png,close_x_classifier\data\review_batch_001\patches\cand_000077.png,ads,crop,review_asset,raw,non_action_target,
vision_platform\ads\pilot\action_classifier_v2\dataset\images\ads_action_v2_00719_not_close_asset_46d6f15c03709686.png,not_close,reviewed,close_x_classifier/data/review_batch_001/patches,asset_46d6f15c03709686,close_x_classifier\data\review_batch_001,review_asset,non_action_target,,,,,file_b5dc8d4f959799ad,asset_46d6f15c03709686,D:\Projects\adb_vl\close_x_classifier\data\review_batch_001\patches\cand_000078.png,close_x_classifier\data\review_batch_001\patches\cand_000078.png,ads,crop,review_asset,raw,non_action_target,
vision_platform\ads\pilot\action_classifier_v2\dataset\images\ads_action_v2_00720_not_close_asset_2eef81fb79a816b1.png,not_close,reviewed,close_x_classifier/data/review_batch_001/patches,asset_2eef81fb79a816b1,close_x_classifier\data\review_batch_001,review_asset,non_action_target,,,,,file_e1c2eebd53b9c0fa,asset_2eef81fb79a816b1,D:\Projects\adb_vl\close_x_classifier\data\review_batch_001\patches\cand_000079.png,close_x_classifier\data\review_batch_001\patches\cand_000079.png,ads,crop,review_asset,raw,non_action_target,
vision_platform\ads\pilot\action_classifier_v2\dataset\images\ads_action_v2_00721_not_close_asset_79637e5fd72f95ea.png,not_close,reviewed,close_x_classifier/data/review_batch_001/patches,asset_79637e5fd72f95ea,close_x_classifier\data\review_batch_001,review_asset,non_action_target,,,,,file_ae75325752376d86,asset_79637e5fd72f95ea,D:\Projects\adb_vl\close_x_classifier\data\review_batch_001\patches\cand_000080.png,close_x_classifier\data\review_batch_001\patches\cand_000080.png,ads,crop,review_asset,raw,non_action_target,
vision_platform\ads\pilot\action_classifier_v2\dataset\images\ads_action_v2_00722_not_close_asset_cdb2f21a6b40148f.png,not_close,reviewed,close_x_classifier/data/review_batch_001/patches,asset_cdb2f21a6b40148f,close_x_classifier\data\review_batch_001,review_asset,non_action_target,,,,,file_ae9e67f6d4ef28c1,asset_cdb2f21a6b40148f,D:\Projects\adb_vl\close_x_classifier\data\review_batch_001\patches\cand_000081.png,close_x_classifier\data\review_batch_001\patches\cand_000081.png,ads,crop,review_asset,raw,non_action_target,
vision_platform\ads\pilot\action_classifier_v2\dataset\images\ads_action_v2_00723_not_close_asset_d65f076043023e54.png,not_close,reviewed,close_x_classifier/data/review_batch_001/patches,asset_d65f076043023e54,close_x_classifier\data\review_batch_001,review_asset,non_action_target,,,,,file_b80b8c5da8d29804,asset_d65f076043023e54,D:\Projects\adb_vl\close_x_classifier\data\review_batch_001\patches\cand_000082.png,close_x_classifier\data\review_batch_001\patches\cand_000082.png,ads,crop,review_asset,raw,non_action_target,
vision_platform\ads\pilot\action_classifier_v2\dataset\images\ads_action_v2_00724_not_close_asset_9856ac6b3f298f71.png,not_close,reviewed,close_x_classifier/data/review_batch_001/patches,asset_9856ac6b3f298f71,close_x_classifier\data\review_batch_001,review_asset,non_action_target,,,,,file_250a5c6f9928c290,asset_9856ac6b3f298f71,D:\Projects\adb_vl\close_x_classifier\data\review_batch_001\patches\cand_000083.png,close_x_classifier\data\review_batch_001\patches\cand_000083.png,ads,crop,review_asset,raw,non_action_target,
vision_platform\ads\pilot\action_classifier_v2\dataset\images\ads_action_v2_00725_not_close_asset_16f0517ea57deeaf.png,not_close,reviewed,close_x_classifier/data/review_batch_001/patches,asset_16f0517ea57deeaf,close_x_classifier\data\review_batch_001,review_asset,non_action_target,,,,,file_ca099450229a73b2,asset_16f0517ea57deeaf,D:\Projects\adb_vl\close_x_classifier\data\review_batch_001\patches\cand_000084.png,close_x_classifier\data\review_batch_001\patches\cand_000084.png,ads,crop,review_asset,raw,non_action_target,
vision_platform\ads\pilot\action_classifier_v2\dataset\images\ads_action_v2_00726_not_close_asset_67c1f02b696827a9.png,not_close,reviewed,close_x_classifier/data/review_batch_001/patches,asset_67c1f02b696827a9,close_x_classifier\data\review_batch_001,review_asset,non_action_target,,,,,file_3dc6fadec396048e,asset_67c1f02b696827a9,D:\Projects\adb_vl\close_x_classifier\data\review_batch_001\patches\cand_000085.png,close_x_classifier\data\review_batch_001\patches\cand_000085.png,ads,crop,review_asset,raw,non_action_target,
vision_platform\ads\pilot\action_classifier_v2\dataset\images\ads_action_v2_00727_not_close_asset_0bcc767155f8da83.png,not_close,reviewed,close_x_classifier/data/review_batch_001/patches,asset_0bcc767155f8da83,close_x_classifier\data\review_batch_001,review_asset,non_action_target,,,,,file_53e37e6c7a29a3d8,asset_0bcc767155f8da83,D:\Projects\adb_vl\close_x_classifier\data\review_batch_001\patches\cand_000086.png,close_x_classifier\data\review_batch_001\patches\cand_000086.png,ads,crop,review_asset,raw,non_action_target,
vision_platform\ads\pilot\action_classifier_v2\dataset\images\ads_action_v2_00728_not_close_asset_c33adde92825a846.png,not_close,reviewed,close_x_classifier/data/review_batch_001/patches,asset_c33adde92825a846,close_x_classifier\data\review_batch_001,review_asset,non_action_target,,,,,file_000ee7eceed8b007,asset_c33adde92825a846,D:\Projects\adb_vl\close_x_classifier\data\review_batch_001\patches\cand_000087.png,close_x_classifier\data\review_batch_001\patches\cand_000087.png,ads,crop,review_asset,raw,non_action_target,
vision_platform\ads\pilot\action_classifier_v2\dataset\images\ads_action_v2_00729_not_close_asset_478cdcc8d265c268.png,not_close,reviewed,close_x_classifier/data/review_batch_001/patches,asset_478cdcc8d265c268,close_x_classifier\data\review_batch_001,review_asset,non_action_target,,,,,file_6d0c423fc0ab66d5,asset_478cdcc8d265c268,D:\Projects\adb_vl\close_x_classifier\data\review_batch_001\patches\cand_000088.png,close_x_classifier\data\review_batch_001\patches\cand_000088.png,ads,crop,review_asset,raw,non_action_target,
vision_platform\ads\pilot\action_classifier_v2\dataset\images\ads_action_v2_00730_not_close_asset_cc11bec0d73b7955.png,not_close,reviewed,close_x_classifier/data/review_batch_001/patches,asset_cc11bec0d73b7955,close_x_classifier\data\review_batch_001,review_asset,non_action_target,,,,,file_9ba06f45ac94a961,asset_cc11bec0d73b7955,D:\Projects\adb_vl\close_x_classifier\data\review_batch_001\patches\cand_000089.png,close_x_classifier\data\review_batch_001\patches\cand_000089.png,ads,crop,review_asset,raw,non_action_target,
vision_platform\ads\pilot\action_classifier_v2\dataset\images\ads_action_v2_00731_not_close_asset_45279de3c5360c11.png,not_close,reviewed,close_x_classifier/data/review_batch_001/patches,asset_45279de3c5360c11,close_x_classifier\data\review_batch_001,review_asset,non_action_target,,,,,file_29a69f68ee5b7cf6,asset_45279de3c5360c11,D:\Projects\adb_vl\close_x_classifier\data\review_batch_001\patches\cand_000090.png,close_x_classifier\data\review_batch_001\patches\cand_000090.png,ads,crop,review_asset,raw,non_action_target,
vision_platform\ads\pilot\action_classifier_v2\dataset\images\ads_action_v2_00732_not_close_asset_388559a61b8b2c3e.png,not_close,reviewed,close_x_classifier/data/review_batch_001/patches,asset_388559a61b8b2c3e,close_x_classifier\data\review_batch_001,review_asset,non_action_target,,,,,file_c728c3b35d8306c5,asset_388559a61b8b2c3e,D:\Projects\adb_vl\close_x_classifier\data\review_batch_001\patches\cand_000091.png,close_x_classifier\data\review_batch_001\patches\cand_000091.png,ads,crop,review_asset,raw,non_action_target,
vision_platform\ads\pilot\action_classifier_v2\dataset\images\ads_action_v2_00733_not_close_asset_529103f0509dc961.png,not_close,reviewed,close_x_classifier/data/review_batch_001/patches,asset_529103f0509dc961,close_x_classifier\data\review_batch_001,review_asset,non_action_target,,,,,file_35a4c4ba1945912c,asset_529103f0509dc961,D:\Projects\adb_vl\close_x_classifier\data\review_batch_001\patches\cand_000094.png,close_x_classifier\data\review_batch_001\patches\cand_000094.png,ads,crop,review_asset,raw,non_action_target,
vision_platform\ads\pilot\action_classifier_v2\dataset\images\ads_action_v2_00734_not_close_asset_48a6890751ecb3ae.png,not_close,reviewed,close_x_classifier/data/review_batch_001/patches,asset_48a6890751ecb3ae,close_x_classifier\data\review_batch_001,review_asset,non_action_target,,,,,file_465706e107955b20,asset_48a6890751ecb3ae,D:\Projects\adb_vl\close_x_classifier\data\review_batch_001\patches\cand_000095.png,close_x_classifier\data\review_batch_001\patches\cand_000095.png,ads,crop,review_asset,raw,non_action_target,
vision_platform\ads\pilot\action_classifier_v2\dataset\images\ads_action_v2_00735_not_close_asset_3991876745608527.png,not_close,reviewed,close_x_classifier/data/review_batch_001/patches,asset_3991876745608527,close_x_classifier\data\review_batch_001,review_asset,non_action_target,,,,,file_878dc23bd7c3a7d0,asset_3991876745608527,D:\Projects\adb_vl\close_x_classifier\data\review_batch_001\patches\cand_000096.png,close_x_classifier\data\review_batch_001\patches\cand_000096.png,ads,crop,review_asset,raw,non_action_target,
vision_platform\ads\pilot\action_classifier_v2\dataset\images\ads_action_v2_00736_not_close_asset_3f5c058459d94b29.png,not_close,reviewed,close_x_classifier/data/review_batch_001/patches,asset_3f5c058459d94b29,close_x_classifier\data\review_batch_001,review_asset,non_action_target,,,,,file_337f3a31e4ae4aea,asset_3f5c058459d94b29,D:\Projects\adb_vl\close_x_classifier\data\review_batch_001\patches\cand_000100.png,close_x_classifier\data\review_batch_001\patches\cand_000100.png,ads,crop,review_asset,raw,non_action_target,
vision_platform\ads\pilot\action_classifier_v2\dataset\images\ads_action_v2_00737_not_close_asset_d56f197484815c71.png,not_close,reviewed,close_x_classifier/data/review_batch_001/patches,asset_d56f197484815c71,close_x_classifier\data\review_batch_001,review_asset,non_action_target,,,,,file_bdc0d003c19cbd12,asset_d56f197484815c71,D:\Projects\adb_vl\close_x_classifier\data\review_batch_001\patches\cand_000106.png,close_x_classifier\data\review_batch_001\patches\cand_000106.png,ads,crop,review_asset,raw,non_action_target,
vision_platform\ads\pilot\action_classifier_v2\dataset\images\ads_action_v2_00738_not_close_asset_5fc8785e6c1578ed.png,not_close,reviewed,close_x_classifier/data/review_batch_001/patches,asset_5fc8785e6c1578ed,close_x_classifier\data\review_batch_001,review_asset,non_action_target,,,,,file_023508d8e5c4fd94,asset_5fc8785e6c1578ed,D:\Projects\adb_vl\close_x_classifier\data\review_batch_001\patches\cand_000107.png,close_x_classifier\data\review_batch_001\patches\cand_000107.png,ads,crop,review_asset,raw,non_action_target,
vision_platform\ads\pilot\action_classifier_v2\dataset\images\ads_action_v2_00739_not_close_asset_88e0a852a77c9dfd.png,not_close,reviewed,close_x_classifier/data/review_batch_001/patches,asset_88e0a852a77c9dfd,close_x_classifier\data\review_batch_001,review_asset,non_action_target,,,,,file_01ead1a3ade10118,asset_88e0a852a77c9dfd,D:\Projects\adb_vl\close_x_classifier\data\review_batch_001\patches\cand_000108.png,close_x_classifier\data\review_batch_001\patches\cand_000108.png,ads,crop,review_asset,raw,non_action_target,
vision_platform\ads\pilot\action_classifier_v2\dataset\images\ads_action_v2_00740_not_close_asset_4fe9e96e81dabe2d.png,not_close,reviewed,close_x_classifier/data/review_batch_001/patches,asset_4fe9e96e81dabe2d,close_x_classifier\data\review_batch_001,review_asset,non_action_target,,,,,file_78fc19030e943faa,asset_4fe9e96e81dabe2d,D:\Projects\adb_vl\close_x_classifier\data\review_batch_001\patches\cand_000109.png,close_x_classifier\data\review_batch_001\patches\cand_000109.png,ads,crop,review_asset,raw,non_action_target,
vision_platform\ads\pilot\action_classifier_v2\dataset\images\ads_action_v2_00741_not_close_asset_5b8147528e0d6858.png,not_close,reviewed,close_x_classifier/data/review_batch_001/patches,asset_5b8147528e0d6858,close_x_classifier\data\review_batch_001,review_asset,non_action_target,,,,,file_54e2f4897899dd65,asset_5b8147528e0d6858,D:\Projects\adb_vl\close_x_classifier\data\review_batch_001\patches\cand_000111.png,close_x_classifier\data\review_batch_001\patches\cand_000111.png,ads,crop,review_asset,raw,non_action_target,
vision_platform\ads\pilot\action_classifier_v2\dataset\images\ads_action_v2_00742_not_close_asset_548456de337eb297.png,not_close,reviewed,close_x_classifier/data/review_batch_001/patches,asset_548456de337eb297,close_x_classifier\data\review_batch_001,review_asset,non_action_target,,,,,file_c61e4a3fb8ce5582,asset_548456de337eb297,D:\Projects\adb_vl\close_x_classifier\data\review_batch_001\patches\cand_000112.png,close_x_classifier\data\review_batch_001\patches\cand_000112.png,ads,crop,review_asset,raw,non_action_target,
vision_platform\ads\pilot\action_classifier_v2\dataset\images\ads_action_v2_00743_not_close_asset_a5bab22c5327c1c8.png,not_close,reviewed,close_x_classifier/data/review_batch_001/patches,asset_a5bab22c5327c1c8,close_x_classifier\data\review_batch_001,review_asset,non_action_target,,,,,file_69b5fec83086014d,asset_a5bab22c5327c1c8,D:\Projects\adb_vl\close_x_classifier\data\review_batch_001\patches\cand_000113.png,close_x_classifier\data\review_batch_001\patches\cand_000113.png,ads,crop,review_asset,raw,non_action_target,
vision_platform\ads\pilot\action_classifier_v2\dataset\images\ads_action_v2_00744_not_close_asset_32f6ff8179b70f02.png,not_close,reviewed,close_x_classifier/data/review_batch_001/patches,asset_32f6ff8179b70f02,close_x_classifier\data\review_batch_001,review_asset,non_action_target,,,,,file_689e563acedfe239,asset_32f6ff8179b70f02,D:\Projects\adb_vl\close_x_classifier\data\review_batch_001\patches\cand_000114.png,close_x_classifier\data\review_batch_001\patches\cand_000114.png,ads,crop,review_asset,raw,non_action_target,
vision_platform\ads\pilot\action_classifier_v2\dataset\images\ads_action_v2_00745_not_close_asset_16212920555d7246.png,not_close,reviewed,close_x_classifier/data/review_batch_001/patches,asset_16212920555d7246,close_x_classifier\data\review_batch_001,review_asset,non_action_target,,,,,file_96741c1ea4474311,asset_16212920555d7246,D:\Projects\adb_vl\close_x_classifier\data\review_batch_001\patches\cand_000115.png,close_x_classifier\data\review_batch_001\patches\cand_000115.png,ads,crop,review_asset,raw,non_action_target,
vision_platform\ads\pilot\action_classifier_v2\dataset\images\ads_action_v2_00746_not_close_asset_88ed6cdd8cc5a025.png,not_close,reviewed,close_x_classifier/data/review_batch_001/patches,asset_88ed6cdd8cc5a025,close_x_classifier\data\review_batch_001,review_asset,non_action_target,,,,,file_ec0c5543f3729617,asset_88ed6cdd8cc5a025,D:\Projects\adb_vl\close_x_classifier\data\review_batch_001\patches\cand_000116.png,close_x_classifier\data\review_batch_001\patches\cand_000116.png,ads,crop,review_asset,raw,non_action_target,
vision_platform\ads\pilot\action_classifier_v2\dataset\images\ads_action_v2_00747_not_close_asset_698cce794cb48c83.png,not_close,reviewed,close_x_classifier/data/review_batch_001/patches,asset_698cce794cb48c83,close_x_classifier\data\review_batch_001,review_asset,non_action_target,,,,,file_20126ac0db84d04b,asset_698cce794cb48c83,D:\Projects\adb_vl\close_x_classifier\data\review_batch_001\patches\cand_000117.png,close_x_classifier\data\review_batch_001\patches\cand_000117.png,ads,crop,review_asset,raw,non_action_target,
vision_platform\ads\pilot\action_classifier_v2\dataset\images\ads_action_v2_00748_not_close_asset_a3236fb8bf0be3f2.png,not_close,reviewed,close_x_classifier/data/review_batch_001/patches,asset_a3236fb8bf0be3f2,close_x_classifier\data\review_batch_001,review_asset,non_action_target,,,,,file_90c5c2b714902575,asset_a3236fb8bf0be3f2,D:\Projects\adb_vl\close_x_classifier\data\review_batch_001\patches\cand_000118.png,close_x_classifier\data\review_batch_001\patches\cand_000118.png,ads,crop,review_asset,raw,non_action_target,
vision_platform\ads\pilot\action_classifier_v2\dataset\images\ads_action_v2_00749_not_close_asset_ba8abc32db3240ae.png,not_close,reviewed,close_x_classifier/data/review_batch_001/patches,asset_ba8abc32db3240ae,close_x_classifier\data\review_batch_001,review_asset,non_action_target,,,,,file_140428c6c7a157bb,asset_ba8abc32db3240ae,D:\Projects\adb_vl\close_x_classifier\data\review_batch_001\patches\cand_000119.png,close_x_classifier\data\review_batch_001\patches\cand_000119.png,ads,crop,review_asset,raw,non_action_target,
vision_platform\ads\pilot\action_classifier_v2\dataset\images\ads_action_v2_00750_not_close_asset_c94723e71004f422.png,not_close,reviewed,close_x_classifier/data/review_batch_001/patches,asset_c94723e71004f422,close_x_classifier\data\review_batch_001,review_asset,non_action_target,,,,,file_afe8d2ace39f708d,asset_c94723e71004f422,D:\Projects\adb_vl\close_x_classifier\data\review_batch_001\patches\cand_000120.png,close_x_classifier\data\review_batch_001\patches\cand_000120.png,ads,crop,review_asset,raw,non_action_target,
vision_platform\ads\pilot\action_classifier_v2\dataset\images\ads_action_v2_00751_not_close_asset_73a7f78b53b77bea.png,not_close,reviewed,close_x_classifier/data/review_batch_001/patches,asset_73a7f78b53b77bea,close_x_classifier\data\review_batch_001,review_asset,non_action_target,,,,,file_d211a8adf54333b2,asset_73a7f78b53b77bea,D:\Projects\adb_vl\close_x_classifier\data\review_batch_001\patches\cand_000121.png,close_x_classifier\data\review_batch_001\patches\cand_000121.png,ads,crop,review_asset,raw,non_action_target,
vision_platform\ads\pilot\action_classifier_v2\dataset\images\ads_action_v2_00752_not_close_asset_665da0a15b32eb8c.png,not_close,reviewed,close_x_classifier/data/review_batch_001/patches,asset_665da0a15b32eb8c,close_x_classifier\data\review_batch_001,review_asset,non_action_target,,,,,file_1c2bcf4d39b08661,asset_665da0a15b32eb8c,D:\Projects\adb_vl\close_x_classifier\data\review_batch_001\patches\cand_000124.png,close_x_classifier\data\review_batch_001\patches\cand_000124.png,ads,crop,review_asset,raw,non_action_target,
vision_platform\ads\pilot\action_classifier_v2\dataset\images\ads_action_v2_00753_not_close_asset_7a4d9ea89347b1d2.png,not_close,reviewed,close_x_classifier/data/review_batch_001/patches,asset_7a4d9ea89347b1d2,close_x_classifier\data\review_batch_001,review_asset,non_action_target,,,,,file_d73118adc3896ec1,asset_7a4d9ea89347b1d2,D:\Projects\adb_vl\close_x_classifier\data\review_batch_001\patches\cand_000125.png,close_x_classifier\data\review_batch_001\patches\cand_000125.png,ads,crop,review_asset,raw,non_action_target,
vision_platform\ads\pilot\action_classifier_v2\dataset\images\ads_action_v2_00754_not_close_asset_15b474fcc3c97377.png,not_close,reviewed,close_x_classifier/data/review_batch_001/patches,asset_15b474fcc3c97377,close_x_classifier\data\review_batch_001,review_asset,non_action_target,,,,,file_828895859d4a932a,asset_15b474fcc3c97377,D:\Projects\adb_vl\close_x_classifier\data\review_batch_001\patches\cand_000126.png,close_x_classifier\data\review_batch_001\patches\cand_000126.png,ads,crop,review_asset,raw,non_action_target,
vision_platform\ads\pilot\action_classifier_v2\dataset\images\ads_action_v2_00755_not_close_asset_585d7f2d94184eeb.png,not_close,reviewed,close_x_classifier/data/review_batch_001/patches,asset_585d7f2d94184eeb,close_x_classifier\data\review_batch_001,review_asset,non_action_target,,,,,file_06aa67286c693cb3,asset_585d7f2d94184eeb,D:\Projects\adb_vl\close_x_classifier\data\review_batch_001\patches\cand_000127.png,close_x_classifier\data\review_batch_001\patches\cand_000127.png,ads,crop,review_asset,raw,non_action_target,
vision_platform\ads\pilot\action_classifier_v2\dataset\images\ads_action_v2_00756_not_close_asset_53b92abf842c332f.png,not_close,reviewed,close_x_classifier/data/review_batch_001/patches,asset_53b92abf842c332f,close_x_classifier\data\review_batch_001,review_asset,non_action_target,,,,,file_f26064db127b0fb6,asset_53b92abf842c332f,D:\Projects\adb_vl\close_x_classifier\data\review_batch_001\patches\cand_000128.png,close_x_classifier\data\review_batch_001\patches\cand_000128.png,ads,crop,review_asset,raw,non_action_target,
vision_platform\ads\pilot\action_classifier_v2\dataset\images\ads_action_v2_00757_not_close_asset_ef03b1c4d9c94138.png,not_close,reviewed,close_x_classifier/data/review_batch_001/patches,asset_ef03b1c4d9c94138,close_x_classifier\data\review_batch_001,review_asset,non_action_target,,,,,file_4fa0b380196a5380,asset_ef03b1c4d9c94138,D:\Projects\adb_vl\close_x_classifier\data\review_batch_001\patches\cand_000131.png,close_x_classifier\data\review_batch_001\patches\cand_000131.png,ads,crop,review_asset,raw,non_action_target,
vision_platform\ads\pilot\action_classifier_v2\dataset\images\ads_action_v2_00758_not_close_asset_e975aa739a046c80.png,not_close,reviewed,close_x_classifier/data/review_batch_001/patches,asset_e975aa739a046c80,close_x_classifier\data\review_batch_001,review_asset,non_action_target,,,,,file_0f3af2943b426d9e,asset_e975aa739a046c80,D:\Projects\adb_vl\close_x_classifier\data\review_batch_001\patches\cand_000132.png,close_x_classifier\data\review_batch_001\patches\cand_000132.png,ads,crop,review_asset,raw,non_action_target,
vision_platform\ads\pilot\action_classifier_v2\dataset\images\ads_action_v2_00759_not_close_asset_3a2cb213268fa6ee.png,not_close,reviewed,close_x_classifier/data/review_batch_001/patches,asset_3a2cb213268fa6ee,close_x_classifier\data\review_batch_001,review_asset,non_action_target,,,,,file_769e2183a4d26516,asset_3a2cb213268fa6ee,D:\Projects\adb_vl\close_x_classifier\data\review_batch_001\patches\cand_000133.png,close_x_classifier\data\review_batch_001\patches\cand_000133.png,ads,crop,review_asset,raw,non_action_target,
vision_platform\ads\pilot\action_classifier_v2\dataset\images\ads_action_v2_00760_not_close_asset_984637dddc4c98f8.png,not_close,reviewed,close_x_classifier/data/review_batch_001/patches,asset_984637dddc4c98f8,close_x_classifier\data\review_batch_001,review_asset,non_action_target,,,,,file_a06c53b5df3e993f,asset_984637dddc4c98f8,D:\Projects\adb_vl\close_x_classifier\data\review_batch_001\patches\cand_000134.png,close_x_classifier\data\review_batch_001\patches\cand_000134.png,ads,crop,review_asset,raw,non_action_target,
vision_platform\ads\pilot\action_classifier_v2\dataset\images\ads_action_v2_00761_not_close_asset_98bbe20fd28f9eaa.png,not_close,reviewed,close_x_classifier/data/review_batch_001/patches,asset_98bbe20fd28f9eaa,close_x_classifier\data\review_batch_001,review_asset,non_action_target,,,,,file_0e81c63a64e02c42,asset_98bbe20fd28f9eaa,D:\Projects\adb_vl\close_x_classifier\data\review_batch_001\patches\cand_000135.png,close_x_classifier\data\review_batch_001\patches\cand_000135.png,ads,crop,review_asset,raw,non_action_target,
vision_platform\ads\pilot\action_classifier_v2\dataset\images\ads_action_v2_00762_not_close_asset_5e61b0f0cb80c1da.png,not_close,reviewed,close_x_classifier/data/review_batch_001/patches,asset_5e61b0f0cb80c1da,close_x_classifier\data\review_batch_001,review_asset,non_action_target,,,,,file_ce70a4f431cfed74,asset_5e61b0f0cb80c1da,D:\Projects\adb_vl\close_x_classifier\data\review_batch_001\patches\cand_000136.png,close_x_classifier\data\review_batch_001\patches\cand_000136.png,ads,crop,review_asset,raw,non_action_target,
vision_platform\ads\pilot\action_classifier_v2\dataset\images\ads_action_v2_00763_not_close_asset_35f3461df55f7797.png,not_close,reviewed,close_x_classifier/data/review_batch_001/patches,asset_35f3461df55f7797,close_x_classifier\data\review_batch_001,review_asset,non_action_target,,,,,file_2539fa579a153259,asset_35f3461df55f7797,D:\Projects\adb_vl\close_x_classifier\data\review_batch_001\patches\cand_000137.png,close_x_classifier\data\review_batch_001\patches\cand_000137.png,ads,crop,review_asset,raw,non_action_target,
vision_platform\ads\pilot\action_classifier_v2\dataset\images\ads_action_v2_00764_not_close_asset_f330703059e32647.png,not_close,reviewed,close_x_classifier/data/review_batch_001/patches,asset_f330703059e32647,close_x_classifier\data\review_batch_001,review_asset,non_action_target,,,,,file_7f0e7f446e931460,asset_f330703059e32647,D:\Projects\adb_vl\close_x_classifier\data\review_batch_001\patches\cand_000138.png,close_x_classifier\data\review_batch_001\patches\cand_000138.png,ads,crop,review_asset,raw,non_action_target,
vision_platform\ads\pilot\action_classifier_v2\dataset\images\ads_action_v2_00765_not_close_asset_cd33d45498e5848d.png,not_close,reviewed,close_x_classifier/data/review_batch_001/patches,asset_cd33d45498e5848d,close_x_classifier\data\review_batch_001,review_asset,non_action_target,,,,,file_cf8d6facd17bedd6,asset_cd33d45498e5848d,D:\Projects\adb_vl\close_x_classifier\data\review_batch_001\patches\cand_000139.png,close_x_classifier\data\review_batch_001\patches\cand_000139.png,ads,crop,review_asset,raw,non_action_target,
vision_platform\ads\pilot\action_classifier_v2\dataset\images\ads_action_v2_00766_not_close_asset_bdcd6ba35ae0445a.png,not_close,reviewed,close_x_classifier/data/review_batch_001/patches,asset_bdcd6ba35ae0445a,close_x_classifier\data\review_batch_001,review_asset,non_action_target,,,,,file_9066c39b14c98d24,asset_bdcd6ba35ae0445a,D:\Projects\adb_vl\close_x_classifier\data\review_batch_001\patches\cand_000140.png,close_x_classifier\data\review_batch_001\patches\cand_000140.png,ads,crop,review_asset,raw,non_action_target,
vision_platform\ads\pilot\action_classifier_v2\dataset\images\ads_action_v2_00767_not_close_asset_f57095a9fa094165.png,not_close,reviewed,close_x_classifier/data/review_batch_001/patches,asset_f57095a9fa094165,close_x_classifier\data\review_batch_001,review_asset,non_action_target,,,,,file_55397c89e12a8987,asset_f57095a9fa094165,D:\Projects\adb_vl\close_x_classifier\data\review_batch_001\patches\cand_000142.png,close_x_classifier\data\review_batch_001\patches\cand_000142.png,ads,crop,review_asset,raw,non_action_target,
vision_platform\ads\pilot\action_classifier_v2\dataset\images\ads_action_v2_00768_not_close_asset_fb87ab28d945f35e.png,not_close,reviewed,close_x_classifier/data/review_batch_001/patches,asset_fb87ab28d945f35e,close_x_classifier\data\review_batch_001,review_asset,non_action_target,,,,,file_0a0dc058efeb2aeb,asset_fb87ab28d945f35e,D:\Projects\adb_vl\close_x_classifier\data\review_batch_001\patches\cand_000143.png,close_x_classifier\data\review_batch_001\patches\cand_000143.png,ads,crop,review_asset,raw,non_action_target,
vision_platform\ads\pilot\action_classifier_v2\dataset\images\ads_action_v2_00769_not_close_asset_f8471e0ca4005ea0.png,not_close,reviewed,close_x_classifier/data/review_batch_001/patches,asset_f8471e0ca4005ea0,close_x_classifier\data\review_batch_001,review_asset,non_action_target,,,,,file_d049ab44ed9a1a6e,asset_f8471e0ca4005ea0,D:\Projects\adb_vl\close_x_classifier\data\review_batch_001\patches\cand_000144.png,close_x_classifier\data\review_batch_001\patches\cand_000144.png,ads,crop,review_asset,raw,non_action_target,
vision_platform\ads\pilot\action_classifier_v2\dataset\images\ads_action_v2_00770_not_close_asset_9b431dfcccce122a.png,not_close,reviewed,close_x_classifier/data/review_batch_001/patches,asset_9b431dfcccce122a,close_x_classifier\data\review_batch_001,review_asset,non_action_target,,,,,file_de7895da238ac2fc,asset_9b431dfcccce122a,D:\Projects\adb_vl\close_x_classifier\data\review_batch_001\patches\cand_000145.png,close_x_classifier\data\review_batch_001\patches\cand_000145.png,ads,crop,review_asset,raw,non_action_target,
vision_platform\ads\pilot\action_classifier_v2\dataset\images\ads_action_v2_00771_not_close_asset_ed6e767ca04124a6.png,not_close,reviewed,close_x_classifier/data/review_batch_001/patches,asset_ed6e767ca04124a6,close_x_classifier\data\review_batch_001,review_asset,non_action_target,,,,,file_67fcebadd7414da9,asset_ed6e767ca04124a6,D:\Projects\adb_vl\close_x_classifier\data\review_batch_001\patches\cand_000146.png,close_x_classifier\data\review_batch_001\patches\cand_000146.png,ads,crop,review_asset,raw,non_action_target,
vision_platform\ads\pilot\action_classifier_v2\dataset\images\ads_action_v2_00772_not_close_asset_28c13a52ad035fb6.png,not_close,reviewed,close_x_classifier/data/review_batch_001/patches,asset_28c13a52ad035fb6,close_x_classifier\data\review_batch_001,review_asset,non_action_target,,,,,file_1be2cbcc614fde6e,asset_28c13a52ad035fb6,D:\Projects\adb_vl\close_x_classifier\data\review_batch_001\patches\cand_000147.png,close_x_classifier\data\review_batch_001\patches\cand_000147.png,ads,crop,review_asset,raw,non_action_target,
vision_platform\ads\pilot\action_classifier_v2\dataset\images\ads_action_v2_00773_not_close_asset_058552ebbb3d5a1b.png,not_close,reviewed,close_x_classifier/data/review_batch_001/patches,asset_058552ebbb3d5a1b,close_x_classifier\data\review_batch_001,review_asset,non_action_target,,,,,file_ad48ca6bb405d315,asset_058552ebbb3d5a1b,D:\Projects\adb_vl\close_x_classifier\data\review_batch_001\patches\cand_000148.png,close_x_classifier\data\review_batch_001\patches\cand_000148.png,ads,crop,review_asset,raw,non_action_target,
vision_platform\ads\pilot\action_classifier_v2\dataset\images\ads_action_v2_00774_not_close_asset_4f7b9cd72f46366a.png,not_close,reviewed,close_x_classifier/data/review_batch_001/patches,asset_4f7b9cd72f46366a,close_x_classifier\data\review_batch_001,review_asset,non_action_target,,,,,file_19e075dbeb0c28f1,asset_4f7b9cd72f46366a,D:\Projects\adb_vl\close_x_classifier\data\review_batch_001\patches\cand_000149.png,close_x_classifier\data\review_batch_001\patches\cand_000149.png,ads,crop,review_asset,raw,non_action_target,
vision_platform\ads\pilot\action_classifier_v2\dataset\images\ads_action_v2_00775_not_close_asset_e4f9e24d4293caa9.png,not_close,reviewed,close_x_classifier/data/review_batch_001/patches,asset_e4f9e24d4293caa9,close_x_classifier\data\review_batch_001,review_asset,non_action_target,,,,,file_c9de6b5881e2fe80,asset_e4f9e24d4293caa9,D:\Projects\adb_vl\close_x_classifier\data\review_batch_001\patches\cand_000150.png,close_x_classifier\data\review_batch_001\patches\cand_000150.png,ads,crop,review_asset,raw,non_action_target,
vision_platform\ads\pilot\action_classifier_v2\dataset\images\ads_action_v2_00776_not_close_asset_8b154481c02c78d1.png,not_close,reviewed,close_x_classifier/data/review_batch_001/patches,asset_8b154481c02c78d1,close_x_classifier\data\review_batch_001,review_asset,non_action_target,,,,,file_d97112d62d09dde0,asset_8b154481c02c78d1,D:\Projects\adb_vl\close_x_classifier\data\review_batch_001\patches\cand_000151.png,close_x_classifier\data\review_batch_001\patches\cand_000151.png,ads,crop,review_asset,raw,non_action_target,
vision_platform\ads\pilot\action_classifier_v2\dataset\images\ads_action_v2_00777_not_close_asset_bafa07a8590b3576.png,not_close,reviewed,close_x_classifier/data/review_batch_001/patches,asset_bafa07a8590b3576,close_x_classifier\data\review_batch_001,review_asset,non_action_target,,,,,file_173a6b4ab1551db6,asset_bafa07a8590b3576,D:\Projects\adb_vl\close_x_classifier\data\review_batch_001\patches\cand_000152.png,close_x_classifier\data\review_batch_001\patches\cand_000152.png,ads,crop,review_asset,raw,non_action_target,
vision_platform\ads\pilot\action_classifier_v2\dataset\images\ads_action_v2_00778_not_close_asset_a6b2ee383b064fde.png,not_close,reviewed,close_x_classifier/data/review_batch_001/patches,asset_a6b2ee383b064fde,close_x_classifier\data\review_batch_001,review_asset,non_action_target,,,,,file_70cf45dcb11e3951,asset_a6b2ee383b064fde,D:\Projects\adb_vl\close_x_classifier\data\review_batch_001\patches\cand_000153.png,close_x_classifier\data\review_batch_001\patches\cand_000153.png,ads,crop,review_asset,raw,non_action_target,
vision_platform\ads\pilot\action_classifier_v2\dataset\images\ads_action_v2_00779_not_close_asset_38616e9bd5e97b65.png,not_close,reviewed,close_x_classifier/data/review_batch_001/patches,asset_38616e9bd5e97b65,close_x_classifier\data\review_batch_001,review_asset,non_action_target,,,,,file_bedfc3c70739f103,asset_38616e9bd5e97b65,D:\Projects\adb_vl\close_x_classifier\data\review_batch_001\patches\cand_000154.png,close_x_classifier\data\review_batch_001\patches\cand_000154.png,ads,crop,review_asset,raw,non_action_target,
vision_platform\ads\pilot\action_classifier_v2\dataset\images\ads_action_v2_00780_not_close_asset_3913a7882146eec5.png,not_close,reviewed,close_x_classifier/data/review_batch_001/patches,asset_3913a7882146eec5,close_x_classifier\data\review_batch_001,review_asset,non_action_target,,,,,file_c4d0243a3550a7e3,asset_3913a7882146eec5,D:\Projects\adb_vl\close_x_classifier\data\review_batch_001\patches\cand_000155.png,close_x_classifier\data\review_batch_001\patches\cand_000155.png,ads,crop,review_asset,raw,non_action_target,
vision_platform\ads\pilot\action_classifier_v2\dataset\images\ads_action_v2_00781_not_close_asset_5d682341299629d5.png,not_close,reviewed,close_x_classifier/data/review_batch_001/patches,asset_5d682341299629d5,close_x_classifier\data\review_batch_001,review_asset,non_action_target,,,,,file_dd133abc13e1a2ec,asset_5d682341299629d5,D:\Projects\adb_vl\close_x_classifier\data\review_batch_001\patches\cand_000156.png,close_x_classifier\data\review_batch_001\patches\cand_000156.png,ads,crop,review_asset,raw,non_action_target,
vision_platform\ads\pilot\action_classifier_v2\dataset\images\ads_action_v2_00782_not_close_asset_8c1e6f79067750f8.png,not_close,reviewed,close_x_classifier/data/review_batch_001/patches,asset_8c1e6f79067750f8,close_x_classifier\data\review_batch_001,review_asset,non_action_target,,,,,file_ba3c0bde77fa16fd,asset_8c1e6f79067750f8,D:\Projects\adb_vl\close_x_classifier\data\review_batch_001\patches\cand_000163.png,close_x_classifier\data\review_batch_001\patches\cand_000163.png,ads,crop,review_asset,raw,non_action_target,
vision_platform\ads\pilot\action_classifier_v2\dataset\images\ads_action_v2_00783_not_close_asset_a67319be6f797d9c.png,not_close,reviewed,close_x_classifier/data/review_batch_001/patches,asset_a67319be6f797d9c,close_x_classifier\data\review_batch_001,review_asset,non_action_target,,,,,file_56021aebf265e6e4,asset_a67319be6f797d9c,D:\Projects\adb_vl\close_x_classifier\data\review_batch_001\patches\cand_000164.png,close_x_classifier\data\review_batch_001\patches\cand_000164.png,ads,crop,review_asset,raw,non_action_target,
vision_platform\ads\pilot\action_classifier_v2\dataset\images\ads_action_v2_00784_not_close_asset_72f38e2e8cf36246.png,not_close,reviewed,close_x_classifier/data/review_batch_001/patches,asset_72f38e2e8cf36246,close_x_classifier\data\review_batch_001,review_asset,non_action_target,,,,,file_045ec5bb9b257258,asset_72f38e2e8cf36246,D:\Projects\adb_vl\close_x_classifier\data\review_batch_001\patches\cand_000165.png,close_x_classifier\data\review_batch_001\patches\cand_000165.png,ads,crop,review_asset,raw,non_action_target,
vision_platform\ads\pilot\action_classifier_v2\dataset\images\ads_action_v2_00785_not_close_asset_0f06be2ad91bd4c7.png,not_close,reviewed,close_x_classifier/data/review_batch_001/patches,asset_0f06be2ad91bd4c7,close_x_classifier\data\review_batch_001,review_asset,non_action_target,,,,,file_a06950a67cf93fa6,asset_0f06be2ad91bd4c7,D:\Projects\adb_vl\close_x_classifier\data\review_batch_001\patches\cand_000166.png,close_x_classifier\data\review_batch_001\patches\cand_000166.png,ads,crop,review_asset,raw,non_action_target,
vision_platform\ads\pilot\action_classifier_v2\dataset\images\ads_action_v2_00786_not_close_asset_e734e54a377cc85c.png,not_close,reviewed,close_x_classifier/data/review_batch_001/patches,asset_e734e54a377cc85c,close_x_classifier\data\review_batch_001,review_asset,non_action_target,,,,,file_a180b695b642a1fe,asset_e734e54a377cc85c,D:\Projects\adb_vl\close_x_classifier\data\review_batch_001\patches\cand_000167.png,close_x_classifier\data\review_batch_001\patches\cand_000167.png,ads,crop,review_asset,raw,non_action_target,
vision_platform\ads\pilot\action_classifier_v2\dataset\images\ads_action_v2_00787_not_close_asset_b7ad3c8fa00ae64d.png,not_close,reviewed,close_x_classifier/data/review_batch_001/patches,asset_b7ad3c8fa00ae64d,close_x_classifier\data\review_batch_001,review_asset,non_action_target,,,,,file_0e2125e05207f0a3,asset_b7ad3c8fa00ae64d,D:\Projects\adb_vl\close_x_classifier\data\review_batch_001\patches\cand_000168.png,close_x_classifier\data\review_batch_001\patches\cand_000168.png,ads,crop,review_asset,raw,non_action_target,
vision_platform\ads\pilot\action_classifier_v2\dataset\images\ads_action_v2_00788_not_close_asset_bc35eec80612cf1d.png,not_close,reviewed,close_x_classifier/data/review_batch_001/patches,asset_bc35eec80612cf1d,close_x_classifier\data\review_batch_001,review_asset,non_action_target,,,,,file_937ab883cf3d3cca,asset_bc35eec80612cf1d,D:\Projects\adb_vl\close_x_classifier\data\review_batch_001\patches\cand_000169.png,close_x_classifier\data\review_batch_001\patches\cand_000169.png,ads,crop,review_asset,raw,non_action_target,
vision_platform\ads\pilot\action_classifier_v2\dataset\images\ads_action_v2_00789_not_close_asset_26746d2793766282.png,not_close,reviewed,close_x_classifier/data/review_batch_001/patches,asset_26746d2793766282,close_x_classifier\data\review_batch_001,review_asset,non_action_target,,,,,file_9802feb5c13de5ca,asset_26746d2793766282,D:\Projects\adb_vl\close_x_classifier\data\review_batch_001\patches\cand_000170.png,close_x_classifier\data\review_batch_001\patches\cand_000170.png,ads,crop,review_asset,raw,non_action_target,
vision_platform\ads\pilot\action_classifier_v2\dataset\images\ads_action_v2_00790_not_close_asset_004df9f1a69d9be8.png,not_close,reviewed,close_x_classifier/data/review_batch_001/patches,asset_004df9f1a69d9be8,close_x_classifier\data\review_batch_001,review_asset,non_action_target,,,,,file_2af92de8eb4c186d,asset_004df9f1a69d9be8,D:\Projects\adb_vl\close_x_classifier\data\review_batch_001\patches\cand_000171.png,close_x_classifier\data\review_batch_001\patches\cand_000171.png,ads,crop,review_asset,raw,non_action_target,
vision_platform\ads\pilot\action_classifier_v2\dataset\images\ads_action_v2_00791_not_close_asset_5c39375acd095c94.png,not_close,reviewed,close_x_classifier/data/review_batch_001/patches,asset_5c39375acd095c94,close_x_classifier\data\review_batch_001,review_asset,non_action_target,,,,,file_e45b09f04c703910,asset_5c39375acd095c94,D:\Projects\adb_vl\close_x_classifier\data\review_batch_001\patches\cand_000172.png,close_x_classifier\data\review_batch_001\patches\cand_000172.png,ads,crop,review_asset,raw,non_action_target,
vision_platform\ads\pilot\action_classifier_v2\dataset\images\ads_action_v2_00792_not_close_asset_0e4edc566a2a3530.png,not_close,reviewed,close_x_classifier/data/review_batch_001/patches,asset_0e4edc566a2a3530,close_x_classifier\data\review_batch_001,review_asset,non_action_target,,,,,file_039f2a5822e54289,asset_0e4edc566a2a3530,D:\Projects\adb_vl\close_x_classifier\data\review_batch_001\patches\cand_000175.png,close_x_classifier\data\review_batch_001\patches\cand_000175.png,ads,crop,review_asset,raw,non_action_target,
vision_platform\ads\pilot\action_classifier_v2\dataset\images\ads_action_v2_00793_not_close_asset_901b09bfd58939b9.png,not_close,reviewed,close_x_classifier/data/review_batch_001/patches,asset_901b09bfd58939b9,close_x_classifier\data\review_batch_001,review_asset,non_action_target,,,,,file_88b171db7594dbe4,asset_901b09bfd58939b9,D:\Projects\adb_vl\close_x_classifier\data\review_batch_001\patches\cand_000176.png,close_x_classifier\data\review_batch_001\patches\cand_000176.png,ads,crop,review_asset,raw,non_action_target,
vision_platform\ads\pilot\action_classifier_v2\dataset\images\ads_action_v2_00794_not_close_asset_6c7b399ab36ef4e1.png,not_close,reviewed,close_x_classifier/data/review_batch_001/patches,asset_6c7b399ab36ef4e1,close_x_classifier\data\review_batch_001,review_asset,non_action_target,,,,,file_c71710703ce7758a,asset_6c7b399ab36ef4e1,D:\Projects\adb_vl\close_x_classifier\data\review_batch_001\patches\cand_000178.png,close_x_classifier\data\review_batch_001\patches\cand_000178.png,ads,crop,review_asset,raw,non_action_target,
vision_platform\ads\pilot\action_classifier_v2\dataset\images\ads_action_v2_00795_not_close_asset_d955cc64964476bf.png,not_close,reviewed,close_x_classifier/data/review_batch_001/patches,asset_d955cc64964476bf,close_x_classifier\data\review_batch_001,review_asset,non_action_target,,,,,file_7643c72904c6ef74,asset_d955cc64964476bf,D:\Projects\adb_vl\close_x_classifier\data\review_batch_001\patches\cand_000179.png,close_x_classifier\data\review_batch_001\patches\cand_000179.png,ads,crop,review_asset,raw,non_action_target,
vision_platform\ads\pilot\action_classifier_v2\dataset\images\ads_action_v2_00796_not_close_asset_3d0ed3983a52d5b8.png,not_close,reviewed,close_x_classifier/data/review_batch_001/patches,asset_3d0ed3983a52d5b8,close_x_classifier\data\review_batch_001,review_asset,non_action_target,,,,,file_a134d84cc39d05c4,asset_3d0ed3983a52d5b8,D:\Projects\adb_vl\close_x_classifier\data\review_batch_001\patches\cand_000180.png,close_x_classifier\data\review_batch_001\patches\cand_000180.png,ads,crop,review_asset,raw,non_action_target,
vision_platform\ads\pilot\action_classifier_v2\dataset\images\ads_action_v2_00797_not_close_asset_6fe9c3e001a6e799.png,not_close,reviewed,close_x_classifier/data/review_batch_001/patches,asset_6fe9c3e001a6e799,close_x_classifier\data\review_batch_001,review_asset,non_action_target,,,,,file_3da711b6db14703b,asset_6fe9c3e001a6e799,D:\Projects\adb_vl\close_x_classifier\data\review_batch_001\patches\cand_000181.png,close_x_classifier\data\review_batch_001\patches\cand_000181.png,ads,crop,review_asset,raw,non_action_target,
vision_platform\ads\pilot\action_classifier_v2\dataset\images\ads_action_v2_00798_not_close_asset_1fa6ee24f54f60d3.png,not_close,reviewed,close_x_classifier/data/review_batch_001/patches,asset_1fa6ee24f54f60d3,close_x_classifier\data\review_batch_001,review_asset,non_action_target,,,,,file_946ab1e36bc335f4,asset_1fa6ee24f54f60d3,D:\Projects\adb_vl\close_x_classifier\data\review_batch_001\patches\cand_000182.png,close_x_classifier\data\review_batch_001\patches\cand_000182.png,ads,crop,review_asset,raw,non_action_target,
vision_platform\ads\pilot\action_classifier_v2\dataset\images\ads_action_v2_00799_not_close_asset_51a3fa89708625b3.png,not_close,reviewed,close_x_classifier/data/review_batch_001/patches,asset_51a3fa89708625b3,close_x_classifier\data\review_batch_001,review_asset,non_action_target,,,,,file_c29b57f27ae76d1f,asset_51a3fa89708625b3,D:\Projects\adb_vl\close_x_classifier\data\review_batch_001\patches\cand_000183.png,close_x_classifier\data\review_batch_001\patches\cand_000183.png,ads,crop,review_asset,raw,non_action_target,
vision_platform\ads\pilot\action_classifier_v2\dataset\images\ads_action_v2_00800_not_close_asset_65885cfba98a53c1.png,not_close,reviewed,close_x_classifier/data/review_batch_001/patches,asset_65885cfba98a53c1,close_x_classifier\data\review_batch_001,review_asset,non_action_target,,,,,file_351da29055f49ece,asset_65885cfba98a53c1,D:\Projects\adb_vl\close_x_classifier\data\review_batch_001\patches\cand_000184.png,close_x_classifier\data\review_batch_001\patches\cand_000184.png,ads,crop,review_asset,raw,non_action_target,
vision_platform\ads\pilot\action_classifier_v2\dataset\images\ads_action_v2_00801_not_close_asset_9c3005e8cf61b486.png,not_close,reviewed,close_x_classifier/data/review_batch_001/patches,asset_9c3005e8cf61b486,close_x_classifier\data\review_batch_001,review_asset,non_action_target,,,,,file_bce97813ccd6fce4,asset_9c3005e8cf61b486,D:\Projects\adb_vl\close_x_classifier\data\review_batch_001\patches\cand_000185.png,close_x_classifier\data\review_batch_001\patches\cand_000185.png,ads,crop,review_asset,raw,non_action_target,
vision_platform\ads\pilot\action_classifier_v2\dataset\images\ads_action_v2_00802_not_close_asset_50407b85af80f46d.png,not_close,reviewed,close_x_classifier/data/review_batch_001/patches,asset_50407b85af80f46d,close_x_classifier\data\review_batch_001,review_asset,non_action_target,,,,,file_5fd257c642fa4be0,asset_50407b85af80f46d,D:\Projects\adb_vl\close_x_classifier\data\review_batch_001\patches\cand_000186.png,close_x_classifier\data\review_batch_001\patches\cand_000186.png,ads,crop,review_asset,raw,non_action_target,
vision_platform\ads\pilot\action_classifier_v2\dataset\images\ads_action_v2_00803_not_close_asset_fef0c29133358a70.png,not_close,reviewed,close_x_classifier/data/review_batch_001/patches,asset_fef0c29133358a70,close_x_classifier\data\review_batch_001,review_asset,non_action_target,,,,,file_0dee7d1a092b7aa1,asset_fef0c29133358a70,D:\Projects\adb_vl\close_x_classifier\data\review_batch_001\patches\cand_000187.png,close_x_classifier\data\review_batch_001\patches\cand_000187.png,ads,crop,review_asset,raw,non_action_target,
vision_platform\ads\pilot\action_classifier_v2\dataset\images\ads_action_v2_00804_not_close_asset_4f041e6f80ff25ee.png,not_close,reviewed,close_x_classifier/data/review_batch_001/patches,asset_4f041e6f80ff25ee,close_x_classifier\data\review_batch_001,review_asset,non_action_target,,,,,file_4cd1982c2f4d6212,asset_4f041e6f80ff25ee,D:\Projects\adb_vl\close_x_classifier\data\review_batch_001\patches\cand_000188.png,close_x_classifier\data\review_batch_001\patches\cand_000188.png,ads,crop,review_asset,raw,non_action_target,
vision_platform\ads\pilot\action_classifier_v2\dataset\images\ads_action_v2_00805_not_close_asset_abdad0a829b22ec2.png,not_close,reviewed,close_x_classifier/data/review_batch_001/patches,asset_abdad0a829b22ec2,close_x_classifier\data\review_batch_001,review_asset,non_action_target,,,,,file_4e8056131daa42e5,asset_abdad0a829b22ec2,D:\Projects\adb_vl\close_x_classifier\data\review_batch_001\patches\cand_000189.png,close_x_classifier\data\review_batch_001\patches\cand_000189.png,ads,crop,review_asset,raw,non_action_target,
vision_platform\ads\pilot\action_classifier_v2\dataset\images\ads_action_v2_00806_not_close_asset_246757dff465857e.png,not_close,reviewed,close_x_classifier/data/review_batch_001/patches,asset_246757dff465857e,close_x_classifier\data\review_batch_001,review_asset,non_action_target,,,,,file_b6578ae6524b19c1,asset_246757dff465857e,D:\Projects\adb_vl\close_x_classifier\data\review_batch_001\patches\cand_000190.png,close_x_classifier\data\review_batch_001\patches\cand_000190.png,ads,crop,review_asset,raw,non_action_target,
vision_platform\ads\pilot\action_classifier_v2\dataset\images\ads_action_v2_00807_not_close_asset_30feb3beb2759ec3.png,not_close,reviewed,close_x_classifier/data/review_batch_001/patches,asset_30feb3beb2759ec3,close_x_classifier\data\review_batch_001,review_asset,non_action_target,,,,,file_0ef9800e16e9ae2e,asset_30feb3beb2759ec3,D:\Projects\adb_vl\close_x_classifier\data\review_batch_001\patches\cand_000191.png,close_x_classifier\data\review_batch_001\patches\cand_000191.png,ads,crop,review_asset,raw,non_action_target,
vision_platform\ads\pilot\action_classifier_v2\dataset\images\ads_action_v2_00808_not_close_asset_22afaace13752f1d.png,not_close,reviewed,close_x_classifier/data/review_batch_001/patches,asset_22afaace13752f1d,close_x_classifier\data\review_batch_001,review_asset,non_action_target,,,,,file_2a87dee1cf8cc89a,asset_22afaace13752f1d,D:\Projects\adb_vl\close_x_classifier\data\review_batch_001\patches\cand_000192.png,close_x_classifier\data\review_batch_001\patches\cand_000192.png,ads,crop,review_asset,raw,non_action_target,
vision_platform\ads\pilot\action_classifier_v2\dataset\images\ads_action_v2_00809_not_close_asset_0ae1fab78d76163c.png,not_close,reviewed,close_x_classifier/data/review_batch_001/patches,asset_0ae1fab78d76163c,close_x_classifier\data\review_batch_001,review_asset,non_action_target,,,,,file_f0821cdca5d0b356,asset_0ae1fab78d76163c,D:\Projects\adb_vl\close_x_classifier\data\review_batch_001\patches\cand_000193.png,close_x_classifier\data\review_batch_001\patches\cand_000193.png,ads,crop,review_asset,raw,non_action_target,
vision_platform\ads\pilot\action_classifier_v2\dataset\images\ads_action_v2_00810_not_close_asset_8591847fdc83bcbf.png,not_close,reviewed,close_x_classifier/data/review_batch_001/patches,asset_8591847fdc83bcbf,close_x_classifier\data\review_batch_001,review_asset,non_action_target,,,,,file_1d913a3476b67aaa,asset_8591847fdc83bcbf,D:\Projects\adb_vl\close_x_classifier\data\review_batch_001\patches\cand_000194.png,close_x_classifier\data\review_batch_001\patches\cand_000194.png,ads,crop,review_asset,raw,non_action_target,
vision_platform\ads\pilot\action_classifier_v2\dataset\images\ads_action_v2_00811_not_close_asset_6c4361db35dc6101.png,not_close,reviewed,close_x_classifier/data/review_batch_001/patches,asset_6c4361db35dc6101,close_x_classifier\data\review_batch_001,review_asset,non_action_target,,,,,file_19785e803872d61d,asset_6c4361db35dc6101,D:\Projects\adb_vl\close_x_classifier\data\review_batch_001\patches\cand_000195.png,close_x_classifier\data\review_batch_001\patches\cand_000195.png,ads,crop,review_asset,raw,non_action_target,
vision_platform\ads\pilot\action_classifier_v2\dataset\images\ads_action_v2_00812_not_close_asset_46174af0ac22175f.png,not_close,reviewed,close_x_classifier/data/review_batch_001/patches,asset_46174af0ac22175f,close_x_classifier\data\review_batch_001,review_asset,non_action_target,,,,,file_fc25cabeb075f37c,asset_46174af0ac22175f,D:\Projects\adb_vl\close_x_classifier\data\review_batch_001\patches\cand_000196.png,close_x_classifier\data\review_batch_001\patches\cand_000196.png,ads,crop,review_asset,raw,non_action_target,
vision_platform\ads\pilot\action_classifier_v2\dataset\images\ads_action_v2_00813_not_close_asset_9130385b6eeca366.png,not_close,reviewed,close_x_classifier/data/review_batch_001/patches,asset_9130385b6eeca366,close_x_classifier\data\review_batch_001,review_asset,non_action_target,,,,,file_34ad73ad19b3eafa,asset_9130385b6eeca366,D:\Projects\adb_vl\close_x_classifier\data\review_batch_001\patches\cand_000199.png,close_x_classifier\data\review_batch_001\patches\cand_000199.png,ads,crop,review_asset,raw,non_action_target,
vision_platform\ads\pilot\action_classifier_v2\dataset\images\ads_action_v2_00814_not_close_asset_d9127253586849c7.png,not_close,reviewed,close_x_classifier/data/review_batch_001/patches,asset_d9127253586849c7,close_x_classifier\data\review_batch_001,review_asset,non_action_target,,,,,file_80a67ac3506a965b,asset_d9127253586849c7,D:\Projects\adb_vl\close_x_classifier\data\review_batch_001\patches\cand_000200.png,close_x_classifier\data\review_batch_001\patches\cand_000200.png,ads,crop,review_asset,raw,non_action_target,
vision_platform\ads\pilot\action_classifier_v2\dataset\images\ads_action_v2_00815_not_close_asset_8700970b991363ad.png,not_close,reviewed,close_x_classifier/data/review_batch_001/patches,asset_8700970b991363ad,close_x_classifier\data\review_batch_001,review_asset,non_action_target,,,,,file_43efa0f353d28fb2,asset_8700970b991363ad,D:\Projects\adb_vl\close_x_classifier\data\review_batch_001\patches\cand_000201.png,close_x_classifier\data\review_batch_001\patches\cand_000201.png,ads,crop,review_asset,raw,non_action_target,
vision_platform\ads\pilot\action_classifier_v2\dataset\images\ads_action_v2_00816_not_close_asset_d34192105bd91f3e.png,not_close,reviewed,close_x_classifier/data/review_batch_001/patches,asset_d34192105bd91f3e,close_x_classifier\data\review_batch_001,review_asset,non_action_target,,,,,file_f16f10f7b60cc115,asset_d34192105bd91f3e,D:\Projects\adb_vl\close_x_classifier\data\review_batch_001\patches\cand_000202.png,close_x_classifier\data\review_batch_001\patches\cand_000202.png,ads,crop,review_asset,raw,non_action_target,
vision_platform\ads\pilot\action_classifier_v2\dataset\images\ads_action_v2_00817_not_close_asset_2737646707e72bc9.png,not_close,reviewed,close_x_classifier/data/review_batch_001/patches,asset_2737646707e72bc9,close_x_classifier\data\review_batch_001,review_asset,non_action_target,,,,,file_8d333d058a1f53e6,asset_2737646707e72bc9,D:\Projects\adb_vl\close_x_classifier\data\review_batch_001\patches\cand_000209.png,close_x_classifier\data\review_batch_001\patches\cand_000209.png,ads,crop,review_asset,raw,non_action_target,
vision_platform\ads\pilot\action_classifier_v2\dataset\images\ads_action_v2_00818_not_close_asset_45ad4d6c8ac0a2fe.png,not_close,reviewed,close_x_classifier/data/review_batch_001/patches,asset_45ad4d6c8ac0a2fe,close_x_classifier\data\review_batch_001,review_asset,non_action_target,,,,,file_94e43e4ca39f9791,asset_45ad4d6c8ac0a2fe,D:\Projects\adb_vl\close_x_classifier\data\review_batch_001\patches\cand_000210.png,close_x_classifier\data\review_batch_001\patches\cand_000210.png,ads,crop,review_asset,raw,non_action_target,
vision_platform\ads\pilot\action_classifier_v2\dataset\images\ads_action_v2_00819_not_close_asset_d7490885dc333b3b.png,not_close,reviewed,close_x_classifier/data/review_batch_001/patches,asset_d7490885dc333b3b,close_x_classifier\data\review_batch_001,review_asset,non_action_target,,,,,file_f534c717b885ebea,asset_d7490885dc333b3b,D:\Projects\adb_vl\close_x_classifier\data\review_batch_001\patches\cand_000211.png,close_x_classifier\data\review_batch_001\patches\cand_000211.png,ads,crop,review_asset,raw,non_action_target,
vision_platform\ads\pilot\action_classifier_v2\dataset\images\ads_action_v2_00820_not_close_asset_40053312ffb0e735.png,not_close,reviewed,close_x_classifier/data/review_batch_001/patches,asset_40053312ffb0e735,close_x_classifier\data\review_batch_001,review_asset,non_action_target,,,,,file_9ebced5bf0f9bfa7,asset_40053312ffb0e735,D:\Projects\adb_vl\close_x_classifier\data\review_batch_001\patches\cand_000212.png,close_x_classifier\data\review_batch_001\patches\cand_000212.png,ads,crop,review_asset,raw,non_action_target,
vision_platform\ads\pilot\action_classifier_v2\dataset\images\ads_action_v2_00821_not_close_asset_ad70dd462a1f0e34.png,not_close,reviewed,close_x_classifier/data/review_batch_001/patches,asset_ad70dd462a1f0e34,close_x_classifier\data\review_batch_001,review_asset,non_action_target,,,,,file_7a6ddf6d959a417d,asset_ad70dd462a1f0e34,D:\Projects\adb_vl\close_x_classifier\data\review_batch_001\patches\cand_000213.png,close_x_classifier\data\review_batch_001\patches\cand_000213.png,ads,crop,review_asset,raw,non_action_target,
vision_platform\ads\pilot\action_classifier_v2\dataset\images\ads_action_v2_00822_not_close_asset_1849d4667c269064.png,not_close,reviewed,close_x_classifier/data/review_batch_001/patches,asset_1849d4667c269064,close_x_classifier\data\review_batch_001,review_asset,non_action_target,,,,,file_cc1b685c5b63c626,asset_1849d4667c269064,D:\Projects\adb_vl\close_x_classifier\data\review_batch_001\patches\cand_000214.png,close_x_classifier\data\review_batch_001\patches\cand_000214.png,ads,crop,review_asset,raw,non_action_target,
vision_platform\ads\pilot\action_classifier_v2\dataset\images\ads_action_v2_00823_not_close_asset_ad9815ba2de88499.png,not_close,reviewed,close_x_classifier/data/review_batch_001/patches,asset_ad9815ba2de88499,close_x_classifier\data\review_batch_001,review_asset,non_action_target,,,,,file_27a6431504b60a2d,asset_ad9815ba2de88499,D:\Projects\adb_vl\close_x_classifier\data\review_batch_001\patches\cand_000215.png,close_x_classifier\data\review_batch_001\patches\cand_000215.png,ads,crop,review_asset,raw,non_action_target,
vision_platform\ads\pilot\action_classifier_v2\dataset\images\ads_action_v2_00824_not_close_asset_9db947bcc61d4e0c.png,not_close,reviewed,close_x_classifier/data/review_batch_001/patches,asset_9db947bcc61d4e0c,close_x_classifier\data\review_batch_001,review_asset,non_action_target,,,,,file_a29c158ce2b27718,asset_9db947bcc61d4e0c,D:\Projects\adb_vl\close_x_classifier\data\review_batch_001\patches\cand_000216.png,close_x_classifier\data\review_batch_001\patches\cand_000216.png,ads,crop,review_asset,raw,non_action_target,
vision_platform\ads\pilot\action_classifier_v2\dataset\images\ads_action_v2_00825_not_close_asset_79e109a914daea4b.png,not_close,reviewed,close_x_classifier/data/review_batch_001/patches,asset_79e109a914daea4b,close_x_classifier\data\review_batch_001,review_asset,non_action_target,,,,,file_fe3dd36b430a654f,asset_79e109a914daea4b,D:\Projects\adb_vl\close_x_classifier\data\review_batch_001\patches\cand_000217.png,close_x_classifier\data\review_batch_001\patches\cand_000217.png,ads,crop,review_asset,raw,non_action_target,
vision_platform\ads\pilot\action_classifier_v2\dataset\images\ads_action_v2_00826_not_close_asset_d0c16be207508dd4.png,not_close,reviewed,close_x_classifier/data/review_batch_001/patches,asset_d0c16be207508dd4,close_x_classifier\data\review_batch_001,review_asset,non_action_target,,,,,file_9c4414b1aa1ff484,asset_d0c16be207508dd4,D:\Projects\adb_vl\close_x_classifier\data\review_batch_001\patches\cand_000219.png,close_x_classifier\data\review_batch_001\patches\cand_000219.png,ads,crop,review_asset,raw,non_action_target,
vision_platform\ads\pilot\action_classifier_v2\dataset\images\ads_action_v2_00827_not_close_asset_080503e7153c2869.png,not_close,reviewed,close_x_classifier/data/review_batch_001/patches,asset_080503e7153c2869,close_x_classifier\data\review_batch_001,review_asset,non_action_target,,,,,file_65742ca81f21423e,asset_080503e7153c2869,D:\Projects\adb_vl\close_x_classifier\data\review_batch_001\patches\cand_000220.png,close_x_classifier\data\review_batch_001\patches\cand_000220.png,ads,crop,review_asset,raw,non_action_target,
vision_platform\ads\pilot\action_classifier_v2\dataset\images\ads_action_v2_00828_not_close_asset_4e73dd3c1f77e666.png,not_close,reviewed,close_x_classifier/data/review_batch_001/patches,asset_4e73dd3c1f77e666,close_x_classifier\data\review_batch_001,review_asset,non_action_target,,,,,file_4ca3cde49c74068f,asset_4e73dd3c1f77e666,D:\Projects\adb_vl\close_x_classifier\data\review_batch_001\patches\cand_000221.png,close_x_classifier\data\review_batch_001\patches\cand_000221.png,ads,crop,review_asset,raw,non_action_target,
vision_platform\ads\pilot\action_classifier_v2\dataset\images\ads_action_v2_00829_not_close_asset_6a0b4b9775ffa904.png,not_close,reviewed,close_x_classifier/data/stage0_6_canonical_object_poc/images,asset_6a0b4b9775ffa904,close_x_classifier\data\stage0_6_canonical_object_poc,candidate_crop,non_action_target,,,,,file_ae419d30ffddb467,asset_6a0b4b9775ffa904,D:\Projects\adb_vl\close_x_classifier\data\stage0_6_canonical_object_poc\images\stage0_6_00019_not_close.png,close_x_classifier\data\stage0_6_canonical_object_poc\images\stage0_6_00019_not_close.png,ads,crop,candidate_crop,raw,non_action_target,
vision_platform\ads\pilot\action_classifier_v2\dataset\images\ads_action_v2_00830_not_close_asset_8b45f00060247e6f.png,not_close,reviewed,close_x_classifier/data/stage0_6_canonical_object_poc/images,asset_8b45f00060247e6f,close_x_classifier\data\stage0_6_canonical_object_poc,candidate_crop,non_action_target,,,,,file_f943af160cee76d0,asset_8b45f00060247e6f,D:\Projects\adb_vl\close_x_classifier\data\stage0_6_canonical_object_poc\images\stage0_6_00020_not_close.png,close_x_classifier\data\stage0_6_canonical_object_poc\images\stage0_6_00020_not_close.png,ads,crop,candidate_crop,raw,non_action_target,
vision_platform\ads\pilot\action_classifier_v2\dataset\images\ads_action_v2_00831_not_close_asset_aebc821f3ab849ed.png,not_close,reviewed,close_x_classifier/data/stage0_6_canonical_object_poc/images,asset_aebc821f3ab849ed,close_x_classifier\data\stage0_6_canonical_object_poc,candidate_crop,non_action_target,,,,,file_e58597464605cd62,asset_aebc821f3ab849ed,D:\Projects\adb_vl\close_x_classifier\data\stage0_6_canonical_object_poc\images\stage0_6_00026_not_close.png,close_x_classifier\data\stage0_6_canonical_object_poc\images\stage0_6_00026_not_close.png,ads,crop,candidate_crop,raw,non_action_target,
vision_platform\ads\pilot\action_classifier_v2\dataset\images\ads_action_v2_00832_not_close_asset_e185258982513ed7.png,not_close,reviewed,close_x_classifier/data/stage0_6_canonical_object_poc/images,asset_e185258982513ed7,close_x_classifier\data\stage0_6_canonical_object_poc,candidate_crop,non_action_target,,,,,file_69732fcf890814e5,asset_e185258982513ed7,D:\Projects\adb_vl\close_x_classifier\data\stage0_6_canonical_object_poc\images\stage0_6_00027_not_close.png,close_x_classifier\data\stage0_6_canonical_object_poc\images\stage0_6_00027_not_close.png,ads,crop,candidate_crop,raw,non_action_target,
vision_platform\ads\pilot\action_classifier_v2\dataset\images\ads_action_v2_00833_not_close_asset_421edc15e21b841e.png,not_close,reviewed,close_x_classifier/data/stage0_6_canonical_object_poc/images,asset_421edc15e21b841e,close_x_classifier\data\stage0_6_canonical_object_poc,candidate_crop,non_action_target,,,,,file_e6b70ef277cf78ff,asset_421edc15e21b841e,D:\Projects\adb_vl\close_x_classifier\data\stage0_6_canonical_object_poc\images\stage0_6_00028_not_close.png,close_x_classifier\data\stage0_6_canonical_object_poc\images\stage0_6_00028_not_close.png,ads,crop,candidate_crop,raw,non_action_target,
vision_platform\ads\pilot\action_classifier_v2\dataset\images\ads_action_v2_00834_not_close_asset_67f3b920de018b28.png,not_close,reviewed,close_x_classifier/data/stage0_6_canonical_object_poc/images,asset_67f3b920de018b28,close_x_classifier\data\stage0_6_canonical_object_poc,candidate_crop,non_action_target,,,,,file_b4bb3b39501379d7,asset_67f3b920de018b28,D:\Projects\adb_vl\close_x_classifier\data\stage0_6_canonical_object_poc\images\stage0_6_00030_not_close.png,close_x_classifier\data\stage0_6_canonical_object_poc\images\stage0_6_00030_not_close.png,ads,crop,candidate_crop,raw,non_action_target,
vision_platform\ads\pilot\action_classifier_v2\dataset\images\ads_action_v2_00835_not_close_asset_87527911cd249275.png,not_close,reviewed,close_x_classifier/data/stage0_6_canonical_object_poc/images,asset_87527911cd249275,close_x_classifier\data\stage0_6_canonical_object_poc,candidate_crop,non_action_target,,,,,file_5158b4736785e130,asset_87527911cd249275,D:\Projects\adb_vl\close_x_classifier\data\stage0_6_canonical_object_poc\images\stage0_6_00033_not_close.png,close_x_classifier\data\stage0_6_canonical_object_poc\images\stage0_6_00033_not_close.png,ads,crop,candidate_crop,raw,non_action_target,
vision_platform\ads\pilot\action_classifier_v2\dataset\images\ads_action_v2_00836_not_close_asset_83e8448e165253c5.png,not_close,reviewed,close_x_classifier/data/stage0_6_canonical_object_poc/images,asset_83e8448e165253c5,close_x_classifier\data\stage0_6_canonical_object_poc,candidate_crop,non_action_target,,,,,file_c7249e608ba174bd,asset_83e8448e165253c5,D:\Projects\adb_vl\close_x_classifier\data\stage0_6_canonical_object_poc\images\stage0_6_00034_not_close.png,close_x_classifier\data\stage0_6_canonical_object_poc\images\stage0_6_00034_not_close.png,ads,crop,candidate_crop,raw,non_action_target,
vision_platform\ads\pilot\action_classifier_v2\dataset\images\ads_action_v2_00837_not_close_asset_3c3f235f98b82e9d.png,not_close,reviewed,close_x_classifier/data/stage0_6_canonical_object_poc/images,asset_3c3f235f98b82e9d,close_x_classifier\data\stage0_6_canonical_object_poc,candidate_crop,non_action_target,,,,,file_1c763c99aade32fc,asset_3c3f235f98b82e9d,D:\Projects\adb_vl\close_x_classifier\data\stage0_6_canonical_object_poc\images\stage0_6_00036_not_close.png,close_x_classifier\data\stage0_6_canonical_object_poc\images\stage0_6_00036_not_close.png,ads,crop,candidate_crop,raw,non_action_target,
vision_platform\ads\pilot\action_classifier_v2\dataset\images\ads_action_v2_00838_not_close_asset_16003d386cb25175.png,not_close,reviewed,close_x_classifier/data/stage0_6_canonical_object_poc/images,asset_16003d386cb25175,close_x_classifier\data\stage0_6_canonical_object_poc,candidate_crop,non_action_target,,,,,file_2e7cf3e457533c87,asset_16003d386cb25175,D:\Projects\adb_vl\close_x_classifier\data\stage0_6_canonical_object_poc\images\stage0_6_00037_not_close.png,close_x_classifier\data\stage0_6_canonical_object_poc\images\stage0_6_00037_not_close.png,ads,crop,candidate_crop,raw,non_action_target,
vision_platform\ads\pilot\action_classifier_v2\dataset\images\ads_action_v2_00839_not_close_asset_095072812183003a.png,not_close,reviewed,close_x_classifier/data/stage0_6_canonical_object_poc/images,asset_095072812183003a,close_x_classifier\data\stage0_6_canonical_object_poc,candidate_crop,non_action_target,,,,,file_5d90b180c6d83b57,asset_095072812183003a,D:\Projects\adb_vl\close_x_classifier\data\stage0_6_canonical_object_poc\images\stage0_6_00038_not_close.png,close_x_classifier\data\stage0_6_canonical_object_poc\images\stage0_6_00038_not_close.png,ads,crop,candidate_crop,raw,non_action_target,
vision_platform\ads\pilot\action_classifier_v2\dataset\images\ads_action_v2_00840_not_close_asset_3e24f7458986aabd.png,not_close,reviewed,close_x_classifier/data/stage0_6_canonical_object_poc/images,asset_3e24f7458986aabd,close_x_classifier\data\stage0_6_canonical_object_poc,candidate_crop,non_action_target,,,,,file_5f2cb7cdb854d83a,asset_3e24f7458986aabd,D:\Projects\adb_vl\close_x_classifier\data\stage0_6_canonical_object_poc\images\stage0_6_00039_not_close.png,close_x_classifier\data\stage0_6_canonical_object_poc\images\stage0_6_00039_not_close.png,ads,crop,candidate_crop,raw,non_action_target,
vision_platform\ads\pilot\action_classifier_v2\dataset\images\ads_action_v2_00841_not_close_asset_6e8e706ee1923d3c.png,not_close,reviewed,close_x_classifier/data/stage0_6_canonical_object_poc/images,asset_6e8e706ee1923d3c,close_x_classifier\data\stage0_6_canonical_object_poc,candidate_crop,non_action_target,,,,,file_5ff38c49f39a6413,asset_6e8e706ee1923d3c,D:\Projects\adb_vl\close_x_classifier\data\stage0_6_canonical_object_poc\images\stage0_6_00040_not_close.png,close_x_classifier\data\stage0_6_canonical_object_poc\images\stage0_6_00040_not_close.png,ads,crop,candidate_crop,raw,non_action_target,
vision_platform\ads\pilot\action_classifier_v2\dataset\images\ads_action_v2_00842_not_close_asset_ef5e9735f14f74b6.png,not_close,reviewed,close_x_classifier/data/stage0_6_canonical_object_poc/images,asset_ef5e9735f14f74b6,close_x_classifier\data\stage0_6_canonical_object_poc,candidate_crop,non_action_target,,,,,file_880dba5422acc9a0,asset_ef5e9735f14f74b6,D:\Projects\adb_vl\close_x_classifier\data\stage0_6_canonical_object_poc\images\stage0_6_00041_not_close.png,close_x_classifier\data\stage0_6_canonical_object_poc\images\stage0_6_00041_not_close.png,ads,crop,candidate_crop,raw,non_action_target,
vision_platform\ads\pilot\action_classifier_v2\dataset\images\ads_action_v2_00843_not_close_asset_ebf37b66bd465096.png,not_close,reviewed,close_x_classifier/data/stage0_6_canonical_object_poc/images,asset_ebf37b66bd465096,close_x_classifier\data\stage0_6_canonical_object_poc,candidate_crop,non_action_target,,,,,file_5d8c07b73f855295,asset_ebf37b66bd465096,D:\Projects\adb_vl\close_x_classifier\data\stage0_6_canonical_object_poc\images\stage0_6_00042_not_close.png,close_x_classifier\data\stage0_6_canonical_object_poc\images\stage0_6_00042_not_close.png,ads,crop,candidate_crop,raw,non_action_target,
vision_platform\ads\pilot\action_classifier_v2\dataset\images\ads_action_v2_00844_not_close_asset_8a5ff267738bea2e.png,not_close,reviewed,close_x_classifier/data/stage0_6_canonical_object_poc/images,asset_8a5ff267738bea2e,close_x_classifier\data\stage0_6_canonical_object_poc,candidate_crop,non_action_target,,,,,file_6a87d7ccd02ab224,asset_8a5ff267738bea2e,D:\Projects\adb_vl\close_x_classifier\data\stage0_6_canonical_object_poc\images\stage0_6_00043_not_close.png,close_x_classifier\data\stage0_6_canonical_object_poc\images\stage0_6_00043_not_close.png,ads,crop,candidate_crop,raw,non_action_target,
vision_platform\ads\pilot\action_classifier_v2\dataset\images\ads_action_v2_00845_not_close_asset_11001f288bff4ffe.png,not_close,reviewed,close_x_classifier/data/stage0_6_canonical_object_poc/images,asset_11001f288bff4ffe,close_x_classifier\data\stage0_6_canonical_object_poc,candidate_crop,non_action_target,,,,,file_0c86f18c570e0f4e,asset_11001f288bff4ffe,D:\Projects\adb_vl\close_x_classifier\data\stage0_6_canonical_object_poc\images\stage0_6_00044_not_close.png,close_x_classifier\data\stage0_6_canonical_object_poc\images\stage0_6_00044_not_close.png,ads,crop,candidate_crop,raw,non_action_target,
vision_platform\ads\pilot\action_classifier_v2\dataset\images\ads_action_v2_00846_not_close_asset_3f3c200aac73e244.png,not_close,reviewed,close_x_classifier/data/stage0_6_canonical_object_poc/images,asset_3f3c200aac73e244,close_x_classifier\data\stage0_6_canonical_object_poc,candidate_crop,non_action_target,,,,,file_8d9f4a0f7fae85a2,asset_3f3c200aac73e244,D:\Projects\adb_vl\close_x_classifier\data\stage0_6_canonical_object_poc\images\stage0_6_00048_not_close.png,close_x_classifier\data\stage0_6_canonical_object_poc\images\stage0_6_00048_not_close.png,ads,crop,candidate_crop,raw,non_action_target,
vision_platform\ads\pilot\action_classifier_v2\dataset\images\ads_action_v2_00847_not_close_asset_77b23536ead19af5.png,not_close,reviewed,close_x_classifier/data/stage0_6_canonical_object_poc/images,asset_77b23536ead19af5,close_x_classifier\data\stage0_6_canonical_object_poc,candidate_crop,non_action_target,,,,,file_dc06d282b6fa6f20,asset_77b23536ead19af5,D:\Projects\adb_vl\close_x_classifier\data\stage0_6_canonical_object_poc\images\stage0_6_00049_not_close.png,close_x_classifier\data\stage0_6_canonical_object_poc\images\stage0_6_00049_not_close.png,ads,crop,candidate_crop,raw,non_action_target,
vision_platform\ads\pilot\action_classifier_v2\dataset\images\ads_action_v2_00848_not_close_asset_d761ea3c85686904.png,not_close,reviewed,close_x_classifier/data/stage0_6_canonical_object_poc/images,asset_d761ea3c85686904,close_x_classifier\data\stage0_6_canonical_object_poc,candidate_crop,non_action_target,,,,,file_0f9a47655c7b12b5,asset_d761ea3c85686904,D:\Projects\adb_vl\close_x_classifier\data\stage0_6_canonical_object_poc\images\stage0_6_00050_not_close.png,close_x_classifier\data\stage0_6_canonical_object_poc\images\stage0_6_00050_not_close.png,ads,crop,candidate_crop,raw,non_action_target,
vision_platform\ads\pilot\action_classifier_v2\dataset\images\ads_action_v2_00849_not_close_asset_e9ee4043583dbad7.png,not_close,reviewed,close_x_classifier/data/stage0_6_canonical_object_poc/images,asset_e9ee4043583dbad7,close_x_classifier\data\stage0_6_canonical_object_poc,candidate_crop,non_action_target,,,,,file_b1be349dabd8738e,asset_e9ee4043583dbad7,D:\Projects\adb_vl\close_x_classifier\data\stage0_6_canonical_object_poc\images\stage0_6_00055_not_close.png,close_x_classifier\data\stage0_6_canonical_object_poc\images\stage0_6_00055_not_close.png,ads,crop,candidate_crop,raw,non_action_target,
vision_platform\ads\pilot\action_classifier_v2\dataset\images\ads_action_v2_00850_not_close_asset_17c94e72e8792ce0.png,not_close,reviewed,close_x_classifier/runtime_collection_dryrun/runtime_20260711_233828_059/candidates,asset_17c94e72e8792ce0,close_x_classifier\runtime_collection_dryrun,runtime_collection,non_action_target,,,,,file_884becd19e10cc4b,asset_17c94e72e8792ce0,D:\Projects\adb_vl\close_x_classifier\runtime_collection_dryrun\runtime_20260711_233828_059\candidates\cand_002.png,close_x_classifier\runtime_collection_dryrun\runtime_20260711_233828_059\candidates\cand_002.png,ads,crop,runtime_collection,raw,non_action_target,
vision_platform\ads\pilot\action_classifier_v2\dataset\images\ads_action_v2_00851_not_close_asset_2701b31780c1f69f.png,not_close,reviewed,close_x_classifier/runtime_collection_dryrun/runtime_20260711_233828_059/candidates,asset_2701b31780c1f69f,close_x_classifier\runtime_collection_dryrun,runtime_collection,non_action_target,,,,,file_d2ea7ef43c83201a,asset_2701b31780c1f69f,D:\Projects\adb_vl\close_x_classifier\runtime_collection_dryrun\runtime_20260711_233828_059\candidates\cand_003.png,close_x_classifier\runtime_collection_dryrun\runtime_20260711_233828_059\candidates\cand_003.png,ads,crop,runtime_collection,raw,non_action_target,
vision_platform\ads\pilot\action_classifier_v2\dataset\images\ads_action_v2_00852_not_close_asset_44352ab29c2d05f4.png,not_close,reviewed,close_x_classifier/runtime_collection_dryrun/runtime_20260711_233828_059/candidates,asset_44352ab29c2d05f4,close_x_classifier\runtime_collection_dryrun,runtime_collection,non_action_target,,,,,file_b118716c3a5d8b88,asset_44352ab29c2d05f4,D:\Projects\adb_vl\close_x_classifier\runtime_collection_dryrun\runtime_20260711_233828_059\candidates\cand_004.png,close_x_classifier\runtime_collection_dryrun\runtime_20260711_233828_059\candidates\cand_004.png,ads,crop,runtime_collection,raw,non_action_target,
vision_platform\ads\pilot\action_classifier_v2\dataset\images\ads_action_v2_00853_not_close_asset_9ef01bef87a3d333.png,not_close,reviewed,batch_full_40,asset_9ef01bef87a3d333,vision_platform\ads\hard_negative_mining,candidate_crop,non_action_target,,,,,file_d8bc46dac7949138,asset_9ef01bef87a3d333,D:\Projects\adb_vl\vision_platform\ads\hard_negative_mining\batch_full_40\crops\hn_000001.png,vision_platform\ads\hard_negative_mining\batch_full_40\crops\hn_000001.png,ads,crop,candidate_crop,raw,non_action_target,
vision_platform\ads\pilot\action_classifier_v2\dataset\images\ads_action_v2_00854_not_close_asset_65cc9e2d3cc62a1d.png,not_close,reviewed,batch_full_40,asset_65cc9e2d3cc62a1d,vision_platform\ads\hard_negative_mining,candidate_crop,non_action_target,,,,,file_88a348bc7b80ceaf,asset_65cc9e2d3cc62a1d,D:\Projects\adb_vl\vision_platform\ads\hard_negative_mining\batch_full_40\crops\hn_000002.png,vision_platform\ads\hard_negative_mining\batch_full_40\crops\hn_000002.png,ads,crop,candidate_crop,raw,non_action_target,
vision_platform\ads\pilot\action_classifier_v2\dataset\images\ads_action_v2_00855_not_close_asset_f703784b8bad0962.png,not_close,reviewed,batch_full_40,asset_f703784b8bad0962,vision_platform\ads\hard_negative_mining,candidate_crop,non_action_target,,,,,file_044faf37630d2443,asset_f703784b8bad0962,D:\Projects\adb_vl\vision_platform\ads\hard_negative_mining\batch_full_40\crops\hn_000003.png,vision_platform\ads\hard_negative_mining\batch_full_40\crops\hn_000003.png,ads,crop,candidate_crop,raw,non_action_target,
vision_platform\ads\pilot\action_classifier_v2\dataset\images\ads_action_v2_00856_not_close_asset_c4b1d06f64941bee.png,not_close,reviewed,batch_full_40,asset_c4b1d06f64941bee,vision_platform\ads\hard_negative_mining,candidate_crop,non_action_target,,,,,file_f45e809296a14a4b,asset_c4b1d06f64941bee,D:\Projects\adb_vl\vision_platform\ads\hard_negative_mining\batch_full_40\crops\hn_000004.png,vision_platform\ads\hard_negative_mining\batch_full_40\crops\hn_000004.png,ads,crop,candidate_crop,raw,non_action_target,
vision_platform\ads\pilot\action_classifier_v2\dataset\images\ads_action_v2_00857_not_close_asset_fdadcb641f60e884.png,not_close,reviewed,batch_full_40,asset_fdadcb641f60e884,vision_platform\ads\hard_negative_mining,candidate_crop,non_action_target,,,,,file_effc2b36ec28a680,asset_fdadcb641f60e884,D:\Projects\adb_vl\vision_platform\ads\hard_negative_mining\batch_full_40\crops\hn_000005.png,vision_platform\ads\hard_negative_mining\batch_full_40\crops\hn_000005.png,ads,crop,candidate_crop,raw,non_action_target,
vision_platform\ads\pilot\action_classifier_v2\dataset\images\ads_action_v2_00858_not_close_asset_f3cb07eb8f4577f4.png,not_close,reviewed,batch_full_40,asset_f3cb07eb8f4577f4,vision_platform\ads\hard_negative_mining,candidate_crop,non_action_target,,,,,file_a608ad230d165895,asset_f3cb07eb8f4577f4,D:\Projects\adb_vl\vision_platform\ads\hard_negative_mining\batch_full_40\crops\hn_000006.png,vision_platform\ads\hard_negative_mining\batch_full_40\crops\hn_000006.png,ads,crop,candidate_crop,raw,non_action_target,
vision_platform\ads\pilot\action_classifier_v2\dataset\images\ads_action_v2_00859_not_close_asset_c57aae3a08359e62.png,not_close,reviewed,batch_full_40,asset_c57aae3a08359e62,vision_platform\ads\hard_negative_mining,candidate_crop,non_action_target,,,,,file_e23c7e61157be36a,asset_c57aae3a08359e62,D:\Projects\adb_vl\vision_platform\ads\hard_negative_mining\batch_full_40\crops\hn_000007.png,vision_platform\ads\hard_negative_mining\batch_full_40\crops\hn_000007.png,ads,crop,candidate_crop,raw,non_action_target,
vision_platform\ads\pilot\action_classifier_v2\dataset\images\ads_action_v2_00860_not_close_asset_8f3fcae0780b0cfe.png,not_close,reviewed,batch_full_40,asset_8f3fcae0780b0cfe,vision_platform\ads\hard_negative_mining,candidate_crop,non_action_target,,,,,file_6a6afed14935fd5a,asset_8f3fcae0780b0cfe,D:\Projects\adb_vl\vision_platform\ads\hard_negative_mining\batch_full_40\crops\hn_000008.png,vision_platform\ads\hard_negative_mining\batch_full_40\crops\hn_000008.png,ads,crop,candidate_crop,raw,non_action_target,
vision_platform\ads\pilot\action_classifier_v2\dataset\images\ads_action_v2_00861_not_close_asset_9caf5ab24f607598.png,not_close,reviewed,batch_full_40,asset_9caf5ab24f607598,vision_platform\ads\hard_negative_mining,candidate_crop,non_action_target,,,,,file_621e872f7536f12e,asset_9caf5ab24f607598,D:\Projects\adb_vl\vision_platform\ads\hard_negative_mining\batch_full_40\crops\hn_000009.png,vision_platform\ads\hard_negative_mining\batch_full_40\crops\hn_000009.png,ads,crop,candidate_crop,raw,non_action_target,
vision_platform\ads\pilot\action_classifier_v2\dataset\images\ads_action_v2_00862_not_close_asset_1a994fa8378a22c0.png,not_close,reviewed,batch_full_40,asset_1a994fa8378a22c0,vision_platform\ads\hard_negative_mining,candidate_crop,non_action_target,,,,,file_c048bd7b722716f1,asset_1a994fa8378a22c0,D:\Projects\adb_vl\vision_platform\ads\hard_negative_mining\batch_full_40\crops\hn_000010.png,vision_platform\ads\hard_negative_mining\batch_full_40\crops\hn_000010.png,ads,crop,candidate_crop,raw,non_action_target,
vision_platform\ads\pilot\action_classifier_v2\dataset\images\ads_action_v2_00863_not_close_asset_c4122a982de9a90e.png,not_close,reviewed,batch_full_40,asset_c4122a982de9a90e,vision_platform\ads\hard_negative_mining,candidate_crop,non_action_target,,,,,file_a472cb0983177eab,asset_c4122a982de9a90e,D:\Projects\adb_vl\vision_platform\ads\hard_negative_mining\batch_full_40\crops\hn_000011.png,vision_platform\ads\hard_negative_mining\batch_full_40\crops\hn_000011.png,ads,crop,candidate_crop,raw,non_action_target,
vision_platform\ads\pilot\action_classifier_v2\dataset\images\ads_action_v2_00864_not_close_asset_1f946a8ce72adc26.png,not_close,reviewed,batch_full_40,asset_1f946a8ce72adc26,vision_platform\ads\hard_negative_mining,candidate_crop,non_action_target,,,,,file_9c4173928ae978cb,asset_1f946a8ce72adc26,D:\Projects\adb_vl\vision_platform\ads\hard_negative_mining\batch_full_40\crops\hn_000012.png,vision_platform\ads\hard_negative_mining\batch_full_40\crops\hn_000012.png,ads,crop,candidate_crop,raw,non_action_target,
vision_platform\ads\pilot\action_classifier_v2\dataset\images\ads_action_v2_00865_not_close_asset_5c7da141b3190365.png,not_close,reviewed,batch_full_40,asset_5c7da141b3190365,vision_platform\ads\hard_negative_mining,candidate_crop,non_action_target,,,,,file_275286b9161fa1cc,asset_5c7da141b3190365,D:\Projects\adb_vl\vision_platform\ads\hard_negative_mining\batch_full_40\crops\hn_000013.png,vision_platform\ads\hard_negative_mining\batch_full_40\crops\hn_000013.png,ads,crop,candidate_crop,raw,non_action_target,
vision_platform\ads\pilot\action_classifier_v2\dataset\images\ads_action_v2_00866_not_close_asset_b316731cbc49378b.png,not_close,reviewed,batch_full_40,asset_b316731cbc49378b,vision_platform\ads\hard_negative_mining,candidate_crop,non_action_target,,,,,file_f21c29f6128804bd,asset_b316731cbc49378b,D:\Projects\adb_vl\vision_platform\ads\hard_negative_mining\batch_full_40\crops\hn_000014.png,vision_platform\ads\hard_negative_mining\batch_full_40\crops\hn_000014.png,ads,crop,candidate_crop,raw,non_action_target,
vision_platform\ads\pilot\action_classifier_v2\dataset\images\ads_action_v2_00867_not_close_asset_f9e617def8b67fd8.png,not_close,reviewed,batch_full_40,asset_f9e617def8b67fd8,vision_platform\ads\hard_negative_mining,candidate_crop,non_action_target,,,,,file_b21396f45f57a773,asset_f9e617def8b67fd8,D:\Projects\adb_vl\vision_platform\ads\hard_negative_mining\batch_full_40\crops\hn_000015.png,vision_platform\ads\hard_negative_mining\batch_full_40\crops\hn_000015.png,ads,crop,candidate_crop,raw,non_action_target,
vision_platform\ads\pilot\action_classifier_v2\dataset\images\ads_action_v2_00868_not_close_asset_9caf5ab24f607598.png,not_close,reviewed,batch_full_40,asset_9caf5ab24f607598,vision_platform\ads\hard_negative_mining,candidate_crop,non_action_target,,,,,file_3453b2c9670f3b18,asset_9caf5ab24f607598,D:\Projects\adb_vl\vision_platform\ads\hard_negative_mining\batch_full_40\crops\hn_000016.png,vision_platform\ads\hard_negative_mining\batch_full_40\crops\hn_000016.png,ads,crop,candidate_crop,raw,non_action_target,
vision_platform\ads\pilot\action_classifier_v2\dataset\images\ads_action_v2_00869_not_close_asset_1a994fa8378a22c0.png,not_close,reviewed,batch_full_40,asset_1a994fa8378a22c0,vision_platform\ads\hard_negative_mining,candidate_crop,non_action_target,,,,,file_94a74a5f97cadf36,asset_1a994fa8378a22c0,D:\Projects\adb_vl\vision_platform\ads\hard_negative_mining\batch_full_40\crops\hn_000017.png,vision_platform\ads\hard_negative_mining\batch_full_40\crops\hn_000017.png,ads,crop,candidate_crop,raw,non_action_target,
vision_platform\ads\pilot\action_classifier_v2\dataset\images\ads_action_v2_00870_not_close_asset_c4122a982de9a90e.png,not_close,reviewed,batch_full_40,asset_c4122a982de9a90e,vision_platform\ads\hard_negative_mining,candidate_crop,non_action_target,,,,,file_6f7b34a5bba4ab48,asset_c4122a982de9a90e,D:\Projects\adb_vl\vision_platform\ads\hard_negative_mining\batch_full_40\crops\hn_000018.png,vision_platform\ads\hard_negative_mining\batch_full_40\crops\hn_000018.png,ads,crop,candidate_crop,raw,non_action_target,
vision_platform\ads\pilot\action_classifier_v2\dataset\images\ads_action_v2_00871_not_close_asset_1f946a8ce72adc26.png,not_close,reviewed,batch_full_40,asset_1f946a8ce72adc26,vision_platform\ads\hard_negative_mining,candidate_crop,non_action_target,,,,,file_9e9ff3461b1d42ad,asset_1f946a8ce72adc26,D:\Projects\adb_vl\vision_platform\ads\hard_negative_mining\batch_full_40\crops\hn_000019.png,vision_platform\ads\hard_negative_mining\batch_full_40\crops\hn_000019.png,ads,crop,candidate_crop,raw,non_action_target,
vision_platform\ads\pilot\action_classifier_v2\dataset\images\ads_action_v2_00872_not_close_asset_f81ecda33da0bb23.png,not_close,reviewed,batch_full_40,asset_f81ecda33da0bb23,vision_platform\ads\hard_negative_mining,candidate_crop,non_action_target,,,,,file_f7ee0b1fcfc896d7,asset_f81ecda33da0bb23,D:\Projects\adb_vl\vision_platform\ads\hard_negative_mining\batch_full_40\crops\hn_000020.png,vision_platform\ads\hard_negative_mining\batch_full_40\crops\hn_000020.png,ads,crop,candidate_crop,raw,non_action_target,
vision_platform\ads\pilot\action_classifier_v2\dataset\images\ads_action_v2_00873_not_close_asset_5c7da141b3190365.png,not_close,reviewed,batch_full_40,asset_5c7da141b3190365,vision_platform\ads\hard_negative_mining,candidate_crop,non_action_target,,,,,file_f7d47c06e729c896,asset_5c7da141b3190365,D:\Projects\adb_vl\vision_platform\ads\hard_negative_mining\batch_full_40\crops\hn_000021.png,vision_platform\ads\hard_negative_mining\batch_full_40\crops\hn_000021.png,ads,crop,candidate_crop,raw,non_action_target,
vision_platform\ads\pilot\action_classifier_v2\dataset\images\ads_action_v2_00874_not_close_asset_f9e617def8b67fd8.png,not_close,reviewed,batch_full_40,asset_f9e617def8b67fd8,vision_platform\ads\hard_negative_mining,candidate_crop,non_action_target,,,,,file_7c7638b2899aad48,asset_f9e617def8b67fd8,D:\Projects\adb_vl\vision_platform\ads\hard_negative_mining\batch_full_40\crops\hn_000022.png,vision_platform\ads\hard_negative_mining\batch_full_40\crops\hn_000022.png,ads,crop,candidate_crop,raw,non_action_target,
vision_platform\ads\pilot\action_classifier_v2\dataset\images\ads_action_v2_00875_not_close_asset_9caf5ab24f607598.png,not_close,reviewed,batch_full_40,asset_9caf5ab24f607598,vision_platform\ads\hard_negative_mining,candidate_crop,non_action_target,,,,,file_ce8f057e50576564,asset_9caf5ab24f607598,D:\Projects\adb_vl\vision_platform\ads\hard_negative_mining\batch_full_40\crops\hn_000023.png,vision_platform\ads\hard_negative_mining\batch_full_40\crops\hn_000023.png,ads,crop,candidate_crop,raw,non_action_target,
vision_platform\ads\pilot\action_classifier_v2\dataset\images\ads_action_v2_00876_not_close_asset_1a994fa8378a22c0.png,not_close,reviewed,batch_full_40,asset_1a994fa8378a22c0,vision_platform\ads\hard_negative_mining,candidate_crop,non_action_target,,,,,file_b5e9ad46930453b4,asset_1a994fa8378a22c0,D:\Projects\adb_vl\vision_platform\ads\hard_negative_mining\batch_full_40\crops\hn_000024.png,vision_platform\ads\hard_negative_mining\batch_full_40\crops\hn_000024.png,ads,crop,candidate_crop,raw,non_action_target,
vision_platform\ads\pilot\action_classifier_v2\dataset\images\ads_action_v2_00877_not_close_asset_c4122a982de9a90e.png,not_close,reviewed,batch_full_40,asset_c4122a982de9a90e,vision_platform\ads\hard_negative_mining,candidate_crop,non_action_target,,,,,file_c7477e309b6645d8,asset_c4122a982de9a90e,D:\Projects\adb_vl\vision_platform\ads\hard_negative_mining\batch_full_40\crops\hn_000025.png,vision_platform\ads\hard_negative_mining\batch_full_40\crops\hn_000025.png,ads,crop,candidate_crop,raw,non_action_target,
vision_platform\ads\pilot\action_classifier_v2\dataset\images\ads_action_v2_00878_not_close_asset_1f946a8ce72adc26.png,not_close,reviewed,batch_full_40,asset_1f946a8ce72adc26,vision_platform\ads\hard_negative_mining,candidate_crop,non_action_target,,,,,file_5d6a60b6456051c0,asset_1f946a8ce72adc26,D:\Projects\adb_vl\vision_platform\ads\hard_negative_mining\batch_full_40\crops\hn_000026.png,vision_platform\ads\hard_negative_mining\batch_full_40\crops\hn_000026.png,ads,crop,candidate_crop,raw,non_action_target,
vision_platform\ads\pilot\action_classifier_v2\dataset\images\ads_action_v2_00879_not_close_asset_f81ecda33da0bb23.png,not_close,reviewed,batch_full_40,asset_f81ecda33da0bb23,vision_platform\ads\hard_negative_mining,candidate_crop,non_action_target,,,,,file_60eeb4627207afd6,asset_f81ecda33da0bb23,D:\Projects\adb_vl\vision_platform\ads\hard_negative_mining\batch_full_40\crops\hn_000027.png,vision_platform\ads\hard_negative_mining\batch_full_40\crops\hn_000027.png,ads,crop,candidate_crop,raw,non_action_target,
vision_platform\ads\pilot\action_classifier_v2\dataset\images\ads_action_v2_00880_not_close_asset_5c7da141b3190365.png,not_close,reviewed,batch_full_40,asset_5c7da141b3190365,vision_platform\ads\hard_negative_mining,candidate_crop,non_action_target,,,,,file_499eb61a4950beb7,asset_5c7da141b3190365,D:\Projects\adb_vl\vision_platform\ads\hard_negative_mining\batch_full_40\crops\hn_000028.png,vision_platform\ads\hard_negative_mining\batch_full_40\crops\hn_000028.png,ads,crop,candidate_crop,raw,non_action_target,
vision_platform\ads\pilot\action_classifier_v2\dataset\images\ads_action_v2_00881_not_close_asset_b12a5682aa09c91e.png,not_close,reviewed,batch_full_40,asset_b12a5682aa09c91e,vision_platform\ads\hard_negative_mining,candidate_crop,non_action_target,,,,,file_4000d199246c72f0,asset_b12a5682aa09c91e,D:\Projects\adb_vl\vision_platform\ads\hard_negative_mining\batch_full_40\crops\hn_000029.png,vision_platform\ads\hard_negative_mining\batch_full_40\crops\hn_000029.png,ads,crop,candidate_crop,raw,non_action_target,
vision_platform\ads\pilot\action_classifier_v2\dataset\images\ads_action_v2_00882_not_close_asset_1355d96717c8cd0d.png,not_close,reviewed,batch_full_40,asset_1355d96717c8cd0d,vision_platform\ads\hard_negative_mining,candidate_crop,non_action_target,,,,,file_fddc0c4e066f96c3,asset_1355d96717c8cd0d,D:\Projects\adb_vl\vision_platform\ads\hard_negative_mining\batch_full_40\crops\hn_000030.png,vision_platform\ads\hard_negative_mining\batch_full_40\crops\hn_000030.png,ads,crop,candidate_crop,raw,non_action_target,
vision_platform\ads\pilot\action_classifier_v2\dataset\images\ads_action_v2_00883_not_close_asset_8c262e1166404354.png,not_close,reviewed,batch_full_40,asset_8c262e1166404354,vision_platform\ads\hard_negative_mining,candidate_crop,non_action_target,,,,,file_7b5ac073787e79d0,asset_8c262e1166404354,D:\Projects\adb_vl\vision_platform\ads\hard_negative_mining\batch_full_40\crops\hn_000031.png,vision_platform\ads\hard_negative_mining\batch_full_40\crops\hn_000031.png,ads,crop,candidate_crop,raw,non_action_target,
vision_platform\ads\pilot\action_classifier_v2\dataset\images\ads_action_v2_00884_not_close_asset_5d603996821c6630.png,not_close,reviewed,batch_full_40,asset_5d603996821c6630,vision_platform\ads\hard_negative_mining,candidate_crop,non_action_target,,,,,file_cafbd642cab63f08,asset_5d603996821c6630,D:\Projects\adb_vl\vision_platform\ads\hard_negative_mining\batch_full_40\crops\hn_000032.png,vision_platform\ads\hard_negative_mining\batch_full_40\crops\hn_000032.png,ads,crop,candidate_crop,raw,non_action_target,
vision_platform\ads\pilot\action_classifier_v2\dataset\images\ads_action_v2_00885_not_close_asset_1b7294ee603b113e.png,not_close,reviewed,batch_full_40,asset_1b7294ee603b113e,vision_platform\ads\hard_negative_mining,candidate_crop,non_action_target,,,,,file_88ccbbfaaea0e2a4,asset_1b7294ee603b113e,D:\Projects\adb_vl\vision_platform\ads\hard_negative_mining\batch_full_40\crops\hn_000033.png,vision_platform\ads\hard_negative_mining\batch_full_40\crops\hn_000033.png,ads,crop,candidate_crop,raw,non_action_target,
vision_platform\ads\pilot\action_classifier_v2\dataset\images\ads_action_v2_00886_not_close_asset_b12a5682aa09c91e.png,not_close,reviewed,batch_full_40,asset_b12a5682aa09c91e,vision_platform\ads\hard_negative_mining,candidate_crop,non_action_target,,,,,file_a139204805ac7243,asset_b12a5682aa09c91e,D:\Projects\adb_vl\vision_platform\ads\hard_negative_mining\batch_full_40\crops\hn_000034.png,vision_platform\ads\hard_negative_mining\batch_full_40\crops\hn_000034.png,ads,crop,candidate_crop,raw,non_action_target,
vision_platform\ads\pilot\action_classifier_v2\dataset\images\ads_action_v2_00887_not_close_asset_1355d96717c8cd0d.png,not_close,reviewed,batch_full_40,asset_1355d96717c8cd0d,vision_platform\ads\hard_negative_mining,candidate_crop,non_action_target,,,,,file_6f1d25b61222a961,asset_1355d96717c8cd0d,D:\Projects\adb_vl\vision_platform\ads\hard_negative_mining\batch_full_40\crops\hn_000035.png,vision_platform\ads\hard_negative_mining\batch_full_40\crops\hn_000035.png,ads,crop,candidate_crop,raw,non_action_target,
vision_platform\ads\pilot\action_classifier_v2\dataset\images\ads_action_v2_00888_not_close_asset_8c262e1166404354.png,not_close,reviewed,batch_full_40,asset_8c262e1166404354,vision_platform\ads\hard_negative_mining,candidate_crop,non_action_target,,,,,file_c830fe47a049e176,asset_8c262e1166404354,D:\Projects\adb_vl\vision_platform\ads\hard_negative_mining\batch_full_40\crops\hn_000036.png,vision_platform\ads\hard_negative_mining\batch_full_40\crops\hn_000036.png,ads,crop,candidate_crop,raw,non_action_target,
vision_platform\ads\pilot\action_classifier_v2\dataset\images\ads_action_v2_00889_not_close_asset_5d603996821c6630.png,not_close,reviewed,batch_full_40,asset_5d603996821c6630,vision_platform\ads\hard_negative_mining,candidate_crop,non_action_target,,,,,file_c5988553dd70793c,asset_5d603996821c6630,D:\Projects\adb_vl\vision_platform\ads\hard_negative_mining\batch_full_40\crops\hn_000037.png,vision_platform\ads\hard_negative_mining\batch_full_40\crops\hn_000037.png,ads,crop,candidate_crop,raw,non_action_target,
vision_platform\ads\pilot\action_classifier_v2\dataset\images\ads_action_v2_00890_not_close_asset_1b7294ee603b113e.png,not_close,reviewed,batch_full_40,asset_1b7294ee603b113e,vision_platform\ads\hard_negative_mining,candidate_crop,non_action_target,,,,,file_f3d368e69656c1d7,asset_1b7294ee603b113e,D:\Projects\adb_vl\vision_platform\ads\hard_negative_mining\batch_full_40\crops\hn_000038.png,vision_platform\ads\hard_negative_mining\batch_full_40\crops\hn_000038.png,ads,crop,candidate_crop,raw,non_action_target,
vision_platform\ads\pilot\action_classifier_v2\dataset\images\ads_action_v2_00891_not_close_asset_65cc9e2d3cc62a1d.png,not_close,reviewed,batch_full_40,asset_65cc9e2d3cc62a1d,vision_platform\ads\hard_negative_mining,candidate_crop,non_action_target,,,,,file_71e6ceee677e237e,asset_65cc9e2d3cc62a1d,D:\Projects\adb_vl\vision_platform\ads\hard_negative_mining\batch_full_40\crops\hn_000039.png,vision_platform\ads\hard_negative_mining\batch_full_40\crops\hn_000039.png,ads,crop,candidate_crop,raw,non_action_target,
vision_platform\ads\pilot\action_classifier_v2\dataset\images\ads_action_v2_00892_not_close_asset_ff45658ac3f6d47f.png,not_close,reviewed,batch_full_40,asset_ff45658ac3f6d47f,vision_platform\ads\hard_negative_mining,candidate_crop,non_action_target,,,,,file_99a950e4099cca5f,asset_ff45658ac3f6d47f,D:\Projects\adb_vl\vision_platform\ads\hard_negative_mining\batch_full_40\crops\hn_000040.png,vision_platform\ads\hard_negative_mining\batch_full_40\crops\hn_000040.png,ads,crop,candidate_crop,raw,non_action_target,
vision_platform\ads\pilot\action_classifier_v2\dataset\images\ads_action_v2_00893_not_close_asset_57135a567751dc05.png,not_close,reviewed,batch_full_40,asset_57135a567751dc05,vision_platform\ads\hard_negative_mining,candidate_crop,non_action_target,,,,,file_c38d0a059132e7ec,asset_57135a567751dc05,D:\Projects\adb_vl\vision_platform\ads\hard_negative_mining\batch_full_40\crops\hn_000041.png,vision_platform\ads\hard_negative_mining\batch_full_40\crops\hn_000041.png,ads,crop,candidate_crop,raw,non_action_target,
vision_platform\ads\pilot\action_classifier_v2\dataset\images\ads_action_v2_00894_not_close_asset_c4b1d06f64941bee.png,not_close,reviewed,batch_full_40,asset_c4b1d06f64941bee,vision_platform\ads\hard_negative_mining,candidate_crop,non_action_target,,,,,file_a0c2b4fdb69ebc48,asset_c4b1d06f64941bee,D:\Projects\adb_vl\vision_platform\ads\hard_negative_mining\batch_full_40\crops\hn_000042.png,vision_platform\ads\hard_negative_mining\batch_full_40\crops\hn_000042.png,ads,crop,candidate_crop,raw,non_action_target,
vision_platform\ads\pilot\action_classifier_v2\dataset\images\ads_action_v2_00895_not_close_asset_15eafa6f6d0ede04.png,not_close,reviewed,batch_full_40,asset_15eafa6f6d0ede04,vision_platform\ads\hard_negative_mining,candidate_crop,non_action_target,,,,,file_4d595a3daa8c24a9,asset_15eafa6f6d0ede04,D:\Projects\adb_vl\vision_platform\ads\hard_negative_mining\batch_full_40\crops\hn_000043.png,vision_platform\ads\hard_negative_mining\batch_full_40\crops\hn_000043.png,ads,crop,candidate_crop,raw,non_action_target,
vision_platform\ads\pilot\action_classifier_v2\dataset\images\ads_action_v2_00896_not_close_asset_d3d58bb31753cc34.png,not_close,reviewed,batch_full_40,asset_d3d58bb31753cc34,vision_platform\ads\hard_negative_mining,candidate_crop,non_action_target,,,,,file_5c4995de2406acff,asset_d3d58bb31753cc34,D:\Projects\adb_vl\vision_platform\ads\hard_negative_mining\batch_full_40\crops\hn_000044.png,vision_platform\ads\hard_negative_mining\batch_full_40\crops\hn_000044.png,ads,crop,candidate_crop,raw,non_action_target,
vision_platform\ads\pilot\action_classifier_v2\dataset\images\ads_action_v2_00897_not_close_asset_f3cb07eb8f4577f4.png,not_close,reviewed,batch_full_40,asset_f3cb07eb8f4577f4,vision_platform\ads\hard_negative_mining,candidate_crop,non_action_target,,,,,file_735a755e378c5e42,asset_f3cb07eb8f4577f4,D:\Projects\adb_vl\vision_platform\ads\hard_negative_mining\batch_full_40\crops\hn_000045.png,vision_platform\ads\hard_negative_mining\batch_full_40\crops\hn_000045.png,ads,crop,candidate_crop,raw,non_action_target,
vision_platform\ads\pilot\action_classifier_v2\dataset\images\ads_action_v2_00898_not_close_asset_7dbafd1f3c70387c.png,not_close,reviewed,batch_full_40,asset_7dbafd1f3c70387c,vision_platform\ads\hard_negative_mining,candidate_crop,non_action_target,,,,,file_3a6bceaa0b53fc5e,asset_7dbafd1f3c70387c,D:\Projects\adb_vl\vision_platform\ads\hard_negative_mining\batch_full_40\crops\hn_000046.png,vision_platform\ads\hard_negative_mining\batch_full_40\crops\hn_000046.png,ads,crop,candidate_crop,raw,non_action_target,
vision_platform\ads\pilot\action_classifier_v2\dataset\images\ads_action_v2_00899_not_close_asset_65cc9e2d3cc62a1d.png,not_close,reviewed,batch_full_40,asset_65cc9e2d3cc62a1d,vision_platform\ads\hard_negative_mining,candidate_crop,non_action_target,,,,,file_78a5592eb3aba204,asset_65cc9e2d3cc62a1d,D:\Projects\adb_vl\vision_platform\ads\hard_negative_mining\batch_full_40\crops\hn_000047.png,vision_platform\ads\hard_negative_mining\batch_full_40\crops\hn_000047.png,ads,crop,candidate_crop,raw,non_action_target,
vision_platform\ads\pilot\action_classifier_v2\dataset\images\ads_action_v2_00900_not_close_asset_ff45658ac3f6d47f.png,not_close,reviewed,batch_full_40,asset_ff45658ac3f6d47f,vision_platform\ads\hard_negative_mining,candidate_crop,non_action_target,,,,,file_59fa4aa1cdc63458,asset_ff45658ac3f6d47f,D:\Projects\adb_vl\vision_platform\ads\hard_negative_mining\batch_full_40\crops\hn_000048.png,vision_platform\ads\hard_negative_mining\batch_full_40\crops\hn_000048.png,ads,crop,candidate_crop,raw,non_action_target,
vision_platform\ads\pilot\action_classifier_v2\dataset\images\ads_action_v2_00901_not_close_asset_57135a567751dc05.png,not_close,reviewed,batch_full_40,asset_57135a567751dc05,vision_platform\ads\hard_negative_mining,candidate_crop,non_action_target,,,,,file_918421bc8b9a9bea,asset_57135a567751dc05,D:\Projects\adb_vl\vision_platform\ads\hard_negative_mining\batch_full_40\crops\hn_000049.png,vision_platform\ads\hard_negative_mining\batch_full_40\crops\hn_000049.png,ads,crop,candidate_crop,raw,non_action_target,
vision_platform\ads\pilot\action_classifier_v2\dataset\images\ads_action_v2_00902_not_close_asset_c4b1d06f64941bee.png,not_close,reviewed,batch_full_40,asset_c4b1d06f64941bee,vision_platform\ads\hard_negative_mining,candidate_crop,non_action_target,,,,,file_19e085c4d49eb645,asset_c4b1d06f64941bee,D:\Projects\adb_vl\vision_platform\ads\hard_negative_mining\batch_full_40\crops\hn_000050.png,vision_platform\ads\hard_negative_mining\batch_full_40\crops\hn_000050.png,ads,crop,candidate_crop,raw,non_action_target,
vision_platform\ads\pilot\action_classifier_v2\dataset\images\ads_action_v2_00903_not_close_asset_15eafa6f6d0ede04.png,not_close,reviewed,batch_full_40,asset_15eafa6f6d0ede04,vision_platform\ads\hard_negative_mining,candidate_crop,non_action_target,,,,,file_6b28e8dbfb3d1d07,asset_15eafa6f6d0ede04,D:\Projects\adb_vl\vision_platform\ads\hard_negative_mining\batch_full_40\crops\hn_000051.png,vision_platform\ads\hard_negative_mining\batch_full_40\crops\hn_000051.png,ads,crop,candidate_crop,raw,non_action_target,
vision_platform\ads\pilot\action_classifier_v2\dataset\images\ads_action_v2_00904_not_close_asset_d3d58bb31753cc34.png,not_close,reviewed,batch_full_40,asset_d3d58bb31753cc34,vision_platform\ads\hard_negative_mining,candidate_crop,non_action_target,,,,,file_b52d69a3d921718b,asset_d3d58bb31753cc34,D:\Projects\adb_vl\vision_platform\ads\hard_negative_mining\batch_full_40\crops\hn_000052.png,vision_platform\ads\hard_negative_mining\batch_full_40\crops\hn_000052.png,ads,crop,candidate_crop,raw,non_action_target,
vision_platform\ads\pilot\action_classifier_v2\dataset\images\ads_action_v2_00905_not_close_asset_f3cb07eb8f4577f4.png,not_close,reviewed,batch_full_40,asset_f3cb07eb8f4577f4,vision_platform\ads\hard_negative_mining,candidate_crop,non_action_target,,,,,file_c65845975a91f6d1,asset_f3cb07eb8f4577f4,D:\Projects\adb_vl\vision_platform\ads\hard_negative_mining\batch_full_40\crops\hn_000053.png,vision_platform\ads\hard_negative_mining\batch_full_40\crops\hn_000053.png,ads,crop,candidate_crop,raw,non_action_target,
vision_platform\ads\pilot\action_classifier_v2\dataset\images\ads_action_v2_00906_not_close_asset_7dbafd1f3c70387c.png,not_close,reviewed,batch_full_40,asset_7dbafd1f3c70387c,vision_platform\ads\hard_negative_mining,candidate_crop,non_action_target,,,,,file_5e05141bb19e9630,asset_7dbafd1f3c70387c,D:\Projects\adb_vl\vision_platform\ads\hard_negative_mining\batch_full_40\crops\hn_000054.png,vision_platform\ads\hard_negative_mining\batch_full_40\crops\hn_000054.png,ads,crop,candidate_crop,raw,non_action_target,
vision_platform\ads\pilot\action_classifier_v2\dataset\images\ads_action_v2_00907_not_close_asset_b12a5682aa09c91e.png,not_close,reviewed,batch_full_40,asset_b12a5682aa09c91e,vision_platform\ads\hard_negative_mining,candidate_crop,non_action_target,,,,,file_a66010528012e6e7,asset_b12a5682aa09c91e,D:\Projects\adb_vl\vision_platform\ads\hard_negative_mining\batch_full_40\crops\hn_000055.png,vision_platform\ads\hard_negative_mining\batch_full_40\crops\hn_000055.png,ads,crop,candidate_crop,raw,non_action_target,
vision_platform\ads\pilot\action_classifier_v2\dataset\images\ads_action_v2_00908_not_close_asset_8c262e1166404354.png,not_close,reviewed,batch_full_40,asset_8c262e1166404354,vision_platform\ads\hard_negative_mining,candidate_crop,non_action_target,,,,,file_2ce182aa3a08a9d4,asset_8c262e1166404354,D:\Projects\adb_vl\vision_platform\ads\hard_negative_mining\batch_full_40\crops\hn_000056.png,vision_platform\ads\hard_negative_mining\batch_full_40\crops\hn_000056.png,ads,crop,candidate_crop,raw,non_action_target,
vision_platform\ads\pilot\action_classifier_v2\dataset\images\ads_action_v2_00909_not_close_asset_1b7294ee603b113e.png,not_close,reviewed,batch_full_40,asset_1b7294ee603b113e,vision_platform\ads\hard_negative_mining,candidate_crop,non_action_target,,,,,file_978000a36efc5bef,asset_1b7294ee603b113e,D:\Projects\adb_vl\vision_platform\ads\hard_negative_mining\batch_full_40\crops\hn_000057.png,vision_platform\ads\hard_negative_mining\batch_full_40\crops\hn_000057.png,ads,crop,candidate_crop,raw,non_action_target,
vision_platform\ads\pilot\action_classifier_v2\dataset\images\ads_action_v2_00910_not_close_asset_b12a5682aa09c91e.png,not_close,reviewed,batch_full_40,asset_b12a5682aa09c91e,vision_platform\ads\hard_negative_mining,candidate_crop,non_action_target,,,,,file_5251f321b783aa7d,asset_b12a5682aa09c91e,D:\Projects\adb_vl\vision_platform\ads\hard_negative_mining\batch_full_40\crops\hn_000058.png,vision_platform\ads\hard_negative_mining\batch_full_40\crops\hn_000058.png,ads,crop,candidate_crop,raw,non_action_target,
vision_platform\ads\pilot\action_classifier_v2\dataset\images\ads_action_v2_00911_not_close_asset_8c262e1166404354.png,not_close,reviewed,batch_full_40,asset_8c262e1166404354,vision_platform\ads\hard_negative_mining,candidate_crop,non_action_target,,,,,file_a03ccd1dd3a1f04c,asset_8c262e1166404354,D:\Projects\adb_vl\vision_platform\ads\hard_negative_mining\batch_full_40\crops\hn_000059.png,vision_platform\ads\hard_negative_mining\batch_full_40\crops\hn_000059.png,ads,crop,candidate_crop,raw,non_action_target,
vision_platform\ads\pilot\action_classifier_v2\dataset\images\ads_action_v2_00912_not_close_asset_1b7294ee603b113e.png,not_close,reviewed,batch_full_40,asset_1b7294ee603b113e,vision_platform\ads\hard_negative_mining,candidate_crop,non_action_target,,,,,file_3b06f828c999f667,asset_1b7294ee603b113e,D:\Projects\adb_vl\vision_platform\ads\hard_negative_mining\batch_full_40\crops\hn_000060.png,vision_platform\ads\hard_negative_mining\batch_full_40\crops\hn_000060.png,ads,crop,candidate_crop,raw,non_action_target,
vision_platform\ads\pilot\action_classifier_v2\dataset\images\ads_action_v2_00913_not_close_asset_b12a5682aa09c91e.png,not_close,reviewed,batch_full_40,asset_b12a5682aa09c91e,vision_platform\ads\hard_negative_mining,candidate_crop,non_action_target,,,,,file_3ea34ccdfe59eabd,asset_b12a5682aa09c91e,D:\Projects\adb_vl\vision_platform\ads\hard_negative_mining\batch_full_40\crops\hn_000061.png,vision_platform\ads\hard_negative_mining\batch_full_40\crops\hn_000061.png,ads,crop,candidate_crop,raw,non_action_target,
vision_platform\ads\pilot\action_classifier_v2\dataset\images\ads_action_v2_00914_not_close_asset_8c262e1166404354.png,not_close,reviewed,batch_full_40,asset_8c262e1166404354,vision_platform\ads\hard_negative_mining,candidate_crop,non_action_target,,,,,file_ec775fdd9346715d,asset_8c262e1166404354,D:\Projects\adb_vl\vision_platform\ads\hard_negative_mining\batch_full_40\crops\hn_000062.png,vision_platform\ads\hard_negative_mining\batch_full_40\crops\hn_000062.png,ads,crop,candidate_crop,raw,non_action_target,
vision_platform\ads\pilot\action_classifier_v2\dataset\images\ads_action_v2_00915_not_close_asset_1b7294ee603b113e.png,not_close,reviewed,batch_full_40,asset_1b7294ee603b113e,vision_platform\ads\hard_negative_mining,candidate_crop,non_action_target,,,,,file_64c82b9d6ef9a71e,asset_1b7294ee603b113e,D:\Projects\adb_vl\vision_platform\ads\hard_negative_mining\batch_full_40\crops\hn_000063.png,vision_platform\ads\hard_negative_mining\batch_full_40\crops\hn_000063.png,ads,crop,candidate_crop,raw,non_action_target,
vision_platform\ads\pilot\action_classifier_v2\dataset\images\ads_action_v2_00916_not_close_asset_b12a5682aa09c91e.png,not_close,reviewed,batch_full_40,asset_b12a5682aa09c91e,vision_platform\ads\hard_negative_mining,candidate_crop,non_action_target,,,,,file_c1b4bc907c111e6d,asset_b12a5682aa09c91e,D:\Projects\adb_vl\vision_platform\ads\hard_negative_mining\batch_full_40\crops\hn_000064.png,vision_platform\ads\hard_negative_mining\batch_full_40\crops\hn_000064.png,ads,crop,candidate_crop,raw,non_action_target,
vision_platform\ads\pilot\action_classifier_v2\dataset\images\ads_action_v2_00917_not_close_asset_8c262e1166404354.png,not_close,reviewed,batch_full_40,asset_8c262e1166404354,vision_platform\ads\hard_negative_mining,candidate_crop,non_action_target,,,,,file_ddd8e47c063b99e7,asset_8c262e1166404354,D:\Projects\adb_vl\vision_platform\ads\hard_negative_mining\batch_full_40\crops\hn_000065.png,vision_platform\ads\hard_negative_mining\batch_full_40\crops\hn_000065.png,ads,crop,candidate_crop,raw,non_action_target,
vision_platform\ads\pilot\action_classifier_v2\dataset\images\ads_action_v2_00918_not_close_asset_1b7294ee603b113e.png,not_close,reviewed,batch_full_40,asset_1b7294ee603b113e,vision_platform\ads\hard_negative_mining,candidate_crop,non_action_target,,,,,file_8fd2bf7791ba6c31,asset_1b7294ee603b113e,D:\Projects\adb_vl\vision_platform\ads\hard_negative_mining\batch_full_40\crops\hn_000066.png,vision_platform\ads\hard_negative_mining\batch_full_40\crops\hn_000066.png,ads,crop,candidate_crop,raw,non_action_target,
vision_platform\ads\pilot\action_classifier_v2\dataset\images\ads_action_v2_00919_not_close_asset_b12a5682aa09c91e.png,not_close,reviewed,batch_full_40,asset_b12a5682aa09c91e,vision_platform\ads\hard_negative_mining,candidate_crop,non_action_target,,,,,file_9781e24a98b0b07b,asset_b12a5682aa09c91e,D:\Projects\adb_vl\vision_platform\ads\hard_negative_mining\batch_full_40\crops\hn_000067.png,vision_platform\ads\hard_negative_mining\batch_full_40\crops\hn_000067.png,ads,crop,candidate_crop,raw,non_action_target,
vision_platform\ads\pilot\action_classifier_v2\dataset\images\ads_action_v2_00920_not_close_asset_ec162651eac5be89.png,not_close,reviewed,batch_full_40,asset_ec162651eac5be89,vision_platform\ads\hard_negative_mining,candidate_crop,non_action_target,,,,,file_522dbcb3befd7e3e,asset_ec162651eac5be89,D:\Projects\adb_vl\vision_platform\ads\hard_negative_mining\batch_full_40\crops\hn_000068.png,vision_platform\ads\hard_negative_mining\batch_full_40\crops\hn_000068.png,ads,crop,candidate_crop,raw,non_action_target,
vision_platform\ads\pilot\action_classifier_v2\dataset\images\ads_action_v2_00921_not_close_asset_8c262e1166404354.png,not_close,reviewed,batch_full_40,asset_8c262e1166404354,vision_platform\ads\hard_negative_mining,candidate_crop,non_action_target,,,,,file_4c030ecf961d339a,asset_8c262e1166404354,D:\Projects\adb_vl\vision_platform\ads\hard_negative_mining\batch_full_40\crops\hn_000069.png,vision_platform\ads\hard_negative_mining\batch_full_40\crops\hn_000069.png,ads,crop,candidate_crop,raw,non_action_target,
vision_platform\ads\pilot\action_classifier_v2\dataset\images\ads_action_v2_00922_not_close_asset_1b7294ee603b113e.png,not_close,reviewed,batch_full_40,asset_1b7294ee603b113e,vision_platform\ads\hard_negative_mining,candidate_crop,non_action_target,,,,,file_8f580b9005e01f00,asset_1b7294ee603b113e,D:\Projects\adb_vl\vision_platform\ads\hard_negative_mining\batch_full_40\crops\hn_000070.png,vision_platform\ads\hard_negative_mining\batch_full_40\crops\hn_000070.png,ads,crop,candidate_crop,raw,non_action_target,
vision_platform\ads\pilot\action_classifier_v2\dataset\images\ads_action_v2_00923_not_close_asset_b12a5682aa09c91e.png,not_close,reviewed,batch_full_40,asset_b12a5682aa09c91e,vision_platform\ads\hard_negative_mining,candidate_crop,non_action_target,,,,,file_cecc2bfda6f3a4dc,asset_b12a5682aa09c91e,D:\Projects\adb_vl\vision_platform\ads\hard_negative_mining\batch_full_40\crops\hn_000071.png,vision_platform\ads\hard_negative_mining\batch_full_40\crops\hn_000071.png,ads,crop,candidate_crop,raw,non_action_target,
vision_platform\ads\pilot\action_classifier_v2\dataset\images\ads_action_v2_00924_not_close_asset_ec162651eac5be89.png,not_close,reviewed,batch_full_40,asset_ec162651eac5be89,vision_platform\ads\hard_negative_mining,candidate_crop,non_action_target,,,,,file_71c14892fc32a6ba,asset_ec162651eac5be89,D:\Projects\adb_vl\vision_platform\ads\hard_negative_mining\batch_full_40\crops\hn_000072.png,vision_platform\ads\hard_negative_mining\batch_full_40\crops\hn_000072.png,ads,crop,candidate_crop,raw,non_action_target,
vision_platform\ads\pilot\action_classifier_v2\dataset\images\ads_action_v2_00925_not_close_asset_8c262e1166404354.png,not_close,reviewed,batch_full_40,asset_8c262e1166404354,vision_platform\ads\hard_negative_mining,candidate_crop,non_action_target,,,,,file_2952bab12067174e,asset_8c262e1166404354,D:\Projects\adb_vl\vision_platform\ads\hard_negative_mining\batch_full_40\crops\hn_000073.png,vision_platform\ads\hard_negative_mining\batch_full_40\crops\hn_000073.png,ads,crop,candidate_crop,raw,non_action_target,
vision_platform\ads\pilot\action_classifier_v2\dataset\images\ads_action_v2_00926_not_close_asset_1b7294ee603b113e.png,not_close,reviewed,batch_full_40,asset_1b7294ee603b113e,vision_platform\ads\hard_negative_mining,candidate_crop,non_action_target,,,,,file_f169aab72fe4a3aa,asset_1b7294ee603b113e,D:\Projects\adb_vl\vision_platform\ads\hard_negative_mining\batch_full_40\crops\hn_000074.png,vision_platform\ads\hard_negative_mining\batch_full_40\crops\hn_000074.png,ads,crop,candidate_crop,raw,non_action_target,
vision_platform\ads\pilot\action_classifier_v2\dataset\images\ads_action_v2_00927_not_close_asset_b12a5682aa09c91e.png,not_close,reviewed,batch_full_40,asset_b12a5682aa09c91e,vision_platform\ads\hard_negative_mining,candidate_crop,non_action_target,,,,,file_bebec3e65d2114bb,asset_b12a5682aa09c91e,D:\Projects\adb_vl\vision_platform\ads\hard_negative_mining\batch_full_40\crops\hn_000075.png,vision_platform\ads\hard_negative_mining\batch_full_40\crops\hn_000075.png,ads,crop,candidate_crop,raw,non_action_target,
vision_platform\ads\pilot\action_classifier_v2\dataset\images\ads_action_v2_00928_not_close_asset_bb4b02cf564b91a0.png,not_close,reviewed,batch_full_40,asset_bb4b02cf564b91a0,vision_platform\ads\hard_negative_mining,candidate_crop,non_action_target,,,,,file_d2943b7fd296a115,asset_bb4b02cf564b91a0,D:\Projects\adb_vl\vision_platform\ads\hard_negative_mining\batch_full_40\crops\hn_000076.png,vision_platform\ads\hard_negative_mining\batch_full_40\crops\hn_000076.png,ads,crop,candidate_crop,raw,non_action_target,
vision_platform\ads\pilot\action_classifier_v2\dataset\images\ads_action_v2_00929_not_close_asset_8c262e1166404354.png,not_close,reviewed,batch_full_40,asset_8c262e1166404354,vision_platform\ads\hard_negative_mining,candidate_crop,non_action_target,,,,,file_44c914f4a5fdb9d2,asset_8c262e1166404354,D:\Projects\adb_vl\vision_platform\ads\hard_negative_mining\batch_full_40\crops\hn_000077.png,vision_platform\ads\hard_negative_mining\batch_full_40\crops\hn_000077.png,ads,crop,candidate_crop,raw,non_action_target,
vision_platform\ads\pilot\action_classifier_v2\dataset\images\ads_action_v2_00930_not_close_asset_1b7294ee603b113e.png,not_close,reviewed,batch_full_40,asset_1b7294ee603b113e,vision_platform\ads\hard_negative_mining,candidate_crop,non_action_target,,,,,file_cd44f14132c8c0be,asset_1b7294ee603b113e,D:\Projects\adb_vl\vision_platform\ads\hard_negative_mining\batch_full_40\crops\hn_000078.png,vision_platform\ads\hard_negative_mining\batch_full_40\crops\hn_000078.png,ads,crop,candidate_crop,raw,non_action_target,
vision_platform\ads\pilot\action_classifier_v2\dataset\images\ads_action_v2_00931_not_close_asset_b12a5682aa09c91e.png,not_close,reviewed,batch_full_40,asset_b12a5682aa09c91e,vision_platform\ads\hard_negative_mining,candidate_crop,non_action_target,,,,,file_b861d4dda763c562,asset_b12a5682aa09c91e,D:\Projects\adb_vl\vision_platform\ads\hard_negative_mining\batch_full_40\crops\hn_000079.png,vision_platform\ads\hard_negative_mining\batch_full_40\crops\hn_000079.png,ads,crop,candidate_crop,raw,non_action_target,
vision_platform\ads\pilot\action_classifier_v2\dataset\images\ads_action_v2_00932_not_close_asset_bb4b02cf564b91a0.png,not_close,reviewed,batch_full_40,asset_bb4b02cf564b91a0,vision_platform\ads\hard_negative_mining,candidate_crop,non_action_target,,,,,file_1f27d26601921423,asset_bb4b02cf564b91a0,D:\Projects\adb_vl\vision_platform\ads\hard_negative_mining\batch_full_40\crops\hn_000080.png,vision_platform\ads\hard_negative_mining\batch_full_40\crops\hn_000080.png,ads,crop,candidate_crop,raw,non_action_target,
vision_platform\ads\pilot\action_classifier_v2\dataset\images\ads_action_v2_00933_not_close_asset_8c262e1166404354.png,not_close,reviewed,batch_full_40,asset_8c262e1166404354,vision_platform\ads\hard_negative_mining,candidate_crop,non_action_target,,,,,file_4ed23123dde054ba,asset_8c262e1166404354,D:\Projects\adb_vl\vision_platform\ads\hard_negative_mining\batch_full_40\crops\hn_000081.png,vision_platform\ads\hard_negative_mining\batch_full_40\crops\hn_000081.png,ads,crop,candidate_crop,raw,non_action_target,
vision_platform\ads\pilot\action_classifier_v2\dataset\images\ads_action_v2_00934_not_close_asset_1b7294ee603b113e.png,not_close,reviewed,batch_full_40,asset_1b7294ee603b113e,vision_platform\ads\hard_negative_mining,candidate_crop,non_action_target,,,,,file_2f1773f763e4c5a3,asset_1b7294ee603b113e,D:\Projects\adb_vl\vision_platform\ads\hard_negative_mining\batch_full_40\crops\hn_000082.png,vision_platform\ads\hard_negative_mining\batch_full_40\crops\hn_000082.png,ads,crop,candidate_crop,raw,non_action_target,
vision_platform\ads\pilot\action_classifier_v2\dataset\images\ads_action_v2_00935_not_close_asset_174aee514009a28f.png,not_close,reviewed,batch_full_40,asset_174aee514009a28f,vision_platform\ads\hard_negative_mining,candidate_crop,non_action_target,,,,,file_66c03da13872c402,asset_174aee514009a28f,D:\Projects\adb_vl\vision_platform\ads\hard_negative_mining\batch_full_40\crops\hn_000083.png,vision_platform\ads\hard_negative_mining\batch_full_40\crops\hn_000083.png,ads,crop,candidate_crop,raw,non_action_target,
vision_platform\ads\pilot\action_classifier_v2\dataset\images\ads_action_v2_00936_not_close_asset_837bff722f31b610.png,not_close,reviewed,batch_full_40,asset_837bff722f31b610,vision_platform\ads\hard_negative_mining,candidate_crop,non_action_target,,,,,file_de52e1044467dd93,asset_837bff722f31b610,D:\Projects\adb_vl\vision_platform\ads\hard_negative_mining\batch_full_40\crops\hn_000084.png,vision_platform\ads\hard_negative_mining\batch_full_40\crops\hn_000084.png,ads,crop,candidate_crop,raw,non_action_target,
vision_platform\ads\pilot\action_classifier_v2\dataset\images\ads_action_v2_00937_not_close_asset_b12a5682aa09c91e.png,not_close,reviewed,batch_full_40,asset_b12a5682aa09c91e,vision_platform\ads\hard_negative_mining,candidate_crop,non_action_target,,,,,file_cfcf5774011b72b1,asset_b12a5682aa09c91e,D:\Projects\adb_vl\vision_platform\ads\hard_negative_mining\batch_full_40\crops\hn_000085.png,vision_platform\ads\hard_negative_mining\batch_full_40\crops\hn_000085.png,ads,crop,candidate_crop,raw,non_action_target,
vision_platform\ads\pilot\action_classifier_v2\dataset\images\ads_action_v2_00938_not_close_asset_8c262e1166404354.png,not_close,reviewed,batch_full_40,asset_8c262e1166404354,vision_platform\ads\hard_negative_mining,candidate_crop,non_action_target,,,,,file_51143fc443a04ab9,asset_8c262e1166404354,D:\Projects\adb_vl\vision_platform\ads\hard_negative_mining\batch_full_40\crops\hn_000086.png,vision_platform\ads\hard_negative_mining\batch_full_40\crops\hn_000086.png,ads,crop,candidate_crop,raw,non_action_target,
vision_platform\ads\pilot\action_classifier_v2\dataset\images\ads_action_v2_00939_not_close_asset_1b7294ee603b113e.png,not_close,reviewed,batch_full_40,asset_1b7294ee603b113e,vision_platform\ads\hard_negative_mining,candidate_crop,non_action_target,,,,,file_3b90324767fa617a,asset_1b7294ee603b113e,D:\Projects\adb_vl\vision_platform\ads\hard_negative_mining\batch_full_40\crops\hn_000087.png,vision_platform\ads\hard_negative_mining\batch_full_40\crops\hn_000087.png,ads,crop,candidate_crop,raw,non_action_target,
vision_platform\ads\pilot\action_classifier_v2\dataset\images\ads_action_v2_00940_not_close_asset_e8ac08fad72b20fe.png,not_close,reviewed,batch_full_40,asset_e8ac08fad72b20fe,vision_platform\ads\hard_negative_mining,candidate_crop,non_action_target,,,,,file_47b8027c802d252a,asset_e8ac08fad72b20fe,D:\Projects\adb_vl\vision_platform\ads\hard_negative_mining\batch_full_40\crops\hn_000088.png,vision_platform\ads\hard_negative_mining\batch_full_40\crops\hn_000088.png,ads,crop,candidate_crop,raw,non_action_target,
vision_platform\ads\pilot\action_classifier_v2\dataset\images\ads_action_v2_00941_not_close_asset_174aee514009a28f.png,not_close,reviewed,batch_full_40,asset_174aee514009a28f,vision_platform\ads\hard_negative_mining,candidate_crop,non_action_target,,,,,file_10777b6c702fe069,asset_174aee514009a28f,D:\Projects\adb_vl\vision_platform\ads\hard_negative_mining\batch_full_40\crops\hn_000089.png,vision_platform\ads\hard_negative_mining\batch_full_40\crops\hn_000089.png,ads,crop,candidate_crop,raw,non_action_target,
vision_platform\ads\pilot\action_classifier_v2\dataset\images\ads_action_v2_00942_not_close_asset_837bff722f31b610.png,not_close,reviewed,batch_full_40,asset_837bff722f31b610,vision_platform\ads\hard_negative_mining,candidate_crop,non_action_target,,,,,file_0dd370518a7e0524,asset_837bff722f31b610,D:\Projects\adb_vl\vision_platform\ads\hard_negative_mining\batch_full_40\crops\hn_000090.png,vision_platform\ads\hard_negative_mining\batch_full_40\crops\hn_000090.png,ads,crop,candidate_crop,raw,non_action_target,
vision_platform\ads\pilot\action_classifier_v2\dataset\images\ads_action_v2_00943_not_close_asset_b12a5682aa09c91e.png,not_close,reviewed,batch_full_40,asset_b12a5682aa09c91e,vision_platform\ads\hard_negative_mining,candidate_crop,non_action_target,,,,,file_6f3756513952a6a5,asset_b12a5682aa09c91e,D:\Projects\adb_vl\vision_platform\ads\hard_negative_mining\batch_full_40\crops\hn_000091.png,vision_platform\ads\hard_negative_mining\batch_full_40\crops\hn_000091.png,ads,crop,candidate_crop,raw,non_action_target,
vision_platform\ads\pilot\action_classifier_v2\dataset\images\ads_action_v2_00944_not_close_asset_8c262e1166404354.png,not_close,reviewed,batch_full_40,asset_8c262e1166404354,vision_platform\ads\hard_negative_mining,candidate_crop,non_action_target,,,,,file_860bdfb9c89661dc,asset_8c262e1166404354,D:\Projects\adb_vl\vision_platform\ads\hard_negative_mining\batch_full_40\crops\hn_000092.png,vision_platform\ads\hard_negative_mining\batch_full_40\crops\hn_000092.png,ads,crop,candidate_crop,raw,non_action_target,
vision_platform\ads\pilot\action_classifier_v2\dataset\images\ads_action_v2_00945_not_close_asset_1b7294ee603b113e.png,not_close,reviewed,batch_full_40,asset_1b7294ee603b113e,vision_platform\ads\hard_negative_mining,candidate_crop,non_action_target,,,,,file_edc699d093187217,asset_1b7294ee603b113e,D:\Projects\adb_vl\vision_platform\ads\hard_negative_mining\batch_full_40\crops\hn_000093.png,vision_platform\ads\hard_negative_mining\batch_full_40\crops\hn_000093.png,ads,crop,candidate_crop,raw,non_action_target,
vision_platform\ads\pilot\action_classifier_v2\dataset\images\ads_action_v2_00946_not_close_asset_e8ac08fad72b20fe.png,not_close,reviewed,batch_full_40,asset_e8ac08fad72b20fe,vision_platform\ads\hard_negative_mining,candidate_crop,non_action_target,,,,,file_55c3d4156d348d41,asset_e8ac08fad72b20fe,D:\Projects\adb_vl\vision_platform\ads\hard_negative_mining\batch_full_40\crops\hn_000094.png,vision_platform\ads\hard_negative_mining\batch_full_40\crops\hn_000094.png,ads,crop,candidate_crop,raw,non_action_target,
vision_platform\ads\pilot\action_classifier_v2\dataset\images\ads_action_v2_00947_not_close_asset_f14eaa139fee0700.png,not_close,reviewed,batch_full_40,asset_f14eaa139fee0700,vision_platform\ads\hard_negative_mining,candidate_crop,non_action_target,,,,,file_402f0c971360603c,asset_f14eaa139fee0700,D:\Projects\adb_vl\vision_platform\ads\hard_negative_mining\batch_full_40\crops\hn_000095.png,vision_platform\ads\hard_negative_mining\batch_full_40\crops\hn_000095.png,ads,crop,candidate_crop,raw,non_action_target,
vision_platform\ads\pilot\action_classifier_v2\dataset\images\ads_action_v2_00948_not_close_asset_f2a64e7a54229a2f.png,not_close,reviewed,batch_full_40,asset_f2a64e7a54229a2f,vision_platform\ads\hard_negative_mining,candidate_crop,non_action_target,,,,,file_7784cd4386f8f869,asset_f2a64e7a54229a2f,D:\Projects\adb_vl\vision_platform\ads\hard_negative_mining\batch_full_40\crops\hn_000096.png,vision_platform\ads\hard_negative_mining\batch_full_40\crops\hn_000096.png,ads,crop,candidate_crop,raw,non_action_target,
vision_platform\ads\pilot\action_classifier_v2\dataset\images\ads_action_v2_00949_not_close_asset_3923391b1d1e587f.png,not_close,reviewed,batch_full_40,asset_3923391b1d1e587f,vision_platform\ads\hard_negative_mining,candidate_crop,non_action_target,,,,,file_b31b910a92dbf29f,asset_3923391b1d1e587f,D:\Projects\adb_vl\vision_platform\ads\hard_negative_mining\batch_full_40\crops\hn_000097.png,vision_platform\ads\hard_negative_mining\batch_full_40\crops\hn_000097.png,ads,crop,candidate_crop,raw,non_action_target,
vision_platform\ads\pilot\action_classifier_v2\dataset\images\ads_action_v2_00950_not_close_asset_e6942eb5f668e9d2.png,not_close,reviewed,batch_full_40,asset_e6942eb5f668e9d2,vision_platform\ads\hard_negative_mining,candidate_crop,non_action_target,,,,,file_9234a74364d81073,asset_e6942eb5f668e9d2,D:\Projects\adb_vl\vision_platform\ads\hard_negative_mining\batch_full_40\crops\hn_000098.png,vision_platform\ads\hard_negative_mining\batch_full_40\crops\hn_000098.png,ads,crop,candidate_crop,raw,non_action_target,
vision_platform\ads\pilot\action_classifier_v2\dataset\images\ads_action_v2_00951_not_close_asset_61ace4d4577f3ed5.png,not_close,reviewed,batch_full_40,asset_61ace4d4577f3ed5,vision_platform\ads\hard_negative_mining,candidate_crop,non_action_target,,,,,file_eab38a080162d864,asset_61ace4d4577f3ed5,D:\Projects\adb_vl\vision_platform\ads\hard_negative_mining\batch_full_40\crops\hn_000099.png,vision_platform\ads\hard_negative_mining\batch_full_40\crops\hn_000099.png,ads,crop,candidate_crop,raw,non_action_target,
vision_platform\ads\pilot\action_classifier_v2\dataset\images\ads_action_v2_00952_not_close_asset_43fe88c6c4bce1c6.png,not_close,reviewed,batch_full_40,asset_43fe88c6c4bce1c6,vision_platform\ads\hard_negative_mining,candidate_crop,non_action_target,,,,,file_9cfe203f139c0d7e,asset_43fe88c6c4bce1c6,D:\Projects\adb_vl\vision_platform\ads\hard_negative_mining\batch_full_40\crops\hn_000100.png,vision_platform\ads\hard_negative_mining\batch_full_40\crops\hn_000100.png,ads,crop,candidate_crop,raw,non_action_target,
vision_platform\ads\pilot\action_classifier_v2\dataset\images\ads_action_v2_00953_not_close_asset_bcdf8f34d4b084e9.png,not_close,reviewed,batch_full_40,asset_bcdf8f34d4b084e9,vision_platform\ads\hard_negative_mining,candidate_crop,non_action_target,,,,,file_c26488b6358fa061,asset_bcdf8f34d4b084e9,D:\Projects\adb_vl\vision_platform\ads\hard_negative_mining\batch_full_40\crops\hn_000101.png,vision_platform\ads\hard_negative_mining\batch_full_40\crops\hn_000101.png,ads,crop,candidate_crop,raw,non_action_target,
vision_platform\ads\pilot\action_classifier_v2\dataset\images\ads_action_v2_00954_not_close_asset_9a21504bfdc8a637.png,not_close,reviewed,batch_full_40,asset_9a21504bfdc8a637,vision_platform\ads\hard_negative_mining,candidate_crop,non_action_target,,,,,file_c7e3335e800bf5b4,asset_9a21504bfdc8a637,D:\Projects\adb_vl\vision_platform\ads\hard_negative_mining\batch_full_40\crops\hn_000102.png,vision_platform\ads\hard_negative_mining\batch_full_40\crops\hn_000102.png,ads,crop,candidate_crop,raw,non_action_target,
vision_platform\ads\pilot\action_classifier_v2\dataset\images\ads_action_v2_00955_not_close_asset_f14eaa139fee0700.png,not_close,reviewed,batch_full_40,asset_f14eaa139fee0700,vision_platform\ads\hard_negative_mining,candidate_crop,non_action_target,,,,,file_c7e2b1952fe9ad84,asset_f14eaa139fee0700,D:\Projects\adb_vl\vision_platform\ads\hard_negative_mining\batch_full_40\crops\hn_000103.png,vision_platform\ads\hard_negative_mining\batch_full_40\crops\hn_000103.png,ads,crop,candidate_crop,raw,non_action_target,
vision_platform\ads\pilot\action_classifier_v2\dataset\images\ads_action_v2_00956_not_close_asset_f2a64e7a54229a2f.png,not_close,reviewed,batch_full_40,asset_f2a64e7a54229a2f,vision_platform\ads\hard_negative_mining,candidate_crop,non_action_target,,,,,file_86f2c81b729a3980,asset_f2a64e7a54229a2f,D:\Projects\adb_vl\vision_platform\ads\hard_negative_mining\batch_full_40\crops\hn_000104.png,vision_platform\ads\hard_negative_mining\batch_full_40\crops\hn_000104.png,ads,crop,candidate_crop,raw,non_action_target,
vision_platform\ads\pilot\action_classifier_v2\dataset\images\ads_action_v2_00957_not_close_asset_3923391b1d1e587f.png,not_close,reviewed,batch_full_40,asset_3923391b1d1e587f,vision_platform\ads\hard_negative_mining,candidate_crop,non_action_target,,,,,file_af2945fc37cc004c,asset_3923391b1d1e587f,D:\Projects\adb_vl\vision_platform\ads\hard_negative_mining\batch_full_40\crops\hn_000105.png,vision_platform\ads\hard_negative_mining\batch_full_40\crops\hn_000105.png,ads,crop,candidate_crop,raw,non_action_target,
vision_platform\ads\pilot\action_classifier_v2\dataset\images\ads_action_v2_00958_not_close_asset_e6942eb5f668e9d2.png,not_close,reviewed,batch_full_40,asset_e6942eb5f668e9d2,vision_platform\ads\hard_negative_mining,candidate_crop,non_action_target,,,,,file_251987d36d73fdb6,asset_e6942eb5f668e9d2,D:\Projects\adb_vl\vision_platform\ads\hard_negative_mining\batch_full_40\crops\hn_000106.png,vision_platform\ads\hard_negative_mining\batch_full_40\crops\hn_000106.png,ads,crop,candidate_crop,raw,non_action_target,
vision_platform\ads\pilot\action_classifier_v2\dataset\images\ads_action_v2_00959_not_close_asset_61ace4d4577f3ed5.png,not_close,reviewed,batch_full_40,asset_61ace4d4577f3ed5,vision_platform\ads\hard_negative_mining,candidate_crop,non_action_target,,,,,file_ffeec083d0f42073,asset_61ace4d4577f3ed5,D:\Projects\adb_vl\vision_platform\ads\hard_negative_mining\batch_full_40\crops\hn_000107.png,vision_platform\ads\hard_negative_mining\batch_full_40\crops\hn_000107.png,ads,crop,candidate_crop,raw,non_action_target,
vision_platform\ads\pilot\action_classifier_v2\dataset\images\ads_action_v2_00960_not_close_asset_43fe88c6c4bce1c6.png,not_close,reviewed,batch_full_40,asset_43fe88c6c4bce1c6,vision_platform\ads\hard_negative_mining,candidate_crop,non_action_target,,,,,file_0372a35157e585b2,asset_43fe88c6c4bce1c6,D:\Projects\adb_vl\vision_platform\ads\hard_negative_mining\batch_full_40\crops\hn_000108.png,vision_platform\ads\hard_negative_mining\batch_full_40\crops\hn_000108.png,ads,crop,candidate_crop,raw,non_action_target,
vision_platform\ads\pilot\action_classifier_v2\dataset\images\ads_action_v2_00961_not_close_asset_bcdf8f34d4b084e9.png,not_close,reviewed,batch_full_40,asset_bcdf8f34d4b084e9,vision_platform\ads\hard_negative_mining,candidate_crop,non_action_target,,,,,file_1845f72b54731691,asset_bcdf8f34d4b084e9,D:\Projects\adb_vl\vision_platform\ads\hard_negative_mining\batch_full_40\crops\hn_000109.png,vision_platform\ads\hard_negative_mining\batch_full_40\crops\hn_000109.png,ads,crop,candidate_crop,raw,non_action_target,
vision_platform\ads\pilot\action_classifier_v2\dataset\images\ads_action_v2_00962_not_close_asset_9a21504bfdc8a637.png,not_close,reviewed,batch_full_40,asset_9a21504bfdc8a637,vision_platform\ads\hard_negative_mining,candidate_crop,non_action_target,,,,,file_b843ba37e2f67902,asset_9a21504bfdc8a637,D:\Projects\adb_vl\vision_platform\ads\hard_negative_mining\batch_full_40\crops\hn_000110.png,vision_platform\ads\hard_negative_mining\batch_full_40\crops\hn_000110.png,ads,crop,candidate_crop,raw,non_action_target,
vision_platform\ads\pilot\action_classifier_v2\dataset\images\ads_action_v2_00963_not_close_asset_f14eaa139fee0700.png,not_close,reviewed,batch_full_40,asset_f14eaa139fee0700,vision_platform\ads\hard_negative_mining,candidate_crop,non_action_target,,,,,file_2ea80da03447aec5,asset_f14eaa139fee0700,D:\Projects\adb_vl\vision_platform\ads\hard_negative_mining\batch_full_40\crops\hn_000111.png,vision_platform\ads\hard_negative_mining\batch_full_40\crops\hn_000111.png,ads,crop,candidate_crop,raw,non_action_target,
vision_platform\ads\pilot\action_classifier_v2\dataset\images\ads_action_v2_00964_not_close_asset_f2a64e7a54229a2f.png,not_close,reviewed,batch_full_40,asset_f2a64e7a54229a2f,vision_platform\ads\hard_negative_mining,candidate_crop,non_action_target,,,,,file_7a5bc82595f59899,asset_f2a64e7a54229a2f,D:\Projects\adb_vl\vision_platform\ads\hard_negative_mining\batch_full_40\crops\hn_000112.png,vision_platform\ads\hard_negative_mining\batch_full_40\crops\hn_000112.png,ads,crop,candidate_crop,raw,non_action_target,
vision_platform\ads\pilot\action_classifier_v2\dataset\images\ads_action_v2_00965_not_close_asset_3923391b1d1e587f.png,not_close,reviewed,batch_full_40,asset_3923391b1d1e587f,vision_platform\ads\hard_negative_mining,candidate_crop,non_action_target,,,,,file_deb9d3c58e039973,asset_3923391b1d1e587f,D:\Projects\adb_vl\vision_platform\ads\hard_negative_mining\batch_full_40\crops\hn_000113.png,vision_platform\ads\hard_negative_mining\batch_full_40\crops\hn_000113.png,ads,crop,candidate_crop,raw,non_action_target,
vision_platform\ads\pilot\action_classifier_v2\dataset\images\ads_action_v2_00966_not_close_asset_e6942eb5f668e9d2.png,not_close,reviewed,batch_full_40,asset_e6942eb5f668e9d2,vision_platform\ads\hard_negative_mining,candidate_crop,non_action_target,,,,,file_e288258a76c49d6a,asset_e6942eb5f668e9d2,D:\Projects\adb_vl\vision_platform\ads\hard_negative_mining\batch_full_40\crops\hn_000114.png,vision_platform\ads\hard_negative_mining\batch_full_40\crops\hn_000114.png,ads,crop,candidate_crop,raw,non_action_target,
vision_platform\ads\pilot\action_classifier_v2\dataset\images\ads_action_v2_00967_not_close_asset_61ace4d4577f3ed5.png,not_close,reviewed,batch_full_40,asset_61ace4d4577f3ed5,vision_platform\ads\hard_negative_mining,candidate_crop,non_action_target,,,,,file_88ecd12d3afcff5a,asset_61ace4d4577f3ed5,D:\Projects\adb_vl\vision_platform\ads\hard_negative_mining\batch_full_40\crops\hn_000115.png,vision_platform\ads\hard_negative_mining\batch_full_40\crops\hn_000115.png,ads,crop,candidate_crop,raw,non_action_target,
vision_platform\ads\pilot\action_classifier_v2\dataset\images\ads_action_v2_00968_not_close_asset_43fe88c6c4bce1c6.png,not_close,reviewed,batch_full_40,asset_43fe88c6c4bce1c6,vision_platform\ads\hard_negative_mining,candidate_crop,non_action_target,,,,,file_bdc370c2713702fa,asset_43fe88c6c4bce1c6,D:\Projects\adb_vl\vision_platform\ads\hard_negative_mining\batch_full_40\crops\hn_000116.png,vision_platform\ads\hard_negative_mining\batch_full_40\crops\hn_000116.png,ads,crop,candidate_crop,raw,non_action_target,
vision_platform\ads\pilot\action_classifier_v2\dataset\images\ads_action_v2_00969_not_close_asset_bcdf8f34d4b084e9.png,not_close,reviewed,batch_full_40,asset_bcdf8f34d4b084e9,vision_platform\ads\hard_negative_mining,candidate_crop,non_action_target,,,,,file_8474d70aad83e39e,asset_bcdf8f34d4b084e9,D:\Projects\adb_vl\vision_platform\ads\hard_negative_mining\batch_full_40\crops\hn_000117.png,vision_platform\ads\hard_negative_mining\batch_full_40\crops\hn_000117.png,ads,crop,candidate_crop,raw,non_action_target,
vision_platform\ads\pilot\action_classifier_v2\dataset\images\ads_action_v2_00970_not_close_asset_9a21504bfdc8a637.png,not_close,reviewed,batch_full_40,asset_9a21504bfdc8a637,vision_platform\ads\hard_negative_mining,candidate_crop,non_action_target,,,,,file_0c61138da27f6498,asset_9a21504bfdc8a637,D:\Projects\adb_vl\vision_platform\ads\hard_negative_mining\batch_full_40\crops\hn_000118.png,vision_platform\ads\hard_negative_mining\batch_full_40\crops\hn_000118.png,ads,crop,candidate_crop,raw,non_action_target,
vision_platform\ads\pilot\action_classifier_v2\dataset\images\ads_action_v2_00971_not_close_asset_f14eaa139fee0700.png,not_close,reviewed,batch_full_40,asset_f14eaa139fee0700,vision_platform\ads\hard_negative_mining,candidate_crop,non_action_target,,,,,file_b239ae3aaeca3c28,asset_f14eaa139fee0700,D:\Projects\adb_vl\vision_platform\ads\hard_negative_mining\batch_full_40\crops\hn_000119.png,vision_platform\ads\hard_negative_mining\batch_full_40\crops\hn_000119.png,ads,crop,candidate_crop,raw,non_action_target,
vision_platform\ads\pilot\action_classifier_v2\dataset\images\ads_action_v2_00972_not_close_asset_f2a64e7a54229a2f.png,not_close,reviewed,batch_full_40,asset_f2a64e7a54229a2f,vision_platform\ads\hard_negative_mining,candidate_crop,non_action_target,,,,,file_d2e85031876a0c81,asset_f2a64e7a54229a2f,D:\Projects\adb_vl\vision_platform\ads\hard_negative_mining\batch_full_40\crops\hn_000120.png,vision_platform\ads\hard_negative_mining\batch_full_40\crops\hn_000120.png,ads,crop,candidate_crop,raw,non_action_target,
vision_platform\ads\pilot\action_classifier_v2\dataset\images\ads_action_v2_00973_not_close_asset_3923391b1d1e587f.png,not_close,reviewed,batch_full_40,asset_3923391b1d1e587f,vision_platform\ads\hard_negative_mining,candidate_crop,non_action_target,,,,,file_5388b29229d303f4,asset_3923391b1d1e587f,D:\Projects\adb_vl\vision_platform\ads\hard_negative_mining\batch_full_40\crops\hn_000121.png,vision_platform\ads\hard_negative_mining\batch_full_40\crops\hn_000121.png,ads,crop,candidate_crop,raw,non_action_target,
vision_platform\ads\pilot\action_classifier_v2\dataset\images\ads_action_v2_00974_not_close_asset_e6942eb5f668e9d2.png,not_close,reviewed,batch_full_40,asset_e6942eb5f668e9d2,vision_platform\ads\hard_negative_mining,candidate_crop,non_action_target,,,,,file_244f918f0099d3ff,asset_e6942eb5f668e9d2,D:\Projects\adb_vl\vision_platform\ads\hard_negative_mining\batch_full_40\crops\hn_000122.png,vision_platform\ads\hard_negative_mining\batch_full_40\crops\hn_000122.png,ads,crop,candidate_crop,raw,non_action_target,
vision_platform\ads\pilot\action_classifier_v2\dataset\images\ads_action_v2_00975_not_close_asset_61ace4d4577f3ed5.png,not_close,reviewed,batch_full_40,asset_61ace4d4577f3ed5,vision_platform\ads\hard_negative_mining,candidate_crop,non_action_target,,,,,file_0ca0019645421514,asset_61ace4d4577f3ed5,D:\Projects\adb_vl\vision_platform\ads\hard_negative_mining\batch_full_40\crops\hn_000123.png,vision_platform\ads\hard_negative_mining\batch_full_40\crops\hn_000123.png,ads,crop,candidate_crop,raw,non_action_target,
vision_platform\ads\pilot\action_classifier_v2\dataset\images\ads_action_v2_00976_not_close_asset_43fe88c6c4bce1c6.png,not_close,reviewed,batch_full_40,asset_43fe88c6c4bce1c6,vision_platform\ads\hard_negative_mining,candidate_crop,non_action_target,,,,,file_820efc5d234263d5,asset_43fe88c6c4bce1c6,D:\Projects\adb_vl\vision_platform\ads\hard_negative_mining\batch_full_40\crops\hn_000124.png,vision_platform\ads\hard_negative_mining\batch_full_40\crops\hn_000124.png,ads,crop,candidate_crop,raw,non_action_target,
vision_platform\ads\pilot\action_classifier_v2\dataset\images\ads_action_v2_00977_not_close_asset_bcdf8f34d4b084e9.png,not_close,reviewed,batch_full_40,asset_bcdf8f34d4b084e9,vision_platform\ads\hard_negative_mining,candidate_crop,non_action_target,,,,,file_d5fc3ad01cb436ad,asset_bcdf8f34d4b084e9,D:\Projects\adb_vl\vision_platform\ads\hard_negative_mining\batch_full_40\crops\hn_000125.png,vision_platform\ads\hard_negative_mining\batch_full_40\crops\hn_000125.png,ads,crop,candidate_crop,raw,non_action_target,
vision_platform\ads\pilot\action_classifier_v2\dataset\images\ads_action_v2_00978_not_close_asset_9a21504bfdc8a637.png,not_close,reviewed,batch_full_40,asset_9a21504bfdc8a637,vision_platform\ads\hard_negative_mining,candidate_crop,non_action_target,,,,,file_a0b39b17ff2e09ef,asset_9a21504bfdc8a637,D:\Projects\adb_vl\vision_platform\ads\hard_negative_mining\batch_full_40\crops\hn_000126.png,vision_platform\ads\hard_negative_mining\batch_full_40\crops\hn_000126.png,ads,crop,candidate_crop,raw,non_action_target,
vision_platform\ads\pilot\action_classifier_v2\dataset\images\ads_action_v2_00979_not_close_asset_2dd12bfcf07023a6.png,not_close,reviewed,batch_full_40,asset_2dd12bfcf07023a6,vision_platform\ads\hard_negative_mining,candidate_crop,non_action_target,,,,,file_4a7f5590d72004cb,asset_2dd12bfcf07023a6,D:\Projects\adb_vl\vision_platform\ads\hard_negative_mining\batch_full_40\crops\hn_000127.png,vision_platform\ads\hard_negative_mining\batch_full_40\crops\hn_000127.png,ads,crop,candidate_crop,raw,non_action_target,
vision_platform\ads\pilot\action_classifier_v2\dataset\images\ads_action_v2_00980_not_close_asset_51ac9c7f114cd623.png,not_close,reviewed,batch_full_40,asset_51ac9c7f114cd623,vision_platform\ads\hard_negative_mining,candidate_crop,non_action_target,,,,,file_5c4196aadb33b9d2,asset_51ac9c7f114cd623,D:\Projects\adb_vl\vision_platform\ads\hard_negative_mining\batch_full_40\crops\hn_000128.png,vision_platform\ads\hard_negative_mining\batch_full_40\crops\hn_000128.png,ads,crop,candidate_crop,raw,non_action_target,
vision_platform\ads\pilot\action_classifier_v2\dataset\images\ads_action_v2_00981_not_close_asset_d30b5d3b349008b2.png,not_close,reviewed,batch_full_40,asset_d30b5d3b349008b2,vision_platform\ads\hard_negative_mining,candidate_crop,non_action_target,,,,,file_d68cb41e177bf13f,asset_d30b5d3b349008b2,D:\Projects\adb_vl\vision_platform\ads\hard_negative_mining\batch_full_40\crops\hn_000129.png,vision_platform\ads\hard_negative_mining\batch_full_40\crops\hn_000129.png,ads,crop,candidate_crop,raw,non_action_target,
vision_platform\ads\pilot\action_classifier_v2\dataset\images\ads_action_v2_00982_not_close_asset_1fcd71d7d284530d.png,not_close,reviewed,batch_full_40,asset_1fcd71d7d284530d,vision_platform\ads\hard_negative_mining,candidate_crop,non_action_target,,,,,file_59040d86b0842833,asset_1fcd71d7d284530d,D:\Projects\adb_vl\vision_platform\ads\hard_negative_mining\batch_full_40\crops\hn_000130.png,vision_platform\ads\hard_negative_mining\batch_full_40\crops\hn_000130.png,ads,crop,candidate_crop,raw,non_action_target,
vision_platform\ads\pilot\action_classifier_v2\dataset\images\ads_action_v2_00983_not_close_asset_2dd12bfcf07023a6.png,not_close,reviewed,batch_full_40,asset_2dd12bfcf07023a6,vision_platform\ads\hard_negative_mining,candidate_crop,non_action_target,,,,,file_9009aed90311b083,asset_2dd12bfcf07023a6,D:\Projects\adb_vl\vision_platform\ads\hard_negative_mining\batch_full_40\crops\hn_000131.png,vision_platform\ads\hard_negative_mining\batch_full_40\crops\hn_000131.png,ads,crop,candidate_crop,raw,non_action_target,
vision_platform\ads\pilot\action_classifier_v2\dataset\images\ads_action_v2_00984_not_close_asset_51ac9c7f114cd623.png,not_close,reviewed,batch_full_40,asset_51ac9c7f114cd623,vision_platform\ads\hard_negative_mining,candidate_crop,non_action_target,,,,,file_dd58eb36b13d861a,asset_51ac9c7f114cd623,D:\Projects\adb_vl\vision_platform\ads\hard_negative_mining\batch_full_40\crops\hn_000132.png,vision_platform\ads\hard_negative_mining\batch_full_40\crops\hn_000132.png,ads,crop,candidate_crop,raw,non_action_target,
vision_platform\ads\pilot\action_classifier_v2\dataset\images\ads_action_v2_00985_not_close_asset_d30b5d3b349008b2.png,not_close,reviewed,batch_full_40,asset_d30b5d3b349008b2,vision_platform\ads\hard_negative_mining,candidate_crop,non_action_target,,,,,file_eac18d3230928905,asset_d30b5d3b349008b2,D:\Projects\adb_vl\vision_platform\ads\hard_negative_mining\batch_full_40\crops\hn_000133.png,vision_platform\ads\hard_negative_mining\batch_full_40\crops\hn_000133.png,ads,crop,candidate_crop,raw,non_action_target,
vision_platform\ads\pilot\action_classifier_v2\dataset\images\ads_action_v2_00986_not_close_asset_1fcd71d7d284530d.png,not_close,reviewed,batch_full_40,asset_1fcd71d7d284530d,vision_platform\ads\hard_negative_mining,candidate_crop,non_action_target,,,,,file_7d093b9aee3793a4,asset_1fcd71d7d284530d,D:\Projects\adb_vl\vision_platform\ads\hard_negative_mining\batch_full_40\crops\hn_000134.png,vision_platform\ads\hard_negative_mining\batch_full_40\crops\hn_000134.png,ads,crop,candidate_crop,raw,non_action_target,
vision_platform\ads\pilot\action_classifier_v2\dataset\images\ads_action_v2_00987_not_close_asset_2dd12bfcf07023a6.png,not_close,reviewed,batch_full_40,asset_2dd12bfcf07023a6,vision_platform\ads\hard_negative_mining,candidate_crop,non_action_target,,,,,file_7cb4f1585308a4ba,asset_2dd12bfcf07023a6,D:\Projects\adb_vl\vision_platform\ads\hard_negative_mining\batch_full_40\crops\hn_000135.png,vision_platform\ads\hard_negative_mining\batch_full_40\crops\hn_000135.png,ads,crop,candidate_crop,raw,non_action_target,
vision_platform\ads\pilot\action_classifier_v2\dataset\images\ads_action_v2_00988_not_close_asset_51ac9c7f114cd623.png,not_close,reviewed,batch_full_40,asset_51ac9c7f114cd623,vision_platform\ads\hard_negative_mining,candidate_crop,non_action_target,,,,,file_16d20e07af11ea67,asset_51ac9c7f114cd623,D:\Projects\adb_vl\vision_platform\ads\hard_negative_mining\batch_full_40\crops\hn_000136.png,vision_platform\ads\hard_negative_mining\batch_full_40\crops\hn_000136.png,ads,crop,candidate_crop,raw,non_action_target,
vision_platform\ads\pilot\action_classifier_v2\dataset\images\ads_action_v2_00989_not_close_asset_d30b5d3b349008b2.png,not_close,reviewed,batch_full_40,asset_d30b5d3b349008b2,vision_platform\ads\hard_negative_mining,candidate_crop,non_action_target,,,,,file_a6973f4362ee45aa,asset_d30b5d3b349008b2,D:\Projects\adb_vl\vision_platform\ads\hard_negative_mining\batch_full_40\crops\hn_000137.png,vision_platform\ads\hard_negative_mining\batch_full_40\crops\hn_000137.png,ads,crop,candidate_crop,raw,non_action_target,
vision_platform\ads\pilot\action_classifier_v2\dataset\images\ads_action_v2_00990_not_close_asset_1fcd71d7d284530d.png,not_close,reviewed,batch_full_40,asset_1fcd71d7d284530d,vision_platform\ads\hard_negative_mining,candidate_crop,non_action_target,,,,,file_7aaf9dda3bbe528c,asset_1fcd71d7d284530d,D:\Projects\adb_vl\vision_platform\ads\hard_negative_mining\batch_full_40\crops\hn_000138.png,vision_platform\ads\hard_negative_mining\batch_full_40\crops\hn_000138.png,ads,crop,candidate_crop,raw,non_action_target,
vision_platform\ads\pilot\action_classifier_v2\dataset\images\ads_action_v2_00991_not_close_asset_2dd12bfcf07023a6.png,not_close,reviewed,batch_full_40,asset_2dd12bfcf07023a6,vision_platform\ads\hard_negative_mining,candidate_crop,non_action_target,,,,,file_e60fd43edd24ce53,asset_2dd12bfcf07023a6,D:\Projects\adb_vl\vision_platform\ads\hard_negative_mining\batch_full_40\crops\hn_000139.png,vision_platform\ads\hard_negative_mining\batch_full_40\crops\hn_000139.png,ads,crop,candidate_crop,raw,non_action_target,
vision_platform\ads\pilot\action_classifier_v2\dataset\images\ads_action_v2_00992_not_close_asset_51ac9c7f114cd623.png,not_close,reviewed,batch_full_40,asset_51ac9c7f114cd623,vision_platform\ads\hard_negative_mining,candidate_crop,non_action_target,,,,,file_52e1fc938084f2ce,asset_51ac9c7f114cd623,D:\Projects\adb_vl\vision_platform\ads\hard_negative_mining\batch_full_40\crops\hn_000140.png,vision_platform\ads\hard_negative_mining\batch_full_40\crops\hn_000140.png,ads,crop,candidate_crop,raw,non_action_target,
vision_platform\ads\pilot\action_classifier_v2\dataset\images\ads_action_v2_00993_not_close_asset_d30b5d3b349008b2.png,not_close,reviewed,batch_full_40,asset_d30b5d3b349008b2,vision_platform\ads\hard_negative_mining,candidate_crop,non_action_target,,,,,file_25cda106ccb9eb55,asset_d30b5d3b349008b2,D:\Projects\adb_vl\vision_platform\ads\hard_negative_mining\batch_full_40\crops\hn_000141.png,vision_platform\ads\hard_negative_mining\batch_full_40\crops\hn_000141.png,ads,crop,candidate_crop,raw,non_action_target,
vision_platform\ads\pilot\action_classifier_v2\dataset\images\ads_action_v2_00994_not_close_asset_1fcd71d7d284530d.png,not_close,reviewed,batch_full_40,asset_1fcd71d7d284530d,vision_platform\ads\hard_negative_mining,candidate_crop,non_action_target,,,,,file_9c145ba4664279ed,asset_1fcd71d7d284530d,D:\Projects\adb_vl\vision_platform\ads\hard_negative_mining\batch_full_40\crops\hn_000142.png,vision_platform\ads\hard_negative_mining\batch_full_40\crops\hn_000142.png,ads,crop,candidate_crop,raw,non_action_target,
vision_platform\ads\pilot\action_classifier_v2\dataset\images\ads_action_v2_00995_not_close_asset_2dd12bfcf07023a6.png,not_close,reviewed,batch_full_40,asset_2dd12bfcf07023a6,vision_platform\ads\hard_negative_mining,candidate_crop,non_action_target,,,,,file_e7a81b692c6b0f40,asset_2dd12bfcf07023a6,D:\Projects\adb_vl\vision_platform\ads\hard_negative_mining\batch_full_40\crops\hn_000143.png,vision_platform\ads\hard_negative_mining\batch_full_40\crops\hn_000143.png,ads,crop,candidate_crop,raw,non_action_target,
vision_platform\ads\pilot\action_classifier_v2\dataset\images\ads_action_v2_00996_not_close_asset_51ac9c7f114cd623.png,not_close,reviewed,batch_full_40,asset_51ac9c7f114cd623,vision_platform\ads\hard_negative_mining,candidate_crop,non_action_target,,,,,file_e97b527ac7113369,asset_51ac9c7f114cd623,D:\Projects\adb_vl\vision_platform\ads\hard_negative_mining\batch_full_40\crops\hn_000144.png,vision_platform\ads\hard_negative_mining\batch_full_40\crops\hn_000144.png,ads,crop,candidate_crop,raw,non_action_target,
vision_platform\ads\pilot\action_classifier_v2\dataset\images\ads_action_v2_00997_not_close_asset_d30b5d3b349008b2.png,not_close,reviewed,batch_full_40,asset_d30b5d3b349008b2,vision_platform\ads\hard_negative_mining,candidate_crop,non_action_target,,,,,file_1c02831050177edd,asset_d30b5d3b349008b2,D:\Projects\adb_vl\vision_platform\ads\hard_negative_mining\batch_full_40\crops\hn_000145.png,vision_platform\ads\hard_negative_mining\batch_full_40\crops\hn_000145.png,ads,crop,candidate_crop,raw,non_action_target,
vision_platform\ads\pilot\action_classifier_v2\dataset\images\ads_action_v2_00998_not_close_asset_1fcd71d7d284530d.png,not_close,reviewed,batch_full_40,asset_1fcd71d7d284530d,vision_platform\ads\hard_negative_mining,candidate_crop,non_action_target,,,,,file_e2ca179651f56b18,asset_1fcd71d7d284530d,D:\Projects\adb_vl\vision_platform\ads\hard_negative_mining\batch_full_40\crops\hn_000146.png,vision_platform\ads\hard_negative_mining\batch_full_40\crops\hn_000146.png,ads,crop,candidate_crop,raw,non_action_target,
vision_platform\ads\pilot\action_classifier_v2\dataset\images\ads_action_v2_00999_not_close_asset_2dd12bfcf07023a6.png,not_close,reviewed,batch_full_40,asset_2dd12bfcf07023a6,vision_platform\ads\hard_negative_mining,candidate_crop,non_action_target,,,,,file_6c8036be84704735,asset_2dd12bfcf07023a6,D:\Projects\adb_vl\vision_platform\ads\hard_negative_mining\batch_full_40\crops\hn_000147.png,vision_platform\ads\hard_negative_mining\batch_full_40\crops\hn_000147.png,ads,crop,candidate_crop,raw,non_action_target,
vision_platform\ads\pilot\action_classifier_v2\dataset\images\ads_action_v2_01000_not_close_asset_51ac9c7f114cd623.png,not_close,reviewed,batch_full_40,asset_51ac9c7f114cd623,vision_platform\ads\hard_negative_mining,candidate_crop,non_action_target,,,,,file_1648dbab0e2d1321,asset_51ac9c7f114cd623,D:\Projects\adb_vl\vision_platform\ads\hard_negative_mining\batch_full_40\crops\hn_000148.png,vision_platform\ads\hard_negative_mining\batch_full_40\crops\hn_000148.png,ads,crop,candidate_crop,raw,non_action_target,
vision_platform\ads\pilot\action_classifier_v2\dataset\images\ads_action_v2_01001_not_close_asset_d30b5d3b349008b2.png,not_close,reviewed,batch_full_40,asset_d30b5d3b349008b2,vision_platform\ads\hard_negative_mining,candidate_crop,non_action_target,,,,,file_56178d7dbd5d444a,asset_d30b5d3b349008b2,D:\Projects\adb_vl\vision_platform\ads\hard_negative_mining\batch_full_40\crops\hn_000149.png,vision_platform\ads\hard_negative_mining\batch_full_40\crops\hn_000149.png,ads,crop,candidate_crop,raw,non_action_target,
vision_platform\ads\pilot\action_classifier_v2\dataset\images\ads_action_v2_01002_not_close_asset_1fcd71d7d284530d.png,not_close,reviewed,batch_full_40,asset_1fcd71d7d284530d,vision_platform\ads\hard_negative_mining,candidate_crop,non_action_target,,,,,file_65161a36ad918e57,asset_1fcd71d7d284530d,D:\Projects\adb_vl\vision_platform\ads\hard_negative_mining\batch_full_40\crops\hn_000150.png,vision_platform\ads\hard_negative_mining\batch_full_40\crops\hn_000150.png,ads,crop,candidate_crop,raw,non_action_target,
vision_platform\ads\pilot\action_classifier_v2\dataset\images\ads_action_v2_01003_not_close_asset_505dc525203b5c2d.png,not_close,reviewed,batch_full_40,asset_505dc525203b5c2d,vision_platform\ads\hard_negative_mining,candidate_crop,non_action_target,,,,,file_21101268232955d5,asset_505dc525203b5c2d,D:\Projects\adb_vl\vision_platform\ads\hard_negative_mining\batch_full_40\crops\hn_000151.png,vision_platform\ads\hard_negative_mining\batch_full_40\crops\hn_000151.png,ads,crop,candidate_crop,raw,non_action_target,
vision_platform\ads\pilot\action_classifier_v2\dataset\images\ads_action_v2_01004_not_close_asset_505dc525203b5c2d.png,not_close,reviewed,batch_full_40,asset_505dc525203b5c2d,vision_platform\ads\hard_negative_mining,candidate_crop,non_action_target,,,,,file_5c4ec856b33afb2a,asset_505dc525203b5c2d,D:\Projects\adb_vl\vision_platform\ads\hard_negative_mining\batch_full_40\crops\hn_000152.png,vision_platform\ads\hard_negative_mining\batch_full_40\crops\hn_000152.png,ads,crop,candidate_crop,raw,non_action_target,
vision_platform\ads\pilot\action_classifier_v2\dataset\images\ads_action_v2_01005_not_close_asset_b11bd236a49a8aef.png,not_close,reviewed,batch_full_40,asset_b11bd236a49a8aef,vision_platform\ads\hard_negative_mining,candidate_crop,non_action_target,,,,,file_851cc9a3f7427b07,asset_b11bd236a49a8aef,D:\Projects\adb_vl\vision_platform\ads\hard_negative_mining\batch_full_40\crops\hn_000153.png,vision_platform\ads\hard_negative_mining\batch_full_40\crops\hn_000153.png,ads,crop,candidate_crop,raw,non_action_target,
vision_platform\ads\pilot\action_classifier_v2\dataset\images\ads_action_v2_01006_not_close_asset_e3c0d48aa2618c3a.png,not_close,reviewed,batch_full_40,asset_e3c0d48aa2618c3a,vision_platform\ads\hard_negative_mining,candidate_crop,non_action_target,,,,,file_d42602d2f2d420d1,asset_e3c0d48aa2618c3a,D:\Projects\adb_vl\vision_platform\ads\hard_negative_mining\batch_full_40\crops\hn_000154.png,vision_platform\ads\hard_negative_mining\batch_full_40\crops\hn_000154.png,ads,crop,candidate_crop,raw,non_action_target,
vision_platform\ads\pilot\action_classifier_v2\dataset\images\ads_action_v2_01007_not_close_asset_0484d75c3ab7de13.png,not_close,reviewed,batch_full_40,asset_0484d75c3ab7de13,vision_platform\ads\hard_negative_mining,candidate_crop,non_action_target,,,,,file_6c2fc02914286858,asset_0484d75c3ab7de13,D:\Projects\adb_vl\vision_platform\ads\hard_negative_mining\batch_full_40\crops\hn_000155.png,vision_platform\ads\hard_negative_mining\batch_full_40\crops\hn_000155.png,ads,crop,candidate_crop,raw,non_action_target,
vision_platform\ads\pilot\action_classifier_v2\dataset\images\ads_action_v2_01008_not_close_asset_d2399a87090a92c0.png,not_close,reviewed,batch_full_40,asset_d2399a87090a92c0,vision_platform\ads\hard_negative_mining,candidate_crop,non_action_target,,,,,file_af40da61b74c318c,asset_d2399a87090a92c0,D:\Projects\adb_vl\vision_platform\ads\hard_negative_mining\batch_full_40\crops\hn_000156.png,vision_platform\ads\hard_negative_mining\batch_full_40\crops\hn_000156.png,ads,crop,candidate_crop,raw,non_action_target,
vision_platform\ads\pilot\action_classifier_v2\dataset\images\ads_action_v2_01009_not_close_asset_629df8034a49a412.png,not_close,reviewed,batch_full_40,asset_629df8034a49a412,vision_platform\ads\hard_negative_mining,candidate_crop,non_action_target,,,,,file_1c1b324964acefd7,asset_629df8034a49a412,D:\Projects\adb_vl\vision_platform\ads\hard_negative_mining\batch_full_40\crops\hn_000157.png,vision_platform\ads\hard_negative_mining\batch_full_40\crops\hn_000157.png,ads,crop,candidate_crop,raw,non_action_target,
vision_platform\ads\pilot\action_classifier_v2\dataset\images\ads_action_v2_01010_not_close_asset_2810ab1fe8d79b9a.png,not_close,reviewed,batch_full_40,asset_2810ab1fe8d79b9a,vision_platform\ads\hard_negative_mining,candidate_crop,non_action_target,,,,,file_9ff1f5f0e1c80dc8,asset_2810ab1fe8d79b9a,D:\Projects\adb_vl\vision_platform\ads\hard_negative_mining\batch_full_40\crops\hn_000158.png,vision_platform\ads\hard_negative_mining\batch_full_40\crops\hn_000158.png,ads,crop,candidate_crop,raw,non_action_target,
vision_platform\ads\pilot\action_classifier_v2\dataset\images\ads_action_v2_01011_not_close_asset_4a4e5f6e92faf280.png,not_close,reviewed,batch_full_40,asset_4a4e5f6e92faf280,vision_platform\ads\hard_negative_mining,candidate_crop,non_action_target,,,,,file_e89c648afb84d7e6,asset_4a4e5f6e92faf280,D:\Projects\adb_vl\vision_platform\ads\hard_negative_mining\batch_full_40\crops\hn_000159.png,vision_platform\ads\hard_negative_mining\batch_full_40\crops\hn_000159.png,ads,crop,candidate_crop,raw,non_action_target,
vision_platform\ads\pilot\action_classifier_v2\dataset\images\ads_action_v2_01012_not_close_asset_5a9b1ded37fe9835.png,not_close,reviewed,batch_full_40,asset_5a9b1ded37fe9835,vision_platform\ads\hard_negative_mining,candidate_crop,non_action_target,,,,,file_89c7e0980b3d7fd2,asset_5a9b1ded37fe9835,D:\Projects\adb_vl\vision_platform\ads\hard_negative_mining\batch_full_40\crops\hn_000160.png,vision_platform\ads\hard_negative_mining\batch_full_40\crops\hn_000160.png,ads,crop,candidate_crop,raw,non_action_target,
vision_platform\ads\pilot\action_classifier_v2\dataset\images\ads_action_v2_01013_not_close_asset_b11bd236a49a8aef.png,not_close,reviewed,batch_full_40,asset_b11bd236a49a8aef,vision_platform\ads\hard_negative_mining,candidate_crop,non_action_target,,,,,file_a5767bcc922c72e3,asset_b11bd236a49a8aef,D:\Projects\adb_vl\vision_platform\ads\hard_negative_mining\batch_full_40\crops\hn_000161.png,vision_platform\ads\hard_negative_mining\batch_full_40\crops\hn_000161.png,ads,crop,candidate_crop,raw,non_action_target,
vision_platform\ads\pilot\action_classifier_v2\dataset\images\ads_action_v2_01014_not_close_asset_e3c0d48aa2618c3a.png,not_close,reviewed,batch_full_40,asset_e3c0d48aa2618c3a,vision_platform\ads\hard_negative_mining,candidate_crop,non_action_target,,,,,file_6d11901b999c6c56,asset_e3c0d48aa2618c3a,D:\Projects\adb_vl\vision_platform\ads\hard_negative_mining\batch_full_40\crops\hn_000162.png,vision_platform\ads\hard_negative_mining\batch_full_40\crops\hn_000162.png,ads,crop,candidate_crop,raw,non_action_target,
vision_platform\ads\pilot\action_classifier_v2\dataset\images\ads_action_v2_01015_not_close_asset_0484d75c3ab7de13.png,not_close,reviewed,batch_full_40,asset_0484d75c3ab7de13,vision_platform\ads\hard_negative_mining,candidate_crop,non_action_target,,,,,file_19412a3b44d77afc,asset_0484d75c3ab7de13,D:\Projects\adb_vl\vision_platform\ads\hard_negative_mining\batch_full_40\crops\hn_000163.png,vision_platform\ads\hard_negative_mining\batch_full_40\crops\hn_000163.png,ads,crop,candidate_crop,raw,non_action_target,
vision_platform\ads\pilot\action_classifier_v2\dataset\images\ads_action_v2_01016_not_close_asset_d2399a87090a92c0.png,not_close,reviewed,batch_full_40,asset_d2399a87090a92c0,vision_platform\ads\hard_negative_mining,candidate_crop,non_action_target,,,,,file_3aa3207c7c37063a,asset_d2399a87090a92c0,D:\Projects\adb_vl\vision_platform\ads\hard_negative_mining\batch_full_40\crops\hn_000164.png,vision_platform\ads\hard_negative_mining\batch_full_40\crops\hn_000164.png,ads,crop,candidate_crop,raw,non_action_target,
vision_platform\ads\pilot\action_classifier_v2\dataset\images\ads_action_v2_01017_not_close_asset_629df8034a49a412.png,not_close,reviewed,batch_full_40,asset_629df8034a49a412,vision_platform\ads\hard_negative_mining,candidate_crop,non_action_target,,,,,file_1baddfc741bb84a0,asset_629df8034a49a412,D:\Projects\adb_vl\vision_platform\ads\hard_negative_mining\batch_full_40\crops\hn_000165.png,vision_platform\ads\hard_negative_mining\batch_full_40\crops\hn_000165.png,ads,crop,candidate_crop,raw,non_action_target,
vision_platform\ads\pilot\action_classifier_v2\dataset\images\ads_action_v2_01018_not_close_asset_2810ab1fe8d79b9a.png,not_close,reviewed,batch_full_40,asset_2810ab1fe8d79b9a,vision_platform\ads\hard_negative_mining,candidate_crop,non_action_target,,,,,file_2d6fd867f01fbb3e,asset_2810ab1fe8d79b9a,D:\Projects\adb_vl\vision_platform\ads\hard_negative_mining\batch_full_40\crops\hn_000166.png,vision_platform\ads\hard_negative_mining\batch_full_40\crops\hn_000166.png,ads,crop,candidate_crop,raw,non_action_target,
vision_platform\ads\pilot\action_classifier_v2\dataset\images\ads_action_v2_01019_not_close_asset_4a4e5f6e92faf280.png,not_close,reviewed,batch_full_40,asset_4a4e5f6e92faf280,vision_platform\ads\hard_negative_mining,candidate_crop,non_action_target,,,,,file_bed19e7ad38c2ceb,asset_4a4e5f6e92faf280,D:\Projects\adb_vl\vision_platform\ads\hard_negative_mining\batch_full_40\crops\hn_000167.png,vision_platform\ads\hard_negative_mining\batch_full_40\crops\hn_000167.png,ads,crop,candidate_crop,raw,non_action_target,
vision_platform\ads\pilot\action_classifier_v2\dataset\images\ads_action_v2_01020_not_close_asset_5a9b1ded37fe9835.png,not_close,reviewed,batch_full_40,asset_5a9b1ded37fe9835,vision_platform\ads\hard_negative_mining,candidate_crop,non_action_target,,,,,file_5a3f3b91493cff65,asset_5a9b1ded37fe9835,D:\Projects\adb_vl\vision_platform\ads\hard_negative_mining\batch_full_40\crops\hn_000168.png,vision_platform\ads\hard_negative_mining\batch_full_40\crops\hn_000168.png,ads,crop,candidate_crop,raw,non_action_target,
vision_platform\ads\pilot\action_classifier_v2\dataset\images\ads_action_v2_01021_not_close_asset_b11bd236a49a8aef.png,not_close,reviewed,batch_full_40,asset_b11bd236a49a8aef,vision_platform\ads\hard_negative_mining,candidate_crop,non_action_target,,,,,file_fbdfc3c5a1423ff7,asset_b11bd236a49a8aef,D:\Projects\adb_vl\vision_platform\ads\hard_negative_mining\batch_full_40\crops\hn_000169.png,vision_platform\ads\hard_negative_mining\batch_full_40\crops\hn_000169.png,ads,crop,candidate_crop,raw,non_action_target,
vision_platform\ads\pilot\action_classifier_v2\dataset\images\ads_action_v2_01022_not_close_asset_e3c0d48aa2618c3a.png,not_close,reviewed,batch_full_40,asset_e3c0d48aa2618c3a,vision_platform\ads\hard_negative_mining,candidate_crop,non_action_target,,,,,file_92d2892699244ebc,asset_e3c0d48aa2618c3a,D:\Projects\adb_vl\vision_platform\ads\hard_negative_mining\batch_full_40\crops\hn_000170.png,vision_platform\ads\hard_negative_mining\batch_full_40\crops\hn_000170.png,ads,crop,candidate_crop,raw,non_action_target,
vision_platform\ads\pilot\action_classifier_v2\dataset\images\ads_action_v2_01023_not_close_asset_0484d75c3ab7de13.png,not_close,reviewed,batch_full_40,asset_0484d75c3ab7de13,vision_platform\ads\hard_negative_mining,candidate_crop,non_action_target,,,,,file_5d7118ed1fe48fb4,asset_0484d75c3ab7de13,D:\Projects\adb_vl\vision_platform\ads\hard_negative_mining\batch_full_40\crops\hn_000171.png,vision_platform\ads\hard_negative_mining\batch_full_40\crops\hn_000171.png,ads,crop,candidate_crop,raw,non_action_target,
vision_platform\ads\pilot\action_classifier_v2\dataset\images\ads_action_v2_01024_not_close_asset_115e85acfe681724.png,not_close,reviewed,batch_full_40,asset_115e85acfe681724,vision_platform\ads\hard_negative_mining,candidate_crop,non_action_target,,,,,file_c3df59e92ef7bf55,asset_115e85acfe681724,D:\Projects\adb_vl\vision_platform\ads\hard_negative_mining\batch_full_40\crops\hn_000172.png,vision_platform\ads\hard_negative_mining\batch_full_40\crops\hn_000172.png,ads,crop,candidate_crop,raw,non_action_target,
vision_platform\ads\pilot\action_classifier_v2\dataset\images\ads_action_v2_01025_not_close_asset_9d58288c3f8df317.png,not_close,reviewed,batch_full_40,asset_9d58288c3f8df317,vision_platform\ads\hard_negative_mining,candidate_crop,non_action_target,,,,,file_f0b1f455ec48af9a,asset_9d58288c3f8df317,D:\Projects\adb_vl\vision_platform\ads\hard_negative_mining\batch_full_40\crops\hn_000173.png,vision_platform\ads\hard_negative_mining\batch_full_40\crops\hn_000173.png,ads,crop,candidate_crop,raw,non_action_target,
vision_platform\ads\pilot\action_classifier_v2\dataset\images\ads_action_v2_01026_not_close_asset_2810ab1fe8d79b9a.png,not_close,reviewed,batch_full_40,asset_2810ab1fe8d79b9a,vision_platform\ads\hard_negative_mining,candidate_crop,non_action_target,,,,,file_3d645ba010423bf3,asset_2810ab1fe8d79b9a,D:\Projects\adb_vl\vision_platform\ads\hard_negative_mining\batch_full_40\crops\hn_000174.png,vision_platform\ads\hard_negative_mining\batch_full_40\crops\hn_000174.png,ads,crop,candidate_crop,raw,non_action_target,
vision_platform\ads\pilot\action_classifier_v2\dataset\images\ads_action_v2_01027_not_close_asset_4a4e5f6e92faf280.png,not_close,reviewed,batch_full_40,asset_4a4e5f6e92faf280,vision_platform\ads\hard_negative_mining,candidate_crop,non_action_target,,,,,file_a330bf1ce3eda0d0,asset_4a4e5f6e92faf280,D:\Projects\adb_vl\vision_platform\ads\hard_negative_mining\batch_full_40\crops\hn_000175.png,vision_platform\ads\hard_negative_mining\batch_full_40\crops\hn_000175.png,ads,crop,candidate_crop,raw,non_action_target,
vision_platform\ads\pilot\action_classifier_v2\dataset\images\ads_action_v2_01028_not_close_asset_22fb5506b2ad638a.png,not_close,reviewed,batch_full_40,asset_22fb5506b2ad638a,vision_platform\ads\hard_negative_mining,candidate_crop,non_action_target,,,,,file_f8c7afae8d0cf5a5,asset_22fb5506b2ad638a,D:\Projects\adb_vl\vision_platform\ads\hard_negative_mining\batch_full_40\crops\hn_000176.png,vision_platform\ads\hard_negative_mining\batch_full_40\crops\hn_000176.png,ads,crop,candidate_crop,raw,non_action_target,
vision_platform\ads\pilot\action_classifier_v2\dataset\images\ads_action_v2_01029_not_close_asset_2dd12bfcf07023a6.png,not_close,reviewed,batch_full_40,asset_2dd12bfcf07023a6,vision_platform\ads\hard_negative_mining,candidate_crop,non_action_target,,,,,file_94461f01d3de714c,asset_2dd12bfcf07023a6,D:\Projects\adb_vl\vision_platform\ads\hard_negative_mining\batch_full_40\crops\hn_000177.png,vision_platform\ads\hard_negative_mining\batch_full_40\crops\hn_000177.png,ads,crop,candidate_crop,raw,non_action_target,
vision_platform\ads\pilot\action_classifier_v2\dataset\images\ads_action_v2_01030_not_close_asset_51ac9c7f114cd623.png,not_close,reviewed,batch_full_40,asset_51ac9c7f114cd623,vision_platform\ads\hard_negative_mining,candidate_crop,non_action_target,,,,,file_7edc8405a11bfa97,asset_51ac9c7f114cd623,D:\Projects\adb_vl\vision_platform\ads\hard_negative_mining\batch_full_40\crops\hn_000178.png,vision_platform\ads\hard_negative_mining\batch_full_40\crops\hn_000178.png,ads,crop,candidate_crop,raw,non_action_target,
vision_platform\ads\pilot\action_classifier_v2\dataset\images\ads_action_v2_01031_not_close_asset_d30b5d3b349008b2.png,not_close,reviewed,batch_full_40,asset_d30b5d3b349008b2,vision_platform\ads\hard_negative_mining,candidate_crop,non_action_target,,,,,file_950e0b6241611ba7,asset_d30b5d3b349008b2,D:\Projects\adb_vl\vision_platform\ads\hard_negative_mining\batch_full_40\crops\hn_000179.png,vision_platform\ads\hard_negative_mining\batch_full_40\crops\hn_000179.png,ads,crop,candidate_crop,raw,non_action_target,
vision_platform\ads\pilot\action_classifier_v2\dataset\images\ads_action_v2_01032_not_close_asset_13fae01f38c68d9b.png,not_close,reviewed,click_success_20260713_102840_468,asset_13fae01f38c68d9b,vision_platform\ads\runtime_collection,runtime_collection,non_action_target,,,,,file_28db17c1fdc6810f,asset_13fae01f38c68d9b,D:\Projects\adb_vl\vision_platform\ads\runtime_collection\click_success\click_success_20260713_102840_468\crops\bbox.png,vision_platform\ads\runtime_collection\click_success\click_success_20260713_102840_468\crops\bbox.png,ads,crop,runtime_collection,raw,non_action_target,
vision_platform\ads\pilot\action_classifier_v2\dataset\images\ads_action_v2_01033_close_asset_2af1b7045f897a9e.png,close,reviewed,ads2/assets/1_templates/free_ad_icons,asset_2af1b7045f897a9e,ads2\assets\1_templates,free,action_target,,,,,file_ac306bdc17a9bfa0,asset_2af1b7045f897a9e,D:\Projects\adb_vl\ads2\assets\1_templates\free_ad_icons\close_26.png,ads2\assets\1_templates\free_ad_icons\close_26.png,shared,template,template,raw,action_target,free
vision_platform\ads\pilot\action_classifier_v2\dataset\images\ads_action_v2_01034_close_asset_48f6dabf3e612bc9.png,close,reviewed,ads2/assets/1_templates/free_ad_icons,asset_48f6dabf3e612bc9,ads2\assets\1_templates,play,action_target,,,,,file_b4be82e5125f9663,asset_48f6dabf3e612bc9,D:\Projects\adb_vl\ads2\assets\1_templates\free_ad_icons\free_ad_1.png,ads2\assets\1_templates\free_ad_icons\free_ad_1.png,shared,template,template,raw,action_target,play
vision_platform\ads\pilot\action_classifier_v2\dataset\images\ads_action_v2_01035_close_asset_52da1398bb93a963.png,close,reviewed,ads2/assets/1_templates/free_ad_icons,asset_52da1398bb93a963,ads2\assets\1_templates,free,action_target,,,,,file_5e0324fe7516c5f3,asset_52da1398bb93a963,D:\Projects\adb_vl\ads2\assets\1_templates\free_ad_icons\free_ad_2.png,ads2\assets\1_templates\free_ad_icons\free_ad_2.png,shared,template,template,raw,action_target,free
vision_platform\ads\pilot\action_classifier_v2\dataset\images\ads_action_v2_01036_close_asset_60d2812156135339.png,close,reviewed,ads2/assets/1_templates/free_ad_icons,asset_60d2812156135339,ads2\assets\1_templates,免費,action_target,,,,,file_761ee5c898e32ec0,asset_60d2812156135339,D:\Projects\adb_vl\ads2\assets\1_templates\free_ad_icons\free_ad_3.png,ads2\assets\1_templates\free_ad_icons\free_ad_3.png,shared,template,template,raw,action_target,免費
vision_platform\ads\pilot\action_classifier_v2\dataset\images\ads_action_v2_01037_close_asset_5c6d076a9a21278e.png,close,reviewed,ads2/assets/1_templates/free_ad_icons,asset_5c6d076a9a21278e,ads2\assets\1_templates,play,action_target,,,,,file_1bc799289cb34fdb,asset_5c6d076a9a21278e,D:\Projects\adb_vl\ads2\assets\1_templates\free_ad_icons\free_ad_9.png,ads2\assets\1_templates\free_ad_icons\free_ad_9.png,shared,template,template,raw,action_target,play
vision_platform\ads\pilot\action_classifier_v2\dataset\images\ads_action_v2_01038_close_asset_d8a2f9660c5625b5.png,close,reviewed,ads2/assets/1_templates/free_ad_icons,asset_d8a2f9660c5625b5,ads2\assets\1_templates,play,action_target,,,,,file_ed1467fb03b0b8ba,asset_d8a2f9660c5625b5,D:\Projects\adb_vl\ads2\assets\1_templates\free_ad_icons\播放.png,ads2\assets\1_templates\free_ad_icons\播放.png,shared,template,template,raw,action_target,play
vision_platform\ads\pilot\action_classifier_v2\dataset\images\ads_action_v2_01039_close_asset_58ed244c7878bcd7.png,close,reviewed,ads2/assets/1_templates/got_icons,asset_58ed244c7878bcd7,ads2\assets\1_templates,got,action_target,,,,,file_ec6a1f4e95a8737e,asset_58ed244c7878bcd7,D:\Projects\adb_vl\ads2\assets\1_templates\got_icons\got2.png,ads2\assets\1_templates\got_icons\got2.png,shared,template,template,raw,action_target,got
vision_platform\ads\pilot\action_classifier_v2\dataset\images\ads_action_v2_01040_close_asset_0d4b215867996981.png,close,reviewed,ads2/assets/1_templates/got_icons,asset_0d4b215867996981,ads2\assets\1_templates,got,action_target,,,,,file_b45e660a5a2b7d8d,asset_0d4b215867996981,D:\Projects\adb_vl\ads2\assets\1_templates\got_icons\got_1.png,ads2\assets\1_templates\got_icons\got_1.png,shared,template,template,raw,action_target,got
vision_platform\ads\pilot\action_classifier_v2\dataset\images\ads_action_v2_01041_close_asset_0cf037e096857467.png,close,reviewed,ads2/assets/1_templates/got_icons,asset_0cf037e096857467,ads2\assets\1_templates,got,action_target,,,,,file_6f7c7aba74ab1f28,asset_0cf037e096857467,D:\Projects\adb_vl\ads2\assets\1_templates\got_icons\got_3.png,ads2\assets\1_templates\got_icons\got_3.png,shared,template,template,raw,action_target,got
vision_platform\ads\pilot\action_classifier_v2\dataset\images\ads_action_v2_01042_close_asset_804eb0458e78934d.png,close,reviewed,ads2/assets/1_templates/got_icons,asset_804eb0458e78934d,ads2\assets\1_templates,got,action_target,,,,,file_f1f313c24a4c1de2,asset_804eb0458e78934d,D:\Projects\adb_vl\ads2\assets\1_templates\got_icons\got_4.png,ads2\assets\1_templates\got_icons\got_4.png,shared,template,template,raw,action_target,got
vision_platform\ads\pilot\action_classifier_v2\dataset\images\ads_action_v2_01043_close_asset_a1abf4a4f6070cea.png,close,reviewed,ads2/assets/1_templates/got_icons,asset_a1abf4a4f6070cea,ads2\assets\1_templates,got,action_target,,,,,file_3c94de29e8445680,asset_a1abf4a4f6070cea,D:\Projects\adb_vl\ads2\assets\1_templates\got_icons\got_5.png,ads2\assets\1_templates\got_icons\got_5.png,shared,template,template,raw,action_target,got
vision_platform\ads\pilot\action_classifier_v2\dataset\images\ads_action_v2_01044_close_asset_365caeff8fffb5c6.png,close,reviewed,ads2/assets/1_templates/got_icons,asset_365caeff8fffb5c6,ads2\assets\1_templates,確定,action_target,,,,,file_18fbfa6f2629be44,asset_365caeff8fffb5c6,D:\Projects\adb_vl\ads2\assets\1_templates\got_icons\got_7.png,ads2\assets\1_templates\got_icons\got_7.png,shared,template,template,raw,action_target,確定
vision_platform\ads\pilot\action_classifier_v2\dataset\images\ads_action_v2_01045_close_asset_085f1c813551e8c9.png,close,reviewed,ads2/assets/1_templates/備份,asset_085f1c813551e8c9,ads2\assets\1_templates,play,action_target,,,,,file_00db74143475636c,asset_085f1c813551e8c9,D:\Projects\adb_vl\ads2\assets\1_templates\備份\btn_free_ad.png,ads2\assets\1_templates\備份\btn_free_ad.png,shared,template,template,raw,action_target,play
vision_platform\ads\pilot\action_classifier_v2\dataset\images\ads_action_v2_01046_close_asset_48f6dabf3e612bc9.png,close,reviewed,ads2/assets/1_templates/備份,asset_48f6dabf3e612bc9,ads2\assets\1_templates,play,action_target,,,,,file_804b831df127544b,asset_48f6dabf3e612bc9,D:\Projects\adb_vl\ads2\assets\1_templates\備份\free_ad_1.png,ads2\assets\1_templates\備份\free_ad_1.png,shared,template,template,raw,action_target,play
vision_platform\ads\pilot\action_classifier_v2\dataset\images\ads_action_v2_01047_close_asset_72c839c107ebef49.png,close,reviewed,ads2/assets/1_templates/備份,asset_72c839c107ebef49,ads2\assets\1_templates,got,action_target,,,,,file_1cb4e2befa222329,asset_72c839c107ebef49,D:\Projects\adb_vl\ads2\assets\1_templates\備份\got1.png,ads2\assets\1_templates\備份\got1.png,shared,template,template,raw,action_target,got
vision_platform\ads\pilot\action_classifier_v2\dataset\images\ads_action_v2_01048_close_asset_86d49425885a0694.png,close,reviewed,ads2/assets/1_templates/備份,asset_86d49425885a0694,ads2\assets\1_templates,got,action_target,,,,,file_c9b0f3fff6864aab,asset_86d49425885a0694,D:\Projects\adb_vl\ads2\assets\1_templates\備份\got_2.png,ads2\assets\1_templates\備份\got_2.png,shared,template,template,raw,action_target,got
vision_platform\ads\pilot\action_classifier_v2\dataset\images\ads_action_v2_01049_close_asset_bddb4860eddcb148.png,close,reviewed,ads2/assets/1_templates/備份,asset_bddb4860eddcb148,ads2\assets\1_templates,play,action_target,,,,,file_cb080ed8eb8801eb,asset_bddb4860eddcb148,D:\Projects\adb_vl\ads2\assets\1_templates\備份\got_8.png,ads2\assets\1_templates\備份\got_8.png,shared,template,template,raw,action_target,play
vision_platform\ads\pilot\action_classifier_v2\dataset\images\ads_action_v2_01050_close_asset_0f6a8219657a3273.png,close,reviewed,ads2/assets/2_communication,asset_0f6a8219657a3273,ads2\assets\2_communication,got,action_target,,,,,file_e016cd0cafb539a3,asset_0f6a8219657a3273,D:\Projects\adb_vl\ads2\assets\2_communication\crop_20260606_232156.png,ads2\assets\2_communication\crop_20260606_232156.png,shared,crop,review_asset,raw,action_target,got
vision_platform\ads\pilot\action_classifier_v2\dataset\images\ads_action_v2_01051_close_asset_86d49425885a0694.png,close,reviewed,ads2/assets/2_communication,asset_86d49425885a0694,ads2\assets\2_communication,got,action_target,,,,,file_598fa470895ec295,asset_86d49425885a0694,D:\Projects\adb_vl\ads2\assets\2_communication\crop_20260607_082726.png,ads2\assets\2_communication\crop_20260607_082726.png,shared,crop,review_asset,raw,action_target,got
vision_platform\ads\pilot\action_classifier_v2\dataset\images\ads_action_v2_01052_close_asset_0cf037e096857467.png,close,reviewed,ads2/assets/2_communication,asset_0cf037e096857467,ads2\assets\2_communication,got,action_target,,,,,file_c51906c0c23e9e86,asset_0cf037e096857467,D:\Projects\adb_vl\ads2\assets\2_communication\crop_20260607_082949.png,ads2\assets\2_communication\crop_20260607_082949.png,shared,crop,review_asset,raw,action_target,got
vision_platform\ads\pilot\action_classifier_v2\dataset\images\ads_action_v2_01053_close_asset_804eb0458e78934d.png,close,reviewed,ads2/assets/2_communication,asset_804eb0458e78934d,ads2\assets\2_communication,got,action_target,,,,,file_5e9c9ca7e5316c7e,asset_804eb0458e78934d,D:\Projects\adb_vl\ads2\assets\2_communication\crop_20260607_084044.png,ads2\assets\2_communication\crop_20260607_084044.png,shared,crop,review_asset,raw,action_target,got
vision_platform\ads\pilot\action_classifier_v2\dataset\images\ads_action_v2_01054_close_asset_a1abf4a4f6070cea.png,close,reviewed,ads2/assets/2_communication,asset_a1abf4a4f6070cea,ads2\assets\2_communication,got,action_target,,,,,file_2ab33ea053a9e17d,asset_a1abf4a4f6070cea,D:\Projects\adb_vl\ads2\assets\2_communication\crop_20260607_085221.png,ads2\assets\2_communication\crop_20260607_085221.png,shared,crop,review_asset,raw,action_target,got
vision_platform\ads\pilot\action_classifier_v2\dataset\images\ads_action_v2_01055_close_asset_d082cffe4e8f8f90.png,close,reviewed,ads2/assets/2_communication,asset_d082cffe4e8f8f90,ads2\assets\2_communication,got,action_target,,,,,file_a084d6ce8dde38ef,asset_d082cffe4e8f8f90,D:\Projects\adb_vl\ads2\assets\2_communication\crop_20260607_085540.png,ads2\assets\2_communication\crop_20260607_085540.png,shared,crop,review_asset,raw,action_target,got
vision_platform\ads\pilot\action_classifier_v2\dataset\images\ads_action_v2_01056_close_asset_52da1398bb93a963.png,close,reviewed,ads2/assets/2_communication,asset_52da1398bb93a963,ads2\assets\2_communication,free,action_target,,,,,file_57d2f69c21a42f0f,asset_52da1398bb93a963,D:\Projects\adb_vl\ads2\assets\2_communication\crop_20260607_161122_0.png,ads2\assets\2_communication\crop_20260607_161122_0.png,shared,crop,review_asset,raw,action_target,free
vision_platform\ads\pilot\action_classifier_v2\dataset\images\ads_action_v2_01057_close_asset_bddb4860eddcb148.png,close,reviewed,ads2/assets/2_communication,asset_bddb4860eddcb148,ads2\assets\2_communication,play,action_target,,,,,file_075e5a4bfc229392,asset_bddb4860eddcb148,D:\Projects\adb_vl\ads2\assets\2_communication\crop_20260610_151458.png,ads2\assets\2_communication\crop_20260610_151458.png,shared,crop,review_asset,raw,action_target,play
vision_platform\ads\pilot\action_classifier_v2\dataset\images\ads_action_v2_01058_close_asset_5c6d076a9a21278e.png,close,reviewed,ads2/assets/2_communication,asset_5c6d076a9a21278e,ads2\assets\2_communication,play,action_target,,,,,file_1a2badd2bed743e5,asset_5c6d076a9a21278e,D:\Projects\adb_vl\ads2\assets\2_communication\crop_20260610_153906.png,ads2\assets\2_communication\crop_20260610_153906.png,shared,crop,review_asset,raw,action_target,play
vision_platform\ads\pilot\action_classifier_v2\dataset\images\ads_action_v2_01059_close_asset_2af1b7045f897a9e.png,close,reviewed,ads2/assets/2_communication,asset_2af1b7045f897a9e,ads2\assets\2_communication,free,action_target,,,,,file_e52e557ce9225d1b,asset_2af1b7045f897a9e,D:\Projects\adb_vl\ads2\assets\2_communication\crop_20260711_140632.png,ads2\assets\2_communication\crop_20260711_140632.png,shared,crop,review_asset,raw,action_target,free
vision_platform\ads\pilot\action_classifier_v2\dataset\images\ads_action_v2_01060_close_asset_88342de1955d7710.png,close,reviewed,click_success_20260713_080054_581,asset_88342de1955d7710,vision_platform\ads\runtime_collection,play,action_target,,,,,file_4b55666f7d26ba68,asset_88342de1955d7710,D:\Projects\adb_vl\vision_platform\ads\runtime_collection\click_success\click_success_20260713_080054_581\crops\bbox.png,vision_platform\ads\runtime_collection\click_success\click_success_20260713_080054_581\crops\bbox.png,shared,crop,runtime_collection,raw,action_target,play
vision_platform\ads\pilot\action_classifier_v2\dataset\images\ads_action_v2_01061_close_asset_10a60b88bb107d49.png,close,reviewed,click_success_20260713_080145_040,asset_10a60b88bb107d49,vision_platform\ads\runtime_collection,got,action_target,,,,,file_94c067721838b5a7,asset_10a60b88bb107d49,D:\Projects\adb_vl\vision_platform\ads\runtime_collection\click_success\click_success_20260713_080145_040\crops\bbox.png,vision_platform\ads\runtime_collection\click_success\click_success_20260713_080145_040\crops\bbox.png,shared,crop,runtime_collection,raw,action_target,got
vision_platform\ads\pilot\action_classifier_v2\dataset\images\ads_action_v2_01062_close_asset_542d5a8ba5e8e090.png,close,reviewed,click_success_20260713_080151_966,asset_542d5a8ba5e8e090,vision_platform\ads\runtime_collection,play,action_target,,,,,file_52d5a310ba32c303,asset_542d5a8ba5e8e090,D:\Projects\adb_vl\vision_platform\ads\runtime_collection\click_success\click_success_20260713_080151_966\crops\bbox.png,vision_platform\ads\runtime_collection\click_success\click_success_20260713_080151_966\crops\bbox.png,shared,crop,runtime_collection,raw,action_target,play
vision_platform\ads\pilot\action_classifier_v2\dataset\images\ads_action_v2_01063_close_asset_056a75a95fd0004a.png,close,reviewed,click_success_20260713_080308_161,asset_056a75a95fd0004a,vision_platform\ads\runtime_collection,got,action_target,,,,,file_096cbf9643228a54,asset_056a75a95fd0004a,D:\Projects\adb_vl\vision_platform\ads\runtime_collection\click_success\click_success_20260713_080308_161\crops\bbox.png,vision_platform\ads\runtime_collection\click_success\click_success_20260713_080308_161\crops\bbox.png,shared,crop,runtime_collection,raw,action_target,got
vision_platform\ads\pilot\action_classifier_v2\dataset\images\ads_action_v2_01064_close_asset_1681b89025c9902b.png,close,reviewed,click_success_20260713_080316_811,asset_1681b89025c9902b,vision_platform\ads\runtime_collection,got,action_target,,,,,file_7051ab9bc6b4fb7f,asset_1681b89025c9902b,D:\Projects\adb_vl\vision_platform\ads\runtime_collection\click_success\click_success_20260713_080316_811\crops\bbox.png,vision_platform\ads\runtime_collection\click_success\click_success_20260713_080316_811\crops\bbox.png,shared,crop,runtime_collection,raw,action_target,got
vision_platform\ads\pilot\action_classifier_v2\dataset\images\ads_action_v2_01065_close_asset_3da5069be36e1858.png,close,reviewed,click_success_20260713_080405_663,asset_3da5069be36e1858,vision_platform\ads\runtime_collection,got,action_target,,,,,file_4b3f40d609b103c8,asset_3da5069be36e1858,D:\Projects\adb_vl\vision_platform\ads\runtime_collection\click_success\click_success_20260713_080405_663\crops\bbox.png,vision_platform\ads\runtime_collection\click_success\click_success_20260713_080405_663\crops\bbox.png,shared,crop,runtime_collection,raw,action_target,got
vision_platform\ads\pilot\action_classifier_v2\dataset\images\ads_action_v2_01066_close_asset_da86db81efb2b312.png,close,reviewed,click_success_20260713_080412_253,asset_da86db81efb2b312,vision_platform\ads\runtime_collection,play,action_target,,,,,file_a9b3de8ef22b83c9,asset_da86db81efb2b312,D:\Projects\adb_vl\vision_platform\ads\runtime_collection\click_success\click_success_20260713_080412_253\crops\bbox.png,vision_platform\ads\runtime_collection\click_success\click_success_20260713_080412_253\crops\bbox.png,shared,crop,runtime_collection,raw,action_target,play
vision_platform\ads\pilot\action_classifier_v2\dataset\images\ads_action_v2_01067_close_asset_8263ab7cd58c1c1f.png,close,reviewed,click_success_20260713_080451_263,asset_8263ab7cd58c1c1f,vision_platform\ads\runtime_collection,play,action_target,,,,,file_89bf80364d6050d5,asset_8263ab7cd58c1c1f,D:\Projects\adb_vl\vision_platform\ads\runtime_collection\click_success\click_success_20260713_080451_263\crops\bbox.png,vision_platform\ads\runtime_collection\click_success\click_success_20260713_080451_263\crops\bbox.png,shared,crop,runtime_collection,raw,action_target,play
vision_platform\ads\pilot\action_classifier_v2\dataset\images\ads_action_v2_01068_close_asset_28434918920405bd.png,close,reviewed,click_success_20260713_080500_682,asset_28434918920405bd,vision_platform\ads\runtime_collection,play,action_target,,,,,file_f17f0597f4a960bf,asset_28434918920405bd,D:\Projects\adb_vl\vision_platform\ads\runtime_collection\click_success\click_success_20260713_080500_682\crops\bbox.png,vision_platform\ads\runtime_collection\click_success\click_success_20260713_080500_682\crops\bbox.png,shared,crop,runtime_collection,raw,action_target,play
vision_platform\ads\pilot\action_classifier_v2\dataset\images\ads_action_v2_01069_close_asset_bd0db35d86d5fa07.png,close,reviewed,click_success_20260713_080508_706,asset_bd0db35d86d5fa07,vision_platform\ads\runtime_collection,play,action_target,,,,,file_3f84811f20709357,asset_bd0db35d86d5fa07,D:\Projects\adb_vl\vision_platform\ads\runtime_collection\click_success\click_success_20260713_080508_706\crops\bbox.png,vision_platform\ads\runtime_collection\click_success\click_success_20260713_080508_706\crops\bbox.png,shared,crop,runtime_collection,raw,action_target,play
vision_platform\ads\pilot\action_classifier_v2\dataset\images\ads_action_v2_01070_close_asset_fb6f9655e9c30e97.png,close,reviewed,click_success_20260713_080545_818,asset_fb6f9655e9c30e97,vision_platform\ads\runtime_collection,got,action_target,,,,,file_ef413d45fecc7350,asset_fb6f9655e9c30e97,D:\Projects\adb_vl\vision_platform\ads\runtime_collection\click_success\click_success_20260713_080545_818\crops\bbox.png,vision_platform\ads\runtime_collection\click_success\click_success_20260713_080545_818\crops\bbox.png,shared,crop,runtime_collection,raw,action_target,got
vision_platform\ads\pilot\action_classifier_v2\dataset\images\ads_action_v2_01071_close_asset_7fd813ce3578ef46.png,close,reviewed,click_success_20260713_080823_970,asset_7fd813ce3578ef46,vision_platform\ads\runtime_collection,got,action_target,,,,,file_fa231e96cc4ad879,asset_7fd813ce3578ef46,D:\Projects\adb_vl\vision_platform\ads\runtime_collection\click_success\click_success_20260713_080823_970\crops\bbox.png,vision_platform\ads\runtime_collection\click_success\click_success_20260713_080823_970\crops\bbox.png,shared,crop,runtime_collection,raw,action_target,got
vision_platform\ads\pilot\action_classifier_v2\dataset\images\ads_action_v2_01072_close_asset_ef8824e2b0e42aaf.png,close,reviewed,click_success_20260713_080907_353,asset_ef8824e2b0e42aaf,vision_platform\ads\runtime_collection,got,action_target,,,,,file_8c24b44569d0efa9,asset_ef8824e2b0e42aaf,D:\Projects\adb_vl\vision_platform\ads\runtime_collection\click_success\click_success_20260713_080907_353\crops\bbox.png,vision_platform\ads\runtime_collection\click_success\click_success_20260713_080907_353\crops\bbox.png,shared,crop,runtime_collection,raw,action_target,got
vision_platform\ads\pilot\action_classifier_v2\dataset\images\ads_action_v2_01073_close_asset_d3a2423f432b3a89.png,close,reviewed,click_success_20260713_081029_964,asset_d3a2423f432b3a89,vision_platform\ads\runtime_collection,got,action_target,,,,,file_25f3ac1b552bd237,asset_d3a2423f432b3a89,D:\Projects\adb_vl\vision_platform\ads\runtime_collection\click_success\click_success_20260713_081029_964\crops\bbox.png,vision_platform\ads\runtime_collection\click_success\click_success_20260713_081029_964\crops\bbox.png,shared,crop,runtime_collection,raw,action_target,got
vision_platform\ads\pilot\action_classifier_v2\dataset\images\ads_action_v2_01074_close_asset_d0c43c6062f54e39.png,close,reviewed,click_success_20260713_081038_362,asset_d0c43c6062f54e39,vision_platform\ads\runtime_collection,play,action_target,,,,,file_5aef0a69d205702c,asset_d0c43c6062f54e39,D:\Projects\adb_vl\vision_platform\ads\runtime_collection\click_success\click_success_20260713_081038_362\crops\bbox.png,vision_platform\ads\runtime_collection\click_success\click_success_20260713_081038_362\crops\bbox.png,shared,crop,runtime_collection,raw,action_target,play
vision_platform\ads\pilot\action_classifier_v2\dataset\images\ads_action_v2_01075_close_asset_e6692a08aff865cc.png,close,reviewed,click_success_20260713_081154_299,asset_e6692a08aff865cc,vision_platform\ads\runtime_collection,got,action_target,,,,,file_18b5612cf996a0e2,asset_e6692a08aff865cc,D:\Projects\adb_vl\vision_platform\ads\runtime_collection\click_success\click_success_20260713_081154_299\crops\bbox.png,vision_platform\ads\runtime_collection\click_success\click_success_20260713_081154_299\crops\bbox.png,shared,crop,runtime_collection,raw,action_target,got
vision_platform\ads\pilot\action_classifier_v2\dataset\images\ads_action_v2_01076_close_asset_56f1aad4a5d1e8bc.png,close,reviewed,click_success_20260713_081203_020,asset_56f1aad4a5d1e8bc,vision_platform\ads\runtime_collection,play,action_target,,,,,file_6eeb0cbcc44f6725,asset_56f1aad4a5d1e8bc,D:\Projects\adb_vl\vision_platform\ads\runtime_collection\click_success\click_success_20260713_081203_020\crops\bbox.png,vision_platform\ads\runtime_collection\click_success\click_success_20260713_081203_020\crops\bbox.png,shared,crop,runtime_collection,raw,action_target,play
vision_platform\ads\pilot\action_classifier_v2\dataset\images\ads_action_v2_01077_close_asset_052743a3536937ab.png,close,reviewed,click_success_20260713_081300_633,asset_052743a3536937ab,vision_platform\ads\runtime_collection,got,action_target,,,,,file_d47e518578ccb400,asset_052743a3536937ab,D:\Projects\adb_vl\vision_platform\ads\runtime_collection\click_success\click_success_20260713_081300_633\crops\bbox.png,vision_platform\ads\runtime_collection\click_success\click_success_20260713_081300_633\crops\bbox.png,shared,crop,runtime_collection,raw,action_target,got
vision_platform\ads\pilot\action_classifier_v2\dataset\images\ads_action_v2_01078_close_asset_963baf19279319e4.png,close,reviewed,click_success_20260713_081523_978,asset_963baf19279319e4,vision_platform\ads\runtime_collection,got,action_target,,,,,file_8530abf2f6494c7a,asset_963baf19279319e4,D:\Projects\adb_vl\vision_platform\ads\runtime_collection\click_success\click_success_20260713_081523_978\crops\bbox.png,vision_platform\ads\runtime_collection\click_success\click_success_20260713_081523_978\crops\bbox.png,shared,crop,runtime_collection,raw,action_target,got
vision_platform\ads\pilot\action_classifier_v2\dataset\images\ads_action_v2_01079_close_asset_737da74c398dd713.png,close,reviewed,click_success_20260713_081552_811,asset_737da74c398dd713,vision_platform\ads\runtime_collection,got,action_target,,,,,file_15d57ab21d089397,asset_737da74c398dd713,D:\Projects\adb_vl\vision_platform\ads\runtime_collection\click_success\click_success_20260713_081552_811\crops\bbox.png,vision_platform\ads\runtime_collection\click_success\click_success_20260713_081552_811\crops\bbox.png,shared,crop,runtime_collection,raw,action_target,got
vision_platform\ads\pilot\action_classifier_v2\dataset\images\ads_action_v2_01080_close_asset_003f01a0aee6b9bc.png,close,reviewed,click_success_20260713_081621_578,asset_003f01a0aee6b9bc,vision_platform\ads\runtime_collection,got,action_target,,,,,file_a74329e46e350a11,asset_003f01a0aee6b9bc,D:\Projects\adb_vl\vision_platform\ads\runtime_collection\click_success\click_success_20260713_081621_578\crops\bbox.png,vision_platform\ads\runtime_collection\click_success\click_success_20260713_081621_578\crops\bbox.png,shared,crop,runtime_collection,raw,action_target,got
vision_platform\ads\pilot\action_classifier_v2\dataset\images\ads_action_v2_01081_close_asset_11db72d833ab9f3d.png,close,reviewed,click_success_20260713_081650_337,asset_11db72d833ab9f3d,vision_platform\ads\runtime_collection,got,action_target,,,,,file_3fb8b5064903ca0c,asset_11db72d833ab9f3d,D:\Projects\adb_vl\vision_platform\ads\runtime_collection\click_success\click_success_20260713_081650_337\crops\bbox.png,vision_platform\ads\runtime_collection\click_success\click_success_20260713_081650_337\crops\bbox.png,shared,crop,runtime_collection,raw,action_target,got
vision_platform\ads\pilot\action_classifier_v2\dataset\images\ads_action_v2_01082_close_asset_64468130aeae340f.png,close,reviewed,click_success_20260713_081719_192,asset_64468130aeae340f,vision_platform\ads\runtime_collection,got,action_target,,,,,file_1d474dd251495027,asset_64468130aeae340f,D:\Projects\adb_vl\vision_platform\ads\runtime_collection\click_success\click_success_20260713_081719_192\crops\bbox.png,vision_platform\ads\runtime_collection\click_success\click_success_20260713_081719_192\crops\bbox.png,shared,crop,runtime_collection,raw,action_target,got
vision_platform\ads\pilot\action_classifier_v2\dataset\images\ads_action_v2_01083_close_asset_3f76ae4068c4ab21.png,close,reviewed,click_success_20260713_081934_414,asset_3f76ae4068c4ab21,vision_platform\ads\runtime_collection,got,action_target,,,,,file_2099c897741bb7ac,asset_3f76ae4068c4ab21,D:\Projects\adb_vl\vision_platform\ads\runtime_collection\click_success\click_success_20260713_081934_414\crops\bbox.png,vision_platform\ads\runtime_collection\click_success\click_success_20260713_081934_414\crops\bbox.png,shared,crop,runtime_collection,raw,action_target,got
vision_platform\ads\pilot\action_classifier_v2\dataset\images\ads_action_v2_01084_close_asset_3666987badf94225.png,close,reviewed,click_success_20260713_082003_150,asset_3666987badf94225,vision_platform\ads\runtime_collection,got,action_target,,,,,file_889c5f7849e9e56b,asset_3666987badf94225,D:\Projects\adb_vl\vision_platform\ads\runtime_collection\click_success\click_success_20260713_082003_150\crops\bbox.png,vision_platform\ads\runtime_collection\click_success\click_success_20260713_082003_150\crops\bbox.png,shared,crop,runtime_collection,raw,action_target,got
vision_platform\ads\pilot\action_classifier_v2\dataset\images\ads_action_v2_01085_close_asset_649ddbb0bb1f8942.png,close,reviewed,click_success_20260713_082031_822,asset_649ddbb0bb1f8942,vision_platform\ads\runtime_collection,got,action_target,,,,,file_7ba37ba4e13e658e,asset_649ddbb0bb1f8942,D:\Projects\adb_vl\vision_platform\ads\runtime_collection\click_success\click_success_20260713_082031_822\crops\bbox.png,vision_platform\ads\runtime_collection\click_success\click_success_20260713_082031_822\crops\bbox.png,shared,crop,runtime_collection,raw,action_target,got
vision_platform\ads\pilot\action_classifier_v2\dataset\images\ads_action_v2_01086_close_asset_ebe1049d4839024b.png,close,reviewed,click_success_20260713_082100_584,asset_ebe1049d4839024b,vision_platform\ads\runtime_collection,got,action_target,,,,,file_e3f93854a48c596e,asset_ebe1049d4839024b,D:\Projects\adb_vl\vision_platform\ads\runtime_collection\click_success\click_success_20260713_082100_584\crops\bbox.png,vision_platform\ads\runtime_collection\click_success\click_success_20260713_082100_584\crops\bbox.png,shared,crop,runtime_collection,raw,action_target,got
vision_platform\ads\pilot\action_classifier_v2\dataset\images\ads_action_v2_01087_close_asset_bac6666a761e1adc.png,close,reviewed,click_success_20260713_082129_269,asset_bac6666a761e1adc,vision_platform\ads\runtime_collection,got,action_target,,,,,file_9036c20d93a62e90,asset_bac6666a761e1adc,D:\Projects\adb_vl\vision_platform\ads\runtime_collection\click_success\click_success_20260713_082129_269\crops\bbox.png,vision_platform\ads\runtime_collection\click_success\click_success_20260713_082129_269\crops\bbox.png,shared,crop,runtime_collection,raw,action_target,got
vision_platform\ads\pilot\action_classifier_v2\dataset\images\ads_action_v2_01088_close_asset_83b91869426baa8c.png,close,reviewed,click_success_20260713_085553_483,asset_83b91869426baa8c,vision_platform\ads\runtime_collection,free,action_target,,,,,file_2d32d81af259db34,asset_83b91869426baa8c,D:\Projects\adb_vl\vision_platform\ads\runtime_collection\click_success\click_success_20260713_085553_483\crops\bbox.png,vision_platform\ads\runtime_collection\click_success\click_success_20260713_085553_483\crops\bbox.png,shared,crop,runtime_collection,raw,action_target,free
vision_platform\ads\pilot\action_classifier_v2\dataset\images\ads_action_v2_01089_close_asset_5c41eb2044704344.png,close,reviewed,click_success_20260713_085616_610,asset_5c41eb2044704344,vision_platform\ads\runtime_collection,got,action_target,,,,,file_5aae88bba4e0d939,asset_5c41eb2044704344,D:\Projects\adb_vl\vision_platform\ads\runtime_collection\click_success\click_success_20260713_085616_610\crops\bbox.png,vision_platform\ads\runtime_collection\click_success\click_success_20260713_085616_610\crops\bbox.png,shared,crop,runtime_collection,raw,action_target,got
vision_platform\ads\pilot\action_classifier_v2\dataset\images\ads_action_v2_01090_close_asset_a58eabf57128a6da.png,close,reviewed,click_success_20260713_085645_842,asset_a58eabf57128a6da,vision_platform\ads\runtime_collection,got,action_target,,,,,file_a13826c1f7dc3962,asset_a58eabf57128a6da,D:\Projects\adb_vl\vision_platform\ads\runtime_collection\click_success\click_success_20260713_085645_842\crops\bbox.png,vision_platform\ads\runtime_collection\click_success\click_success_20260713_085645_842\crops\bbox.png,shared,crop,runtime_collection,raw,action_target,got
vision_platform\ads\pilot\action_classifier_v2\dataset\images\ads_action_v2_01091_close_asset_f969550042dd8a5c.png,close,reviewed,click_success_20260713_085652_323,asset_f969550042dd8a5c,vision_platform\ads\runtime_collection,free,action_target,,,,,file_6c2513b39535128b,asset_f969550042dd8a5c,D:\Projects\adb_vl\vision_platform\ads\runtime_collection\click_success\click_success_20260713_085652_323\crops\bbox.png,vision_platform\ads\runtime_collection\click_success\click_success_20260713_085652_323\crops\bbox.png,shared,crop,runtime_collection,raw,action_target,free
vision_platform\ads\pilot\action_classifier_v2\dataset\images\ads_action_v2_01092_close_asset_5e68128f2f5b8dab.png,close,reviewed,click_success_20260713_085715_383,asset_5e68128f2f5b8dab,vision_platform\ads\runtime_collection,got,action_target,,,,,file_89f5783d6a5d01a2,asset_5e68128f2f5b8dab,D:\Projects\adb_vl\vision_platform\ads\runtime_collection\click_success\click_success_20260713_085715_383\crops\bbox.png,vision_platform\ads\runtime_collection\click_success\click_success_20260713_085715_383\crops\bbox.png,shared,crop,runtime_collection,raw,action_target,got
vision_platform\ads\pilot\action_classifier_v2\dataset\images\ads_action_v2_01093_close_asset_0f62c98e529b3d06.png,close,reviewed,click_success_20260713_085722_178,asset_0f62c98e529b3d06,vision_platform\ads\runtime_collection,free,action_target,,,,,file_29945fa12019fd30,asset_0f62c98e529b3d06,D:\Projects\adb_vl\vision_platform\ads\runtime_collection\click_success\click_success_20260713_085722_178\crops\bbox.png,vision_platform\ads\runtime_collection\click_success\click_success_20260713_085722_178\crops\bbox.png,shared,crop,runtime_collection,raw,action_target,free
vision_platform\ads\pilot\action_classifier_v2\dataset\images\ads_action_v2_01094_close_asset_7ea505252b3da083.png,close,reviewed,click_success_20260713_085745_144,asset_7ea505252b3da083,vision_platform\ads\runtime_collection,got,action_target,,,,,file_74e06e5ceb318bc4,asset_7ea505252b3da083,D:\Projects\adb_vl\vision_platform\ads\runtime_collection\click_success\click_success_20260713_085745_144\crops\bbox.png,vision_platform\ads\runtime_collection\click_success\click_success_20260713_085745_144\crops\bbox.png,shared,crop,runtime_collection,raw,action_target,got
vision_platform\ads\pilot\action_classifier_v2\dataset\images\ads_action_v2_01095_close_asset_cd28afeb00146427.png,close,reviewed,click_success_20260713_085751_923,asset_cd28afeb00146427,vision_platform\ads\runtime_collection,free,action_target,,,,,file_11a448cc2c021c50,asset_cd28afeb00146427,D:\Projects\adb_vl\vision_platform\ads\runtime_collection\click_success\click_success_20260713_085751_923\crops\bbox.png,vision_platform\ads\runtime_collection\click_success\click_success_20260713_085751_923\crops\bbox.png,shared,crop,runtime_collection,raw,action_target,free
vision_platform\ads\pilot\action_classifier_v2\dataset\images\ads_action_v2_01096_close_asset_2cc9ebf57e082dc9.png,close,reviewed,click_success_20260713_085814_733,asset_2cc9ebf57e082dc9,vision_platform\ads\runtime_collection,got,action_target,,,,,file_4ab6e280b19b2c27,asset_2cc9ebf57e082dc9,D:\Projects\adb_vl\vision_platform\ads\runtime_collection\click_success\click_success_20260713_085814_733\crops\bbox.png,vision_platform\ads\runtime_collection\click_success\click_success_20260713_085814_733\crops\bbox.png,shared,crop,runtime_collection,raw,action_target,got
vision_platform\ads\pilot\action_classifier_v2\dataset\images\ads_action_v2_01097_close_asset_00f7d7b29ed47ea4.png,close,reviewed,click_success_20260713_085844_232,asset_00f7d7b29ed47ea4,vision_platform\ads\runtime_collection,got,action_target,,,,,file_b651671549196160,asset_00f7d7b29ed47ea4,D:\Projects\adb_vl\vision_platform\ads\runtime_collection\click_success\click_success_20260713_085844_232\crops\bbox.png,vision_platform\ads\runtime_collection\click_success\click_success_20260713_085844_232\crops\bbox.png,shared,crop,runtime_collection,raw,action_target,got
vision_platform\ads\pilot\action_classifier_v2\dataset\images\ads_action_v2_01098_close_asset_a91cc48870a330e4.png,close,reviewed,click_success_20260713_085930_193,asset_a91cc48870a330e4,vision_platform\ads\runtime_collection,got,action_target,,,,,file_5bfda3c051041ad2,asset_a91cc48870a330e4,D:\Projects\adb_vl\vision_platform\ads\runtime_collection\click_success\click_success_20260713_085930_193\crops\bbox.png,vision_platform\ads\runtime_collection\click_success\click_success_20260713_085930_193\crops\bbox.png,shared,crop,runtime_collection,raw,action_target,got
vision_platform\ads\pilot\action_classifier_v2\dataset\images\ads_action_v2_01099_close_asset_8563daf0cc5f8eee.png,close,reviewed,click_success_20260713_090002_331,asset_8563daf0cc5f8eee,vision_platform\ads\runtime_collection,got,action_target,,,,,file_ac40e0b46fb02e4d,asset_8563daf0cc5f8eee,D:\Projects\adb_vl\vision_platform\ads\runtime_collection\click_success\click_success_20260713_090002_331\crops\bbox.png,vision_platform\ads\runtime_collection\click_success\click_success_20260713_090002_331\crops\bbox.png,shared,crop,runtime_collection,raw,action_target,got
vision_platform\ads\pilot\action_classifier_v2\dataset\images\ads_action_v2_01100_close_asset_dea8ae9d91e5e666.png,close,reviewed,click_success_20260713_090213_965,asset_dea8ae9d91e5e666,vision_platform\ads\runtime_collection,got,action_target,,,,,file_0d067cdbf10452a5,asset_dea8ae9d91e5e666,D:\Projects\adb_vl\vision_platform\ads\runtime_collection\click_success\click_success_20260713_090213_965\crops\bbox.png,vision_platform\ads\runtime_collection\click_success\click_success_20260713_090213_965\crops\bbox.png,shared,crop,runtime_collection,raw,action_target,got
vision_platform\ads\pilot\action_classifier_v2\dataset\images\ads_action_v2_01101_close_asset_2a225f2e94246f95.png,close,reviewed,click_success_20260713_090242_795,asset_2a225f2e94246f95,vision_platform\ads\runtime_collection,got,action_target,,,,,file_e48611eca572140a,asset_2a225f2e94246f95,D:\Projects\adb_vl\vision_platform\ads\runtime_collection\click_success\click_success_20260713_090242_795\crops\bbox.png,vision_platform\ads\runtime_collection\click_success\click_success_20260713_090242_795\crops\bbox.png,shared,crop,runtime_collection,raw,action_target,got
vision_platform\ads\pilot\action_classifier_v2\dataset\images\ads_action_v2_01102_close_asset_3911db3a08d8407c.png,close,reviewed,click_success_20260713_090311_972,asset_3911db3a08d8407c,vision_platform\ads\runtime_collection,got,action_target,,,,,file_8bd6e958d40d0a1b,asset_3911db3a08d8407c,D:\Projects\adb_vl\vision_platform\ads\runtime_collection\click_success\click_success_20260713_090311_972\crops\bbox.png,vision_platform\ads\runtime_collection\click_success\click_success_20260713_090311_972\crops\bbox.png,shared,crop,runtime_collection,raw,action_target,got
vision_platform\ads\pilot\action_classifier_v2\dataset\images\ads_action_v2_01103_close_asset_49afee44f4eb1fa6.png,close,reviewed,click_success_20260713_090340_942,asset_49afee44f4eb1fa6,vision_platform\ads\runtime_collection,got,action_target,,,,,file_ce79f73ed3186b0d,asset_49afee44f4eb1fa6,D:\Projects\adb_vl\vision_platform\ads\runtime_collection\click_success\click_success_20260713_090340_942\crops\bbox.png,vision_platform\ads\runtime_collection\click_success\click_success_20260713_090340_942\crops\bbox.png,shared,crop,runtime_collection,raw,action_target,got
vision_platform\ads\pilot\action_classifier_v2\dataset\images\ads_action_v2_01104_close_asset_28ce3027c4b3f3b5.png,close,reviewed,click_success_20260713_090409_815,asset_28ce3027c4b3f3b5,vision_platform\ads\runtime_collection,got,action_target,,,,,file_f9f17c7bbbe70566,asset_28ce3027c4b3f3b5,D:\Projects\adb_vl\vision_platform\ads\runtime_collection\click_success\click_success_20260713_090409_815\crops\bbox.png,vision_platform\ads\runtime_collection\click_success\click_success_20260713_090409_815\crops\bbox.png,shared,crop,runtime_collection,raw,action_target,got
vision_platform\ads\pilot\action_classifier_v2\dataset\images\ads_action_v2_01105_close_asset_b4c1b399a527bf19.png,close,reviewed,click_success_20260713_092304_232,asset_b4c1b399a527bf19,vision_platform\ads\runtime_collection,got,action_target,,,,,file_a0e42b51ed07b933,asset_b4c1b399a527bf19,D:\Projects\adb_vl\vision_platform\ads\runtime_collection\click_success\click_success_20260713_092304_232\crops\bbox.png,vision_platform\ads\runtime_collection\click_success\click_success_20260713_092304_232\crops\bbox.png,shared,crop,runtime_collection,raw,action_target,got
vision_platform\ads\pilot\action_classifier_v2\dataset\images\ads_action_v2_01106_close_asset_122938791c6b146a.png,close,reviewed,click_success_20260713_092333_686,asset_122938791c6b146a,vision_platform\ads\runtime_collection,got,action_target,,,,,file_8d4e790d85b34365,asset_122938791c6b146a,D:\Projects\adb_vl\vision_platform\ads\runtime_collection\click_success\click_success_20260713_092333_686\crops\bbox.png,vision_platform\ads\runtime_collection\click_success\click_success_20260713_092333_686\crops\bbox.png,shared,crop,runtime_collection,raw,action_target,got
vision_platform\ads\pilot\action_classifier_v2\dataset\images\ads_action_v2_01107_close_asset_ff4135452321c27d.png,close,reviewed,click_success_20260713_092403_554,asset_ff4135452321c27d,vision_platform\ads\runtime_collection,got,action_target,,,,,file_92496cc044399074,asset_ff4135452321c27d,D:\Projects\adb_vl\vision_platform\ads\runtime_collection\click_success\click_success_20260713_092403_554\crops\bbox.png,vision_platform\ads\runtime_collection\click_success\click_success_20260713_092403_554\crops\bbox.png,shared,crop,runtime_collection,raw,action_target,got
vision_platform\ads\pilot\action_classifier_v2\dataset\images\ads_action_v2_01108_close_asset_42640b7956e1a5af.png,close,reviewed,click_success_20260713_092433_793,asset_42640b7956e1a5af,vision_platform\ads\runtime_collection,got,action_target,,,,,file_6baeafdbf1505b34,asset_42640b7956e1a5af,D:\Projects\adb_vl\vision_platform\ads\runtime_collection\click_success\click_success_20260713_092433_793\crops\bbox.png,vision_platform\ads\runtime_collection\click_success\click_success_20260713_092433_793\crops\bbox.png,shared,crop,runtime_collection,raw,action_target,got
vision_platform\ads\pilot\action_classifier_v2\dataset\images\ads_action_v2_01109_close_asset_d66a3b4c3a54e582.png,close,reviewed,click_success_20260713_092504_003,asset_d66a3b4c3a54e582,vision_platform\ads\runtime_collection,got,action_target,,,,,file_84a8d2e130401c22,asset_d66a3b4c3a54e582,D:\Projects\adb_vl\vision_platform\ads\runtime_collection\click_success\click_success_20260713_092504_003\crops\bbox.png,vision_platform\ads\runtime_collection\click_success\click_success_20260713_092504_003\crops\bbox.png,shared,crop,runtime_collection,raw,action_target,got
vision_platform\ads\pilot\action_classifier_v2\dataset\images\ads_action_v2_01110_close_asset_cd7bd45565e944d8.png,close,reviewed,click_success_20260713_092534_935,asset_cd7bd45565e944d8,vision_platform\ads\runtime_collection,got,action_target,,,,,file_3606147f537f0ca8,asset_cd7bd45565e944d8,D:\Projects\adb_vl\vision_platform\ads\runtime_collection\click_success\click_success_20260713_092534_935\crops\bbox.png,vision_platform\ads\runtime_collection\click_success\click_success_20260713_092534_935\crops\bbox.png,shared,crop,runtime_collection,raw,action_target,got
vision_platform\ads\pilot\action_classifier_v2\dataset\images\ads_action_v2_01111_close_asset_6555ba34f68fbad7.png,close,reviewed,click_success_20260713_092623_009,asset_6555ba34f68fbad7,vision_platform\ads\runtime_collection,got,action_target,,,,,file_8162960727650f5f,asset_6555ba34f68fbad7,D:\Projects\adb_vl\vision_platform\ads\runtime_collection\click_success\click_success_20260713_092623_009\crops\bbox.png,vision_platform\ads\runtime_collection\click_success\click_success_20260713_092623_009\crops\bbox.png,shared,crop,runtime_collection,raw,action_target,got
vision_platform\ads\pilot\action_classifier_v2\dataset\images\ads_action_v2_01112_close_asset_5d48d448576b133c.png,close,reviewed,click_success_20260713_092651_933,asset_5d48d448576b133c,vision_platform\ads\runtime_collection,got,action_target,,,,,file_e3d10cbaef88c1de,asset_5d48d448576b133c,D:\Projects\adb_vl\vision_platform\ads\runtime_collection\click_success\click_success_20260713_092651_933\crops\bbox.png,vision_platform\ads\runtime_collection\click_success\click_success_20260713_092651_933\crops\bbox.png,shared,crop,runtime_collection,raw,action_target,got
vision_platform\ads\pilot\action_classifier_v2\dataset\images\ads_action_v2_01113_close_asset_054e2d14776c7eaa.png,close,reviewed,click_success_20260713_092841_138,asset_054e2d14776c7eaa,vision_platform\ads\runtime_collection,got,action_target,,,,,file_d86e984d901f001c,asset_054e2d14776c7eaa,D:\Projects\adb_vl\vision_platform\ads\runtime_collection\click_success\click_success_20260713_092841_138\crops\bbox.png,vision_platform\ads\runtime_collection\click_success\click_success_20260713_092841_138\crops\bbox.png,shared,crop,runtime_collection,raw,action_target,got
vision_platform\ads\pilot\action_classifier_v2\dataset\images\ads_action_v2_01114_close_asset_ab19bac3e1d1fc80.png,close,reviewed,click_success_20260713_092910_536,asset_ab19bac3e1d1fc80,vision_platform\ads\runtime_collection,got,action_target,,,,,file_5127788b0383ad92,asset_ab19bac3e1d1fc80,D:\Projects\adb_vl\vision_platform\ads\runtime_collection\click_success\click_success_20260713_092910_536\crops\bbox.png,vision_platform\ads\runtime_collection\click_success\click_success_20260713_092910_536\crops\bbox.png,shared,crop,runtime_collection,raw,action_target,got
vision_platform\ads\pilot\action_classifier_v2\dataset\images\ads_action_v2_01115_close_asset_fe628b894f9e9d17.png,close,reviewed,click_success_20260713_092939_863,asset_fe628b894f9e9d17,vision_platform\ads\runtime_collection,got,action_target,,,,,file_fbaa02f8549aa9f7,asset_fe628b894f9e9d17,D:\Projects\adb_vl\vision_platform\ads\runtime_collection\click_success\click_success_20260713_092939_863\crops\bbox.png,vision_platform\ads\runtime_collection\click_success\click_success_20260713_092939_863\crops\bbox.png,shared,crop,runtime_collection,raw,action_target,got
vision_platform\ads\pilot\action_classifier_v2\dataset\images\ads_action_v2_01116_close_asset_9e94bd7f0e647f3d.png,close,reviewed,click_success_20260713_093009_136,asset_9e94bd7f0e647f3d,vision_platform\ads\runtime_collection,got,action_target,,,,,file_4170949ace142843,asset_9e94bd7f0e647f3d,D:\Projects\adb_vl\vision_platform\ads\runtime_collection\click_success\click_success_20260713_093009_136\crops\bbox.png,vision_platform\ads\runtime_collection\click_success\click_success_20260713_093009_136\crops\bbox.png,shared,crop,runtime_collection,raw,action_target,got
vision_platform\ads\pilot\action_classifier_v2\dataset\images\ads_action_v2_01117_close_asset_f6644fda6fd59f54.png,close,reviewed,click_success_20260713_093038_210,asset_f6644fda6fd59f54,vision_platform\ads\runtime_collection,got,action_target,,,,,file_a2e7dd396ff48987,asset_f6644fda6fd59f54,D:\Projects\adb_vl\vision_platform\ads\runtime_collection\click_success\click_success_20260713_093038_210\crops\bbox.png,vision_platform\ads\runtime_collection\click_success\click_success_20260713_093038_210\crops\bbox.png,shared,crop,runtime_collection,raw,action_target,got
vision_platform\ads\pilot\action_classifier_v2\dataset\images\ads_action_v2_01118_close_asset_97db52526fea1d31.png,close,reviewed,click_success_20260713_094928_844,asset_97db52526fea1d31,vision_platform\ads\runtime_collection,got,action_target,,,,,file_f9a4d13ef3124789,asset_97db52526fea1d31,D:\Projects\adb_vl\vision_platform\ads\runtime_collection\click_success\click_success_20260713_094928_844\crops\bbox.png,vision_platform\ads\runtime_collection\click_success\click_success_20260713_094928_844\crops\bbox.png,shared,crop,runtime_collection,raw,action_target,got
vision_platform\ads\pilot\action_classifier_v2\dataset\images\ads_action_v2_01119_close_asset_cbed584f4a7a79fc.png,close,reviewed,click_success_20260713_095051_741,asset_cbed584f4a7a79fc,vision_platform\ads\runtime_collection,got,action_target,,,,,file_11d37ff21c14074b,asset_cbed584f4a7a79fc,D:\Projects\adb_vl\vision_platform\ads\runtime_collection\click_success\click_success_20260713_095051_741\crops\bbox.png,vision_platform\ads\runtime_collection\click_success\click_success_20260713_095051_741\crops\bbox.png,shared,crop,runtime_collection,raw,action_target,got
vision_platform\ads\pilot\action_classifier_v2\dataset\images\ads_action_v2_01120_close_asset_183568ccccf9b17c.png,close,reviewed,click_success_20260713_095216_081,asset_183568ccccf9b17c,vision_platform\ads\runtime_collection,got,action_target,,,,,file_a067bd798a422f13,asset_183568ccccf9b17c,D:\Projects\adb_vl\vision_platform\ads\runtime_collection\click_success\click_success_20260713_095216_081\crops\bbox.png,vision_platform\ads\runtime_collection\click_success\click_success_20260713_095216_081\crops\bbox.png,shared,crop,runtime_collection,raw,action_target,got
vision_platform\ads\pilot\action_classifier_v2\dataset\images\ads_action_v2_01121_close_asset_3d50df392fb8fb02.png,close,reviewed,click_success_20260713_095340_430,asset_3d50df392fb8fb02,vision_platform\ads\runtime_collection,got,action_target,,,,,file_313025013de0d9bf,asset_3d50df392fb8fb02,D:\Projects\adb_vl\vision_platform\ads\runtime_collection\click_success\click_success_20260713_095340_430\crops\bbox.png,vision_platform\ads\runtime_collection\click_success\click_success_20260713_095340_430\crops\bbox.png,shared,crop,runtime_collection,raw,action_target,got
vision_platform\ads\pilot\action_classifier_v2\dataset\images\ads_action_v2_01122_close_asset_2055f74f2afad9a7.png,close,reviewed,click_success_20260713_095349_700,asset_2055f74f2afad9a7,vision_platform\ads\runtime_collection,free,action_target,,,,,file_dc8d7a91ae6c1b7a,asset_2055f74f2afad9a7,D:\Projects\adb_vl\vision_platform\ads\runtime_collection\click_success\click_success_20260713_095349_700\crops\bbox.png,vision_platform\ads\runtime_collection\click_success\click_success_20260713_095349_700\crops\bbox.png,shared,crop,runtime_collection,raw,action_target,free
vision_platform\ads\pilot\action_classifier_v2\dataset\images\ads_action_v2_01123_close_asset_c5baf12d61cdbd4b.png,close,reviewed,click_success_20260713_095502_252,asset_c5baf12d61cdbd4b,vision_platform\ads\runtime_collection,got,action_target,,,,,file_a798424dfdb246f2,asset_c5baf12d61cdbd4b,D:\Projects\adb_vl\vision_platform\ads\runtime_collection\click_success\click_success_20260713_095502_252\crops\bbox.png,vision_platform\ads\runtime_collection\click_success\click_success_20260713_095502_252\crops\bbox.png,shared,crop,runtime_collection,raw,action_target,got
vision_platform\ads\pilot\action_classifier_v2\dataset\images\ads_action_v2_01124_close_asset_01a630b36d6a62c1.png,close,reviewed,click_success_20260713_095511_360,asset_01a630b36d6a62c1,vision_platform\ads\runtime_collection,free,action_target,,,,,file_7898c2909207f993,asset_01a630b36d6a62c1,D:\Projects\adb_vl\vision_platform\ads\runtime_collection\click_success\click_success_20260713_095511_360\crops\bbox.png,vision_platform\ads\runtime_collection\click_success\click_success_20260713_095511_360\crops\bbox.png,shared,crop,runtime_collection,raw,action_target,free
vision_platform\ads\pilot\action_classifier_v2\dataset\images\ads_action_v2_01125_close_asset_741a7dc2efc4ab03.png,close,reviewed,click_success_20260713_095626_251,asset_741a7dc2efc4ab03,vision_platform\ads\runtime_collection,got,action_target,,,,,file_2d8c856bebd75ce8,asset_741a7dc2efc4ab03,D:\Projects\adb_vl\vision_platform\ads\runtime_collection\click_success\click_success_20260713_095626_251\crops\bbox.png,vision_platform\ads\runtime_collection\click_success\click_success_20260713_095626_251\crops\bbox.png,shared,crop,runtime_collection,raw,action_target,got
vision_platform\ads\pilot\action_classifier_v2\dataset\images\ads_action_v2_01126_close_asset_53debd4fe80fc84a.png,close,reviewed,click_success_20260713_095859_772,asset_53debd4fe80fc84a,vision_platform\ads\runtime_collection,got,action_target,,,,,file_f23916b7cd727fea,asset_53debd4fe80fc84a,D:\Projects\adb_vl\vision_platform\ads\runtime_collection\click_success\click_success_20260713_095859_772\crops\bbox.png,vision_platform\ads\runtime_collection\click_success\click_success_20260713_095859_772\crops\bbox.png,shared,crop,runtime_collection,raw,action_target,got
vision_platform\ads\pilot\action_classifier_v2\dataset\images\ads_action_v2_01127_close_asset_1d446d38215dd71a.png,close,reviewed,click_success_20260713_095959_600,asset_1d446d38215dd71a,vision_platform\ads\runtime_collection,got,action_target,,,,,file_1c570333b2533d97,asset_1d446d38215dd71a,D:\Projects\adb_vl\vision_platform\ads\runtime_collection\click_success\click_success_20260713_095959_600\crops\bbox.png,vision_platform\ads\runtime_collection\click_success\click_success_20260713_095959_600\crops\bbox.png,shared,crop,runtime_collection,raw,action_target,got
vision_platform\ads\pilot\action_classifier_v2\dataset\images\ads_action_v2_01128_close_asset_959ff3cdd6771a3f.png,close,reviewed,click_success_20260713_100053_163,asset_959ff3cdd6771a3f,vision_platform\ads\runtime_collection,play,action_target,,,,,file_a4dedb1f18ff9439,asset_959ff3cdd6771a3f,D:\Projects\adb_vl\vision_platform\ads\runtime_collection\click_success\click_success_20260713_100053_163\crops\bbox.png,vision_platform\ads\runtime_collection\click_success\click_success_20260713_100053_163\crops\bbox.png,shared,crop,runtime_collection,raw,action_target,play
vision_platform\ads\pilot\action_classifier_v2\dataset\images\ads_action_v2_01129_close_asset_b0b35ce09c8f69e6.png,close,reviewed,click_success_20260713_100125_922,asset_b0b35ce09c8f69e6,vision_platform\ads\runtime_collection,got,action_target,,,,,file_8fa1a19595654b28,asset_b0b35ce09c8f69e6,D:\Projects\adb_vl\vision_platform\ads\runtime_collection\click_success\click_success_20260713_100125_922\crops\bbox.png,vision_platform\ads\runtime_collection\click_success\click_success_20260713_100125_922\crops\bbox.png,shared,crop,runtime_collection,raw,action_target,got
vision_platform\ads\pilot\action_classifier_v2\dataset\images\ads_action_v2_01130_close_asset_fe9d31d6ed9b602d.png,close,reviewed,click_success_20260713_100202_021,asset_fe9d31d6ed9b602d,vision_platform\ads\runtime_collection,got,action_target,,,,,file_a6dbca664e932053,asset_fe9d31d6ed9b602d,D:\Projects\adb_vl\vision_platform\ads\runtime_collection\click_success\click_success_20260713_100202_021\crops\bbox.png,vision_platform\ads\runtime_collection\click_success\click_success_20260713_100202_021\crops\bbox.png,shared,crop,runtime_collection,raw,action_target,got
vision_platform\ads\pilot\action_classifier_v2\dataset\images\ads_action_v2_01131_close_asset_93e8a1c52eeed49d.png,close,reviewed,click_success_20260713_100253_288,asset_93e8a1c52eeed49d,vision_platform\ads\runtime_collection,got,action_target,,,,,file_4779a278b028aa94,asset_93e8a1c52eeed49d,D:\Projects\adb_vl\vision_platform\ads\runtime_collection\click_success\click_success_20260713_100253_288\crops\bbox.png,vision_platform\ads\runtime_collection\click_success\click_success_20260713_100253_288\crops\bbox.png,shared,crop,runtime_collection,raw,action_target,got
vision_platform\ads\pilot\action_classifier_v2\dataset\images\ads_action_v2_01132_close_asset_d6ebeced837f0875.png,close,reviewed,click_success_20260713_100301_337,asset_d6ebeced837f0875,vision_platform\ads\runtime_collection,play,action_target,,,,,file_333b52283f37291a,asset_d6ebeced837f0875,D:\Projects\adb_vl\vision_platform\ads\runtime_collection\click_success\click_success_20260713_100301_337\crops\bbox.png,vision_platform\ads\runtime_collection\click_success\click_success_20260713_100301_337\crops\bbox.png,shared,crop,runtime_collection,raw,action_target,play
vision_platform\ads\pilot\action_classifier_v2\dataset\images\ads_action_v2_01133_close_asset_ec0f3962ae857614.png,close,reviewed,click_success_20260713_100337_863,asset_ec0f3962ae857614,vision_platform\ads\runtime_collection,got,action_target,,,,,file_c4b10a260a8dd4ba,asset_ec0f3962ae857614,D:\Projects\adb_vl\vision_platform\ads\runtime_collection\click_success\click_success_20260713_100337_863\crops\bbox.png,vision_platform\ads\runtime_collection\click_success\click_success_20260713_100337_863\crops\bbox.png,shared,crop,runtime_collection,raw,action_target,got
vision_platform\ads\pilot\action_classifier_v2\dataset\images\ads_action_v2_01134_close_asset_b0fb1915ebdcef1f.png,close,reviewed,click_success_20260713_100345_889,asset_b0fb1915ebdcef1f,vision_platform\ads\runtime_collection,play,action_target,,,,,file_98370146f870c367,asset_b0fb1915ebdcef1f,D:\Projects\adb_vl\vision_platform\ads\runtime_collection\click_success\click_success_20260713_100345_889\crops\bbox.png,vision_platform\ads\runtime_collection\click_success\click_success_20260713_100345_889\crops\bbox.png,shared,crop,runtime_collection,raw,action_target,play
vision_platform\ads\pilot\action_classifier_v2\dataset\images\ads_action_v2_01135_close_asset_b1f9c1b9f8fac2f0.png,close,reviewed,click_success_20260713_100456_732,asset_b1f9c1b9f8fac2f0,vision_platform\ads\runtime_collection,got,action_target,,,,,file_3812d68168c166a4,asset_b1f9c1b9f8fac2f0,D:\Projects\adb_vl\vision_platform\ads\runtime_collection\click_success\click_success_20260713_100456_732\crops\bbox.png,vision_platform\ads\runtime_collection\click_success\click_success_20260713_100456_732\crops\bbox.png,shared,crop,runtime_collection,raw,action_target,got
vision_platform\ads\pilot\action_classifier_v2\dataset\images\ads_action_v2_01136_close_asset_6464ee682b6e9539.png,close,reviewed,click_success_20260713_102018_720,asset_6464ee682b6e9539,vision_platform\ads\runtime_collection,got,action_target,,,,,file_396637fffb08b166,asset_6464ee682b6e9539,D:\Projects\adb_vl\vision_platform\ads\runtime_collection\click_success\click_success_20260713_102018_720\crops\bbox.png,vision_platform\ads\runtime_collection\click_success\click_success_20260713_102018_720\crops\bbox.png,shared,crop,runtime_collection,raw,action_target,got
vision_platform\ads\pilot\action_classifier_v2\dataset\images\ads_action_v2_01137_close_asset_14a81fb73235b2ae.png,close,reviewed,click_success_20260713_102027_859,asset_14a81fb73235b2ae,vision_platform\ads\runtime_collection,free,action_target,,,,,file_e399230a20703d71,asset_14a81fb73235b2ae,D:\Projects\adb_vl\vision_platform\ads\runtime_collection\click_success\click_success_20260713_102027_859\crops\bbox.png,vision_platform\ads\runtime_collection\click_success\click_success_20260713_102027_859\crops\bbox.png,shared,crop,runtime_collection,raw,action_target,free
vision_platform\ads\pilot\action_classifier_v2\dataset\images\ads_action_v2_01138_close_asset_a6a1a807225333d3.png,close,reviewed,click_success_20260713_102143_549,asset_a6a1a807225333d3,vision_platform\ads\runtime_collection,got,action_target,,,,,file_62c3dd3102650707,asset_a6a1a807225333d3,D:\Projects\adb_vl\vision_platform\ads\runtime_collection\click_success\click_success_20260713_102143_549\crops\bbox.png,vision_platform\ads\runtime_collection\click_success\click_success_20260713_102143_549\crops\bbox.png,shared,crop,runtime_collection,raw,action_target,got
vision_platform\ads\pilot\action_classifier_v2\dataset\images\ads_action_v2_01139_close_asset_263d9bbf7a74f119.png,close,reviewed,click_success_20260713_102305_939,asset_263d9bbf7a74f119,vision_platform\ads\runtime_collection,got,action_target,,,,,file_6c9d7fd2cf8b2a09,asset_263d9bbf7a74f119,D:\Projects\adb_vl\vision_platform\ads\runtime_collection\click_success\click_success_20260713_102305_939\crops\bbox.png,vision_platform\ads\runtime_collection\click_success\click_success_20260713_102305_939\crops\bbox.png,shared,crop,runtime_collection,raw,action_target,got
vision_platform\ads\pilot\action_classifier_v2\dataset\images\ads_action_v2_01140_close_asset_09db06e79617a5ab.png,close,reviewed,click_success_20260713_102427_930,asset_09db06e79617a5ab,vision_platform\ads\runtime_collection,got,action_target,,,,,file_ec52bec92f18b3a6,asset_09db06e79617a5ab,D:\Projects\adb_vl\vision_platform\ads\runtime_collection\click_success\click_success_20260713_102427_930\crops\bbox.png,vision_platform\ads\runtime_collection\click_success\click_success_20260713_102427_930\crops\bbox.png,shared,crop,runtime_collection,raw,action_target,got
vision_platform\ads\pilot\action_classifier_v2\dataset\images\ads_action_v2_01141_close_asset_b24e578fa8ac8e25.png,close,reviewed,click_success_20260713_102437_108,asset_b24e578fa8ac8e25,vision_platform\ads\runtime_collection,free,action_target,,,,,file_6950c99c8d27fc0f,asset_b24e578fa8ac8e25,D:\Projects\adb_vl\vision_platform\ads\runtime_collection\click_success\click_success_20260713_102437_108\crops\bbox.png,vision_platform\ads\runtime_collection\click_success\click_success_20260713_102437_108\crops\bbox.png,shared,crop,runtime_collection,raw,action_target,free
vision_platform\ads\pilot\action_classifier_v2\dataset\images\ads_action_v2_01142_close_asset_cc988facf7de4b10.png,close,reviewed,click_success_20260713_102516_921,asset_cc988facf7de4b10,vision_platform\ads\runtime_collection,got,action_target,,,,,file_561deffd5e29abeb,asset_cc988facf7de4b10,D:\Projects\adb_vl\vision_platform\ads\runtime_collection\click_success\click_success_20260713_102516_921\crops\bbox.png,vision_platform\ads\runtime_collection\click_success\click_success_20260713_102516_921\crops\bbox.png,shared,crop,runtime_collection,raw,action_target,got
vision_platform\ads\pilot\action_classifier_v2\dataset\images\ads_action_v2_01143_close_asset_49c3633bf8d96c23.png,close,reviewed,click_success_20260713_102525_452,asset_49c3633bf8d96c23,vision_platform\ads\runtime_collection,free,action_target,,,,,file_034039de9157fe6e,asset_49c3633bf8d96c23,D:\Projects\adb_vl\vision_platform\ads\runtime_collection\click_success\click_success_20260713_102525_452\crops\bbox.png,vision_platform\ads\runtime_collection\click_success\click_success_20260713_102525_452\crops\bbox.png,shared,crop,runtime_collection,raw,action_target,free
vision_platform\ads\pilot\action_classifier_v2\dataset\images\ads_action_v2_01144_close_asset_8f85cf781a2c4892.png,close,reviewed,click_success_20260713_102609_950,asset_8f85cf781a2c4892,vision_platform\ads\runtime_collection,got,action_target,,,,,file_f759dfcce3ea6dba,asset_8f85cf781a2c4892,D:\Projects\adb_vl\vision_platform\ads\runtime_collection\click_success\click_success_20260713_102609_950\crops\bbox.png,vision_platform\ads\runtime_collection\click_success\click_success_20260713_102609_950\crops\bbox.png,shared,crop,runtime_collection,raw,action_target,got
vision_platform\ads\pilot\action_classifier_v2\dataset\images\ads_action_v2_01145_close_asset_673e1ce09b1c7183.png,close,reviewed,click_success_20260713_102831_533,asset_673e1ce09b1c7183,vision_platform\ads\runtime_collection,got,action_target,,,,,file_4efc8ba784626b00,asset_673e1ce09b1c7183,D:\Projects\adb_vl\vision_platform\ads\runtime_collection\click_success\click_success_20260713_102831_533\crops\bbox.png,vision_platform\ads\runtime_collection\click_success\click_success_20260713_102831_533\crops\bbox.png,shared,crop,runtime_collection,raw,action_target,got
vision_platform\ads\pilot\action_classifier_v2\dataset\images\ads_action_v2_01146_close_asset_88b020cf71cd95fe.png,close,reviewed,click_success_20260713_102950_486,asset_88b020cf71cd95fe,vision_platform\ads\runtime_collection,got,action_target,,,,,file_5bb144b3ebce64b2,asset_88b020cf71cd95fe,D:\Projects\adb_vl\vision_platform\ads\runtime_collection\click_success\click_success_20260713_102950_486\crops\bbox.png,vision_platform\ads\runtime_collection\click_success\click_success_20260713_102950_486\crops\bbox.png,shared,crop,runtime_collection,raw,action_target,got
vision_platform\ads\pilot\action_classifier_v2\dataset\images\ads_action_v2_01147_close_asset_d94098ff97a6d4e1.png,close,reviewed,click_success_20260713_103115_232,asset_d94098ff97a6d4e1,vision_platform\ads\runtime_collection,got,action_target,,,,,file_a5745491741dd931,asset_d94098ff97a6d4e1,D:\Projects\adb_vl\vision_platform\ads\runtime_collection\click_success\click_success_20260713_103115_232\crops\bbox.png,vision_platform\ads\runtime_collection\click_success\click_success_20260713_103115_232\crops\bbox.png,shared,crop,runtime_collection,raw,action_target,got
vision_platform\ads\pilot\action_classifier_v2\dataset\images\ads_action_v2_01148_close_asset_76e8e41d64c43242.png,close,reviewed,click_success_20260713_103123_852,asset_76e8e41d64c43242,vision_platform\ads\runtime_collection,play,action_target,,,,,file_53aaf77bc2d63184,asset_76e8e41d64c43242,D:\Projects\adb_vl\vision_platform\ads\runtime_collection\click_success\click_success_20260713_103123_852\crops\bbox.png,vision_platform\ads\runtime_collection\click_success\click_success_20260713_103123_852\crops\bbox.png,shared,crop,runtime_collection,raw,action_target,play
vision_platform\ads\pilot\action_classifier_v2\dataset\images\ads_action_v2_01149_close_asset_56d393572f6f818f.png,close,reviewed,click_success_20260713_103240_006,asset_56d393572f6f818f,vision_platform\ads\runtime_collection,got,action_target,,,,,file_0e55e2d594079fed,asset_56d393572f6f818f,D:\Projects\adb_vl\vision_platform\ads\runtime_collection\click_success\click_success_20260713_103240_006\crops\bbox.png,vision_platform\ads\runtime_collection\click_success\click_success_20260713_103240_006\crops\bbox.png,shared,crop,runtime_collection,raw,action_target,got
vision_platform\ads\pilot\action_classifier_v2\dataset\images\ads_action_v2_01150_close_asset_472bfd838b165cc8.png,close,reviewed,click_success_20260713_103248_223,asset_472bfd838b165cc8,vision_platform\ads\runtime_collection,play,action_target,,,,,file_0cb007c6af738353,asset_472bfd838b165cc8,D:\Projects\adb_vl\vision_platform\ads\runtime_collection\click_success\click_success_20260713_103248_223\crops\bbox.png,vision_platform\ads\runtime_collection\click_success\click_success_20260713_103248_223\crops\bbox.png,shared,crop,runtime_collection,raw,action_target,play
vision_platform\ads\pilot\action_classifier_v2\dataset\images\ads_action_v2_01151_close_asset_2b0bcfa2d943e368.png,close,reviewed,click_success_20260713_103403_052,asset_2b0bcfa2d943e368,vision_platform\ads\runtime_collection,got,action_target,,,,,file_da898d64ad5b3d30,asset_2b0bcfa2d943e368,D:\Projects\adb_vl\vision_platform\ads\runtime_collection\click_success\click_success_20260713_103403_052\crops\bbox.png,vision_platform\ads\runtime_collection\click_success\click_success_20260713_103403_052\crops\bbox.png,shared,crop,runtime_collection,raw,action_target,got
vision_platform\ads\pilot\action_classifier_v2\dataset\images\ads_action_v2_01152_close_asset_c2c2dd5810451d31.png,close,reviewed,click_success_20260713_103411_857,asset_c2c2dd5810451d31,vision_platform\ads\runtime_collection,play,action_target,,,,,file_95b833f90a11d605,asset_c2c2dd5810451d31,D:\Projects\adb_vl\vision_platform\ads\runtime_collection\click_success\click_success_20260713_103411_857\crops\bbox.png,vision_platform\ads\runtime_collection\click_success\click_success_20260713_103411_857\crops\bbox.png,shared,crop,runtime_collection,raw,action_target,play
vision_platform\ads\pilot\action_classifier_v2\dataset\images\ads_action_v2_01153_close_asset_6e8a5d255426a167.png,close,reviewed,click_success_20260713_103520_712,asset_6e8a5d255426a167,vision_platform\ads\runtime_collection,got,action_target,,,,,file_02ce57272c84b6f5,asset_6e8a5d255426a167,D:\Projects\adb_vl\vision_platform\ads\runtime_collection\click_success\click_success_20260713_103520_712\crops\bbox.png,vision_platform\ads\runtime_collection\click_success\click_success_20260713_103520_712\crops\bbox.png,shared,crop,runtime_collection,raw,action_target,got
vision_platform\ads\pilot\action_classifier_v2\dataset\images\ads_action_v2_01154_close_asset_ebdc895ca71436f4.png,close,reviewed,click_success_20260713_103528_711,asset_ebdc895ca71436f4,vision_platform\ads\runtime_collection,play,action_target,,,,,file_5d7a867c228aefef,asset_ebdc895ca71436f4,D:\Projects\adb_vl\vision_platform\ads\runtime_collection\click_success\click_success_20260713_103528_711\crops\bbox.png,vision_platform\ads\runtime_collection\click_success\click_success_20260713_103528_711\crops\bbox.png,shared,crop,runtime_collection,raw,action_target,play
vision_platform\ads\pilot\action_classifier_v2\dataset\images\ads_action_v2_01155_close_asset_5d8ca4120212a47b.png,close,reviewed,click_success_20260713_103609_541,asset_5d8ca4120212a47b,vision_platform\ads\runtime_collection,got,action_target,,,,,file_dd15bfd220012da9,asset_5d8ca4120212a47b,D:\Projects\adb_vl\vision_platform\ads\runtime_collection\click_success\click_success_20260713_103609_541\crops\bbox.png,vision_platform\ads\runtime_collection\click_success\click_success_20260713_103609_541\crops\bbox.png,shared,crop,runtime_collection,raw,action_target,got
vision_platform\ads\pilot\action_classifier_v2\dataset\images\ads_action_v2_01156_close_asset_0ca047e6691654c6.png,close,reviewed,click_success_20260713_132432_330,asset_0ca047e6691654c6,vision_platform\ads\runtime_collection,free,action_target,,,,,file_a574b3c911c67677,asset_0ca047e6691654c6,D:\Projects\adb_vl\vision_platform\ads\runtime_collection\click_success\click_success_20260713_132432_330\crops\bbox.png,vision_platform\ads\runtime_collection\click_success\click_success_20260713_132432_330\crops\bbox.png,shared,crop,runtime_collection,raw,action_target,free
vision_platform\ads\pilot\action_classifier_v2\dataset\images\ads_action_v2_01157_close_asset_1ff75886bdde89cb.png,close,reviewed,click_success_20260713_132517_247,asset_1ff75886bdde89cb,vision_platform\ads\runtime_collection,got,action_target,,,,,file_20bbead1e685ba75,asset_1ff75886bdde89cb,D:\Projects\adb_vl\vision_platform\ads\runtime_collection\click_success\click_success_20260713_132517_247\crops\bbox.png,vision_platform\ads\runtime_collection\click_success\click_success_20260713_132517_247\crops\bbox.png,shared,crop,runtime_collection,raw,action_target,got
vision_platform\ads\pilot\action_classifier_v2\dataset\images\ads_action_v2_01158_close_asset_fac9e420afb5975f.png,close,reviewed,click_success_20260713_132525_866,asset_fac9e420afb5975f,vision_platform\ads\runtime_collection,free,action_target,,,,,file_1d5070a87234423c,asset_fac9e420afb5975f,D:\Projects\adb_vl\vision_platform\ads\runtime_collection\click_success\click_success_20260713_132525_866\crops\bbox.png,vision_platform\ads\runtime_collection\click_success\click_success_20260713_132525_866\crops\bbox.png,shared,crop,runtime_collection,raw,action_target,free
vision_platform\ads\pilot\action_classifier_v2\dataset\images\ads_action_v2_01159_close_asset_25a22f5df74ffae1.png,close,reviewed,click_success_20260713_132613_620,asset_25a22f5df74ffae1,vision_platform\ads\runtime_collection,got,action_target,,,,,file_e41974232e7b3369,asset_25a22f5df74ffae1,D:\Projects\adb_vl\vision_platform\ads\runtime_collection\click_success\click_success_20260713_132613_620\crops\bbox.png,vision_platform\ads\runtime_collection\click_success\click_success_20260713_132613_620\crops\bbox.png,shared,crop,runtime_collection,raw,action_target,got
vision_platform\ads\pilot\action_classifier_v2\dataset\images\ads_action_v2_01160_not_close_asset_b899a1551a4caae2.png,not_close,reviewed,ads2/assets/1_templates/scene_anchors,asset_b899a1551a4caae2,ads2\assets\1_templates,時間沙漏,non_action_target,,,,,file_b0bca87bf3793c53,asset_b899a1551a4caae2,D:\Projects\adb_vl\ads2\assets\1_templates\scene_anchors\scene_2.png,ads2\assets\1_templates\scene_anchors\scene_2.png,shared,template,template,raw,non_action_target,時間沙漏
vision_platform\ads\pilot\action_classifier_v2\dataset\images\ads_action_v2_01161_not_close_asset_32ca1dbfa59909e8.png,not_close,reviewed,ads2/assets/1_templates/scene_anchors,asset_32ca1dbfa59909e8,ads2\assets\1_templates,探寶鏟,non_action_target,,,,,file_9d452ad7cfee6cc4,asset_32ca1dbfa59909e8,D:\Projects\adb_vl\ads2\assets\1_templates\scene_anchors\scene_3.png,ads2\assets\1_templates\scene_anchors\scene_3.png,shared,template,template,raw,non_action_target,探寶鏟
vision_platform\ads\pilot\action_classifier_v2\dataset\images\ads_action_v2_01162_not_close_asset_00431f24c5580203.png,not_close,reviewed,ads2/assets/1_templates/scene_anchors,asset_00431f24c5580203,ads2\assets\1_templates,王國金庫,non_action_target,,,,,file_c51f6d25bf440109,asset_00431f24c5580203,D:\Projects\adb_vl\ads2\assets\1_templates\scene_anchors\王國金庫.png,ads2\assets\1_templates\scene_anchors\王國金庫.png,shared,template,template,raw,non_action_target,王國金庫
vision_platform\ads\pilot\action_classifier_v2\dataset\images\ads_action_v2_01163_not_close_asset_b899a1551a4caae2.png,not_close,reviewed,ads2/assets/2_communication,asset_b899a1551a4caae2,ads2\assets\2_communication,時間沙漏,non_action_target,,,,,file_949c0892879941c4,asset_b899a1551a4caae2,D:\Projects\adb_vl\ads2\assets\2_communication\crop_20260614_154725.png,ads2\assets\2_communication\crop_20260614_154725.png,shared,crop,review_asset,raw,non_action_target,時間沙漏
vision_platform\ads\pilot\action_classifier_v2\dataset\images\ads_action_v2_01164_not_close_asset_32ca1dbfa59909e8.png,not_close,reviewed,ads2/assets/2_communication,asset_32ca1dbfa59909e8,ads2\assets\2_communication,探寶鏟,non_action_target,,,,,file_8a8ca262545a52fb,asset_32ca1dbfa59909e8,D:\Projects\adb_vl\ads2\assets\2_communication\crop_20260614_171018.png,ads2\assets\2_communication\crop_20260614_171018.png,shared,crop,review_asset,raw,non_action_target,探寶鏟
