image_path,families,label_x_mark,label_play_triangle,label_google_play,label_next,label_free,label_got,label_arrow,split,group_key,instance_id,content_id,relative_path,is_confirmed_strong_hard_negative
vision_platform\ads\pilot\visual_family_smoke_20260722\after_review\dataset\images\vf_00001_google_play_asset_7dbc3094aa7539f0.png,google_play,0,0,1,0,0,0,0,train,content:asset_7dbc3094aa7539f0,file_245ef374f6c4268c,asset_7dbc3094aa7539f0,ads2\assets\1_templates\close_icons\ad_issue_20260606_042257_roi_0.png,0
vision_platform\ads\pilot\visual_family_smoke_20260722\after_review\dataset\images\vf_00002_x_mark_asset_d94a12829e570c5c.png,x_mark,1,0,0,0,0,0,0,test,content:asset_d94a12829e570c5c,file_c1b82b89ebab2308,asset_d94a12829e570c5c,ads2\assets\1_templates\close_icons\ad_issue_20260606_042353_roi_0.png,0
vision_platform\ads\pilot\visual_family_smoke_20260722\after_review\dataset\images\vf_00003_x_mark_asset_62c0598db37c8764.png,x_mark,1,0,0,0,0,0,0,train,content:asset_62c0598db37c8764,file_0796700f3e89b234,asset_62c0598db37c8764,ads2\assets\1_templates\close_icons\ad_issue_20260606_042429_roi_0.png,0
vision_platform\ads\pilot\visual_family_smoke_20260722\after_review\dataset\images\vf_00004_x_mark_asset_643bd48faa917df4.png,x_mark,1,0,0,0,0,0,0,val,content:asset_643bd48faa917df4,file_ed7ecf2d8c86d633,asset_643bd48faa917df4,ads2\assets\1_templates\close_icons\ad_issue_20260606_043419_roi_0.png,0
vision_platform\ads\pilot\visual_family_smoke_20260722\after_review\dataset\images\vf_00005_arrow_asset_759712a0fa58d9bb.png,arrow,0,0,0,0,0,0,1,train,content:asset_759712a0fa58d9bb,file_e98356e6d5b0d025,asset_759712a0fa58d9bb,ads2\assets\1_templates\close_icons\ad_issue_20260606_044156_roi_0.png,0
vision_platform\ads\pilot\visual_family_smoke_20260722\after_review\dataset\images\vf_00006_x_mark_asset_811965ed2f4bf3fe.png,x_mark,1,0,0,0,0,0,0,train,content:asset_811965ed2f4bf3fe,file_ff68673e47bf2194,asset_811965ed2f4bf3fe,ads2\assets\1_templates\close_icons\ad_issue_20260606_044653_roi_0.png,0
vision_platform\ads\pilot\visual_family_smoke_20260722\after_review\dataset\images\vf_00007_x_mark_asset_ef19a71539533c38.png,x_mark,1,0,0,0,0,0,0,train,content:asset_ef19a71539533c38,file_0c54c714e6e4e54c,asset_ef19a71539533c38,ads2\assets\1_templates\close_icons\ad_issue_20260606_044717_roi_0.png,0
vision_platform\ads\pilot\visual_family_smoke_20260722\after_review\dataset\images\vf_00008_play_triangle_asset_f05a7a52f60d291b.png,play_triangle,0,1,0,0,0,0,0,test,content:asset_f05a7a52f60d291b,file_38f39cb8171bbccd,asset_f05a7a52f60d291b,ads2\assets\1_templates\close_icons\ad_issue_20260606_045316_roi_0.png,0
vision_platform\ads\pilot\visual_family_smoke_20260722\after_review\dataset\images\vf_00009_google_play_asset_ee02f730b82612e5.png,google_play,0,0,1,0,0,0,0,train,content:asset_ee02f730b82612e5,file_01fce48c5f827243,asset_ee02f730b82612e5,ads2\assets\1_templates\close_icons\ad_issue_20260606_045709_roi_0.png,0
vision_platform\ads\pilot\visual_family_smoke_20260722\after_review\dataset\images\vf_00010_x_mark_asset_ca994ca16a3dcd00.png,x_mark,1,0,0,0,0,0,0,test,content:asset_ca994ca16a3dcd00,file_53f6b240d7847ed6,asset_ca994ca16a3dcd00,ads2\assets\1_templates\close_icons\ad_issue_20260606_052002_roi_15.png,0
vision_platform\ads\pilot\visual_family_smoke_20260722\after_review\dataset\images\vf_00011_x_mark_asset_2a7b5573529608a3.png,x_mark,1,0,0,0,0,0,0,train,content:asset_2a7b5573529608a3,file_a4f0c7925d120a09,asset_2a7b5573529608a3,ads2\assets\1_templates\close_icons\ad_issue_20260606_052302_roi_0.png,0
vision_platform\ads\pilot\visual_family_smoke_20260722\after_review\dataset\images\vf_00012_next_asset_8829832efa233731.png,next,0,0,0,1,0,0,0,train,content:asset_8829832efa233731,file_8adc86c006864b12,asset_8829832efa233731,ads2\assets\1_templates\close_icons\ad_issue_20260606_081550_roi_9.png,0
vision_platform\ads\pilot\visual_family_smoke_20260722\after_review\dataset\images\vf_00013_google_play_asset_bf08eee05826fbbb.png,google_play,0,0,1,0,0,0,0,train,content:asset_bf08eee05826fbbb,file_541955e3cd16d297,asset_bf08eee05826fbbb,ads2\assets\1_templates\close_icons\ad_issue_20260606_082946_roi_0.png,0
vision_platform\ads\pilot\visual_family_smoke_20260722\after_review\dataset\images\vf_00014_google_play_asset_d67b35832487e707.png,google_play,0,0,1,0,0,0,0,train,content:asset_d67b35832487e707,file_f897e9b9181629ee,asset_d67b35832487e707,ads2\assets\1_templates\close_icons\ad_issue_20260606_083435_roi_0.png,0
vision_platform\ads\pilot\visual_family_smoke_20260722\after_review\dataset\images\vf_00015_google_play_asset_0038b293d3fef86c.png,google_play,0,0,1,0,0,0,0,train,content:asset_0038b293d3fef86c,file_183d636c777c6ea5,asset_0038b293d3fef86c,ads2\assets\1_templates\close_icons\ad_issue_20260606_084107_roi_0.png,0
vision_platform\ads\pilot\visual_family_smoke_20260722\after_review\dataset\images\vf_00016_play_triangle_asset_c67d1ef1a4afa50d.png,play_triangle,0,1,0,0,0,0,0,train,content:asset_c67d1ef1a4afa50d,file_50c793b7bc956a13,asset_c67d1ef1a4afa50d,ads2\assets\1_templates\close_icons\close_1.png,0
vision_platform\ads\pilot\visual_family_smoke_20260722\after_review\dataset\images\vf_00017_play_triangle_asset_5b3fbaac886e6b1c.png,play_triangle,0,1,0,0,0,0,0,train,content:asset_5b3fbaac886e6b1c,file_13eecab8cd7c9374,asset_5b3fbaac886e6b1c,ads2\assets\1_templates\close_icons\close_10.png,0
vision_platform\ads\pilot\visual_family_smoke_20260722\after_review\dataset\images\vf_00018_arrow_asset_814457f65714bfe8.png,arrow,0,0,0,0,0,0,1,train,content:asset_814457f65714bfe8,file_910f6d13ad48178b,asset_814457f65714bfe8,ads2\assets\1_templates\close_icons\close_11.png,0
vision_platform\ads\pilot\visual_family_smoke_20260722\after_review\dataset\images\vf_00019_x_mark_asset_44aa502360ac075b.png,x_mark,1,0,0,0,0,0,0,train,content:asset_44aa502360ac075b,file_88b1cc8a3de93123,asset_44aa502360ac075b,ads2\assets\1_templates\close_icons\close_12.png,0
vision_platform\ads\pilot\visual_family_smoke_20260722\after_review\dataset\images\vf_00020_play_triangle_asset_781a510f3a857316.png,play_triangle,0,1,0,0,0,0,0,train,content:asset_781a510f3a857316,file_a5a5bd5ba2f1d724,asset_781a510f3a857316,ads2\assets\1_templates\close_icons\close_13.png,0
vision_platform\ads\pilot\visual_family_smoke_20260722\after_review\dataset\images\vf_00021_x_mark_asset_7513f11f0e141a8c.png,x_mark,1,0,0,0,0,0,0,val,content:asset_7513f11f0e141a8c,file_e01dd7c029653e86,asset_7513f11f0e141a8c,ads2\assets\1_templates\close_icons\close_14.png,0
vision_platform\ads\pilot\visual_family_smoke_20260722\after_review\dataset\images\vf_00022_arrow_asset_b7e64faadd9ca7c4.png,arrow,0,0,0,0,0,0,1,train,content:asset_b7e64faadd9ca7c4,file_4bf9c732ffcf4bd7,asset_b7e64faadd9ca7c4,ads2\assets\1_templates\close_icons\close_15.png,0
vision_platform\ads\pilot\visual_family_smoke_20260722\after_review\dataset\images\vf_00023_play_triangle_asset_5d7e57a62103e2c1.png,play_triangle,0,1,0,0,0,0,0,test,content:asset_5d7e57a62103e2c1,file_f1c7f92038128586,asset_5d7e57a62103e2c1,ads2\assets\1_templates\close_icons\close_16.png,0
vision_platform\ads\pilot\visual_family_smoke_20260722\after_review\dataset\images\vf_00024_x_mark_asset_9fdb4db2e3fe6848.png,x_mark,1,0,0,0,0,0,0,val,content:asset_9fdb4db2e3fe6848,file_c6293287feb9bff3,asset_9fdb4db2e3fe6848,ads2\assets\1_templates\close_icons\close_17.png,0
vision_platform\ads\pilot\visual_family_smoke_20260722\after_review\dataset\images\vf_00025_play_triangle_asset_db80ab2f7ad7e606.png,play_triangle,0,1,0,0,0,0,0,val,content:asset_db80ab2f7ad7e606,file_54f5287c84fc7e1d,asset_db80ab2f7ad7e606,ads2\assets\1_templates\close_icons\close_18.png,0
vision_platform\ads\pilot\visual_family_smoke_20260722\after_review\dataset\images\vf_00026_play_triangle_asset_e3aa0c73c537c671.png,play_triangle,0,1,0,0,0,0,0,train,content:asset_e3aa0c73c537c671,file_a195dd7ba6135547,asset_e3aa0c73c537c671,ads2\assets\1_templates\close_icons\close_19.png,0
vision_platform\ads\pilot\visual_family_smoke_20260722\after_review\dataset\images\vf_00027_x_mark_asset_565f2f8c61c441ed.png,x_mark,1,0,0,0,0,0,0,val,content:asset_565f2f8c61c441ed,file_e16e35dc922172f8,asset_565f2f8c61c441ed,ads2\assets\1_templates\close_icons\close_2.png,0
vision_platform\ads\pilot\visual_family_smoke_20260722\after_review\dataset\images\vf_00028_play_triangle_asset_fe436527d7d5643c.png,play_triangle,0,1,0,0,0,0,0,train,content:asset_fe436527d7d5643c,file_2200224e47c6acf2,asset_fe436527d7d5643c,ads2\assets\1_templates\close_icons\close_20.png,0
vision_platform\ads\pilot\visual_family_smoke_20260722\after_review\dataset\images\vf_00029_play_triangle_asset_927b02d71a0d5e87.png,play_triangle,0,1,0,0,0,0,0,val,content:asset_927b02d71a0d5e87,file_857e5225a2b06af8,asset_927b02d71a0d5e87,ads2\assets\1_templates\close_icons\close_21.png,0
vision_platform\ads\pilot\visual_family_smoke_20260722\after_review\dataset\images\vf_00030_play_triangle_asset_384d89598f4f57fc.png,play_triangle,0,1,0,0,0,0,0,train,content:asset_384d89598f4f57fc,file_d109bb027585db3a,asset_384d89598f4f57fc,ads2\assets\1_templates\close_icons\close_22.png,0
vision_platform\ads\pilot\visual_family_smoke_20260722\after_review\dataset\images\vf_00031_play_triangle_asset_0f7f87e6da29ae62.png,play_triangle,0,1,0,0,0,0,0,val,content:asset_0f7f87e6da29ae62,file_abf6a9593a794d4f,asset_0f7f87e6da29ae62,ads2\assets\1_templates\close_icons\close_23.png,0
vision_platform\ads\pilot\visual_family_smoke_20260722\after_review\dataset\images\vf_00032_x_mark_asset_0adb2ecfead6543b.png,x_mark,1,0,0,0,0,0,0,train,content:asset_0adb2ecfead6543b,file_4a39bc8220b54bcf,asset_0adb2ecfead6543b,ads2\assets\1_templates\close_icons\close_24.png,0
vision_platform\ads\pilot\visual_family_smoke_20260722\after_review\dataset\images\vf_00033_x_mark_asset_d9b4a93cc253ae66.png,x_mark,1,0,0,0,0,0,0,train,content:asset_d9b4a93cc253ae66,file_acc7870ed969732e,asset_d9b4a93cc253ae66,ads2\assets\1_templates\close_icons\close_25.png,0
vision_platform\ads\pilot\visual_family_smoke_20260722\after_review\dataset\images\vf_00034_play_triangle_asset_649d289a08c9fe33.png,play_triangle,0,1,0,0,0,0,0,train,content:asset_649d289a08c9fe33,file_2aafaa2342e7ff6d,asset_649d289a08c9fe33,ads2\assets\1_templates\close_icons\close_3.png,0
vision_platform\ads\pilot\visual_family_smoke_20260722\after_review\dataset\images\vf_00035_play_triangle_asset_00f02ef77adb18c4.png,play_triangle,0,1,0,0,0,0,0,train,content:asset_00f02ef77adb18c4,file_d4c87444e5015593,asset_00f02ef77adb18c4,ads2\assets\1_templates\close_icons\close_4.png,0
vision_platform\ads\pilot\visual_family_smoke_20260722\after_review\dataset\images\vf_00036_play_triangle_asset_59b134576fd486a2.png,play_triangle,0,1,0,0,0,0,0,val,content:asset_59b134576fd486a2,file_cd80a32dc3ce69d3,asset_59b134576fd486a2,ads2\assets\1_templates\close_icons\close_5.png,0
vision_platform\ads\pilot\visual_family_smoke_20260722\after_review\dataset\images\vf_00037_next_asset_acdbf97adac6c560.png,next,0,0,0,1,0,0,0,val,content:asset_acdbf97adac6c560,file_144f33590c886b45,asset_acdbf97adac6c560,ads2\assets\1_templates\close_icons\close_6.png,0
vision_platform\ads\pilot\visual_family_smoke_20260722\after_review\dataset\images\vf_00038_x_mark_asset_38da3057c3705cb4.png,x_mark,1,0,0,0,0,0,0,train,content:asset_38da3057c3705cb4,file_53c205606c848750,asset_38da3057c3705cb4,ads2\assets\1_templates\close_icons\close_7.png,0
vision_platform\ads\pilot\visual_family_smoke_20260722\after_review\dataset\images\vf_00039_play_triangle_asset_071ca7bff74e053c.png,play_triangle,0,1,0,0,0,0,0,train,content:asset_071ca7bff74e053c,file_af0af020e1d87e2e,asset_071ca7bff74e053c,ads2\assets\1_templates\close_icons\close_8.png,0
vision_platform\ads\pilot\visual_family_smoke_20260722\after_review\dataset\images\vf_00040_play_triangle_asset_f54277695108c8b6.png,play_triangle,0,1,0,0,0,0,0,test,content:asset_f54277695108c8b6,file_55b41688a921e7a4,asset_f54277695108c8b6,ads2\assets\1_templates\close_icons\close_9.png,0
vision_platform\ads\pilot\visual_family_smoke_20260722\after_review\dataset\images\vf_00041_arrow_asset_fc192034daaaf1b7.png,arrow,0,0,0,0,0,0,1,train,content:asset_fc192034daaaf1b7,file_c88fffda1bde6376,asset_fc192034daaaf1b7,ads2\assets\1_templates\close_icons\close_back_gp.png,0
vision_platform\ads\pilot\visual_family_smoke_20260722\after_review\dataset\images\vf_00042_google_play_asset_14abfab802adf40c.png,google_play,0,0,1,0,0,0,0,train,content:asset_14abfab802adf40c,file_bde160b4ff62fd23,asset_14abfab802adf40c,ads2\assets\1_templates\close_icons\close_skip_gp.png,0
vision_platform\ads\pilot\visual_family_smoke_20260722\after_review\dataset\images\vf_00043_google_play_asset_bc5f8a22689dda23.png,google_play,0,0,1,0,0,0,0,val,content:asset_bc5f8a22689dda23,file_e43f95fcbeed911e,asset_bc5f8a22689dda23,ads2\assets\1_templates\close_icons\close_skip_gp2.png,0
vision_platform\ads\pilot\visual_family_smoke_20260722\after_review\dataset\images\vf_00044_google_play_asset_5d48c64cdd081609.png,google_play,0,0,1,0,0,0,0,train,content:asset_5d48c64cdd081609,file_85f3c0bdc5e04e1d,asset_5d48c64cdd081609,ads2\assets\1_templates\close_icons\close_skip_gp3.png,0
vision_platform\ads\pilot\visual_family_smoke_20260722\after_review\dataset\images\vf_00045_next_asset_ef6efb79aed47f4a.png,next,0,0,0,1,0,0,0,train,content:asset_ef6efb79aed47f4a,file_1cb77f3034b09b56,asset_ef6efb79aed47f4a,ads2\assets\1_templates\close_icons\close_skip_next.png,0
vision_platform\ads\pilot\visual_family_smoke_20260722\after_review\dataset\images\vf_00046_next_asset_6e9c3a68167cfe89.png,next,0,0,0,1,0,0,0,test,content:asset_6e9c3a68167cfe89,file_8aa403fa0a5d2da9,asset_6e9c3a68167cfe89,ads2\assets\1_templates\close_icons\close_skip_next2.png,0
vision_platform\ads\pilot\visual_family_smoke_20260722\after_review\dataset\images\vf_00047_x_mark_asset_b2c26a493402602b.png,x_mark,1,0,0,0,0,0,0,test,content:asset_b2c26a493402602b,file_7a30ab4de7eb758c,asset_b2c26a493402602b,ads2\assets\1_templates\close_icons\close_x_end.png,0
vision_platform\ads\pilot\visual_family_smoke_20260722\after_review\dataset\images\vf_00048_x_mark_asset_f23d35799ad854e5.png,x_mark,1,0,0,0,0,0,0,val,content:asset_f23d35799ad854e5,file_7b6a90286e8fac3a,asset_f23d35799ad854e5,ads2\assets\1_templates\close_icons\close_x_end2.png,0
vision_platform\ads\pilot\visual_family_smoke_20260722\after_review\dataset\images\vf_00049_x_mark_asset_702ce9c110ac8383.png,x_mark,1,0,0,0,0,0,0,train,content:asset_702ce9c110ac8383,file_91bbfc8a9546e898,asset_702ce9c110ac8383,ads2\assets\1_templates\close_icons\close_x_gp.png,0
vision_platform\ads\pilot\visual_family_smoke_20260722\after_review\dataset\images\vf_00050_x_mark_asset_ae17f2d94d0c0ab9.png,x_mark,1,0,0,0,0,0,0,val,content:asset_ae17f2d94d0c0ab9,file_3dbd94023a2aefb9,asset_ae17f2d94d0c0ab9,ads2\assets\1_templates\close_icons\close_x_gp2.png,0
vision_platform\ads\pilot\visual_family_smoke_20260722\after_review\dataset\images\vf_00051_x_mark_asset_720686941c854cbf.png,x_mark,1,0,0,0,0,0,0,train,content:asset_720686941c854cbf,file_0da1190477d9a899,asset_720686941c854cbf,ads2\assets\1_templates\close_icons\close_x_left.png,0
vision_platform\ads\pilot\visual_family_smoke_20260722\after_review\dataset\images\vf_00052_x_mark_asset_172ddc86ac086eee.png,x_mark,1,0,0,0,0,0,0,test,content:asset_172ddc86ac086eee,file_d69076ccf60a2327,asset_172ddc86ac086eee,ads2\assets\1_templates\close_icons\close_x_momo.png,0
vision_platform\ads\pilot\visual_family_smoke_20260722\after_review\dataset\images\vf_00053_x_mark_asset_6802a78b1f5efa66.png,x_mark,1,0,0,0,0,0,0,train,content:asset_6802a78b1f5efa66,file_c590ebbfe9db64ca,asset_6802a78b1f5efa66,ads2\assets\1_templates\close_icons\close_x_valor.png,0
vision_platform\ads\pilot\visual_family_smoke_20260722\after_review\dataset\images\vf_00054_free_asset_2af1b7045f897a9e.png,free,0,0,0,0,1,0,0,test,content:asset_2af1b7045f897a9e,file_ac306bdc17a9bfa0,asset_2af1b7045f897a9e,ads2\assets\1_templates\free_ad_icons\close_26.png,0
vision_platform\ads\pilot\visual_family_smoke_20260722\after_review\dataset\images\vf_00055_play_triangle_asset_48f6dabf3e612bc9.png,play_triangle,0,1,0,0,0,0,0,train,content:asset_48f6dabf3e612bc9,file_b4be82e5125f9663,asset_48f6dabf3e612bc9,ads2\assets\1_templates\free_ad_icons\free_ad_1.png,0
vision_platform\ads\pilot\visual_family_smoke_20260722\after_review\dataset\images\vf_00056_free_asset_52da1398bb93a963.png,free,0,0,0,0,1,0,0,train,content:asset_52da1398bb93a963,file_5e0324fe7516c5f3,asset_52da1398bb93a963,ads2\assets\1_templates\free_ad_icons\free_ad_2.png,0
vision_platform\ads\pilot\visual_family_smoke_20260722\after_review\dataset\images\vf_00057_free_asset_60d2812156135339.png,free,0,0,0,0,1,0,0,val,content:asset_60d2812156135339,file_761ee5c898e32ec0,asset_60d2812156135339,ads2\assets\1_templates\free_ad_icons\free_ad_3.png,0
vision_platform\ads\pilot\visual_family_smoke_20260722\after_review\dataset\images\vf_00058_play_triangle_asset_5c6d076a9a21278e.png,play_triangle,0,1,0,0,0,0,0,train,content:asset_5c6d076a9a21278e,file_1bc799289cb34fdb,asset_5c6d076a9a21278e,ads2\assets\1_templates\free_ad_icons\free_ad_9.png,0
vision_platform\ads\pilot\visual_family_smoke_20260722\after_review\dataset\images\vf_00059_play_triangle_asset_d8a2f9660c5625b5.png,play_triangle,0,1,0,0,0,0,0,train,content:asset_d8a2f9660c5625b5,file_ed1467fb03b0b8ba,asset_d8a2f9660c5625b5,ads2\assets\1_templates\free_ad_icons\播放.png,0
vision_platform\ads\pilot\visual_family_smoke_20260722\after_review\dataset\images\vf_00060_got_asset_58ed244c7878bcd7.png,got,0,0,0,0,0,1,0,train,content:asset_58ed244c7878bcd7,file_ec6a1f4e95a8737e,asset_58ed244c7878bcd7,ads2\assets\1_templates\got_icons\got2.png,0
vision_platform\ads\pilot\visual_family_smoke_20260722\after_review\dataset\images\vf_00061_got_asset_0d4b215867996981.png,got,0,0,0,0,0,1,0,train,content:asset_0d4b215867996981,file_b45e660a5a2b7d8d,asset_0d4b215867996981,ads2\assets\1_templates\got_icons\got_1.png,0
vision_platform\ads\pilot\visual_family_smoke_20260722\after_review\dataset\images\vf_00062_got_asset_0cf037e096857467.png,got,0,0,0,0,0,1,0,train,content:asset_0cf037e096857467,file_6f7c7aba74ab1f28,asset_0cf037e096857467,ads2\assets\1_templates\got_icons\got_3.png,0
vision_platform\ads\pilot\visual_family_smoke_20260722\after_review\dataset\images\vf_00063_got_asset_804eb0458e78934d.png,got,0,0,0,0,0,1,0,test,content:asset_804eb0458e78934d,file_f1f313c24a4c1de2,asset_804eb0458e78934d,ads2\assets\1_templates\got_icons\got_4.png,0
vision_platform\ads\pilot\visual_family_smoke_20260722\after_review\dataset\images\vf_00064_got_asset_a1abf4a4f6070cea.png,got,0,0,0,0,0,1,0,train,content:asset_a1abf4a4f6070cea,file_3c94de29e8445680,asset_a1abf4a4f6070cea,ads2\assets\1_templates\got_icons\got_5.png,0
vision_platform\ads\pilot\visual_family_smoke_20260722\after_review\dataset\images\vf_00065_got_asset_d082cffe4e8f8f90.png,got,0,0,0,0,0,1,0,train,content:asset_d082cffe4e8f8f90,file_5e99e876883b9184,asset_d082cffe4e8f8f90,ads2\assets\1_templates\got_icons\got_6.png,0
vision_platform\ads\pilot\visual_family_smoke_20260722\after_review\dataset\images\vf_00066_x_mark_asset_ca2b6cba35c5b2d0.png,x_mark,1,0,0,0,0,0,0,train,content:asset_ca2b6cba35c5b2d0,file_ec85e8680fb6449d,asset_ca2b6cba35c5b2d0,ads2\assets\1_templates\備份\ad_issue_20260606_043707_roi_0.png,0
vision_platform\ads\pilot\visual_family_smoke_20260722\after_review\dataset\images\vf_00067_play_triangle_asset_085f1c813551e8c9.png,play_triangle,0,1,0,0,0,0,0,test,content:asset_085f1c813551e8c9,file_00db74143475636c,asset_085f1c813551e8c9,ads2\assets\1_templates\備份\btn_free_ad.png,0
vision_platform\ads\pilot\visual_family_smoke_20260722\after_review\dataset\images\vf_00068_play_triangle_asset_600c1aa4b826d2ff.png,play_triangle,0,1,0,0,0,0,0,val,content:asset_600c1aa4b826d2ff,file_ecb42889e244410f,asset_600c1aa4b826d2ff,ads2\assets\1_templates\備份\close_4.png,0
vision_platform\ads\pilot\visual_family_smoke_20260722\after_review\dataset\images\vf_00069_x_mark_asset_799dbc67f3bfef79.png,x_mark,1,0,0,0,0,0,0,train,content:asset_799dbc67f3bfef79,file_7d7da0ebe8757d20,asset_799dbc67f3bfef79,ads2\assets\1_templates\備份\close_x_1.png,0
vision_platform\ads\pilot\visual_family_smoke_20260722\after_review\dataset\images\vf_00070_x_mark_asset_36b1b5a10f89b840.png,x_mark,1,0,0,0,0,0,0,train,content:asset_36b1b5a10f89b840,file_91401f9fb819693a,asset_36b1b5a10f89b840,ads2\assets\1_templates\備份\close_x_trans.png,0
vision_platform\ads\pilot\visual_family_smoke_20260722\after_review\dataset\images\vf_00071_x_mark_asset_4fbcd7df4f1e9032.png,x_mark,1,0,0,0,0,0,0,train,content:asset_4fbcd7df4f1e9032,file_39c21fa7d94cb2a7,asset_4fbcd7df4f1e9032,ads2\assets\1_templates\備份\close_x_white.png,0
vision_platform\ads\pilot\visual_family_smoke_20260722\after_review\dataset\images\vf_00072_play_triangle_asset_48f6dabf3e612bc9.png,play_triangle,0,1,0,0,0,0,0,train,content:asset_48f6dabf3e612bc9,file_804b831df127544b,asset_48f6dabf3e612bc9,ads2\assets\1_templates\備份\free_ad_1.png,0
vision_platform\ads\pilot\visual_family_smoke_20260722\after_review\dataset\images\vf_00073_got_asset_72c839c107ebef49.png,got,0,0,0,0,0,1,0,val,content:asset_72c839c107ebef49,file_1cb4e2befa222329,asset_72c839c107ebef49,ads2\assets\1_templates\備份\got1.png,0
vision_platform\ads\pilot\visual_family_smoke_20260722\after_review\dataset\images\vf_00074_got_asset_86d49425885a0694.png,got,0,0,0,0,0,1,0,train,content:asset_86d49425885a0694,file_c9b0f3fff6864aab,asset_86d49425885a0694,ads2\assets\1_templates\備份\got_2.png,0
vision_platform\ads\pilot\visual_family_smoke_20260722\after_review\dataset\images\vf_00075_play_triangle_asset_bddb4860eddcb148.png,play_triangle,0,1,0,0,0,0,0,train,content:asset_bddb4860eddcb148,file_cb080ed8eb8801eb,asset_bddb4860eddcb148,ads2\assets\1_templates\備份\got_8.png,0
vision_platform\ads\pilot\visual_family_smoke_20260722\after_review\dataset\images\vf_00076_negative_asset_3ed9b22450b0b389.png,negative,0,0,0,0,0,0,0,train,content:asset_3ed9b22450b0b389,file_0d280a200f7125e9,asset_3ed9b22450b0b389,vision_platform\ads\collections\close_x_proposal_collection_pilot_20260720_latest30\crops\raw_bbox\cxp_s0001_001_bbox.png,0
vision_platform\ads\pilot\visual_family_smoke_20260722\after_review\dataset\images\vf_00077_negative_asset_8241c2a0a6437fb0.png,negative,0,0,0,0,0,0,0,test,content:asset_8241c2a0a6437fb0,file_ca9cc5c2f916393f,asset_8241c2a0a6437fb0,vision_platform\ads\collections\close_x_proposal_collection_pilot_20260720_latest30\crops\raw_bbox\cxp_s0001_002_bbox.png,0
vision_platform\ads\pilot\visual_family_smoke_20260722\after_review\dataset\images\vf_00078_negative_asset_89c9eaf0e86764d3.png,negative,0,0,0,0,0,0,0,val,content:asset_89c9eaf0e86764d3,file_0bb53a894c0407be,asset_89c9eaf0e86764d3,vision_platform\ads\collections\close_x_proposal_collection_pilot_20260720_latest30\crops\raw_bbox\cxp_s0001_003_bbox.png,0
vision_platform\ads\pilot\visual_family_smoke_20260722\after_review\dataset\images\vf_00079_negative_asset_c2ae47c8039fb6d7.png,negative,0,0,0,0,0,0,0,train,content:asset_c2ae47c8039fb6d7,file_accba869920985f2,asset_c2ae47c8039fb6d7,vision_platform\ads\collections\close_x_proposal_collection_pilot_20260720_latest30\crops\raw_bbox\cxp_s0001_004_bbox.png,0
vision_platform\ads\pilot\visual_family_smoke_20260722\after_review\dataset\images\vf_00080_negative_asset_c214253615559e10.png,negative,0,0,0,0,0,0,0,train,content:asset_c214253615559e10,file_c6266d0e63b79b8b,asset_c214253615559e10,vision_platform\ads\collections\close_x_proposal_collection_pilot_20260720_latest30\crops\raw_bbox\cxp_s0001_005_bbox.png,0
vision_platform\ads\pilot\visual_family_smoke_20260722\after_review\dataset\images\vf_00081_negative_asset_c0a2597efbcc86af.png,negative,0,0,0,0,0,0,0,train,content:asset_c0a2597efbcc86af,file_375e35a5917578ed,asset_c0a2597efbcc86af,vision_platform\ads\collections\close_x_proposal_collection_pilot_20260720_latest30\crops\raw_bbox\cxp_s0001_006_bbox.png,0
vision_platform\ads\pilot\visual_family_smoke_20260722\after_review\dataset\images\vf_00082_negative_asset_1c15db447481be43.png,negative,0,0,0,0,0,0,0,train,content:asset_1c15db447481be43,file_95836ad8f01ad2c9,asset_1c15db447481be43,vision_platform\ads\collections\close_x_proposal_collection_pilot_20260720_latest30\crops\raw_bbox\cxp_s0001_007_bbox.png,0
vision_platform\ads\pilot\visual_family_smoke_20260722\after_review\dataset\images\vf_00083_arrow_asset_fe12f6f9b1e68fd6.png,arrow,0,0,0,0,0,0,1,train,content:asset_fe12f6f9b1e68fd6,file_8943774ddc0fdaec,asset_fe12f6f9b1e68fd6,vision_platform\ads\collections\close_x_proposal_collection_pilot_20260720_latest30\crops\raw_bbox\cxp_s0002_001_bbox.png,0
vision_platform\ads\pilot\visual_family_smoke_20260722\after_review\dataset\images\vf_00084_negative_asset_453e9b2ff9102640.png,negative,0,0,0,0,0,0,0,train,content:asset_453e9b2ff9102640,file_91d8d6ae074bb204,asset_453e9b2ff9102640,vision_platform\ads\collections\close_x_proposal_collection_pilot_20260720_latest30\crops\raw_bbox\cxp_s0002_002_bbox.png,0
vision_platform\ads\pilot\visual_family_smoke_20260722\after_review\dataset\images\vf_00085_negative_asset_f529b84826211e05.png,negative,0,0,0,0,0,0,0,test,content:asset_f529b84826211e05,file_74c7639e1a5e244b,asset_f529b84826211e05,vision_platform\ads\collections\close_x_proposal_collection_pilot_20260720_latest30\crops\raw_bbox\cxp_s0002_003_bbox.png,0
vision_platform\ads\pilot\visual_family_smoke_20260722\after_review\dataset\images\vf_00086_negative_asset_8e2e86314c22874b.png,negative,0,0,0,0,0,0,0,train,content:asset_8e2e86314c22874b,file_5ce78799ea2b0c99,asset_8e2e86314c22874b,vision_platform\ads\collections\close_x_proposal_collection_pilot_20260720_latest30\crops\raw_bbox\cxp_s0002_004_bbox.png,0
vision_platform\ads\pilot\visual_family_smoke_20260722\after_review\dataset\images\vf_00087_negative_asset_f47e91323d14c3f2.png,negative,0,0,0,0,0,0,0,val,content:asset_f47e91323d14c3f2,file_6b20f7805552d96f,asset_f47e91323d14c3f2,vision_platform\ads\collections\close_x_proposal_collection_pilot_20260720_latest30\crops\raw_bbox\cxp_s0002_005_bbox.png,0
vision_platform\ads\pilot\visual_family_smoke_20260722\after_review\dataset\images\vf_00088_negative_asset_2273d1828cf04484.png,negative,0,0,0,0,0,0,0,train,content:asset_2273d1828cf04484,file_2b679c606d11b570,asset_2273d1828cf04484,vision_platform\ads\collections\close_x_proposal_collection_pilot_20260720_latest30\crops\raw_bbox\cxp_s0002_006_bbox.png,0
vision_platform\ads\pilot\visual_family_smoke_20260722\after_review\dataset\images\vf_00089_negative_asset_b42615e76678e87f.png,negative,0,0,0,0,0,0,0,train,content:asset_b42615e76678e87f,file_30a20543312cd68f,asset_b42615e76678e87f,vision_platform\ads\collections\close_x_proposal_collection_pilot_20260720_latest30\crops\raw_bbox\cxp_s0002_007_bbox.png,0
vision_platform\ads\pilot\visual_family_smoke_20260722\after_review\dataset\images\vf_00090_negative_asset_373f5bb225194e09.png,negative,0,0,0,0,0,0,0,val,content:asset_373f5bb225194e09,file_cd61d54c1a324a82,asset_373f5bb225194e09,vision_platform\ads\collections\close_x_proposal_collection_pilot_20260720_latest30\crops\raw_bbox\cxp_s0002_008_bbox.png,0
vision_platform\ads\pilot\visual_family_smoke_20260722\after_review\dataset\images\vf_00091_negative_asset_22d7390c028049d5.png,negative,0,0,0,0,0,0,0,train,content:asset_22d7390c028049d5,file_57ddac5235736be6,asset_22d7390c028049d5,vision_platform\ads\collections\close_x_proposal_collection_pilot_20260720_latest30\crops\raw_bbox\cxp_s0002_009_bbox.png,0
vision_platform\ads\pilot\visual_family_smoke_20260722\after_review\dataset\images\vf_00092_negative_asset_8644a26df82bff5e.png,negative,0,0,0,0,0,0,0,train,content:asset_8644a26df82bff5e,file_0aa038d5647672b3,asset_8644a26df82bff5e,vision_platform\ads\collections\close_x_proposal_collection_pilot_20260720_latest30\crops\raw_bbox\cxp_s0002_010_bbox.png,0
vision_platform\ads\pilot\visual_family_smoke_20260722\after_review\dataset\images\vf_00093_arrow_asset_da8523fd5577d624.png,arrow,0,0,0,0,0,0,1,train,content:asset_da8523fd5577d624,file_e484ee9628c7d107,asset_da8523fd5577d624,vision_platform\ads\collections\close_x_proposal_collection_pilot_20260720_latest30\crops\raw_bbox\cxp_s0003_001_bbox.png,0
vision_platform\ads\pilot\visual_family_smoke_20260722\after_review\dataset\images\vf_00094_negative_asset_9ce2289aa27dad1c.png,negative,0,0,0,0,0,0,0,train,content:asset_9ce2289aa27dad1c,file_5496a66402a3e46c,asset_9ce2289aa27dad1c,vision_platform\ads\collections\close_x_proposal_collection_pilot_20260720_latest30\crops\raw_bbox\cxp_s0003_002_bbox.png,0
vision_platform\ads\pilot\visual_family_smoke_20260722\after_review\dataset\images\vf_00095_negative_asset_c184b3e3d366270c.png,negative,0,0,0,0,0,0,0,test,content:asset_c184b3e3d366270c,file_94e12935fc602285,asset_c184b3e3d366270c,vision_platform\ads\collections\close_x_proposal_collection_pilot_20260720_latest30\crops\raw_bbox\cxp_s0003_003_bbox.png,0
vision_platform\ads\pilot\visual_family_smoke_20260722\after_review\dataset\images\vf_00096_negative_asset_e02735cdb43ec2ad.png,negative,0,0,0,0,0,0,0,train,content:asset_e02735cdb43ec2ad,file_3c9091ed54ee62fd,asset_e02735cdb43ec2ad,vision_platform\ads\collections\close_x_proposal_collection_pilot_20260720_latest30\crops\raw_bbox\cxp_s0003_004_bbox.png,0
vision_platform\ads\pilot\visual_family_smoke_20260722\after_review\dataset\images\vf_00097_negative_asset_211c7581bb1c2fd9.png,negative,0,0,0,0,0,0,0,val,content:asset_211c7581bb1c2fd9,file_7c9098a853c6dfab,asset_211c7581bb1c2fd9,vision_platform\ads\collections\close_x_proposal_collection_pilot_20260720_latest30\crops\raw_bbox\cxp_s0003_005_bbox.png,0
vision_platform\ads\pilot\visual_family_smoke_20260722\after_review\dataset\images\vf_00098_negative_asset_8ef30046ea02c04d.png,negative,0,0,0,0,0,0,0,train,content:asset_8ef30046ea02c04d,file_5485c4feb930323c,asset_8ef30046ea02c04d,vision_platform\ads\collections\close_x_proposal_collection_pilot_20260720_latest30\crops\raw_bbox\cxp_s0003_006_bbox.png,0
vision_platform\ads\pilot\visual_family_smoke_20260722\after_review\dataset\images\vf_00099_negative_asset_095efc7a5e1f8a5d.png,negative,0,0,0,0,0,0,0,train,content:asset_095efc7a5e1f8a5d,file_0faf6cee75489fd1,asset_095efc7a5e1f8a5d,vision_platform\ads\collections\close_x_proposal_collection_pilot_20260720_latest30\crops\raw_bbox\cxp_s0003_007_bbox.png,0
vision_platform\ads\pilot\visual_family_smoke_20260722\after_review\dataset\images\vf_00100_negative_asset_d01e95a495cdb798.png,negative,0,0,0,0,0,0,0,train,content:asset_d01e95a495cdb798,file_11dd05992be112bf,asset_d01e95a495cdb798,vision_platform\ads\collections\close_x_proposal_collection_pilot_20260720_latest30\crops\raw_bbox\cxp_s0003_008_bbox.png,0
vision_platform\ads\pilot\visual_family_smoke_20260722\after_review\dataset\images\vf_00101_negative_asset_21fd1348aa3c6f0a.png,negative,0,0,0,0,0,0,0,train,content:asset_21fd1348aa3c6f0a,file_08ea65d6b8567227,asset_21fd1348aa3c6f0a,vision_platform\ads\collections\close_x_proposal_collection_pilot_20260720_latest30\crops\raw_bbox\cxp_s0003_009_bbox.png,0
vision_platform\ads\pilot\visual_family_smoke_20260722\after_review\dataset\images\vf_00102_negative_asset_520cd1bf4d74d6a8.png,negative,0,0,0,0,0,0,0,train,content:asset_520cd1bf4d74d6a8,file_7bf1cf7344545c9b,asset_520cd1bf4d74d6a8,vision_platform\ads\collections\close_x_proposal_collection_pilot_20260720_latest30\crops\raw_bbox\cxp_s0003_010_bbox.png,0
vision_platform\ads\pilot\visual_family_smoke_20260722\after_review\dataset\images\vf_00103_negative_asset_aa3da2fc3b26511e.png,negative,0,0,0,0,0,0,0,test,content:asset_aa3da2fc3b26511e,file_f3b3d712baa090e6,asset_aa3da2fc3b26511e,vision_platform\ads\collections\close_x_proposal_collection_pilot_20260720_latest30\crops\raw_bbox\cxp_s0003_011_bbox.png,0
vision_platform\ads\pilot\visual_family_smoke_20260722\after_review\dataset\images\vf_00104_negative_asset_e6dfdf88771da4fa.png,negative,0,0,0,0,0,0,0,train,content:asset_e6dfdf88771da4fa,file_9f36a75bd5ee2734,asset_e6dfdf88771da4fa,vision_platform\ads\collections\close_x_proposal_collection_pilot_20260720_latest30\crops\raw_bbox\cxp_s0003_012_bbox.png,0
vision_platform\ads\pilot\visual_family_smoke_20260722\after_review\dataset\images\vf_00105_negative_asset_01dfcbf892d945bd.png,negative,0,0,0,0,0,0,0,train,content:asset_01dfcbf892d945bd,file_2ef1783e08712764,asset_01dfcbf892d945bd,vision_platform\ads\collections\close_x_proposal_collection_pilot_20260720_latest30\crops\raw_bbox\cxp_s0003_013_bbox.png,0
vision_platform\ads\pilot\visual_family_smoke_20260722\after_review\dataset\images\vf_00106_negative_asset_6b50b62144a847c3.png,negative,0,0,0,0,0,0,0,val,content:asset_6b50b62144a847c3,file_860fa15aaa45de05,asset_6b50b62144a847c3,vision_platform\ads\collections\close_x_proposal_collection_pilot_20260720_latest30\crops\raw_bbox\cxp_s0004_001_bbox.png,0
vision_platform\ads\pilot\visual_family_smoke_20260722\after_review\dataset\images\vf_00107_negative_asset_0305cd784a9a54c5.png,negative,0,0,0,0,0,0,0,val,content:asset_0305cd784a9a54c5,file_2d8283246f6d1747,asset_0305cd784a9a54c5,vision_platform\ads\collections\close_x_proposal_collection_pilot_20260720_latest30\crops\raw_bbox\cxp_s0004_002_bbox.png,0
vision_platform\ads\pilot\visual_family_smoke_20260722\after_review\dataset\images\vf_00108_negative_asset_25dc830e1a1b4503.png,negative,0,0,0,0,0,0,0,train,content:asset_25dc830e1a1b4503,file_0504f16d03e82c3e,asset_25dc830e1a1b4503,vision_platform\ads\collections\close_x_proposal_collection_pilot_20260720_latest30\crops\raw_bbox\cxp_s0004_003_bbox.png,0
vision_platform\ads\pilot\visual_family_smoke_20260722\after_review\dataset\images\vf_00109_negative_asset_57d1fc1da943df85.png,negative,0,0,0,0,0,0,0,train,content:asset_57d1fc1da943df85,file_7debadda25ddc122,asset_57d1fc1da943df85,vision_platform\ads\collections\close_x_proposal_collection_pilot_20260720_latest30\crops\raw_bbox\cxp_s0004_004_bbox.png,0
vision_platform\ads\pilot\visual_family_smoke_20260722\after_review\dataset\images\vf_00110_negative_asset_a19fa23d234f9866.png,negative,0,0,0,0,0,0,0,train,content:asset_a19fa23d234f9866,file_2dcdd170bc6947ae,asset_a19fa23d234f9866,vision_platform\ads\collections\close_x_proposal_collection_pilot_20260720_latest30\crops\raw_bbox\cxp_s0004_005_bbox.png,0
vision_platform\ads\pilot\visual_family_smoke_20260722\after_review\dataset\images\vf_00111_negative_asset_d5bb1e77da667e36.png,negative,0,0,0,0,0,0,0,val,content:asset_d5bb1e77da667e36,file_1223b764f7913b5a,asset_d5bb1e77da667e36,vision_platform\ads\collections\close_x_proposal_collection_pilot_20260720_latest30\crops\raw_bbox\cxp_s0004_006_bbox.png,0
vision_platform\ads\pilot\visual_family_smoke_20260722\after_review\dataset\images\vf_00112_negative_asset_3d4d4e9079f583ca.png,negative,0,0,0,0,0,0,0,train,content:asset_3d4d4e9079f583ca,file_1cea74376f896961,asset_3d4d4e9079f583ca,vision_platform\ads\collections\close_x_proposal_collection_pilot_20260720_latest30\crops\raw_bbox\cxp_s0004_007_bbox.png,0
vision_platform\ads\pilot\visual_family_smoke_20260722\after_review\dataset\images\vf_00113_negative_asset_1fee60bbe3ea210e.png,negative,0,0,0,0,0,0,0,train,content:asset_1fee60bbe3ea210e,file_27aec790c96965d7,asset_1fee60bbe3ea210e,vision_platform\ads\collections\close_x_proposal_collection_pilot_20260720_latest30\crops\raw_bbox\cxp_s0004_008_bbox.png,0
vision_platform\ads\pilot\visual_family_smoke_20260722\after_review\dataset\images\vf_00114_negative_asset_80ee4f4e9a213d35.png,negative,0,0,0,0,0,0,0,train,content:asset_80ee4f4e9a213d35,file_682e20dcb64cdd54,asset_80ee4f4e9a213d35,vision_platform\ads\collections\close_x_proposal_collection_pilot_20260720_latest30\crops\raw_bbox\cxp_s0004_009_bbox.png,0
vision_platform\ads\pilot\visual_family_smoke_20260722\after_review\dataset\images\vf_00115_negative_asset_54edcc7d45317510.png,negative,0,0,0,0,0,0,0,train,content:asset_54edcc7d45317510,file_e4c617f1ce38fbac,asset_54edcc7d45317510,vision_platform\ads\collections\close_x_proposal_collection_pilot_20260720_latest30\crops\raw_bbox\cxp_s0005_001_bbox.png,0
vision_platform\ads\pilot\visual_family_smoke_20260722\after_review\dataset\images\vf_00116_negative_asset_1a58cdc4bcbed242.png,negative,0,0,0,0,0,0,0,train,content:asset_1a58cdc4bcbed242,file_740288edb8b357b1,asset_1a58cdc4bcbed242,vision_platform\ads\collections\close_x_proposal_collection_pilot_20260720_latest30\crops\raw_bbox\cxp_s0005_002_bbox.png,0
vision_platform\ads\pilot\visual_family_smoke_20260722\after_review\dataset\images\vf_00117_negative_asset_89c9eaf0e86764d3.png,negative,0,0,0,0,0,0,0,val,content:asset_89c9eaf0e86764d3,file_87991c3fefc75866,asset_89c9eaf0e86764d3,vision_platform\ads\collections\close_x_proposal_collection_pilot_20260720_latest30\crops\raw_bbox\cxp_s0005_003_bbox.png,0
vision_platform\ads\pilot\visual_family_smoke_20260722\after_review\dataset\images\vf_00118_negative_asset_4069a8c8f53480a7.png,negative,0,0,0,0,0,0,0,test,content:asset_4069a8c8f53480a7,file_31c8bf4955020642,asset_4069a8c8f53480a7,vision_platform\ads\collections\close_x_proposal_collection_pilot_20260720_latest30\crops\raw_bbox\cxp_s0005_004_bbox.png,0
vision_platform\ads\pilot\visual_family_smoke_20260722\after_review\dataset\images\vf_00119_negative_asset_c0a2597efbcc86af.png,negative,0,0,0,0,0,0,0,train,content:asset_c0a2597efbcc86af,file_e758a3bbdbf56a6b,asset_c0a2597efbcc86af,vision_platform\ads\collections\close_x_proposal_collection_pilot_20260720_latest30\crops\raw_bbox\cxp_s0005_005_bbox.png,0
vision_platform\ads\pilot\visual_family_smoke_20260722\after_review\dataset\images\vf_00120_negative_asset_baa644fbef24d8f5.png,negative,0,0,0,0,0,0,0,train,content:asset_baa644fbef24d8f5,file_2b0a992dbcfdca08,asset_baa644fbef24d8f5,vision_platform\ads\collections\close_x_proposal_collection_pilot_20260720_latest30\crops\raw_bbox\cxp_s0005_006_bbox.png,0
vision_platform\ads\pilot\visual_family_smoke_20260722\after_review\dataset\images\vf_00121_negative_asset_4448c3acd2603486.png,negative,0,0,0,0,0,0,0,train,content:asset_4448c3acd2603486,file_e6f8eb554026f822,asset_4448c3acd2603486,vision_platform\ads\collections\close_x_proposal_collection_pilot_20260720_latest30\crops\raw_bbox\cxp_s0005_007_bbox.png,0
vision_platform\ads\pilot\visual_family_smoke_20260722\after_review\dataset\images\vf_00122_negative_asset_1c15db447481be43.png,negative,0,0,0,0,0,0,0,train,content:asset_1c15db447481be43,file_67208e0d34e24ca5,asset_1c15db447481be43,vision_platform\ads\collections\close_x_proposal_collection_pilot_20260720_latest30\crops\raw_bbox\cxp_s0005_008_bbox.png,0
vision_platform\ads\pilot\visual_family_smoke_20260722\after_review\dataset\images\vf_00123_x_mark_asset_8f835eaf1380194e.png,x_mark,1,0,0,0,0,0,0,train,content:asset_8f835eaf1380194e,file_1f890b344000b7e4,asset_8f835eaf1380194e,vision_platform\ads\collections\close_x_proposal_collection_pilot_20260720_latest30\crops\raw_bbox\cxp_s0006_001_bbox.png,0
vision_platform\ads\pilot\visual_family_smoke_20260722\after_review\dataset\images\vf_00124_x_mark_asset_bbcf4e0f28f8f571.png,x_mark,1,0,0,0,0,0,0,train,content:asset_bbcf4e0f28f8f571,file_d0f1b5c1268babad,asset_bbcf4e0f28f8f571,vision_platform\ads\collections\close_x_proposal_collection_pilot_20260720_latest30\crops\raw_bbox\cxp_s0006_002_bbox.png,0
vision_platform\ads\pilot\visual_family_smoke_20260722\after_review\dataset\images\vf_00125_negative_asset_97187a0c95492dbd.png,negative,0,0,0,0,0,0,0,train,content:asset_97187a0c95492dbd,file_15b81bcdc1dbc4cc,asset_97187a0c95492dbd,vision_platform\ads\collections\close_x_proposal_collection_pilot_20260720_latest30\crops\raw_bbox\cxp_s0006_003_bbox.png,0
vision_platform\ads\pilot\visual_family_smoke_20260722\after_review\dataset\images\vf_00126_negative_asset_c1b2d3849bcb46ef.png,negative,0,0,0,0,0,0,0,train,content:asset_c1b2d3849bcb46ef,file_c7684686399a6d21,asset_c1b2d3849bcb46ef,vision_platform\ads\collections\close_x_proposal_collection_pilot_20260720_latest30\crops\raw_bbox\cxp_s0006_004_bbox.png,0
vision_platform\ads\pilot\visual_family_smoke_20260722\after_review\dataset\images\vf_00127_negative_asset_7fdfb6c51501bba9.png,negative,0,0,0,0,0,0,0,val,content:asset_7fdfb6c51501bba9,file_4f5e132c4e5c3ca4,asset_7fdfb6c51501bba9,vision_platform\ads\collections\close_x_proposal_collection_pilot_20260720_latest30\crops\raw_bbox\cxp_s0006_005_bbox.png,0
vision_platform\ads\pilot\visual_family_smoke_20260722\after_review\dataset\images\vf_00128_negative_asset_2e7c63bb74f17e8b.png,negative,0,0,0,0,0,0,0,train,content:asset_2e7c63bb74f17e8b,file_e1e608e137781768,asset_2e7c63bb74f17e8b,vision_platform\ads\collections\close_x_proposal_collection_pilot_20260720_latest30\crops\raw_bbox\cxp_s0006_006_bbox.png,0
vision_platform\ads\pilot\visual_family_smoke_20260722\after_review\dataset\images\vf_00129_negative_asset_055d918b1c92923e.png,negative,0,0,0,0,0,0,0,test,content:asset_055d918b1c92923e,file_47b7ef87110aec85,asset_055d918b1c92923e,vision_platform\ads\collections\close_x_proposal_collection_pilot_20260720_latest30\crops\raw_bbox\cxp_s0006_007_bbox.png,0
vision_platform\ads\pilot\visual_family_smoke_20260722\after_review\dataset\images\vf_00130_negative_asset_e10283f3c5be8131.png,negative,0,0,0,0,0,0,0,train,content:asset_e10283f3c5be8131,file_22cdb486141d513c,asset_e10283f3c5be8131,vision_platform\ads\collections\close_x_proposal_collection_pilot_20260720_latest30\crops\raw_bbox\cxp_s0006_008_bbox.png,0
vision_platform\ads\pilot\visual_family_smoke_20260722\after_review\dataset\images\vf_00131_negative_asset_7520286ea77309b6.png,negative,0,0,0,0,0,0,0,train,content:asset_7520286ea77309b6,file_84b851818c2c433d,asset_7520286ea77309b6,vision_platform\ads\collections\close_x_proposal_collection_pilot_20260720_latest30\crops\raw_bbox\cxp_s0006_009_bbox.png,0
vision_platform\ads\pilot\visual_family_smoke_20260722\after_review\dataset\images\vf_00132_negative_asset_0cc0c6caf16e5df4.png,negative,0,0,0,0,0,0,0,train,content:asset_0cc0c6caf16e5df4,file_d3d84558ce158d2a,asset_0cc0c6caf16e5df4,vision_platform\ads\collections\close_x_proposal_collection_pilot_20260720_latest30\crops\raw_bbox\cxp_s0006_010_bbox.png,0
vision_platform\ads\pilot\visual_family_smoke_20260722\after_review\dataset\images\vf_00133_negative_asset_1762dc33c8e1b4a0.png,negative,0,0,0,0,0,0,0,train,content:asset_1762dc33c8e1b4a0,file_b6a4d72c8b2f5b2b,asset_1762dc33c8e1b4a0,vision_platform\ads\collections\close_x_proposal_collection_pilot_20260720_latest30\crops\raw_bbox\cxp_s0006_011_bbox.png,0
vision_platform\ads\pilot\visual_family_smoke_20260722\after_review\dataset\images\vf_00134_negative_asset_362eee6a79fcaca7.png,negative,0,0,0,0,0,0,0,train,content:asset_362eee6a79fcaca7,file_5933688326eda3b8,asset_362eee6a79fcaca7,vision_platform\ads\collections\close_x_proposal_collection_pilot_20260720_latest30\crops\raw_bbox\cxp_s0006_012_bbox.png,0
vision_platform\ads\pilot\visual_family_smoke_20260722\after_review\dataset\images\vf_00135_negative_asset_f598dd2b73e77d8d.png,negative,0,0,0,0,0,0,0,train,content:asset_f598dd2b73e77d8d,file_5a465afad83c9bee,asset_f598dd2b73e77d8d,vision_platform\ads\collections\close_x_proposal_collection_pilot_20260720_latest30\crops\raw_bbox\cxp_s0006_013_bbox.png,0
vision_platform\ads\pilot\visual_family_smoke_20260722\after_review\dataset\images\vf_00136_negative_asset_504842a2413f91de.png,negative,0,0,0,0,0,0,0,test,content:asset_504842a2413f91de,file_d62b33e1c9fb2b0b,asset_504842a2413f91de,vision_platform\ads\collections\close_x_proposal_collection_pilot_20260720_latest30\crops\raw_bbox\cxp_s0006_014_bbox.png,0
vision_platform\ads\pilot\visual_family_smoke_20260722\after_review\dataset\images\vf_00137_negative_asset_021c96aa8f55fcfd.png,negative,0,0,0,0,0,0,0,train,content:asset_021c96aa8f55fcfd,file_a1244eb405e8d1f2,asset_021c96aa8f55fcfd,vision_platform\ads\collections\close_x_proposal_collection_pilot_20260720_latest30\crops\raw_bbox\cxp_s0006_015_bbox.png,0
vision_platform\ads\pilot\visual_family_smoke_20260722\after_review\dataset\images\vf_00138_negative_asset_5c281abd5f0f60cf.png,negative,0,0,0,0,0,0,0,train,content:asset_5c281abd5f0f60cf,file_80e3882935fa090b,asset_5c281abd5f0f60cf,vision_platform\ads\collections\close_x_proposal_collection_pilot_20260720_latest30\crops\raw_bbox\cxp_s0007_001_bbox.png,0
vision_platform\ads\pilot\visual_family_smoke_20260722\after_review\dataset\images\vf_00139_negative_asset_208086b53e0d7230.png,negative,0,0,0,0,0,0,0,val,content:asset_208086b53e0d7230,file_f63a2e4d02b4a1fb,asset_208086b53e0d7230,vision_platform\ads\collections\close_x_proposal_collection_pilot_20260720_latest30\crops\raw_bbox\cxp_s0007_002_bbox.png,0
vision_platform\ads\pilot\visual_family_smoke_20260722\after_review\dataset\images\vf_00140_negative_asset_4268dd810a18046b.png,negative,0,0,0,0,0,0,0,test,content:asset_4268dd810a18046b,file_5fbdd3ebec7589eb,asset_4268dd810a18046b,vision_platform\ads\collections\close_x_proposal_collection_pilot_20260720_latest30\crops\raw_bbox\cxp_s0007_003_bbox.png,0
vision_platform\ads\pilot\visual_family_smoke_20260722\after_review\dataset\images\vf_00141_negative_asset_89c9eaf0e86764d3.png,negative,0,0,0,0,0,0,0,val,content:asset_89c9eaf0e86764d3,file_2e3656621afad297,asset_89c9eaf0e86764d3,vision_platform\ads\collections\close_x_proposal_collection_pilot_20260720_latest30\crops\raw_bbox\cxp_s0007_004_bbox.png,0
vision_platform\ads\pilot\visual_family_smoke_20260722\after_review\dataset\images\vf_00142_negative_asset_73a00be9599f809a.png,negative,0,0,0,0,0,0,0,train,content:asset_73a00be9599f809a,file_33d3f63cb485dce4,asset_73a00be9599f809a,vision_platform\ads\collections\close_x_proposal_collection_pilot_20260720_latest30\crops\raw_bbox\cxp_s0007_005_bbox.png,0
vision_platform\ads\pilot\visual_family_smoke_20260722\after_review\dataset\images\vf_00143_negative_asset_c0a2597efbcc86af.png,negative,0,0,0,0,0,0,0,train,content:asset_c0a2597efbcc86af,file_ff8b4cf04e03e4e5,asset_c0a2597efbcc86af,vision_platform\ads\collections\close_x_proposal_collection_pilot_20260720_latest30\crops\raw_bbox\cxp_s0007_006_bbox.png,0
vision_platform\ads\pilot\visual_family_smoke_20260722\after_review\dataset\images\vf_00144_negative_asset_6eca23832ca48dc6.png,negative,0,0,0,0,0,0,0,train,content:asset_6eca23832ca48dc6,file_7cc99e6c2577a342,asset_6eca23832ca48dc6,vision_platform\ads\collections\close_x_proposal_collection_pilot_20260720_latest30\crops\raw_bbox\cxp_s0007_007_bbox.png,0
vision_platform\ads\pilot\visual_family_smoke_20260722\after_review\dataset\images\vf_00145_negative_asset_1c15db447481be43.png,negative,0,0,0,0,0,0,0,train,content:asset_1c15db447481be43,file_2bc38918f13c333d,asset_1c15db447481be43,vision_platform\ads\collections\close_x_proposal_collection_pilot_20260720_latest30\crops\raw_bbox\cxp_s0007_008_bbox.png,0
vision_platform\ads\pilot\visual_family_smoke_20260722\after_review\dataset\images\vf_00146_x_mark_asset_251be155a2e0f45f.png,x_mark,1,0,0,0,0,0,0,test,content:asset_251be155a2e0f45f,file_83ffb004792ad81d,asset_251be155a2e0f45f,vision_platform\ads\collections\close_x_proposal_collection_pilot_20260720_latest30\crops\raw_bbox\cxp_s0008_001_bbox.png,0
vision_platform\ads\pilot\visual_family_smoke_20260722\after_review\dataset\images\vf_00147_x_mark_asset_b83df753dc0ce262.png,x_mark,1,0,0,0,0,0,0,train,content:asset_b83df753dc0ce262,file_fd5ba5fc26f9c18f,asset_b83df753dc0ce262,vision_platform\ads\collections\close_x_proposal_collection_pilot_20260720_latest30\crops\raw_bbox\cxp_s0008_002_bbox.png,0
vision_platform\ads\pilot\visual_family_smoke_20260722\after_review\dataset\images\vf_00148_negative_asset_29d4af160c90f25e.png,negative,0,0,0,0,0,0,0,train,content:asset_29d4af160c90f25e,file_8607fdbee998d2f9,asset_29d4af160c90f25e,vision_platform\ads\collections\close_x_proposal_collection_pilot_20260720_latest30\crops\raw_bbox\cxp_s0008_003_bbox.png,0
vision_platform\ads\pilot\visual_family_smoke_20260722\after_review\dataset\images\vf_00149_negative_asset_3bae6c00597cf32b.png,negative,0,0,0,0,0,0,0,train,content:asset_3bae6c00597cf32b,file_6a818c895691ea07,asset_3bae6c00597cf32b,vision_platform\ads\collections\close_x_proposal_collection_pilot_20260720_latest30\crops\raw_bbox\cxp_s0008_004_bbox.png,0
vision_platform\ads\pilot\visual_family_smoke_20260722\after_review\dataset\images\vf_00150_negative_asset_8bb3a736da24c9a2.png,negative,0,0,0,0,0,0,0,test,content:asset_8bb3a736da24c9a2,file_27c43d04915ed0a5,asset_8bb3a736da24c9a2,vision_platform\ads\collections\close_x_proposal_collection_pilot_20260720_latest30\crops\raw_bbox\cxp_s0008_005_bbox.png,0
vision_platform\ads\pilot\visual_family_smoke_20260722\after_review\dataset\images\vf_00151_negative_asset_e21cf97a40a87a66.png,negative,0,0,0,0,0,0,0,val,content:asset_e21cf97a40a87a66,file_e6cc6d0f43471c64,asset_e21cf97a40a87a66,vision_platform\ads\collections\close_x_proposal_collection_pilot_20260720_latest30\crops\raw_bbox\cxp_s0008_006_bbox.png,0
vision_platform\ads\pilot\visual_family_smoke_20260722\after_review\dataset\images\vf_00152_negative_asset_29b348b4c55075b9.png,negative,0,0,0,0,0,0,0,train,content:asset_29b348b4c55075b9,file_1a2caff79c702583,asset_29b348b4c55075b9,vision_platform\ads\collections\close_x_proposal_collection_pilot_20260720_latest30\crops\raw_bbox\cxp_s0008_007_bbox.png,0
vision_platform\ads\pilot\visual_family_smoke_20260722\after_review\dataset\images\vf_00153_negative_asset_6b50b62144a847c3.png,negative,0,0,0,0,0,0,0,val,content:asset_6b50b62144a847c3,file_9f0a6ff6a4809723,asset_6b50b62144a847c3,vision_platform\ads\collections\close_x_proposal_collection_pilot_20260720_latest30\crops\raw_bbox\cxp_s0009_001_bbox.png,0
vision_platform\ads\pilot\visual_family_smoke_20260722\after_review\dataset\images\vf_00154_negative_asset_0305cd784a9a54c5.png,negative,0,0,0,0,0,0,0,val,content:asset_0305cd784a9a54c5,file_bf81b4a098ff3f03,asset_0305cd784a9a54c5,vision_platform\ads\collections\close_x_proposal_collection_pilot_20260720_latest30\crops\raw_bbox\cxp_s0009_002_bbox.png,0
vision_platform\ads\pilot\visual_family_smoke_20260722\after_review\dataset\images\vf_00155_negative_asset_25dc830e1a1b4503.png,negative,0,0,0,0,0,0,0,train,content:asset_25dc830e1a1b4503,file_11601900858447d5,asset_25dc830e1a1b4503,vision_platform\ads\collections\close_x_proposal_collection_pilot_20260720_latest30\crops\raw_bbox\cxp_s0009_003_bbox.png,0
vision_platform\ads\pilot\visual_family_smoke_20260722\after_review\dataset\images\vf_00156_negative_asset_57d1fc1da943df85.png,negative,0,0,0,0,0,0,0,train,content:asset_57d1fc1da943df85,file_290fe7c586d1bb6d,asset_57d1fc1da943df85,vision_platform\ads\collections\close_x_proposal_collection_pilot_20260720_latest30\crops\raw_bbox\cxp_s0009_004_bbox.png,0
vision_platform\ads\pilot\visual_family_smoke_20260722\after_review\dataset\images\vf_00157_negative_asset_a19fa23d234f9866.png,negative,0,0,0,0,0,0,0,train,content:asset_a19fa23d234f9866,file_d9a9c77cb25b4a2e,asset_a19fa23d234f9866,vision_platform\ads\collections\close_x_proposal_collection_pilot_20260720_latest30\crops\raw_bbox\cxp_s0009_005_bbox.png,0
vision_platform\ads\pilot\visual_family_smoke_20260722\after_review\dataset\images\vf_00158_negative_asset_d5bb1e77da667e36.png,negative,0,0,0,0,0,0,0,val,content:asset_d5bb1e77da667e36,file_e7cbbce50e1dd13e,asset_d5bb1e77da667e36,vision_platform\ads\collections\close_x_proposal_collection_pilot_20260720_latest30\crops\raw_bbox\cxp_s0009_006_bbox.png,0
vision_platform\ads\pilot\visual_family_smoke_20260722\after_review\dataset\images\vf_00159_negative_asset_3d4d4e9079f583ca.png,negative,0,0,0,0,0,0,0,train,content:asset_3d4d4e9079f583ca,file_056fc8b4516fb6b7,asset_3d4d4e9079f583ca,vision_platform\ads\collections\close_x_proposal_collection_pilot_20260720_latest30\crops\raw_bbox\cxp_s0009_007_bbox.png,0
vision_platform\ads\pilot\visual_family_smoke_20260722\after_review\dataset\images\vf_00160_negative_asset_1fee60bbe3ea210e.png,negative,0,0,0,0,0,0,0,train,content:asset_1fee60bbe3ea210e,file_c4967340e1b75f3e,asset_1fee60bbe3ea210e,vision_platform\ads\collections\close_x_proposal_collection_pilot_20260720_latest30\crops\raw_bbox\cxp_s0009_008_bbox.png,0
vision_platform\ads\pilot\visual_family_smoke_20260722\after_review\dataset\images\vf_00161_negative_asset_80ee4f4e9a213d35.png,negative,0,0,0,0,0,0,0,train,content:asset_80ee4f4e9a213d35,file_ab5e1a5904283e1f,asset_80ee4f4e9a213d35,vision_platform\ads\collections\close_x_proposal_collection_pilot_20260720_latest30\crops\raw_bbox\cxp_s0009_009_bbox.png,0
vision_platform\ads\pilot\visual_family_smoke_20260722\after_review\dataset\images\vf_00162_negative_asset_8edb8539dfb2c073.png,negative,0,0,0,0,0,0,0,train,content:asset_8edb8539dfb2c073,file_4d213c7966ef0a8b,asset_8edb8539dfb2c073,vision_platform\ads\collections\close_x_proposal_collection_pilot_20260720_latest30\crops\raw_bbox\cxp_s0010_001_bbox.png,0
vision_platform\ads\pilot\visual_family_smoke_20260722\after_review\dataset\images\vf_00163_negative_asset_c409190d25a055c3.png,negative,0,0,0,0,0,0,0,val,content:asset_c409190d25a055c3,file_7b630036ff48fe10,asset_c409190d25a055c3,vision_platform\ads\collections\close_x_proposal_collection_pilot_20260720_latest30\crops\raw_bbox\cxp_s0010_002_bbox.png,0
vision_platform\ads\pilot\visual_family_smoke_20260722\after_review\dataset\images\vf_00164_negative_asset_62817eb22098886c.png,negative,0,0,0,0,0,0,0,train,content:asset_62817eb22098886c,file_e8444ad29b36e59a,asset_62817eb22098886c,vision_platform\ads\collections\close_x_proposal_collection_pilot_20260720_latest30\crops\raw_bbox\cxp_s0010_003_bbox.png,0
vision_platform\ads\pilot\visual_family_smoke_20260722\after_review\dataset\images\vf_00165_negative_asset_013a84504a421342.png,negative,0,0,0,0,0,0,0,train,content:asset_013a84504a421342,file_7a6929850578850c,asset_013a84504a421342,vision_platform\ads\collections\close_x_proposal_collection_pilot_20260720_latest30\crops\raw_bbox\cxp_s0010_004_bbox.png,0
vision_platform\ads\pilot\visual_family_smoke_20260722\after_review\dataset\images\vf_00166_negative_asset_bc3aa4d268788049.png,negative,0,0,0,0,0,0,0,train,content:asset_bc3aa4d268788049,file_8ca07fdee1320afd,asset_bc3aa4d268788049,vision_platform\ads\collections\close_x_proposal_collection_pilot_20260720_latest30\crops\raw_bbox\cxp_s0010_005_bbox.png,0
vision_platform\ads\pilot\visual_family_smoke_20260722\after_review\dataset\images\vf_00167_x_mark_asset_251be155a2e0f45f.png,x_mark,1,0,0,0,0,0,0,test,content:asset_251be155a2e0f45f,file_91ff9e58c2ef9b09,asset_251be155a2e0f45f,vision_platform\ads\collections\close_x_proposal_collection_pilot_20260720_latest30\crops\raw_bbox\cxp_s0011_001_bbox.png,0
vision_platform\ads\pilot\visual_family_smoke_20260722\after_review\dataset\images\vf_00168_x_mark_asset_b83df753dc0ce262.png,x_mark,1,0,0,0,0,0,0,train,content:asset_b83df753dc0ce262,file_24b3e1b06995c516,asset_b83df753dc0ce262,vision_platform\ads\collections\close_x_proposal_collection_pilot_20260720_latest30\crops\raw_bbox\cxp_s0011_002_bbox.png,0
vision_platform\ads\pilot\visual_family_smoke_20260722\after_review\dataset\images\vf_00169_negative_asset_29d4af160c90f25e.png,negative,0,0,0,0,0,0,0,train,content:asset_29d4af160c90f25e,file_f227ae59598c6650,asset_29d4af160c90f25e,vision_platform\ads\collections\close_x_proposal_collection_pilot_20260720_latest30\crops\raw_bbox\cxp_s0011_003_bbox.png,0
vision_platform\ads\pilot\visual_family_smoke_20260722\after_review\dataset\images\vf_00170_negative_asset_d3baa46011e33c21.png,negative,0,0,0,0,0,0,0,train,content:asset_d3baa46011e33c21,file_94e10e3f61ed3ce4,asset_d3baa46011e33c21,vision_platform\ads\collections\close_x_proposal_collection_pilot_20260720_latest30\crops\raw_bbox\cxp_s0011_004_bbox.png,0
vision_platform\ads\pilot\visual_family_smoke_20260722\after_review\dataset\images\vf_00171_negative_asset_0f610925826fffdf.png,negative,0,0,0,0,0,0,0,train,content:asset_0f610925826fffdf,file_1ec244a090d1fd51,asset_0f610925826fffdf,vision_platform\ads\collections\close_x_proposal_collection_pilot_20260720_latest30\crops\raw_bbox\cxp_s0011_005_bbox.png,0
vision_platform\ads\pilot\visual_family_smoke_20260722\after_review\dataset\images\vf_00172_negative_asset_d4314ce80a8bf8f5.png,negative,0,0,0,0,0,0,0,train,content:asset_d4314ce80a8bf8f5,file_7946387f6c41bfed,asset_d4314ce80a8bf8f5,vision_platform\ads\collections\close_x_proposal_collection_pilot_20260720_latest30\crops\raw_bbox\cxp_s0011_006_bbox.png,0
vision_platform\ads\pilot\visual_family_smoke_20260722\after_review\dataset\images\vf_00173_negative_asset_73284beb8beead90.png,negative,0,0,0,0,0,0,0,test,content:asset_73284beb8beead90,file_62d9538d71cdae45,asset_73284beb8beead90,vision_platform\ads\collections\close_x_proposal_collection_pilot_20260720_latest30\crops\raw_bbox\cxp_s0011_007_bbox.png,0
vision_platform\ads\pilot\visual_family_smoke_20260722\after_review\dataset\images\vf_00174_negative_asset_91826b2bb066b6a8.png,negative,0,0,0,0,0,0,0,test,content:asset_91826b2bb066b6a8,file_dfbbacd072fbae7f,asset_91826b2bb066b6a8,vision_platform\ads\collections\close_x_proposal_collection_pilot_20260720_latest30\crops\raw_bbox\cxp_s0012_001_bbox.png,0
vision_platform\ads\pilot\visual_family_smoke_20260722\after_review\dataset\images\vf_00175_negative_asset_48a4509e9b1c3618.png,negative,0,0,0,0,0,0,0,train,content:asset_48a4509e9b1c3618,file_bd805c8450d0eda1,asset_48a4509e9b1c3618,vision_platform\ads\collections\close_x_proposal_collection_pilot_20260720_latest30\crops\raw_bbox\cxp_s0012_002_bbox.png,0
vision_platform\ads\pilot\visual_family_smoke_20260722\after_review\dataset\images\vf_00176_negative_asset_565c6f322b64bbca.png,negative,0,0,0,0,0,0,0,train,content:asset_565c6f322b64bbca,file_995f23018d758bb5,asset_565c6f322b64bbca,vision_platform\ads\collections\close_x_proposal_collection_pilot_20260720_latest30\crops\raw_bbox\cxp_s0012_003_bbox.png,0
vision_platform\ads\pilot\visual_family_smoke_20260722\after_review\dataset\images\vf_00177_negative_asset_e9008f6b54dbd6b9.png,negative,0,0,0,0,0,0,0,train,content:asset_e9008f6b54dbd6b9,file_2268dfeaa6cbefa6,asset_e9008f6b54dbd6b9,vision_platform\ads\collections\close_x_proposal_collection_pilot_20260720_latest30\crops\raw_bbox\cxp_s0013_001_bbox.png,0
vision_platform\ads\pilot\visual_family_smoke_20260722\after_review\dataset\images\vf_00178_negative_asset_9013db8a6422d25c.png,negative,0,0,0,0,0,0,0,train,content:asset_9013db8a6422d25c,file_c5a9f3e615585d6e,asset_9013db8a6422d25c,vision_platform\ads\collections\close_x_proposal_collection_pilot_20260720_latest30\crops\raw_bbox\cxp_s0013_002_bbox.png,0
vision_platform\ads\pilot\visual_family_smoke_20260722\after_review\dataset\images\vf_00179_negative_asset_c409190d25a055c3.png,negative,0,0,0,0,0,0,0,val,content:asset_c409190d25a055c3,file_8b5822f6dfc1ffd1,asset_c409190d25a055c3,vision_platform\ads\collections\close_x_proposal_collection_pilot_20260720_latest30\crops\raw_bbox\cxp_s0013_003_bbox.png,0
vision_platform\ads\pilot\visual_family_smoke_20260722\after_review\dataset\images\vf_00180_negative_asset_62817eb22098886c.png,negative,0,0,0,0,0,0,0,train,content:asset_62817eb22098886c,file_1f827ac30bd544d7,asset_62817eb22098886c,vision_platform\ads\collections\close_x_proposal_collection_pilot_20260720_latest30\crops\raw_bbox\cxp_s0013_004_bbox.png,0
vision_platform\ads\pilot\visual_family_smoke_20260722\after_review\dataset\images\vf_00181_negative_asset_013a84504a421342.png,negative,0,0,0,0,0,0,0,train,content:asset_013a84504a421342,file_67b49b88f18c6a19,asset_013a84504a421342,vision_platform\ads\collections\close_x_proposal_collection_pilot_20260720_latest30\crops\raw_bbox\cxp_s0013_005_bbox.png,0
vision_platform\ads\pilot\visual_family_smoke_20260722\after_review\dataset\images\vf_00182_negative_asset_61cb291e30c87f5d.png,negative,0,0,0,0,0,0,0,train,content:asset_61cb291e30c87f5d,file_ece122d342d13624,asset_61cb291e30c87f5d,vision_platform\ads\collections\close_x_proposal_collection_pilot_20260720_latest30\crops\raw_bbox\cxp_s0013_006_bbox.png,0
vision_platform\ads\pilot\visual_family_smoke_20260722\after_review\dataset\images\vf_00183_x_mark_asset_251be155a2e0f45f.png,x_mark,1,0,0,0,0,0,0,test,content:asset_251be155a2e0f45f,file_db7a24f18e199abe,asset_251be155a2e0f45f,vision_platform\ads\collections\close_x_proposal_collection_pilot_20260720_latest30\crops\raw_bbox\cxp_s0014_001_bbox.png,0
vision_platform\ads\pilot\visual_family_smoke_20260722\after_review\dataset\images\vf_00184_x_mark_asset_b83df753dc0ce262.png,x_mark,1,0,0,0,0,0,0,train,content:asset_b83df753dc0ce262,file_6cceb9daeb3922f5,asset_b83df753dc0ce262,vision_platform\ads\collections\close_x_proposal_collection_pilot_20260720_latest30\crops\raw_bbox\cxp_s0014_002_bbox.png,0
vision_platform\ads\pilot\visual_family_smoke_20260722\after_review\dataset\images\vf_00185_negative_asset_29d4af160c90f25e.png,negative,0,0,0,0,0,0,0,train,content:asset_29d4af160c90f25e,file_08b2d410fccd20b3,asset_29d4af160c90f25e,vision_platform\ads\collections\close_x_proposal_collection_pilot_20260720_latest30\crops\raw_bbox\cxp_s0014_003_bbox.png,0
vision_platform\ads\pilot\visual_family_smoke_20260722\after_review\dataset\images\vf_00186_negative_asset_859b9dc274472de9.png,negative,0,0,0,0,0,0,0,train,content:asset_859b9dc274472de9,file_9dc8131a9265b9a8,asset_859b9dc274472de9,vision_platform\ads\collections\close_x_proposal_collection_pilot_20260720_latest30\crops\raw_bbox\cxp_s0014_004_bbox.png,0
vision_platform\ads\pilot\visual_family_smoke_20260722\after_review\dataset\images\vf_00187_negative_asset_b34a7ee3cc0240f5.png,negative,0,0,0,0,0,0,0,test,content:asset_b34a7ee3cc0240f5,file_28b579836faba943,asset_b34a7ee3cc0240f5,vision_platform\ads\collections\close_x_proposal_collection_pilot_20260720_latest30\crops\raw_bbox\cxp_s0014_005_bbox.png,0
vision_platform\ads\pilot\visual_family_smoke_20260722\after_review\dataset\images\vf_00188_negative_asset_db443b4f584de607.png,negative,0,0,0,0,0,0,0,train,content:asset_db443b4f584de607,file_4770140bfe2ecda6,asset_db443b4f584de607,vision_platform\ads\collections\close_x_proposal_collection_pilot_20260720_latest30\crops\raw_bbox\cxp_s0014_006_bbox.png,0
vision_platform\ads\pilot\visual_family_smoke_20260722\after_review\dataset\images\vf_00189_negative_asset_5e68d936dd7e45b0.png,negative,0,0,0,0,0,0,0,val,content:asset_5e68d936dd7e45b0,file_d4ba159f0247438a,asset_5e68d936dd7e45b0,vision_platform\ads\collections\close_x_proposal_collection_pilot_20260720_latest30\crops\raw_bbox\cxp_s0014_007_bbox.png,0
vision_platform\ads\pilot\visual_family_smoke_20260722\after_review\dataset\images\vf_00190_negative_asset_91826b2bb066b6a8.png,negative,0,0,0,0,0,0,0,test,content:asset_91826b2bb066b6a8,file_62eae25a0a77fcab,asset_91826b2bb066b6a8,vision_platform\ads\collections\close_x_proposal_collection_pilot_20260720_latest30\crops\raw_bbox\cxp_s0015_001_bbox.png,0
vision_platform\ads\pilot\visual_family_smoke_20260722\after_review\dataset\images\vf_00191_negative_asset_48a4509e9b1c3618.png,negative,0,0,0,0,0,0,0,train,content:asset_48a4509e9b1c3618,file_bff183863f6a97a9,asset_48a4509e9b1c3618,vision_platform\ads\collections\close_x_proposal_collection_pilot_20260720_latest30\crops\raw_bbox\cxp_s0015_002_bbox.png,0
vision_platform\ads\pilot\visual_family_smoke_20260722\after_review\dataset\images\vf_00192_negative_asset_565c6f322b64bbca.png,negative,0,0,0,0,0,0,0,train,content:asset_565c6f322b64bbca,file_7c25d4a36ab41be6,asset_565c6f322b64bbca,vision_platform\ads\collections\close_x_proposal_collection_pilot_20260720_latest30\crops\raw_bbox\cxp_s0015_003_bbox.png,0
vision_platform\ads\pilot\visual_family_smoke_20260722\after_review\dataset\images\vf_00193_negative_asset_6d83fa1f5ac7a824.png,negative,0,0,0,0,0,0,0,test,content:asset_6d83fa1f5ac7a824,file_a0b0f6bdde11b0bd,asset_6d83fa1f5ac7a824,vision_platform\ads\collections\close_x_proposal_collection_pilot_20260720_latest30\crops\raw_bbox\cxp_s0016_001_bbox.png,0
vision_platform\ads\pilot\visual_family_smoke_20260722\after_review\dataset\images\vf_00194_negative_asset_c409190d25a055c3.png,negative,0,0,0,0,0,0,0,val,content:asset_c409190d25a055c3,file_61d6d0be2de13fba,asset_c409190d25a055c3,vision_platform\ads\collections\close_x_proposal_collection_pilot_20260720_latest30\crops\raw_bbox\cxp_s0016_002_bbox.png,0
vision_platform\ads\pilot\visual_family_smoke_20260722\after_review\dataset\images\vf_00195_negative_asset_62817eb22098886c.png,negative,0,0,0,0,0,0,0,train,content:asset_62817eb22098886c,file_21eb3c5b896ef398,asset_62817eb22098886c,vision_platform\ads\collections\close_x_proposal_collection_pilot_20260720_latest30\crops\raw_bbox\cxp_s0016_003_bbox.png,0
vision_platform\ads\pilot\visual_family_smoke_20260722\after_review\dataset\images\vf_00196_negative_asset_d3aaae47bb6d0cad.png,negative,0,0,0,0,0,0,0,train,content:asset_d3aaae47bb6d0cad,file_607134e3dbb7ca82,asset_d3aaae47bb6d0cad,vision_platform\ads\collections\close_x_proposal_collection_pilot_20260720_latest30\crops\raw_bbox\cxp_s0016_004_bbox.png,0
vision_platform\ads\pilot\visual_family_smoke_20260722\after_review\dataset\images\vf_00197_negative_asset_013a84504a421342.png,negative,0,0,0,0,0,0,0,train,content:asset_013a84504a421342,file_7e61438c78ce2ae0,asset_013a84504a421342,vision_platform\ads\collections\close_x_proposal_collection_pilot_20260720_latest30\crops\raw_bbox\cxp_s0016_005_bbox.png,0
vision_platform\ads\pilot\visual_family_smoke_20260722\after_review\dataset\images\vf_00198_negative_asset_bc3aa4d268788049.png,negative,0,0,0,0,0,0,0,train,content:asset_bc3aa4d268788049,file_74a739640a9b7d66,asset_bc3aa4d268788049,vision_platform\ads\collections\close_x_proposal_collection_pilot_20260720_latest30\crops\raw_bbox\cxp_s0016_006_bbox.png,0
vision_platform\ads\pilot\visual_family_smoke_20260722\after_review\dataset\images\vf_00199_x_mark_asset_251be155a2e0f45f.png,x_mark,1,0,0,0,0,0,0,test,content:asset_251be155a2e0f45f,file_605057c4c8779cfc,asset_251be155a2e0f45f,vision_platform\ads\collections\close_x_proposal_collection_pilot_20260720_latest30\crops\raw_bbox\cxp_s0017_001_bbox.png,0
vision_platform\ads\pilot\visual_family_smoke_20260722\after_review\dataset\images\vf_00200_x_mark_asset_961704ab639f1244.png,x_mark,1,0,0,0,0,0,0,train,content:asset_961704ab639f1244,file_381e410f4fbf942c,asset_961704ab639f1244,vision_platform\ads\collections\close_x_proposal_collection_pilot_20260720_latest30\crops\raw_bbox\cxp_s0017_002_bbox.png,0
vision_platform\ads\pilot\visual_family_smoke_20260722\after_review\dataset\images\vf_00201_negative_asset_29d4af160c90f25e.png,negative,0,0,0,0,0,0,0,train,content:asset_29d4af160c90f25e,file_2937f3209ff77c12,asset_29d4af160c90f25e,vision_platform\ads\collections\close_x_proposal_collection_pilot_20260720_latest30\crops\raw_bbox\cxp_s0017_003_bbox.png,0
vision_platform\ads\pilot\visual_family_smoke_20260722\after_review\dataset\images\vf_00202_negative_asset_77521332b7634b04.png,negative,0,0,0,0,0,0,0,train,content:asset_77521332b7634b04,file_75531930390fde17,asset_77521332b7634b04,vision_platform\ads\collections\close_x_proposal_collection_pilot_20260720_latest30\crops\raw_bbox\cxp_s0018_001_bbox.png,0
vision_platform\ads\pilot\visual_family_smoke_20260722\after_review\dataset\images\vf_00203_negative_asset_2cd7ca5430f0f1ac.png,negative,0,0,0,0,0,0,0,train,content:asset_2cd7ca5430f0f1ac,file_3f57301a58fb7315,asset_2cd7ca5430f0f1ac,vision_platform\ads\collections\close_x_proposal_collection_pilot_20260720_latest30\crops\raw_bbox\cxp_s0018_002_bbox.png,0
vision_platform\ads\pilot\visual_family_smoke_20260722\after_review\dataset\images\vf_00204_negative_asset_c409190d25a055c3.png,negative,0,0,0,0,0,0,0,val,content:asset_c409190d25a055c3,file_bfd39bef0c33d8af,asset_c409190d25a055c3,vision_platform\ads\collections\close_x_proposal_collection_pilot_20260720_latest30\crops\raw_bbox\cxp_s0018_003_bbox.png,0
vision_platform\ads\pilot\visual_family_smoke_20260722\after_review\dataset\images\vf_00205_negative_asset_62817eb22098886c.png,negative,0,0,0,0,0,0,0,train,content:asset_62817eb22098886c,file_46f347d358ca524a,asset_62817eb22098886c,vision_platform\ads\collections\close_x_proposal_collection_pilot_20260720_latest30\crops\raw_bbox\cxp_s0018_004_bbox.png,0
vision_platform\ads\pilot\visual_family_smoke_20260722\after_review\dataset\images\vf_00206_negative_asset_ffd1f2632a72109c.png,negative,0,0,0,0,0,0,0,val,content:asset_ffd1f2632a72109c,file_4b304511abf8c41a,asset_ffd1f2632a72109c,vision_platform\ads\collections\close_x_proposal_collection_pilot_20260720_latest30\crops\raw_bbox\cxp_s0018_005_bbox.png,0
vision_platform\ads\pilot\visual_family_smoke_20260722\after_review\dataset\images\vf_00207_negative_asset_013a84504a421342.png,negative,0,0,0,0,0,0,0,train,content:asset_013a84504a421342,file_943b486c64c3a3e2,asset_013a84504a421342,vision_platform\ads\collections\close_x_proposal_collection_pilot_20260720_latest30\crops\raw_bbox\cxp_s0018_006_bbox.png,0
vision_platform\ads\pilot\visual_family_smoke_20260722\after_review\dataset\images\vf_00208_negative_asset_b71261403d2fc2ee.png,negative,0,0,0,0,0,0,0,train,content:asset_b71261403d2fc2ee,file_eed92d859847a11b,asset_b71261403d2fc2ee,vision_platform\ads\collections\close_x_proposal_collection_pilot_20260720_latest30\crops\raw_bbox\cxp_s0018_007_bbox.png,0
vision_platform\ads\pilot\visual_family_smoke_20260722\after_review\dataset\images\vf_00209_x_mark_asset_251be155a2e0f45f.png,x_mark,1,0,0,0,0,0,0,test,content:asset_251be155a2e0f45f,file_ac5d922c68334ea0,asset_251be155a2e0f45f,vision_platform\ads\collections\close_x_proposal_collection_pilot_20260720_latest30\crops\raw_bbox\cxp_s0019_001_bbox.png,0
vision_platform\ads\pilot\visual_family_smoke_20260722\after_review\dataset\images\vf_00210_x_mark_asset_b83df753dc0ce262.png,x_mark,1,0,0,0,0,0,0,train,content:asset_b83df753dc0ce262,file_db44507de0a6202f,asset_b83df753dc0ce262,vision_platform\ads\collections\close_x_proposal_collection_pilot_20260720_latest30\crops\raw_bbox\cxp_s0019_002_bbox.png,0
vision_platform\ads\pilot\visual_family_smoke_20260722\after_review\dataset\images\vf_00211_negative_asset_29d4af160c90f25e.png,negative,0,0,0,0,0,0,0,train,content:asset_29d4af160c90f25e,file_2529689d273ce7eb,asset_29d4af160c90f25e,vision_platform\ads\collections\close_x_proposal_collection_pilot_20260720_latest30\crops\raw_bbox\cxp_s0019_003_bbox.png,0
vision_platform\ads\pilot\visual_family_smoke_20260722\after_review\dataset\images\vf_00212_negative_asset_91826b2bb066b6a8.png,negative,0,0,0,0,0,0,0,test,content:asset_91826b2bb066b6a8,file_4a9e152ea92af9ca,asset_91826b2bb066b6a8,vision_platform\ads\collections\close_x_proposal_collection_pilot_20260720_latest30\crops\raw_bbox\cxp_s0020_001_bbox.png,0
vision_platform\ads\pilot\visual_family_smoke_20260722\after_review\dataset\images\vf_00213_negative_asset_48a4509e9b1c3618.png,negative,0,0,0,0,0,0,0,train,content:asset_48a4509e9b1c3618,file_0ecaf5cd235413e4,asset_48a4509e9b1c3618,vision_platform\ads\collections\close_x_proposal_collection_pilot_20260720_latest30\crops\raw_bbox\cxp_s0020_002_bbox.png,0
vision_platform\ads\pilot\visual_family_smoke_20260722\after_review\dataset\images\vf_00214_negative_asset_a49e1ac7301ca334.png,negative,0,0,0,0,0,0,0,val,content:asset_a49e1ac7301ca334,file_05b635b1cc309009,asset_a49e1ac7301ca334,vision_platform\ads\collections\close_x_proposal_collection_pilot_20260720_latest30\crops\raw_bbox\cxp_s0020_003_bbox.png,0
vision_platform\ads\pilot\visual_family_smoke_20260722\after_review\dataset\images\vf_00215_negative_asset_aa95ccbd3e3c7d94.png,negative,0,0,0,0,0,0,0,train,content:asset_aa95ccbd3e3c7d94,file_dc16b952399af995,asset_aa95ccbd3e3c7d94,vision_platform\ads\collections\close_x_proposal_collection_pilot_20260720_latest30\crops\raw_bbox\cxp_s0020_004_bbox.png,0
vision_platform\ads\pilot\visual_family_smoke_20260722\after_review\dataset\images\vf_00216_negative_asset_a4cfd7dd128cf5f6.png,negative,0,0,0,0,0,0,0,train,content:asset_a4cfd7dd128cf5f6,file_ce438abe7923c47a,asset_a4cfd7dd128cf5f6,vision_platform\ads\collections\close_x_proposal_collection_pilot_20260720_latest30\crops\raw_bbox\cxp_s0020_005_bbox.png,0
vision_platform\ads\pilot\visual_family_smoke_20260722\after_review\dataset\images\vf_00217_negative_asset_565c6f322b64bbca.png,negative,0,0,0,0,0,0,0,train,content:asset_565c6f322b64bbca,file_24802d55efec4802,asset_565c6f322b64bbca,vision_platform\ads\collections\close_x_proposal_collection_pilot_20260720_latest30\crops\raw_bbox\cxp_s0020_006_bbox.png,0
vision_platform\ads\pilot\visual_family_smoke_20260722\after_review\dataset\images\vf_00218_negative_asset_12958fd6c358459c.png,negative,0,0,0,0,0,0,0,test,content:asset_12958fd6c358459c,file_c2d3c766dc8e6334,asset_12958fd6c358459c,vision_platform\ads\collections\close_x_proposal_collection_pilot_20260720_latest30\crops\raw_bbox\cxp_s0021_001_bbox.png,0
vision_platform\ads\pilot\visual_family_smoke_20260722\after_review\dataset\images\vf_00219_negative_asset_2e92c8b9ec124051.png,negative,0,0,0,0,0,0,0,train,content:asset_2e92c8b9ec124051,file_c64b4c3594215298,asset_2e92c8b9ec124051,vision_platform\ads\collections\close_x_proposal_collection_pilot_20260720_latest30\crops\raw_bbox\cxp_s0021_002_bbox.png,0
vision_platform\ads\pilot\visual_family_smoke_20260722\after_review\dataset\images\vf_00220_negative_asset_c409190d25a055c3.png,negative,0,0,0,0,0,0,0,val,content:asset_c409190d25a055c3,file_f2ff1c31c9931189,asset_c409190d25a055c3,vision_platform\ads\collections\close_x_proposal_collection_pilot_20260720_latest30\crops\raw_bbox\cxp_s0021_003_bbox.png,0
vision_platform\ads\pilot\visual_family_smoke_20260722\after_review\dataset\images\vf_00221_negative_asset_070a3bc34ab8f598.png,negative,0,0,0,0,0,0,0,train,content:asset_070a3bc34ab8f598,file_d896ff006b016c7e,asset_070a3bc34ab8f598,vision_platform\ads\collections\close_x_proposal_collection_pilot_20260720_latest30\crops\raw_bbox\cxp_s0021_004_bbox.png,0
vision_platform\ads\pilot\visual_family_smoke_20260722\after_review\dataset\images\vf_00222_negative_asset_62817eb22098886c.png,negative,0,0,0,0,0,0,0,train,content:asset_62817eb22098886c,file_725f7de3a625a50f,asset_62817eb22098886c,vision_platform\ads\collections\close_x_proposal_collection_pilot_20260720_latest30\crops\raw_bbox\cxp_s0021_005_bbox.png,0
vision_platform\ads\pilot\visual_family_smoke_20260722\after_review\dataset\images\vf_00223_negative_asset_a86c11ed59a63cd6.png,negative,0,0,0,0,0,0,0,train,content:asset_a86c11ed59a63cd6,file_a9286d112247becd,asset_a86c11ed59a63cd6,vision_platform\ads\collections\close_x_proposal_collection_pilot_20260720_latest30\crops\raw_bbox\cxp_s0021_006_bbox.png,0
vision_platform\ads\pilot\visual_family_smoke_20260722\after_review\dataset\images\vf_00224_negative_asset_ba9b230a3ba97479.png,negative,0,0,0,0,0,0,0,train,content:asset_ba9b230a3ba97479,file_f459e001f281b48a,asset_ba9b230a3ba97479,vision_platform\ads\collections\close_x_proposal_collection_pilot_20260720_latest30\crops\raw_bbox\cxp_s0021_007_bbox.png,0
vision_platform\ads\pilot\visual_family_smoke_20260722\after_review\dataset\images\vf_00225_negative_asset_013a84504a421342.png,negative,0,0,0,0,0,0,0,train,content:asset_013a84504a421342,file_0d347cbabbc19c92,asset_013a84504a421342,vision_platform\ads\collections\close_x_proposal_collection_pilot_20260720_latest30\crops\raw_bbox\cxp_s0021_008_bbox.png,0
vision_platform\ads\pilot\visual_family_smoke_20260722\after_review\dataset\images\vf_00226_negative_asset_bc3aa4d268788049.png,negative,0,0,0,0,0,0,0,train,content:asset_bc3aa4d268788049,file_1612b4b1501ab202,asset_bc3aa4d268788049,vision_platform\ads\collections\close_x_proposal_collection_pilot_20260720_latest30\crops\raw_bbox\cxp_s0021_009_bbox.png,0
vision_platform\ads\pilot\visual_family_smoke_20260722\after_review\dataset\images\vf_00227_x_mark_asset_251be155a2e0f45f.png,x_mark,1,0,0,0,0,0,0,test,content:asset_251be155a2e0f45f,file_db2b2d11c56ebd15,asset_251be155a2e0f45f,vision_platform\ads\collections\close_x_proposal_collection_pilot_20260720_latest30\crops\raw_bbox\cxp_s0022_001_bbox.png,0
vision_platform\ads\pilot\visual_family_smoke_20260722\after_review\dataset\images\vf_00228_x_mark_asset_961704ab639f1244.png,x_mark,1,0,0,0,0,0,0,train,content:asset_961704ab639f1244,file_da513dfa8e050662,asset_961704ab639f1244,vision_platform\ads\collections\close_x_proposal_collection_pilot_20260720_latest30\crops\raw_bbox\cxp_s0022_002_bbox.png,0
vision_platform\ads\pilot\visual_family_smoke_20260722\after_review\dataset\images\vf_00229_negative_asset_29d4af160c90f25e.png,negative,0,0,0,0,0,0,0,train,content:asset_29d4af160c90f25e,file_e7244f5cdfd5585b,asset_29d4af160c90f25e,vision_platform\ads\collections\close_x_proposal_collection_pilot_20260720_latest30\crops\raw_bbox\cxp_s0022_003_bbox.png,0
vision_platform\ads\pilot\visual_family_smoke_20260722\after_review\dataset\images\vf_00230_negative_asset_486faf47db84a8fd.png,negative,0,0,0,0,0,0,0,val,content:asset_486faf47db84a8fd,file_283d9cd1c0e66143,asset_486faf47db84a8fd,vision_platform\ads\collections\close_x_proposal_collection_pilot_20260720_latest30\crops\raw_bbox\cxp_s0023_001_bbox.png,0
vision_platform\ads\pilot\visual_family_smoke_20260722\after_review\dataset\images\vf_00231_negative_asset_af3e23533898db55.png,negative,0,0,0,0,0,0,0,test,content:asset_af3e23533898db55,file_1b010db04930478a,asset_af3e23533898db55,vision_platform\ads\collections\close_x_proposal_collection_pilot_20260720_latest30\crops\raw_bbox\cxp_s0023_002_bbox.png,0
vision_platform\ads\pilot\visual_family_smoke_20260722\after_review\dataset\images\vf_00232_negative_asset_48a4509e9b1c3618.png,negative,0,0,0,0,0,0,0,train,content:asset_48a4509e9b1c3618,file_1e236a905a2c8fdc,asset_48a4509e9b1c3618,vision_platform\ads\collections\close_x_proposal_collection_pilot_20260720_latest30\crops\raw_bbox\cxp_s0023_003_bbox.png,0
vision_platform\ads\pilot\visual_family_smoke_20260722\after_review\dataset\images\vf_00233_negative_asset_a49e1ac7301ca334.png,negative,0,0,0,0,0,0,0,val,content:asset_a49e1ac7301ca334,file_fddc888ee7839eec,asset_a49e1ac7301ca334,vision_platform\ads\collections\close_x_proposal_collection_pilot_20260720_latest30\crops\raw_bbox\cxp_s0023_004_bbox.png,0
vision_platform\ads\pilot\visual_family_smoke_20260722\after_review\dataset\images\vf_00234_negative_asset_8db1fa48142c43a5.png,negative,0,0,0,0,0,0,0,train,content:asset_8db1fa48142c43a5,file_416f8aa538496df5,asset_8db1fa48142c43a5,vision_platform\ads\collections\close_x_proposal_collection_pilot_20260720_latest30\crops\raw_bbox\cxp_s0023_005_bbox.png,0
vision_platform\ads\pilot\visual_family_smoke_20260722\after_review\dataset\images\vf_00235_negative_asset_aa95ccbd3e3c7d94.png,negative,0,0,0,0,0,0,0,train,content:asset_aa95ccbd3e3c7d94,file_fc96ccd6b879606e,asset_aa95ccbd3e3c7d94,vision_platform\ads\collections\close_x_proposal_collection_pilot_20260720_latest30\crops\raw_bbox\cxp_s0023_006_bbox.png,0
vision_platform\ads\pilot\visual_family_smoke_20260722\after_review\dataset\images\vf_00236_negative_asset_a4cfd7dd128cf5f6.png,negative,0,0,0,0,0,0,0,train,content:asset_a4cfd7dd128cf5f6,file_c643dc834bbe5da0,asset_a4cfd7dd128cf5f6,vision_platform\ads\collections\close_x_proposal_collection_pilot_20260720_latest30\crops\raw_bbox\cxp_s0023_007_bbox.png,0
vision_platform\ads\pilot\visual_family_smoke_20260722\after_review\dataset\images\vf_00237_negative_asset_565c6f322b64bbca.png,negative,0,0,0,0,0,0,0,train,content:asset_565c6f322b64bbca,file_af8dab5936442aa0,asset_565c6f322b64bbca,vision_platform\ads\collections\close_x_proposal_collection_pilot_20260720_latest30\crops\raw_bbox\cxp_s0023_008_bbox.png,0
vision_platform\ads\pilot\visual_family_smoke_20260722\after_review\dataset\images\vf_00238_negative_asset_b663eaec3b0a7db6.png,negative,0,0,0,0,0,0,0,test,content:asset_b663eaec3b0a7db6,file_415a6ea6c4a0df27,asset_b663eaec3b0a7db6,vision_platform\ads\collections\close_x_proposal_collection_pilot_20260720_latest30\crops\raw_bbox\cxp_s0023_009_bbox.png,0
vision_platform\ads\pilot\visual_family_smoke_20260722\after_review\dataset\images\vf_00239_negative_asset_0988b34476b44757.png,negative,0,0,0,0,0,0,0,train,content:asset_0988b34476b44757,file_70a0486c1248edbd,asset_0988b34476b44757,vision_platform\ads\collections\close_x_proposal_collection_pilot_20260720_latest30\crops\raw_bbox\cxp_s0024_001_bbox.png,0
vision_platform\ads\pilot\visual_family_smoke_20260722\after_review\dataset\images\vf_00240_negative_asset_8169c52d78c8cac6.png,negative,0,0,0,0,0,0,0,train,content:asset_8169c52d78c8cac6,file_af73733133cdd78f,asset_8169c52d78c8cac6,vision_platform\ads\collections\close_x_proposal_collection_pilot_20260720_latest30\crops\raw_bbox\cxp_s0024_002_bbox.png,0
vision_platform\ads\pilot\visual_family_smoke_20260722\after_review\dataset\images\vf_00241_negative_asset_d1d07ee640d69a32.png,negative,0,0,0,0,0,0,0,train,content:asset_d1d07ee640d69a32,file_a0649af9be924e00,asset_d1d07ee640d69a32,vision_platform\ads\collections\close_x_proposal_collection_pilot_20260720_latest30\crops\raw_bbox\cxp_s0024_003_bbox.png,0
vision_platform\ads\pilot\visual_family_smoke_20260722\after_review\dataset\images\vf_00242_negative_asset_df2a14b59cd4b475.png,negative,0,0,0,0,0,0,0,train,content:asset_df2a14b59cd4b475,file_7c0ec73eb407ebc9,asset_df2a14b59cd4b475,vision_platform\ads\collections\close_x_proposal_collection_pilot_20260720_latest30\crops\raw_bbox\cxp_s0024_004_bbox.png,0
vision_platform\ads\pilot\visual_family_smoke_20260722\after_review\dataset\images\vf_00243_negative_asset_013a84504a421342.png,negative,0,0,0,0,0,0,0,train,content:asset_013a84504a421342,file_a2d34dc3d4b06668,asset_013a84504a421342,vision_platform\ads\collections\close_x_proposal_collection_pilot_20260720_latest30\crops\raw_bbox\cxp_s0024_005_bbox.png,0
vision_platform\ads\pilot\visual_family_smoke_20260722\after_review\dataset\images\vf_00244_negative_asset_bc3aa4d268788049.png,negative,0,0,0,0,0,0,0,train,content:asset_bc3aa4d268788049,file_343cc91fad3829c9,asset_bc3aa4d268788049,vision_platform\ads\collections\close_x_proposal_collection_pilot_20260720_latest30\crops\raw_bbox\cxp_s0024_006_bbox.png,0
vision_platform\ads\pilot\visual_family_smoke_20260722\after_review\dataset\images\vf_00245_arrow_asset_d78a7856152ad697.png,arrow,0,0,0,0,0,0,1,train,content:asset_d78a7856152ad697,file_69a519b9d04c71da,asset_d78a7856152ad697,vision_platform\ads\collections\close_x_proposal_collection_pilot_20260720_latest30\crops\raw_bbox\cxp_s0025_001_bbox.png,0
vision_platform\ads\pilot\visual_family_smoke_20260722\after_review\dataset\images\vf_00246_negative_asset_f9d16a7b48a0c437.png,negative,0,0,0,0,0,0,0,test,content:asset_f9d16a7b48a0c437,file_3ce9f1cbf39de82c,asset_f9d16a7b48a0c437,vision_platform\ads\collections\close_x_proposal_collection_pilot_20260720_latest30\crops\raw_bbox\cxp_s0025_002_bbox.png,0
vision_platform\ads\pilot\visual_family_smoke_20260722\after_review\dataset\images\vf_00247_negative_asset_3d14115e8ebd0847.png,negative,0,0,0,0,0,0,0,test,content:asset_3d14115e8ebd0847,file_05508f234e94ed3e,asset_3d14115e8ebd0847,vision_platform\ads\collections\close_x_proposal_collection_pilot_20260720_latest30\crops\raw_bbox\cxp_s0025_003_bbox.png,0
vision_platform\ads\pilot\visual_family_smoke_20260722\after_review\dataset\images\vf_00248_negative_asset_ca51f31a9fc9dec3.png,negative,0,0,0,0,0,0,0,train,content:asset_ca51f31a9fc9dec3,file_a96bed9e2e5fc15d,asset_ca51f31a9fc9dec3,vision_platform\ads\collections\close_x_proposal_collection_pilot_20260720_latest30\crops\raw_bbox\cxp_s0025_004_bbox.png,0
vision_platform\ads\pilot\visual_family_smoke_20260722\after_review\dataset\images\vf_00249_negative_asset_0c5ebe511701c4b3.png,negative,0,0,0,0,0,0,0,train,content:asset_0c5ebe511701c4b3,file_24950b7541a52df5,asset_0c5ebe511701c4b3,vision_platform\ads\collections\close_x_proposal_collection_pilot_20260720_latest30\crops\raw_bbox\cxp_s0025_005_bbox.png,0
vision_platform\ads\pilot\visual_family_smoke_20260722\after_review\dataset\images\vf_00250_negative_asset_75daa29a92e6e39d.png,negative,0,0,0,0,0,0,0,train,content:asset_75daa29a92e6e39d,file_28be8d018f4d307e,asset_75daa29a92e6e39d,vision_platform\ads\collections\close_x_proposal_collection_pilot_20260720_latest30\crops\raw_bbox\cxp_s0025_006_bbox.png,0
vision_platform\ads\pilot\visual_family_smoke_20260722\after_review\dataset\images\vf_00251_negative_asset_8eb4a29e00e394e8.png,negative,0,0,0,0,0,0,0,train,content:asset_8eb4a29e00e394e8,file_2f57225e445b674c,asset_8eb4a29e00e394e8,vision_platform\ads\collections\close_x_proposal_collection_pilot_20260720_latest30\crops\raw_bbox\cxp_s0025_007_bbox.png,0
vision_platform\ads\pilot\visual_family_smoke_20260722\after_review\dataset\images\vf_00252_negative_asset_7733f8bebaf84579.png,negative,0,0,0,0,0,0,0,train,content:asset_7733f8bebaf84579,file_5b96f48523f9c0b4,asset_7733f8bebaf84579,vision_platform\ads\collections\close_x_proposal_collection_pilot_20260720_latest30\crops\raw_bbox\cxp_s0025_008_bbox.png,0
vision_platform\ads\pilot\visual_family_smoke_20260722\after_review\dataset\images\vf_00253_negative_asset_a3c24e5aa6b51216.png,negative,0,0,0,0,0,0,0,train,content:asset_a3c24e5aa6b51216,file_72fd09413d932fea,asset_a3c24e5aa6b51216,vision_platform\ads\collections\close_x_proposal_collection_pilot_20260720_latest30\crops\raw_bbox\cxp_s0025_009_bbox.png,0
vision_platform\ads\pilot\visual_family_smoke_20260722\after_review\dataset\images\vf_00254_arrow_asset_7dd2912db6461d61.png,arrow,0,0,0,0,0,0,1,train,content:asset_7dd2912db6461d61,file_5cb4b7066873df3f,asset_7dd2912db6461d61,vision_platform\ads\collections\close_x_proposal_collection_pilot_20260720_latest30\crops\raw_bbox\cxp_s0026_001_bbox.png,0
vision_platform\ads\pilot\visual_family_smoke_20260722\after_review\dataset\images\vf_00255_negative_asset_1f152f5501c6fe9b.png,negative,0,0,0,0,0,0,0,train,content:asset_1f152f5501c6fe9b,file_e159069bc60055ad,asset_1f152f5501c6fe9b,vision_platform\ads\collections\close_x_proposal_collection_pilot_20260720_latest30\crops\raw_bbox\cxp_s0026_002_bbox.png,0
vision_platform\ads\pilot\visual_family_smoke_20260722\after_review\dataset\images\vf_00256_negative_asset_dfcc6fe98c4011f7.png,negative,0,0,0,0,0,0,0,train,content:asset_dfcc6fe98c4011f7,file_af33409809dd3428,asset_dfcc6fe98c4011f7,vision_platform\ads\collections\close_x_proposal_collection_pilot_20260720_latest30\crops\raw_bbox\cxp_s0026_003_bbox.png,0
vision_platform\ads\pilot\visual_family_smoke_20260722\after_review\dataset\images\vf_00257_negative_asset_01c6947e29c81fd2.png,negative,0,0,0,0,0,0,0,train,content:asset_01c6947e29c81fd2,file_cb9be0ef12f0f64b,asset_01c6947e29c81fd2,vision_platform\ads\collections\close_x_proposal_collection_pilot_20260720_latest30\crops\raw_bbox\cxp_s0026_004_bbox.png,0
vision_platform\ads\pilot\visual_family_smoke_20260722\after_review\dataset\images\vf_00258_negative_asset_ac180cb4827bee4a.png,negative,0,0,0,0,0,0,0,train,content:asset_ac180cb4827bee4a,file_39861b2aa1a9e17c,asset_ac180cb4827bee4a,vision_platform\ads\collections\close_x_proposal_collection_pilot_20260720_latest30\crops\raw_bbox\cxp_s0026_005_bbox.png,0
vision_platform\ads\pilot\visual_family_smoke_20260722\after_review\dataset\images\vf_00259_negative_asset_64867e4f8292f469.png,negative,0,0,0,0,0,0,0,train,content:asset_64867e4f8292f469,file_2776b9fbf0c63c89,asset_64867e4f8292f469,vision_platform\ads\collections\close_x_proposal_collection_pilot_20260720_latest30\crops\raw_bbox\cxp_s0026_006_bbox.png,0
vision_platform\ads\pilot\visual_family_smoke_20260722\after_review\dataset\images\vf_00260_negative_asset_eb97ceb55f4e3a71.png,negative,0,0,0,0,0,0,0,train,content:asset_eb97ceb55f4e3a71,file_55bb3584d97807f9,asset_eb97ceb55f4e3a71,vision_platform\ads\collections\close_x_proposal_collection_pilot_20260720_latest30\crops\raw_bbox\cxp_s0026_007_bbox.png,0
vision_platform\ads\pilot\visual_family_smoke_20260722\after_review\dataset\images\vf_00261_negative_asset_88bc719ba426bdc6.png,negative,0,0,0,0,0,0,0,train,content:asset_88bc719ba426bdc6,file_112b5abe67e3cc0f,asset_88bc719ba426bdc6,vision_platform\ads\collections\close_x_proposal_collection_pilot_20260720_latest30\crops\raw_bbox\cxp_s0026_008_bbox.png,0
vision_platform\ads\pilot\visual_family_smoke_20260722\after_review\dataset\images\vf_00262_negative_asset_b70dd35d3ff8880c.png,negative,0,0,0,0,0,0,0,train,content:asset_b70dd35d3ff8880c,file_cc3f8cea13fd325a,asset_b70dd35d3ff8880c,vision_platform\ads\collections\close_x_proposal_collection_pilot_20260720_latest30\crops\raw_bbox\cxp_s0026_009_bbox.png,0
vision_platform\ads\pilot\visual_family_smoke_20260722\after_review\dataset\images\vf_00263_negative_asset_cff2d061898fa1b2.png,negative,0,0,0,0,0,0,0,train,content:asset_cff2d061898fa1b2,file_1e932f7b9b49ad39,asset_cff2d061898fa1b2,vision_platform\ads\collections\close_x_proposal_collection_pilot_20260720_latest30\crops\raw_bbox\cxp_s0026_010_bbox.png,0
vision_platform\ads\pilot\visual_family_smoke_20260722\after_review\dataset\images\vf_00264_negative_asset_cb5024712c95a9d0.png,negative,0,0,0,0,0,0,0,train,content:asset_cb5024712c95a9d0,file_a163ba495a0fa0b9,asset_cb5024712c95a9d0,vision_platform\ads\collections\close_x_proposal_collection_pilot_20260720_latest30\crops\raw_bbox\cxp_s0026_011_bbox.png,0
vision_platform\ads\pilot\visual_family_smoke_20260722\after_review\dataset\images\vf_00265_negative_asset_d0037435e0388512.png,negative,0,0,0,0,0,0,0,test,content:asset_d0037435e0388512,file_2ac5cefc79d445ab,asset_d0037435e0388512,vision_platform\ads\collections\close_x_proposal_collection_pilot_20260720_latest30\crops\raw_bbox\cxp_s0026_012_bbox.png,0
vision_platform\ads\pilot\visual_family_smoke_20260722\after_review\dataset\images\vf_00266_negative_asset_4842d194283aab15.png,negative,0,0,0,0,0,0,0,train,content:asset_4842d194283aab15,file_68ca6b6319c215b4,asset_4842d194283aab15,vision_platform\ads\collections\close_x_proposal_collection_pilot_20260720_latest30\crops\raw_bbox\cxp_s0026_013_bbox.png,0
vision_platform\ads\pilot\visual_family_smoke_20260722\after_review\dataset\images\vf_00267_negative_asset_fe3886169f08488f.png,negative,0,0,0,0,0,0,0,train,content:asset_fe3886169f08488f,file_e99ec0ee0c7730ff,asset_fe3886169f08488f,vision_platform\ads\collections\close_x_proposal_collection_pilot_20260720_latest30\crops\raw_bbox\cxp_s0026_014_bbox.png,0
vision_platform\ads\pilot\visual_family_smoke_20260722\after_review\dataset\images\vf_00268_negative_asset_4a0e872bb1dd2aec.png,negative,0,0,0,0,0,0,0,train,content:asset_4a0e872bb1dd2aec,file_320d308488e3711c,asset_4a0e872bb1dd2aec,vision_platform\ads\collections\close_x_proposal_collection_pilot_20260720_latest30\crops\raw_bbox\cxp_s0026_015_bbox.png,0
vision_platform\ads\pilot\visual_family_smoke_20260722\after_review\dataset\images\vf_00269_negative_asset_164074a31b9b9943.png,negative,0,0,0,0,0,0,0,test,content:asset_164074a31b9b9943,file_d0490a5af43affcc,asset_164074a31b9b9943,vision_platform\ads\collections\close_x_proposal_collection_pilot_20260720_latest30\crops\raw_bbox\cxp_s0026_016_bbox.png,0
vision_platform\ads\pilot\visual_family_smoke_20260722\after_review\dataset\images\vf_00270_negative_asset_5bbd18c0ab88ac19.png,negative,0,0,0,0,0,0,0,test,content:asset_5bbd18c0ab88ac19,file_41cfbd217f96f572,asset_5bbd18c0ab88ac19,vision_platform\ads\collections\close_x_proposal_collection_pilot_20260720_latest30\crops\raw_bbox\cxp_s0026_017_bbox.png,0
vision_platform\ads\pilot\visual_family_smoke_20260722\after_review\dataset\images\vf_00271_negative_asset_2c92c20775acda6b.png,negative,0,0,0,0,0,0,0,train,content:asset_2c92c20775acda6b,file_510bde59528a06e8,asset_2c92c20775acda6b,vision_platform\ads\collections\close_x_proposal_collection_pilot_20260720_latest30\crops\raw_bbox\cxp_s0026_018_bbox.png,0
vision_platform\ads\pilot\visual_family_smoke_20260722\after_review\dataset\images\vf_00272_negative_asset_866a28d1c5357282.png,negative,0,0,0,0,0,0,0,train,content:asset_866a28d1c5357282,file_b1a43845dd580dbb,asset_866a28d1c5357282,vision_platform\ads\collections\close_x_proposal_collection_pilot_20260720_latest30\crops\raw_bbox\cxp_s0026_019_bbox.png,0
vision_platform\ads\pilot\visual_family_smoke_20260722\after_review\dataset\images\vf_00273_negative_asset_486faf47db84a8fd.png,negative,0,0,0,0,0,0,0,val,content:asset_486faf47db84a8fd,file_11e19fd0b27654b9,asset_486faf47db84a8fd,vision_platform\ads\collections\close_x_proposal_collection_pilot_20260720_latest30\crops\raw_bbox\cxp_s0027_001_bbox.png,0
vision_platform\ads\pilot\visual_family_smoke_20260722\after_review\dataset\images\vf_00274_negative_asset_af3e23533898db55.png,negative,0,0,0,0,0,0,0,test,content:asset_af3e23533898db55,file_ef7a40d07f5c3bf0,asset_af3e23533898db55,vision_platform\ads\collections\close_x_proposal_collection_pilot_20260720_latest30\crops\raw_bbox\cxp_s0027_002_bbox.png,0
vision_platform\ads\pilot\visual_family_smoke_20260722\after_review\dataset\images\vf_00275_negative_asset_48a4509e9b1c3618.png,negative,0,0,0,0,0,0,0,train,content:asset_48a4509e9b1c3618,file_2edd06cca6ebb09f,asset_48a4509e9b1c3618,vision_platform\ads\collections\close_x_proposal_collection_pilot_20260720_latest30\crops\raw_bbox\cxp_s0027_003_bbox.png,0
vision_platform\ads\pilot\visual_family_smoke_20260722\after_review\dataset\images\vf_00276_negative_asset_a49e1ac7301ca334.png,negative,0,0,0,0,0,0,0,val,content:asset_a49e1ac7301ca334,file_7c62809ed21b0e9f,asset_a49e1ac7301ca334,vision_platform\ads\collections\close_x_proposal_collection_pilot_20260720_latest30\crops\raw_bbox\cxp_s0027_004_bbox.png,0
vision_platform\ads\pilot\visual_family_smoke_20260722\after_review\dataset\images\vf_00277_negative_asset_8db1fa48142c43a5.png,negative,0,0,0,0,0,0,0,train,content:asset_8db1fa48142c43a5,file_b1eb2157d4731f90,asset_8db1fa48142c43a5,vision_platform\ads\collections\close_x_proposal_collection_pilot_20260720_latest30\crops\raw_bbox\cxp_s0027_005_bbox.png,0
vision_platform\ads\pilot\visual_family_smoke_20260722\after_review\dataset\images\vf_00278_negative_asset_aa95ccbd3e3c7d94.png,negative,0,0,0,0,0,0,0,train,content:asset_aa95ccbd3e3c7d94,file_19f1d60b57c8932a,asset_aa95ccbd3e3c7d94,vision_platform\ads\collections\close_x_proposal_collection_pilot_20260720_latest30\crops\raw_bbox\cxp_s0027_006_bbox.png,0
vision_platform\ads\pilot\visual_family_smoke_20260722\after_review\dataset\images\vf_00279_negative_asset_a4cfd7dd128cf5f6.png,negative,0,0,0,0,0,0,0,train,content:asset_a4cfd7dd128cf5f6,file_983283004265ed52,asset_a4cfd7dd128cf5f6,vision_platform\ads\collections\close_x_proposal_collection_pilot_20260720_latest30\crops\raw_bbox\cxp_s0027_007_bbox.png,0
vision_platform\ads\pilot\visual_family_smoke_20260722\after_review\dataset\images\vf_00280_negative_asset_565c6f322b64bbca.png,negative,0,0,0,0,0,0,0,train,content:asset_565c6f322b64bbca,file_d2a5bd4ad824db36,asset_565c6f322b64bbca,vision_platform\ads\collections\close_x_proposal_collection_pilot_20260720_latest30\crops\raw_bbox\cxp_s0027_008_bbox.png,0
vision_platform\ads\pilot\visual_family_smoke_20260722\after_review\dataset\images\vf_00281_negative_asset_b663eaec3b0a7db6.png,negative,0,0,0,0,0,0,0,test,content:asset_b663eaec3b0a7db6,file_2dae61b001ae1705,asset_b663eaec3b0a7db6,vision_platform\ads\collections\close_x_proposal_collection_pilot_20260720_latest30\crops\raw_bbox\cxp_s0027_009_bbox.png,0
vision_platform\ads\pilot\visual_family_smoke_20260722\after_review\dataset\images\vf_00282_negative_asset_74fc6e135bb3606a.png,negative,0,0,0,0,0,0,0,train,content:asset_74fc6e135bb3606a,file_c50d452993e6bf4e,asset_74fc6e135bb3606a,vision_platform\ads\collections\close_x_proposal_collection_pilot_20260720_latest30\crops\raw_bbox\cxp_s0028_001_bbox.png,0
vision_platform\ads\pilot\visual_family_smoke_20260722\after_review\dataset\images\vf_00283_negative_asset_3e898249c55c1121.png,negative,0,0,0,0,0,0,0,train,content:asset_3e898249c55c1121,file_e2063c9bc70236df,asset_3e898249c55c1121,vision_platform\ads\collections\close_x_proposal_collection_pilot_20260720_latest30\crops\raw_bbox\cxp_s0028_002_bbox.png,0
vision_platform\ads\pilot\visual_family_smoke_20260722\after_review\dataset\images\vf_00284_negative_asset_89c9eaf0e86764d3.png,negative,0,0,0,0,0,0,0,val,content:asset_89c9eaf0e86764d3,file_73fe82ea402ad997,asset_89c9eaf0e86764d3,vision_platform\ads\collections\close_x_proposal_collection_pilot_20260720_latest30\crops\raw_bbox\cxp_s0028_003_bbox.png,0
vision_platform\ads\pilot\visual_family_smoke_20260722\after_review\dataset\images\vf_00285_negative_asset_8153bfa737746b7a.png,negative,0,0,0,0,0,0,0,train,content:asset_8153bfa737746b7a,file_251b9fba035f8220,asset_8153bfa737746b7a,vision_platform\ads\collections\close_x_proposal_collection_pilot_20260720_latest30\crops\raw_bbox\cxp_s0028_004_bbox.png,0
vision_platform\ads\pilot\visual_family_smoke_20260722\after_review\dataset\images\vf_00286_negative_asset_ae4ef7535067a480.png,negative,0,0,0,0,0,0,0,train,content:asset_ae4ef7535067a480,file_8e47bda5c0a61d18,asset_ae4ef7535067a480,vision_platform\ads\collections\close_x_proposal_collection_pilot_20260720_latest30\crops\raw_bbox\cxp_s0028_005_bbox.png,0
vision_platform\ads\pilot\visual_family_smoke_20260722\after_review\dataset\images\vf_00287_negative_asset_c0a2597efbcc86af.png,negative,0,0,0,0,0,0,0,train,content:asset_c0a2597efbcc86af,file_d1d1a14a230e10e4,asset_c0a2597efbcc86af,vision_platform\ads\collections\close_x_proposal_collection_pilot_20260720_latest30\crops\raw_bbox\cxp_s0028_006_bbox.png,0
vision_platform\ads\pilot\visual_family_smoke_20260722\after_review\dataset\images\vf_00288_negative_asset_1c15db447481be43.png,negative,0,0,0,0,0,0,0,train,content:asset_1c15db447481be43,file_1a683ac8aed8156b,asset_1c15db447481be43,vision_platform\ads\collections\close_x_proposal_collection_pilot_20260720_latest30\crops\raw_bbox\cxp_s0028_007_bbox.png,0
vision_platform\ads\pilot\visual_family_smoke_20260722\after_review\dataset\images\vf_00289_arrow_asset_8a405ab7fdc540ad.png,arrow,0,0,0,0,0,0,1,test,content:asset_8a405ab7fdc540ad,file_fbe9b62828150c24,asset_8a405ab7fdc540ad,vision_platform\ads\collections\close_x_proposal_collection_pilot_20260720_latest30\crops\raw_bbox\cxp_s0029_001_bbox.png,0
vision_platform\ads\pilot\visual_family_smoke_20260722\after_review\dataset\images\vf_00290_negative_asset_1f3a5fcab8a7e85b.png,negative,0,0,0,0,0,0,0,train,content:asset_1f3a5fcab8a7e85b,file_65decf57e703516c,asset_1f3a5fcab8a7e85b,vision_platform\ads\collections\close_x_proposal_collection_pilot_20260720_latest30\crops\raw_bbox\cxp_s0029_002_bbox.png,0
vision_platform\ads\pilot\visual_family_smoke_20260722\after_review\dataset\images\vf_00291_negative_asset_46ef8502e460c053.png,negative,0,0,0,0,0,0,0,train,content:asset_46ef8502e460c053,file_f67ef98e56f9abca,asset_46ef8502e460c053,vision_platform\ads\collections\close_x_proposal_collection_pilot_20260720_latest30\crops\raw_bbox\cxp_s0029_003_bbox.png,0
vision_platform\ads\pilot\visual_family_smoke_20260722\after_review\dataset\images\vf_00292_negative_asset_65b382a725a1cdf5.png,negative,0,0,0,0,0,0,0,test,content:asset_65b382a725a1cdf5,file_a513315be593a71c,asset_65b382a725a1cdf5,vision_platform\ads\collections\close_x_proposal_collection_pilot_20260720_latest30\crops\raw_bbox\cxp_s0029_004_bbox.png,0
vision_platform\ads\pilot\visual_family_smoke_20260722\after_review\dataset\images\vf_00293_negative_asset_3353a5949315d808.png,negative,0,0,0,0,0,0,0,val,content:asset_3353a5949315d808,file_ae1a04d4d1f05738,asset_3353a5949315d808,vision_platform\ads\collections\close_x_proposal_collection_pilot_20260720_latest30\crops\raw_bbox\cxp_s0029_005_bbox.png,0
vision_platform\ads\pilot\visual_family_smoke_20260722\after_review\dataset\images\vf_00294_negative_asset_20e61e716c8f3ec5.png,negative,0,0,0,0,0,0,0,test,content:asset_20e61e716c8f3ec5,file_a4137e528542241b,asset_20e61e716c8f3ec5,vision_platform\ads\collections\close_x_proposal_collection_pilot_20260720_latest30\crops\raw_bbox\cxp_s0029_006_bbox.png,0
vision_platform\ads\pilot\visual_family_smoke_20260722\after_review\dataset\images\vf_00295_negative_asset_a4d43b19a8a4c204.png,negative,0,0,0,0,0,0,0,train,content:asset_a4d43b19a8a4c204,file_6346f8a367458b22,asset_a4d43b19a8a4c204,vision_platform\ads\collections\close_x_proposal_collection_pilot_20260720_latest30\crops\raw_bbox\cxp_s0029_007_bbox.png,0
vision_platform\ads\pilot\visual_family_smoke_20260722\after_review\dataset\images\vf_00296_negative_asset_cd871e304f161f5d.png,negative,0,0,0,0,0,0,0,train,content:asset_cd871e304f161f5d,file_cee4c5f84c0525ff,asset_cd871e304f161f5d,vision_platform\ads\collections\close_x_proposal_collection_pilot_20260720_latest30\crops\raw_bbox\cxp_s0029_008_bbox.png,0
vision_platform\ads\pilot\visual_family_smoke_20260722\after_review\dataset\images\vf_00297_negative_asset_c930a5a45207a7d2.png,negative,0,0,0,0,0,0,0,val,content:asset_c930a5a45207a7d2,file_31e7742215d48e9d,asset_c930a5a45207a7d2,vision_platform\ads\collections\close_x_proposal_collection_pilot_20260720_latest30\crops\raw_bbox\cxp_s0029_009_bbox.png,0
vision_platform\ads\pilot\visual_family_smoke_20260722\after_review\dataset\images\vf_00298_negative_asset_9370a26fd96c3915.png,negative,0,0,0,0,0,0,0,train,content:asset_9370a26fd96c3915,file_655a0e33104c6005,asset_9370a26fd96c3915,vision_platform\ads\collections\close_x_proposal_collection_pilot_20260720_latest30\crops\raw_bbox\cxp_s0029_010_bbox.png,0
vision_platform\ads\pilot\visual_family_smoke_20260722\after_review\dataset\images\vf_00299_negative_asset_d49457c4ac800502.png,negative,0,0,0,0,0,0,0,val,content:asset_d49457c4ac800502,file_43f346ffa5ad9acf,asset_d49457c4ac800502,vision_platform\ads\collections\close_x_proposal_collection_pilot_20260720_latest30\crops\raw_bbox\cxp_s0029_011_bbox.png,0
vision_platform\ads\pilot\visual_family_smoke_20260722\after_review\dataset\images\vf_00300_negative_asset_96b6fd7cacc7a554.png,negative,0,0,0,0,0,0,0,train,content:asset_96b6fd7cacc7a554,file_64149c417807c355,asset_96b6fd7cacc7a554,vision_platform\ads\collections\close_x_proposal_collection_pilot_20260720_latest30\crops\raw_bbox\cxp_s0029_012_bbox.png,0
vision_platform\ads\pilot\visual_family_smoke_20260722\after_review\dataset\images\vf_00301_negative_asset_7ace19997af2579b.png,negative,0,0,0,0,0,0,0,val,content:asset_7ace19997af2579b,file_b55e4bbadeb3662c,asset_7ace19997af2579b,vision_platform\ads\collections\close_x_proposal_collection_pilot_20260720_latest30\crops\raw_bbox\cxp_s0029_013_bbox.png,0
vision_platform\ads\pilot\visual_family_smoke_20260722\after_review\dataset\images\vf_00302_negative_asset_2cd575200d1c110f.png,negative,0,0,0,0,0,0,0,train,content:asset_2cd575200d1c110f,file_827c97ed486bcae4,asset_2cd575200d1c110f,vision_platform\ads\collections\close_x_proposal_collection_pilot_20260720_latest30\crops\raw_bbox\cxp_s0029_014_bbox.png,0
vision_platform\ads\pilot\visual_family_smoke_20260722\after_review\dataset\images\vf_00303_negative_asset_15de7b8a3138efe0.png,negative,0,0,0,0,0,0,0,train,content:asset_15de7b8a3138efe0,file_9b63226d22948742,asset_15de7b8a3138efe0,vision_platform\ads\collections\close_x_proposal_collection_pilot_20260720_latest30\crops\raw_bbox\cxp_s0029_015_bbox.png,0
vision_platform\ads\pilot\visual_family_smoke_20260722\after_review\dataset\images\vf_00304_negative_asset_f2f1fd1c7832b4d9.png,negative,0,0,0,0,0,0,0,test,content:asset_f2f1fd1c7832b4d9,file_4e01a63aba7ff17d,asset_f2f1fd1c7832b4d9,vision_platform\ads\collections\close_x_proposal_collection_pilot_20260720_latest30\crops\raw_bbox\cxp_s0029_016_bbox.png,0
vision_platform\ads\pilot\visual_family_smoke_20260722\after_review\dataset\images\vf_00305_negative_asset_b387b98017c9b240.png,negative,0,0,0,0,0,0,0,train,content:asset_b387b98017c9b240,file_a79b88026442b46b,asset_b387b98017c9b240,vision_platform\ads\collections\close_x_proposal_collection_pilot_20260720_latest30\crops\raw_bbox\cxp_s0029_017_bbox.png,0
vision_platform\ads\pilot\visual_family_smoke_20260722\after_review\dataset\images\vf_00306_negative_asset_cd3ace203b270d4b.png,negative,0,0,0,0,0,0,0,train,content:asset_cd3ace203b270d4b,file_7a8fc6704bb156d1,asset_cd3ace203b270d4b,vision_platform\ads\collections\close_x_proposal_collection_pilot_20260720_latest30\crops\raw_bbox\cxp_s0029_018_bbox.png,0
vision_platform\ads\pilot\visual_family_smoke_20260722\after_review\dataset\images\vf_00307_arrow_asset_5772a8b0669a0af2.png,arrow,0,0,0,0,0,0,1,train,content:asset_5772a8b0669a0af2,file_4eefc26471689c0a,asset_5772a8b0669a0af2,vision_platform\ads\collections\close_x_proposal_collection_pilot_20260720_latest30\crops\raw_bbox\cxp_s0030_001_bbox.png,0
vision_platform\ads\pilot\visual_family_smoke_20260722\after_review\dataset\images\vf_00308_negative_asset_4640d13776664f72.png,negative,0,0,0,0,0,0,0,train,content:asset_4640d13776664f72,file_c76d99f6c4af455c,asset_4640d13776664f72,vision_platform\ads\collections\close_x_proposal_collection_pilot_20260720_latest30\crops\raw_bbox\cxp_s0030_002_bbox.png,0
vision_platform\ads\pilot\visual_family_smoke_20260722\after_review\dataset\images\vf_00309_negative_asset_c0186045b6874763.png,negative,0,0,0,0,0,0,0,train,content:asset_c0186045b6874763,file_e5fbe2037a78cd57,asset_c0186045b6874763,vision_platform\ads\collections\close_x_proposal_collection_pilot_20260720_latest30\crops\raw_bbox\cxp_s0030_003_bbox.png,0
vision_platform\ads\pilot\visual_family_smoke_20260722\after_review\dataset\images\vf_00310_negative_asset_c31b7de21038be99.png,negative,0,0,0,0,0,0,0,train,content:asset_c31b7de21038be99,file_da19c57762f2f1dc,asset_c31b7de21038be99,vision_platform\ads\collections\close_x_proposal_collection_pilot_20260720_latest30\crops\raw_bbox\cxp_s0030_004_bbox.png,0
vision_platform\ads\pilot\visual_family_smoke_20260722\after_review\dataset\images\vf_00311_negative_asset_774d342d0c3d98d7.png,negative,0,0,0,0,0,0,0,train,content:asset_774d342d0c3d98d7,file_0cd3ce94c632a450,asset_774d342d0c3d98d7,vision_platform\ads\collections\close_x_proposal_collection_pilot_20260720_latest30\crops\raw_bbox\cxp_s0030_005_bbox.png,0
vision_platform\ads\pilot\visual_family_smoke_20260722\after_review\dataset\images\vf_00312_negative_asset_2c0ed1d97b26cd23.png,negative,0,0,0,0,0,0,0,test,content:asset_2c0ed1d97b26cd23,file_0b13f6b8a95bccf4,asset_2c0ed1d97b26cd23,vision_platform\ads\collections\close_x_proposal_collection_pilot_20260720_latest30\crops\raw_bbox\cxp_s0030_006_bbox.png,0
vision_platform\ads\pilot\visual_family_smoke_20260722\after_review\dataset\images\vf_00313_negative_asset_aa073b6f3954fac0.png,negative,0,0,0,0,0,0,0,train,content:asset_aa073b6f3954fac0,file_1a158de408f4f1cb,asset_aa073b6f3954fac0,vision_platform\ads\collections\close_x_proposal_collection_pilot_20260720_latest30\crops\raw_bbox\cxp_s0030_007_bbox.png,0
vision_platform\ads\pilot\visual_family_smoke_20260722\after_review\dataset\images\vf_00314_negative_asset_7895b8d944d46a2f.png,negative,0,0,0,0,0,0,0,train,content:asset_7895b8d944d46a2f,file_e0dfd0fe7ae78c14,asset_7895b8d944d46a2f,vision_platform\ads\collections\close_x_proposal_collection_pilot_20260720_latest30\crops\raw_bbox\cxp_s0030_008_bbox.png,0
vision_platform\ads\pilot\visual_family_smoke_20260722\after_review\dataset\images\vf_00315_negative_asset_3a95ad16e806539e.png,negative,0,0,0,0,0,0,0,train,content:asset_3a95ad16e806539e,file_15460702272fc7af,asset_3a95ad16e806539e,vision_platform\ads\collections\close_x_proposal_collection_pilot_20260720_latest30\crops\raw_bbox\cxp_s0030_009_bbox.png,0
vision_platform\ads\pilot\visual_family_smoke_20260722\after_review\dataset\images\vf_00316_negative_asset_4ecf7bc38a53730f.png,negative,0,0,0,0,0,0,0,val,content:asset_4ecf7bc38a53730f,file_f6e95f314d54cd7a,asset_4ecf7bc38a53730f,vision_platform\ads\collections\close_x_proposal_collection_pilot_20260720_latest30\crops\raw_bbox\cxp_s0030_010_bbox.png,0
vision_platform\ads\pilot\visual_family_smoke_20260722\after_review\dataset\images\vf_00317_negative_asset_f723b6d82cb03eff.png,negative,0,0,0,0,0,0,0,train,content:asset_f723b6d82cb03eff,file_1aff9c0a5b83157e,asset_f723b6d82cb03eff,vision_platform\ads\collections\close_x_proposal_collection_pilot_20260720_latest30\crops\raw_bbox\cxp_s0030_011_bbox.png,0
vision_platform\ads\pilot\visual_family_smoke_20260722\after_review\dataset\images\vf_00318_negative_asset_452e55d94c1f5d93.png,negative,0,0,0,0,0,0,0,test,content:asset_452e55d94c1f5d93,file_93568720c6489be8,asset_452e55d94c1f5d93,vision_platform\ads\collections\close_x_proposal_collection_pilot_20260720_latest30\crops\raw_bbox\cxp_s0030_012_bbox.png,0
vision_platform\ads\pilot\visual_family_smoke_20260722\after_review\dataset\images\vf_00319_play_triangle_asset_05e39c545c2d589c.png,play_triangle,0,1,0,0,0,0,0,val,content:asset_05e39c545c2d589c,file_7c9178e33b3fff2a,asset_05e39c545c2d589c,vision_platform\ads\collections\reviewed_bbox_crops_20260718\crops\rb_000001.png,0
vision_platform\ads\pilot\visual_family_smoke_20260722\after_review\dataset\images\vf_00320_play_triangle_asset_3ace1f0522c58233.png,play_triangle,0,1,0,0,0,0,0,val,content:asset_3ace1f0522c58233,file_b842a8b9a73e90f9,asset_3ace1f0522c58233,vision_platform\ads\collections\reviewed_bbox_crops_20260718\crops\rb_000002.png,0
vision_platform\ads\pilot\visual_family_smoke_20260722\after_review\dataset\images\vf_00321_play_triangle_asset_0a4e900ac50de596.png,play_triangle,0,1,0,0,0,0,0,val,content:asset_0a4e900ac50de596,file_a8bd722b52284058,asset_0a4e900ac50de596,vision_platform\ads\collections\reviewed_bbox_crops_20260718\crops\rb_000003.png,0
vision_platform\ads\pilot\visual_family_smoke_20260722\after_review\dataset\images\vf_00322_play_triangle_asset_b9f13ebbb5033ec5.png,play_triangle,0,1,0,0,0,0,0,train,content:asset_b9f13ebbb5033ec5,file_923a209eb4157b27,asset_b9f13ebbb5033ec5,vision_platform\ads\collections\reviewed_bbox_crops_20260718\crops\rb_000004.png,0
vision_platform\ads\pilot\visual_family_smoke_20260722\after_review\dataset\images\vf_00323_x_mark_asset_d4017dc915fca39d.png,x_mark,1,0,0,0,0,0,0,train,content:asset_d4017dc915fca39d,file_0567b11b04d3ff7a,asset_d4017dc915fca39d,vision_platform\ads\collections\reviewed_bbox_crops_20260718\crops\rb_000005.png,0
vision_platform\ads\pilot\visual_family_smoke_20260722\after_review\dataset\images\vf_00324_got_asset_0b8ff8911a7f337f.png,got,0,0,0,0,0,1,0,train,content:asset_0b8ff8911a7f337f,file_e702683e9176fe8f,asset_0b8ff8911a7f337f,vision_platform\ads\collections\reviewed_bbox_crops_20260718\crops\rb_000006.png,0
vision_platform\ads\pilot\visual_family_smoke_20260722\after_review\dataset\images\vf_00325_play_triangle_asset_dbb710b56346500c.png,play_triangle,0,1,0,0,0,0,0,test,content:asset_dbb710b56346500c,file_1ab5b7e76dc6affa,asset_dbb710b56346500c,vision_platform\ads\collections\reviewed_bbox_crops_20260718\crops\rb_000007.png,0
vision_platform\ads\pilot\visual_family_smoke_20260722\after_review\dataset\images\vf_00326_play_triangle_asset_3ace1f0522c58233.png,play_triangle,0,1,0,0,0,0,0,val,content:asset_3ace1f0522c58233,file_8039f8fbabb21ac2,asset_3ace1f0522c58233,vision_platform\ads\collections\reviewed_bbox_crops_20260718\crops\rb_000008.png,0
vision_platform\ads\pilot\visual_family_smoke_20260722\after_review\dataset\images\vf_00327_play_triangle_asset_0a4e900ac50de596.png,play_triangle,0,1,0,0,0,0,0,val,content:asset_0a4e900ac50de596,file_7760835d528ca64b,asset_0a4e900ac50de596,vision_platform\ads\collections\reviewed_bbox_crops_20260718\crops\rb_000009.png,0
vision_platform\ads\pilot\visual_family_smoke_20260722\after_review\dataset\images\vf_00328_play_triangle_asset_b9f13ebbb5033ec5.png,play_triangle,0,1,0,0,0,0,0,train,content:asset_b9f13ebbb5033ec5,file_9ae6b115a3d4a574,asset_b9f13ebbb5033ec5,vision_platform\ads\collections\reviewed_bbox_crops_20260718\crops\rb_000010.png,0
vision_platform\ads\pilot\visual_family_smoke_20260722\after_review\dataset\images\vf_00329_x_mark_asset_4c87c089867a99c8.png,x_mark,1,0,0,0,0,0,0,val,content:asset_4c87c089867a99c8,file_1826db5c62538f61,asset_4c87c089867a99c8,vision_platform\ads\collections\reviewed_bbox_crops_20260718\crops\rb_000011.png,0
vision_platform\ads\pilot\visual_family_smoke_20260722\after_review\dataset\images\vf_00330_got_asset_86b6f2dd24a02f43.png,got,0,0,0,0,0,1,0,test,content:asset_86b6f2dd24a02f43,file_0504a1c09e534466,asset_86b6f2dd24a02f43,vision_platform\ads\collections\reviewed_bbox_crops_20260718\crops\rb_000012.png,0
vision_platform\ads\pilot\visual_family_smoke_20260722\after_review\dataset\images\vf_00331_play_triangle_asset_05e39c545c2d589c.png,play_triangle,0,1,0,0,0,0,0,val,content:asset_05e39c545c2d589c,file_0c0ae5517d44b864,asset_05e39c545c2d589c,vision_platform\ads\collections\reviewed_bbox_crops_20260718\crops\rb_000013.png,0
vision_platform\ads\pilot\visual_family_smoke_20260722\after_review\dataset\images\vf_00332_play_triangle_asset_3ace1f0522c58233.png,play_triangle,0,1,0,0,0,0,0,val,content:asset_3ace1f0522c58233,file_36e87ea76755944a,asset_3ace1f0522c58233,vision_platform\ads\collections\reviewed_bbox_crops_20260718\crops\rb_000014.png,0
vision_platform\ads\pilot\visual_family_smoke_20260722\after_review\dataset\images\vf_00333_play_triangle_asset_0a4e900ac50de596.png,play_triangle,0,1,0,0,0,0,0,val,content:asset_0a4e900ac50de596,file_d1695a739292094f,asset_0a4e900ac50de596,vision_platform\ads\collections\reviewed_bbox_crops_20260718\crops\rb_000015.png,0
vision_platform\ads\pilot\visual_family_smoke_20260722\after_review\dataset\images\vf_00334_x_mark_asset_f100a9014b2156a1.png,x_mark,1,0,0,0,0,0,0,test,content:asset_f100a9014b2156a1,file_350e5e44d7026bec,asset_f100a9014b2156a1,vision_platform\ads\collections\reviewed_bbox_crops_20260718\crops\rb_000016.png,0
vision_platform\ads\pilot\visual_family_smoke_20260722\after_review\dataset\images\vf_00335_got_asset_3339e98614734240.png,got,0,0,0,0,0,1,0,train,content:asset_3339e98614734240,file_2529cd8543729086,asset_3339e98614734240,vision_platform\ads\collections\reviewed_bbox_crops_20260718\crops\rb_000017.png,0
vision_platform\ads\pilot\visual_family_smoke_20260722\after_review\dataset\images\vf_00336_play_triangle_asset_0f4b94e17468addc.png,play_triangle,0,1,0,0,0,0,0,train,content:asset_0f4b94e17468addc,file_e9ee06a1f16eb507,asset_0f4b94e17468addc,vision_platform\ads\collections\reviewed_bbox_crops_20260718\crops\rb_000018.png,0
vision_platform\ads\pilot\visual_family_smoke_20260722\after_review\dataset\images\vf_00337_play_triangle_asset_966793a379a174df.png,play_triangle,0,1,0,0,0,0,0,train,content:asset_966793a379a174df,file_c2afc230dfb699a0,asset_966793a379a174df,vision_platform\ads\collections\reviewed_bbox_crops_20260718\crops\rb_000019.png,0
vision_platform\ads\pilot\visual_family_smoke_20260722\after_review\dataset\images\vf_00338_x_mark_asset_36d53dd90fea6af5.png,x_mark,1,0,0,0,0,0,0,train,content:asset_36d53dd90fea6af5,file_24c0d6de0c1393cc,asset_36d53dd90fea6af5,vision_platform\ads\collections\reviewed_bbox_crops_20260718\crops\rb_000020.png,0
vision_platform\ads\pilot\visual_family_smoke_20260722\after_review\dataset\images\vf_00339_got_asset_64e580b703f7b099.png,got,0,0,0,0,0,1,0,train,content:asset_64e580b703f7b099,file_7bdb91d7d8853f5c,asset_64e580b703f7b099,vision_platform\ads\collections\reviewed_bbox_crops_20260718\crops\rb_000021.png,0
vision_platform\ads\pilot\visual_family_smoke_20260722\after_review\dataset\images\vf_00340_play_triangle_asset_0f4b94e17468addc.png,play_triangle,0,1,0,0,0,0,0,train,content:asset_0f4b94e17468addc,file_97087fc40d12ee4c,asset_0f4b94e17468addc,vision_platform\ads\collections\reviewed_bbox_crops_20260718\crops\rb_000022.png,0
vision_platform\ads\pilot\visual_family_smoke_20260722\after_review\dataset\images\vf_00341_x_mark_asset_4c87c089867a99c8.png,x_mark,1,0,0,0,0,0,0,val,content:asset_4c87c089867a99c8,file_c0732ecb975d0119,asset_4c87c089867a99c8,vision_platform\ads\collections\reviewed_bbox_crops_20260718\crops\rb_000023.png,0
vision_platform\ads\pilot\visual_family_smoke_20260722\after_review\dataset\images\vf_00342_got_asset_263e7f9b0146a7b8.png,got,0,0,0,0,0,1,0,train,content:asset_263e7f9b0146a7b8,file_15ea69f1ca4eff57,asset_263e7f9b0146a7b8,vision_platform\ads\collections\reviewed_bbox_crops_20260718\crops\rb_000024.png,0
vision_platform\ads\pilot\visual_family_smoke_20260722\after_review\dataset\images\vf_00343_play_triangle_asset_0f4b94e17468addc.png,play_triangle,0,1,0,0,0,0,0,train,content:asset_0f4b94e17468addc,file_f1adeefce6189721,asset_0f4b94e17468addc,vision_platform\ads\collections\reviewed_bbox_crops_20260718\crops\rb_000025.png,0
vision_platform\ads\pilot\visual_family_smoke_20260722\after_review\dataset\images\vf_00344_x_mark_asset_36d53dd90fea6af5.png,x_mark,1,0,0,0,0,0,0,train,content:asset_36d53dd90fea6af5,file_ab1710fbb3d42a20,asset_36d53dd90fea6af5,vision_platform\ads\collections\reviewed_bbox_crops_20260718\crops\rb_000026.png,0
vision_platform\ads\pilot\visual_family_smoke_20260722\after_review\dataset\images\vf_00345_got_asset_91180915c5701b39.png,got,0,0,0,0,0,1,0,train,content:asset_91180915c5701b39,file_277c59c085cb6c63,asset_91180915c5701b39,vision_platform\ads\collections\reviewed_bbox_crops_20260718\crops\rb_000027.png,0
vision_platform\ads\pilot\visual_family_smoke_20260722\after_review\dataset\images\vf_00346_play_triangle_asset_05e39c545c2d589c.png,play_triangle,0,1,0,0,0,0,0,val,content:asset_05e39c545c2d589c,file_0805ab85dda0d03a,asset_05e39c545c2d589c,vision_platform\ads\collections\reviewed_bbox_crops_20260718\crops\rb_000028.png,0
vision_platform\ads\pilot\visual_family_smoke_20260722\after_review\dataset\images\vf_00347_play_triangle_asset_3ace1f0522c58233.png,play_triangle,0,1,0,0,0,0,0,val,content:asset_3ace1f0522c58233,file_c05d6974c44aedcd,asset_3ace1f0522c58233,vision_platform\ads\collections\reviewed_bbox_crops_20260718\crops\rb_000029.png,0
vision_platform\ads\pilot\visual_family_smoke_20260722\after_review\dataset\images\vf_00348_play_triangle_asset_0a4e900ac50de596.png,play_triangle,0,1,0,0,0,0,0,val,content:asset_0a4e900ac50de596,file_1ff07c3709bb8d99,asset_0a4e900ac50de596,vision_platform\ads\collections\reviewed_bbox_crops_20260718\crops\rb_000030.png,0
vision_platform\ads\pilot\visual_family_smoke_20260722\after_review\dataset\images\vf_00349_play_triangle_asset_a2b1e091a21628ed.png,play_triangle,0,1,0,0,0,0,0,train,content:asset_a2b1e091a21628ed,file_90977348d878021d,asset_a2b1e091a21628ed,vision_platform\ads\collections\reviewed_bbox_crops_20260718\crops\rb_000031.png,0
vision_platform\ads\pilot\visual_family_smoke_20260722\after_review\dataset\images\vf_00350_x_mark_asset_b2059348cf385652.png,x_mark,1,0,0,0,0,0,0,test,content:asset_b2059348cf385652,file_5de41a6bf1b64cd8,asset_b2059348cf385652,vision_platform\ads\collections\reviewed_bbox_crops_20260718\crops\rb_000032.png,0
vision_platform\ads\pilot\visual_family_smoke_20260722\after_review\dataset\images\vf_00351_got_asset_56d6ee45d39394a2.png,got,0,0,0,0,0,1,0,train,content:asset_56d6ee45d39394a2,file_5f44ff9abab2b6a8,asset_56d6ee45d39394a2,vision_platform\ads\collections\reviewed_bbox_crops_20260718\crops\rb_000033.png,0
vision_platform\ads\pilot\visual_family_smoke_20260722\after_review\dataset\images\vf_00352_play_triangle_asset_05e39c545c2d589c.png,play_triangle,0,1,0,0,0,0,0,val,content:asset_05e39c545c2d589c,file_9a3b3a5c024c5b69,asset_05e39c545c2d589c,vision_platform\ads\collections\reviewed_bbox_crops_20260718\crops\rb_000034.png,0
vision_platform\ads\pilot\visual_family_smoke_20260722\after_review\dataset\images\vf_00353_play_triangle_asset_3ace1f0522c58233.png,play_triangle,0,1,0,0,0,0,0,val,content:asset_3ace1f0522c58233,file_411cb0a9ee0c0ec8,asset_3ace1f0522c58233,vision_platform\ads\collections\reviewed_bbox_crops_20260718\crops\rb_000035.png,0
vision_platform\ads\pilot\visual_family_smoke_20260722\after_review\dataset\images\vf_00354_play_triangle_asset_0a4e900ac50de596.png,play_triangle,0,1,0,0,0,0,0,val,content:asset_0a4e900ac50de596,file_d52cb9703e9f29ff,asset_0a4e900ac50de596,vision_platform\ads\collections\reviewed_bbox_crops_20260718\crops\rb_000036.png,0
vision_platform\ads\pilot\visual_family_smoke_20260722\after_review\dataset\images\vf_00355_play_triangle_asset_a2b1e091a21628ed.png,play_triangle,0,1,0,0,0,0,0,train,content:asset_a2b1e091a21628ed,file_7287e1e31f1fc5de,asset_a2b1e091a21628ed,vision_platform\ads\collections\reviewed_bbox_crops_20260718\crops\rb_000037.png,0
vision_platform\ads\pilot\visual_family_smoke_20260722\after_review\dataset\images\vf_00356_x_mark_asset_0f3b38cb29c91625.png,x_mark,1,0,0,0,0,0,0,train,content:asset_0f3b38cb29c91625,file_17d3cc87b3c2ec90,asset_0f3b38cb29c91625,vision_platform\ads\collections\reviewed_bbox_crops_20260718\crops\rb_000038.png,0
vision_platform\ads\pilot\visual_family_smoke_20260722\after_review\dataset\images\vf_00357_got_asset_e590a003cbc9ac92.png,got,0,0,0,0,0,1,0,test,content:asset_e590a003cbc9ac92,file_a8ea73fb4828899e,asset_e590a003cbc9ac92,vision_platform\ads\collections\reviewed_bbox_crops_20260718\crops\rb_000039.png,0
vision_platform\ads\pilot\visual_family_smoke_20260722\after_review\dataset\images\vf_00358_play_triangle_asset_0f4b94e17468addc.png,play_triangle,0,1,0,0,0,0,0,train,content:asset_0f4b94e17468addc,file_f32c265ebaa92314,asset_0f4b94e17468addc,vision_platform\ads\collections\reviewed_bbox_crops_20260718\crops\rb_000040.png,0
vision_platform\ads\pilot\visual_family_smoke_20260722\after_review\dataset\images\vf_00359_play_triangle_asset_966793a379a174df.png,play_triangle,0,1,0,0,0,0,0,train,content:asset_966793a379a174df,file_f0d3620f031be286,asset_966793a379a174df,vision_platform\ads\collections\reviewed_bbox_crops_20260718\crops\rb_000041.png,0
vision_platform\ads\pilot\visual_family_smoke_20260722\after_review\dataset\images\vf_00360_play_triangle_asset_21c5da20d19c35cc.png,play_triangle,0,1,0,0,0,0,0,train,content:asset_21c5da20d19c35cc,file_09ceb56f0995b554,asset_21c5da20d19c35cc,vision_platform\ads\collections\reviewed_bbox_crops_20260718\crops\rb_000042.png,0
vision_platform\ads\pilot\visual_family_smoke_20260722\after_review\dataset\images\vf_00361_x_mark_asset_36d53dd90fea6af5.png,x_mark,1,0,0,0,0,0,0,train,content:asset_36d53dd90fea6af5,file_9e73e5c86075a3d7,asset_36d53dd90fea6af5,vision_platform\ads\collections\reviewed_bbox_crops_20260718\crops\rb_000043.png,0
vision_platform\ads\pilot\visual_family_smoke_20260722\after_review\dataset\images\vf_00362_got_asset_f920178f94c040b8.png,got,0,0,0,0,0,1,0,train,content:asset_f920178f94c040b8,file_f778eb90bd5d0e0c,asset_f920178f94c040b8,vision_platform\ads\collections\reviewed_bbox_crops_20260718\crops\rb_000044.png,0
vision_platform\ads\pilot\visual_family_smoke_20260722\after_review\dataset\images\vf_00363_play_triangle_asset_0f4b94e17468addc.png,play_triangle,0,1,0,0,0,0,0,train,content:asset_0f4b94e17468addc,file_b35a7d24eb0eeb08,asset_0f4b94e17468addc,vision_platform\ads\collections\reviewed_bbox_crops_20260718\crops\rb_000045.png,0
vision_platform\ads\pilot\visual_family_smoke_20260722\after_review\dataset\images\vf_00364_play_triangle_asset_966793a379a174df.png,play_triangle,0,1,0,0,0,0,0,train,content:asset_966793a379a174df,file_d0ca969f145ee025,asset_966793a379a174df,vision_platform\ads\collections\reviewed_bbox_crops_20260718\crops\rb_000046.png,0
vision_platform\ads\pilot\visual_family_smoke_20260722\after_review\dataset\images\vf_00365_x_mark_asset_0f3b38cb29c91625.png,x_mark,1,0,0,0,0,0,0,train,content:asset_0f3b38cb29c91625,file_f7dfb27948729023,asset_0f3b38cb29c91625,vision_platform\ads\collections\reviewed_bbox_crops_20260718\crops\rb_000047.png,0
vision_platform\ads\pilot\visual_family_smoke_20260722\after_review\dataset\images\vf_00366_got_asset_6a071a9554a7c352.png,got,0,0,0,0,0,1,0,train,content:asset_6a071a9554a7c352,file_cfd1964100ca8aaa,asset_6a071a9554a7c352,vision_platform\ads\collections\reviewed_bbox_crops_20260718\crops\rb_000048.png,0
vision_platform\ads\pilot\visual_family_smoke_20260722\after_review\dataset\images\vf_00367_play_triangle_asset_0f4b94e17468addc.png,play_triangle,0,1,0,0,0,0,0,train,content:asset_0f4b94e17468addc,file_38ee8dfbc5f6c1e4,asset_0f4b94e17468addc,vision_platform\ads\collections\reviewed_bbox_crops_20260718\crops\rb_000049.png,0
vision_platform\ads\pilot\visual_family_smoke_20260722\after_review\dataset\images\vf_00368_x_mark_asset_d9d86649c8843324.png,x_mark,1,0,0,0,0,0,0,train,content:asset_d9d86649c8843324,file_7bb1b60bd9354098,asset_d9d86649c8843324,vision_platform\ads\collections\reviewed_bbox_crops_20260718\crops\rb_000050.png,0
vision_platform\ads\pilot\visual_family_smoke_20260722\after_review\dataset\images\vf_00369_got_asset_7dac488a639456b7.png,got,0,0,0,0,0,1,0,train,content:asset_7dac488a639456b7,file_35b03c30d0dda3e6,asset_7dac488a639456b7,vision_platform\ads\collections\reviewed_bbox_crops_20260718\crops\rb_000051.png,0
vision_platform\ads\pilot\visual_family_smoke_20260722\after_review\dataset\images\vf_00370_play_triangle_asset_0f4b94e17468addc.png,play_triangle,0,1,0,0,0,0,0,train,content:asset_0f4b94e17468addc,file_83e55d4c6c0500b1,asset_0f4b94e17468addc,vision_platform\ads\collections\reviewed_bbox_crops_20260718\crops\rb_000052.png,0
vision_platform\ads\pilot\visual_family_smoke_20260722\after_review\dataset\images\vf_00371_x_mark_asset_01cb0ddbc4f9acfd.png,x_mark,1,0,0,0,0,0,0,train,content:asset_01cb0ddbc4f9acfd,file_833bfe34d93542e1,asset_01cb0ddbc4f9acfd,vision_platform\ads\collections\reviewed_bbox_crops_20260718\crops\rb_000053.png,0
vision_platform\ads\pilot\visual_family_smoke_20260722\after_review\dataset\images\vf_00372_got_asset_d90adc52bfdb2470.png,got,0,0,0,0,0,1,0,train,content:asset_d90adc52bfdb2470,file_21f37d170ac3d42a,asset_d90adc52bfdb2470,vision_platform\ads\collections\reviewed_bbox_crops_20260718\crops\rb_000054.png,0
vision_platform\ads\pilot\visual_family_smoke_20260722\after_review\dataset\images\vf_00373_play_triangle_asset_1efd56983e8a2be7.png,play_triangle,0,1,0,0,0,0,0,test,content:asset_1efd56983e8a2be7,file_5c7a77f09692692f,asset_1efd56983e8a2be7,vision_platform\ads\collections\reviewed_bbox_crops_20260718\crops\rb_000055.png,0
vision_platform\ads\pilot\visual_family_smoke_20260722\after_review\dataset\images\vf_00374_x_mark_asset_653791f50f2b86dc.png,x_mark,1,0,0,0,0,0,0,train,content:asset_653791f50f2b86dc,file_cc0295811aa6fec6,asset_653791f50f2b86dc,vision_platform\ads\collections\reviewed_bbox_crops_20260718\crops\rb_000056.png,0
vision_platform\ads\pilot\visual_family_smoke_20260722\after_review\dataset\images\vf_00375_got_asset_b396b1140daa0cf6.png,got,0,0,0,0,0,1,0,train,content:asset_b396b1140daa0cf6,file_ffa3f00532e1de37,asset_b396b1140daa0cf6,vision_platform\ads\collections\reviewed_bbox_crops_20260718\crops\rb_000057.png,0
vision_platform\ads\pilot\visual_family_smoke_20260722\after_review\dataset\images\vf_00376_play_triangle_asset_1efd56983e8a2be7.png,play_triangle,0,1,0,0,0,0,0,test,content:asset_1efd56983e8a2be7,file_50f04bb2d911e011,asset_1efd56983e8a2be7,vision_platform\ads\collections\reviewed_bbox_crops_20260718\crops\rb_000058.png,0
vision_platform\ads\pilot\visual_family_smoke_20260722\after_review\dataset\images\vf_00377_x_mark_asset_ea993f5a4033cd11.png,x_mark,1,0,0,0,0,0,0,val,content:asset_ea993f5a4033cd11,file_b487d08eaa24eee8,asset_ea993f5a4033cd11,vision_platform\ads\collections\reviewed_bbox_crops_20260718\crops\rb_000059.png,0
vision_platform\ads\pilot\visual_family_smoke_20260722\after_review\dataset\images\vf_00378_got_asset_49685c343e3e83f2.png,got,0,0,0,0,0,1,0,val,content:asset_49685c343e3e83f2,file_013738ef2ddbf00b,asset_49685c343e3e83f2,vision_platform\ads\collections\reviewed_bbox_crops_20260718\crops\rb_000060.png,0
vision_platform\ads\pilot\visual_family_smoke_20260722\after_review\dataset\images\vf_00379_play_triangle_asset_1efd56983e8a2be7.png,play_triangle,0,1,0,0,0,0,0,test,content:asset_1efd56983e8a2be7,file_2d6e32d144e028d1,asset_1efd56983e8a2be7,vision_platform\ads\collections\reviewed_bbox_crops_20260718\crops\rb_000061.png,0
vision_platform\ads\pilot\visual_family_smoke_20260722\after_review\dataset\images\vf_00380_x_mark_asset_620e5e50e2098f7e.png,x_mark,1,0,0,0,0,0,0,train,content:asset_620e5e50e2098f7e,file_f654060999aac1f5,asset_620e5e50e2098f7e,vision_platform\ads\collections\reviewed_bbox_crops_20260718\crops\rb_000062.png,0
vision_platform\ads\pilot\visual_family_smoke_20260722\after_review\dataset\images\vf_00381_got_asset_4f54c7f02364deb3.png,got,0,0,0,0,0,1,0,val,content:asset_4f54c7f02364deb3,file_66d30e8766d0d07f,asset_4f54c7f02364deb3,vision_platform\ads\collections\reviewed_bbox_crops_20260718\crops\rb_000063.png,0
vision_platform\ads\pilot\visual_family_smoke_20260722\after_review\dataset\images\vf_00382_play_triangle_asset_1efd56983e8a2be7.png,play_triangle,0,1,0,0,0,0,0,test,content:asset_1efd56983e8a2be7,file_2f8ef7c43f1a2e47,asset_1efd56983e8a2be7,vision_platform\ads\collections\reviewed_bbox_crops_20260718\crops\rb_000064.png,0
vision_platform\ads\pilot\visual_family_smoke_20260722\after_review\dataset\images\vf_00383_x_mark_asset_12eb6334bb7457ba.png,x_mark,1,0,0,0,0,0,0,train,content:asset_12eb6334bb7457ba,file_c105b48e0b40e20f,asset_12eb6334bb7457ba,vision_platform\ads\collections\reviewed_bbox_crops_20260718\crops\rb_000065.png,0
vision_platform\ads\pilot\visual_family_smoke_20260722\after_review\dataset\images\vf_00384_got_asset_2b457dd3565953eb.png,got,0,0,0,0,0,1,0,train,content:asset_2b457dd3565953eb,file_8c257099e2bd386f,asset_2b457dd3565953eb,vision_platform\ads\collections\reviewed_bbox_crops_20260718\crops\rb_000066.png,0
vision_platform\ads\pilot\visual_family_smoke_20260722\after_review\dataset\images\vf_00385_play_triangle_asset_1efd56983e8a2be7.png,play_triangle,0,1,0,0,0,0,0,test,content:asset_1efd56983e8a2be7,file_ca3fd5b1eb39b11d,asset_1efd56983e8a2be7,vision_platform\ads\collections\reviewed_bbox_crops_20260718\crops\rb_000067.png,0
vision_platform\ads\pilot\visual_family_smoke_20260722\after_review\dataset\images\vf_00386_x_mark_asset_36d53dd90fea6af5.png,x_mark,1,0,0,0,0,0,0,train,content:asset_36d53dd90fea6af5,file_2d4f3be6124177ed,asset_36d53dd90fea6af5,vision_platform\ads\collections\reviewed_bbox_crops_20260718\crops\rb_000068.png,0
vision_platform\ads\pilot\visual_family_smoke_20260722\after_review\dataset\images\vf_00387_got_asset_99b47e8bcd3204e2.png,got,0,0,0,0,0,1,0,train,content:asset_99b47e8bcd3204e2,file_2c7fdf034b0a93b4,asset_99b47e8bcd3204e2,vision_platform\ads\collections\reviewed_bbox_crops_20260718\crops\rb_000069.png,0
vision_platform\ads\pilot\visual_family_smoke_20260722\after_review\dataset\images\vf_00388_play_triangle_asset_05e39c545c2d589c.png,play_triangle,0,1,0,0,0,0,0,val,content:asset_05e39c545c2d589c,file_dc5f74071ab40cd7,asset_05e39c545c2d589c,vision_platform\ads\collections\reviewed_bbox_crops_20260718\crops\rb_000070.png,0
vision_platform\ads\pilot\visual_family_smoke_20260722\after_review\dataset\images\vf_00389_play_triangle_asset_3ace1f0522c58233.png,play_triangle,0,1,0,0,0,0,0,val,content:asset_3ace1f0522c58233,file_6e8e7fe9af52b01b,asset_3ace1f0522c58233,vision_platform\ads\collections\reviewed_bbox_crops_20260718\crops\rb_000071.png,0
vision_platform\ads\pilot\visual_family_smoke_20260722\after_review\dataset\images\vf_00390_play_triangle_asset_0a4e900ac50de596.png,play_triangle,0,1,0,0,0,0,0,val,content:asset_0a4e900ac50de596,file_450326474eb92b1d,asset_0a4e900ac50de596,vision_platform\ads\collections\reviewed_bbox_crops_20260718\crops\rb_000072.png,0
vision_platform\ads\pilot\visual_family_smoke_20260722\after_review\dataset\images\vf_00391_free_asset_1666aaa13124f098.png,free,0,0,0,0,1,0,0,val,content:asset_1666aaa13124f098,file_316f75bc9fb119a6,asset_1666aaa13124f098,vision_platform\ads\collections\reviewed_bbox_crops_20260718\crops\rb_000073.png,0
vision_platform\ads\pilot\visual_family_smoke_20260722\after_review\dataset\images\vf_00392_arrow_asset_23e27746bf9acb75.png,arrow,0,0,0,0,0,0,1,train,content:asset_23e27746bf9acb75,file_c001ecd3dd8e6f5a,asset_23e27746bf9acb75,vision_platform\ads\collections\reviewed_bbox_crops_20260718\crops\rb_000074.png,0
vision_platform\ads\pilot\visual_family_smoke_20260722\after_review\dataset\images\vf_00393_arrow_asset_1a15a1aedf1315ed.png,arrow,0,0,0,0,0,0,1,train,content:asset_1a15a1aedf1315ed,file_98cf339e99854527,asset_1a15a1aedf1315ed,vision_platform\ads\collections\reviewed_bbox_crops_20260718\crops\rb_000075.png,0
vision_platform\ads\pilot\visual_family_smoke_20260722\after_review\dataset\images\vf_00394_got_asset_c4a5faabf729b487.png,got,0,0,0,0,0,1,0,train,content:asset_c4a5faabf729b487,file_9463a6879cde6633,asset_c4a5faabf729b487,vision_platform\ads\collections\reviewed_bbox_crops_20260718\crops\rb_000076.png,0
vision_platform\ads\pilot\visual_family_smoke_20260722\after_review\dataset\images\vf_00395_play_triangle_asset_05e39c545c2d589c.png,play_triangle,0,1,0,0,0,0,0,val,content:asset_05e39c545c2d589c,file_3a54261dbff44822,asset_05e39c545c2d589c,vision_platform\ads\collections\reviewed_bbox_crops_20260718\crops\rb_000077.png,0
vision_platform\ads\pilot\visual_family_smoke_20260722\after_review\dataset\images\vf_00396_play_triangle_asset_3ace1f0522c58233.png,play_triangle,0,1,0,0,0,0,0,val,content:asset_3ace1f0522c58233,file_aa2a6861107ec762,asset_3ace1f0522c58233,vision_platform\ads\collections\reviewed_bbox_crops_20260718\crops\rb_000078.png,0
vision_platform\ads\pilot\visual_family_smoke_20260722\after_review\dataset\images\vf_00397_play_triangle_asset_0a4e900ac50de596.png,play_triangle,0,1,0,0,0,0,0,val,content:asset_0a4e900ac50de596,file_6812c204f492edfa,asset_0a4e900ac50de596,vision_platform\ads\collections\reviewed_bbox_crops_20260718\crops\rb_000079.png,0
vision_platform\ads\pilot\visual_family_smoke_20260722\after_review\dataset\images\vf_00398_play_triangle_asset_b9f13ebbb5033ec5.png,play_triangle,0,1,0,0,0,0,0,train,content:asset_b9f13ebbb5033ec5,file_f0482426ad64d2ec,asset_b9f13ebbb5033ec5,vision_platform\ads\collections\reviewed_bbox_crops_20260718\crops\rb_000080.png,0
vision_platform\ads\pilot\visual_family_smoke_20260722\after_review\dataset\images\vf_00399_arrow_asset_c966fc39fcf6d4e7.png,arrow,0,0,0,0,0,0,1,train,content:asset_c966fc39fcf6d4e7,file_305f139217f54d07,asset_c966fc39fcf6d4e7,vision_platform\ads\collections\reviewed_bbox_crops_20260718\crops\rb_000081.png,0
vision_platform\ads\pilot\visual_family_smoke_20260722\after_review\dataset\images\vf_00400_arrow_asset_31c3f0fd5986e5c4.png,arrow,0,0,0,0,0,0,1,train,content:asset_31c3f0fd5986e5c4,file_2aa5e3355a1f71c5,asset_31c3f0fd5986e5c4,vision_platform\ads\collections\reviewed_bbox_crops_20260718\crops\rb_000082.png,0
vision_platform\ads\pilot\visual_family_smoke_20260722\after_review\dataset\images\vf_00401_got_asset_d91e3d1f08b2622c.png,got,0,0,0,0,0,1,0,train,content:asset_d91e3d1f08b2622c,file_1d29dffd18a49bed,asset_d91e3d1f08b2622c,vision_platform\ads\collections\reviewed_bbox_crops_20260718\crops\rb_000083.png,0
vision_platform\ads\pilot\visual_family_smoke_20260722\after_review\dataset\images\vf_00402_play_triangle_asset_0f4b94e17468addc.png,play_triangle,0,1,0,0,0,0,0,train,content:asset_0f4b94e17468addc,file_c3c64ce2d911fb6e,asset_0f4b94e17468addc,vision_platform\ads\collections\reviewed_bbox_crops_20260718\crops\rb_000084.png,0
vision_platform\ads\pilot\visual_family_smoke_20260722\after_review\dataset\images\vf_00403_play_triangle_asset_966793a379a174df.png,play_triangle,0,1,0,0,0,0,0,train,content:asset_966793a379a174df,file_62a8a4413542ca74,asset_966793a379a174df,vision_platform\ads\collections\reviewed_bbox_crops_20260718\crops\rb_000085.png,0
vision_platform\ads\pilot\visual_family_smoke_20260722\after_review\dataset\images\vf_00404_play_triangle_asset_21c5da20d19c35cc.png,play_triangle,0,1,0,0,0,0,0,train,content:asset_21c5da20d19c35cc,file_b64ae336bb17e9f7,asset_21c5da20d19c35cc,vision_platform\ads\collections\reviewed_bbox_crops_20260718\crops\rb_000086.png,0
vision_platform\ads\pilot\visual_family_smoke_20260722\after_review\dataset\images\vf_00405_next_asset_6bf76d3fd5c9b55e.png,next,0,0,0,1,0,0,0,test,content:asset_6bf76d3fd5c9b55e,file_bf38f78053afa077,asset_6bf76d3fd5c9b55e,vision_platform\ads\collections\reviewed_bbox_crops_20260718\crops\rb_000087.png,0
vision_platform\ads\pilot\visual_family_smoke_20260722\after_review\dataset\images\vf_00406_next_asset_e4368f59b3fb23a5.png,next,0,0,0,1,0,0,0,train,content:asset_e4368f59b3fb23a5,file_9d15a57210e6aeca,asset_e4368f59b3fb23a5,vision_platform\ads\collections\reviewed_bbox_crops_20260718\crops\rb_000088.png,0
vision_platform\ads\pilot\visual_family_smoke_20260722\after_review\dataset\images\vf_00407_x_mark_asset_3f5765ee6c16a62d.png,x_mark,1,0,0,0,0,0,0,train,content:asset_3f5765ee6c16a62d,file_67dcd96cb320b4ae,asset_3f5765ee6c16a62d,vision_platform\ads\collections\reviewed_bbox_crops_20260718\crops\rb_000089.png,0
vision_platform\ads\pilot\visual_family_smoke_20260722\after_review\dataset\images\vf_00408_got_asset_72017d57ab286b02.png,got,0,0,0,0,0,1,0,test,content:asset_72017d57ab286b02,file_94a20eedf014cf98,asset_72017d57ab286b02,vision_platform\ads\collections\reviewed_bbox_crops_20260718\crops\rb_000090.png,0
vision_platform\ads\pilot\visual_family_smoke_20260722\after_review\dataset\images\vf_00409_play_triangle_asset_0f4b94e17468addc.png,play_triangle,0,1,0,0,0,0,0,train,content:asset_0f4b94e17468addc,file_dfcf38849ad10faf,asset_0f4b94e17468addc,vision_platform\ads\collections\reviewed_bbox_crops_20260718\crops\rb_000091.png,0
vision_platform\ads\pilot\visual_family_smoke_20260722\after_review\dataset\images\vf_00410_play_triangle_asset_966793a379a174df.png,play_triangle,0,1,0,0,0,0,0,train,content:asset_966793a379a174df,file_844213c3b03f993e,asset_966793a379a174df,vision_platform\ads\collections\reviewed_bbox_crops_20260718\crops\rb_000092.png,0
vision_platform\ads\pilot\visual_family_smoke_20260722\after_review\dataset\images\vf_00411_arrow_asset_226c1d36e84e0a83.png,arrow,0,0,0,0,0,0,1,train,content:asset_226c1d36e84e0a83,file_b28b9ec89b84ce89,asset_226c1d36e84e0a83,vision_platform\ads\collections\reviewed_bbox_crops_20260718\crops\rb_000093.png,0
vision_platform\ads\pilot\visual_family_smoke_20260722\after_review\dataset\images\vf_00412_arrow_asset_3dd1cf465dd4e1fc.png,arrow,0,0,0,0,0,0,1,train,content:asset_3dd1cf465dd4e1fc,file_a0ba5fcc9704c144,asset_3dd1cf465dd4e1fc,vision_platform\ads\collections\reviewed_bbox_crops_20260718\crops\rb_000094.png,0
vision_platform\ads\pilot\visual_family_smoke_20260722\after_review\dataset\images\vf_00413_got_asset_069f2406c8d6ae4b.png,got,0,0,0,0,0,1,0,train,content:asset_069f2406c8d6ae4b,file_b46f3ac9a1044d1a,asset_069f2406c8d6ae4b,vision_platform\ads\collections\reviewed_bbox_crops_20260718\crops\rb_000095.png,0
vision_platform\ads\pilot\visual_family_smoke_20260722\after_review\dataset\images\vf_00414_play_triangle_asset_0f4b94e17468addc.png,play_triangle,0,1,0,0,0,0,0,train,content:asset_0f4b94e17468addc,file_6dd9526e493f33cb,asset_0f4b94e17468addc,vision_platform\ads\collections\reviewed_bbox_crops_20260718\crops\rb_000096.png,0
vision_platform\ads\pilot\visual_family_smoke_20260722\after_review\dataset\images\vf_00415_x_mark_asset_9a65aa273090dd6b.png,x_mark,1,0,0,0,0,0,0,train,content:asset_9a65aa273090dd6b,file_eee1062221155f09,asset_9a65aa273090dd6b,vision_platform\ads\collections\reviewed_bbox_crops_20260718\crops\rb_000097.png,0
vision_platform\ads\pilot\visual_family_smoke_20260722\after_review\dataset\images\vf_00416_got_asset_469378814dd76c28.png,got,0,0,0,0,0,1,0,train,content:asset_469378814dd76c28,file_899ef938ddd45fcb,asset_469378814dd76c28,vision_platform\ads\collections\reviewed_bbox_crops_20260718\crops\rb_000098.png,0
vision_platform\ads\pilot\visual_family_smoke_20260722\after_review\dataset\images\vf_00417_play_triangle_asset_0f4b94e17468addc.png,play_triangle,0,1,0,0,0,0,0,train,content:asset_0f4b94e17468addc,file_62e9a03cd87bb875,asset_0f4b94e17468addc,vision_platform\ads\collections\reviewed_bbox_crops_20260718\crops\rb_000099.png,0
vision_platform\ads\pilot\visual_family_smoke_20260722\after_review\dataset\images\vf_00418_x_mark_asset_bcc1721bb55d1642.png,x_mark,1,0,0,0,0,0,0,train,content:asset_bcc1721bb55d1642,file_31980825c4420b48,asset_bcc1721bb55d1642,vision_platform\ads\collections\reviewed_bbox_crops_20260718\crops\rb_000100.png,0
vision_platform\ads\pilot\visual_family_smoke_20260722\after_review\dataset\images\vf_00419_got_asset_1b3a6e6f798fa5a2.png,got,0,0,0,0,0,1,0,train,content:asset_1b3a6e6f798fa5a2,file_092f15fb75ba6dec,asset_1b3a6e6f798fa5a2,vision_platform\ads\collections\reviewed_bbox_crops_20260718\crops\rb_000101.png,0
vision_platform\ads\pilot\visual_family_smoke_20260722\after_review\dataset\images\vf_00420_play_triangle_asset_1efd56983e8a2be7.png,play_triangle,0,1,0,0,0,0,0,test,content:asset_1efd56983e8a2be7,file_5486b3133fe474bb,asset_1efd56983e8a2be7,vision_platform\ads\collections\reviewed_bbox_crops_20260718\crops\rb_000102.png,0
vision_platform\ads\pilot\visual_family_smoke_20260722\after_review\dataset\images\vf_00421_x_mark_asset_9604fc1d9d28db2b.png,x_mark,1,0,0,0,0,0,0,train,content:asset_9604fc1d9d28db2b,file_5ad715a20931c23f,asset_9604fc1d9d28db2b,vision_platform\ads\collections\reviewed_bbox_crops_20260718\crops\rb_000103.png,0
vision_platform\ads\pilot\visual_family_smoke_20260722\after_review\dataset\images\vf_00422_got_asset_632899a232b4f932.png,got,0,0,0,0,0,1,0,test,content:asset_632899a232b4f932,file_4d36aa5c301bec9f,asset_632899a232b4f932,vision_platform\ads\collections\reviewed_bbox_crops_20260718\crops\rb_000104.png,0
vision_platform\ads\pilot\visual_family_smoke_20260722\after_review\dataset\images\vf_00423_play_triangle_asset_1efd56983e8a2be7.png,play_triangle,0,1,0,0,0,0,0,test,content:asset_1efd56983e8a2be7,file_54ca0c9578597cf8,asset_1efd56983e8a2be7,vision_platform\ads\collections\reviewed_bbox_crops_20260718\crops\rb_000105.png,0
vision_platform\ads\pilot\visual_family_smoke_20260722\after_review\dataset\images\vf_00424_x_mark_asset_f8140df227801008.png,x_mark,1,0,0,0,0,0,0,train,content:asset_f8140df227801008,file_05418c2afcaf9455,asset_f8140df227801008,vision_platform\ads\collections\reviewed_bbox_crops_20260718\crops\rb_000106.png,0
vision_platform\ads\pilot\visual_family_smoke_20260722\after_review\dataset\images\vf_00425_got_asset_bcbfdc32bec94ea3.png,got,0,0,0,0,0,1,0,train,content:asset_bcbfdc32bec94ea3,file_855fe2ee803e5ef6,asset_bcbfdc32bec94ea3,vision_platform\ads\collections\reviewed_bbox_crops_20260718\crops\rb_000107.png,0
vision_platform\ads\pilot\visual_family_smoke_20260722\after_review\dataset\images\vf_00426_play_triangle_asset_1efd56983e8a2be7.png,play_triangle,0,1,0,0,0,0,0,test,content:asset_1efd56983e8a2be7,file_a394e9f413666691,asset_1efd56983e8a2be7,vision_platform\ads\collections\reviewed_bbox_crops_20260718\crops\rb_000108.png,0
vision_platform\ads\pilot\visual_family_smoke_20260722\after_review\dataset\images\vf_00427_google_play_asset_e1d07199af8a6097.png,google_play,0,0,1,0,0,0,0,test,content:asset_e1d07199af8a6097,file_aecc4f11488efbe5,asset_e1d07199af8a6097,vision_platform\ads\collections\reviewed_bbox_crops_20260718\crops\rb_000109.png,0
vision_platform\ads\pilot\visual_family_smoke_20260722\after_review\dataset\images\vf_00428_got_asset_b20513fd6c63b9ab.png,got,0,0,0,0,0,1,0,test,content:asset_b20513fd6c63b9ab,file_51c6e2845fe08c19,asset_b20513fd6c63b9ab,vision_platform\ads\collections\reviewed_bbox_crops_20260718\crops\rb_000110.png,0
vision_platform\ads\pilot\visual_family_smoke_20260722\after_review\dataset\images\vf_00429_play_triangle_asset_1efd56983e8a2be7.png,play_triangle,0,1,0,0,0,0,0,test,content:asset_1efd56983e8a2be7,file_ca5c9600e4f3b15e,asset_1efd56983e8a2be7,vision_platform\ads\collections\reviewed_bbox_crops_20260718\crops\rb_000111.png,0
vision_platform\ads\pilot\visual_family_smoke_20260722\after_review\dataset\images\vf_00430_x_mark_asset_1ad7fd751ce5f996.png,x_mark,1,0,0,0,0,0,0,train,content:asset_1ad7fd751ce5f996,file_f153055da01f89c3,asset_1ad7fd751ce5f996,vision_platform\ads\collections\reviewed_bbox_crops_20260718\crops\rb_000112.png,0
vision_platform\ads\pilot\visual_family_smoke_20260722\after_review\dataset\images\vf_00431_got_asset_636c3a424581ad0e.png,got,0,0,0,0,0,1,0,train,content:asset_636c3a424581ad0e,file_0e60eb1ed3085fcf,asset_636c3a424581ad0e,vision_platform\ads\collections\reviewed_bbox_crops_20260718\crops\rb_000113.png,0
vision_platform\ads\pilot\visual_family_smoke_20260722\after_review\dataset\images\vf_00432_play_triangle_asset_1efd56983e8a2be7.png,play_triangle,0,1,0,0,0,0,0,test,content:asset_1efd56983e8a2be7,file_46fa4c81ef14c975,asset_1efd56983e8a2be7,vision_platform\ads\collections\reviewed_bbox_crops_20260718\crops\rb_000114.png,0
vision_platform\ads\pilot\visual_family_smoke_20260722\after_review\dataset\images\vf_00433_x_mark_asset_7419d2d1a2e13956.png,x_mark,1,0,0,0,0,0,0,train,content:asset_7419d2d1a2e13956,file_e5407ff0961c3cc9,asset_7419d2d1a2e13956,vision_platform\ads\collections\reviewed_bbox_crops_20260718\crops\rb_000115.png,0
vision_platform\ads\pilot\visual_family_smoke_20260722\after_review\dataset\images\vf_00434_got_asset_3dece09d166a1594.png,got,0,0,0,0,0,1,0,train,content:asset_3dece09d166a1594,file_66acddd59232bac0,asset_3dece09d166a1594,vision_platform\ads\collections\reviewed_bbox_crops_20260718\crops\rb_000116.png,0
vision_platform\ads\pilot\visual_family_smoke_20260722\after_review\dataset\images\vf_00435_play_triangle_asset_05e39c545c2d589c.png,play_triangle,0,1,0,0,0,0,0,val,content:asset_05e39c545c2d589c,file_d15aeb5661f9fca0,asset_05e39c545c2d589c,vision_platform\ads\collections\reviewed_bbox_crops_20260718\crops\rb_000117.png,0
vision_platform\ads\pilot\visual_family_smoke_20260722\after_review\dataset\images\vf_00436_play_triangle_asset_3ace1f0522c58233.png,play_triangle,0,1,0,0,0,0,0,val,content:asset_3ace1f0522c58233,file_8b1c83db204d4c49,asset_3ace1f0522c58233,vision_platform\ads\collections\reviewed_bbox_crops_20260718\crops\rb_000118.png,0
vision_platform\ads\pilot\visual_family_smoke_20260722\after_review\dataset\images\vf_00437_play_triangle_asset_0a4e900ac50de596.png,play_triangle,0,1,0,0,0,0,0,val,content:asset_0a4e900ac50de596,file_d14a07d46d0279bc,asset_0a4e900ac50de596,vision_platform\ads\collections\reviewed_bbox_crops_20260718\crops\rb_000119.png,0
vision_platform\ads\pilot\visual_family_smoke_20260722\after_review\dataset\images\vf_00438_play_triangle_asset_8c06d20936fec0bb.png,play_triangle,0,1,0,0,0,0,0,train,content:asset_8c06d20936fec0bb,file_ff3629974dd436be,asset_8c06d20936fec0bb,vision_platform\ads\collections\reviewed_bbox_crops_20260718\crops\rb_000120.png,0
vision_platform\ads\pilot\visual_family_smoke_20260722\after_review\dataset\images\vf_00439_x_mark_asset_4b460828e7852a16.png,x_mark,1,0,0,0,0,0,0,train,content:asset_4b460828e7852a16,file_1b25b331d8c51571,asset_4b460828e7852a16,vision_platform\ads\collections\reviewed_bbox_crops_20260718\crops\rb_000121.png,0
vision_platform\ads\pilot\visual_family_smoke_20260722\after_review\dataset\images\vf_00440_got_asset_2e9288f2d0fabccf.png,got,0,0,0,0,0,1,0,train,content:asset_2e9288f2d0fabccf,file_834d97abbc001ce5,asset_2e9288f2d0fabccf,vision_platform\ads\collections\reviewed_bbox_crops_20260718\crops\rb_000122.png,0
vision_platform\ads\pilot\visual_family_smoke_20260722\after_review\dataset\images\vf_00441_play_triangle_asset_05e39c545c2d589c.png,play_triangle,0,1,0,0,0,0,0,val,content:asset_05e39c545c2d589c,file_cab91239fa448f26,asset_05e39c545c2d589c,vision_platform\ads\collections\reviewed_bbox_crops_20260718\crops\rb_000123.png,0
vision_platform\ads\pilot\visual_family_smoke_20260722\after_review\dataset\images\vf_00442_play_triangle_asset_3ace1f0522c58233.png,play_triangle,0,1,0,0,0,0,0,val,content:asset_3ace1f0522c58233,file_2160d3a8470b945a,asset_3ace1f0522c58233,vision_platform\ads\collections\reviewed_bbox_crops_20260718\crops\rb_000124.png,0
vision_platform\ads\pilot\visual_family_smoke_20260722\after_review\dataset\images\vf_00443_play_triangle_asset_0a4e900ac50de596.png,play_triangle,0,1,0,0,0,0,0,val,content:asset_0a4e900ac50de596,file_8972b60b689b7080,asset_0a4e900ac50de596,vision_platform\ads\collections\reviewed_bbox_crops_20260718\crops\rb_000125.png,0
vision_platform\ads\pilot\visual_family_smoke_20260722\after_review\dataset\images\vf_00444_play_triangle_asset_b9f13ebbb5033ec5.png,play_triangle,0,1,0,0,0,0,0,train,content:asset_b9f13ebbb5033ec5,file_526e1585f645dd14,asset_b9f13ebbb5033ec5,vision_platform\ads\collections\reviewed_bbox_crops_20260718\crops\rb_000126.png,0
vision_platform\ads\pilot\visual_family_smoke_20260722\after_review\dataset\images\vf_00445_got_asset_1dab5c000746ebe5.png,got,0,0,0,0,0,1,0,train,content:asset_1dab5c000746ebe5,file_db8f38d6e6bdb2f1,asset_1dab5c000746ebe5,vision_platform\ads\collections\reviewed_bbox_crops_20260718\crops\rb_000127.png,0
vision_platform\ads\pilot\visual_family_smoke_20260722\after_review\dataset\images\vf_00446_play_triangle_asset_05e39c545c2d589c.png,play_triangle,0,1,0,0,0,0,0,val,content:asset_05e39c545c2d589c,file_54f162f1f1ac5a0d,asset_05e39c545c2d589c,vision_platform\ads\collections\reviewed_bbox_crops_20260718\crops\rb_000128.png,0
vision_platform\ads\pilot\visual_family_smoke_20260722\after_review\dataset\images\vf_00447_play_triangle_asset_3ace1f0522c58233.png,play_triangle,0,1,0,0,0,0,0,val,content:asset_3ace1f0522c58233,file_a24788aa155dd179,asset_3ace1f0522c58233,vision_platform\ads\collections\reviewed_bbox_crops_20260718\crops\rb_000129.png,0
vision_platform\ads\pilot\visual_family_smoke_20260722\after_review\dataset\images\vf_00448_play_triangle_asset_0a4e900ac50de596.png,play_triangle,0,1,0,0,0,0,0,val,content:asset_0a4e900ac50de596,file_8646ff8ca8335918,asset_0a4e900ac50de596,vision_platform\ads\collections\reviewed_bbox_crops_20260718\crops\rb_000130.png,0
vision_platform\ads\pilot\visual_family_smoke_20260722\after_review\dataset\images\vf_00449_x_mark_asset_bcc1721bb55d1642.png,x_mark,1,0,0,0,0,0,0,train,content:asset_bcc1721bb55d1642,file_14caa55f8b8cccfe,asset_bcc1721bb55d1642,vision_platform\ads\collections\reviewed_bbox_crops_20260718\crops\rb_000131.png,0
vision_platform\ads\pilot\visual_family_smoke_20260722\after_review\dataset\images\vf_00450_got_asset_418166c027e47553.png,got,0,0,0,0,0,1,0,val,content:asset_418166c027e47553,file_45282982dc7fe8e8,asset_418166c027e47553,vision_platform\ads\collections\reviewed_bbox_crops_20260718\crops\rb_000132.png,0
vision_platform\ads\pilot\visual_family_smoke_20260722\after_review\dataset\images\vf_00451_play_triangle_asset_0f4b94e17468addc.png,play_triangle,0,1,0,0,0,0,0,train,content:asset_0f4b94e17468addc,file_c15bee436f7a2f64,asset_0f4b94e17468addc,vision_platform\ads\collections\reviewed_bbox_crops_20260718\crops\rb_000133.png,0
vision_platform\ads\pilot\visual_family_smoke_20260722\after_review\dataset\images\vf_00452_play_triangle_asset_966793a379a174df.png,play_triangle,0,1,0,0,0,0,0,train,content:asset_966793a379a174df,file_cf7c21442008830c,asset_966793a379a174df,vision_platform\ads\collections\reviewed_bbox_crops_20260718\crops\rb_000134.png,0
vision_platform\ads\pilot\visual_family_smoke_20260722\after_review\dataset\images\vf_00453_x_mark_asset_bcc1721bb55d1642.png,x_mark,1,0,0,0,0,0,0,train,content:asset_bcc1721bb55d1642,file_46d7d0408c058727,asset_bcc1721bb55d1642,vision_platform\ads\collections\reviewed_bbox_crops_20260718\crops\rb_000135.png,0
vision_platform\ads\pilot\visual_family_smoke_20260722\after_review\dataset\images\vf_00454_got_asset_8b5a5bf502b06ef1.png,got,0,0,0,0,0,1,0,train,content:asset_8b5a5bf502b06ef1,file_415b1759ce91e1fe,asset_8b5a5bf502b06ef1,vision_platform\ads\collections\reviewed_bbox_crops_20260718\crops\rb_000136.png,0
vision_platform\ads\pilot\visual_family_smoke_20260722\after_review\dataset\images\vf_00455_play_triangle_asset_0f4b94e17468addc.png,play_triangle,0,1,0,0,0,0,0,train,content:asset_0f4b94e17468addc,file_93708138367d2995,asset_0f4b94e17468addc,vision_platform\ads\collections\reviewed_bbox_crops_20260718\crops\rb_000137.png,0
vision_platform\ads\pilot\visual_family_smoke_20260722\after_review\dataset\images\vf_00456_arrow_asset_b2038ae70ba4928b.png,arrow,0,0,0,0,0,0,1,train,content:asset_b2038ae70ba4928b,file_09262bd1f2321a7b,asset_b2038ae70ba4928b,vision_platform\ads\collections\reviewed_bbox_crops_20260718\crops\rb_000138.png,0
vision_platform\ads\pilot\visual_family_smoke_20260722\after_review\dataset\images\vf_00457_arrow_asset_9374af084265b151.png,arrow,0,0,0,0,0,0,1,train,content:asset_9374af084265b151,file_d434d859462d0aee,asset_9374af084265b151,vision_platform\ads\collections\reviewed_bbox_crops_20260718\crops\rb_000139.png,0
vision_platform\ads\pilot\visual_family_smoke_20260722\after_review\dataset\images\vf_00458_got_asset_859c7278c0adf604.png,got,0,0,0,0,0,1,0,val,content:asset_859c7278c0adf604,file_88211eacebd07018,asset_859c7278c0adf604,vision_platform\ads\collections\reviewed_bbox_crops_20260718\crops\rb_000140.png,0
vision_platform\ads\pilot\visual_family_smoke_20260722\after_review\dataset\images\vf_00459_play_triangle_asset_0f4b94e17468addc.png,play_triangle,0,1,0,0,0,0,0,train,content:asset_0f4b94e17468addc,file_f4f35fb8b2be28a3,asset_0f4b94e17468addc,vision_platform\ads\collections\reviewed_bbox_crops_20260718\crops\rb_000141.png,0
vision_platform\ads\pilot\visual_family_smoke_20260722\after_review\dataset\images\vf_00460_arrow_asset_d0d6af500a45886e.png,arrow,0,0,0,0,0,0,1,test,content:asset_d0d6af500a45886e,file_3d395ad108b7d05d,asset_d0d6af500a45886e,vision_platform\ads\collections\reviewed_bbox_crops_20260718\crops\rb_000142.png,0
vision_platform\ads\pilot\visual_family_smoke_20260722\after_review\dataset\images\vf_00461_arrow_asset_5367678d7e7c5c9e.png,arrow,0,0,0,0,0,0,1,test,content:asset_5367678d7e7c5c9e,file_4135329ece6fef7b,asset_5367678d7e7c5c9e,vision_platform\ads\collections\reviewed_bbox_crops_20260718\crops\rb_000143.png,0
vision_platform\ads\pilot\visual_family_smoke_20260722\after_review\dataset\images\vf_00462_got_asset_9869e8ef27cf226c.png,got,0,0,0,0,0,1,0,val,content:asset_9869e8ef27cf226c,file_a5819c59dda8a986,asset_9869e8ef27cf226c,vision_platform\ads\collections\reviewed_bbox_crops_20260718\crops\rb_000144.png,0
vision_platform\ads\pilot\visual_family_smoke_20260722\after_review\dataset\images\vf_00463_free_asset_8951e1d6b133fc43.png,free,0,0,0,0,1,0,0,val,content:asset_8951e1d6b133fc43,file_f8a408d2b9fbc248,asset_8951e1d6b133fc43,vision_platform\ads\collections\reviewed_bbox_crops_20260718\crops\rb_000145.png,0
vision_platform\ads\pilot\visual_family_smoke_20260722\after_review\dataset\images\vf_00464_free_asset_ec5d107e852b1436.png,free,0,0,0,0,1,0,0,train,content:asset_ec5d107e852b1436,file_6795d3c28a8fb0c6,asset_ec5d107e852b1436,vision_platform\ads\collections\reviewed_bbox_crops_20260718\crops\rb_000146.png,0
vision_platform\ads\pilot\visual_family_smoke_20260722\after_review\dataset\images\vf_00465_got_asset_aaa32e3378ef441e.png,got,0,0,0,0,0,1,0,train,content:asset_aaa32e3378ef441e,file_2366ed5d4044abf4,asset_aaa32e3378ef441e,vision_platform\ads\collections\reviewed_bbox_crops_20260718\crops\rb_000147.png,0
vision_platform\ads\pilot\visual_family_smoke_20260722\after_review\dataset\images\vf_00466_free_asset_251751890e71370a.png,free,0,0,0,0,1,0,0,test,content:asset_251751890e71370a,file_8c2cfa4ed0b03676,asset_251751890e71370a,vision_platform\ads\collections\reviewed_bbox_crops_20260718\crops\rb_000148.png,0
vision_platform\ads\pilot\visual_family_smoke_20260722\after_review\dataset\images\vf_00467_arrow_asset_0ef553bd6095965f.png,arrow,0,0,0,0,0,0,1,test,content:asset_0ef553bd6095965f,file_92bf9affe27f402d,asset_0ef553bd6095965f,vision_platform\ads\collections\reviewed_bbox_crops_20260718\crops\rb_000149.png,0
vision_platform\ads\pilot\visual_family_smoke_20260722\after_review\dataset\images\vf_00468_arrow_asset_83b54a80ca6e589f.png,arrow,0,0,0,0,0,0,1,test,content:asset_83b54a80ca6e589f,file_8f81870f1b024972,asset_83b54a80ca6e589f,vision_platform\ads\collections\reviewed_bbox_crops_20260718\crops\rb_000150.png,0
vision_platform\ads\pilot\visual_family_smoke_20260722\after_review\dataset\images\vf_00469_got_asset_ec36a0a1359d3407.png,got,0,0,0,0,0,1,0,train,content:asset_ec36a0a1359d3407,file_5e205dc34084d8c9,asset_ec36a0a1359d3407,vision_platform\ads\collections\reviewed_bbox_crops_20260718\crops\rb_000151.png,0
vision_platform\ads\pilot\visual_family_smoke_20260722\after_review\dataset\images\vf_00470_free_asset_251751890e71370a.png,free,0,0,0,0,1,0,0,test,content:asset_251751890e71370a,file_5fccc5205c204e5e,asset_251751890e71370a,vision_platform\ads\collections\reviewed_bbox_crops_20260718\crops\rb_000152.png,0
vision_platform\ads\pilot\visual_family_smoke_20260722\after_review\dataset\images\vf_00471_arrow_asset_50ad02b705cc23fb.png,arrow,0,0,0,0,0,0,1,train,content:asset_50ad02b705cc23fb,file_0174b767cdb80e0d,asset_50ad02b705cc23fb,vision_platform\ads\collections\reviewed_bbox_crops_20260718\crops\rb_000153.png,0
vision_platform\ads\pilot\visual_family_smoke_20260722\after_review\dataset\images\vf_00472_arrow_asset_a419bfb7ea738f2f.png,arrow,0,0,0,0,0,0,1,train,content:asset_a419bfb7ea738f2f,file_bedd66115ab8ef28,asset_a419bfb7ea738f2f,vision_platform\ads\collections\reviewed_bbox_crops_20260718\crops\rb_000154.png,0
vision_platform\ads\pilot\visual_family_smoke_20260722\after_review\dataset\images\vf_00473_got_asset_93a1e4b128f9b908.png,got,0,0,0,0,0,1,0,train,content:asset_93a1e4b128f9b908,file_4790826d4d4880c1,asset_93a1e4b128f9b908,vision_platform\ads\collections\reviewed_bbox_crops_20260718\crops\rb_000155.png,0
vision_platform\ads\pilot\visual_family_smoke_20260722\after_review\dataset\images\vf_00474_free_asset_251751890e71370a.png,free,0,0,0,0,1,0,0,test,content:asset_251751890e71370a,file_a9355be9f4016068,asset_251751890e71370a,vision_platform\ads\collections\reviewed_bbox_crops_20260718\crops\rb_000156.png,0
vision_platform\ads\pilot\visual_family_smoke_20260722\after_review\dataset\images\vf_00475_x_mark_asset_bcc1721bb55d1642.png,x_mark,1,0,0,0,0,0,0,train,content:asset_bcc1721bb55d1642,file_e8faeac1714fec7c,asset_bcc1721bb55d1642,vision_platform\ads\collections\reviewed_bbox_crops_20260718\crops\rb_000157.png,0
vision_platform\ads\pilot\visual_family_smoke_20260722\after_review\dataset\images\vf_00476_got_asset_232e5768608a77e9.png,got,0,0,0,0,0,1,0,train,content:asset_232e5768608a77e9,file_42eec0ac8415b5a9,asset_232e5768608a77e9,vision_platform\ads\collections\reviewed_bbox_crops_20260718\crops\rb_000158.png,0
vision_platform\ads\pilot\visual_family_smoke_20260722\after_review\dataset\images\vf_00477_play_triangle_asset_1efd56983e8a2be7.png,play_triangle,0,1,0,0,0,0,0,test,content:asset_1efd56983e8a2be7,file_2f60ce63befa723d,asset_1efd56983e8a2be7,vision_platform\ads\collections\reviewed_bbox_crops_20260718\crops\rb_000159.png,0
vision_platform\ads\pilot\visual_family_smoke_20260722\after_review\dataset\images\vf_00478_x_mark_asset_6104349d1d13028a.png,x_mark,1,0,0,0,0,0,0,train,content:asset_6104349d1d13028a,file_93bb21d0c9b6b5ab,asset_6104349d1d13028a,vision_platform\ads\collections\reviewed_bbox_crops_20260718\crops\rb_000160.png,0
vision_platform\ads\pilot\visual_family_smoke_20260722\after_review\dataset\images\vf_00479_got_asset_07806939f8188a93.png,got,0,0,0,0,0,1,0,train,content:asset_07806939f8188a93,file_c55a07ff89eb44d9,asset_07806939f8188a93,vision_platform\ads\collections\reviewed_bbox_crops_20260718\crops\rb_000161.png,0
vision_platform\ads\pilot\visual_family_smoke_20260722\after_review\dataset\images\vf_00480_play_triangle_asset_1efd56983e8a2be7.png,play_triangle,0,1,0,0,0,0,0,test,content:asset_1efd56983e8a2be7,file_5d0f4d547f12a1f9,asset_1efd56983e8a2be7,vision_platform\ads\collections\reviewed_bbox_crops_20260718\crops\rb_000162.png,0
vision_platform\ads\pilot\visual_family_smoke_20260722\after_review\dataset\images\vf_00481_x_mark_asset_6104349d1d13028a.png,x_mark,1,0,0,0,0,0,0,train,content:asset_6104349d1d13028a,file_6238053c8e348d24,asset_6104349d1d13028a,vision_platform\ads\collections\reviewed_bbox_crops_20260718\crops\rb_000163.png,0
vision_platform\ads\pilot\visual_family_smoke_20260722\after_review\dataset\images\vf_00482_got_asset_c067442c423acf78.png,got,0,0,0,0,0,1,0,val,content:asset_c067442c423acf78,file_a2eefc3b32cd77d2,asset_c067442c423acf78,vision_platform\ads\collections\reviewed_bbox_crops_20260718\crops\rb_000164.png,0
vision_platform\ads\pilot\visual_family_smoke_20260722\after_review\dataset\images\vf_00483_x_mark_asset_53beadffe200f55d.png,x_mark,1,0,0,0,0,0,0,train,content:asset_53beadffe200f55d,file_a7e95226550c356b,asset_53beadffe200f55d,vision_platform\ads\collections\reviewed_bbox_crops_20260718\crops\rb_000165.png,0
vision_platform\ads\pilot\visual_family_smoke_20260722\after_review\dataset\images\vf_00484_got_asset_4baeb732de29dc99.png,got,0,0,0,0,0,1,0,val,content:asset_4baeb732de29dc99,file_081b7fcf077b5e2e,asset_4baeb732de29dc99,vision_platform\ads\collections\reviewed_bbox_crops_20260718\crops\rb_000166.png,0
vision_platform\ads\pilot\visual_family_smoke_20260722\after_review\dataset\images\vf_00485_play_triangle_asset_1efd56983e8a2be7.png,play_triangle,0,1,0,0,0,0,0,test,content:asset_1efd56983e8a2be7,file_953448be23ae1db9,asset_1efd56983e8a2be7,vision_platform\ads\collections\reviewed_bbox_crops_20260718\crops\rb_000167.png,0
vision_platform\ads\pilot\visual_family_smoke_20260722\after_review\dataset\images\vf_00486_x_mark_asset_6104349d1d13028a.png,x_mark,1,0,0,0,0,0,0,train,content:asset_6104349d1d13028a,file_f3370fca6a5a25e5,asset_6104349d1d13028a,vision_platform\ads\collections\reviewed_bbox_crops_20260718\crops\rb_000168.png,0
vision_platform\ads\pilot\visual_family_smoke_20260722\after_review\dataset\images\vf_00487_got_asset_5b8b9efcafa07e95.png,got,0,0,0,0,0,1,0,test,content:asset_5b8b9efcafa07e95,file_820f998b0a7abeb8,asset_5b8b9efcafa07e95,vision_platform\ads\collections\reviewed_bbox_crops_20260718\crops\rb_000169.png,0
vision_platform\ads\pilot\visual_family_smoke_20260722\after_review\dataset\images\vf_00488_play_triangle_asset_1efd56983e8a2be7.png,play_triangle,0,1,0,0,0,0,0,test,content:asset_1efd56983e8a2be7,file_fa25aed9644a99f2,asset_1efd56983e8a2be7,vision_platform\ads\collections\reviewed_bbox_crops_20260718\crops\rb_000170.png,0
vision_platform\ads\pilot\visual_family_smoke_20260722\after_review\dataset\images\vf_00489_x_mark_asset_6104349d1d13028a.png,x_mark,1,0,0,0,0,0,0,train,content:asset_6104349d1d13028a,file_b2e085b44f5a5d9d,asset_6104349d1d13028a,vision_platform\ads\collections\reviewed_bbox_crops_20260718\crops\rb_000171.png,0
vision_platform\ads\pilot\visual_family_smoke_20260722\after_review\dataset\images\vf_00490_got_asset_e726e438d0e40ddd.png,got,0,0,0,0,0,1,0,train,content:asset_e726e438d0e40ddd,file_46fa0185f555034a,asset_e726e438d0e40ddd,vision_platform\ads\collections\reviewed_bbox_crops_20260718\crops\rb_000172.png,0
vision_platform\ads\pilot\visual_family_smoke_20260722\after_review\dataset\images\vf_00491_x_mark_asset_6104349d1d13028a.png,x_mark,1,0,0,0,0,0,0,train,content:asset_6104349d1d13028a,file_8598f00aa97cf91c,asset_6104349d1d13028a,vision_platform\ads\collections\reviewed_bbox_crops_20260718\crops\rb_000173.png,0
vision_platform\ads\pilot\visual_family_smoke_20260722\after_review\dataset\images\vf_00492_got_asset_b6d5a1716e40d6af.png,got,0,0,0,0,0,1,0,train,content:asset_b6d5a1716e40d6af,file_903e2f9644579f3a,asset_b6d5a1716e40d6af,vision_platform\ads\collections\reviewed_bbox_crops_20260718\crops\rb_000174.png,0
vision_platform\ads\pilot\visual_family_smoke_20260722\after_review\dataset\images\vf_00493_play_triangle_asset_1efd56983e8a2be7.png,play_triangle,0,1,0,0,0,0,0,test,content:asset_1efd56983e8a2be7,file_2522e538caa87309,asset_1efd56983e8a2be7,vision_platform\ads\collections\reviewed_bbox_crops_20260718\crops\rb_000175.png,0
vision_platform\ads\pilot\visual_family_smoke_20260722\after_review\dataset\images\vf_00494_arrow_asset_4a60fdfab002b186.png,arrow,0,0,0,0,0,0,1,train,content:asset_4a60fdfab002b186,file_20a9c5333b15a0aa,asset_4a60fdfab002b186,vision_platform\ads\collections\reviewed_bbox_crops_20260718\crops\rb_000176.png,0
vision_platform\ads\pilot\visual_family_smoke_20260722\after_review\dataset\images\vf_00495_arrow_asset_3ddc68d29fa37c7a.png,arrow,0,0,0,0,0,0,1,train,content:asset_3ddc68d29fa37c7a,file_70eab4aa71566fed,asset_3ddc68d29fa37c7a,vision_platform\ads\collections\reviewed_bbox_crops_20260718\crops\rb_000177.png,0
vision_platform\ads\pilot\visual_family_smoke_20260722\after_review\dataset\images\vf_00496_got_asset_7ee24ebf67df3d33.png,got,0,0,0,0,0,1,0,val,content:asset_7ee24ebf67df3d33,file_1c3630ddefa6dba6,asset_7ee24ebf67df3d33,vision_platform\ads\collections\reviewed_bbox_crops_20260718\crops\rb_000178.png,0
vision_platform\ads\pilot\visual_family_smoke_20260722\after_review\dataset\images\vf_00497_play_triangle_asset_1efd56983e8a2be7.png,play_triangle,0,1,0,0,0,0,0,test,content:asset_1efd56983e8a2be7,file_b4823dc6f44ed0e4,asset_1efd56983e8a2be7,vision_platform\ads\collections\reviewed_bbox_crops_20260718\crops\rb_000179.png,0
vision_platform\ads\pilot\visual_family_smoke_20260722\after_review\dataset\images\vf_00498_x_mark_asset_53beadffe200f55d.png,x_mark,1,0,0,0,0,0,0,train,content:asset_53beadffe200f55d,file_bda9a20f9fdf9501,asset_53beadffe200f55d,vision_platform\ads\collections\reviewed_bbox_crops_20260718\crops\rb_000180.png,0
vision_platform\ads\pilot\visual_family_smoke_20260722\after_review\dataset\images\vf_00499_got_asset_f8a2f617d0ab962b.png,got,0,0,0,0,0,1,0,val,content:asset_f8a2f617d0ab962b,file_9b5b5c10ec158498,asset_f8a2f617d0ab962b,vision_platform\ads\collections\reviewed_bbox_crops_20260718\crops\rb_000181.png,0
vision_platform\ads\pilot\visual_family_smoke_20260722\after_review\dataset\images\vf_00500_arrow_asset_9336f42fcea7e0b7.png,arrow,0,0,0,0,0,0,1,train,content:asset_9336f42fcea7e0b7,file_835c9ccfae3bc599,asset_9336f42fcea7e0b7,vision_platform\ads\collections\reviewed_bbox_crops_20260718\crops\rb_000182.png,0
vision_platform\ads\pilot\visual_family_smoke_20260722\after_review\dataset\images\vf_00501_arrow_asset_258dc7524dde6bfe.png,arrow,0,0,0,0,0,0,1,train,content:asset_258dc7524dde6bfe,file_b5862f5eee2bd34d,asset_258dc7524dde6bfe,vision_platform\ads\collections\reviewed_bbox_crops_20260718\crops\rb_000183.png,0
vision_platform\ads\pilot\visual_family_smoke_20260722\after_review\dataset\images\vf_00502_got_asset_47f3bd091a943bf3.png,got,0,0,0,0,0,1,0,train,content:asset_47f3bd091a943bf3,file_b2f2ca30e61e090b,asset_47f3bd091a943bf3,vision_platform\ads\collections\reviewed_bbox_crops_20260718\crops\rb_000184.png,0
vision_platform\ads\pilot\visual_family_smoke_20260722\after_review\dataset\images\vf_00503_play_triangle_asset_1efd56983e8a2be7.png,play_triangle,0,1,0,0,0,0,0,test,content:asset_1efd56983e8a2be7,file_115e03a023710f05,asset_1efd56983e8a2be7,vision_platform\ads\collections\reviewed_bbox_crops_20260718\crops\rb_000185.png,0
vision_platform\ads\pilot\visual_family_smoke_20260722\after_review\dataset\images\vf_00504_play_triangle_asset_1efd56983e8a2be7.png,play_triangle,0,1,0,0,0,0,0,test,content:asset_1efd56983e8a2be7,file_3a92591d77240c53,asset_1efd56983e8a2be7,vision_platform\ads\collections\reviewed_bbox_crops_20260718\crops\rb_000186.png,0
vision_platform\ads\pilot\visual_family_smoke_20260722\after_review\dataset\images\vf_00505_play_triangle_asset_1efd56983e8a2be7.png,play_triangle,0,1,0,0,0,0,0,test,content:asset_1efd56983e8a2be7,file_fd561f18831e0e67,asset_1efd56983e8a2be7,vision_platform\ads\collections\reviewed_bbox_crops_20260718\crops\rb_000187.png,0
vision_platform\ads\pilot\visual_family_smoke_20260722\after_review\dataset\images\vf_00506_arrow_asset_2814a8612c24914c.png,arrow,0,0,0,0,0,0,1,train,content:asset_2814a8612c24914c,file_5d85190da480ef0d,asset_2814a8612c24914c,vision_platform\ads\collections\reviewed_bbox_crops_20260718\crops\rb_000188.png,0
vision_platform\ads\pilot\visual_family_smoke_20260722\after_review\dataset\images\vf_00507_arrow_asset_ba06f6fe6e90bf35.png,arrow,0,0,0,0,0,0,1,train,content:asset_ba06f6fe6e90bf35,file_583d3e5f16175353,asset_ba06f6fe6e90bf35,vision_platform\ads\collections\reviewed_bbox_crops_20260718\crops\rb_000189.png,0
vision_platform\ads\pilot\visual_family_smoke_20260722\after_review\dataset\images\vf_00508_got_asset_e0f9b0b7ef47940a.png,got,0,0,0,0,0,1,0,test,content:asset_e0f9b0b7ef47940a,file_3ede1657ecbdcef2,asset_e0f9b0b7ef47940a,vision_platform\ads\collections\reviewed_bbox_crops_20260718\crops\rb_000190.png,0
vision_platform\ads\pilot\visual_family_smoke_20260722\after_review\dataset\images\vf_00509_free_asset_49fd2de5653947b4.png,free,0,0,0,0,1,0,0,test,content:asset_49fd2de5653947b4,file_ca66e278bf651e4f,asset_49fd2de5653947b4,vision_platform\ads\collections\reviewed_bbox_crops_20260718\crops\rb_000191.png,0
vision_platform\ads\pilot\visual_family_smoke_20260722\after_review\dataset\images\vf_00510_x_mark_asset_e803f75736766f83.png,x_mark,1,0,0,0,0,0,0,test,content:asset_e803f75736766f83,file_e1b144e2b6fdbd8c,asset_e803f75736766f83,vision_platform\ads\collections\reviewed_bbox_crops_20260718\crops\rb_000192.png,0
vision_platform\ads\pilot\visual_family_smoke_20260722\after_review\dataset\images\vf_00511_x_mark_asset_f10069120b58ccf9.png,x_mark,1,0,0,0,0,0,0,train,content:asset_f10069120b58ccf9,file_9f8b320edd27915b,asset_f10069120b58ccf9,vision_platform\ads\collections\reviewed_bbox_crops_20260718\crops\rb_000193.png,0
vision_platform\ads\pilot\visual_family_smoke_20260722\after_review\dataset\images\vf_00512_got_asset_6a1897f966d58730.png,got,0,0,0,0,0,1,0,train,content:asset_6a1897f966d58730,file_15ed11e405321cbb,asset_6a1897f966d58730,vision_platform\ads\collections\reviewed_bbox_crops_20260718\crops\rb_000194.png,0
vision_platform\ads\pilot\visual_family_smoke_20260722\after_review\dataset\images\vf_00513_play_triangle_asset_1efd56983e8a2be7.png,play_triangle,0,1,0,0,0,0,0,test,content:asset_1efd56983e8a2be7,file_ce53494f6714adf5,asset_1efd56983e8a2be7,vision_platform\ads\collections\reviewed_bbox_crops_20260718\crops\rb_000195.png,0
vision_platform\ads\pilot\visual_family_smoke_20260722\after_review\dataset\images\vf_00514_x_mark_asset_d63984efea65ebca.png,x_mark,1,0,0,0,0,0,0,train,content:asset_d63984efea65ebca,file_1da5901059e13361,asset_d63984efea65ebca,vision_platform\ads\collections\reviewed_bbox_crops_20260718\crops\rb_000196.png,0
vision_platform\ads\pilot\visual_family_smoke_20260722\after_review\dataset\images\vf_00515_got_asset_50b9da088c5bcf37.png,got,0,0,0,0,0,1,0,train,content:asset_50b9da088c5bcf37,file_9f8087f2af23b3fd,asset_50b9da088c5bcf37,vision_platform\ads\collections\reviewed_bbox_crops_20260718\crops\rb_000197.png,0
vision_platform\ads\pilot\visual_family_smoke_20260722\after_review\dataset\images\vf_00516_x_mark_asset_6788df1119bb2c5c.png,x_mark,1,0,0,0,0,0,0,val,content:asset_6788df1119bb2c5c,file_61a3dc2e4a8cfa70,asset_6788df1119bb2c5c,vision_platform\ads\collections\reviewed_bbox_crops_20260718\crops\rb_000198.png,0
vision_platform\ads\pilot\visual_family_smoke_20260722\after_review\dataset\images\vf_00517_got_asset_143988364bdc2b21.png,got,0,0,0,0,0,1,0,train,content:asset_143988364bdc2b21,file_cb84e9137d057526,asset_143988364bdc2b21,vision_platform\ads\collections\reviewed_bbox_crops_20260718\crops\rb_000199.png,0
vision_platform\ads\pilot\visual_family_smoke_20260722\after_review\dataset\images\vf_00518_play_triangle_asset_1efd56983e8a2be7.png,play_triangle,0,1,0,0,0,0,0,test,content:asset_1efd56983e8a2be7,file_dd31e9fdb34b187c,asset_1efd56983e8a2be7,vision_platform\ads\collections\reviewed_bbox_crops_20260718\crops\rb_000200.png,0
vision_platform\ads\pilot\visual_family_smoke_20260722\after_review\dataset\images\vf_00519_play_triangle_asset_713d9bd8585df68b.png,play_triangle,0,1,0,0,0,0,0,test,content:asset_713d9bd8585df68b,file_b3d3d941c081f532,asset_713d9bd8585df68b,vision_platform\ads\collections\reviewed_bbox_crops_20260718\crops\rb_000201.png,0
vision_platform\ads\pilot\visual_family_smoke_20260722\after_review\dataset\images\vf_00520_play_triangle_asset_93e074b680c4fe7b.png,play_triangle,0,1,0,0,0,0,0,train,content:asset_93e074b680c4fe7b,file_b3bac06a83836101,asset_93e074b680c4fe7b,vision_platform\ads\collections\reviewed_bbox_crops_20260718\crops\rb_000202.png,0
vision_platform\ads\pilot\visual_family_smoke_20260722\after_review\dataset\images\vf_00521_x_mark_asset_478ecdf953e4df35.png,x_mark,1,0,0,0,0,0,0,train,content:asset_478ecdf953e4df35,file_3902cd5c61e2e3d9,asset_478ecdf953e4df35,vision_platform\ads\collections\reviewed_bbox_crops_20260718\crops\rb_000203.png,0
vision_platform\ads\pilot\visual_family_smoke_20260722\after_review\dataset\images\vf_00522_got_asset_486695bef386ffa5.png,got,0,0,0,0,0,1,0,train,content:asset_486695bef386ffa5,file_fb5bc0ac494902be,asset_486695bef386ffa5,vision_platform\ads\collections\reviewed_bbox_crops_20260718\crops\rb_000204.png,0
vision_platform\ads\pilot\visual_family_smoke_20260722\after_review\dataset\images\vf_00523_play_triangle_asset_1efd56983e8a2be7.png,play_triangle,0,1,0,0,0,0,0,test,content:asset_1efd56983e8a2be7,file_fbc2a984e4331e81,asset_1efd56983e8a2be7,vision_platform\ads\collections\reviewed_bbox_crops_20260718\crops\rb_000205.png,0
vision_platform\ads\pilot\visual_family_smoke_20260722\after_review\dataset\images\vf_00524_x_mark_asset_975338eb7abf4fba.png,x_mark,1,0,0,0,0,0,0,val,content:asset_975338eb7abf4fba,file_b07faf42176367f9,asset_975338eb7abf4fba,vision_platform\ads\collections\reviewed_bbox_crops_20260718\crops\rb_000206.png,0
vision_platform\ads\pilot\visual_family_smoke_20260722\after_review\dataset\images\vf_00525_got_asset_b5cde0641e1ee893.png,got,0,0,0,0,0,1,0,train,content:asset_b5cde0641e1ee893,file_16878dce41e29742,asset_b5cde0641e1ee893,vision_platform\ads\collections\reviewed_bbox_crops_20260718\crops\rb_000207.png,0
vision_platform\ads\pilot\visual_family_smoke_20260722\after_review\dataset\images\vf_00526_play_triangle_asset_1efd56983e8a2be7.png,play_triangle,0,1,0,0,0,0,0,test,content:asset_1efd56983e8a2be7,file_9ce824a936b14908,asset_1efd56983e8a2be7,vision_platform\ads\collections\reviewed_bbox_crops_20260718\crops\rb_000208.png,0
vision_platform\ads\pilot\visual_family_smoke_20260722\after_review\dataset\images\vf_00527_x_mark_asset_f2256dfcb0dd71f5.png,x_mark,1,0,0,0,0,0,0,train,content:asset_f2256dfcb0dd71f5,file_1874c0dc9d5aed2f,asset_f2256dfcb0dd71f5,vision_platform\ads\collections\reviewed_bbox_crops_20260718\crops\rb_000209.png,0
vision_platform\ads\pilot\visual_family_smoke_20260722\after_review\dataset\images\vf_00528_got_asset_eb80e032b6bb67fd.png,got,0,0,0,0,0,1,0,train,content:asset_eb80e032b6bb67fd,file_b3f523ebdbe8e2f7,asset_eb80e032b6bb67fd,vision_platform\ads\collections\reviewed_bbox_crops_20260718\crops\rb_000210.png,0
vision_platform\ads\pilot\visual_family_smoke_20260722\after_review\dataset\images\vf_00529_play_triangle_asset_1efd56983e8a2be7.png,play_triangle,0,1,0,0,0,0,0,test,content:asset_1efd56983e8a2be7,file_2b4197b760048f71,asset_1efd56983e8a2be7,vision_platform\ads\collections\reviewed_bbox_crops_20260718\crops\rb_000211.png,0
vision_platform\ads\pilot\visual_family_smoke_20260722\after_review\dataset\images\vf_00530_x_mark_asset_f100a9014b2156a1.png,x_mark,1,0,0,0,0,0,0,test,content:asset_f100a9014b2156a1,file_be3dbd3a49dbb80b,asset_f100a9014b2156a1,vision_platform\ads\collections\reviewed_bbox_crops_20260718\crops\rb_000212.png,0
vision_platform\ads\pilot\visual_family_smoke_20260722\after_review\dataset\images\vf_00531_got_asset_c90cef604d9a9e87.png,got,0,0,0,0,0,1,0,train,content:asset_c90cef604d9a9e87,file_4ac6ad712fdb4326,asset_c90cef604d9a9e87,vision_platform\ads\collections\reviewed_bbox_crops_20260718\crops\rb_000213.png,0
vision_platform\ads\pilot\visual_family_smoke_20260722\after_review\dataset\images\vf_00532_play_triangle_asset_1efd56983e8a2be7.png,play_triangle,0,1,0,0,0,0,0,test,content:asset_1efd56983e8a2be7,file_72f90d930172782c,asset_1efd56983e8a2be7,vision_platform\ads\collections\reviewed_bbox_crops_20260718\crops\rb_000214.png,0
vision_platform\ads\pilot\visual_family_smoke_20260722\after_review\dataset\images\vf_00533_x_mark_asset_8fefe8e7dd3bc984.png,x_mark,1,0,0,0,0,0,0,val,content:asset_8fefe8e7dd3bc984,file_22bf5b878c6cd933,asset_8fefe8e7dd3bc984,vision_platform\ads\collections\reviewed_bbox_crops_20260718\crops\rb_000215.png,0
vision_platform\ads\pilot\visual_family_smoke_20260722\after_review\dataset\images\vf_00534_got_asset_12023eeb7ab4d73e.png,got,0,0,0,0,0,1,0,test,content:asset_12023eeb7ab4d73e,file_81e7be3ca6f94501,asset_12023eeb7ab4d73e,vision_platform\ads\collections\reviewed_bbox_crops_20260718\crops\rb_000216.png,0
vision_platform\ads\pilot\visual_family_smoke_20260722\after_review\dataset\images\vf_00535_play_triangle_asset_1efd56983e8a2be7.png,play_triangle,0,1,0,0,0,0,0,test,content:asset_1efd56983e8a2be7,file_52ffc09e92218b8f,asset_1efd56983e8a2be7,vision_platform\ads\collections\reviewed_bbox_crops_20260718\crops\rb_000217.png,0
vision_platform\ads\pilot\visual_family_smoke_20260722\after_review\dataset\images\vf_00536_x_mark_asset_653791f50f2b86dc.png,x_mark,1,0,0,0,0,0,0,train,content:asset_653791f50f2b86dc,file_c2dfd098db422abf,asset_653791f50f2b86dc,vision_platform\ads\collections\reviewed_bbox_crops_20260718\crops\rb_000218.png,0
vision_platform\ads\pilot\visual_family_smoke_20260722\after_review\dataset\images\vf_00537_got_asset_8cb8d384f6e20cfc.png,got,0,0,0,0,0,1,0,train,content:asset_8cb8d384f6e20cfc,file_c85aeae53940063e,asset_8cb8d384f6e20cfc,vision_platform\ads\collections\reviewed_bbox_crops_20260718\crops\rb_000219.png,0
vision_platform\ads\pilot\visual_family_smoke_20260722\after_review\dataset\images\vf_00538_play_triangle_asset_1efd56983e8a2be7.png,play_triangle,0,1,0,0,0,0,0,test,content:asset_1efd56983e8a2be7,file_9c06f3d6e135662e,asset_1efd56983e8a2be7,vision_platform\ads\collections\reviewed_bbox_crops_20260718\crops\rb_000220.png,0
vision_platform\ads\pilot\visual_family_smoke_20260722\after_review\dataset\images\vf_00539_x_mark_asset_1be0e923216efebf.png,x_mark,1,0,0,0,0,0,0,train,content:asset_1be0e923216efebf,file_46f0b380dca37893,asset_1be0e923216efebf,vision_platform\ads\collections\reviewed_bbox_crops_20260718\crops\rb_000221.png,0
vision_platform\ads\pilot\visual_family_smoke_20260722\after_review\dataset\images\vf_00540_got_asset_566f3a1f4cc1ad7a.png,got,0,0,0,0,0,1,0,train,content:asset_566f3a1f4cc1ad7a,file_9e30707abe11bb25,asset_566f3a1f4cc1ad7a,vision_platform\ads\collections\reviewed_bbox_crops_20260718\crops\rb_000222.png,0
vision_platform\ads\pilot\visual_family_smoke_20260722\after_review\dataset\images\vf_00541_negative_asset_9ef01bef87a3d333.png,negative,0,0,0,0,0,0,0,train,content:asset_9ef01bef87a3d333,file_2fc3a9ed2d1cc0ce,asset_9ef01bef87a3d333,vision_platform\ads\hard_negative_mining\batch_visual_negative_20260714\crops\hn_000001.png,1
vision_platform\ads\pilot\visual_family_smoke_20260722\after_review\dataset\images\vf_00542_negative_asset_65cc9e2d3cc62a1d.png,negative,0,0,0,0,0,0,0,train,content:asset_65cc9e2d3cc62a1d,file_57401242f424b4a2,asset_65cc9e2d3cc62a1d,vision_platform\ads\hard_negative_mining\batch_visual_negative_20260714\crops\hn_000002.png,0
vision_platform\ads\pilot\visual_family_smoke_20260722\after_review\dataset\images\vf_00543_negative_asset_f703784b8bad0962.png,negative,0,0,0,0,0,0,0,train,content:asset_f703784b8bad0962,file_ef6dd82a38374174,asset_f703784b8bad0962,vision_platform\ads\hard_negative_mining\batch_visual_negative_20260714\crops\hn_000003.png,0
vision_platform\ads\pilot\visual_family_smoke_20260722\after_review\dataset\images\vf_00544_negative_asset_c4b1d06f64941bee.png,negative,0,0,0,0,0,0,0,test,content:asset_c4b1d06f64941bee,file_8895534f960cc6e7,asset_c4b1d06f64941bee,vision_platform\ads\hard_negative_mining\batch_visual_negative_20260714\crops\hn_000004.png,0
vision_platform\ads\pilot\visual_family_smoke_20260722\after_review\dataset\images\vf_00545_negative_asset_fdadcb641f60e884.png,negative,0,0,0,0,0,0,0,train,content:asset_fdadcb641f60e884,file_6a5161c71a32c6b7,asset_fdadcb641f60e884,vision_platform\ads\hard_negative_mining\batch_visual_negative_20260714\crops\hn_000005.png,0
vision_platform\ads\pilot\visual_family_smoke_20260722\after_review\dataset\images\vf_00546_negative_asset_f3cb07eb8f4577f4.png,negative,0,0,0,0,0,0,0,test,content:asset_f3cb07eb8f4577f4,file_5bcdf62e3bf89a46,asset_f3cb07eb8f4577f4,vision_platform\ads\hard_negative_mining\batch_visual_negative_20260714\crops\hn_000006.png,0
vision_platform\ads\pilot\visual_family_smoke_20260722\after_review\dataset\images\vf_00547_negative_asset_c57aae3a08359e62.png,negative,0,0,0,0,0,0,0,train,content:asset_c57aae3a08359e62,file_17615f1425fe431c,asset_c57aae3a08359e62,vision_platform\ads\hard_negative_mining\batch_visual_negative_20260714\crops\hn_000007.png,0
vision_platform\ads\pilot\visual_family_smoke_20260722\after_review\dataset\images\vf_00548_negative_asset_8f3fcae0780b0cfe.png,negative,0,0,0,0,0,0,0,train,content:asset_8f3fcae0780b0cfe,file_c4c5631f81aeefa4,asset_8f3fcae0780b0cfe,vision_platform\ads\hard_negative_mining\batch_visual_negative_20260714\crops\hn_000008.png,0
vision_platform\ads\pilot\visual_family_smoke_20260722\after_review\dataset\images\vf_00549_negative_asset_9caf5ab24f607598.png,negative,0,0,0,0,0,0,0,train,content:asset_9caf5ab24f607598,file_db2ad48c17bed1f1,asset_9caf5ab24f607598,vision_platform\ads\hard_negative_mining\batch_visual_negative_20260714\crops\hn_000009.png,0
vision_platform\ads\pilot\visual_family_smoke_20260722\after_review\dataset\images\vf_00550_negative_asset_1a994fa8378a22c0.png,negative,0,0,0,0,0,0,0,test,content:asset_1a994fa8378a22c0,file_93c02eda10619bbd,asset_1a994fa8378a22c0,vision_platform\ads\hard_negative_mining\batch_visual_negative_20260714\crops\hn_000010.png,0
vision_platform\ads\pilot\visual_family_smoke_20260722\after_review\dataset\images\vf_00551_negative_asset_c4122a982de9a90e.png,negative,0,0,0,0,0,0,0,test,content:asset_c4122a982de9a90e,file_3db4225af3c2a5f6,asset_c4122a982de9a90e,vision_platform\ads\hard_negative_mining\batch_visual_negative_20260714\crops\hn_000011.png,0
vision_platform\ads\pilot\visual_family_smoke_20260722\after_review\dataset\images\vf_00552_negative_asset_1f946a8ce72adc26.png,negative,0,0,0,0,0,0,0,train,content:asset_1f946a8ce72adc26,file_781dab6275915c1e,asset_1f946a8ce72adc26,vision_platform\ads\hard_negative_mining\batch_visual_negative_20260714\crops\hn_000012.png,0
vision_platform\ads\pilot\visual_family_smoke_20260722\after_review\dataset\images\vf_00553_negative_asset_5c7da141b3190365.png,negative,0,0,0,0,0,0,0,test,content:asset_5c7da141b3190365,file_d74f97b8c2648eb5,asset_5c7da141b3190365,vision_platform\ads\hard_negative_mining\batch_visual_negative_20260714\crops\hn_000013.png,0
vision_platform\ads\pilot\visual_family_smoke_20260722\after_review\dataset\images\vf_00554_negative_asset_b316731cbc49378b.png,negative,0,0,0,0,0,0,0,train,content:asset_b316731cbc49378b,file_97b304b76c37fe08,asset_b316731cbc49378b,vision_platform\ads\hard_negative_mining\batch_visual_negative_20260714\crops\hn_000014.png,0
vision_platform\ads\pilot\visual_family_smoke_20260722\after_review\dataset\images\vf_00555_negative_asset_f9e617def8b67fd8.png,negative,0,0,0,0,0,0,0,train,content:asset_f9e617def8b67fd8,file_de52281548d367de,asset_f9e617def8b67fd8,vision_platform\ads\hard_negative_mining\batch_visual_negative_20260714\crops\hn_000015.png,0
vision_platform\ads\pilot\visual_family_smoke_20260722\after_review\dataset\images\vf_00556_negative_asset_9caf5ab24f607598.png,negative,0,0,0,0,0,0,0,train,content:asset_9caf5ab24f607598,file_c06def07fb59b315,asset_9caf5ab24f607598,vision_platform\ads\hard_negative_mining\batch_visual_negative_20260714\crops\hn_000016.png,0
vision_platform\ads\pilot\visual_family_smoke_20260722\after_review\dataset\images\vf_00557_negative_asset_1a994fa8378a22c0.png,negative,0,0,0,0,0,0,0,test,content:asset_1a994fa8378a22c0,file_588595de6585c1d3,asset_1a994fa8378a22c0,vision_platform\ads\hard_negative_mining\batch_visual_negative_20260714\crops\hn_000017.png,0
vision_platform\ads\pilot\visual_family_smoke_20260722\after_review\dataset\images\vf_00558_negative_asset_c4122a982de9a90e.png,negative,0,0,0,0,0,0,0,test,content:asset_c4122a982de9a90e,file_175b79e8cf0b3ba1,asset_c4122a982de9a90e,vision_platform\ads\hard_negative_mining\batch_visual_negative_20260714\crops\hn_000018.png,0
vision_platform\ads\pilot\visual_family_smoke_20260722\after_review\dataset\images\vf_00559_negative_asset_1f946a8ce72adc26.png,negative,0,0,0,0,0,0,0,train,content:asset_1f946a8ce72adc26,file_8f7e692306bf90ab,asset_1f946a8ce72adc26,vision_platform\ads\hard_negative_mining\batch_visual_negative_20260714\crops\hn_000019.png,0
vision_platform\ads\pilot\visual_family_smoke_20260722\after_review\dataset\images\vf_00560_negative_asset_f81ecda33da0bb23.png,negative,0,0,0,0,0,0,0,train,content:asset_f81ecda33da0bb23,file_8802eaf1fb45aa90,asset_f81ecda33da0bb23,vision_platform\ads\hard_negative_mining\batch_visual_negative_20260714\crops\hn_000020.png,0
vision_platform\ads\pilot\visual_family_smoke_20260722\after_review\dataset\images\vf_00561_negative_asset_5c7da141b3190365.png,negative,0,0,0,0,0,0,0,test,content:asset_5c7da141b3190365,file_b2b2c93294c9c1c3,asset_5c7da141b3190365,vision_platform\ads\hard_negative_mining\batch_visual_negative_20260714\crops\hn_000021.png,0
vision_platform\ads\pilot\visual_family_smoke_20260722\after_review\dataset\images\vf_00562_negative_asset_f9e617def8b67fd8.png,negative,0,0,0,0,0,0,0,train,content:asset_f9e617def8b67fd8,file_9de25ef3fe3134c6,asset_f9e617def8b67fd8,vision_platform\ads\hard_negative_mining\batch_visual_negative_20260714\crops\hn_000022.png,0
vision_platform\ads\pilot\visual_family_smoke_20260722\after_review\dataset\images\vf_00563_negative_asset_9caf5ab24f607598.png,negative,0,0,0,0,0,0,0,train,content:asset_9caf5ab24f607598,file_01126979cba8737e,asset_9caf5ab24f607598,vision_platform\ads\hard_negative_mining\batch_visual_negative_20260714\crops\hn_000023.png,0
vision_platform\ads\pilot\visual_family_smoke_20260722\after_review\dataset\images\vf_00564_negative_asset_1a994fa8378a22c0.png,negative,0,0,0,0,0,0,0,test,content:asset_1a994fa8378a22c0,file_6ab1cc717dba5c31,asset_1a994fa8378a22c0,vision_platform\ads\hard_negative_mining\batch_visual_negative_20260714\crops\hn_000024.png,0
vision_platform\ads\pilot\visual_family_smoke_20260722\after_review\dataset\images\vf_00565_negative_asset_c4122a982de9a90e.png,negative,0,0,0,0,0,0,0,test,content:asset_c4122a982de9a90e,file_076c81932eedab90,asset_c4122a982de9a90e,vision_platform\ads\hard_negative_mining\batch_visual_negative_20260714\crops\hn_000025.png,0
vision_platform\ads\pilot\visual_family_smoke_20260722\after_review\dataset\images\vf_00566_negative_asset_1f946a8ce72adc26.png,negative,0,0,0,0,0,0,0,train,content:asset_1f946a8ce72adc26,file_ea133383d1ab3df1,asset_1f946a8ce72adc26,vision_platform\ads\hard_negative_mining\batch_visual_negative_20260714\crops\hn_000026.png,0
vision_platform\ads\pilot\visual_family_smoke_20260722\after_review\dataset\images\vf_00567_negative_asset_f81ecda33da0bb23.png,negative,0,0,0,0,0,0,0,train,content:asset_f81ecda33da0bb23,file_c4338234b637e366,asset_f81ecda33da0bb23,vision_platform\ads\hard_negative_mining\batch_visual_negative_20260714\crops\hn_000027.png,0
vision_platform\ads\pilot\visual_family_smoke_20260722\after_review\dataset\images\vf_00568_negative_asset_5c7da141b3190365.png,negative,0,0,0,0,0,0,0,test,content:asset_5c7da141b3190365,file_dd3c98148a782065,asset_5c7da141b3190365,vision_platform\ads\hard_negative_mining\batch_visual_negative_20260714\crops\hn_000028.png,0
vision_platform\ads\pilot\visual_family_smoke_20260722\after_review\dataset\images\vf_00569_negative_asset_b12a5682aa09c91e.png,negative,0,0,0,0,0,0,0,test,content:asset_b12a5682aa09c91e,file_5927b2275fe6b028,asset_b12a5682aa09c91e,vision_platform\ads\hard_negative_mining\batch_visual_negative_20260714\crops\hn_000029.png,0
vision_platform\ads\pilot\visual_family_smoke_20260722\after_review\dataset\images\vf_00570_negative_asset_1355d96717c8cd0d.png,negative,0,0,0,0,0,0,0,train,content:asset_1355d96717c8cd0d,file_1b66dc3515ba6eee,asset_1355d96717c8cd0d,vision_platform\ads\hard_negative_mining\batch_visual_negative_20260714\crops\hn_000030.png,1
vision_platform\ads\pilot\visual_family_smoke_20260722\after_review\dataset\images\vf_00571_negative_asset_8c262e1166404354.png,negative,0,0,0,0,0,0,0,train,content:asset_8c262e1166404354,file_57651dce8b6dfae0,asset_8c262e1166404354,vision_platform\ads\hard_negative_mining\batch_visual_negative_20260714\crops\hn_000031.png,0
vision_platform\ads\pilot\visual_family_smoke_20260722\after_review\dataset\images\vf_00572_negative_asset_5d603996821c6630.png,negative,0,0,0,0,0,0,0,train,content:asset_5d603996821c6630,file_1cf54b14ff42df31,asset_5d603996821c6630,vision_platform\ads\hard_negative_mining\batch_visual_negative_20260714\crops\hn_000032.png,0
vision_platform\ads\pilot\visual_family_smoke_20260722\after_review\dataset\images\vf_00573_negative_asset_1b7294ee603b113e.png,negative,0,0,0,0,0,0,0,val,content:asset_1b7294ee603b113e,file_3b61165f5f216c4e,asset_1b7294ee603b113e,vision_platform\ads\hard_negative_mining\batch_visual_negative_20260714\crops\hn_000033.png,0
vision_platform\ads\pilot\visual_family_smoke_20260722\after_review\dataset\images\vf_00574_negative_asset_b12a5682aa09c91e.png,negative,0,0,0,0,0,0,0,test,content:asset_b12a5682aa09c91e,file_0c31879aa195e3f0,asset_b12a5682aa09c91e,vision_platform\ads\hard_negative_mining\batch_visual_negative_20260714\crops\hn_000034.png,0
vision_platform\ads\pilot\visual_family_smoke_20260722\after_review\dataset\images\vf_00575_negative_asset_1355d96717c8cd0d.png,negative,0,0,0,0,0,0,0,train,content:asset_1355d96717c8cd0d,file_5990fed2f5a1fb53,asset_1355d96717c8cd0d,vision_platform\ads\hard_negative_mining\batch_visual_negative_20260714\crops\hn_000035.png,1
vision_platform\ads\pilot\visual_family_smoke_20260722\after_review\dataset\images\vf_00576_negative_asset_8c262e1166404354.png,negative,0,0,0,0,0,0,0,train,content:asset_8c262e1166404354,file_a0876abc21fe9a51,asset_8c262e1166404354,vision_platform\ads\hard_negative_mining\batch_visual_negative_20260714\crops\hn_000036.png,0
vision_platform\ads\pilot\visual_family_smoke_20260722\after_review\dataset\images\vf_00577_negative_asset_5d603996821c6630.png,negative,0,0,0,0,0,0,0,train,content:asset_5d603996821c6630,file_aacf30a9c60d6200,asset_5d603996821c6630,vision_platform\ads\hard_negative_mining\batch_visual_negative_20260714\crops\hn_000037.png,0
vision_platform\ads\pilot\visual_family_smoke_20260722\after_review\dataset\images\vf_00578_negative_asset_1b7294ee603b113e.png,negative,0,0,0,0,0,0,0,val,content:asset_1b7294ee603b113e,file_554b1bc9a5c92103,asset_1b7294ee603b113e,vision_platform\ads\hard_negative_mining\batch_visual_negative_20260714\crops\hn_000038.png,0
vision_platform\ads\pilot\visual_family_smoke_20260722\after_review\dataset\images\vf_00579_negative_asset_65cc9e2d3cc62a1d.png,negative,0,0,0,0,0,0,0,train,content:asset_65cc9e2d3cc62a1d,file_35c4cddec2f869ba,asset_65cc9e2d3cc62a1d,vision_platform\ads\hard_negative_mining\batch_visual_negative_20260714\crops\hn_000039.png,0
vision_platform\ads\pilot\visual_family_smoke_20260722\after_review\dataset\images\vf_00580_negative_asset_ff45658ac3f6d47f.png,negative,0,0,0,0,0,0,0,train,content:asset_ff45658ac3f6d47f,file_7c4d1ca5c63cf524,asset_ff45658ac3f6d47f,vision_platform\ads\hard_negative_mining\batch_visual_negative_20260714\crops\hn_000040.png,0
vision_platform\ads\pilot\visual_family_smoke_20260722\after_review\dataset\images\vf_00581_negative_asset_57135a567751dc05.png,negative,0,0,0,0,0,0,0,train,content:asset_57135a567751dc05,file_a136e7cdf93d0b9a,asset_57135a567751dc05,vision_platform\ads\hard_negative_mining\batch_visual_negative_20260714\crops\hn_000041.png,0
vision_platform\ads\pilot\visual_family_smoke_20260722\after_review\dataset\images\vf_00582_negative_asset_c4b1d06f64941bee.png,negative,0,0,0,0,0,0,0,test,content:asset_c4b1d06f64941bee,file_77579c328a71dcb4,asset_c4b1d06f64941bee,vision_platform\ads\hard_negative_mining\batch_visual_negative_20260714\crops\hn_000042.png,0
vision_platform\ads\pilot\visual_family_smoke_20260722\after_review\dataset\images\vf_00583_negative_asset_15eafa6f6d0ede04.png,negative,0,0,0,0,0,0,0,train,content:asset_15eafa6f6d0ede04,file_4bf30da4820066e0,asset_15eafa6f6d0ede04,vision_platform\ads\hard_negative_mining\batch_visual_negative_20260714\crops\hn_000043.png,0
vision_platform\ads\pilot\visual_family_smoke_20260722\after_review\dataset\images\vf_00584_negative_asset_d3d58bb31753cc34.png,negative,0,0,0,0,0,0,0,train,content:asset_d3d58bb31753cc34,file_dee97dd1d6bf77b3,asset_d3d58bb31753cc34,vision_platform\ads\hard_negative_mining\batch_visual_negative_20260714\crops\hn_000044.png,0
vision_platform\ads\pilot\visual_family_smoke_20260722\after_review\dataset\images\vf_00585_negative_asset_f3cb07eb8f4577f4.png,negative,0,0,0,0,0,0,0,test,content:asset_f3cb07eb8f4577f4,file_4069012b1acc6b5d,asset_f3cb07eb8f4577f4,vision_platform\ads\hard_negative_mining\batch_visual_negative_20260714\crops\hn_000045.png,0
vision_platform\ads\pilot\visual_family_smoke_20260722\after_review\dataset\images\vf_00586_negative_asset_7dbafd1f3c70387c.png,negative,0,0,0,0,0,0,0,test,content:asset_7dbafd1f3c70387c,file_cef7d35edd121fde,asset_7dbafd1f3c70387c,vision_platform\ads\hard_negative_mining\batch_visual_negative_20260714\crops\hn_000046.png,0
vision_platform\ads\pilot\visual_family_smoke_20260722\after_review\dataset\images\vf_00587_negative_asset_65cc9e2d3cc62a1d.png,negative,0,0,0,0,0,0,0,train,content:asset_65cc9e2d3cc62a1d,file_3562153f6ee6816b,asset_65cc9e2d3cc62a1d,vision_platform\ads\hard_negative_mining\batch_visual_negative_20260714\crops\hn_000047.png,0
vision_platform\ads\pilot\visual_family_smoke_20260722\after_review\dataset\images\vf_00588_negative_asset_ff45658ac3f6d47f.png,negative,0,0,0,0,0,0,0,train,content:asset_ff45658ac3f6d47f,file_3d3dad5e5f58718e,asset_ff45658ac3f6d47f,vision_platform\ads\hard_negative_mining\batch_visual_negative_20260714\crops\hn_000048.png,0
vision_platform\ads\pilot\visual_family_smoke_20260722\after_review\dataset\images\vf_00589_negative_asset_57135a567751dc05.png,negative,0,0,0,0,0,0,0,train,content:asset_57135a567751dc05,file_f537681c43f38ecd,asset_57135a567751dc05,vision_platform\ads\hard_negative_mining\batch_visual_negative_20260714\crops\hn_000049.png,0
vision_platform\ads\pilot\visual_family_smoke_20260722\after_review\dataset\images\vf_00590_negative_asset_c4b1d06f64941bee.png,negative,0,0,0,0,0,0,0,test,content:asset_c4b1d06f64941bee,file_82e376bad20d77aa,asset_c4b1d06f64941bee,vision_platform\ads\hard_negative_mining\batch_visual_negative_20260714\crops\hn_000050.png,0
vision_platform\ads\pilot\visual_family_smoke_20260722\after_review\dataset\images\vf_00591_negative_asset_15eafa6f6d0ede04.png,negative,0,0,0,0,0,0,0,train,content:asset_15eafa6f6d0ede04,file_53b0e2ed15343d57,asset_15eafa6f6d0ede04,vision_platform\ads\hard_negative_mining\batch_visual_negative_20260714\crops\hn_000051.png,0
vision_platform\ads\pilot\visual_family_smoke_20260722\after_review\dataset\images\vf_00592_negative_asset_d3d58bb31753cc34.png,negative,0,0,0,0,0,0,0,train,content:asset_d3d58bb31753cc34,file_2140cbcf681e0811,asset_d3d58bb31753cc34,vision_platform\ads\hard_negative_mining\batch_visual_negative_20260714\crops\hn_000052.png,0
vision_platform\ads\pilot\visual_family_smoke_20260722\after_review\dataset\images\vf_00593_negative_asset_f3cb07eb8f4577f4.png,negative,0,0,0,0,0,0,0,test,content:asset_f3cb07eb8f4577f4,file_ebb2de5e2ff50fa2,asset_f3cb07eb8f4577f4,vision_platform\ads\hard_negative_mining\batch_visual_negative_20260714\crops\hn_000053.png,0
vision_platform\ads\pilot\visual_family_smoke_20260722\after_review\dataset\images\vf_00594_negative_asset_7dbafd1f3c70387c.png,negative,0,0,0,0,0,0,0,test,content:asset_7dbafd1f3c70387c,file_b704924adcde6ed5,asset_7dbafd1f3c70387c,vision_platform\ads\hard_negative_mining\batch_visual_negative_20260714\crops\hn_000054.png,0
vision_platform\ads\pilot\visual_family_smoke_20260722\after_review\dataset\images\vf_00595_negative_asset_b12a5682aa09c91e.png,negative,0,0,0,0,0,0,0,test,content:asset_b12a5682aa09c91e,file_86b133fa30fd6c41,asset_b12a5682aa09c91e,vision_platform\ads\hard_negative_mining\batch_visual_negative_20260714\crops\hn_000055.png,0
vision_platform\ads\pilot\visual_family_smoke_20260722\after_review\dataset\images\vf_00596_negative_asset_8c262e1166404354.png,negative,0,0,0,0,0,0,0,train,content:asset_8c262e1166404354,file_3ac302c6d43e5117,asset_8c262e1166404354,vision_platform\ads\hard_negative_mining\batch_visual_negative_20260714\crops\hn_000056.png,0
vision_platform\ads\pilot\visual_family_smoke_20260722\after_review\dataset\images\vf_00597_negative_asset_1b7294ee603b113e.png,negative,0,0,0,0,0,0,0,val,content:asset_1b7294ee603b113e,file_14ae45f8e1481e22,asset_1b7294ee603b113e,vision_platform\ads\hard_negative_mining\batch_visual_negative_20260714\crops\hn_000057.png,0
vision_platform\ads\pilot\visual_family_smoke_20260722\after_review\dataset\images\vf_00598_negative_asset_b12a5682aa09c91e.png,negative,0,0,0,0,0,0,0,test,content:asset_b12a5682aa09c91e,file_edb0f98cb6fd6e04,asset_b12a5682aa09c91e,vision_platform\ads\hard_negative_mining\batch_visual_negative_20260714\crops\hn_000058.png,0
vision_platform\ads\pilot\visual_family_smoke_20260722\after_review\dataset\images\vf_00599_negative_asset_8c262e1166404354.png,negative,0,0,0,0,0,0,0,train,content:asset_8c262e1166404354,file_cbec02b93dd678f1,asset_8c262e1166404354,vision_platform\ads\hard_negative_mining\batch_visual_negative_20260714\crops\hn_000059.png,0
vision_platform\ads\pilot\visual_family_smoke_20260722\after_review\dataset\images\vf_00600_negative_asset_1b7294ee603b113e.png,negative,0,0,0,0,0,0,0,val,content:asset_1b7294ee603b113e,file_d156d0c750a9771e,asset_1b7294ee603b113e,vision_platform\ads\hard_negative_mining\batch_visual_negative_20260714\crops\hn_000060.png,0
vision_platform\ads\pilot\visual_family_smoke_20260722\after_review\dataset\images\vf_00601_negative_asset_b12a5682aa09c91e.png,negative,0,0,0,0,0,0,0,test,content:asset_b12a5682aa09c91e,file_c7763df60785de6e,asset_b12a5682aa09c91e,vision_platform\ads\hard_negative_mining\batch_visual_negative_20260714\crops\hn_000061.png,0
vision_platform\ads\pilot\visual_family_smoke_20260722\after_review\dataset\images\vf_00602_negative_asset_8c262e1166404354.png,negative,0,0,0,0,0,0,0,train,content:asset_8c262e1166404354,file_9ee22410531af077,asset_8c262e1166404354,vision_platform\ads\hard_negative_mining\batch_visual_negative_20260714\crops\hn_000062.png,0
vision_platform\ads\pilot\visual_family_smoke_20260722\after_review\dataset\images\vf_00603_negative_asset_1b7294ee603b113e.png,negative,0,0,0,0,0,0,0,val,content:asset_1b7294ee603b113e,file_36c1bf147da7bc5f,asset_1b7294ee603b113e,vision_platform\ads\hard_negative_mining\batch_visual_negative_20260714\crops\hn_000063.png,0
vision_platform\ads\pilot\visual_family_smoke_20260722\after_review\dataset\images\vf_00604_negative_asset_b12a5682aa09c91e.png,negative,0,0,0,0,0,0,0,test,content:asset_b12a5682aa09c91e,file_c2ebeb47dad68ba0,asset_b12a5682aa09c91e,vision_platform\ads\hard_negative_mining\batch_visual_negative_20260714\crops\hn_000064.png,0
vision_platform\ads\pilot\visual_family_smoke_20260722\after_review\dataset\images\vf_00605_negative_asset_8c262e1166404354.png,negative,0,0,0,0,0,0,0,train,content:asset_8c262e1166404354,file_825a6a6922119f42,asset_8c262e1166404354,vision_platform\ads\hard_negative_mining\batch_visual_negative_20260714\crops\hn_000065.png,0
vision_platform\ads\pilot\visual_family_smoke_20260722\after_review\dataset\images\vf_00606_negative_asset_1b7294ee603b113e.png,negative,0,0,0,0,0,0,0,val,content:asset_1b7294ee603b113e,file_2787c0d61d2d6b25,asset_1b7294ee603b113e,vision_platform\ads\hard_negative_mining\batch_visual_negative_20260714\crops\hn_000066.png,0
vision_platform\ads\pilot\visual_family_smoke_20260722\after_review\dataset\images\vf_00607_negative_asset_b12a5682aa09c91e.png,negative,0,0,0,0,0,0,0,test,content:asset_b12a5682aa09c91e,file_41a69b70891740ee,asset_b12a5682aa09c91e,vision_platform\ads\hard_negative_mining\batch_visual_negative_20260714\crops\hn_000067.png,0
vision_platform\ads\pilot\visual_family_smoke_20260722\after_review\dataset\images\vf_00608_negative_asset_ec162651eac5be89.png,negative,0,0,0,0,0,0,0,train,content:asset_ec162651eac5be89,file_8fde2b87f72c11a8,asset_ec162651eac5be89,vision_platform\ads\hard_negative_mining\batch_visual_negative_20260714\crops\hn_000068.png,0
vision_platform\ads\pilot\visual_family_smoke_20260722\after_review\dataset\images\vf_00609_negative_asset_8c262e1166404354.png,negative,0,0,0,0,0,0,0,train,content:asset_8c262e1166404354,file_96ccdb7da1fb2cc5,asset_8c262e1166404354,vision_platform\ads\hard_negative_mining\batch_visual_negative_20260714\crops\hn_000069.png,0
vision_platform\ads\pilot\visual_family_smoke_20260722\after_review\dataset\images\vf_00610_negative_asset_1b7294ee603b113e.png,negative,0,0,0,0,0,0,0,val,content:asset_1b7294ee603b113e,file_e3e85b4d69b2ceab,asset_1b7294ee603b113e,vision_platform\ads\hard_negative_mining\batch_visual_negative_20260714\crops\hn_000070.png,0
vision_platform\ads\pilot\visual_family_smoke_20260722\after_review\dataset\images\vf_00611_negative_asset_b12a5682aa09c91e.png,negative,0,0,0,0,0,0,0,test,content:asset_b12a5682aa09c91e,file_d423207beac7a5e7,asset_b12a5682aa09c91e,vision_platform\ads\hard_negative_mining\batch_visual_negative_20260714\crops\hn_000071.png,0
vision_platform\ads\pilot\visual_family_smoke_20260722\after_review\dataset\images\vf_00612_negative_asset_ec162651eac5be89.png,negative,0,0,0,0,0,0,0,train,content:asset_ec162651eac5be89,file_6b0b2c2bad786833,asset_ec162651eac5be89,vision_platform\ads\hard_negative_mining\batch_visual_negative_20260714\crops\hn_000072.png,0
vision_platform\ads\pilot\visual_family_smoke_20260722\after_review\dataset\images\vf_00613_negative_asset_8c262e1166404354.png,negative,0,0,0,0,0,0,0,train,content:asset_8c262e1166404354,file_f582673f0fc215e5,asset_8c262e1166404354,vision_platform\ads\hard_negative_mining\batch_visual_negative_20260714\crops\hn_000073.png,0
vision_platform\ads\pilot\visual_family_smoke_20260722\after_review\dataset\images\vf_00614_negative_asset_1b7294ee603b113e.png,negative,0,0,0,0,0,0,0,val,content:asset_1b7294ee603b113e,file_e9df8a8c540656ea,asset_1b7294ee603b113e,vision_platform\ads\hard_negative_mining\batch_visual_negative_20260714\crops\hn_000074.png,0
vision_platform\ads\pilot\visual_family_smoke_20260722\after_review\dataset\images\vf_00615_negative_asset_b12a5682aa09c91e.png,negative,0,0,0,0,0,0,0,test,content:asset_b12a5682aa09c91e,file_a41a37944b4279ca,asset_b12a5682aa09c91e,vision_platform\ads\hard_negative_mining\batch_visual_negative_20260714\crops\hn_000075.png,0
vision_platform\ads\pilot\visual_family_smoke_20260722\after_review\dataset\images\vf_00616_negative_asset_bb4b02cf564b91a0.png,negative,0,0,0,0,0,0,0,test,content:asset_bb4b02cf564b91a0,file_d0df01cd0a067dd9,asset_bb4b02cf564b91a0,vision_platform\ads\hard_negative_mining\batch_visual_negative_20260714\crops\hn_000076.png,0
vision_platform\ads\pilot\visual_family_smoke_20260722\after_review\dataset\images\vf_00617_negative_asset_8c262e1166404354.png,negative,0,0,0,0,0,0,0,train,content:asset_8c262e1166404354,file_a19dd677fd9102df,asset_8c262e1166404354,vision_platform\ads\hard_negative_mining\batch_visual_negative_20260714\crops\hn_000077.png,0
vision_platform\ads\pilot\visual_family_smoke_20260722\after_review\dataset\images\vf_00618_negative_asset_1b7294ee603b113e.png,negative,0,0,0,0,0,0,0,val,content:asset_1b7294ee603b113e,file_fade7875c2957e57,asset_1b7294ee603b113e,vision_platform\ads\hard_negative_mining\batch_visual_negative_20260714\crops\hn_000078.png,0
vision_platform\ads\pilot\visual_family_smoke_20260722\after_review\dataset\images\vf_00619_negative_asset_b12a5682aa09c91e.png,negative,0,0,0,0,0,0,0,test,content:asset_b12a5682aa09c91e,file_0e99e5dee81cc26e,asset_b12a5682aa09c91e,vision_platform\ads\hard_negative_mining\batch_visual_negative_20260714\crops\hn_000079.png,0
vision_platform\ads\pilot\visual_family_smoke_20260722\after_review\dataset\images\vf_00620_negative_asset_bb4b02cf564b91a0.png,negative,0,0,0,0,0,0,0,test,content:asset_bb4b02cf564b91a0,file_3b277852af639228,asset_bb4b02cf564b91a0,vision_platform\ads\hard_negative_mining\batch_visual_negative_20260714\crops\hn_000080.png,0
vision_platform\ads\pilot\visual_family_smoke_20260722\after_review\dataset\images\vf_00621_negative_asset_8c262e1166404354.png,negative,0,0,0,0,0,0,0,train,content:asset_8c262e1166404354,file_0cc7bdeb374610a2,asset_8c262e1166404354,vision_platform\ads\hard_negative_mining\batch_visual_negative_20260714\crops\hn_000081.png,0
vision_platform\ads\pilot\visual_family_smoke_20260722\after_review\dataset\images\vf_00622_negative_asset_1b7294ee603b113e.png,negative,0,0,0,0,0,0,0,val,content:asset_1b7294ee603b113e,file_f7904b0a29960395,asset_1b7294ee603b113e,vision_platform\ads\hard_negative_mining\batch_visual_negative_20260714\crops\hn_000082.png,0
vision_platform\ads\pilot\visual_family_smoke_20260722\after_review\dataset\images\vf_00623_negative_asset_174aee514009a28f.png,negative,0,0,0,0,0,0,0,train,content:asset_174aee514009a28f,file_f9deab7f8c73ec70,asset_174aee514009a28f,vision_platform\ads\hard_negative_mining\batch_visual_negative_20260714\crops\hn_000083.png,0
vision_platform\ads\pilot\visual_family_smoke_20260722\after_review\dataset\images\vf_00624_negative_asset_837bff722f31b610.png,negative,0,0,0,0,0,0,0,val,content:asset_837bff722f31b610,file_fd520d40f4131be2,asset_837bff722f31b610,vision_platform\ads\hard_negative_mining\batch_visual_negative_20260714\crops\hn_000084.png,0
vision_platform\ads\pilot\visual_family_smoke_20260722\after_review\dataset\images\vf_00625_negative_asset_b12a5682aa09c91e.png,negative,0,0,0,0,0,0,0,test,content:asset_b12a5682aa09c91e,file_006dc0cd7e6a2748,asset_b12a5682aa09c91e,vision_platform\ads\hard_negative_mining\batch_visual_negative_20260714\crops\hn_000085.png,0
vision_platform\ads\pilot\visual_family_smoke_20260722\after_review\dataset\images\vf_00626_negative_asset_8c262e1166404354.png,negative,0,0,0,0,0,0,0,train,content:asset_8c262e1166404354,file_cba2be08f25e8169,asset_8c262e1166404354,vision_platform\ads\hard_negative_mining\batch_visual_negative_20260714\crops\hn_000086.png,0
vision_platform\ads\pilot\visual_family_smoke_20260722\after_review\dataset\images\vf_00627_negative_asset_1b7294ee603b113e.png,negative,0,0,0,0,0,0,0,val,content:asset_1b7294ee603b113e,file_f81e759ab65ae25b,asset_1b7294ee603b113e,vision_platform\ads\hard_negative_mining\batch_visual_negative_20260714\crops\hn_000087.png,0
vision_platform\ads\pilot\visual_family_smoke_20260722\after_review\dataset\images\vf_00628_negative_asset_e8ac08fad72b20fe.png,negative,0,0,0,0,0,0,0,train,content:asset_e8ac08fad72b20fe,file_457ac1ddb6881616,asset_e8ac08fad72b20fe,vision_platform\ads\hard_negative_mining\batch_visual_negative_20260714\crops\hn_000088.png,0
vision_platform\ads\pilot\visual_family_smoke_20260722\after_review\dataset\images\vf_00629_negative_asset_174aee514009a28f.png,negative,0,0,0,0,0,0,0,train,content:asset_174aee514009a28f,file_c3463cd8ae7c660d,asset_174aee514009a28f,vision_platform\ads\hard_negative_mining\batch_visual_negative_20260714\crops\hn_000089.png,0
vision_platform\ads\pilot\visual_family_smoke_20260722\after_review\dataset\images\vf_00630_negative_asset_837bff722f31b610.png,negative,0,0,0,0,0,0,0,val,content:asset_837bff722f31b610,file_dbcb265eba29993b,asset_837bff722f31b610,vision_platform\ads\hard_negative_mining\batch_visual_negative_20260714\crops\hn_000090.png,0
vision_platform\ads\pilot\visual_family_smoke_20260722\after_review\dataset\images\vf_00631_negative_asset_b12a5682aa09c91e.png,negative,0,0,0,0,0,0,0,test,content:asset_b12a5682aa09c91e,file_695c3c1ef348092a,asset_b12a5682aa09c91e,vision_platform\ads\hard_negative_mining\batch_visual_negative_20260714\crops\hn_000091.png,0
vision_platform\ads\pilot\visual_family_smoke_20260722\after_review\dataset\images\vf_00632_negative_asset_8c262e1166404354.png,negative,0,0,0,0,0,0,0,train,content:asset_8c262e1166404354,file_7f27ffa773aef556,asset_8c262e1166404354,vision_platform\ads\hard_negative_mining\batch_visual_negative_20260714\crops\hn_000092.png,0
vision_platform\ads\pilot\visual_family_smoke_20260722\after_review\dataset\images\vf_00633_negative_asset_1b7294ee603b113e.png,negative,0,0,0,0,0,0,0,val,content:asset_1b7294ee603b113e,file_7fdce7573dab9648,asset_1b7294ee603b113e,vision_platform\ads\hard_negative_mining\batch_visual_negative_20260714\crops\hn_000093.png,0
vision_platform\ads\pilot\visual_family_smoke_20260722\after_review\dataset\images\vf_00634_negative_asset_e8ac08fad72b20fe.png,negative,0,0,0,0,0,0,0,train,content:asset_e8ac08fad72b20fe,file_bc8ab7e4e2cc4964,asset_e8ac08fad72b20fe,vision_platform\ads\hard_negative_mining\batch_visual_negative_20260714\crops\hn_000094.png,0
vision_platform\ads\pilot\visual_family_smoke_20260722\after_review\dataset\images\vf_00635_negative_asset_f14eaa139fee0700.png,negative,0,0,0,0,0,0,0,train,content:asset_f14eaa139fee0700,file_0c688db3ebec9938,asset_f14eaa139fee0700,vision_platform\ads\hard_negative_mining\batch_visual_negative_20260714\crops\hn_000095.png,0
vision_platform\ads\pilot\visual_family_smoke_20260722\after_review\dataset\images\vf_00636_negative_asset_f2a64e7a54229a2f.png,negative,0,0,0,0,0,0,0,train,content:asset_f2a64e7a54229a2f,file_f313e8d4aac4c0e1,asset_f2a64e7a54229a2f,vision_platform\ads\hard_negative_mining\batch_visual_negative_20260714\crops\hn_000096.png,0
vision_platform\ads\pilot\visual_family_smoke_20260722\after_review\dataset\images\vf_00637_negative_asset_3923391b1d1e587f.png,negative,0,0,0,0,0,0,0,val,content:asset_3923391b1d1e587f,file_237379616c0d1905,asset_3923391b1d1e587f,vision_platform\ads\hard_negative_mining\batch_visual_negative_20260714\crops\hn_000097.png,0
vision_platform\ads\pilot\visual_family_smoke_20260722\after_review\dataset\images\vf_00638_negative_asset_e6942eb5f668e9d2.png,negative,0,0,0,0,0,0,0,train,content:asset_e6942eb5f668e9d2,file_49b5980abcd08419,asset_e6942eb5f668e9d2,vision_platform\ads\hard_negative_mining\batch_visual_negative_20260714\crops\hn_000098.png,0
vision_platform\ads\pilot\visual_family_smoke_20260722\after_review\dataset\images\vf_00639_negative_asset_61ace4d4577f3ed5.png,negative,0,0,0,0,0,0,0,train,content:asset_61ace4d4577f3ed5,file_47aaa112972b8011,asset_61ace4d4577f3ed5,vision_platform\ads\hard_negative_mining\batch_visual_negative_20260714\crops\hn_000099.png,0
vision_platform\ads\pilot\visual_family_smoke_20260722\after_review\dataset\images\vf_00640_negative_asset_43fe88c6c4bce1c6.png,negative,0,0,0,0,0,0,0,train,content:asset_43fe88c6c4bce1c6,file_34fc384718e3ce03,asset_43fe88c6c4bce1c6,vision_platform\ads\hard_negative_mining\batch_visual_negative_20260714\crops\hn_000100.png,0
vision_platform\ads\pilot\visual_family_smoke_20260722\after_review\dataset\images\vf_00641_negative_asset_bcdf8f34d4b084e9.png,negative,0,0,0,0,0,0,0,test,content:asset_bcdf8f34d4b084e9,file_b81c100b14362558,asset_bcdf8f34d4b084e9,vision_platform\ads\hard_negative_mining\batch_visual_negative_20260714\crops\hn_000101.png,0
vision_platform\ads\pilot\visual_family_smoke_20260722\after_review\dataset\images\vf_00642_negative_asset_9a21504bfdc8a637.png,negative,0,0,0,0,0,0,0,train,content:asset_9a21504bfdc8a637,file_c985084a0210cad2,asset_9a21504bfdc8a637,vision_platform\ads\hard_negative_mining\batch_visual_negative_20260714\crops\hn_000102.png,0
vision_platform\ads\pilot\visual_family_smoke_20260722\after_review\dataset\images\vf_00643_negative_asset_4b3beb342e8fa6de.png,negative,0,0,0,0,0,0,0,train,content:asset_4b3beb342e8fa6de,file_58ee23aedd9071e4,asset_4b3beb342e8fa6de,vision_platform\ads\hard_negative_mining\batch_visual_negative_20260714\crops\hn_000103.png,0
vision_platform\ads\pilot\visual_family_smoke_20260722\after_review\dataset\images\vf_00644_negative_asset_f4b8bc6ea9acf79e.png,negative,0,0,0,0,0,0,0,train,content:asset_f4b8bc6ea9acf79e,file_4d29a62939b3ad5d,asset_f4b8bc6ea9acf79e,vision_platform\ads\hard_negative_mining\batch_visual_negative_20260714\crops\hn_000104.png,0
vision_platform\ads\pilot\visual_family_smoke_20260722\after_review\dataset\images\vf_00645_negative_asset_f14eaa139fee0700.png,negative,0,0,0,0,0,0,0,train,content:asset_f14eaa139fee0700,file_d47a5f5ab8d12df5,asset_f14eaa139fee0700,vision_platform\ads\hard_negative_mining\batch_visual_negative_20260714\crops\hn_000105.png,0
vision_platform\ads\pilot\visual_family_smoke_20260722\after_review\dataset\images\vf_00646_negative_asset_f2a64e7a54229a2f.png,negative,0,0,0,0,0,0,0,train,content:asset_f2a64e7a54229a2f,file_5199f25af52a83a9,asset_f2a64e7a54229a2f,vision_platform\ads\hard_negative_mining\batch_visual_negative_20260714\crops\hn_000106.png,0
vision_platform\ads\pilot\visual_family_smoke_20260722\after_review\dataset\images\vf_00647_negative_asset_3923391b1d1e587f.png,negative,0,0,0,0,0,0,0,val,content:asset_3923391b1d1e587f,file_ea36c55dafc694af,asset_3923391b1d1e587f,vision_platform\ads\hard_negative_mining\batch_visual_negative_20260714\crops\hn_000107.png,0
vision_platform\ads\pilot\visual_family_smoke_20260722\after_review\dataset\images\vf_00648_negative_asset_e6942eb5f668e9d2.png,negative,0,0,0,0,0,0,0,train,content:asset_e6942eb5f668e9d2,file_305c3aecdc4efb65,asset_e6942eb5f668e9d2,vision_platform\ads\hard_negative_mining\batch_visual_negative_20260714\crops\hn_000108.png,0
vision_platform\ads\pilot\visual_family_smoke_20260722\after_review\dataset\images\vf_00649_negative_asset_61ace4d4577f3ed5.png,negative,0,0,0,0,0,0,0,train,content:asset_61ace4d4577f3ed5,file_aff08e380188dbff,asset_61ace4d4577f3ed5,vision_platform\ads\hard_negative_mining\batch_visual_negative_20260714\crops\hn_000109.png,0
vision_platform\ads\pilot\visual_family_smoke_20260722\after_review\dataset\images\vf_00650_negative_asset_43fe88c6c4bce1c6.png,negative,0,0,0,0,0,0,0,train,content:asset_43fe88c6c4bce1c6,file_e7dffd2bfd5c61f7,asset_43fe88c6c4bce1c6,vision_platform\ads\hard_negative_mining\batch_visual_negative_20260714\crops\hn_000110.png,0
vision_platform\ads\pilot\visual_family_smoke_20260722\after_review\dataset\images\vf_00651_negative_asset_bcdf8f34d4b084e9.png,negative,0,0,0,0,0,0,0,test,content:asset_bcdf8f34d4b084e9,file_5a84b2466aca71a8,asset_bcdf8f34d4b084e9,vision_platform\ads\hard_negative_mining\batch_visual_negative_20260714\crops\hn_000111.png,0
vision_platform\ads\pilot\visual_family_smoke_20260722\after_review\dataset\images\vf_00652_negative_asset_9a21504bfdc8a637.png,negative,0,0,0,0,0,0,0,train,content:asset_9a21504bfdc8a637,file_eb97e04156b07340,asset_9a21504bfdc8a637,vision_platform\ads\hard_negative_mining\batch_visual_negative_20260714\crops\hn_000112.png,0
vision_platform\ads\pilot\visual_family_smoke_20260722\after_review\dataset\images\vf_00653_negative_asset_4b3beb342e8fa6de.png,negative,0,0,0,0,0,0,0,train,content:asset_4b3beb342e8fa6de,file_4a4b92ba6d86b275,asset_4b3beb342e8fa6de,vision_platform\ads\hard_negative_mining\batch_visual_negative_20260714\crops\hn_000113.png,0
vision_platform\ads\pilot\visual_family_smoke_20260722\after_review\dataset\images\vf_00654_negative_asset_f4b8bc6ea9acf79e.png,negative,0,0,0,0,0,0,0,train,content:asset_f4b8bc6ea9acf79e,file_978c4afeb656a050,asset_f4b8bc6ea9acf79e,vision_platform\ads\hard_negative_mining\batch_visual_negative_20260714\crops\hn_000114.png,0
vision_platform\ads\pilot\visual_family_smoke_20260722\after_review\dataset\images\vf_00655_negative_asset_f14eaa139fee0700.png,negative,0,0,0,0,0,0,0,train,content:asset_f14eaa139fee0700,file_66b315df38e51663,asset_f14eaa139fee0700,vision_platform\ads\hard_negative_mining\batch_visual_negative_20260714\crops\hn_000115.png,0
vision_platform\ads\pilot\visual_family_smoke_20260722\after_review\dataset\images\vf_00656_negative_asset_f2a64e7a54229a2f.png,negative,0,0,0,0,0,0,0,train,content:asset_f2a64e7a54229a2f,file_d4939a10fdad342d,asset_f2a64e7a54229a2f,vision_platform\ads\hard_negative_mining\batch_visual_negative_20260714\crops\hn_000116.png,0
vision_platform\ads\pilot\visual_family_smoke_20260722\after_review\dataset\images\vf_00657_negative_asset_3923391b1d1e587f.png,negative,0,0,0,0,0,0,0,val,content:asset_3923391b1d1e587f,file_95d3391cbfb54ed7,asset_3923391b1d1e587f,vision_platform\ads\hard_negative_mining\batch_visual_negative_20260714\crops\hn_000117.png,0
vision_platform\ads\pilot\visual_family_smoke_20260722\after_review\dataset\images\vf_00658_negative_asset_e6942eb5f668e9d2.png,negative,0,0,0,0,0,0,0,train,content:asset_e6942eb5f668e9d2,file_b65228f9b633c7f4,asset_e6942eb5f668e9d2,vision_platform\ads\hard_negative_mining\batch_visual_negative_20260714\crops\hn_000118.png,0
vision_platform\ads\pilot\visual_family_smoke_20260722\after_review\dataset\images\vf_00659_negative_asset_61ace4d4577f3ed5.png,negative,0,0,0,0,0,0,0,train,content:asset_61ace4d4577f3ed5,file_d941b1c1bccbe4b6,asset_61ace4d4577f3ed5,vision_platform\ads\hard_negative_mining\batch_visual_negative_20260714\crops\hn_000119.png,0
vision_platform\ads\pilot\visual_family_smoke_20260722\after_review\dataset\images\vf_00660_negative_asset_43fe88c6c4bce1c6.png,negative,0,0,0,0,0,0,0,train,content:asset_43fe88c6c4bce1c6,file_d9d98446107981f2,asset_43fe88c6c4bce1c6,vision_platform\ads\hard_negative_mining\batch_visual_negative_20260714\crops\hn_000120.png,0
vision_platform\ads\pilot\visual_family_smoke_20260722\after_review\dataset\images\vf_00661_negative_asset_bcdf8f34d4b084e9.png,negative,0,0,0,0,0,0,0,test,content:asset_bcdf8f34d4b084e9,file_a9894437e18f462b,asset_bcdf8f34d4b084e9,vision_platform\ads\hard_negative_mining\batch_visual_negative_20260714\crops\hn_000121.png,0
vision_platform\ads\pilot\visual_family_smoke_20260722\after_review\dataset\images\vf_00662_negative_asset_9a21504bfdc8a637.png,negative,0,0,0,0,0,0,0,train,content:asset_9a21504bfdc8a637,file_82a7ea42c32a8a02,asset_9a21504bfdc8a637,vision_platform\ads\hard_negative_mining\batch_visual_negative_20260714\crops\hn_000122.png,0
vision_platform\ads\pilot\visual_family_smoke_20260722\after_review\dataset\images\vf_00663_negative_asset_4b3beb342e8fa6de.png,negative,0,0,0,0,0,0,0,train,content:asset_4b3beb342e8fa6de,file_0523fe87270bc37f,asset_4b3beb342e8fa6de,vision_platform\ads\hard_negative_mining\batch_visual_negative_20260714\crops\hn_000123.png,0
vision_platform\ads\pilot\visual_family_smoke_20260722\after_review\dataset\images\vf_00664_negative_asset_f4b8bc6ea9acf79e.png,negative,0,0,0,0,0,0,0,train,content:asset_f4b8bc6ea9acf79e,file_da95932bd97ef1eb,asset_f4b8bc6ea9acf79e,vision_platform\ads\hard_negative_mining\batch_visual_negative_20260714\crops\hn_000124.png,0
vision_platform\ads\pilot\visual_family_smoke_20260722\after_review\dataset\images\vf_00665_negative_asset_f14eaa139fee0700.png,negative,0,0,0,0,0,0,0,train,content:asset_f14eaa139fee0700,file_b0656e3d26f3995b,asset_f14eaa139fee0700,vision_platform\ads\hard_negative_mining\batch_visual_negative_20260714\crops\hn_000125.png,0
vision_platform\ads\pilot\visual_family_smoke_20260722\after_review\dataset\images\vf_00666_negative_asset_f2a64e7a54229a2f.png,negative,0,0,0,0,0,0,0,train,content:asset_f2a64e7a54229a2f,file_f6abc5c1147d7e82,asset_f2a64e7a54229a2f,vision_platform\ads\hard_negative_mining\batch_visual_negative_20260714\crops\hn_000126.png,0
vision_platform\ads\pilot\visual_family_smoke_20260722\after_review\dataset\images\vf_00667_negative_asset_3923391b1d1e587f.png,negative,0,0,0,0,0,0,0,val,content:asset_3923391b1d1e587f,file_2d0ebecb1c9b0433,asset_3923391b1d1e587f,vision_platform\ads\hard_negative_mining\batch_visual_negative_20260714\crops\hn_000127.png,0
vision_platform\ads\pilot\visual_family_smoke_20260722\after_review\dataset\images\vf_00668_negative_asset_e6942eb5f668e9d2.png,negative,0,0,0,0,0,0,0,train,content:asset_e6942eb5f668e9d2,file_ca17576ab141ef55,asset_e6942eb5f668e9d2,vision_platform\ads\hard_negative_mining\batch_visual_negative_20260714\crops\hn_000128.png,0
vision_platform\ads\pilot\visual_family_smoke_20260722\after_review\dataset\images\vf_00669_negative_asset_61ace4d4577f3ed5.png,negative,0,0,0,0,0,0,0,train,content:asset_61ace4d4577f3ed5,file_4e528020dcadbd86,asset_61ace4d4577f3ed5,vision_platform\ads\hard_negative_mining\batch_visual_negative_20260714\crops\hn_000129.png,0
vision_platform\ads\pilot\visual_family_smoke_20260722\after_review\dataset\images\vf_00670_negative_asset_43fe88c6c4bce1c6.png,negative,0,0,0,0,0,0,0,train,content:asset_43fe88c6c4bce1c6,file_68901308f42e8e4d,asset_43fe88c6c4bce1c6,vision_platform\ads\hard_negative_mining\batch_visual_negative_20260714\crops\hn_000130.png,0
vision_platform\ads\pilot\visual_family_smoke_20260722\after_review\dataset\images\vf_00671_negative_asset_bcdf8f34d4b084e9.png,negative,0,0,0,0,0,0,0,test,content:asset_bcdf8f34d4b084e9,file_ac47b1ff0ec5def0,asset_bcdf8f34d4b084e9,vision_platform\ads\hard_negative_mining\batch_visual_negative_20260714\crops\hn_000131.png,0
vision_platform\ads\pilot\visual_family_smoke_20260722\after_review\dataset\images\vf_00672_negative_asset_9a21504bfdc8a637.png,negative,0,0,0,0,0,0,0,train,content:asset_9a21504bfdc8a637,file_44effa25f057c9db,asset_9a21504bfdc8a637,vision_platform\ads\hard_negative_mining\batch_visual_negative_20260714\crops\hn_000132.png,0
vision_platform\ads\pilot\visual_family_smoke_20260722\after_review\dataset\images\vf_00673_negative_asset_4b3beb342e8fa6de.png,negative,0,0,0,0,0,0,0,train,content:asset_4b3beb342e8fa6de,file_8882b44a097dcce9,asset_4b3beb342e8fa6de,vision_platform\ads\hard_negative_mining\batch_visual_negative_20260714\crops\hn_000133.png,0
vision_platform\ads\pilot\visual_family_smoke_20260722\after_review\dataset\images\vf_00674_negative_asset_f4b8bc6ea9acf79e.png,negative,0,0,0,0,0,0,0,train,content:asset_f4b8bc6ea9acf79e,file_edcf0f64eb55ef57,asset_f4b8bc6ea9acf79e,vision_platform\ads\hard_negative_mining\batch_visual_negative_20260714\crops\hn_000134.png,0
vision_platform\ads\pilot\visual_family_smoke_20260722\after_review\dataset\images\vf_00675_negative_asset_2dd12bfcf07023a6.png,negative,0,0,0,0,0,0,0,train,content:asset_2dd12bfcf07023a6,file_ce83c86447928e4c,asset_2dd12bfcf07023a6,vision_platform\ads\hard_negative_mining\batch_visual_negative_20260714\crops\hn_000135.png,0
vision_platform\ads\pilot\visual_family_smoke_20260722\after_review\dataset\images\vf_00676_negative_asset_51ac9c7f114cd623.png,negative,0,0,0,0,0,0,0,test,content:asset_51ac9c7f114cd623,file_4957b6fcc6f8b0e7,asset_51ac9c7f114cd623,vision_platform\ads\hard_negative_mining\batch_visual_negative_20260714\crops\hn_000136.png,0
vision_platform\ads\pilot\visual_family_smoke_20260722\after_review\dataset\images\vf_00677_negative_asset_d30b5d3b349008b2.png,negative,0,0,0,0,0,0,0,train,content:asset_d30b5d3b349008b2,file_a8aaffec5ace5590,asset_d30b5d3b349008b2,vision_platform\ads\hard_negative_mining\batch_visual_negative_20260714\crops\hn_000137.png,1
vision_platform\ads\pilot\visual_family_smoke_20260722\after_review\dataset\images\vf_00678_negative_asset_1fcd71d7d284530d.png,negative,0,0,0,0,0,0,0,val,content:asset_1fcd71d7d284530d,file_3a5570f81fc9c248,asset_1fcd71d7d284530d,vision_platform\ads\hard_negative_mining\batch_visual_negative_20260714\crops\hn_000138.png,0
vision_platform\ads\pilot\visual_family_smoke_20260722\after_review\dataset\images\vf_00679_negative_asset_2dd12bfcf07023a6.png,negative,0,0,0,0,0,0,0,train,content:asset_2dd12bfcf07023a6,file_ec421cc01b4c1cd0,asset_2dd12bfcf07023a6,vision_platform\ads\hard_negative_mining\batch_visual_negative_20260714\crops\hn_000139.png,0
vision_platform\ads\pilot\visual_family_smoke_20260722\after_review\dataset\images\vf_00680_negative_asset_51ac9c7f114cd623.png,negative,0,0,0,0,0,0,0,test,content:asset_51ac9c7f114cd623,file_4fdfe101678a182d,asset_51ac9c7f114cd623,vision_platform\ads\hard_negative_mining\batch_visual_negative_20260714\crops\hn_000140.png,0
vision_platform\ads\pilot\visual_family_smoke_20260722\after_review\dataset\images\vf_00681_negative_asset_d30b5d3b349008b2.png,negative,0,0,0,0,0,0,0,train,content:asset_d30b5d3b349008b2,file_67e22b67ffdb6d58,asset_d30b5d3b349008b2,vision_platform\ads\hard_negative_mining\batch_visual_negative_20260714\crops\hn_000141.png,1
vision_platform\ads\pilot\visual_family_smoke_20260722\after_review\dataset\images\vf_00682_negative_asset_1fcd71d7d284530d.png,negative,0,0,0,0,0,0,0,val,content:asset_1fcd71d7d284530d,file_d76317d3ee9ef67d,asset_1fcd71d7d284530d,vision_platform\ads\hard_negative_mining\batch_visual_negative_20260714\crops\hn_000142.png,0
vision_platform\ads\pilot\visual_family_smoke_20260722\after_review\dataset\images\vf_00683_negative_asset_2dd12bfcf07023a6.png,negative,0,0,0,0,0,0,0,train,content:asset_2dd12bfcf07023a6,file_f593997f7321a3d6,asset_2dd12bfcf07023a6,vision_platform\ads\hard_negative_mining\batch_visual_negative_20260714\crops\hn_000143.png,0
vision_platform\ads\pilot\visual_family_smoke_20260722\after_review\dataset\images\vf_00684_negative_asset_51ac9c7f114cd623.png,negative,0,0,0,0,0,0,0,test,content:asset_51ac9c7f114cd623,file_481e275b576cf756,asset_51ac9c7f114cd623,vision_platform\ads\hard_negative_mining\batch_visual_negative_20260714\crops\hn_000144.png,0
vision_platform\ads\pilot\visual_family_smoke_20260722\after_review\dataset\images\vf_00685_negative_asset_d30b5d3b349008b2.png,negative,0,0,0,0,0,0,0,train,content:asset_d30b5d3b349008b2,file_2c0d23f19bece0c6,asset_d30b5d3b349008b2,vision_platform\ads\hard_negative_mining\batch_visual_negative_20260714\crops\hn_000145.png,1
vision_platform\ads\pilot\visual_family_smoke_20260722\after_review\dataset\images\vf_00686_negative_asset_1fcd71d7d284530d.png,negative,0,0,0,0,0,0,0,val,content:asset_1fcd71d7d284530d,file_e6de0581d28b0f9d,asset_1fcd71d7d284530d,vision_platform\ads\hard_negative_mining\batch_visual_negative_20260714\crops\hn_000146.png,0
vision_platform\ads\pilot\visual_family_smoke_20260722\after_review\dataset\images\vf_00687_negative_asset_2dd12bfcf07023a6.png,negative,0,0,0,0,0,0,0,train,content:asset_2dd12bfcf07023a6,file_14b3e6c5478f7cc7,asset_2dd12bfcf07023a6,vision_platform\ads\hard_negative_mining\batch_visual_negative_20260714\crops\hn_000147.png,0
vision_platform\ads\pilot\visual_family_smoke_20260722\after_review\dataset\images\vf_00688_negative_asset_51ac9c7f114cd623.png,negative,0,0,0,0,0,0,0,test,content:asset_51ac9c7f114cd623,file_e8bbb84d7e4dd137,asset_51ac9c7f114cd623,vision_platform\ads\hard_negative_mining\batch_visual_negative_20260714\crops\hn_000148.png,0
vision_platform\ads\pilot\visual_family_smoke_20260722\after_review\dataset\images\vf_00689_negative_asset_d30b5d3b349008b2.png,negative,0,0,0,0,0,0,0,train,content:asset_d30b5d3b349008b2,file_3486060ad0e8ad4f,asset_d30b5d3b349008b2,vision_platform\ads\hard_negative_mining\batch_visual_negative_20260714\crops\hn_000149.png,1
vision_platform\ads\pilot\visual_family_smoke_20260722\after_review\dataset\images\vf_00690_negative_asset_1fcd71d7d284530d.png,negative,0,0,0,0,0,0,0,val,content:asset_1fcd71d7d284530d,file_27c30e35a37ed113,asset_1fcd71d7d284530d,vision_platform\ads\hard_negative_mining\batch_visual_negative_20260714\crops\hn_000150.png,0
vision_platform\ads\pilot\visual_family_smoke_20260722\after_review\dataset\images\vf_00691_negative_asset_2dd12bfcf07023a6.png,negative,0,0,0,0,0,0,0,train,content:asset_2dd12bfcf07023a6,file_d2d203c752c00eb3,asset_2dd12bfcf07023a6,vision_platform\ads\hard_negative_mining\batch_visual_negative_20260714\crops\hn_000151.png,0
vision_platform\ads\pilot\visual_family_smoke_20260722\after_review\dataset\images\vf_00692_negative_asset_51ac9c7f114cd623.png,negative,0,0,0,0,0,0,0,test,content:asset_51ac9c7f114cd623,file_75df405a834176a1,asset_51ac9c7f114cd623,vision_platform\ads\hard_negative_mining\batch_visual_negative_20260714\crops\hn_000152.png,0
vision_platform\ads\pilot\visual_family_smoke_20260722\after_review\dataset\images\vf_00693_negative_asset_d30b5d3b349008b2.png,negative,0,0,0,0,0,0,0,train,content:asset_d30b5d3b349008b2,file_d6b89e850c393744,asset_d30b5d3b349008b2,vision_platform\ads\hard_negative_mining\batch_visual_negative_20260714\crops\hn_000153.png,1
vision_platform\ads\pilot\visual_family_smoke_20260722\after_review\dataset\images\vf_00694_negative_asset_1fcd71d7d284530d.png,negative,0,0,0,0,0,0,0,val,content:asset_1fcd71d7d284530d,file_5f857e1aa27bce11,asset_1fcd71d7d284530d,vision_platform\ads\hard_negative_mining\batch_visual_negative_20260714\crops\hn_000154.png,0
vision_platform\ads\pilot\visual_family_smoke_20260722\after_review\dataset\images\vf_00695_negative_asset_2dd12bfcf07023a6.png,negative,0,0,0,0,0,0,0,train,content:asset_2dd12bfcf07023a6,file_ca44191e7a178460,asset_2dd12bfcf07023a6,vision_platform\ads\hard_negative_mining\batch_visual_negative_20260714\crops\hn_000155.png,0
vision_platform\ads\pilot\visual_family_smoke_20260722\after_review\dataset\images\vf_00696_negative_asset_51ac9c7f114cd623.png,negative,0,0,0,0,0,0,0,test,content:asset_51ac9c7f114cd623,file_590bdf578da8149e,asset_51ac9c7f114cd623,vision_platform\ads\hard_negative_mining\batch_visual_negative_20260714\crops\hn_000156.png,0
vision_platform\ads\pilot\visual_family_smoke_20260722\after_review\dataset\images\vf_00697_negative_asset_d30b5d3b349008b2.png,negative,0,0,0,0,0,0,0,train,content:asset_d30b5d3b349008b2,file_d24f52806af63653,asset_d30b5d3b349008b2,vision_platform\ads\hard_negative_mining\batch_visual_negative_20260714\crops\hn_000157.png,1
vision_platform\ads\pilot\visual_family_smoke_20260722\after_review\dataset\images\vf_00698_negative_asset_1fcd71d7d284530d.png,negative,0,0,0,0,0,0,0,val,content:asset_1fcd71d7d284530d,file_21f617d7d1be5ae6,asset_1fcd71d7d284530d,vision_platform\ads\hard_negative_mining\batch_visual_negative_20260714\crops\hn_000158.png,0
vision_platform\ads\pilot\visual_family_smoke_20260722\after_review\dataset\images\vf_00699_negative_asset_505dc525203b5c2d.png,negative,0,0,0,0,0,0,0,train,content:asset_505dc525203b5c2d,file_f16f1d9bd35c1d13,asset_505dc525203b5c2d,vision_platform\ads\hard_negative_mining\batch_visual_negative_20260714\crops\hn_000159.png,0
vision_platform\ads\pilot\visual_family_smoke_20260722\after_review\dataset\images\vf_00700_negative_asset_505dc525203b5c2d.png,negative,0,0,0,0,0,0,0,train,content:asset_505dc525203b5c2d,file_6b2bb1ae8b36b008,asset_505dc525203b5c2d,vision_platform\ads\hard_negative_mining\batch_visual_negative_20260714\crops\hn_000160.png,0
vision_platform\ads\pilot\visual_family_smoke_20260722\after_review\dataset\images\vf_00701_negative_asset_b11bd236a49a8aef.png,negative,0,0,0,0,0,0,0,train,content:asset_b11bd236a49a8aef,file_71fbf9a40b8206f3,asset_b11bd236a49a8aef,vision_platform\ads\hard_negative_mining\batch_visual_negative_20260714\crops\hn_000161.png,0
vision_platform\ads\pilot\visual_family_smoke_20260722\after_review\dataset\images\vf_00702_negative_asset_e3c0d48aa2618c3a.png,negative,0,0,0,0,0,0,0,train,content:asset_e3c0d48aa2618c3a,file_7a7a231f69dd9a5b,asset_e3c0d48aa2618c3a,vision_platform\ads\hard_negative_mining\batch_visual_negative_20260714\crops\hn_000162.png,0
vision_platform\ads\pilot\visual_family_smoke_20260722\after_review\dataset\images\vf_00703_negative_asset_0484d75c3ab7de13.png,negative,0,0,0,0,0,0,0,train,content:asset_0484d75c3ab7de13,file_a91fc91ddb328e3b,asset_0484d75c3ab7de13,vision_platform\ads\hard_negative_mining\batch_visual_negative_20260714\crops\hn_000163.png,0
vision_platform\ads\pilot\visual_family_smoke_20260722\after_review\dataset\images\vf_00704_negative_asset_d2399a87090a92c0.png,negative,0,0,0,0,0,0,0,test,content:asset_d2399a87090a92c0,file_b9778a231a995e84,asset_d2399a87090a92c0,vision_platform\ads\hard_negative_mining\batch_visual_negative_20260714\crops\hn_000164.png,0
vision_platform\ads\pilot\visual_family_smoke_20260722\after_review\dataset\images\vf_00705_negative_asset_629df8034a49a412.png,negative,0,0,0,0,0,0,0,train,content:asset_629df8034a49a412,file_2152bb9248937d0c,asset_629df8034a49a412,vision_platform\ads\hard_negative_mining\batch_visual_negative_20260714\crops\hn_000165.png,0
vision_platform\ads\pilot\visual_family_smoke_20260722\after_review\dataset\images\vf_00706_negative_asset_2810ab1fe8d79b9a.png,negative,0,0,0,0,0,0,0,train,content:asset_2810ab1fe8d79b9a,file_8a621205f5bfab19,asset_2810ab1fe8d79b9a,vision_platform\ads\hard_negative_mining\batch_visual_negative_20260714\crops\hn_000166.png,0
vision_platform\ads\pilot\visual_family_smoke_20260722\after_review\dataset\images\vf_00707_negative_asset_4a4e5f6e92faf280.png,negative,0,0,0,0,0,0,0,train,content:asset_4a4e5f6e92faf280,file_a26a7c5b3c28a388,asset_4a4e5f6e92faf280,vision_platform\ads\hard_negative_mining\batch_visual_negative_20260714\crops\hn_000167.png,0
vision_platform\ads\pilot\visual_family_smoke_20260722\after_review\dataset\images\vf_00708_negative_asset_5a9b1ded37fe9835.png,negative,0,0,0,0,0,0,0,train,content:asset_5a9b1ded37fe9835,file_7763e2d8217a144b,asset_5a9b1ded37fe9835,vision_platform\ads\hard_negative_mining\batch_visual_negative_20260714\crops\hn_000168.png,0
vision_platform\ads\pilot\visual_family_smoke_20260722\after_review\dataset\images\vf_00709_negative_asset_b11bd236a49a8aef.png,negative,0,0,0,0,0,0,0,train,content:asset_b11bd236a49a8aef,file_30d184c655f7e4f3,asset_b11bd236a49a8aef,vision_platform\ads\hard_negative_mining\batch_visual_negative_20260714\crops\hn_000169.png,0
vision_platform\ads\pilot\visual_family_smoke_20260722\after_review\dataset\images\vf_00710_negative_asset_e3c0d48aa2618c3a.png,negative,0,0,0,0,0,0,0,train,content:asset_e3c0d48aa2618c3a,file_e22c76d349a35064,asset_e3c0d48aa2618c3a,vision_platform\ads\hard_negative_mining\batch_visual_negative_20260714\crops\hn_000170.png,0
vision_platform\ads\pilot\visual_family_smoke_20260722\after_review\dataset\images\vf_00711_negative_asset_0484d75c3ab7de13.png,negative,0,0,0,0,0,0,0,train,content:asset_0484d75c3ab7de13,file_10ba71942c492428,asset_0484d75c3ab7de13,vision_platform\ads\hard_negative_mining\batch_visual_negative_20260714\crops\hn_000171.png,0
vision_platform\ads\pilot\visual_family_smoke_20260722\after_review\dataset\images\vf_00712_negative_asset_d2399a87090a92c0.png,negative,0,0,0,0,0,0,0,test,content:asset_d2399a87090a92c0,file_3765877e938ae9c9,asset_d2399a87090a92c0,vision_platform\ads\hard_negative_mining\batch_visual_negative_20260714\crops\hn_000172.png,0
vision_platform\ads\pilot\visual_family_smoke_20260722\after_review\dataset\images\vf_00713_negative_asset_629df8034a49a412.png,negative,0,0,0,0,0,0,0,train,content:asset_629df8034a49a412,file_31dc9ae9711d4a95,asset_629df8034a49a412,vision_platform\ads\hard_negative_mining\batch_visual_negative_20260714\crops\hn_000173.png,0
vision_platform\ads\pilot\visual_family_smoke_20260722\after_review\dataset\images\vf_00714_negative_asset_2810ab1fe8d79b9a.png,negative,0,0,0,0,0,0,0,train,content:asset_2810ab1fe8d79b9a,file_3d3bdd6a75fad2d6,asset_2810ab1fe8d79b9a,vision_platform\ads\hard_negative_mining\batch_visual_negative_20260714\crops\hn_000174.png,0
vision_platform\ads\pilot\visual_family_smoke_20260722\after_review\dataset\images\vf_00715_negative_asset_4a4e5f6e92faf280.png,negative,0,0,0,0,0,0,0,train,content:asset_4a4e5f6e92faf280,file_fa5369f82ba2250e,asset_4a4e5f6e92faf280,vision_platform\ads\hard_negative_mining\batch_visual_negative_20260714\crops\hn_000175.png,0
vision_platform\ads\pilot\visual_family_smoke_20260722\after_review\dataset\images\vf_00716_negative_asset_5a9b1ded37fe9835.png,negative,0,0,0,0,0,0,0,train,content:asset_5a9b1ded37fe9835,file_14c9c843ff797c5b,asset_5a9b1ded37fe9835,vision_platform\ads\hard_negative_mining\batch_visual_negative_20260714\crops\hn_000176.png,0
vision_platform\ads\pilot\visual_family_smoke_20260722\after_review\dataset\images\vf_00717_negative_asset_b11bd236a49a8aef.png,negative,0,0,0,0,0,0,0,train,content:asset_b11bd236a49a8aef,file_6f1abc3faedac547,asset_b11bd236a49a8aef,vision_platform\ads\hard_negative_mining\batch_visual_negative_20260714\crops\hn_000177.png,0
vision_platform\ads\pilot\visual_family_smoke_20260722\after_review\dataset\images\vf_00718_negative_asset_e3c0d48aa2618c3a.png,negative,0,0,0,0,0,0,0,train,content:asset_e3c0d48aa2618c3a,file_4fab1f771626dce0,asset_e3c0d48aa2618c3a,vision_platform\ads\hard_negative_mining\batch_visual_negative_20260714\crops\hn_000178.png,0
vision_platform\ads\pilot\visual_family_smoke_20260722\after_review\dataset\images\vf_00719_negative_asset_0484d75c3ab7de13.png,negative,0,0,0,0,0,0,0,train,content:asset_0484d75c3ab7de13,file_241536b5ac4bc01c,asset_0484d75c3ab7de13,vision_platform\ads\hard_negative_mining\batch_visual_negative_20260714\crops\hn_000179.png,0
vision_platform\ads\pilot\visual_family_smoke_20260722\after_review\dataset\images\vf_00720_negative_asset_115e85acfe681724.png,negative,0,0,0,0,0,0,0,train,content:asset_115e85acfe681724,file_96c0f0d397350506,asset_115e85acfe681724,vision_platform\ads\hard_negative_mining\batch_visual_negative_20260714\crops\hn_000180.png,0
vision_platform\ads\pilot\visual_family_smoke_20260722\after_review\dataset\images\vf_00721_negative_asset_9d58288c3f8df317.png,negative,0,0,0,0,0,0,0,test,content:asset_9d58288c3f8df317,file_3844cf7b0fa72b7f,asset_9d58288c3f8df317,vision_platform\ads\hard_negative_mining\batch_visual_negative_20260714\crops\hn_000181.png,0
vision_platform\ads\pilot\visual_family_smoke_20260722\after_review\dataset\images\vf_00722_negative_asset_2810ab1fe8d79b9a.png,negative,0,0,0,0,0,0,0,train,content:asset_2810ab1fe8d79b9a,file_87beb4afed6f21a6,asset_2810ab1fe8d79b9a,vision_platform\ads\hard_negative_mining\batch_visual_negative_20260714\crops\hn_000182.png,0
vision_platform\ads\pilot\visual_family_smoke_20260722\after_review\dataset\images\vf_00723_negative_asset_4a4e5f6e92faf280.png,negative,0,0,0,0,0,0,0,train,content:asset_4a4e5f6e92faf280,file_20411e35b51802de,asset_4a4e5f6e92faf280,vision_platform\ads\hard_negative_mining\batch_visual_negative_20260714\crops\hn_000183.png,0
vision_platform\ads\pilot\visual_family_smoke_20260722\after_review\dataset\images\vf_00724_negative_asset_22fb5506b2ad638a.png,negative,0,0,0,0,0,0,0,test,content:asset_22fb5506b2ad638a,file_5cc376c436409339,asset_22fb5506b2ad638a,vision_platform\ads\hard_negative_mining\batch_visual_negative_20260714\crops\hn_000184.png,0
vision_platform\ads\pilot\visual_family_smoke_20260722\after_review\dataset\images\vf_00725_negative_asset_5a9b1ded37fe9835.png,negative,0,0,0,0,0,0,0,train,content:asset_5a9b1ded37fe9835,file_cd0b9d4287f23337,asset_5a9b1ded37fe9835,vision_platform\ads\hard_negative_mining\batch_visual_negative_20260714\crops\hn_000185.png,0
vision_platform\ads\pilot\visual_family_smoke_20260722\after_review\dataset\images\vf_00726_negative_asset_2dd12bfcf07023a6.png,negative,0,0,0,0,0,0,0,train,content:asset_2dd12bfcf07023a6,file_1ba705845f2fc9e2,asset_2dd12bfcf07023a6,vision_platform\ads\hard_negative_mining\batch_visual_negative_20260714\crops\hn_000186.png,0
vision_platform\ads\pilot\visual_family_smoke_20260722\after_review\dataset\images\vf_00727_negative_asset_51ac9c7f114cd623.png,negative,0,0,0,0,0,0,0,test,content:asset_51ac9c7f114cd623,file_fbc220ff5b7f85d7,asset_51ac9c7f114cd623,vision_platform\ads\hard_negative_mining\batch_visual_negative_20260714\crops\hn_000187.png,0
vision_platform\ads\pilot\visual_family_smoke_20260722\after_review\dataset\images\vf_00728_negative_asset_d30b5d3b349008b2.png,negative,0,0,0,0,0,0,0,train,content:asset_d30b5d3b349008b2,file_ef847d000f83a44b,asset_d30b5d3b349008b2,vision_platform\ads\hard_negative_mining\batch_visual_negative_20260714\crops\hn_000188.png,1
vision_platform\ads\pilot\visual_family_smoke_20260722\after_review\dataset\images\vf_00729_negative_asset_2dd12bfcf07023a6.png,negative,0,0,0,0,0,0,0,train,content:asset_2dd12bfcf07023a6,file_c7c9ef85a5b1f85d,asset_2dd12bfcf07023a6,vision_platform\ads\hard_negative_mining\batch_visual_negative_20260714\crops\hn_000189.png,0
vision_platform\ads\pilot\visual_family_smoke_20260722\after_review\dataset\images\vf_00730_negative_asset_51ac9c7f114cd623.png,negative,0,0,0,0,0,0,0,test,content:asset_51ac9c7f114cd623,file_7bc1e708046889e9,asset_51ac9c7f114cd623,vision_platform\ads\hard_negative_mining\batch_visual_negative_20260714\crops\hn_000190.png,0
vision_platform\ads\pilot\visual_family_smoke_20260722\after_review\dataset\images\vf_00731_negative_asset_d30b5d3b349008b2.png,negative,0,0,0,0,0,0,0,train,content:asset_d30b5d3b349008b2,file_57eb253678d502b3,asset_d30b5d3b349008b2,vision_platform\ads\hard_negative_mining\batch_visual_negative_20260714\crops\hn_000191.png,1
vision_platform\ads\pilot\visual_family_smoke_20260722\after_review\dataset\images\vf_00732_negative_asset_2dd12bfcf07023a6.png,negative,0,0,0,0,0,0,0,train,content:asset_2dd12bfcf07023a6,file_f7d66b3ae3255ca2,asset_2dd12bfcf07023a6,vision_platform\ads\hard_negative_mining\batch_visual_negative_20260714\crops\hn_000192.png,0
vision_platform\ads\pilot\visual_family_smoke_20260722\after_review\dataset\images\vf_00733_negative_asset_60268476bacbc8ef.png,negative,0,0,0,0,0,0,0,train,content:asset_60268476bacbc8ef,file_c8b772b2ab2d543a,asset_60268476bacbc8ef,vision_platform\ads\hard_negative_mining\batch_visual_negative_20260714\crops\hn_000193.png,0
vision_platform\ads\pilot\visual_family_smoke_20260722\after_review\dataset\images\vf_00734_negative_asset_51ac9c7f114cd623.png,negative,0,0,0,0,0,0,0,test,content:asset_51ac9c7f114cd623,file_eb8540ba62fed567,asset_51ac9c7f114cd623,vision_platform\ads\hard_negative_mining\batch_visual_negative_20260714\crops\hn_000194.png,0
vision_platform\ads\pilot\visual_family_smoke_20260722\after_review\dataset\images\vf_00735_negative_asset_d30b5d3b349008b2.png,negative,0,0,0,0,0,0,0,train,content:asset_d30b5d3b349008b2,file_aa3578c23f6f013e,asset_d30b5d3b349008b2,vision_platform\ads\hard_negative_mining\batch_visual_negative_20260714\crops\hn_000195.png,1
vision_platform\ads\pilot\visual_family_smoke_20260722\after_review\dataset\images\vf_00736_negative_asset_cfc5b6cc2ed31dc0.png,negative,0,0,0,0,0,0,0,val,content:asset_cfc5b6cc2ed31dc0,file_8711b5e5a308a203,asset_cfc5b6cc2ed31dc0,vision_platform\ads\hard_negative_mining\batch_visual_negative_20260714\crops\hn_000196.png,0
vision_platform\ads\pilot\visual_family_smoke_20260722\after_review\dataset\images\vf_00737_negative_asset_dd2743a4cd62c3af.png,negative,0,0,0,0,0,0,0,train,content:asset_dd2743a4cd62c3af,file_4ae71eec4b11003b,asset_dd2743a4cd62c3af,vision_platform\ads\hard_negative_mining\batch_visual_negative_20260714\crops\hn_000197.png,0
vision_platform\ads\pilot\visual_family_smoke_20260722\after_review\dataset\images\vf_00738_negative_asset_1eba96f00b8c8142.png,negative,0,0,0,0,0,0,0,test,content:asset_1eba96f00b8c8142,file_ddf39e661dfc4d81,asset_1eba96f00b8c8142,vision_platform\ads\hard_negative_mining\batch_visual_negative_20260714\crops\hn_000198.png,0
vision_platform\ads\pilot\visual_family_smoke_20260722\after_review\dataset\images\vf_00739_negative_asset_b7069f8964fa8e36.png,negative,0,0,0,0,0,0,0,train,content:asset_b7069f8964fa8e36,file_e799f70a4adbd587,asset_b7069f8964fa8e36,vision_platform\ads\hard_negative_mining\batch_visual_negative_20260714\crops\hn_000199.png,0
vision_platform\ads\pilot\visual_family_smoke_20260722\after_review\dataset\images\vf_00740_negative_asset_9c8b000bcd05e806.png,negative,0,0,0,0,0,0,0,test,content:asset_9c8b000bcd05e806,file_417437424f987edb,asset_9c8b000bcd05e806,vision_platform\ads\hard_negative_mining\batch_visual_negative_20260714\crops\hn_000200.png,0
vision_platform\ads\pilot\visual_family_smoke_20260722\after_review\dataset\images\vf_00741_negative_asset_4cb135c0b84a2d81.png,negative,0,0,0,0,0,0,0,train,content:asset_4cb135c0b84a2d81,file_bcfa9a60d906812e,asset_4cb135c0b84a2d81,vision_platform\ads\hard_negative_mining\batch_visual_negative_20260714\crops\hn_000201.png,0
vision_platform\ads\pilot\visual_family_smoke_20260722\after_review\dataset\images\vf_00742_negative_asset_f57e20b0c9e3efcf.png,negative,0,0,0,0,0,0,0,train,content:asset_f57e20b0c9e3efcf,file_4b0dd14b9f229301,asset_f57e20b0c9e3efcf,vision_platform\ads\hard_negative_mining\batch_visual_negative_20260714\crops\hn_000202.png,0
vision_platform\ads\pilot\visual_family_smoke_20260722\after_review\dataset\images\vf_00743_negative_asset_cfc5b6cc2ed31dc0.png,negative,0,0,0,0,0,0,0,val,content:asset_cfc5b6cc2ed31dc0,file_cae6fec426076907,asset_cfc5b6cc2ed31dc0,vision_platform\ads\hard_negative_mining\batch_visual_negative_20260714\crops\hn_000203.png,0
vision_platform\ads\pilot\visual_family_smoke_20260722\after_review\dataset\images\vf_00744_negative_asset_dd2743a4cd62c3af.png,negative,0,0,0,0,0,0,0,train,content:asset_dd2743a4cd62c3af,file_7326a3fdc14c971a,asset_dd2743a4cd62c3af,vision_platform\ads\hard_negative_mining\batch_visual_negative_20260714\crops\hn_000204.png,0
vision_platform\ads\pilot\visual_family_smoke_20260722\after_review\dataset\images\vf_00745_negative_asset_1eba96f00b8c8142.png,negative,0,0,0,0,0,0,0,test,content:asset_1eba96f00b8c8142,file_c84b3c906438dd7c,asset_1eba96f00b8c8142,vision_platform\ads\hard_negative_mining\batch_visual_negative_20260714\crops\hn_000205.png,0
vision_platform\ads\pilot\visual_family_smoke_20260722\after_review\dataset\images\vf_00746_negative_asset_b7069f8964fa8e36.png,negative,0,0,0,0,0,0,0,train,content:asset_b7069f8964fa8e36,file_412233d553ecb05d,asset_b7069f8964fa8e36,vision_platform\ads\hard_negative_mining\batch_visual_negative_20260714\crops\hn_000206.png,0
vision_platform\ads\pilot\visual_family_smoke_20260722\after_review\dataset\images\vf_00747_negative_asset_9c8b000bcd05e806.png,negative,0,0,0,0,0,0,0,test,content:asset_9c8b000bcd05e806,file_4730dadbe2208427,asset_9c8b000bcd05e806,vision_platform\ads\hard_negative_mining\batch_visual_negative_20260714\crops\hn_000207.png,0
vision_platform\ads\pilot\visual_family_smoke_20260722\after_review\dataset\images\vf_00748_negative_asset_4cb135c0b84a2d81.png,negative,0,0,0,0,0,0,0,train,content:asset_4cb135c0b84a2d81,file_95128085266a9a4a,asset_4cb135c0b84a2d81,vision_platform\ads\hard_negative_mining\batch_visual_negative_20260714\crops\hn_000208.png,0
vision_platform\ads\pilot\visual_family_smoke_20260722\after_review\dataset\images\vf_00749_negative_asset_f57e20b0c9e3efcf.png,negative,0,0,0,0,0,0,0,train,content:asset_f57e20b0c9e3efcf,file_9e729f2ad0f5e2a1,asset_f57e20b0c9e3efcf,vision_platform\ads\hard_negative_mining\batch_visual_negative_20260714\crops\hn_000209.png,0
vision_platform\ads\pilot\visual_family_smoke_20260722\after_review\dataset\images\vf_00750_negative_asset_cfc5b6cc2ed31dc0.png,negative,0,0,0,0,0,0,0,val,content:asset_cfc5b6cc2ed31dc0,file_0d431070739ad3e5,asset_cfc5b6cc2ed31dc0,vision_platform\ads\hard_negative_mining\batch_visual_negative_20260714\crops\hn_000210.png,0
vision_platform\ads\pilot\visual_family_smoke_20260722\after_review\dataset\images\vf_00751_negative_asset_dd2743a4cd62c3af.png,negative,0,0,0,0,0,0,0,train,content:asset_dd2743a4cd62c3af,file_40c1bcbca1a695c9,asset_dd2743a4cd62c3af,vision_platform\ads\hard_negative_mining\batch_visual_negative_20260714\crops\hn_000211.png,0
vision_platform\ads\pilot\visual_family_smoke_20260722\after_review\dataset\images\vf_00752_negative_asset_1eba96f00b8c8142.png,negative,0,0,0,0,0,0,0,test,content:asset_1eba96f00b8c8142,file_570ffcffef8ed608,asset_1eba96f00b8c8142,vision_platform\ads\hard_negative_mining\batch_visual_negative_20260714\crops\hn_000212.png,0
vision_platform\ads\pilot\visual_family_smoke_20260722\after_review\dataset\images\vf_00753_negative_asset_b7069f8964fa8e36.png,negative,0,0,0,0,0,0,0,train,content:asset_b7069f8964fa8e36,file_c59219cd37841cc6,asset_b7069f8964fa8e36,vision_platform\ads\hard_negative_mining\batch_visual_negative_20260714\crops\hn_000213.png,0
vision_platform\ads\pilot\visual_family_smoke_20260722\after_review\dataset\images\vf_00754_negative_asset_9c8b000bcd05e806.png,negative,0,0,0,0,0,0,0,test,content:asset_9c8b000bcd05e806,file_7e42dda63aabb699,asset_9c8b000bcd05e806,vision_platform\ads\hard_negative_mining\batch_visual_negative_20260714\crops\hn_000214.png,0
vision_platform\ads\pilot\visual_family_smoke_20260722\after_review\dataset\images\vf_00755_negative_asset_4cb135c0b84a2d81.png,negative,0,0,0,0,0,0,0,train,content:asset_4cb135c0b84a2d81,file_2c02358a4f6e5e03,asset_4cb135c0b84a2d81,vision_platform\ads\hard_negative_mining\batch_visual_negative_20260714\crops\hn_000215.png,0
vision_platform\ads\pilot\visual_family_smoke_20260722\after_review\dataset\images\vf_00756_negative_asset_f57e20b0c9e3efcf.png,negative,0,0,0,0,0,0,0,train,content:asset_f57e20b0c9e3efcf,file_e4021ff65828d7b0,asset_f57e20b0c9e3efcf,vision_platform\ads\hard_negative_mining\batch_visual_negative_20260714\crops\hn_000216.png,0
vision_platform\ads\pilot\visual_family_smoke_20260722\after_review\dataset\images\vf_00757_negative_asset_3eed03525f82ecc9.png,negative,0,0,0,0,0,0,0,train,content:asset_3eed03525f82ecc9,file_36a1a776dd6b016b,asset_3eed03525f82ecc9,vision_platform\ads\hard_negative_mining\batch_visual_negative_20260714\crops\hn_000217.png,0
vision_platform\ads\pilot\visual_family_smoke_20260722\after_review\dataset\images\vf_00758_negative_asset_70813f3445672330.png,negative,0,0,0,0,0,0,0,train,content:asset_70813f3445672330,file_63fdc0c543f423c2,asset_70813f3445672330,vision_platform\ads\hard_negative_mining\batch_visual_negative_20260714\crops\hn_000218.png,0
vision_platform\ads\pilot\visual_family_smoke_20260722\after_review\dataset\images\vf_00759_negative_asset_a2def49787a601f9.png,negative,0,0,0,0,0,0,0,train,content:asset_a2def49787a601f9,file_99a20ea44f9287ab,asset_a2def49787a601f9,vision_platform\ads\hard_negative_mining\batch_visual_negative_20260714\crops\hn_000219.png,0
vision_platform\ads\pilot\visual_family_smoke_20260722\after_review\dataset\images\vf_00760_negative_asset_a1652a32dbef3365.png,negative,0,0,0,0,0,0,0,train,content:asset_a1652a32dbef3365,file_7bc838a11788ffbd,asset_a1652a32dbef3365,vision_platform\ads\hard_negative_mining\batch_visual_negative_20260714\crops\hn_000220.png,0
vision_platform\ads\pilot\visual_family_smoke_20260722\after_review\dataset\images\vf_00761_negative_asset_42af79d6f3977354.png,negative,0,0,0,0,0,0,0,test,content:asset_42af79d6f3977354,file_37b30e49e65a6ec5,asset_42af79d6f3977354,vision_platform\ads\hard_negative_mining\batch_visual_negative_20260714\crops\hn_000221.png,0
vision_platform\ads\pilot\visual_family_smoke_20260722\after_review\dataset\images\vf_00762_negative_asset_dc3dc837810a96ff.png,negative,0,0,0,0,0,0,0,train,content:asset_dc3dc837810a96ff,file_bd8b6b69af036f26,asset_dc3dc837810a96ff,vision_platform\ads\hard_negative_mining\batch_visual_negative_20260714\crops\hn_000222.png,0
vision_platform\ads\pilot\visual_family_smoke_20260722\after_review\dataset\images\vf_00763_negative_asset_799747195dbb5834.png,negative,0,0,0,0,0,0,0,train,content:asset_799747195dbb5834,file_2a8cba52f8f570b1,asset_799747195dbb5834,vision_platform\ads\hard_negative_mining\batch_visual_negative_20260714\crops\hn_000223.png,0
vision_platform\ads\pilot\visual_family_smoke_20260722\after_review\dataset\images\vf_00764_negative_asset_35ac884fc325961e.png,negative,0,0,0,0,0,0,0,train,content:asset_35ac884fc325961e,file_15cb9fd3b7b16124,asset_35ac884fc325961e,vision_platform\ads\hard_negative_mining\batch_visual_negative_20260714\crops\hn_000224.png,1
vision_platform\ads\pilot\visual_family_smoke_20260722\after_review\dataset\images\vf_00765_negative_asset_3eed03525f82ecc9.png,negative,0,0,0,0,0,0,0,train,content:asset_3eed03525f82ecc9,file_4b6094f1e32c9d36,asset_3eed03525f82ecc9,vision_platform\ads\hard_negative_mining\batch_visual_negative_20260714\crops\hn_000225.png,0
vision_platform\ads\pilot\visual_family_smoke_20260722\after_review\dataset\images\vf_00766_negative_asset_70813f3445672330.png,negative,0,0,0,0,0,0,0,train,content:asset_70813f3445672330,file_e2ec8dee534e61c7,asset_70813f3445672330,vision_platform\ads\hard_negative_mining\batch_visual_negative_20260714\crops\hn_000226.png,0
vision_platform\ads\pilot\visual_family_smoke_20260722\after_review\dataset\images\vf_00767_negative_asset_a2def49787a601f9.png,negative,0,0,0,0,0,0,0,train,content:asset_a2def49787a601f9,file_4889630d0397ecad,asset_a2def49787a601f9,vision_platform\ads\hard_negative_mining\batch_visual_negative_20260714\crops\hn_000227.png,0
vision_platform\ads\pilot\visual_family_smoke_20260722\after_review\dataset\images\vf_00768_negative_asset_a1652a32dbef3365.png,negative,0,0,0,0,0,0,0,train,content:asset_a1652a32dbef3365,file_39dfbcfb03ba2fb0,asset_a1652a32dbef3365,vision_platform\ads\hard_negative_mining\batch_visual_negative_20260714\crops\hn_000228.png,0
vision_platform\ads\pilot\visual_family_smoke_20260722\after_review\dataset\images\vf_00769_negative_asset_42af79d6f3977354.png,negative,0,0,0,0,0,0,0,test,content:asset_42af79d6f3977354,file_ae20fd14c3b78ed2,asset_42af79d6f3977354,vision_platform\ads\hard_negative_mining\batch_visual_negative_20260714\crops\hn_000229.png,0
vision_platform\ads\pilot\visual_family_smoke_20260722\after_review\dataset\images\vf_00770_negative_asset_dc3dc837810a96ff.png,negative,0,0,0,0,0,0,0,train,content:asset_dc3dc837810a96ff,file_7cd0b77a206fa6c7,asset_dc3dc837810a96ff,vision_platform\ads\hard_negative_mining\batch_visual_negative_20260714\crops\hn_000230.png,0
vision_platform\ads\pilot\visual_family_smoke_20260722\after_review\dataset\images\vf_00771_negative_asset_799747195dbb5834.png,negative,0,0,0,0,0,0,0,train,content:asset_799747195dbb5834,file_cb00cea635197e1f,asset_799747195dbb5834,vision_platform\ads\hard_negative_mining\batch_visual_negative_20260714\crops\hn_000231.png,0
vision_platform\ads\pilot\visual_family_smoke_20260722\after_review\dataset\images\vf_00772_negative_asset_35ac884fc325961e.png,negative,0,0,0,0,0,0,0,train,content:asset_35ac884fc325961e,file_d3fa8550365f8fe4,asset_35ac884fc325961e,vision_platform\ads\hard_negative_mining\batch_visual_negative_20260714\crops\hn_000232.png,1
vision_platform\ads\pilot\visual_family_smoke_20260722\after_review\dataset\images\vf_00773_negative_asset_2a0f570b2f00cb3d.png,negative,0,0,0,0,0,0,0,test,content:asset_2a0f570b2f00cb3d,file_e4281c012ef515dd,asset_2a0f570b2f00cb3d,vision_platform\ads\hard_negative_mining\batch_visual_negative_20260714\crops\hn_000233.png,0
vision_platform\ads\pilot\visual_family_smoke_20260722\after_review\dataset\images\vf_00774_negative_asset_fbcc564523d58e3a.png,negative,0,0,0,0,0,0,0,train,content:asset_fbcc564523d58e3a,file_8c4907b15f97a471,asset_fbcc564523d58e3a,vision_platform\ads\hard_negative_mining\batch_visual_negative_20260714\crops\hn_000234.png,1
vision_platform\ads\pilot\visual_family_smoke_20260722\after_review\dataset\images\vf_00775_negative_asset_f41984001785bb2e.png,negative,0,0,0,0,0,0,0,train,content:asset_f41984001785bb2e,file_9571d299368d849d,asset_f41984001785bb2e,vision_platform\ads\hard_negative_mining\batch_visual_negative_20260714\crops\hn_000235.png,1
vision_platform\ads\pilot\visual_family_smoke_20260722\after_review\dataset\images\vf_00776_negative_asset_9a379d2a900c1801.png,negative,0,0,0,0,0,0,0,train,content:asset_9a379d2a900c1801,file_9cf757558f9e0af1,asset_9a379d2a900c1801,vision_platform\ads\hard_negative_mining\batch_visual_negative_20260714\crops\hn_000236.png,0
vision_platform\ads\pilot\visual_family_smoke_20260722\after_review\dataset\images\vf_00777_negative_asset_9a379d2a900c1801.png,negative,0,0,0,0,0,0,0,train,content:asset_9a379d2a900c1801,file_25e7518c9fbdab74,asset_9a379d2a900c1801,vision_platform\ads\hard_negative_mining\batch_visual_negative_20260714\crops\hn_000237.png,0
vision_platform\ads\pilot\visual_family_smoke_20260722\after_review\dataset\images\vf_00778_negative_asset_b9a0d9fdf86fb0f3.png,negative,0,0,0,0,0,0,0,train,content:asset_b9a0d9fdf86fb0f3,file_7c75055982a0cbdc,asset_b9a0d9fdf86fb0f3,vision_platform\ads\hard_negative_mining\batch_visual_negative_20260714\crops\hn_000238.png,0
vision_platform\ads\pilot\visual_family_smoke_20260722\after_review\dataset\images\vf_00779_negative_asset_33a77d82715fbedc.png,negative,0,0,0,0,0,0,0,train,content:asset_33a77d82715fbedc,file_17749d389d2719e4,asset_33a77d82715fbedc,vision_platform\ads\hard_negative_mining\batch_visual_negative_20260714\crops\hn_000239.png,0
vision_platform\ads\pilot\visual_family_smoke_20260722\after_review\dataset\images\vf_00780_negative_asset_4b4254cab0997fc5.png,negative,0,0,0,0,0,0,0,train,content:asset_4b4254cab0997fc5,file_2ecde3fe23f31891,asset_4b4254cab0997fc5,vision_platform\ads\hard_negative_mining\batch_visual_negative_20260714\crops\hn_000240.png,0
vision_platform\ads\pilot\visual_family_smoke_20260722\after_review\dataset\images\vf_00781_negative_asset_624d00d50131b009.png,negative,0,0,0,0,0,0,0,test,content:asset_624d00d50131b009,file_514e2d28ad14648c,asset_624d00d50131b009,vision_platform\ads\hard_negative_mining\batch_visual_negative_20260714\crops\hn_000241.png,0
vision_platform\ads\pilot\visual_family_smoke_20260722\after_review\dataset\images\vf_00782_negative_asset_d64c31b4e165a289.png,negative,0,0,0,0,0,0,0,train,content:asset_d64c31b4e165a289,file_90554c10a617dd43,asset_d64c31b4e165a289,vision_platform\ads\hard_negative_mining\batch_visual_negative_20260714\crops\hn_000242.png,0
vision_platform\ads\pilot\visual_family_smoke_20260722\after_review\dataset\images\vf_00783_negative_asset_3f6859149ae19ee2.png,negative,0,0,0,0,0,0,0,train,content:asset_3f6859149ae19ee2,file_fb4425bbd2d07b96,asset_3f6859149ae19ee2,vision_platform\ads\hard_negative_mining\batch_visual_negative_20260714\crops\hn_000243.png,0
vision_platform\ads\pilot\visual_family_smoke_20260722\after_review\dataset\images\vf_00784_negative_asset_e68604b0aa84e362.png,negative,0,0,0,0,0,0,0,train,content:asset_e68604b0aa84e362,file_cc7010bfe5c8ae5a,asset_e68604b0aa84e362,vision_platform\ads\hard_negative_mining\batch_visual_negative_20260714\crops\hn_000244.png,0
vision_platform\ads\pilot\visual_family_smoke_20260722\after_review\dataset\images\vf_00785_negative_asset_092b1e6a6323cd51.png,negative,0,0,0,0,0,0,0,val,content:asset_092b1e6a6323cd51,file_20b9181688f766f5,asset_092b1e6a6323cd51,vision_platform\ads\hard_negative_mining\batch_visual_negative_20260714\crops\hn_000245.png,0
vision_platform\ads\pilot\visual_family_smoke_20260722\after_review\dataset\images\vf_00786_negative_asset_b9a0d9fdf86fb0f3.png,negative,0,0,0,0,0,0,0,train,content:asset_b9a0d9fdf86fb0f3,file_40e524b703b5715d,asset_b9a0d9fdf86fb0f3,vision_platform\ads\hard_negative_mining\batch_visual_negative_20260714\crops\hn_000246.png,0
vision_platform\ads\pilot\visual_family_smoke_20260722\after_review\dataset\images\vf_00787_negative_asset_4e0cefcf1ece8cc8.png,negative,0,0,0,0,0,0,0,test,content:asset_4e0cefcf1ece8cc8,file_b53a86ef89e6815d,asset_4e0cefcf1ece8cc8,vision_platform\ads\hard_negative_mining\batch_visual_negative_20260714\crops\hn_000247.png,0
vision_platform\ads\pilot\visual_family_smoke_20260722\after_review\dataset\images\vf_00788_negative_asset_4b4254cab0997fc5.png,negative,0,0,0,0,0,0,0,train,content:asset_4b4254cab0997fc5,file_8f916714afacd431,asset_4b4254cab0997fc5,vision_platform\ads\hard_negative_mining\batch_visual_negative_20260714\crops\hn_000248.png,0
vision_platform\ads\pilot\visual_family_smoke_20260722\after_review\dataset\images\vf_00789_negative_asset_624d00d50131b009.png,negative,0,0,0,0,0,0,0,test,content:asset_624d00d50131b009,file_19a9461f25c2941c,asset_624d00d50131b009,vision_platform\ads\hard_negative_mining\batch_visual_negative_20260714\crops\hn_000249.png,0
vision_platform\ads\pilot\visual_family_smoke_20260722\after_review\dataset\images\vf_00790_negative_asset_d64c31b4e165a289.png,negative,0,0,0,0,0,0,0,train,content:asset_d64c31b4e165a289,file_d3a1ce23f7878e60,asset_d64c31b4e165a289,vision_platform\ads\hard_negative_mining\batch_visual_negative_20260714\crops\hn_000250.png,0
vision_platform\ads\pilot\visual_family_smoke_20260722\after_review\dataset\images\vf_00791_negative_asset_3f6859149ae19ee2.png,negative,0,0,0,0,0,0,0,train,content:asset_3f6859149ae19ee2,file_4b1a3f275345124b,asset_3f6859149ae19ee2,vision_platform\ads\hard_negative_mining\batch_visual_negative_20260714\crops\hn_000251.png,0
vision_platform\ads\pilot\visual_family_smoke_20260722\after_review\dataset\images\vf_00792_negative_asset_e68604b0aa84e362.png,negative,0,0,0,0,0,0,0,train,content:asset_e68604b0aa84e362,file_ca708631cd1a1fe3,asset_e68604b0aa84e362,vision_platform\ads\hard_negative_mining\batch_visual_negative_20260714\crops\hn_000252.png,0
vision_platform\ads\pilot\visual_family_smoke_20260722\after_review\dataset\images\vf_00793_negative_asset_092b1e6a6323cd51.png,negative,0,0,0,0,0,0,0,val,content:asset_092b1e6a6323cd51,file_2572f965c7a79d8e,asset_092b1e6a6323cd51,vision_platform\ads\hard_negative_mining\batch_visual_negative_20260714\crops\hn_000253.png,0
vision_platform\ads\pilot\visual_family_smoke_20260722\after_review\dataset\images\vf_00794_negative_asset_b9a0d9fdf86fb0f3.png,negative,0,0,0,0,0,0,0,train,content:asset_b9a0d9fdf86fb0f3,file_a29a7aa97d65b9ea,asset_b9a0d9fdf86fb0f3,vision_platform\ads\hard_negative_mining\batch_visual_negative_20260714\crops\hn_000254.png,0
vision_platform\ads\pilot\visual_family_smoke_20260722\after_review\dataset\images\vf_00795_negative_asset_4e0cefcf1ece8cc8.png,negative,0,0,0,0,0,0,0,test,content:asset_4e0cefcf1ece8cc8,file_d00b620936310524,asset_4e0cefcf1ece8cc8,vision_platform\ads\hard_negative_mining\batch_visual_negative_20260714\crops\hn_000255.png,0
vision_platform\ads\pilot\visual_family_smoke_20260722\after_review\dataset\images\vf_00796_negative_asset_4b4254cab0997fc5.png,negative,0,0,0,0,0,0,0,train,content:asset_4b4254cab0997fc5,file_e897343a0b28823c,asset_4b4254cab0997fc5,vision_platform\ads\hard_negative_mining\batch_visual_negative_20260714\crops\hn_000256.png,0
vision_platform\ads\pilot\visual_family_smoke_20260722\after_review\dataset\images\vf_00797_negative_asset_a527cf4aa3fa1661.png,negative,0,0,0,0,0,0,0,test,content:asset_a527cf4aa3fa1661,file_ace56457f134bf4a,asset_a527cf4aa3fa1661,vision_platform\ads\hard_negative_mining\batch_visual_negative_20260714\crops\hn_000257.png,0
vision_platform\ads\pilot\visual_family_smoke_20260722\after_review\dataset\images\vf_00798_negative_asset_d64c31b4e165a289.png,negative,0,0,0,0,0,0,0,train,content:asset_d64c31b4e165a289,file_fa5f36ef899d722e,asset_d64c31b4e165a289,vision_platform\ads\hard_negative_mining\batch_visual_negative_20260714\crops\hn_000258.png,0
vision_platform\ads\pilot\visual_family_smoke_20260722\after_review\dataset\images\vf_00799_negative_asset_3f6859149ae19ee2.png,negative,0,0,0,0,0,0,0,train,content:asset_3f6859149ae19ee2,file_bc200ef398fc787f,asset_3f6859149ae19ee2,vision_platform\ads\hard_negative_mining\batch_visual_negative_20260714\crops\hn_000259.png,0
vision_platform\ads\pilot\visual_family_smoke_20260722\after_review\dataset\images\vf_00800_negative_asset_479218a9a6c55280.png,negative,0,0,0,0,0,0,0,train,content:asset_479218a9a6c55280,file_f6b4bc989a7b7284,asset_479218a9a6c55280,vision_platform\ads\hard_negative_mining\batch_visual_negative_20260714\crops\hn_000260.png,0
vision_platform\ads\pilot\visual_family_smoke_20260722\after_review\dataset\images\vf_00801_negative_asset_092b1e6a6323cd51.png,negative,0,0,0,0,0,0,0,val,content:asset_092b1e6a6323cd51,file_a8e07d190544e5e4,asset_092b1e6a6323cd51,vision_platform\ads\hard_negative_mining\batch_visual_negative_20260714\crops\hn_000261.png,0
vision_platform\ads\pilot\visual_family_smoke_20260722\after_review\dataset\images\vf_00802_negative_asset_b9a0d9fdf86fb0f3.png,negative,0,0,0,0,0,0,0,train,content:asset_b9a0d9fdf86fb0f3,file_a21df86bc1da6101,asset_b9a0d9fdf86fb0f3,vision_platform\ads\hard_negative_mining\batch_visual_negative_20260714\crops\hn_000262.png,0
vision_platform\ads\pilot\visual_family_smoke_20260722\after_review\dataset\images\vf_00803_negative_asset_4e0cefcf1ece8cc8.png,negative,0,0,0,0,0,0,0,test,content:asset_4e0cefcf1ece8cc8,file_29513f0fde9b44ec,asset_4e0cefcf1ece8cc8,vision_platform\ads\hard_negative_mining\batch_visual_negative_20260714\crops\hn_000263.png,0
vision_platform\ads\pilot\visual_family_smoke_20260722\after_review\dataset\images\vf_00804_negative_asset_4b4254cab0997fc5.png,negative,0,0,0,0,0,0,0,train,content:asset_4b4254cab0997fc5,file_b33c04a1e88d29fc,asset_4b4254cab0997fc5,vision_platform\ads\hard_negative_mining\batch_visual_negative_20260714\crops\hn_000264.png,0
vision_platform\ads\pilot\visual_family_smoke_20260722\after_review\dataset\images\vf_00805_negative_asset_a527cf4aa3fa1661.png,negative,0,0,0,0,0,0,0,test,content:asset_a527cf4aa3fa1661,file_94e53b4d61a36129,asset_a527cf4aa3fa1661,vision_platform\ads\hard_negative_mining\batch_visual_negative_20260714\crops\hn_000265.png,0
vision_platform\ads\pilot\visual_family_smoke_20260722\after_review\dataset\images\vf_00806_negative_asset_d64c31b4e165a289.png,negative,0,0,0,0,0,0,0,train,content:asset_d64c31b4e165a289,file_685ac4b82a4c1664,asset_d64c31b4e165a289,vision_platform\ads\hard_negative_mining\batch_visual_negative_20260714\crops\hn_000266.png,0
vision_platform\ads\pilot\visual_family_smoke_20260722\after_review\dataset\images\vf_00807_negative_asset_3f6859149ae19ee2.png,negative,0,0,0,0,0,0,0,train,content:asset_3f6859149ae19ee2,file_87d85cb8e6e468a8,asset_3f6859149ae19ee2,vision_platform\ads\hard_negative_mining\batch_visual_negative_20260714\crops\hn_000267.png,0
vision_platform\ads\pilot\visual_family_smoke_20260722\after_review\dataset\images\vf_00808_negative_asset_479218a9a6c55280.png,negative,0,0,0,0,0,0,0,train,content:asset_479218a9a6c55280,file_3ecb27f3c60e1580,asset_479218a9a6c55280,vision_platform\ads\hard_negative_mining\batch_visual_negative_20260714\crops\hn_000268.png,0
vision_platform\ads\pilot\visual_family_smoke_20260722\after_review\dataset\images\vf_00809_negative_asset_092b1e6a6323cd51.png,negative,0,0,0,0,0,0,0,val,content:asset_092b1e6a6323cd51,file_1d62fae1bf8a5879,asset_092b1e6a6323cd51,vision_platform\ads\hard_negative_mining\batch_visual_negative_20260714\crops\hn_000269.png,0
vision_platform\ads\pilot\visual_family_smoke_20260722\after_review\dataset\images\vf_00810_negative_asset_65975859fc58a188.png,negative,0,0,0,0,0,0,0,val,content:asset_65975859fc58a188,file_52dd77aa6a4fb144,asset_65975859fc58a188,vision_platform\ads\hard_negative_mining\batch_visual_negative_20260714\crops\hn_000270.png,0
vision_platform\ads\pilot\visual_family_smoke_20260722\after_review\dataset\images\vf_00811_negative_asset_a9d96fef2d6ec515.png,negative,0,0,0,0,0,0,0,train,content:asset_a9d96fef2d6ec515,file_fc5aec71430aa03c,asset_a9d96fef2d6ec515,vision_platform\ads\hard_negative_mining\batch_visual_negative_20260714\crops\hn_000271.png,0
vision_platform\ads\pilot\visual_family_smoke_20260722\after_review\dataset\images\vf_00812_negative_asset_98ee59d34bec3e01.png,negative,0,0,0,0,0,0,0,train,content:asset_98ee59d34bec3e01,file_ffcb1a39d5287189,asset_98ee59d34bec3e01,vision_platform\ads\hard_negative_mining\batch_visual_negative_20260714\crops\hn_000272.png,0
vision_platform\ads\pilot\visual_family_smoke_20260722\after_review\dataset\images\vf_00813_negative_asset_3a70a38f501424ae.png,negative,0,0,0,0,0,0,0,train,content:asset_3a70a38f501424ae,file_da4d433b941e83c2,asset_3a70a38f501424ae,vision_platform\ads\hard_negative_mining\batch_visual_negative_20260714\crops\hn_000273.png,0
vision_platform\ads\pilot\visual_family_smoke_20260722\after_review\dataset\images\vf_00814_negative_asset_955d0a5838b50e44.png,negative,0,0,0,0,0,0,0,train,content:asset_955d0a5838b50e44,file_1e78acf3c19943d7,asset_955d0a5838b50e44,vision_platform\ads\hard_negative_mining\batch_visual_negative_20260714\crops\hn_000274.png,0
vision_platform\ads\pilot\visual_family_smoke_20260722\after_review\dataset\images\vf_00815_negative_asset_65975859fc58a188.png,negative,0,0,0,0,0,0,0,val,content:asset_65975859fc58a188,file_c44991840af9fc81,asset_65975859fc58a188,vision_platform\ads\hard_negative_mining\batch_visual_negative_20260714\crops\hn_000275.png,0
vision_platform\ads\pilot\visual_family_smoke_20260722\after_review\dataset\images\vf_00816_negative_asset_a9d96fef2d6ec515.png,negative,0,0,0,0,0,0,0,train,content:asset_a9d96fef2d6ec515,file_da3c1dcb0222d871,asset_a9d96fef2d6ec515,vision_platform\ads\hard_negative_mining\batch_visual_negative_20260714\crops\hn_000276.png,0
vision_platform\ads\pilot\visual_family_smoke_20260722\after_review\dataset\images\vf_00817_negative_asset_98ee59d34bec3e01.png,negative,0,0,0,0,0,0,0,train,content:asset_98ee59d34bec3e01,file_14898c73c98be21a,asset_98ee59d34bec3e01,vision_platform\ads\hard_negative_mining\batch_visual_negative_20260714\crops\hn_000277.png,0
vision_platform\ads\pilot\visual_family_smoke_20260722\after_review\dataset\images\vf_00818_negative_asset_3a70a38f501424ae.png,negative,0,0,0,0,0,0,0,train,content:asset_3a70a38f501424ae,file_9b57e29b0445b9f0,asset_3a70a38f501424ae,vision_platform\ads\hard_negative_mining\batch_visual_negative_20260714\crops\hn_000278.png,0
vision_platform\ads\pilot\visual_family_smoke_20260722\after_review\dataset\images\vf_00819_negative_asset_955d0a5838b50e44.png,negative,0,0,0,0,0,0,0,train,content:asset_955d0a5838b50e44,file_0fc3ab379204bc7f,asset_955d0a5838b50e44,vision_platform\ads\hard_negative_mining\batch_visual_negative_20260714\crops\hn_000279.png,0
vision_platform\ads\pilot\visual_family_smoke_20260722\after_review\dataset\images\vf_00820_negative_asset_645fc598baa74b13.png,negative,0,0,0,0,0,0,0,train,content:asset_645fc598baa74b13,file_121dbf42304146d6,asset_645fc598baa74b13,vision_platform\ads\hard_negative_mining\batch_visual_negative_20260714\crops\hn_000280.png,0
vision_platform\ads\pilot\visual_family_smoke_20260722\after_review\dataset\images\vf_00821_negative_asset_98ee59d34bec3e01.png,negative,0,0,0,0,0,0,0,train,content:asset_98ee59d34bec3e01,file_43643f13f528a6d4,asset_98ee59d34bec3e01,vision_platform\ads\hard_negative_mining\batch_visual_negative_20260714\crops\hn_000281.png,0
vision_platform\ads\pilot\visual_family_smoke_20260722\after_review\dataset\images\vf_00822_negative_asset_6d7210ba44990ec1.png,negative,0,0,0,0,0,0,0,test,content:asset_6d7210ba44990ec1,file_c7f6049ee26e0913,asset_6d7210ba44990ec1,vision_platform\ads\hard_negative_mining\batch_visual_negative_20260714\crops\hn_000282.png,0
vision_platform\ads\pilot\visual_family_smoke_20260722\after_review\dataset\images\vf_00823_negative_asset_d29651a7cc984daa.png,negative,0,0,0,0,0,0,0,val,content:asset_d29651a7cc984daa,file_19e71da0176b2a2b,asset_d29651a7cc984daa,vision_platform\ads\hard_negative_mining\batch_visual_negative_20260714\crops\hn_000283.png,0
vision_platform\ads\pilot\visual_family_smoke_20260722\after_review\dataset\images\vf_00824_negative_asset_a9b476d44194e237.png,negative,0,0,0,0,0,0,0,train,content:asset_a9b476d44194e237,file_f1141de47ce99b42,asset_a9b476d44194e237,vision_platform\ads\hard_negative_mining\batch_visual_negative_20260714\crops\hn_000284.png,0
vision_platform\ads\pilot\visual_family_smoke_20260722\after_review\dataset\images\vf_00825_negative_asset_40388cbeda722631.png,negative,0,0,0,0,0,0,0,val,content:asset_40388cbeda722631,file_8818ecd5ac6f5f18,asset_40388cbeda722631,vision_platform\ads\hard_negative_mining\batch_visual_negative_20260714\crops\hn_000285.png,0
vision_platform\ads\pilot\visual_family_smoke_20260722\after_review\dataset\images\vf_00826_negative_asset_a9b476d44194e237.png,negative,0,0,0,0,0,0,0,train,content:asset_a9b476d44194e237,file_5482a1f721713907,asset_a9b476d44194e237,vision_platform\ads\hard_negative_mining\batch_visual_negative_20260714\crops\hn_000286.png,0
vision_platform\ads\pilot\visual_family_smoke_20260722\after_review\dataset\images\vf_00827_negative_asset_40388cbeda722631.png,negative,0,0,0,0,0,0,0,val,content:asset_40388cbeda722631,file_7f06fb45d47553d8,asset_40388cbeda722631,vision_platform\ads\hard_negative_mining\batch_visual_negative_20260714\crops\hn_000287.png,0
vision_platform\ads\pilot\visual_family_smoke_20260722\after_review\dataset\images\vf_00828_negative_asset_a9b476d44194e237.png,negative,0,0,0,0,0,0,0,train,content:asset_a9b476d44194e237,file_96d167cbef64b580,asset_a9b476d44194e237,vision_platform\ads\hard_negative_mining\batch_visual_negative_20260714\crops\hn_000288.png,0
vision_platform\ads\pilot\visual_family_smoke_20260722\after_review\dataset\images\vf_00829_negative_asset_42bcf57ba667185d.png,negative,0,0,0,0,0,0,0,train,content:asset_42bcf57ba667185d,file_ce88567c4d3d712e,asset_42bcf57ba667185d,vision_platform\ads\hard_negative_mining\batch_visual_negative_20260714\crops\hn_000289.png,0
vision_platform\ads\pilot\visual_family_smoke_20260722\after_review\dataset\images\vf_00830_negative_asset_4de72edb8b93dbe3.png,negative,0,0,0,0,0,0,0,val,content:asset_4de72edb8b93dbe3,file_c5e364b48f51f902,asset_4de72edb8b93dbe3,vision_platform\ads\hard_negative_mining\batch_visual_negative_20260714\crops\hn_000290.png,0
vision_platform\ads\pilot\visual_family_smoke_20260722\after_review\dataset\images\vf_00831_negative_asset_1b07d33b8110e6a8.png,negative,0,0,0,0,0,0,0,train,content:asset_1b07d33b8110e6a8,file_cc7cfd7a79d66b2b,asset_1b07d33b8110e6a8,vision_platform\ads\hard_negative_mining\batch_visual_negative_20260714\crops\hn_000291.png,0
vision_platform\ads\pilot\visual_family_smoke_20260722\after_review\dataset\images\vf_00832_negative_asset_42bcf57ba667185d.png,negative,0,0,0,0,0,0,0,train,content:asset_42bcf57ba667185d,file_6ac09f0896d934dc,asset_42bcf57ba667185d,vision_platform\ads\hard_negative_mining\batch_visual_negative_20260714\crops\hn_000292.png,0
vision_platform\ads\pilot\visual_family_smoke_20260722\after_review\dataset\images\vf_00833_negative_asset_4de72edb8b93dbe3.png,negative,0,0,0,0,0,0,0,val,content:asset_4de72edb8b93dbe3,file_09c6954d9c752647,asset_4de72edb8b93dbe3,vision_platform\ads\hard_negative_mining\batch_visual_negative_20260714\crops\hn_000293.png,0
vision_platform\ads\pilot\visual_family_smoke_20260722\after_review\dataset\images\vf_00834_negative_asset_1b07d33b8110e6a8.png,negative,0,0,0,0,0,0,0,train,content:asset_1b07d33b8110e6a8,file_9522839fd4e95c44,asset_1b07d33b8110e6a8,vision_platform\ads\hard_negative_mining\batch_visual_negative_20260714\crops\hn_000294.png,0
vision_platform\ads\pilot\visual_family_smoke_20260722\after_review\dataset\images\vf_00835_negative_asset_42bcf57ba667185d.png,negative,0,0,0,0,0,0,0,train,content:asset_42bcf57ba667185d,file_d24922487b21a99d,asset_42bcf57ba667185d,vision_platform\ads\hard_negative_mining\batch_visual_negative_20260714\crops\hn_000295.png,0
vision_platform\ads\pilot\visual_family_smoke_20260722\after_review\dataset\images\vf_00836_negative_asset_4de72edb8b93dbe3.png,negative,0,0,0,0,0,0,0,val,content:asset_4de72edb8b93dbe3,file_c94bfc1ebe5a288a,asset_4de72edb8b93dbe3,vision_platform\ads\hard_negative_mining\batch_visual_negative_20260714\crops\hn_000296.png,0
vision_platform\ads\pilot\visual_family_smoke_20260722\after_review\dataset\images\vf_00837_negative_asset_1b07d33b8110e6a8.png,negative,0,0,0,0,0,0,0,train,content:asset_1b07d33b8110e6a8,file_75c0d405ba45a9bf,asset_1b07d33b8110e6a8,vision_platform\ads\hard_negative_mining\batch_visual_negative_20260714\crops\hn_000297.png,0
vision_platform\ads\pilot\visual_family_smoke_20260722\after_review\dataset\images\vf_00838_negative_asset_42bcf57ba667185d.png,negative,0,0,0,0,0,0,0,train,content:asset_42bcf57ba667185d,file_9cd4e22991a9d403,asset_42bcf57ba667185d,vision_platform\ads\hard_negative_mining\batch_visual_negative_20260714\crops\hn_000298.png,0
vision_platform\ads\pilot\visual_family_smoke_20260722\after_review\dataset\images\vf_00839_negative_asset_4de72edb8b93dbe3.png,negative,0,0,0,0,0,0,0,val,content:asset_4de72edb8b93dbe3,file_77e98e430a0b3935,asset_4de72edb8b93dbe3,vision_platform\ads\hard_negative_mining\batch_visual_negative_20260714\crops\hn_000299.png,0
vision_platform\ads\pilot\visual_family_smoke_20260722\after_review\dataset\images\vf_00840_negative_asset_1b07d33b8110e6a8.png,negative,0,0,0,0,0,0,0,train,content:asset_1b07d33b8110e6a8,file_3430db5a0949f456,asset_1b07d33b8110e6a8,vision_platform\ads\hard_negative_mining\batch_visual_negative_20260714\crops\hn_000300.png,0
vision_platform\ads\pilot\visual_family_smoke_20260722\after_review\dataset\images\vf_00841_negative_asset_8580e7b49b6e771d.png,negative,0,0,0,0,0,0,0,test,content:asset_8580e7b49b6e771d,file_2b16a0fd0a225134,asset_8580e7b49b6e771d,vision_platform\ads\hard_negative_mining\batch_visual_negative_20260714\crops\hn_000301.png,0
vision_platform\ads\pilot\visual_family_smoke_20260722\after_review\dataset\images\vf_00842_negative_asset_f1cb4d65508dd864.png,negative,0,0,0,0,0,0,0,train,content:asset_f1cb4d65508dd864,file_40370224697fe438,asset_f1cb4d65508dd864,vision_platform\ads\hard_negative_mining\batch_visual_negative_20260714\crops\hn_000302.png,0
vision_platform\ads\pilot\visual_family_smoke_20260722\after_review\dataset\images\vf_00843_negative_asset_8580e7b49b6e771d.png,negative,0,0,0,0,0,0,0,test,content:asset_8580e7b49b6e771d,file_f9e7077be354e25a,asset_8580e7b49b6e771d,vision_platform\ads\hard_negative_mining\batch_visual_negative_20260714\crops\hn_000303.png,0
vision_platform\ads\pilot\visual_family_smoke_20260722\after_review\dataset\images\vf_00844_negative_asset_f1cb4d65508dd864.png,negative,0,0,0,0,0,0,0,train,content:asset_f1cb4d65508dd864,file_da3814be67290755,asset_f1cb4d65508dd864,vision_platform\ads\hard_negative_mining\batch_visual_negative_20260714\crops\hn_000304.png,0
vision_platform\ads\pilot\visual_family_smoke_20260722\after_review\dataset\images\vf_00845_negative_asset_43cdb0a366cb2109.png,negative,0,0,0,0,0,0,0,train,content:asset_43cdb0a366cb2109,file_eee3fc82eb1d6848,asset_43cdb0a366cb2109,vision_platform\ads\hard_negative_mining\batch_visual_negative_20260714\crops\hn_000305.png,0
vision_platform\ads\pilot\visual_family_smoke_20260722\after_review\dataset\images\vf_00846_negative_asset_b12a5682aa09c91e.png,negative,0,0,0,0,0,0,0,test,content:asset_b12a5682aa09c91e,file_b0b3fd4045496077,asset_b12a5682aa09c91e,vision_platform\ads\hard_negative_mining\batch_visual_negative_20260714\crops\hn_000306.png,0
vision_platform\ads\pilot\visual_family_smoke_20260722\after_review\dataset\images\vf_00847_negative_asset_8c262e1166404354.png,negative,0,0,0,0,0,0,0,train,content:asset_8c262e1166404354,file_2b0bcc34173eed9b,asset_8c262e1166404354,vision_platform\ads\hard_negative_mining\batch_visual_negative_20260714\crops\hn_000307.png,0
vision_platform\ads\pilot\visual_family_smoke_20260722\after_review\dataset\images\vf_00848_negative_asset_cc04ebf72c4073f4.png,negative,0,0,0,0,0,0,0,train,content:asset_cc04ebf72c4073f4,file_d19c1ae5042e913b,asset_cc04ebf72c4073f4,vision_platform\ads\hard_negative_mining\batch_visual_negative_20260714\crops\hn_000308.png,1
vision_platform\ads\pilot\visual_family_smoke_20260722\after_review\dataset\images\vf_00849_negative_asset_a90bf6e8c30e3f01.png,negative,0,0,0,0,0,0,0,train,content:asset_a90bf6e8c30e3f01,file_8e7f52c8f7d8ace0,asset_a90bf6e8c30e3f01,vision_platform\ads\hard_negative_mining\batch_visual_negative_20260714\crops\hn_000309.png,0
vision_platform\ads\pilot\visual_family_smoke_20260722\after_review\dataset\images\vf_00850_negative_asset_a2def49787a601f9.png,negative,0,0,0,0,0,0,0,train,content:asset_a2def49787a601f9,file_42048ec848b1a262,asset_a2def49787a601f9,vision_platform\ads\hard_negative_mining\batch_visual_negative_20260714\crops\hn_000310.png,0
vision_platform\ads\pilot\visual_family_smoke_20260722\after_review\dataset\images\vf_00851_negative_asset_4b068622ed61adf2.png,negative,0,0,0,0,0,0,0,train,content:asset_4b068622ed61adf2,file_ba75b3f37d2efca7,asset_4b068622ed61adf2,vision_platform\ads\hard_negative_mining\batch_visual_negative_20260714\crops\hn_000311.png,0
vision_platform\ads\pilot\visual_family_smoke_20260722\after_review\dataset\images\vf_00852_negative_asset_42af79d6f3977354.png,negative,0,0,0,0,0,0,0,test,content:asset_42af79d6f3977354,file_290380b8dd3659ab,asset_42af79d6f3977354,vision_platform\ads\hard_negative_mining\batch_visual_negative_20260714\crops\hn_000312.png,0
vision_platform\ads\pilot\visual_family_smoke_20260722\after_review\dataset\images\vf_00853_negative_asset_2fb49c996019a16e.png,negative,0,0,0,0,0,0,0,val,content:asset_2fb49c996019a16e,file_5188e12767990e92,asset_2fb49c996019a16e,vision_platform\ads\hard_negative_mining\batch_visual_negative_20260714\crops\hn_000313.png,0
vision_platform\ads\pilot\visual_family_smoke_20260722\after_review\dataset\images\vf_00854_negative_asset_03f12eaabb1d5d91.png,negative,0,0,0,0,0,0,0,train,content:asset_03f12eaabb1d5d91,file_c02b5dd3ee28e6bc,asset_03f12eaabb1d5d91,vision_platform\ads\hard_negative_mining\batch_visual_negative_20260714\crops\hn_000314.png,0
vision_platform\ads\pilot\visual_family_smoke_20260722\after_review\dataset\images\vf_00855_negative_asset_cc04ebf72c4073f4.png,negative,0,0,0,0,0,0,0,train,content:asset_cc04ebf72c4073f4,file_9d37ff9d74a486c1,asset_cc04ebf72c4073f4,vision_platform\ads\hard_negative_mining\batch_visual_negative_20260714\crops\hn_000315.png,1
vision_platform\ads\pilot\visual_family_smoke_20260722\after_review\dataset\images\vf_00856_negative_asset_a90bf6e8c30e3f01.png,negative,0,0,0,0,0,0,0,train,content:asset_a90bf6e8c30e3f01,file_ce61e804b5433bad,asset_a90bf6e8c30e3f01,vision_platform\ads\hard_negative_mining\batch_visual_negative_20260714\crops\hn_000316.png,0
vision_platform\ads\pilot\visual_family_smoke_20260722\after_review\dataset\images\vf_00857_negative_asset_a2def49787a601f9.png,negative,0,0,0,0,0,0,0,train,content:asset_a2def49787a601f9,file_4f62c0a24236e839,asset_a2def49787a601f9,vision_platform\ads\hard_negative_mining\batch_visual_negative_20260714\crops\hn_000317.png,0
vision_platform\ads\pilot\visual_family_smoke_20260722\after_review\dataset\images\vf_00858_negative_asset_4b068622ed61adf2.png,negative,0,0,0,0,0,0,0,train,content:asset_4b068622ed61adf2,file_f0c6e47b17f299af,asset_4b068622ed61adf2,vision_platform\ads\hard_negative_mining\batch_visual_negative_20260714\crops\hn_000318.png,0
vision_platform\ads\pilot\visual_family_smoke_20260722\after_review\dataset\images\vf_00859_negative_asset_42af79d6f3977354.png,negative,0,0,0,0,0,0,0,test,content:asset_42af79d6f3977354,file_9215811702b5bf4e,asset_42af79d6f3977354,vision_platform\ads\hard_negative_mining\batch_visual_negative_20260714\crops\hn_000319.png,0
vision_platform\ads\pilot\visual_family_smoke_20260722\after_review\dataset\images\vf_00860_negative_asset_2fb49c996019a16e.png,negative,0,0,0,0,0,0,0,val,content:asset_2fb49c996019a16e,file_4132ab7be97bcab6,asset_2fb49c996019a16e,vision_platform\ads\hard_negative_mining\batch_visual_negative_20260714\crops\hn_000320.png,0
vision_platform\ads\pilot\visual_family_smoke_20260722\after_review\dataset\images\vf_00861_negative_asset_03f12eaabb1d5d91.png,negative,0,0,0,0,0,0,0,train,content:asset_03f12eaabb1d5d91,file_a039d795385464cd,asset_03f12eaabb1d5d91,vision_platform\ads\hard_negative_mining\batch_visual_negative_20260714\crops\hn_000321.png,0
vision_platform\ads\pilot\visual_family_smoke_20260722\after_review\dataset\images\vf_00862_negative_asset_cd4feeeba2a6e045.png,negative,0,0,0,0,0,0,0,val,content:asset_cd4feeeba2a6e045,file_a2f05c715f944360,asset_cd4feeeba2a6e045,vision_platform\ads\hard_negative_mining\batch_visual_negative_20260714\crops\hn_000322.png,0
vision_platform\ads\pilot\visual_family_smoke_20260722\after_review\dataset\images\vf_00863_negative_asset_a2def49787a601f9.png,negative,0,0,0,0,0,0,0,train,content:asset_a2def49787a601f9,file_0a806ecf64a8466a,asset_a2def49787a601f9,vision_platform\ads\hard_negative_mining\batch_visual_negative_20260714\crops\hn_000323.png,0
vision_platform\ads\pilot\visual_family_smoke_20260722\after_review\dataset\images\vf_00864_negative_asset_4b068622ed61adf2.png,negative,0,0,0,0,0,0,0,train,content:asset_4b068622ed61adf2,file_6b3433b6719e3cf2,asset_4b068622ed61adf2,vision_platform\ads\hard_negative_mining\batch_visual_negative_20260714\crops\hn_000324.png,0
vision_platform\ads\pilot\visual_family_smoke_20260722\after_review\dataset\images\vf_00865_negative_asset_42af79d6f3977354.png,negative,0,0,0,0,0,0,0,test,content:asset_42af79d6f3977354,file_5cb230a2c08bfbaa,asset_42af79d6f3977354,vision_platform\ads\hard_negative_mining\batch_visual_negative_20260714\crops\hn_000325.png,0
vision_platform\ads\pilot\visual_family_smoke_20260722\after_review\dataset\images\vf_00866_negative_asset_597e4fc09ad77f6a.png,negative,0,0,0,0,0,0,0,train,content:asset_597e4fc09ad77f6a,file_404ea00f75b23ecf,asset_597e4fc09ad77f6a,vision_platform\ads\hard_negative_mining\batch_visual_negative_20260714\crops\hn_000326.png,0
vision_platform\ads\pilot\visual_family_smoke_20260722\after_review\dataset\images\vf_00867_negative_asset_68809f272d8661a8.png,negative,0,0,0,0,0,0,0,train,content:asset_68809f272d8661a8,file_2ea14d486c15dd39,asset_68809f272d8661a8,vision_platform\ads\hard_negative_mining\batch_visual_negative_20260714\crops\hn_000327.png,0
vision_platform\ads\pilot\visual_family_smoke_20260722\after_review\dataset\images\vf_00868_negative_asset_60cc72e9e8403906.png,negative,0,0,0,0,0,0,0,test,content:asset_60cc72e9e8403906,file_1103b5d3f1768c92,asset_60cc72e9e8403906,vision_platform\ads\hard_negative_mining\batch_visual_negative_20260714\crops\hn_000328.png,0
vision_platform\ads\pilot\visual_family_smoke_20260722\after_review\dataset\images\vf_00869_negative_asset_cd4feeeba2a6e045.png,negative,0,0,0,0,0,0,0,val,content:asset_cd4feeeba2a6e045,file_a5f98309afd90b77,asset_cd4feeeba2a6e045,vision_platform\ads\hard_negative_mining\batch_visual_negative_20260714\crops\hn_000329.png,0
vision_platform\ads\pilot\visual_family_smoke_20260722\after_review\dataset\images\vf_00870_negative_asset_a2def49787a601f9.png,negative,0,0,0,0,0,0,0,train,content:asset_a2def49787a601f9,file_6982a6c32172e754,asset_a2def49787a601f9,vision_platform\ads\hard_negative_mining\batch_visual_negative_20260714\crops\hn_000330.png,0
vision_platform\ads\pilot\visual_family_smoke_20260722\after_review\dataset\images\vf_00871_negative_asset_4b068622ed61adf2.png,negative,0,0,0,0,0,0,0,train,content:asset_4b068622ed61adf2,file_44de320c22e8967d,asset_4b068622ed61adf2,vision_platform\ads\hard_negative_mining\batch_visual_negative_20260714\crops\hn_000331.png,0
vision_platform\ads\pilot\visual_family_smoke_20260722\after_review\dataset\images\vf_00872_negative_asset_42af79d6f3977354.png,negative,0,0,0,0,0,0,0,test,content:asset_42af79d6f3977354,file_6bb4379479fb8dc8,asset_42af79d6f3977354,vision_platform\ads\hard_negative_mining\batch_visual_negative_20260714\crops\hn_000332.png,0
vision_platform\ads\pilot\visual_family_smoke_20260722\after_review\dataset\images\vf_00873_negative_asset_597e4fc09ad77f6a.png,negative,0,0,0,0,0,0,0,train,content:asset_597e4fc09ad77f6a,file_0deff6a5e370b6e8,asset_597e4fc09ad77f6a,vision_platform\ads\hard_negative_mining\batch_visual_negative_20260714\crops\hn_000333.png,0
vision_platform\ads\pilot\visual_family_smoke_20260722\after_review\dataset\images\vf_00874_negative_asset_68809f272d8661a8.png,negative,0,0,0,0,0,0,0,train,content:asset_68809f272d8661a8,file_18e5c6f678bb8682,asset_68809f272d8661a8,vision_platform\ads\hard_negative_mining\batch_visual_negative_20260714\crops\hn_000334.png,0
vision_platform\ads\pilot\visual_family_smoke_20260722\after_review\dataset\images\vf_00875_negative_asset_60cc72e9e8403906.png,negative,0,0,0,0,0,0,0,test,content:asset_60cc72e9e8403906,file_5731f3e2b74db0da,asset_60cc72e9e8403906,vision_platform\ads\hard_negative_mining\batch_visual_negative_20260714\crops\hn_000335.png,0
vision_platform\ads\pilot\visual_family_smoke_20260722\after_review\dataset\images\vf_00876_negative_asset_d049e2e5337d8fee.png,negative,0,0,0,0,0,0,0,test,content:asset_d049e2e5337d8fee,file_3efd5fff0535d842,asset_d049e2e5337d8fee,vision_platform\ads\hard_negative_mining\batch_visual_negative_20260714\crops\hn_000336.png,0
vision_platform\ads\pilot\visual_family_smoke_20260722\after_review\dataset\images\vf_00877_negative_asset_78200bb8f99dc1dc.png,negative,0,0,0,0,0,0,0,train,content:asset_78200bb8f99dc1dc,file_84f81bc6b8589bf5,asset_78200bb8f99dc1dc,vision_platform\ads\hard_negative_mining\batch_visual_negative_20260714\crops\hn_000337.png,0
vision_platform\ads\pilot\visual_family_smoke_20260722\after_review\dataset\images\vf_00878_negative_asset_a2def49787a601f9.png,negative,0,0,0,0,0,0,0,train,content:asset_a2def49787a601f9,file_ad2c5dad7e41cf6d,asset_a2def49787a601f9,vision_platform\ads\hard_negative_mining\batch_visual_negative_20260714\crops\hn_000338.png,0
vision_platform\ads\pilot\visual_family_smoke_20260722\after_review\dataset\images\vf_00879_negative_asset_df59bfeb9efde882.png,negative,0,0,0,0,0,0,0,train,content:asset_df59bfeb9efde882,file_bc4916ac2ac9067a,asset_df59bfeb9efde882,vision_platform\ads\hard_negative_mining\batch_visual_negative_20260714\crops\hn_000339.png,0
vision_platform\ads\pilot\visual_family_smoke_20260722\after_review\dataset\images\vf_00880_negative_asset_42af79d6f3977354.png,negative,0,0,0,0,0,0,0,test,content:asset_42af79d6f3977354,file_3a183a0a02450988,asset_42af79d6f3977354,vision_platform\ads\hard_negative_mining\batch_visual_negative_20260714\crops\hn_000340.png,0
vision_platform\ads\pilot\visual_family_smoke_20260722\after_review\dataset\images\vf_00881_negative_asset_ad8ab8e8dd9e1cd1.png,negative,0,0,0,0,0,0,0,val,content:asset_ad8ab8e8dd9e1cd1,file_1835d59ff2e3d0a0,asset_ad8ab8e8dd9e1cd1,vision_platform\ads\hard_negative_mining\batch_visual_negative_20260714\crops\hn_000341.png,0
vision_platform\ads\pilot\visual_family_smoke_20260722\after_review\dataset\images\vf_00882_negative_asset_2d6f100f7b65e9e4.png,negative,0,0,0,0,0,0,0,train,content:asset_2d6f100f7b65e9e4,file_218cf005980c6e7b,asset_2d6f100f7b65e9e4,vision_platform\ads\hard_negative_mining\batch_visual_negative_20260714\crops\hn_000342.png,0
vision_platform\ads\pilot\visual_family_smoke_20260722\after_review\dataset\images\vf_00883_negative_asset_d049e2e5337d8fee.png,negative,0,0,0,0,0,0,0,test,content:asset_d049e2e5337d8fee,file_99de56bfa2edab5c,asset_d049e2e5337d8fee,vision_platform\ads\hard_negative_mining\batch_visual_negative_20260714\crops\hn_000343.png,0
vision_platform\ads\pilot\visual_family_smoke_20260722\after_review\dataset\images\vf_00884_negative_asset_78200bb8f99dc1dc.png,negative,0,0,0,0,0,0,0,train,content:asset_78200bb8f99dc1dc,file_a3e60bf035623387,asset_78200bb8f99dc1dc,vision_platform\ads\hard_negative_mining\batch_visual_negative_20260714\crops\hn_000344.png,0
vision_platform\ads\pilot\visual_family_smoke_20260722\after_review\dataset\images\vf_00885_negative_asset_a2def49787a601f9.png,negative,0,0,0,0,0,0,0,train,content:asset_a2def49787a601f9,file_ac3dd2fde9d8bd59,asset_a2def49787a601f9,vision_platform\ads\hard_negative_mining\batch_visual_negative_20260714\crops\hn_000345.png,0
vision_platform\ads\pilot\visual_family_smoke_20260722\after_review\dataset\images\vf_00886_negative_asset_df59bfeb9efde882.png,negative,0,0,0,0,0,0,0,train,content:asset_df59bfeb9efde882,file_7eaa6c88ca6e0c54,asset_df59bfeb9efde882,vision_platform\ads\hard_negative_mining\batch_visual_negative_20260714\crops\hn_000346.png,0
vision_platform\ads\pilot\visual_family_smoke_20260722\after_review\dataset\images\vf_00887_negative_asset_42af79d6f3977354.png,negative,0,0,0,0,0,0,0,test,content:asset_42af79d6f3977354,file_81c63211c9437130,asset_42af79d6f3977354,vision_platform\ads\hard_negative_mining\batch_visual_negative_20260714\crops\hn_000347.png,0
vision_platform\ads\pilot\visual_family_smoke_20260722\after_review\dataset\images\vf_00888_negative_asset_ad8ab8e8dd9e1cd1.png,negative,0,0,0,0,0,0,0,val,content:asset_ad8ab8e8dd9e1cd1,file_cfb05e46e18a00c8,asset_ad8ab8e8dd9e1cd1,vision_platform\ads\hard_negative_mining\batch_visual_negative_20260714\crops\hn_000348.png,0
vision_platform\ads\pilot\visual_family_smoke_20260722\after_review\dataset\images\vf_00889_negative_asset_2d6f100f7b65e9e4.png,negative,0,0,0,0,0,0,0,train,content:asset_2d6f100f7b65e9e4,file_b5c10a6d5a07e8c5,asset_2d6f100f7b65e9e4,vision_platform\ads\hard_negative_mining\batch_visual_negative_20260714\crops\hn_000349.png,0
vision_platform\ads\pilot\visual_family_smoke_20260722\after_review\dataset\images\vf_00890_negative_asset_ef41f623b88483c2.png,negative,0,0,0,0,0,0,0,train,content:asset_ef41f623b88483c2,file_89389865da304844,asset_ef41f623b88483c2,vision_platform\ads\hard_negative_mining\batch_visual_negative_20260714\crops\hn_000350.png,0
vision_platform\ads\pilot\visual_family_smoke_20260722\after_review\dataset\images\vf_00891_negative_asset_ed6521302e7d3560.png,negative,0,0,0,0,0,0,0,test,content:asset_ed6521302e7d3560,file_cfc0f2f8b4fee847,asset_ed6521302e7d3560,vision_platform\ads\hard_negative_mining\batch_visual_negative_20260714\crops\hn_000351.png,0
vision_platform\ads\pilot\visual_family_smoke_20260722\after_review\dataset\images\vf_00892_negative_asset_5ecfccca33b63d71.png,negative,0,0,0,0,0,0,0,train,content:asset_5ecfccca33b63d71,file_2104552c1667fa38,asset_5ecfccca33b63d71,vision_platform\ads\hard_negative_mining\batch_visual_negative_20260714\crops\hn_000352.png,0
vision_platform\ads\pilot\visual_family_smoke_20260722\after_review\dataset\images\vf_00893_negative_asset_a2def49787a601f9.png,negative,0,0,0,0,0,0,0,train,content:asset_a2def49787a601f9,file_e7d620e73f7e6506,asset_a2def49787a601f9,vision_platform\ads\hard_negative_mining\batch_visual_negative_20260714\crops\hn_000353.png,0
vision_platform\ads\pilot\visual_family_smoke_20260722\after_review\dataset\images\vf_00894_negative_asset_4b068622ed61adf2.png,negative,0,0,0,0,0,0,0,train,content:asset_4b068622ed61adf2,file_01184174149575c1,asset_4b068622ed61adf2,vision_platform\ads\hard_negative_mining\batch_visual_negative_20260714\crops\hn_000354.png,0
vision_platform\ads\pilot\visual_family_smoke_20260722\after_review\dataset\images\vf_00895_negative_asset_42af79d6f3977354.png,negative,0,0,0,0,0,0,0,test,content:asset_42af79d6f3977354,file_bb33204c2d173671,asset_42af79d6f3977354,vision_platform\ads\hard_negative_mining\batch_visual_negative_20260714\crops\hn_000355.png,0
vision_platform\ads\pilot\visual_family_smoke_20260722\after_review\dataset\images\vf_00896_negative_asset_37e8fee3e074855a.png,negative,0,0,0,0,0,0,0,val,content:asset_37e8fee3e074855a,file_2689bf8f60a2232d,asset_37e8fee3e074855a,vision_platform\ads\hard_negative_mining\batch_visual_negative_20260714\crops\hn_000356.png,0
vision_platform\ads\pilot\visual_family_smoke_20260722\after_review\dataset\images\vf_00897_negative_asset_ef41f623b88483c2.png,negative,0,0,0,0,0,0,0,train,content:asset_ef41f623b88483c2,file_ab9931bcec4ad6f0,asset_ef41f623b88483c2,vision_platform\ads\hard_negative_mining\batch_visual_negative_20260714\crops\hn_000357.png,0
vision_platform\ads\pilot\visual_family_smoke_20260722\after_review\dataset\images\vf_00898_negative_asset_ed6521302e7d3560.png,negative,0,0,0,0,0,0,0,test,content:asset_ed6521302e7d3560,file_f78ca7c3d9da81bc,asset_ed6521302e7d3560,vision_platform\ads\hard_negative_mining\batch_visual_negative_20260714\crops\hn_000358.png,0
vision_platform\ads\pilot\visual_family_smoke_20260722\after_review\dataset\images\vf_00899_negative_asset_5ecfccca33b63d71.png,negative,0,0,0,0,0,0,0,train,content:asset_5ecfccca33b63d71,file_e31f4b7779e59994,asset_5ecfccca33b63d71,vision_platform\ads\hard_negative_mining\batch_visual_negative_20260714\crops\hn_000359.png,0
vision_platform\ads\pilot\visual_family_smoke_20260722\after_review\dataset\images\vf_00900_negative_asset_a2def49787a601f9.png,negative,0,0,0,0,0,0,0,train,content:asset_a2def49787a601f9,file_74e2693350bdc202,asset_a2def49787a601f9,vision_platform\ads\hard_negative_mining\batch_visual_negative_20260714\crops\hn_000360.png,0
vision_platform\ads\pilot\visual_family_smoke_20260722\after_review\dataset\images\vf_00901_negative_asset_4b068622ed61adf2.png,negative,0,0,0,0,0,0,0,train,content:asset_4b068622ed61adf2,file_e0e7cd1b5bb32460,asset_4b068622ed61adf2,vision_platform\ads\hard_negative_mining\batch_visual_negative_20260714\crops\hn_000361.png,0
vision_platform\ads\pilot\visual_family_smoke_20260722\after_review\dataset\images\vf_00902_negative_asset_42af79d6f3977354.png,negative,0,0,0,0,0,0,0,test,content:asset_42af79d6f3977354,file_359073feb3e998cb,asset_42af79d6f3977354,vision_platform\ads\hard_negative_mining\batch_visual_negative_20260714\crops\hn_000362.png,0
vision_platform\ads\pilot\visual_family_smoke_20260722\after_review\dataset\images\vf_00903_negative_asset_37e8fee3e074855a.png,negative,0,0,0,0,0,0,0,val,content:asset_37e8fee3e074855a,file_2d7beffe0b73c5eb,asset_37e8fee3e074855a,vision_platform\ads\hard_negative_mining\batch_visual_negative_20260714\crops\hn_000363.png,0
vision_platform\ads\pilot\visual_family_smoke_20260722\after_review\dataset\images\vf_00904_negative_asset_a2def49787a601f9.png,negative,0,0,0,0,0,0,0,train,content:asset_a2def49787a601f9,file_b06bfd083cd62f0f,asset_a2def49787a601f9,vision_platform\ads\hard_negative_mining\batch_visual_negative_20260714\crops\hn_000364.png,0
vision_platform\ads\pilot\visual_family_smoke_20260722\after_review\dataset\images\vf_00905_negative_asset_4b068622ed61adf2.png,negative,0,0,0,0,0,0,0,train,content:asset_4b068622ed61adf2,file_48daf11d80036707,asset_4b068622ed61adf2,vision_platform\ads\hard_negative_mining\batch_visual_negative_20260714\crops\hn_000365.png,0
vision_platform\ads\pilot\visual_family_smoke_20260722\after_review\dataset\images\vf_00906_negative_asset_42af79d6f3977354.png,negative,0,0,0,0,0,0,0,test,content:asset_42af79d6f3977354,file_882ed2d5cd6931e1,asset_42af79d6f3977354,vision_platform\ads\hard_negative_mining\batch_visual_negative_20260714\crops\hn_000366.png,0
vision_platform\ads\pilot\visual_family_smoke_20260722\after_review\dataset\images\vf_00907_negative_asset_1ff7fa799dd8b1d4.png,negative,0,0,0,0,0,0,0,train,content:asset_1ff7fa799dd8b1d4,file_67b4244f5d9a41c2,asset_1ff7fa799dd8b1d4,vision_platform\ads\hard_negative_mining\batch_visual_negative_20260714\crops\hn_000367.png,0
vision_platform\ads\pilot\visual_family_smoke_20260722\after_review\dataset\images\vf_00908_negative_asset_4392d2262880dc55.png,negative,0,0,0,0,0,0,0,train,content:asset_4392d2262880dc55,file_17440aa0f342d459,asset_4392d2262880dc55,vision_platform\ads\hard_negative_mining\batch_visual_negative_20260714\crops\hn_000368.png,0
vision_platform\ads\pilot\visual_family_smoke_20260722\after_review\dataset\images\vf_00909_negative_asset_a2def49787a601f9.png,negative,0,0,0,0,0,0,0,train,content:asset_a2def49787a601f9,file_d18c83f943b93da4,asset_a2def49787a601f9,vision_platform\ads\hard_negative_mining\batch_visual_negative_20260714\crops\hn_000369.png,0
vision_platform\ads\pilot\visual_family_smoke_20260722\after_review\dataset\images\vf_00910_negative_asset_4b068622ed61adf2.png,negative,0,0,0,0,0,0,0,train,content:asset_4b068622ed61adf2,file_95ba27da16ee13ca,asset_4b068622ed61adf2,vision_platform\ads\hard_negative_mining\batch_visual_negative_20260714\crops\hn_000370.png,0
vision_platform\ads\pilot\visual_family_smoke_20260722\after_review\dataset\images\vf_00911_negative_asset_42af79d6f3977354.png,negative,0,0,0,0,0,0,0,test,content:asset_42af79d6f3977354,file_a8ca0d5ca56c64b4,asset_42af79d6f3977354,vision_platform\ads\hard_negative_mining\batch_visual_negative_20260714\crops\hn_000371.png,0
vision_platform\ads\pilot\visual_family_smoke_20260722\after_review\dataset\images\vf_00912_negative_asset_1ff7fa799dd8b1d4.png,negative,0,0,0,0,0,0,0,train,content:asset_1ff7fa799dd8b1d4,file_5a5b412b363ef9c5,asset_1ff7fa799dd8b1d4,vision_platform\ads\hard_negative_mining\batch_visual_negative_20260714\crops\hn_000372.png,0
vision_platform\ads\pilot\visual_family_smoke_20260722\after_review\dataset\images\vf_00913_negative_asset_4392d2262880dc55.png,negative,0,0,0,0,0,0,0,train,content:asset_4392d2262880dc55,file_fa39372207b1e625,asset_4392d2262880dc55,vision_platform\ads\hard_negative_mining\batch_visual_negative_20260714\crops\hn_000373.png,0
vision_platform\ads\pilot\visual_family_smoke_20260722\after_review\dataset\images\vf_00914_negative_asset_a0b98f0e01520223.png,negative,0,0,0,0,0,0,0,train,content:asset_a0b98f0e01520223,file_31531da69b44398a,asset_a0b98f0e01520223,vision_platform\ads\hard_negative_mining\batch_visual_negative_20260714\crops\hn_000374.png,0
vision_platform\ads\pilot\visual_family_smoke_20260722\after_review\dataset\images\vf_00915_negative_asset_1e7898e3da6c271d.png,negative,0,0,0,0,0,0,0,val,content:asset_1e7898e3da6c271d,file_a57ae8310996e0c7,asset_1e7898e3da6c271d,vision_platform\ads\hard_negative_mining\batch_visual_negative_20260714\crops\hn_000375.png,0
vision_platform\ads\pilot\visual_family_smoke_20260722\after_review\dataset\images\vf_00916_negative_asset_5c65f6af85caabd3.png,negative,0,0,0,0,0,0,0,test,content:asset_5c65f6af85caabd3,file_b3b77e3653dc48c2,asset_5c65f6af85caabd3,vision_platform\ads\hard_negative_mining\batch_visual_negative_20260714\crops\hn_000376.png,0
vision_platform\ads\pilot\visual_family_smoke_20260722\after_review\dataset\images\vf_00917_negative_asset_e8a6796e5ecef108.png,negative,0,0,0,0,0,0,0,val,content:asset_e8a6796e5ecef108,file_5d839c822291d0aa,asset_e8a6796e5ecef108,vision_platform\ads\hard_negative_mining\batch_visual_negative_20260714\crops\hn_000378.png,0
vision_platform\ads\pilot\visual_family_smoke_20260722\after_review\dataset\images\vf_00918_negative_asset_bd8fbdec49539e2f.png,negative,0,0,0,0,0,0,0,test,content:asset_bd8fbdec49539e2f,file_7d5940f8c1c5402a,asset_bd8fbdec49539e2f,vision_platform\ads\hard_negative_mining\batch_visual_negative_20260714\crops\hn_000379.png,0
vision_platform\ads\pilot\visual_family_smoke_20260722\after_review\dataset\images\vf_00919_negative_asset_1c6997b2a2fda2fe.png,negative,0,0,0,0,0,0,0,val,content:asset_1c6997b2a2fda2fe,file_003199f84a50a732,asset_1c6997b2a2fda2fe,vision_platform\ads\hard_negative_mining\batch_visual_negative_20260714\crops\hn_000380.png,0
vision_platform\ads\pilot\visual_family_smoke_20260722\after_review\dataset\images\vf_00920_negative_asset_83991ebba7659248.png,negative,0,0,0,0,0,0,0,test,content:asset_83991ebba7659248,file_ee8034bb89210c91,asset_83991ebba7659248,vision_platform\ads\hard_negative_mining\batch_visual_negative_20260714\crops\hn_000381.png,0
vision_platform\ads\pilot\visual_family_smoke_20260722\after_review\dataset\images\vf_00921_negative_asset_a0b98f0e01520223.png,negative,0,0,0,0,0,0,0,train,content:asset_a0b98f0e01520223,file_61fb9a08a845953f,asset_a0b98f0e01520223,vision_platform\ads\hard_negative_mining\batch_visual_negative_20260714\crops\hn_000382.png,0
vision_platform\ads\pilot\visual_family_smoke_20260722\after_review\dataset\images\vf_00922_negative_asset_1e7898e3da6c271d.png,negative,0,0,0,0,0,0,0,val,content:asset_1e7898e3da6c271d,file_7a9e69d2521bd6ce,asset_1e7898e3da6c271d,vision_platform\ads\hard_negative_mining\batch_visual_negative_20260714\crops\hn_000383.png,0
vision_platform\ads\pilot\visual_family_smoke_20260722\after_review\dataset\images\vf_00923_negative_asset_5c65f6af85caabd3.png,negative,0,0,0,0,0,0,0,test,content:asset_5c65f6af85caabd3,file_1276d863e4758766,asset_5c65f6af85caabd3,vision_platform\ads\hard_negative_mining\batch_visual_negative_20260714\crops\hn_000384.png,0
vision_platform\ads\pilot\visual_family_smoke_20260722\after_review\dataset\images\vf_00924_negative_asset_e8a6796e5ecef108.png,negative,0,0,0,0,0,0,0,val,content:asset_e8a6796e5ecef108,file_02ca7b7838d81077,asset_e8a6796e5ecef108,vision_platform\ads\hard_negative_mining\batch_visual_negative_20260714\crops\hn_000386.png,0
vision_platform\ads\pilot\visual_family_smoke_20260722\after_review\dataset\images\vf_00925_negative_asset_bd8fbdec49539e2f.png,negative,0,0,0,0,0,0,0,test,content:asset_bd8fbdec49539e2f,file_656afbe2b9b3373e,asset_bd8fbdec49539e2f,vision_platform\ads\hard_negative_mining\batch_visual_negative_20260714\crops\hn_000387.png,0
vision_platform\ads\pilot\visual_family_smoke_20260722\after_review\dataset\images\vf_00926_negative_asset_1c6997b2a2fda2fe.png,negative,0,0,0,0,0,0,0,val,content:asset_1c6997b2a2fda2fe,file_7b0859eb79bfc192,asset_1c6997b2a2fda2fe,vision_platform\ads\hard_negative_mining\batch_visual_negative_20260714\crops\hn_000388.png,0
vision_platform\ads\pilot\visual_family_smoke_20260722\after_review\dataset\images\vf_00927_negative_asset_83991ebba7659248.png,negative,0,0,0,0,0,0,0,test,content:asset_83991ebba7659248,file_0e6f5b7dfbf49636,asset_83991ebba7659248,vision_platform\ads\hard_negative_mining\batch_visual_negative_20260714\crops\hn_000389.png,0
vision_platform\ads\pilot\visual_family_smoke_20260722\after_review\dataset\images\vf_00928_negative_asset_5f91f528927a03d0.png,negative,0,0,0,0,0,0,0,train,content:asset_5f91f528927a03d0,file_0ff4f82c2d67a5d8,asset_5f91f528927a03d0,vision_platform\ads\hard_negative_mining\batch_visual_negative_20260714\crops\hn_000390.png,0
vision_platform\ads\pilot\visual_family_smoke_20260722\after_review\dataset\images\vf_00929_negative_asset_8fdcab5bb6099060.png,negative,0,0,0,0,0,0,0,train,content:asset_8fdcab5bb6099060,file_d94d01d387a3d321,asset_8fdcab5bb6099060,vision_platform\ads\hard_negative_mining\batch_visual_negative_20260714\crops\hn_000391.png,0
vision_platform\ads\pilot\visual_family_smoke_20260722\after_review\dataset\images\vf_00930_negative_asset_5f91f528927a03d0.png,negative,0,0,0,0,0,0,0,train,content:asset_5f91f528927a03d0,file_ada75a0d8705e134,asset_5f91f528927a03d0,vision_platform\ads\hard_negative_mining\batch_visual_negative_20260714\crops\hn_000392.png,0
vision_platform\ads\pilot\visual_family_smoke_20260722\after_review\dataset\images\vf_00931_negative_asset_8fdcab5bb6099060.png,negative,0,0,0,0,0,0,0,train,content:asset_8fdcab5bb6099060,file_f4cc43ddb44f0264,asset_8fdcab5bb6099060,vision_platform\ads\hard_negative_mining\batch_visual_negative_20260714\crops\hn_000393.png,0
vision_platform\ads\pilot\visual_family_smoke_20260722\after_review\dataset\images\vf_00932_negative_asset_8c8e1f5975ad4e61.png,negative,0,0,0,0,0,0,0,val,content:asset_8c8e1f5975ad4e61,file_a8b653c103fee451,asset_8c8e1f5975ad4e61,vision_platform\ads\hard_negative_mining\batch_visual_negative_20260714\crops\hn_000394.png,0
vision_platform\ads\pilot\visual_family_smoke_20260722\after_review\dataset\images\vf_00933_negative_asset_cdedc803c18eff1b.png,negative,0,0,0,0,0,0,0,train,content:asset_cdedc803c18eff1b,file_b5a0473816e4ae76,asset_cdedc803c18eff1b,vision_platform\ads\hard_negative_mining\batch_visual_negative_20260714\crops\hn_000395.png,0
vision_platform\ads\pilot\visual_family_smoke_20260722\after_review\dataset\images\vf_00934_negative_asset_ad3a27eb626340b0.png,negative,0,0,0,0,0,0,0,train,content:asset_ad3a27eb626340b0,file_83dfe84222bbfe49,asset_ad3a27eb626340b0,vision_platform\ads\hard_negative_mining\batch_visual_negative_20260714\crops\hn_000396.png,0
vision_platform\ads\pilot\visual_family_smoke_20260722\after_review\dataset\images\vf_00935_negative_asset_8909b9d12e2f12af.png,negative,0,0,0,0,0,0,0,val,content:asset_8909b9d12e2f12af,file_4c77db217c500eba,asset_8909b9d12e2f12af,vision_platform\ads\hard_negative_mining\batch_visual_negative_20260714\crops\hn_000397.png,0
vision_platform\ads\pilot\visual_family_smoke_20260722\after_review\dataset\images\vf_00936_negative_asset_9067c8369fda01b3.png,negative,0,0,0,0,0,0,0,test,content:asset_9067c8369fda01b3,file_4d4e4b68b758adfd,asset_9067c8369fda01b3,vision_platform\ads\hard_negative_mining\batch_visual_negative_20260714\crops\hn_000398.png,0
vision_platform\ads\pilot\visual_family_smoke_20260722\after_review\dataset\images\vf_00937_negative_asset_e2094db78e0d8415.png,negative,0,0,0,0,0,0,0,train,content:asset_e2094db78e0d8415,file_4a761cb8214f685d,asset_e2094db78e0d8415,vision_platform\ads\hard_negative_mining\batch_visual_negative_20260714\crops\hn_000399.png,0
vision_platform\ads\pilot\visual_family_smoke_20260722\after_review\dataset\images\vf_00938_negative_asset_e234de39a1dacdf2.png,negative,0,0,0,0,0,0,0,val,content:asset_e234de39a1dacdf2,file_387c5c53c9e19ca2,asset_e234de39a1dacdf2,vision_platform\ads\hard_negative_mining\batch_visual_negative_20260714\crops\hn_000400.png,0
vision_platform\ads\pilot\visual_family_smoke_20260722\after_review\dataset\images\vf_00939_negative_asset_8c8e1f5975ad4e61.png,negative,0,0,0,0,0,0,0,val,content:asset_8c8e1f5975ad4e61,file_dd88a1d29373f3b7,asset_8c8e1f5975ad4e61,vision_platform\ads\hard_negative_mining\batch_visual_negative_20260714\crops\hn_000401.png,0
vision_platform\ads\pilot\visual_family_smoke_20260722\after_review\dataset\images\vf_00940_negative_asset_cdedc803c18eff1b.png,negative,0,0,0,0,0,0,0,train,content:asset_cdedc803c18eff1b,file_c2799272b7b7ca0e,asset_cdedc803c18eff1b,vision_platform\ads\hard_negative_mining\batch_visual_negative_20260714\crops\hn_000402.png,0
vision_platform\ads\pilot\visual_family_smoke_20260722\after_review\dataset\images\vf_00941_negative_asset_ad3a27eb626340b0.png,negative,0,0,0,0,0,0,0,train,content:asset_ad3a27eb626340b0,file_5143aefed4d8eee6,asset_ad3a27eb626340b0,vision_platform\ads\hard_negative_mining\batch_visual_negative_20260714\crops\hn_000403.png,0
vision_platform\ads\pilot\visual_family_smoke_20260722\after_review\dataset\images\vf_00942_negative_asset_8909b9d12e2f12af.png,negative,0,0,0,0,0,0,0,val,content:asset_8909b9d12e2f12af,file_4954754fa9167339,asset_8909b9d12e2f12af,vision_platform\ads\hard_negative_mining\batch_visual_negative_20260714\crops\hn_000404.png,0
vision_platform\ads\pilot\visual_family_smoke_20260722\after_review\dataset\images\vf_00943_negative_asset_9067c8369fda01b3.png,negative,0,0,0,0,0,0,0,test,content:asset_9067c8369fda01b3,file_1993c388e7497a40,asset_9067c8369fda01b3,vision_platform\ads\hard_negative_mining\batch_visual_negative_20260714\crops\hn_000405.png,0
vision_platform\ads\pilot\visual_family_smoke_20260722\after_review\dataset\images\vf_00944_negative_asset_e2094db78e0d8415.png,negative,0,0,0,0,0,0,0,train,content:asset_e2094db78e0d8415,file_04e00753c464f27f,asset_e2094db78e0d8415,vision_platform\ads\hard_negative_mining\batch_visual_negative_20260714\crops\hn_000406.png,0
vision_platform\ads\pilot\visual_family_smoke_20260722\after_review\dataset\images\vf_00945_negative_asset_e234de39a1dacdf2.png,negative,0,0,0,0,0,0,0,val,content:asset_e234de39a1dacdf2,file_18c633c9c7187575,asset_e234de39a1dacdf2,vision_platform\ads\hard_negative_mining\batch_visual_negative_20260714\crops\hn_000407.png,0
vision_platform\ads\pilot\visual_family_smoke_20260722\after_review\dataset\images\vf_00946_negative_asset_d8c7a2cae4db60f1.png,negative,0,0,0,0,0,0,0,train,content:asset_d8c7a2cae4db60f1,file_381d983473a9ccfd,asset_d8c7a2cae4db60f1,vision_platform\ads\hard_negative_mining\batch_visual_negative_20260714\crops\hn_000408.png,0
vision_platform\ads\pilot\visual_family_smoke_20260722\after_review\dataset\images\vf_00947_negative_asset_a7eb90b90ec44f28.png,negative,0,0,0,0,0,0,0,test,content:asset_a7eb90b90ec44f28,file_b030e63c8e034663,asset_a7eb90b90ec44f28,vision_platform\ads\hard_negative_mining\batch_visual_negative_20260714\crops\hn_000409.png,0
vision_platform\ads\pilot\visual_family_smoke_20260722\after_review\dataset\images\vf_00948_negative_asset_a1dec426b151cd0c.png,negative,0,0,0,0,0,0,0,val,content:asset_a1dec426b151cd0c,file_23783aeac83ec68a,asset_a1dec426b151cd0c,vision_platform\ads\hard_negative_mining\batch_visual_negative_20260714\crops\hn_000410.png,0
vision_platform\ads\pilot\visual_family_smoke_20260722\after_review\dataset\images\vf_00949_negative_asset_d8c7a2cae4db60f1.png,negative,0,0,0,0,0,0,0,train,content:asset_d8c7a2cae4db60f1,file_e58575fdb2072574,asset_d8c7a2cae4db60f1,vision_platform\ads\hard_negative_mining\batch_visual_negative_20260714\crops\hn_000411.png,0
vision_platform\ads\pilot\visual_family_smoke_20260722\after_review\dataset\images\vf_00950_negative_asset_a7eb90b90ec44f28.png,negative,0,0,0,0,0,0,0,test,content:asset_a7eb90b90ec44f28,file_da663e61e8b915bb,asset_a7eb90b90ec44f28,vision_platform\ads\hard_negative_mining\batch_visual_negative_20260714\crops\hn_000412.png,0
vision_platform\ads\pilot\visual_family_smoke_20260722\after_review\dataset\images\vf_00951_negative_asset_a1dec426b151cd0c.png,negative,0,0,0,0,0,0,0,val,content:asset_a1dec426b151cd0c,file_ee04089407ece7b7,asset_a1dec426b151cd0c,vision_platform\ads\hard_negative_mining\batch_visual_negative_20260714\crops\hn_000413.png,0
vision_platform\ads\pilot\visual_family_smoke_20260722\after_review\dataset\images\vf_00952_negative_asset_98a96f5633e7b417.png,negative,0,0,0,0,0,0,0,train,content:asset_98a96f5633e7b417,file_ad2a0ed2dd8dcc7d,asset_98a96f5633e7b417,vision_platform\ads\hard_negative_mining\batch_visual_negative_20260714\crops\hn_000414.png,0
vision_platform\ads\pilot\visual_family_smoke_20260722\after_review\dataset\images\vf_00953_negative_asset_1f9bb92b70cdd5e9.png,negative,0,0,0,0,0,0,0,train,content:asset_1f9bb92b70cdd5e9,file_8e9d7f424debdd27,asset_1f9bb92b70cdd5e9,vision_platform\ads\hard_negative_mining\batch_visual_negative_20260714\crops\hn_000415.png,0
vision_platform\ads\pilot\visual_family_smoke_20260722\after_review\dataset\images\vf_00954_negative_asset_51f31492518a613c.png,negative,0,0,0,0,0,0,0,train,content:asset_51f31492518a613c,file_cb96778ce2637d1d,asset_51f31492518a613c,vision_platform\ads\hard_negative_mining\batch_visual_negative_20260714\crops\hn_000416.png,0
vision_platform\ads\pilot\visual_family_smoke_20260722\after_review\dataset\images\vf_00955_negative_asset_17a648c454f69753.png,negative,0,0,0,0,0,0,0,test,content:asset_17a648c454f69753,file_37c927539f69d7db,asset_17a648c454f69753,vision_platform\ads\hard_negative_mining\batch_visual_negative_20260714\crops\hn_000418.png,0
vision_platform\ads\pilot\visual_family_smoke_20260722\after_review\dataset\images\vf_00956_negative_asset_881d5f55b1fd4cb8.png,negative,0,0,0,0,0,0,0,train,content:asset_881d5f55b1fd4cb8,file_3a3858f7caa3e03f,asset_881d5f55b1fd4cb8,vision_platform\ads\hard_negative_mining\batch_visual_negative_20260714\crops\hn_000419.png,0
vision_platform\ads\pilot\visual_family_smoke_20260722\after_review\dataset\images\vf_00957_negative_asset_569cd673359f917f.png,negative,0,0,0,0,0,0,0,train,content:asset_569cd673359f917f,file_c71981d6643cb2cc,asset_569cd673359f917f,vision_platform\ads\hard_negative_mining\batch_visual_negative_20260714\crops\hn_000420.png,0
vision_platform\ads\pilot\visual_family_smoke_20260722\after_review\dataset\images\vf_00958_negative_asset_121c1c77088daf4c.png,negative,0,0,0,0,0,0,0,train,content:asset_121c1c77088daf4c,file_2711495718f99287,asset_121c1c77088daf4c,vision_platform\ads\hard_negative_mining\batch_visual_negative_20260714\crops\hn_000421.png,0
vision_platform\ads\pilot\visual_family_smoke_20260722\after_review\dataset\images\vf_00959_negative_asset_98a96f5633e7b417.png,negative,0,0,0,0,0,0,0,train,content:asset_98a96f5633e7b417,file_c3af6d60583e9080,asset_98a96f5633e7b417,vision_platform\ads\hard_negative_mining\batch_visual_negative_20260714\crops\hn_000422.png,0
vision_platform\ads\pilot\visual_family_smoke_20260722\after_review\dataset\images\vf_00960_negative_asset_1f9bb92b70cdd5e9.png,negative,0,0,0,0,0,0,0,train,content:asset_1f9bb92b70cdd5e9,file_4bd0b9b0302c4245,asset_1f9bb92b70cdd5e9,vision_platform\ads\hard_negative_mining\batch_visual_negative_20260714\crops\hn_000423.png,0
vision_platform\ads\pilot\visual_family_smoke_20260722\after_review\dataset\images\vf_00961_negative_asset_51f31492518a613c.png,negative,0,0,0,0,0,0,0,train,content:asset_51f31492518a613c,file_0496ebe45cd2e78c,asset_51f31492518a613c,vision_platform\ads\hard_negative_mining\batch_visual_negative_20260714\crops\hn_000424.png,0
vision_platform\ads\pilot\visual_family_smoke_20260722\after_review\dataset\images\vf_00962_negative_asset_881d5f55b1fd4cb8.png,negative,0,0,0,0,0,0,0,train,content:asset_881d5f55b1fd4cb8,file_59fd6a786fe4430c,asset_881d5f55b1fd4cb8,vision_platform\ads\hard_negative_mining\batch_visual_negative_20260714\crops\hn_000427.png,0
vision_platform\ads\pilot\visual_family_smoke_20260722\after_review\dataset\images\vf_00963_negative_asset_569cd673359f917f.png,negative,0,0,0,0,0,0,0,train,content:asset_569cd673359f917f,file_5675368f70bf7113,asset_569cd673359f917f,vision_platform\ads\hard_negative_mining\batch_visual_negative_20260714\crops\hn_000428.png,0
vision_platform\ads\pilot\visual_family_smoke_20260722\after_review\dataset\images\vf_00964_negative_asset_121c1c77088daf4c.png,negative,0,0,0,0,0,0,0,train,content:asset_121c1c77088daf4c,file_00c193eaf92669b2,asset_121c1c77088daf4c,vision_platform\ads\hard_negative_mining\batch_visual_negative_20260714\crops\hn_000429.png,0
vision_platform\ads\pilot\visual_family_smoke_20260722\after_review\dataset\images\vf_00965_negative_asset_9bc381ef0c68bbc3.png,negative,0,0,0,0,0,0,0,train,content:asset_9bc381ef0c68bbc3,file_0218449f42edbaf3,asset_9bc381ef0c68bbc3,vision_platform\ads\hard_negative_mining\batch_visual_negative_20260714\crops\hn_000430.png,0
vision_platform\ads\pilot\visual_family_smoke_20260722\after_review\dataset\images\vf_00966_negative_asset_1f525b1c7216f47a.png,negative,0,0,0,0,0,0,0,val,content:asset_1f525b1c7216f47a,file_802a9c08b7af6ba6,asset_1f525b1c7216f47a,vision_platform\ads\hard_negative_mining\batch_visual_negative_20260714\crops\hn_000431.png,0
vision_platform\ads\pilot\visual_family_smoke_20260722\after_review\dataset\images\vf_00967_negative_asset_3e0413b5fa5c216f.png,negative,0,0,0,0,0,0,0,test,content:asset_3e0413b5fa5c216f,file_6e20fb04dd1eddca,asset_3e0413b5fa5c216f,vision_platform\ads\hard_negative_mining\batch_visual_negative_20260714\crops\hn_000432.png,0
vision_platform\ads\pilot\visual_family_smoke_20260722\after_review\dataset\images\vf_00968_negative_asset_b12f92fba3bdb0f0.png,negative,0,0,0,0,0,0,0,train,content:asset_b12f92fba3bdb0f0,file_61f231736fa8f453,asset_b12f92fba3bdb0f0,vision_platform\ads\hard_negative_mining\batch_visual_negative_20260714\crops\hn_000433.png,0
vision_platform\ads\pilot\visual_family_smoke_20260722\after_review\dataset\images\vf_00969_negative_asset_b3d0e849e8d93f80.png,negative,0,0,0,0,0,0,0,train,content:asset_b3d0e849e8d93f80,file_aad3a8dd24fa7ebf,asset_b3d0e849e8d93f80,vision_platform\ads\hard_negative_mining\batch_visual_negative_20260714\crops\hn_000434.png,0
vision_platform\ads\pilot\visual_family_smoke_20260722\after_review\dataset\images\vf_00970_negative_asset_5474a52ae2e93b2f.png,negative,0,0,0,0,0,0,0,train,content:asset_5474a52ae2e93b2f,file_6192565f7b4042fd,asset_5474a52ae2e93b2f,vision_platform\ads\hard_negative_mining\batch_visual_negative_20260714\crops\hn_000435.png,0
vision_platform\ads\pilot\visual_family_smoke_20260722\after_review\dataset\images\vf_00971_negative_asset_d73a88ad80afa725.png,negative,0,0,0,0,0,0,0,train,content:asset_d73a88ad80afa725,file_cdae1b6587215de1,asset_d73a88ad80afa725,vision_platform\ads\hard_negative_mining\batch_visual_negative_20260714\crops\hn_000436.png,0
vision_platform\ads\pilot\visual_family_smoke_20260722\after_review\dataset\images\vf_00972_negative_asset_db58b7734b7a237e.png,negative,0,0,0,0,0,0,0,train,content:asset_db58b7734b7a237e,file_aba9c46c1e8362cf,asset_db58b7734b7a237e,vision_platform\ads\hard_negative_mining\batch_visual_negative_20260714\crops\hn_000437.png,0
vision_platform\ads\pilot\visual_family_smoke_20260722\after_review\dataset\images\vf_00973_negative_asset_467a52c34a17caa3.png,negative,0,0,0,0,0,0,0,train,content:asset_467a52c34a17caa3,file_344aa24cfd8f52fe,asset_467a52c34a17caa3,vision_platform\ads\hard_negative_mining\batch_visual_negative_20260714\crops\hn_000438.png,0
vision_platform\ads\pilot\visual_family_smoke_20260722\after_review\dataset\images\vf_00974_negative_asset_a50b8ded84cef065.png,negative,0,0,0,0,0,0,0,train,content:asset_a50b8ded84cef065,file_176d5b104e56a3b7,asset_a50b8ded84cef065,vision_platform\ads\hard_negative_mining\batch_visual_negative_20260714\crops\hn_000439.png,0
vision_platform\ads\pilot\visual_family_smoke_20260722\after_review\dataset\images\vf_00975_negative_asset_a0dcb07dc2f5b905.png,negative,0,0,0,0,0,0,0,train,content:asset_a0dcb07dc2f5b905,file_6ad738d9b178e236,asset_a0dcb07dc2f5b905,vision_platform\ads\hard_negative_mining\batch_visual_negative_20260714\crops\hn_000440.png,0
vision_platform\ads\pilot\visual_family_smoke_20260722\after_review\dataset\images\vf_00976_negative_asset_7df6f950bddd88f9.png,negative,0,0,0,0,0,0,0,val,content:asset_7df6f950bddd88f9,file_0a817ead256eb13a,asset_7df6f950bddd88f9,vision_platform\ads\hard_negative_mining\batch_visual_negative_20260714\crops\hn_000441.png,0
vision_platform\ads\pilot\visual_family_smoke_20260722\after_review\dataset\images\vf_00977_negative_asset_729342d62d8d49fa.png,negative,0,0,0,0,0,0,0,train,content:asset_729342d62d8d49fa,file_1a85fa2991aa93f7,asset_729342d62d8d49fa,vision_platform\ads\hard_negative_mining\batch_visual_negative_20260714\crops\hn_000442.png,0
vision_platform\ads\pilot\visual_family_smoke_20260722\after_review\dataset\images\vf_00978_negative_asset_98927a24f1a19ae5.png,negative,0,0,0,0,0,0,0,train,content:asset_98927a24f1a19ae5,file_7938583d7fed3975,asset_98927a24f1a19ae5,vision_platform\ads\hard_negative_mining\batch_visual_negative_20260714\crops\hn_000443.png,0
vision_platform\ads\pilot\visual_family_smoke_20260722\after_review\dataset\images\vf_00979_negative_asset_ad9c86e09b91f3cb.png,negative,0,0,0,0,0,0,0,train,content:asset_ad9c86e09b91f3cb,file_80e18effbb1172ed,asset_ad9c86e09b91f3cb,vision_platform\ads\hard_negative_mining\batch_visual_negative_20260714\crops\hn_000444.png,0
vision_platform\ads\pilot\visual_family_smoke_20260722\after_review\dataset\images\vf_00980_negative_asset_e4ec6fe1e73c8fab.png,negative,0,0,0,0,0,0,0,train,content:asset_e4ec6fe1e73c8fab,file_9a4a696e9b4656f8,asset_e4ec6fe1e73c8fab,vision_platform\ads\hard_negative_mining\batch_visual_negative_20260714\crops\hn_000445.png,0
vision_platform\ads\pilot\visual_family_smoke_20260722\after_review\dataset\images\vf_00981_negative_asset_307e5b02106e11f1.png,negative,0,0,0,0,0,0,0,train,content:asset_307e5b02106e11f1,file_2cc5a4ddf15183f1,asset_307e5b02106e11f1,vision_platform\ads\hard_negative_mining\batch_visual_negative_20260714\crops\hn_000446.png,0
vision_platform\ads\pilot\visual_family_smoke_20260722\after_review\dataset\images\vf_00982_negative_asset_467a52c34a17caa3.png,negative,0,0,0,0,0,0,0,train,content:asset_467a52c34a17caa3,file_44548adfaee5a5bd,asset_467a52c34a17caa3,vision_platform\ads\hard_negative_mining\batch_visual_negative_20260714\crops\hn_000447.png,0
vision_platform\ads\pilot\visual_family_smoke_20260722\after_review\dataset\images\vf_00983_negative_asset_a50b8ded84cef065.png,negative,0,0,0,0,0,0,0,train,content:asset_a50b8ded84cef065,file_cd29cdea7125144b,asset_a50b8ded84cef065,vision_platform\ads\hard_negative_mining\batch_visual_negative_20260714\crops\hn_000448.png,0
vision_platform\ads\pilot\visual_family_smoke_20260722\after_review\dataset\images\vf_00984_negative_asset_a0dcb07dc2f5b905.png,negative,0,0,0,0,0,0,0,train,content:asset_a0dcb07dc2f5b905,file_de5dbeea00344e22,asset_a0dcb07dc2f5b905,vision_platform\ads\hard_negative_mining\batch_visual_negative_20260714\crops\hn_000449.png,0
vision_platform\ads\pilot\visual_family_smoke_20260722\after_review\dataset\images\vf_00985_negative_asset_7df6f950bddd88f9.png,negative,0,0,0,0,0,0,0,val,content:asset_7df6f950bddd88f9,file_9270bd26b1805973,asset_7df6f950bddd88f9,vision_platform\ads\hard_negative_mining\batch_visual_negative_20260714\crops\hn_000450.png,0
vision_platform\ads\pilot\visual_family_smoke_20260722\after_review\dataset\images\vf_00986_negative_asset_729342d62d8d49fa.png,negative,0,0,0,0,0,0,0,train,content:asset_729342d62d8d49fa,file_d1217f281df00709,asset_729342d62d8d49fa,vision_platform\ads\hard_negative_mining\batch_visual_negative_20260714\crops\hn_000451.png,0
vision_platform\ads\pilot\visual_family_smoke_20260722\after_review\dataset\images\vf_00987_negative_asset_98927a24f1a19ae5.png,negative,0,0,0,0,0,0,0,train,content:asset_98927a24f1a19ae5,file_e588c77fd84d3ca8,asset_98927a24f1a19ae5,vision_platform\ads\hard_negative_mining\batch_visual_negative_20260714\crops\hn_000452.png,0
vision_platform\ads\pilot\visual_family_smoke_20260722\after_review\dataset\images\vf_00988_negative_asset_ad9c86e09b91f3cb.png,negative,0,0,0,0,0,0,0,train,content:asset_ad9c86e09b91f3cb,file_a199e1a5f77190e7,asset_ad9c86e09b91f3cb,vision_platform\ads\hard_negative_mining\batch_visual_negative_20260714\crops\hn_000453.png,0
vision_platform\ads\pilot\visual_family_smoke_20260722\after_review\dataset\images\vf_00989_negative_asset_e4ec6fe1e73c8fab.png,negative,0,0,0,0,0,0,0,train,content:asset_e4ec6fe1e73c8fab,file_59796d6bf9b338f9,asset_e4ec6fe1e73c8fab,vision_platform\ads\hard_negative_mining\batch_visual_negative_20260714\crops\hn_000454.png,0
vision_platform\ads\pilot\visual_family_smoke_20260722\after_review\dataset\images\vf_00990_negative_asset_307e5b02106e11f1.png,negative,0,0,0,0,0,0,0,train,content:asset_307e5b02106e11f1,file_87c626cf3e42b73a,asset_307e5b02106e11f1,vision_platform\ads\hard_negative_mining\batch_visual_negative_20260714\crops\hn_000455.png,0
vision_platform\ads\pilot\visual_family_smoke_20260722\after_review\dataset\images\vf_00991_negative_asset_1b00effb5b4f59d7.png,negative,0,0,0,0,0,0,0,train,content:asset_1b00effb5b4f59d7,file_b802e76e37a4a3e0,asset_1b00effb5b4f59d7,vision_platform\ads\hard_negative_mining\batch_visual_negative_20260714\crops\hn_000456.png,0
vision_platform\ads\pilot\visual_family_smoke_20260722\after_review\dataset\images\vf_00992_negative_asset_95f3c8776d31be18.png,negative,0,0,0,0,0,0,0,train,content:asset_95f3c8776d31be18,file_276a28d3463b5cd1,asset_95f3c8776d31be18,vision_platform\ads\hard_negative_mining\batch_visual_negative_20260714\crops\hn_000457.png,0
vision_platform\ads\pilot\visual_family_smoke_20260722\after_review\dataset\images\vf_00993_negative_asset_0d9906356f208687.png,negative,0,0,0,0,0,0,0,train,content:asset_0d9906356f208687,file_f45f37c18153c82f,asset_0d9906356f208687,vision_platform\ads\hard_negative_mining\batch_visual_negative_20260714\crops\hn_000458.png,0
vision_platform\ads\pilot\visual_family_smoke_20260722\after_review\dataset\images\vf_00994_negative_asset_45179bd4f2e585ba.png,negative,0,0,0,0,0,0,0,train,content:asset_45179bd4f2e585ba,file_0f08b035eb6652b0,asset_45179bd4f2e585ba,vision_platform\ads\hard_negative_mining\batch_visual_negative_20260714\crops\hn_000459.png,0
vision_platform\ads\pilot\visual_family_smoke_20260722\after_review\dataset\images\vf_00995_negative_asset_95f3c8776d31be18.png,negative,0,0,0,0,0,0,0,train,content:asset_95f3c8776d31be18,file_426ef8c26be634e5,asset_95f3c8776d31be18,vision_platform\ads\hard_negative_mining\batch_visual_negative_20260714\crops\hn_000460.png,0
vision_platform\ads\pilot\visual_family_smoke_20260722\after_review\dataset\images\vf_00996_negative_asset_0d9906356f208687.png,negative,0,0,0,0,0,0,0,train,content:asset_0d9906356f208687,file_7fbcbc970bab12d6,asset_0d9906356f208687,vision_platform\ads\hard_negative_mining\batch_visual_negative_20260714\crops\hn_000461.png,0
vision_platform\ads\pilot\visual_family_smoke_20260722\after_review\dataset\images\vf_00997_negative_asset_45179bd4f2e585ba.png,negative,0,0,0,0,0,0,0,train,content:asset_45179bd4f2e585ba,file_b34522e8af0adc7c,asset_45179bd4f2e585ba,vision_platform\ads\hard_negative_mining\batch_visual_negative_20260714\crops\hn_000462.png,0
vision_platform\ads\pilot\visual_family_smoke_20260722\after_review\dataset\images\vf_00998_negative_asset_07e1c3cf78b4b917.png,negative,0,0,0,0,0,0,0,train,content:asset_07e1c3cf78b4b917,file_bb81ca257c30b5fa,asset_07e1c3cf78b4b917,vision_platform\ads\hard_negative_mining\batch_visual_negative_20260714\crops\hn_000463.png,0
vision_platform\ads\pilot\visual_family_smoke_20260722\after_review\dataset\images\vf_00999_negative_asset_0456bb695cc0e6b1.png,negative,0,0,0,0,0,0,0,train,content:asset_0456bb695cc0e6b1,file_7fb1e4a6a45e728a,asset_0456bb695cc0e6b1,vision_platform\ads\hard_negative_mining\batch_visual_negative_20260714\crops\hn_000464.png,0
vision_platform\ads\pilot\visual_family_smoke_20260722\after_review\dataset\images\vf_01000_negative_asset_fb7c62ad9232883c.png,negative,0,0,0,0,0,0,0,train,content:asset_fb7c62ad9232883c,file_8aa4dadeeec02720,asset_fb7c62ad9232883c,vision_platform\ads\hard_negative_mining\batch_visual_negative_20260714\crops\hn_000465.png,0
vision_platform\ads\pilot\visual_family_smoke_20260722\after_review\dataset\images\vf_01001_negative_asset_4368d3023586bce9.png,negative,0,0,0,0,0,0,0,train,content:asset_4368d3023586bce9,file_a3352dc74c5f11eb,asset_4368d3023586bce9,vision_platform\ads\hard_negative_mining\batch_visual_negative_20260714\crops\hn_000466.png,0
vision_platform\ads\pilot\visual_family_smoke_20260722\after_review\dataset\images\vf_01002_negative_asset_973d7f536645eaf0.png,negative,0,0,0,0,0,0,0,val,content:asset_973d7f536645eaf0,file_8d1899996bb47db4,asset_973d7f536645eaf0,vision_platform\ads\hard_negative_mining\batch_visual_negative_20260714\crops\hn_000467.png,0
vision_platform\ads\pilot\visual_family_smoke_20260722\after_review\dataset\images\vf_01003_negative_asset_c925c1cbebe902d8.png,negative,0,0,0,0,0,0,0,test,content:asset_c925c1cbebe902d8,file_52352db16febab53,asset_c925c1cbebe902d8,vision_platform\ads\hard_negative_mining\batch_visual_negative_20260714\crops\hn_000468.png,0
vision_platform\ads\pilot\visual_family_smoke_20260722\after_review\dataset\images\vf_01004_negative_asset_37a8095027de793b.png,negative,0,0,0,0,0,0,0,val,content:asset_37a8095027de793b,file_3ada7e051e3adc5b,asset_37a8095027de793b,vision_platform\ads\hard_negative_mining\batch_visual_negative_20260714\crops\hn_000469.png,0
vision_platform\ads\pilot\visual_family_smoke_20260722\after_review\dataset\images\vf_01005_negative_asset_0eb7001fb90c7ab5.png,negative,0,0,0,0,0,0,0,train,content:asset_0eb7001fb90c7ab5,file_2196711fbe063a08,asset_0eb7001fb90c7ab5,vision_platform\ads\hard_negative_mining\batch_visual_negative_20260714\crops\hn_000470.png,0
vision_platform\ads\pilot\visual_family_smoke_20260722\after_review\dataset\images\vf_01006_negative_asset_e81029be4d5f2f38.png,negative,0,0,0,0,0,0,0,train,content:asset_e81029be4d5f2f38,file_a11dbc89164cb5d9,asset_e81029be4d5f2f38,vision_platform\ads\hard_negative_mining\batch_visual_negative_20260714\crops\hn_000471.png,0
vision_platform\ads\pilot\visual_family_smoke_20260722\after_review\dataset\images\vf_01007_negative_asset_0b590b370863f8c6.png,negative,0,0,0,0,0,0,0,train,content:asset_0b590b370863f8c6,file_3fb23508805b4005,asset_0b590b370863f8c6,vision_platform\ads\hard_negative_mining\batch_visual_negative_20260714\crops\hn_000472.png,1
vision_platform\ads\pilot\visual_family_smoke_20260722\after_review\dataset\images\vf_01008_negative_asset_07e1c3cf78b4b917.png,negative,0,0,0,0,0,0,0,train,content:asset_07e1c3cf78b4b917,file_24159310c6ee980f,asset_07e1c3cf78b4b917,vision_platform\ads\hard_negative_mining\batch_visual_negative_20260714\crops\hn_000473.png,0
vision_platform\ads\pilot\visual_family_smoke_20260722\after_review\dataset\images\vf_01009_negative_asset_0456bb695cc0e6b1.png,negative,0,0,0,0,0,0,0,train,content:asset_0456bb695cc0e6b1,file_ecea4baaac531b28,asset_0456bb695cc0e6b1,vision_platform\ads\hard_negative_mining\batch_visual_negative_20260714\crops\hn_000474.png,0
vision_platform\ads\pilot\visual_family_smoke_20260722\after_review\dataset\images\vf_01010_negative_asset_fb7c62ad9232883c.png,negative,0,0,0,0,0,0,0,train,content:asset_fb7c62ad9232883c,file_20e4899f9a0949b3,asset_fb7c62ad9232883c,vision_platform\ads\hard_negative_mining\batch_visual_negative_20260714\crops\hn_000475.png,0
vision_platform\ads\pilot\visual_family_smoke_20260722\after_review\dataset\images\vf_01011_negative_asset_4368d3023586bce9.png,negative,0,0,0,0,0,0,0,train,content:asset_4368d3023586bce9,file_7d257c53c984c767,asset_4368d3023586bce9,vision_platform\ads\hard_negative_mining\batch_visual_negative_20260714\crops\hn_000476.png,0
vision_platform\ads\pilot\visual_family_smoke_20260722\after_review\dataset\images\vf_01012_negative_asset_973d7f536645eaf0.png,negative,0,0,0,0,0,0,0,val,content:asset_973d7f536645eaf0,file_77f4da6c43badf8b,asset_973d7f536645eaf0,vision_platform\ads\hard_negative_mining\batch_visual_negative_20260714\crops\hn_000477.png,0
vision_platform\ads\pilot\visual_family_smoke_20260722\after_review\dataset\images\vf_01013_negative_asset_c925c1cbebe902d8.png,negative,0,0,0,0,0,0,0,test,content:asset_c925c1cbebe902d8,file_3cbf464078475f46,asset_c925c1cbebe902d8,vision_platform\ads\hard_negative_mining\batch_visual_negative_20260714\crops\hn_000478.png,0
vision_platform\ads\pilot\visual_family_smoke_20260722\after_review\dataset\images\vf_01014_negative_asset_37a8095027de793b.png,negative,0,0,0,0,0,0,0,val,content:asset_37a8095027de793b,file_2835bf6b613bb260,asset_37a8095027de793b,vision_platform\ads\hard_negative_mining\batch_visual_negative_20260714\crops\hn_000479.png,0
vision_platform\ads\pilot\visual_family_smoke_20260722\after_review\dataset\images\vf_01015_negative_asset_0eb7001fb90c7ab5.png,negative,0,0,0,0,0,0,0,train,content:asset_0eb7001fb90c7ab5,file_18d1b5108e9f08b8,asset_0eb7001fb90c7ab5,vision_platform\ads\hard_negative_mining\batch_visual_negative_20260714\crops\hn_000480.png,0
vision_platform\ads\pilot\visual_family_smoke_20260722\after_review\dataset\images\vf_01016_negative_asset_e81029be4d5f2f38.png,negative,0,0,0,0,0,0,0,train,content:asset_e81029be4d5f2f38,file_7eaed53e6221e854,asset_e81029be4d5f2f38,vision_platform\ads\hard_negative_mining\batch_visual_negative_20260714\crops\hn_000481.png,0
vision_platform\ads\pilot\visual_family_smoke_20260722\after_review\dataset\images\vf_01017_negative_asset_0b590b370863f8c6.png,negative,0,0,0,0,0,0,0,train,content:asset_0b590b370863f8c6,file_247878eeb2153bcd,asset_0b590b370863f8c6,vision_platform\ads\hard_negative_mining\batch_visual_negative_20260714\crops\hn_000482.png,1
vision_platform\ads\pilot\visual_family_smoke_20260722\after_review\dataset\images\vf_01018_negative_asset_c6b501de27429b96.png,negative,0,0,0,0,0,0,0,val,content:asset_c6b501de27429b96,file_9eee08746eb5772e,asset_c6b501de27429b96,vision_platform\ads\hard_negative_mining\batch_visual_negative_20260714\crops\hn_000483.png,0
vision_platform\ads\pilot\visual_family_smoke_20260722\after_review\dataset\images\vf_01019_negative_asset_be923395b401e764.png,negative,0,0,0,0,0,0,0,val,content:asset_be923395b401e764,file_c71ae0f3a13520fc,asset_be923395b401e764,vision_platform\ads\hard_negative_mining\batch_visual_negative_20260714\crops\hn_000484.png,0
vision_platform\ads\pilot\visual_family_smoke_20260722\after_review\dataset\images\vf_01020_negative_asset_c6b501de27429b96.png,negative,0,0,0,0,0,0,0,val,content:asset_c6b501de27429b96,file_92152b71dcfb2dc1,asset_c6b501de27429b96,vision_platform\ads\hard_negative_mining\batch_visual_negative_20260714\crops\hn_000485.png,0
vision_platform\ads\pilot\visual_family_smoke_20260722\after_review\dataset\images\vf_01021_negative_asset_be923395b401e764.png,negative,0,0,0,0,0,0,0,val,content:asset_be923395b401e764,file_25dbbfdb3b13b598,asset_be923395b401e764,vision_platform\ads\hard_negative_mining\batch_visual_negative_20260714\crops\hn_000486.png,0
vision_platform\ads\pilot\visual_family_smoke_20260722\after_review\dataset\images\vf_01022_negative_asset_c412159d54d19f56.png,negative,0,0,0,0,0,0,0,train,content:asset_c412159d54d19f56,file_698ab4d8dfdaa70c,asset_c412159d54d19f56,vision_platform\ads\hard_negative_mining\batch_visual_negative_20260714\crops\hn_000487.png,0
vision_platform\ads\pilot\visual_family_smoke_20260722\after_review\dataset\images\vf_01023_negative_asset_e3338db9463b440a.png,negative,0,0,0,0,0,0,0,train,content:asset_e3338db9463b440a,file_25cdece063e952b2,asset_e3338db9463b440a,vision_platform\ads\hard_negative_mining\batch_visual_negative_20260714\crops\hn_000488.png,0
vision_platform\ads\pilot\visual_family_smoke_20260722\after_review\dataset\images\vf_01024_negative_asset_a9da8bac3bf76043.png,negative,0,0,0,0,0,0,0,train,content:asset_a9da8bac3bf76043,file_1e09171eccd10a88,asset_a9da8bac3bf76043,vision_platform\ads\hard_negative_mining\batch_visual_negative_20260714\crops\hn_000489.png,0
vision_platform\ads\pilot\visual_family_smoke_20260722\after_review\dataset\images\vf_01025_negative_asset_c412159d54d19f56.png,negative,0,0,0,0,0,0,0,train,content:asset_c412159d54d19f56,file_88b0a092c83df5ed,asset_c412159d54d19f56,vision_platform\ads\hard_negative_mining\batch_visual_negative_20260714\crops\hn_000490.png,0
vision_platform\ads\pilot\visual_family_smoke_20260722\after_review\dataset\images\vf_01026_negative_asset_e3338db9463b440a.png,negative,0,0,0,0,0,0,0,train,content:asset_e3338db9463b440a,file_5f26f1784fef09f1,asset_e3338db9463b440a,vision_platform\ads\hard_negative_mining\batch_visual_negative_20260714\crops\hn_000491.png,0
vision_platform\ads\pilot\visual_family_smoke_20260722\after_review\dataset\images\vf_01027_negative_asset_a9da8bac3bf76043.png,negative,0,0,0,0,0,0,0,train,content:asset_a9da8bac3bf76043,file_06f176974802dfd8,asset_a9da8bac3bf76043,vision_platform\ads\hard_negative_mining\batch_visual_negative_20260714\crops\hn_000492.png,0
vision_platform\ads\pilot\visual_family_smoke_20260722\after_review\dataset\images\vf_01028_negative_asset_b61fa7e905cd1a2f.png,negative,0,0,0,0,0,0,0,train,content:asset_b61fa7e905cd1a2f,file_c736f74bbedbeb30,asset_b61fa7e905cd1a2f,vision_platform\ads\hard_negative_mining\batch_visual_negative_20260714\crops\hn_000493.png,0
vision_platform\ads\pilot\visual_family_smoke_20260722\after_review\dataset\images\vf_01029_negative_asset_c412159d54d19f56.png,negative,0,0,0,0,0,0,0,train,content:asset_c412159d54d19f56,file_cbce7689f2e7b16c,asset_c412159d54d19f56,vision_platform\ads\hard_negative_mining\batch_visual_negative_20260714\crops\hn_000494.png,0
vision_platform\ads\pilot\visual_family_smoke_20260722\after_review\dataset\images\vf_01030_negative_asset_d81ae443cf1200bd.png,negative,0,0,0,0,0,0,0,train,content:asset_d81ae443cf1200bd,file_d681784b24e6089d,asset_d81ae443cf1200bd,vision_platform\ads\hard_negative_mining\batch_visual_negative_20260714\crops\hn_000495.png,0
vision_platform\ads\pilot\visual_family_smoke_20260722\after_review\dataset\images\vf_01031_negative_asset_f7678a5e6f931254.png,negative,0,0,0,0,0,0,0,train,content:asset_f7678a5e6f931254,file_645c5e886e00759e,asset_f7678a5e6f931254,vision_platform\ads\hard_negative_mining\batch_visual_negative_20260714\crops\hn_000496.png,0
vision_platform\ads\pilot\visual_family_smoke_20260722\after_review\dataset\images\vf_01032_negative_asset_a9da8bac3bf76043.png,negative,0,0,0,0,0,0,0,train,content:asset_a9da8bac3bf76043,file_e4dc47555a2f4b23,asset_a9da8bac3bf76043,vision_platform\ads\hard_negative_mining\batch_visual_negative_20260714\crops\hn_000497.png,0
vision_platform\ads\pilot\visual_family_smoke_20260722\after_review\dataset\images\vf_01033_negative_asset_b61fa7e905cd1a2f.png,negative,0,0,0,0,0,0,0,train,content:asset_b61fa7e905cd1a2f,file_62093f5328a11df1,asset_b61fa7e905cd1a2f,vision_platform\ads\hard_negative_mining\batch_visual_negative_20260714\crops\hn_000498.png,0
vision_platform\ads\pilot\visual_family_smoke_20260722\after_review\dataset\images\vf_01034_negative_asset_c412159d54d19f56.png,negative,0,0,0,0,0,0,0,train,content:asset_c412159d54d19f56,file_02fb6342b36397e3,asset_c412159d54d19f56,vision_platform\ads\hard_negative_mining\batch_visual_negative_20260714\crops\hn_000499.png,0
vision_platform\ads\pilot\visual_family_smoke_20260722\after_review\dataset\images\vf_01035_negative_asset_d81ae443cf1200bd.png,negative,0,0,0,0,0,0,0,train,content:asset_d81ae443cf1200bd,file_1cfad5c708d77183,asset_d81ae443cf1200bd,vision_platform\ads\hard_negative_mining\batch_visual_negative_20260714\crops\hn_000500.png,0
vision_platform\ads\pilot\visual_family_smoke_20260722\after_review\dataset\images\vf_01036_negative_asset_f7678a5e6f931254.png,negative,0,0,0,0,0,0,0,train,content:asset_f7678a5e6f931254,file_3ac4684d297103ab,asset_f7678a5e6f931254,vision_platform\ads\hard_negative_mining\batch_visual_negative_20260714\crops\hn_000501.png,0
vision_platform\ads\pilot\visual_family_smoke_20260722\after_review\dataset\images\vf_01037_negative_asset_a9da8bac3bf76043.png,negative,0,0,0,0,0,0,0,train,content:asset_a9da8bac3bf76043,file_4b7519384af52cfa,asset_a9da8bac3bf76043,vision_platform\ads\hard_negative_mining\batch_visual_negative_20260714\crops\hn_000502.png,0
vision_platform\ads\pilot\visual_family_smoke_20260722\after_review\dataset\images\vf_01038_negative_asset_e7fea01bc0b14283.png,negative,0,0,0,0,0,0,0,test,content:asset_e7fea01bc0b14283,file_fb0d7e73125c05cc,asset_e7fea01bc0b14283,vision_platform\ads\hard_negative_mining\batch_visual_negative_20260714\crops\hn_000503.png,0
vision_platform\ads\pilot\visual_family_smoke_20260722\after_review\dataset\images\vf_01039_negative_asset_3f363ed316e8c63b.png,negative,0,0,0,0,0,0,0,train,content:asset_3f363ed316e8c63b,file_9ac929c0e2bb89c7,asset_3f363ed316e8c63b,vision_platform\ads\hard_negative_mining\batch_visual_negative_20260714\crops\hn_000504.png,0
vision_platform\ads\pilot\visual_family_smoke_20260722\after_review\dataset\images\vf_01040_negative_asset_2a0f570b2f00cb3d.png,negative,0,0,0,0,0,0,0,test,content:asset_2a0f570b2f00cb3d,file_54e3bd63fdceb305,asset_2a0f570b2f00cb3d,vision_platform\ads\hard_negative_mining\batch_visual_negative_20260714\crops\hn_000505.png,0
vision_platform\ads\pilot\visual_family_smoke_20260722\after_review\dataset\images\vf_01041_negative_asset_f41984001785bb2e.png,negative,0,0,0,0,0,0,0,train,content:asset_f41984001785bb2e,file_0ca7929710908e6d,asset_f41984001785bb2e,vision_platform\ads\hard_negative_mining\batch_visual_negative_20260714\crops\hn_000506.png,1
vision_platform\ads\pilot\visual_family_smoke_20260722\after_review\dataset\images\vf_01042_negative_asset_07c15594c440c640.png,negative,0,0,0,0,0,0,0,test,content:asset_07c15594c440c640,file_62cb550c0c1eca55,asset_07c15594c440c640,vision_platform\ads\hard_negative_mining\batch_visual_negative_20260714\crops\hn_000507.png,0
vision_platform\ads\pilot\visual_family_smoke_20260722\after_review\dataset\images\vf_01043_negative_asset_d1e153feb5d24055.png,negative,0,0,0,0,0,0,0,train,content:asset_d1e153feb5d24055,file_80109e6312647797,asset_d1e153feb5d24055,vision_platform\ads\hard_negative_mining\batch_visual_negative_20260714\crops\hn_000508.png,0
vision_platform\ads\pilot\visual_family_smoke_20260722\after_review\dataset\images\vf_01044_negative_asset_07c15594c440c640.png,negative,0,0,0,0,0,0,0,test,content:asset_07c15594c440c640,file_87cab4fe9cb57458,asset_07c15594c440c640,vision_platform\ads\hard_negative_mining\batch_visual_negative_20260714\crops\hn_000509.png,0
vision_platform\ads\pilot\visual_family_smoke_20260722\after_review\dataset\images\vf_01045_negative_asset_d1e153feb5d24055.png,negative,0,0,0,0,0,0,0,train,content:asset_d1e153feb5d24055,file_14cc2fd6c233eebc,asset_d1e153feb5d24055,vision_platform\ads\hard_negative_mining\batch_visual_negative_20260714\crops\hn_000510.png,0
vision_platform\ads\pilot\visual_family_smoke_20260722\after_review\dataset\images\vf_01046_negative_asset_8dd5c61457b2b3ad.png,negative,0,0,0,0,0,0,0,train,content:asset_8dd5c61457b2b3ad,file_d0c5fe72a1230b6a,asset_8dd5c61457b2b3ad,vision_platform\ads\hard_negative_mining\batch_visual_negative_20260714\crops\hn_000511.png,0
vision_platform\ads\pilot\visual_family_smoke_20260722\after_review\dataset\images\vf_01047_negative_asset_42ac010188926cee.png,negative,0,0,0,0,0,0,0,train,content:asset_42ac010188926cee,file_3151c7fb58875bdb,asset_42ac010188926cee,vision_platform\ads\hard_negative_mining\batch_visual_negative_20260714\crops\hn_000512.png,0
vision_platform\ads\pilot\visual_family_smoke_20260722\after_review\dataset\images\vf_01048_negative_asset_30eada6e537ba869.png,negative,0,0,0,0,0,0,0,train,content:asset_30eada6e537ba869,file_72f9e642b73ff79f,asset_30eada6e537ba869,vision_platform\ads\hard_negative_mining\batch_visual_negative_20260714\crops\hn_000513.png,1
vision_platform\ads\pilot\visual_family_smoke_20260722\after_review\dataset\images\vf_01049_negative_asset_8dd5c61457b2b3ad.png,negative,0,0,0,0,0,0,0,train,content:asset_8dd5c61457b2b3ad,file_f694c6232887136a,asset_8dd5c61457b2b3ad,vision_platform\ads\hard_negative_mining\batch_visual_negative_20260714\crops\hn_000514.png,0
vision_platform\ads\pilot\visual_family_smoke_20260722\after_review\dataset\images\vf_01050_negative_asset_42ac010188926cee.png,negative,0,0,0,0,0,0,0,train,content:asset_42ac010188926cee,file_4a46dc3b70f345eb,asset_42ac010188926cee,vision_platform\ads\hard_negative_mining\batch_visual_negative_20260714\crops\hn_000515.png,0
vision_platform\ads\pilot\visual_family_smoke_20260722\after_review\dataset\images\vf_01051_negative_asset_30eada6e537ba869.png,negative,0,0,0,0,0,0,0,train,content:asset_30eada6e537ba869,file_ee319f420cecc510,asset_30eada6e537ba869,vision_platform\ads\hard_negative_mining\batch_visual_negative_20260714\crops\hn_000516.png,1
vision_platform\ads\pilot\visual_family_smoke_20260722\after_review\dataset\images\vf_01052_negative_asset_aee12920a8e1635a.png,negative,0,0,0,0,0,0,0,train,content:asset_aee12920a8e1635a,file_2f29f8736a753e53,asset_aee12920a8e1635a,vision_platform\ads\hard_negative_mining\batch_visual_negative_20260714\crops\hn_000517.png,0
vision_platform\ads\pilot\visual_family_smoke_20260722\after_review\dataset\images\vf_01053_negative_asset_6916e15b3e5f02d7.png,negative,0,0,0,0,0,0,0,val,content:asset_6916e15b3e5f02d7,file_923f8f909d6fb52d,asset_6916e15b3e5f02d7,vision_platform\ads\hard_negative_mining\batch_visual_negative_20260714\crops\hn_000518.png,0
vision_platform\ads\pilot\visual_family_smoke_20260722\after_review\dataset\images\vf_01054_negative_asset_4e608738c595692a.png,negative,0,0,0,0,0,0,0,train,content:asset_4e608738c595692a,file_987145385462b025,asset_4e608738c595692a,vision_platform\ads\hard_negative_mining\batch_visual_negative_20260714\crops\hn_000519.png,0
vision_platform\ads\pilot\visual_family_smoke_20260722\after_review\dataset\images\vf_01055_negative_asset_ea66fd1ad75d8afe.png,negative,0,0,0,0,0,0,0,val,content:asset_ea66fd1ad75d8afe,file_0d58c2c54e27a062,asset_ea66fd1ad75d8afe,vision_platform\ads\hard_negative_mining\batch_visual_negative_20260714\crops\hn_000520.png,0
vision_platform\ads\pilot\visual_family_smoke_20260722\after_review\dataset\images\vf_01056_negative_asset_658a08f4cdee1bf6.png,negative,0,0,0,0,0,0,0,test,content:asset_658a08f4cdee1bf6,file_d7b838ad3c7f0f9b,asset_658a08f4cdee1bf6,vision_platform\ads\hard_negative_mining\batch_visual_negative_20260714\crops\hn_000521.png,0
vision_platform\ads\pilot\visual_family_smoke_20260722\after_review\dataset\images\vf_01057_negative_asset_8226bffb9ee871c5.png,negative,0,0,0,0,0,0,0,train,content:asset_8226bffb9ee871c5,file_a57c45f4c381c6f3,asset_8226bffb9ee871c5,vision_platform\ads\hard_negative_mining\batch_visual_negative_20260714\crops\hn_000522.png,1
vision_platform\ads\pilot\visual_family_smoke_20260722\after_review\dataset\images\vf_01058_negative_asset_aec6f5737582ccd6.png,negative,0,0,0,0,0,0,0,train,content:asset_aec6f5737582ccd6,file_39ded8a51a666115,asset_aec6f5737582ccd6,vision_platform\ads\hard_negative_mining\batch_visual_negative_20260714\crops\hn_000523.png,0
vision_platform\ads\pilot\visual_family_smoke_20260722\after_review\dataset\images\vf_01059_negative_asset_f28598b5e6392e36.png,negative,0,0,0,0,0,0,0,val,content:asset_f28598b5e6392e36,file_f9bf2e52219ec041,asset_f28598b5e6392e36,vision_platform\ads\hard_negative_mining\batch_visual_negative_20260714\crops\hn_000524.png,0
vision_platform\ads\pilot\visual_family_smoke_20260722\after_review\dataset\images\vf_01060_negative_asset_cf42023e5725393c.png,negative,0,0,0,0,0,0,0,val,content:asset_cf42023e5725393c,file_f319839a367a699e,asset_cf42023e5725393c,vision_platform\ads\hard_negative_mining\batch_visual_negative_20260714\crops\hn_000525.png,0
vision_platform\ads\pilot\visual_family_smoke_20260722\after_review\dataset\images\vf_01061_negative_asset_aee12920a8e1635a.png,negative,0,0,0,0,0,0,0,train,content:asset_aee12920a8e1635a,file_dbe23edbc0f646fa,asset_aee12920a8e1635a,vision_platform\ads\hard_negative_mining\batch_visual_negative_20260714\crops\hn_000526.png,0
vision_platform\ads\pilot\visual_family_smoke_20260722\after_review\dataset\images\vf_01062_negative_asset_6916e15b3e5f02d7.png,negative,0,0,0,0,0,0,0,val,content:asset_6916e15b3e5f02d7,file_dbf970c1e3ffbc38,asset_6916e15b3e5f02d7,vision_platform\ads\hard_negative_mining\batch_visual_negative_20260714\crops\hn_000527.png,0
vision_platform\ads\pilot\visual_family_smoke_20260722\after_review\dataset\images\vf_01063_negative_asset_4e608738c595692a.png,negative,0,0,0,0,0,0,0,train,content:asset_4e608738c595692a,file_23a787ecef9fdd7c,asset_4e608738c595692a,vision_platform\ads\hard_negative_mining\batch_visual_negative_20260714\crops\hn_000528.png,0
vision_platform\ads\pilot\visual_family_smoke_20260722\after_review\dataset\images\vf_01064_negative_asset_ea66fd1ad75d8afe.png,negative,0,0,0,0,0,0,0,val,content:asset_ea66fd1ad75d8afe,file_8d97298b3157a670,asset_ea66fd1ad75d8afe,vision_platform\ads\hard_negative_mining\batch_visual_negative_20260714\crops\hn_000529.png,0
vision_platform\ads\pilot\visual_family_smoke_20260722\after_review\dataset\images\vf_01065_negative_asset_658a08f4cdee1bf6.png,negative,0,0,0,0,0,0,0,test,content:asset_658a08f4cdee1bf6,file_78e8cb5ac19e8be2,asset_658a08f4cdee1bf6,vision_platform\ads\hard_negative_mining\batch_visual_negative_20260714\crops\hn_000530.png,0
vision_platform\ads\pilot\visual_family_smoke_20260722\after_review\dataset\images\vf_01066_negative_asset_8226bffb9ee871c5.png,negative,0,0,0,0,0,0,0,train,content:asset_8226bffb9ee871c5,file_2b55d011077b8365,asset_8226bffb9ee871c5,vision_platform\ads\hard_negative_mining\batch_visual_negative_20260714\crops\hn_000531.png,1
vision_platform\ads\pilot\visual_family_smoke_20260722\after_review\dataset\images\vf_01067_negative_asset_aec6f5737582ccd6.png,negative,0,0,0,0,0,0,0,train,content:asset_aec6f5737582ccd6,file_fc14f41ec9bfe53c,asset_aec6f5737582ccd6,vision_platform\ads\hard_negative_mining\batch_visual_negative_20260714\crops\hn_000532.png,0
vision_platform\ads\pilot\visual_family_smoke_20260722\after_review\dataset\images\vf_01068_negative_asset_f28598b5e6392e36.png,negative,0,0,0,0,0,0,0,val,content:asset_f28598b5e6392e36,file_128c54ad7658d290,asset_f28598b5e6392e36,vision_platform\ads\hard_negative_mining\batch_visual_negative_20260714\crops\hn_000533.png,0
vision_platform\ads\pilot\visual_family_smoke_20260722\after_review\dataset\images\vf_01069_negative_asset_cf42023e5725393c.png,negative,0,0,0,0,0,0,0,val,content:asset_cf42023e5725393c,file_369d1f8224cacbef,asset_cf42023e5725393c,vision_platform\ads\hard_negative_mining\batch_visual_negative_20260714\crops\hn_000534.png,0
vision_platform\ads\pilot\visual_family_smoke_20260722\after_review\dataset\images\vf_01070_negative_asset_bce3541345c1cf44.png,negative,0,0,0,0,0,0,0,train,content:asset_bce3541345c1cf44,file_ab36935b139816fa,asset_bce3541345c1cf44,vision_platform\ads\hard_negative_mining\batch_visual_negative_20260714\crops\hn_000535.png,0
vision_platform\ads\pilot\visual_family_smoke_20260722\after_review\dataset\images\vf_01071_negative_asset_b8e24783cba5f65a.png,negative,0,0,0,0,0,0,0,train,content:asset_b8e24783cba5f65a,file_f47a194a48eb303f,asset_b8e24783cba5f65a,vision_platform\ads\hard_negative_mining\batch_visual_negative_20260714\crops\hn_000536.png,1
vision_platform\ads\pilot\visual_family_smoke_20260722\after_review\dataset\images\vf_01072_negative_asset_76b5380cb42e727d.png,negative,0,0,0,0,0,0,0,val,content:asset_76b5380cb42e727d,file_fc1afa9c7da4b733,asset_76b5380cb42e727d,vision_platform\ads\hard_negative_mining\batch_visual_negative_20260714\crops\hn_000537.png,0
vision_platform\ads\pilot\visual_family_smoke_20260722\after_review\dataset\images\vf_01073_negative_asset_aaa0d5a713804a65.png,negative,0,0,0,0,0,0,0,train,content:asset_aaa0d5a713804a65,file_7dcfcd1d8a9ce3aa,asset_aaa0d5a713804a65,vision_platform\ads\hard_negative_mining\batch_visual_negative_20260714\crops\hn_000538.png,1
vision_platform\ads\pilot\visual_family_smoke_20260722\after_review\dataset\images\vf_01074_negative_asset_3fe73a234ec58863.png,negative,0,0,0,0,0,0,0,val,content:asset_3fe73a234ec58863,file_9e4bed44b9eab229,asset_3fe73a234ec58863,vision_platform\ads\hard_negative_mining\batch_visual_negative_20260714\crops\hn_000539.png,0
vision_platform\ads\pilot\visual_family_smoke_20260722\after_review\dataset\images\vf_01075_negative_asset_f9cca6c6bc1a4ac0.png,negative,0,0,0,0,0,0,0,test,content:asset_f9cca6c6bc1a4ac0,file_dec70e6f91fd7665,asset_f9cca6c6bc1a4ac0,vision_platform\ads\hard_negative_mining\batch_visual_negative_20260714\crops\hn_000540.png,0
vision_platform\ads\pilot\visual_family_smoke_20260722\after_review\dataset\images\vf_01076_negative_asset_e011f0b8ff9e8ada.png,negative,0,0,0,0,0,0,0,train,content:asset_e011f0b8ff9e8ada,file_9674c85380c83776,asset_e011f0b8ff9e8ada,vision_platform\ads\hard_negative_mining\batch_visual_negative_20260714\crops\hn_000541.png,0
vision_platform\ads\pilot\visual_family_smoke_20260722\after_review\dataset\images\vf_01077_negative_asset_601ca7d61640ccfb.png,negative,0,0,0,0,0,0,0,train,content:asset_601ca7d61640ccfb,file_e994f3b131af2bbb,asset_601ca7d61640ccfb,vision_platform\ads\hard_negative_mining\batch_visual_negative_20260714\crops\hn_000542.png,0
vision_platform\ads\pilot\visual_family_smoke_20260722\after_review\dataset\images\vf_01078_negative_asset_9d9e9a3f6e013250.png,negative,0,0,0,0,0,0,0,train,content:asset_9d9e9a3f6e013250,file_595ca1d96a6158ff,asset_9d9e9a3f6e013250,vision_platform\ads\hard_negative_mining\batch_visual_negative_20260714\crops\hn_000543.png,0
vision_platform\ads\pilot\visual_family_smoke_20260722\after_review\dataset\images\vf_01079_negative_asset_5da219f0f83898a0.png,negative,0,0,0,0,0,0,0,train,content:asset_5da219f0f83898a0,file_14d710915da9aab5,asset_5da219f0f83898a0,vision_platform\ads\hard_negative_mining\batch_visual_negative_20260714\crops\hn_000544.png,0
vision_platform\ads\pilot\visual_family_smoke_20260722\after_review\dataset\images\vf_01080_negative_asset_8e83cc1a03881aef.png,negative,0,0,0,0,0,0,0,train,content:asset_8e83cc1a03881aef,file_84cff02cc92502ee,asset_8e83cc1a03881aef,vision_platform\ads\hard_negative_mining\batch_visual_negative_20260714\crops\hn_000545.png,0
vision_platform\ads\pilot\visual_family_smoke_20260722\after_review\dataset\images\vf_01081_negative_asset_25e21f191981bac8.png,negative,0,0,0,0,0,0,0,train,content:asset_25e21f191981bac8,file_31ac96b566461cb6,asset_25e21f191981bac8,vision_platform\ads\hard_negative_mining\batch_visual_negative_20260714\crops\hn_000546.png,0
vision_platform\ads\pilot\visual_family_smoke_20260722\after_review\dataset\images\vf_01082_negative_asset_aaa0d5a713804a65.png,negative,0,0,0,0,0,0,0,train,content:asset_aaa0d5a713804a65,file_330819cac3745bbd,asset_aaa0d5a713804a65,vision_platform\ads\hard_negative_mining\batch_visual_negative_20260714\crops\hn_000547.png,1
vision_platform\ads\pilot\visual_family_smoke_20260722\after_review\dataset\images\vf_01083_negative_asset_3fe73a234ec58863.png,negative,0,0,0,0,0,0,0,val,content:asset_3fe73a234ec58863,file_92be8bf974e5cc5a,asset_3fe73a234ec58863,vision_platform\ads\hard_negative_mining\batch_visual_negative_20260714\crops\hn_000548.png,0
vision_platform\ads\pilot\visual_family_smoke_20260722\after_review\dataset\images\vf_01084_negative_asset_f9cca6c6bc1a4ac0.png,negative,0,0,0,0,0,0,0,test,content:asset_f9cca6c6bc1a4ac0,file_5b2e17c693b411fe,asset_f9cca6c6bc1a4ac0,vision_platform\ads\hard_negative_mining\batch_visual_negative_20260714\crops\hn_000549.png,0
vision_platform\ads\pilot\visual_family_smoke_20260722\after_review\dataset\images\vf_01085_negative_asset_e011f0b8ff9e8ada.png,negative,0,0,0,0,0,0,0,train,content:asset_e011f0b8ff9e8ada,file_c13a2d81972022d0,asset_e011f0b8ff9e8ada,vision_platform\ads\hard_negative_mining\batch_visual_negative_20260714\crops\hn_000550.png,0
vision_platform\ads\pilot\visual_family_smoke_20260722\after_review\dataset\images\vf_01086_negative_asset_601ca7d61640ccfb.png,negative,0,0,0,0,0,0,0,train,content:asset_601ca7d61640ccfb,file_520ad734884b6ab9,asset_601ca7d61640ccfb,vision_platform\ads\hard_negative_mining\batch_visual_negative_20260714\crops\hn_000551.png,0
vision_platform\ads\pilot\visual_family_smoke_20260722\after_review\dataset\images\vf_01087_negative_asset_9d9e9a3f6e013250.png,negative,0,0,0,0,0,0,0,train,content:asset_9d9e9a3f6e013250,file_3478d422a386ae0a,asset_9d9e9a3f6e013250,vision_platform\ads\hard_negative_mining\batch_visual_negative_20260714\crops\hn_000552.png,0
vision_platform\ads\pilot\visual_family_smoke_20260722\after_review\dataset\images\vf_01088_negative_asset_5da219f0f83898a0.png,negative,0,0,0,0,0,0,0,train,content:asset_5da219f0f83898a0,file_1d40c3390298bb29,asset_5da219f0f83898a0,vision_platform\ads\hard_negative_mining\batch_visual_negative_20260714\crops\hn_000553.png,0
vision_platform\ads\pilot\visual_family_smoke_20260722\after_review\dataset\images\vf_01089_negative_asset_8e83cc1a03881aef.png,negative,0,0,0,0,0,0,0,train,content:asset_8e83cc1a03881aef,file_ee5c0c160d2f8266,asset_8e83cc1a03881aef,vision_platform\ads\hard_negative_mining\batch_visual_negative_20260714\crops\hn_000554.png,0
vision_platform\ads\pilot\visual_family_smoke_20260722\after_review\dataset\images\vf_01090_negative_asset_25e21f191981bac8.png,negative,0,0,0,0,0,0,0,train,content:asset_25e21f191981bac8,file_a5e2fc096b294429,asset_25e21f191981bac8,vision_platform\ads\hard_negative_mining\batch_visual_negative_20260714\crops\hn_000555.png,0
vision_platform\ads\pilot\visual_family_smoke_20260722\after_review\dataset\images\vf_01091_negative_asset_0fdf0fe39326cc6e.png,negative,0,0,0,0,0,0,0,test,content:asset_0fdf0fe39326cc6e,file_45712a59133fb173,asset_0fdf0fe39326cc6e,vision_platform\ads\hard_negative_mining\batch_visual_negative_20260714\crops\hn_000556.png,0
vision_platform\ads\pilot\visual_family_smoke_20260722\after_review\dataset\images\vf_01092_negative_asset_077e8cd494dee233.png,negative,0,0,0,0,0,0,0,train,content:asset_077e8cd494dee233,file_17fe3cf46f69152a,asset_077e8cd494dee233,vision_platform\ads\hard_negative_mining\batch_visual_negative_20260714\crops\hn_000557.png,0
vision_platform\ads\pilot\visual_family_smoke_20260722\after_review\dataset\images\vf_01093_negative_asset_2b6292ad717f73cc.png,negative,0,0,0,0,0,0,0,train,content:asset_2b6292ad717f73cc,file_e972f5889402233d,asset_2b6292ad717f73cc,vision_platform\ads\hard_negative_mining\batch_visual_negative_20260714\crops\hn_000558.png,0
vision_platform\ads\pilot\visual_family_smoke_20260722\after_review\dataset\images\vf_01094_play_triangle_asset_88342de1955d7710.png,play_triangle,0,1,0,0,0,0,0,train,content:asset_88342de1955d7710,file_4b55666f7d26ba68,asset_88342de1955d7710,vision_platform\ads\runtime_collection\click_success\click_success_20260713_080054_581\crops\bbox.png,0
vision_platform\ads\pilot\visual_family_smoke_20260722\after_review\dataset\images\vf_01095_play_triangle_asset_8246d10f6c6dfb69.png,play_triangle,0,1,0,0,0,0,0,train,content:asset_8246d10f6c6dfb69,file_da24a97c4580a385,asset_8246d10f6c6dfb69,vision_platform\ads\runtime_collection\click_success\click_success_20260713_080135_133\crops\bbox.png,0
vision_platform\ads\pilot\visual_family_smoke_20260722\after_review\dataset\images\vf_01096_got_asset_10a60b88bb107d49.png,got,0,0,0,0,0,1,0,train,content:asset_10a60b88bb107d49,file_94c067721838b5a7,asset_10a60b88bb107d49,vision_platform\ads\runtime_collection\click_success\click_success_20260713_080145_040\crops\bbox.png,0
vision_platform\ads\pilot\visual_family_smoke_20260722\after_review\dataset\images\vf_01097_play_triangle_asset_542d5a8ba5e8e090.png,play_triangle,0,1,0,0,0,0,0,val,content:asset_542d5a8ba5e8e090,file_52d5a310ba32c303,asset_542d5a8ba5e8e090,vision_platform\ads\runtime_collection\click_success\click_success_20260713_080151_966\crops\bbox.png,0
vision_platform\ads\pilot\visual_family_smoke_20260722\after_review\dataset\images\vf_01098_play_triangle_asset_b3e20e7760a44b0a.png,play_triangle,0,1,0,0,0,0,0,val,content:asset_b3e20e7760a44b0a,file_993270f6ad69f631,asset_b3e20e7760a44b0a,vision_platform\ads\runtime_collection\click_success\click_success_20260713_080258_516\crops\bbox.png,0
vision_platform\ads\pilot\visual_family_smoke_20260722\after_review\dataset\images\vf_01099_got_asset_056a75a95fd0004a.png,got,0,0,0,0,0,1,0,train,content:asset_056a75a95fd0004a,file_096cbf9643228a54,asset_056a75a95fd0004a,vision_platform\ads\runtime_collection\click_success\click_success_20260713_080308_161\crops\bbox.png,0
vision_platform\ads\pilot\visual_family_smoke_20260722\after_review\dataset\images\vf_01100_play_triangle_asset_1681b89025c9902b.png,play_triangle,0,1,0,0,0,0,0,test,content:asset_1681b89025c9902b,file_7051ab9bc6b4fb7f,asset_1681b89025c9902b,vision_platform\ads\runtime_collection\click_success\click_success_20260713_080316_811\crops\bbox.png,0
vision_platform\ads\pilot\visual_family_smoke_20260722\after_review\dataset\images\vf_01101_play_triangle_asset_57a3a364e16b9e38.png,play_triangle,0,1,0,0,0,0,0,train,content:asset_57a3a364e16b9e38,file_7003e76f1c605201,asset_57a3a364e16b9e38,vision_platform\ads\runtime_collection\click_success\click_success_20260713_080355_864\crops\bbox.png,0
vision_platform\ads\pilot\visual_family_smoke_20260722\after_review\dataset\images\vf_01102_got_asset_3da5069be36e1858.png,got,0,0,0,0,0,1,0,train,content:asset_3da5069be36e1858,file_4b3f40d609b103c8,asset_3da5069be36e1858,vision_platform\ads\runtime_collection\click_success\click_success_20260713_080405_663\crops\bbox.png,0
vision_platform\ads\pilot\visual_family_smoke_20260722\after_review\dataset\images\vf_01103_play_triangle_asset_da86db81efb2b312.png,play_triangle,0,1,0,0,0,0,0,train,content:asset_da86db81efb2b312,file_a9b3de8ef22b83c9,asset_da86db81efb2b312,vision_platform\ads\runtime_collection\click_success\click_success_20260713_080412_253\crops\bbox.png,0
vision_platform\ads\pilot\visual_family_smoke_20260722\after_review\dataset\images\vf_01104_play_triangle_asset_8263ab7cd58c1c1f.png,play_triangle,0,1,0,0,0,0,0,train,content:asset_8263ab7cd58c1c1f,file_89bf80364d6050d5,asset_8263ab7cd58c1c1f,vision_platform\ads\runtime_collection\click_success\click_success_20260713_080451_263\crops\bbox.png,0
vision_platform\ads\pilot\visual_family_smoke_20260722\after_review\dataset\images\vf_01105_got_asset_28434918920405bd.png,got,0,0,0,0,0,1,0,test,content:asset_28434918920405bd,file_f17f0597f4a960bf,asset_28434918920405bd,vision_platform\ads\runtime_collection\click_success\click_success_20260713_080500_682\crops\bbox.png,0
vision_platform\ads\pilot\visual_family_smoke_20260722\after_review\dataset\images\vf_01106_play_triangle_asset_bd0db35d86d5fa07.png,play_triangle,0,1,0,0,0,0,0,train,content:asset_bd0db35d86d5fa07,file_3f84811f20709357,asset_bd0db35d86d5fa07,vision_platform\ads\runtime_collection\click_success\click_success_20260713_080508_706\crops\bbox.png,0
vision_platform\ads\pilot\visual_family_smoke_20260722\after_review\dataset\images\vf_01107_got_asset_fb6f9655e9c30e97.png,got,0,0,0,0,0,1,0,train,content:asset_fb6f9655e9c30e97,file_ef413d45fecc7350,asset_fb6f9655e9c30e97,vision_platform\ads\runtime_collection\click_success\click_success_20260713_080545_818\crops\bbox.png,0
vision_platform\ads\pilot\visual_family_smoke_20260722\after_review\dataset\images\vf_01108_play_triangle_asset_88342de1955d7710.png,play_triangle,0,1,0,0,0,0,0,train,content:asset_88342de1955d7710,file_0ce1716b8f344970,asset_88342de1955d7710,vision_platform\ads\runtime_collection\click_success\click_success_20260713_080711_318\crops\bbox.png,0
vision_platform\ads\pilot\visual_family_smoke_20260722\after_review\dataset\images\vf_01109_play_triangle_asset_52eb220e60027c56.png,play_triangle,0,1,0,0,0,0,0,train,content:asset_52eb220e60027c56,file_80933b388bcd6724,asset_52eb220e60027c56,vision_platform\ads\runtime_collection\click_success\click_success_20260713_080814_562\crops\bbox.png,0
vision_platform\ads\pilot\visual_family_smoke_20260722\after_review\dataset\images\vf_01110_got_asset_7fd813ce3578ef46.png,got,0,0,0,0,0,1,0,train,content:asset_7fd813ce3578ef46,file_fa231e96cc4ad879,asset_7fd813ce3578ef46,vision_platform\ads\runtime_collection\click_success\click_success_20260713_080823_970\crops\bbox.png,0
vision_platform\ads\pilot\visual_family_smoke_20260722\after_review\dataset\images\vf_01111_arrow_asset_de74d2f098c11963.png,arrow,0,0,0,0,0,0,1,test,content:asset_de74d2f098c11963,file_819590d43e808e84,asset_de74d2f098c11963,vision_platform\ads\runtime_collection\click_success\click_success_20260713_080848_828\crops\bbox.png,0
vision_platform\ads\pilot\visual_family_smoke_20260722\after_review\dataset\images\vf_01112_arrow_asset_1a3ff2eb8f7093d8.png,arrow,0,0,0,0,0,0,1,train,content:asset_1a3ff2eb8f7093d8,file_74eb22cf9cc7cda8,asset_1a3ff2eb8f7093d8,vision_platform\ads\runtime_collection\click_success\click_success_20260713_080901_974\crops\bbox.png,0
vision_platform\ads\pilot\visual_family_smoke_20260722\after_review\dataset\images\vf_01113_got_asset_ef8824e2b0e42aaf.png,got,0,0,0,0,0,1,0,train,content:asset_ef8824e2b0e42aaf,file_8c24b44569d0efa9,asset_ef8824e2b0e42aaf,vision_platform\ads\runtime_collection\click_success\click_success_20260713_080907_353\crops\bbox.png,0
vision_platform\ads\pilot\visual_family_smoke_20260722\after_review\dataset\images\vf_01114_play_triangle_asset_1681b89025c9902b.png,play_triangle,0,1,0,0,0,0,0,test,content:asset_1681b89025c9902b,file_30148b2a62e0ad60,asset_1681b89025c9902b,vision_platform\ads\runtime_collection\click_success\click_success_20260713_080913_676\crops\bbox.png,0
vision_platform\ads\pilot\visual_family_smoke_20260722\after_review\dataset\images\vf_01115_play_triangle_asset_7c2cc704821e7c64.png,play_triangle,0,1,0,0,0,0,0,train,content:asset_7c2cc704821e7c64,file_5dd1802e3abed8ce,asset_7c2cc704821e7c64,vision_platform\ads\runtime_collection\click_success\click_success_20260713_081020_456\crops\bbox.png,0
vision_platform\ads\pilot\visual_family_smoke_20260722\after_review\dataset\images\vf_01116_got_asset_d3a2423f432b3a89.png,got,0,0,0,0,0,1,0,train,content:asset_d3a2423f432b3a89,file_25f3ac1b552bd237,asset_d3a2423f432b3a89,vision_platform\ads\runtime_collection\click_success\click_success_20260713_081029_964\crops\bbox.png,0
vision_platform\ads\pilot\visual_family_smoke_20260722\after_review\dataset\images\vf_01117_play_triangle_asset_d0c43c6062f54e39.png,play_triangle,0,1,0,0,0,0,0,train,content:asset_d0c43c6062f54e39,file_5aef0a69d205702c,asset_d0c43c6062f54e39,vision_platform\ads\runtime_collection\click_success\click_success_20260713_081038_362\crops\bbox.png,0
vision_platform\ads\pilot\visual_family_smoke_20260722\after_review\dataset\images\vf_01118_play_triangle_asset_8524767750bea86e.png,play_triangle,0,1,0,0,0,0,0,train,content:asset_8524767750bea86e,file_a54b16efa4d7551a,asset_8524767750bea86e,vision_platform\ads\runtime_collection\click_success\click_success_20260713_081144_892\crops\bbox.png,0
vision_platform\ads\pilot\visual_family_smoke_20260722\after_review\dataset\images\vf_01119_got_asset_e6692a08aff865cc.png,got,0,0,0,0,0,1,0,val,content:asset_e6692a08aff865cc,file_18b5612cf996a0e2,asset_e6692a08aff865cc,vision_platform\ads\runtime_collection\click_success\click_success_20260713_081154_299\crops\bbox.png,0
vision_platform\ads\pilot\visual_family_smoke_20260722\after_review\dataset\images\vf_01120_play_triangle_asset_56f1aad4a5d1e8bc.png,play_triangle,0,1,0,0,0,0,0,train,content:asset_56f1aad4a5d1e8bc,file_6eeb0cbcc44f6725,asset_56f1aad4a5d1e8bc,vision_platform\ads\runtime_collection\click_success\click_success_20260713_081203_020\crops\bbox.png,0
vision_platform\ads\pilot\visual_family_smoke_20260722\after_review\dataset\images\vf_01121_play_triangle_asset_8246d10f6c6dfb69.png,play_triangle,0,1,0,0,0,0,0,train,content:asset_8246d10f6c6dfb69,file_cd87cbee7fb17dd2,asset_8246d10f6c6dfb69,vision_platform\ads\runtime_collection\click_success\click_success_20260713_081251_268\crops\bbox.png,0
vision_platform\ads\pilot\visual_family_smoke_20260722\after_review\dataset\images\vf_01122_got_asset_052743a3536937ab.png,got,0,0,0,0,0,1,0,train,content:asset_052743a3536937ab,file_d47e518578ccb400,asset_052743a3536937ab,vision_platform\ads\runtime_collection\click_success\click_success_20260713_081300_633\crops\bbox.png,0
vision_platform\ads\pilot\visual_family_smoke_20260722\after_review\dataset\images\vf_01123_play_triangle_asset_88342de1955d7710.png,play_triangle,0,1,0,0,0,0,0,train,content:asset_88342de1955d7710,file_69fb836754e891f4,asset_88342de1955d7710,vision_platform\ads\runtime_collection\click_success\click_success_20260713_081501_024\crops\bbox.png,0
vision_platform\ads\pilot\visual_family_smoke_20260722\after_review\dataset\images\vf_01124_x_mark_asset_339992e49e34ab57.png,x_mark,1,0,0,0,0,0,0,train,content:asset_339992e49e34ab57,file_30b93db89322c3ed,asset_339992e49e34ab57,vision_platform\ads\runtime_collection\click_success\click_success_20260713_081518_911\crops\bbox.png,0
vision_platform\ads\pilot\visual_family_smoke_20260722\after_review\dataset\images\vf_01125_got_asset_963baf19279319e4.png,got,0,0,0,0,0,1,0,train,content:asset_963baf19279319e4,file_8530abf2f6494c7a,asset_963baf19279319e4,vision_platform\ads\runtime_collection\click_success\click_success_20260713_081523_978\crops\bbox.png,0
vision_platform\ads\pilot\visual_family_smoke_20260722\after_review\dataset\images\vf_01126_play_triangle_asset_542d5a8ba5e8e090.png,play_triangle,0,1,0,0,0,0,0,val,content:asset_542d5a8ba5e8e090,file_80479f91e8f5495e,asset_542d5a8ba5e8e090,vision_platform\ads\runtime_collection\click_success\click_success_20260713_081529_784\crops\bbox.png,0
vision_platform\ads\pilot\visual_family_smoke_20260722\after_review\dataset\images\vf_01127_x_mark_asset_2117e8b585c0bc87.png,x_mark,1,0,0,0,0,0,0,test,content:asset_2117e8b585c0bc87,file_706ed24dc0f647f5,asset_2117e8b585c0bc87,vision_platform\ads\runtime_collection\click_success\click_success_20260713_081547_761\crops\bbox.png,0
vision_platform\ads\pilot\visual_family_smoke_20260722\after_review\dataset\images\vf_01128_got_asset_737da74c398dd713.png,got,0,0,0,0,0,1,0,train,content:asset_737da74c398dd713,file_15d57ab21d089397,asset_737da74c398dd713,vision_platform\ads\runtime_collection\click_success\click_success_20260713_081552_811\crops\bbox.png,0
vision_platform\ads\pilot\visual_family_smoke_20260722\after_review\dataset\images\vf_01129_play_triangle_asset_1681b89025c9902b.png,play_triangle,0,1,0,0,0,0,0,test,content:asset_1681b89025c9902b,file_db9ed6991b2b35e2,asset_1681b89025c9902b,vision_platform\ads\runtime_collection\click_success\click_success_20260713_081558_495\crops\bbox.png,0
vision_platform\ads\pilot\visual_family_smoke_20260722\after_review\dataset\images\vf_01130_x_mark_asset_497df773d3786fa2.png,x_mark,1,0,0,0,0,0,0,train,content:asset_497df773d3786fa2,file_5ba1025efbe9a527,asset_497df773d3786fa2,vision_platform\ads\runtime_collection\click_success\click_success_20260713_081616_570\crops\bbox.png,0
vision_platform\ads\pilot\visual_family_smoke_20260722\after_review\dataset\images\vf_01131_got_asset_003f01a0aee6b9bc.png,got,0,0,0,0,0,1,0,test,content:asset_003f01a0aee6b9bc,file_a74329e46e350a11,asset_003f01a0aee6b9bc,vision_platform\ads\runtime_collection\click_success\click_success_20260713_081621_578\crops\bbox.png,0
vision_platform\ads\pilot\visual_family_smoke_20260722\after_review\dataset\images\vf_01132_play_triangle_asset_da86db81efb2b312.png,play_triangle,0,1,0,0,0,0,0,train,content:asset_da86db81efb2b312,file_10574d3caef6663b,asset_da86db81efb2b312,vision_platform\ads\runtime_collection\click_success\click_success_20260713_081627_502\crops\bbox.png,0
vision_platform\ads\pilot\visual_family_smoke_20260722\after_review\dataset\images\vf_01133_x_mark_asset_30c8ee229aa044f4.png,x_mark,1,0,0,0,0,0,0,val,content:asset_30c8ee229aa044f4,file_b054d740af129652,asset_30c8ee229aa044f4,vision_platform\ads\runtime_collection\click_success\click_success_20260713_081645_261\crops\bbox.png,0
vision_platform\ads\pilot\visual_family_smoke_20260722\after_review\dataset\images\vf_01134_got_asset_11db72d833ab9f3d.png,got,0,0,0,0,0,1,0,val,content:asset_11db72d833ab9f3d,file_3fb8b5064903ca0c,asset_11db72d833ab9f3d,vision_platform\ads\runtime_collection\click_success\click_success_20260713_081650_337\crops\bbox.png,0
vision_platform\ads\pilot\visual_family_smoke_20260722\after_review\dataset\images\vf_01135_play_triangle_asset_56f1aad4a5d1e8bc.png,play_triangle,0,1,0,0,0,0,0,train,content:asset_56f1aad4a5d1e8bc,file_fd79ffd3d3a51e10,asset_56f1aad4a5d1e8bc,vision_platform\ads\runtime_collection\click_success\click_success_20260713_081656_210\crops\bbox.png,0
vision_platform\ads\pilot\visual_family_smoke_20260722\after_review\dataset\images\vf_01136_x_mark_asset_dfe2e766e76863a7.png,x_mark,1,0,0,0,0,0,0,train,content:asset_dfe2e766e76863a7,file_2a9c4cbc79d3cdd4,asset_dfe2e766e76863a7,vision_platform\ads\runtime_collection\click_success\click_success_20260713_081714_190\crops\bbox.png,0
vision_platform\ads\pilot\visual_family_smoke_20260722\after_review\dataset\images\vf_01137_got_asset_64468130aeae340f.png,got,0,0,0,0,0,1,0,val,content:asset_64468130aeae340f,file_1d474dd251495027,asset_64468130aeae340f,vision_platform\ads\runtime_collection\click_success\click_success_20260713_081719_192\crops\bbox.png,0
vision_platform\ads\pilot\visual_family_smoke_20260722\after_review\dataset\images\vf_01138_play_triangle_asset_88342de1955d7710.png,play_triangle,0,1,0,0,0,0,0,train,content:asset_88342de1955d7710,file_672929415db32729,asset_88342de1955d7710,vision_platform\ads\runtime_collection\click_success\click_success_20260713_081911_232\crops\bbox.png,0
vision_platform\ads\pilot\visual_family_smoke_20260722\after_review\dataset\images\vf_01139_x_mark_asset_fdc90db3b9dedd4d.png,x_mark,1,0,0,0,0,0,0,train,content:asset_fdc90db3b9dedd4d,file_f50bc4b9ee8e7895,asset_fdc90db3b9dedd4d,vision_platform\ads\runtime_collection\click_success\click_success_20260713_081929_330\crops\bbox.png,0
vision_platform\ads\pilot\visual_family_smoke_20260722\after_review\dataset\images\vf_01140_got_asset_3f76ae4068c4ab21.png,got,0,0,0,0,0,1,0,train,content:asset_3f76ae4068c4ab21,file_2099c897741bb7ac,asset_3f76ae4068c4ab21,vision_platform\ads\runtime_collection\click_success\click_success_20260713_081934_414\crops\bbox.png,0
vision_platform\ads\pilot\visual_family_smoke_20260722\after_review\dataset\images\vf_01141_play_triangle_asset_542d5a8ba5e8e090.png,play_triangle,0,1,0,0,0,0,0,val,content:asset_542d5a8ba5e8e090,file_b5d0052acd788220,asset_542d5a8ba5e8e090,vision_platform\ads\runtime_collection\click_success\click_success_20260713_081940_245\crops\bbox.png,0
vision_platform\ads\pilot\visual_family_smoke_20260722\after_review\dataset\images\vf_01142_x_mark_asset_dfe2e766e76863a7.png,x_mark,1,0,0,0,0,0,0,train,content:asset_dfe2e766e76863a7,file_05def3d81c771cda,asset_dfe2e766e76863a7,vision_platform\ads\runtime_collection\click_success\click_success_20260713_081958_183\crops\bbox.png,0
vision_platform\ads\pilot\visual_family_smoke_20260722\after_review\dataset\images\vf_01143_got_asset_3666987badf94225.png,got,0,0,0,0,0,1,0,train,content:asset_3666987badf94225,file_889c5f7849e9e56b,asset_3666987badf94225,vision_platform\ads\runtime_collection\click_success\click_success_20260713_082003_150\crops\bbox.png,0
vision_platform\ads\pilot\visual_family_smoke_20260722\after_review\dataset\images\vf_01144_play_triangle_asset_1681b89025c9902b.png,play_triangle,0,1,0,0,0,0,0,test,content:asset_1681b89025c9902b,file_9d8d4508c8c86c30,asset_1681b89025c9902b,vision_platform\ads\runtime_collection\click_success\click_success_20260713_082008_915\crops\bbox.png,0
vision_platform\ads\pilot\visual_family_smoke_20260722\after_review\dataset\images\vf_01145_x_mark_asset_e18d2d36b4462d42.png,x_mark,1,0,0,0,0,0,0,train,content:asset_e18d2d36b4462d42,file_75f0a3f1005b8cf5,asset_e18d2d36b4462d42,vision_platform\ads\runtime_collection\click_success\click_success_20260713_082026_800\crops\bbox.png,0
vision_platform\ads\pilot\visual_family_smoke_20260722\after_review\dataset\images\vf_01146_got_asset_649ddbb0bb1f8942.png,got,0,0,0,0,0,1,0,val,content:asset_649ddbb0bb1f8942,file_7ba37ba4e13e658e,asset_649ddbb0bb1f8942,vision_platform\ads\runtime_collection\click_success\click_success_20260713_082031_822\crops\bbox.png,0
vision_platform\ads\pilot\visual_family_smoke_20260722\after_review\dataset\images\vf_01147_play_triangle_asset_da86db81efb2b312.png,play_triangle,0,1,0,0,0,0,0,train,content:asset_da86db81efb2b312,file_3525844c4acdff86,asset_da86db81efb2b312,vision_platform\ads\runtime_collection\click_success\click_success_20260713_082037_725\crops\bbox.png,0
vision_platform\ads\pilot\visual_family_smoke_20260722\after_review\dataset\images\vf_01148_x_mark_asset_ee8d8097b6a92785.png,x_mark,1,0,0,0,0,0,0,train,content:asset_ee8d8097b6a92785,file_b33179d5dfc36f66,asset_ee8d8097b6a92785,vision_platform\ads\runtime_collection\click_success\click_success_20260713_082055_561\crops\bbox.png,0
vision_platform\ads\pilot\visual_family_smoke_20260722\after_review\dataset\images\vf_01149_got_asset_ebe1049d4839024b.png,got,0,0,0,0,0,1,0,train,content:asset_ebe1049d4839024b,file_e3f93854a48c596e,asset_ebe1049d4839024b,vision_platform\ads\runtime_collection\click_success\click_success_20260713_082100_584\crops\bbox.png,0
vision_platform\ads\pilot\visual_family_smoke_20260722\after_review\dataset\images\vf_01150_play_triangle_asset_56f1aad4a5d1e8bc.png,play_triangle,0,1,0,0,0,0,0,train,content:asset_56f1aad4a5d1e8bc,file_6075c2b75004a318,asset_56f1aad4a5d1e8bc,vision_platform\ads\runtime_collection\click_success\click_success_20260713_082106_393\crops\bbox.png,0
vision_platform\ads\pilot\visual_family_smoke_20260722\after_review\dataset\images\vf_01151_x_mark_asset_ea6642c3c3ac92c6.png,x_mark,1,0,0,0,0,0,0,test,content:asset_ea6642c3c3ac92c6,file_f2bf26ce0c230be2,asset_ea6642c3c3ac92c6,vision_platform\ads\runtime_collection\click_success\click_success_20260713_082124_182\crops\bbox.png,0
vision_platform\ads\pilot\visual_family_smoke_20260722\after_review\dataset\images\vf_01152_got_asset_bac6666a761e1adc.png,got,0,0,0,0,0,1,0,train,content:asset_bac6666a761e1adc,file_9036c20d93a62e90,asset_bac6666a761e1adc,vision_platform\ads\runtime_collection\click_success\click_success_20260713_082129_269\crops\bbox.png,0
vision_platform\ads\pilot\visual_family_smoke_20260722\after_review\dataset\images\vf_01153_free_asset_83b91869426baa8c.png,free,0,0,0,0,1,0,0,train,content:asset_83b91869426baa8c,file_2d32d81af259db34,asset_83b91869426baa8c,vision_platform\ads\runtime_collection\click_success\click_success_20260713_085553_483\crops\bbox.png,0
vision_platform\ads\pilot\visual_family_smoke_20260722\after_review\dataset\images\vf_01154_x_mark_asset_497df773d3786fa2.png,x_mark,1,0,0,0,0,0,0,train,content:asset_497df773d3786fa2,file_2b98d225f12d47e0,asset_497df773d3786fa2,vision_platform\ads\runtime_collection\click_success\click_success_20260713_085611_661\crops\bbox.png,0
vision_platform\ads\pilot\visual_family_smoke_20260722\after_review\dataset\images\vf_01155_got_asset_5c41eb2044704344.png,got,0,0,0,0,0,1,0,train,content:asset_5c41eb2044704344,file_5aae88bba4e0d939,asset_5c41eb2044704344,vision_platform\ads\runtime_collection\click_success\click_success_20260713_085616_610\crops\bbox.png,0
vision_platform\ads\pilot\visual_family_smoke_20260722\after_review\dataset\images\vf_01156_free_asset_83b91869426baa8c.png,free,0,0,0,0,1,0,0,train,content:asset_83b91869426baa8c,file_e2bd959159fec617,asset_83b91869426baa8c,vision_platform\ads\runtime_collection\click_success\click_success_20260713_085623_123\crops\bbox.png,0
vision_platform\ads\pilot\visual_family_smoke_20260722\after_review\dataset\images\vf_01157_x_mark_asset_11f12a7a90864764.png,x_mark,1,0,0,0,0,0,0,train,content:asset_11f12a7a90864764,file_d6d7b8fe54105f23,asset_11f12a7a90864764,vision_platform\ads\runtime_collection\click_success\click_success_20260713_085640_930\crops\bbox.png,0
vision_platform\ads\pilot\visual_family_smoke_20260722\after_review\dataset\images\vf_01158_got_asset_a58eabf57128a6da.png,got,0,0,0,0,0,1,0,train,content:asset_a58eabf57128a6da,file_a13826c1f7dc3962,asset_a58eabf57128a6da,vision_platform\ads\runtime_collection\click_success\click_success_20260713_085645_842\crops\bbox.png,0
vision_platform\ads\pilot\visual_family_smoke_20260722\after_review\dataset\images\vf_01159_free_asset_f969550042dd8a5c.png,free,0,0,0,0,1,0,0,train,content:asset_f969550042dd8a5c,file_6c2513b39535128b,asset_f969550042dd8a5c,vision_platform\ads\runtime_collection\click_success\click_success_20260713_085652_323\crops\bbox.png,0
vision_platform\ads\pilot\visual_family_smoke_20260722\after_review\dataset\images\vf_01160_x_mark_asset_dfe2e766e76863a7.png,x_mark,1,0,0,0,0,0,0,train,content:asset_dfe2e766e76863a7,file_f5a827ce6ecfcbc9,asset_dfe2e766e76863a7,vision_platform\ads\runtime_collection\click_success\click_success_20260713_085710_406\crops\bbox.png,0
vision_platform\ads\pilot\visual_family_smoke_20260722\after_review\dataset\images\vf_01161_got_asset_5e68128f2f5b8dab.png,got,0,0,0,0,0,1,0,train,content:asset_5e68128f2f5b8dab,file_89f5783d6a5d01a2,asset_5e68128f2f5b8dab,vision_platform\ads\runtime_collection\click_success\click_success_20260713_085715_383\crops\bbox.png,0
vision_platform\ads\pilot\visual_family_smoke_20260722\after_review\dataset\images\vf_01162_free_asset_0f62c98e529b3d06.png,free,0,0,0,0,1,0,0,train,content:asset_0f62c98e529b3d06,file_29945fa12019fd30,asset_0f62c98e529b3d06,vision_platform\ads\runtime_collection\click_success\click_success_20260713_085722_178\crops\bbox.png,0
vision_platform\ads\pilot\visual_family_smoke_20260722\after_review\dataset\images\vf_01163_x_mark_asset_186ef5c07473c5f7.png,x_mark,1,0,0,0,0,0,0,test,content:asset_186ef5c07473c5f7,file_809e2278f198a6c1,asset_186ef5c07473c5f7,vision_platform\ads\runtime_collection\click_success\click_success_20260713_085740_231\crops\bbox.png,0
vision_platform\ads\pilot\visual_family_smoke_20260722\after_review\dataset\images\vf_01164_got_asset_7ea505252b3da083.png,got,0,0,0,0,0,1,0,test,content:asset_7ea505252b3da083,file_74e06e5ceb318bc4,asset_7ea505252b3da083,vision_platform\ads\runtime_collection\click_success\click_success_20260713_085745_144\crops\bbox.png,0
vision_platform\ads\pilot\visual_family_smoke_20260722\after_review\dataset\images\vf_01165_free_asset_cd28afeb00146427.png,free,0,0,0,0,1,0,0,train,content:asset_cd28afeb00146427,file_11a448cc2c021c50,asset_cd28afeb00146427,vision_platform\ads\runtime_collection\click_success\click_success_20260713_085751_923\crops\bbox.png,0
vision_platform\ads\pilot\visual_family_smoke_20260722\after_review\dataset\images\vf_01166_x_mark_asset_11f12a7a90864764.png,x_mark,1,0,0,0,0,0,0,train,content:asset_11f12a7a90864764,file_3e8530f504ae91eb,asset_11f12a7a90864764,vision_platform\ads\runtime_collection\click_success\click_success_20260713_085809_808\crops\bbox.png,0
vision_platform\ads\pilot\visual_family_smoke_20260722\after_review\dataset\images\vf_01167_got_asset_2cc9ebf57e082dc9.png,got,0,0,0,0,0,1,0,test,content:asset_2cc9ebf57e082dc9,file_4ab6e280b19b2c27,asset_2cc9ebf57e082dc9,vision_platform\ads\runtime_collection\click_success\click_success_20260713_085814_733\crops\bbox.png,0
vision_platform\ads\pilot\visual_family_smoke_20260722\after_review\dataset\images\vf_01168_free_asset_cd28afeb00146427.png,free,0,0,0,0,1,0,0,train,content:asset_cd28afeb00146427,file_25576e1587bb3d2c,asset_cd28afeb00146427,vision_platform\ads\runtime_collection\click_success\click_success_20260713_085821_544\crops\bbox.png,0
vision_platform\ads\pilot\visual_family_smoke_20260722\after_review\dataset\images\vf_01169_x_mark_asset_e9a31cd691f5a239.png,x_mark,1,0,0,0,0,0,0,train,content:asset_e9a31cd691f5a239,file_20377abdaa1b4e5b,asset_e9a31cd691f5a239,vision_platform\ads\runtime_collection\click_success\click_success_20260713_085839_414\crops\bbox.png,0
vision_platform\ads\pilot\visual_family_smoke_20260722\after_review\dataset\images\vf_01170_got_asset_00f7d7b29ed47ea4.png,got,0,0,0,0,0,1,0,train,content:asset_00f7d7b29ed47ea4,file_b651671549196160,asset_00f7d7b29ed47ea4,vision_platform\ads\runtime_collection\click_success\click_success_20260713_085844_232\crops\bbox.png,0
vision_platform\ads\pilot\visual_family_smoke_20260722\after_review\dataset\images\vf_01171_x_mark_asset_5643b71b7351e12b.png,x_mark,1,0,0,0,0,0,0,train,content:asset_5643b71b7351e12b,file_61ea568b16c69a4a,asset_5643b71b7351e12b,vision_platform\ads\runtime_collection\click_success\click_success_20260713_085911_846\crops\bbox.png,0
vision_platform\ads\pilot\visual_family_smoke_20260722\after_review\dataset\images\vf_01172_x_mark_asset_13567d4eacd981a8.png,x_mark,1,0,0,0,0,0,0,val,content:asset_13567d4eacd981a8,file_22c6d5ea5f4ac98b,asset_13567d4eacd981a8,vision_platform\ads\runtime_collection\click_success\click_success_20260713_085925_098\crops\bbox.png,0
vision_platform\ads\pilot\visual_family_smoke_20260722\after_review\dataset\images\vf_01173_got_asset_a91cc48870a330e4.png,got,0,0,0,0,0,1,0,train,content:asset_a91cc48870a330e4,file_5bfda3c051041ad2,asset_a91cc48870a330e4,vision_platform\ads\runtime_collection\click_success\click_success_20260713_085930_193\crops\bbox.png,0
vision_platform\ads\pilot\visual_family_smoke_20260722\after_review\dataset\images\vf_01174_x_mark_asset_de7b8c7922f1f900.png,x_mark,1,0,0,0,0,0,0,train,content:asset_de7b8c7922f1f900,file_feba933493202f49,asset_de7b8c7922f1f900,vision_platform\ads\runtime_collection\click_success\click_success_20260713_085957_142\crops\bbox.png,0
vision_platform\ads\pilot\visual_family_smoke_20260722\after_review\dataset\images\vf_01175_got_asset_8563daf0cc5f8eee.png,got,0,0,0,0,0,1,0,train,content:asset_8563daf0cc5f8eee,file_ac40e0b46fb02e4d,asset_8563daf0cc5f8eee,vision_platform\ads\runtime_collection\click_success\click_success_20260713_090002_331\crops\bbox.png,0
vision_platform\ads\pilot\visual_family_smoke_20260722\after_review\dataset\images\vf_01176_play_triangle_asset_88342de1955d7710.png,play_triangle,0,1,0,0,0,0,0,train,content:asset_88342de1955d7710,file_107b4cb1288bc630,asset_88342de1955d7710,vision_platform\ads\runtime_collection\click_success\click_success_20260713_090150_924\crops\bbox.png,0
vision_platform\ads\pilot\visual_family_smoke_20260722\after_review\dataset\images\vf_01177_x_mark_asset_90ce48e4e47a01c1.png,x_mark,1,0,0,0,0,0,0,train,content:asset_90ce48e4e47a01c1,file_94f1bde14ac54667,asset_90ce48e4e47a01c1,vision_platform\ads\runtime_collection\click_success\click_success_20260713_090208_867\crops\bbox.png,0
vision_platform\ads\pilot\visual_family_smoke_20260722\after_review\dataset\images\vf_01178_got_asset_dea8ae9d91e5e666.png,got,0,0,0,0,0,1,0,val,content:asset_dea8ae9d91e5e666,file_0d067cdbf10452a5,asset_dea8ae9d91e5e666,vision_platform\ads\runtime_collection\click_success\click_success_20260713_090213_965\crops\bbox.png,0
vision_platform\ads\pilot\visual_family_smoke_20260722\after_review\dataset\images\vf_01179_play_triangle_asset_542d5a8ba5e8e090.png,play_triangle,0,1,0,0,0,0,0,val,content:asset_542d5a8ba5e8e090,file_87ac57244ab5f299,asset_542d5a8ba5e8e090,vision_platform\ads\runtime_collection\click_success\click_success_20260713_090219_764\crops\bbox.png,0
vision_platform\ads\pilot\visual_family_smoke_20260722\after_review\dataset\images\vf_01180_x_mark_asset_6245704c040830e6.png,x_mark,1,0,0,0,0,0,0,train,content:asset_6245704c040830e6,file_22ff620fe77cc31e,asset_6245704c040830e6,vision_platform\ads\runtime_collection\click_success\click_success_20260713_090237_721\crops\bbox.png,0
vision_platform\ads\pilot\visual_family_smoke_20260722\after_review\dataset\images\vf_01181_got_asset_2a225f2e94246f95.png,got,0,0,0,0,0,1,0,train,content:asset_2a225f2e94246f95,file_e48611eca572140a,asset_2a225f2e94246f95,vision_platform\ads\runtime_collection\click_success\click_success_20260713_090242_795\crops\bbox.png,0
vision_platform\ads\pilot\visual_family_smoke_20260722\after_review\dataset\images\vf_01182_play_triangle_asset_1681b89025c9902b.png,play_triangle,0,1,0,0,0,0,0,test,content:asset_1681b89025c9902b,file_b9fda2c43c5f7e13,asset_1681b89025c9902b,vision_platform\ads\runtime_collection\click_success\click_success_20260713_090248_537\crops\bbox.png,0
vision_platform\ads\pilot\visual_family_smoke_20260722\after_review\dataset\images\vf_01183_x_mark_asset_2117e8b585c0bc87.png,x_mark,1,0,0,0,0,0,0,test,content:asset_2117e8b585c0bc87,file_e3f11b73be192b16,asset_2117e8b585c0bc87,vision_platform\ads\runtime_collection\click_success\click_success_20260713_090306_881\crops\bbox.png,0
vision_platform\ads\pilot\visual_family_smoke_20260722\after_review\dataset\images\vf_01184_got_asset_3911db3a08d8407c.png,got,0,0,0,0,0,1,0,train,content:asset_3911db3a08d8407c,file_8bd6e958d40d0a1b,asset_3911db3a08d8407c,vision_platform\ads\runtime_collection\click_success\click_success_20260713_090311_972\crops\bbox.png,0
vision_platform\ads\pilot\visual_family_smoke_20260722\after_review\dataset\images\vf_01185_play_triangle_asset_da86db81efb2b312.png,play_triangle,0,1,0,0,0,0,0,train,content:asset_da86db81efb2b312,file_67b6becbf74cb4f1,asset_da86db81efb2b312,vision_platform\ads\runtime_collection\click_success\click_success_20260713_090317_809\crops\bbox.png,0
vision_platform\ads\pilot\visual_family_smoke_20260722\after_review\dataset\images\vf_01186_x_mark_asset_3603e8e8712294aa.png,x_mark,1,0,0,0,0,0,0,train,content:asset_3603e8e8712294aa,file_c3c020f092590994,asset_3603e8e8712294aa,vision_platform\ads\runtime_collection\click_success\click_success_20260713_090335_921\crops\bbox.png,0
vision_platform\ads\pilot\visual_family_smoke_20260722\after_review\dataset\images\vf_01187_got_asset_49afee44f4eb1fa6.png,got,0,0,0,0,0,1,0,train,content:asset_49afee44f4eb1fa6,file_ce79f73ed3186b0d,asset_49afee44f4eb1fa6,vision_platform\ads\runtime_collection\click_success\click_success_20260713_090340_942\crops\bbox.png,0
vision_platform\ads\pilot\visual_family_smoke_20260722\after_review\dataset\images\vf_01188_play_triangle_asset_56f1aad4a5d1e8bc.png,play_triangle,0,1,0,0,0,0,0,train,content:asset_56f1aad4a5d1e8bc,file_eb313578ce0e8ad1,asset_56f1aad4a5d1e8bc,vision_platform\ads\runtime_collection\click_success\click_success_20260713_090346_734\crops\bbox.png,0
vision_platform\ads\pilot\visual_family_smoke_20260722\after_review\dataset\images\vf_01189_x_mark_asset_6245704c040830e6.png,x_mark,1,0,0,0,0,0,0,train,content:asset_6245704c040830e6,file_1aef1805ac019b89,asset_6245704c040830e6,vision_platform\ads\runtime_collection\click_success\click_success_20260713_090404_778\crops\bbox.png,0
vision_platform\ads\pilot\visual_family_smoke_20260722\after_review\dataset\images\vf_01190_got_asset_28ce3027c4b3f3b5.png,got,0,0,0,0,0,1,0,train,content:asset_28ce3027c4b3f3b5,file_f9f17c7bbbe70566,asset_28ce3027c4b3f3b5,vision_platform\ads\runtime_collection\click_success\click_success_20260713_090409_815\crops\bbox.png,0
vision_platform\ads\pilot\visual_family_smoke_20260722\after_review\dataset\images\vf_01191_free_asset_83b91869426baa8c.png,free,0,0,0,0,1,0,0,train,content:asset_83b91869426baa8c,file_a6dcd08b6131a096,asset_83b91869426baa8c,vision_platform\ads\runtime_collection\click_success\click_success_20260713_092236_610\crops\bbox.png,0
vision_platform\ads\pilot\visual_family_smoke_20260722\after_review\dataset\images\vf_01192_x_mark_asset_eaa49f6694344ff9.png,x_mark,1,0,0,0,0,0,0,val,content:asset_eaa49f6694344ff9,file_05ef3bfa3c39ee51,asset_eaa49f6694344ff9,vision_platform\ads\runtime_collection\click_success\click_success_20260713_092259_291\crops\bbox.png,0
vision_platform\ads\pilot\visual_family_smoke_20260722\after_review\dataset\images\vf_01193_got_asset_b4c1b399a527bf19.png,got,0,0,0,0,0,1,0,train,content:asset_b4c1b399a527bf19,file_a0e42b51ed07b933,asset_b4c1b399a527bf19,vision_platform\ads\runtime_collection\click_success\click_success_20260713_092304_232\crops\bbox.png,0
vision_platform\ads\pilot\visual_family_smoke_20260722\after_review\dataset\images\vf_01194_free_asset_83b91869426baa8c.png,free,0,0,0,0,1,0,0,train,content:asset_83b91869426baa8c,file_acd7a48387f3eb34,asset_83b91869426baa8c,vision_platform\ads\runtime_collection\click_success\click_success_20260713_092310_697\crops\bbox.png,0
vision_platform\ads\pilot\visual_family_smoke_20260722\after_review\dataset\images\vf_01195_x_mark_asset_ea6642c3c3ac92c6.png,x_mark,1,0,0,0,0,0,0,test,content:asset_ea6642c3c3ac92c6,file_399bc34ef8ddbc74,asset_ea6642c3c3ac92c6,vision_platform\ads\runtime_collection\click_success\click_success_20260713_092328_718\crops\bbox.png,0
vision_platform\ads\pilot\visual_family_smoke_20260722\after_review\dataset\images\vf_01196_got_asset_122938791c6b146a.png,got,0,0,0,0,0,1,0,test,content:asset_122938791c6b146a,file_8d4e790d85b34365,asset_122938791c6b146a,vision_platform\ads\runtime_collection\click_success\click_success_20260713_092333_686\crops\bbox.png,0
vision_platform\ads\pilot\visual_family_smoke_20260722\after_review\dataset\images\vf_01197_free_asset_f969550042dd8a5c.png,free,0,0,0,0,1,0,0,train,content:asset_f969550042dd8a5c,file_299fc7f5bf0cc61f,asset_f969550042dd8a5c,vision_platform\ads\runtime_collection\click_success\click_success_20260713_092340_435\crops\bbox.png,0
vision_platform\ads\pilot\visual_family_smoke_20260722\after_review\dataset\images\vf_01198_x_mark_asset_507e8cbb255ddbba.png,x_mark,1,0,0,0,0,0,0,train,content:asset_507e8cbb255ddbba,file_ad7e4eb378125644,asset_507e8cbb255ddbba,vision_platform\ads\runtime_collection\click_success\click_success_20260713_092358_638\crops\bbox.png,0
vision_platform\ads\pilot\visual_family_smoke_20260722\after_review\dataset\images\vf_01199_got_asset_ff4135452321c27d.png,got,0,0,0,0,0,1,0,test,content:asset_ff4135452321c27d,file_92496cc044399074,asset_ff4135452321c27d,vision_platform\ads\runtime_collection\click_success\click_success_20260713_092403_554\crops\bbox.png,0
vision_platform\ads\pilot\visual_family_smoke_20260722\after_review\dataset\images\vf_01200_free_asset_0f62c98e529b3d06.png,free,0,0,0,0,1,0,0,train,content:asset_0f62c98e529b3d06,file_5037ba8f8428854c,asset_0f62c98e529b3d06,vision_platform\ads\runtime_collection\click_success\click_success_20260713_092410_770\crops\bbox.png,0
vision_platform\ads\pilot\visual_family_smoke_20260722\after_review\dataset\images\vf_01201_x_mark_asset_e18d2d36b4462d42.png,x_mark,1,0,0,0,0,0,0,train,content:asset_e18d2d36b4462d42,file_ef5e65b9f913f3ba,asset_e18d2d36b4462d42,vision_platform\ads\runtime_collection\click_success\click_success_20260713_092428_852\crops\bbox.png,0
vision_platform\ads\pilot\visual_family_smoke_20260722\after_review\dataset\images\vf_01202_got_asset_42640b7956e1a5af.png,got,0,0,0,0,0,1,0,train,content:asset_42640b7956e1a5af,file_6baeafdbf1505b34,asset_42640b7956e1a5af,vision_platform\ads\runtime_collection\click_success\click_success_20260713_092433_793\crops\bbox.png,0
vision_platform\ads\pilot\visual_family_smoke_20260722\after_review\dataset\images\vf_01203_free_asset_cd28afeb00146427.png,free,0,0,0,0,1,0,0,train,content:asset_cd28afeb00146427,file_ab90d0a0298a6948,asset_cd28afeb00146427,vision_platform\ads\runtime_collection\click_success\click_success_20260713_092440_855\crops\bbox.png,0
vision_platform\ads\pilot\visual_family_smoke_20260722\after_review\dataset\images\vf_01204_x_mark_asset_30c8ee229aa044f4.png,x_mark,1,0,0,0,0,0,0,val,content:asset_30c8ee229aa044f4,file_87d9500c65b6a4f2,asset_30c8ee229aa044f4,vision_platform\ads\runtime_collection\click_success\click_success_20260713_092459_030\crops\bbox.png,0
vision_platform\ads\pilot\visual_family_smoke_20260722\after_review\dataset\images\vf_01205_got_asset_d66a3b4c3a54e582.png,got,0,0,0,0,0,1,0,train,content:asset_d66a3b4c3a54e582,file_84a8d2e130401c22,asset_d66a3b4c3a54e582,vision_platform\ads\runtime_collection\click_success\click_success_20260713_092504_003\crops\bbox.png,0
vision_platform\ads\pilot\visual_family_smoke_20260722\after_review\dataset\images\vf_01206_free_asset_cd28afeb00146427.png,free,0,0,0,0,1,0,0,train,content:asset_cd28afeb00146427,file_42bf27b449a4c57a,asset_cd28afeb00146427,vision_platform\ads\runtime_collection\click_success\click_success_20260713_092511_425\crops\bbox.png,0
vision_platform\ads\pilot\visual_family_smoke_20260722\after_review\dataset\images\vf_01207_x_mark_asset_6cc55a7b44c3cff4.png,x_mark,1,0,0,0,0,0,0,val,content:asset_6cc55a7b44c3cff4,file_e1121a57558fb4d8,asset_6cc55a7b44c3cff4,vision_platform\ads\runtime_collection\click_success\click_success_20260713_092529_928\crops\bbox.png,0
vision_platform\ads\pilot\visual_family_smoke_20260722\after_review\dataset\images\vf_01208_got_asset_cd7bd45565e944d8.png,got,0,0,0,0,0,1,0,test,content:asset_cd7bd45565e944d8,file_3606147f537f0ca8,asset_cd7bd45565e944d8,vision_platform\ads\runtime_collection\click_success\click_success_20260713_092534_935\crops\bbox.png,0
vision_platform\ads\pilot\visual_family_smoke_20260722\after_review\dataset\images\vf_01209_x_mark_asset_6335f512afc499b7.png,x_mark,1,0,0,0,0,0,0,test,content:asset_6335f512afc499b7,file_910704808a5e9385,asset_6335f512afc499b7,vision_platform\ads\runtime_collection\click_success\click_success_20260713_092617_850\crops\bbox.png,0
vision_platform\ads\pilot\visual_family_smoke_20260722\after_review\dataset\images\vf_01210_got_asset_6555ba34f68fbad7.png,got,0,0,0,0,0,1,0,train,content:asset_6555ba34f68fbad7,file_8162960727650f5f,asset_6555ba34f68fbad7,vision_platform\ads\runtime_collection\click_success\click_success_20260713_092623_009\crops\bbox.png,0
vision_platform\ads\pilot\visual_family_smoke_20260722\after_review\dataset\images\vf_01211_x_mark_asset_98c24948b203b45b.png,x_mark,1,0,0,0,0,0,0,train,content:asset_98c24948b203b45b,file_7355bcb1bf51b0e6,asset_98c24948b203b45b,vision_platform\ads\runtime_collection\click_success\click_success_20260713_092637_056\crops\bbox.png,0
vision_platform\ads\pilot\visual_family_smoke_20260722\after_review\dataset\images\vf_01212_x_mark_asset_9e1fb426ba026819.png,x_mark,1,0,0,0,0,0,0,val,content:asset_9e1fb426ba026819,file_aaef03b0d97202b8,asset_9e1fb426ba026819,vision_platform\ads\runtime_collection\click_success\click_success_20260713_092646_757\crops\bbox.png,0
vision_platform\ads\pilot\visual_family_smoke_20260722\after_review\dataset\images\vf_01213_got_asset_5d48d448576b133c.png,got,0,0,0,0,0,1,0,train,content:asset_5d48d448576b133c,file_e3d10cbaef88c1de,asset_5d48d448576b133c,vision_platform\ads\runtime_collection\click_success\click_success_20260713_092651_933\crops\bbox.png,0
vision_platform\ads\pilot\visual_family_smoke_20260722\after_review\dataset\images\vf_01214_play_triangle_asset_88342de1955d7710.png,play_triangle,0,1,0,0,0,0,0,train,content:asset_88342de1955d7710,file_91d2283860b96df5,asset_88342de1955d7710,vision_platform\ads\runtime_collection\click_success\click_success_20260713_092817_744\crops\bbox.png,0
vision_platform\ads\pilot\visual_family_smoke_20260722\after_review\dataset\images\vf_01215_x_mark_asset_dfe2e766e76863a7.png,x_mark,1,0,0,0,0,0,0,train,content:asset_dfe2e766e76863a7,file_32bf64afd9c4411a,asset_dfe2e766e76863a7,vision_platform\ads\runtime_collection\click_success\click_success_20260713_092835_996\crops\bbox.png,0
vision_platform\ads\pilot\visual_family_smoke_20260722\after_review\dataset\images\vf_01216_got_asset_054e2d14776c7eaa.png,got,0,0,0,0,0,1,0,train,content:asset_054e2d14776c7eaa,file_d86e984d901f001c,asset_054e2d14776c7eaa,vision_platform\ads\runtime_collection\click_success\click_success_20260713_092841_138\crops\bbox.png,0
vision_platform\ads\pilot\visual_family_smoke_20260722\after_review\dataset\images\vf_01217_play_triangle_asset_542d5a8ba5e8e090.png,play_triangle,0,1,0,0,0,0,0,val,content:asset_542d5a8ba5e8e090,file_98b7978876377b57,asset_542d5a8ba5e8e090,vision_platform\ads\runtime_collection\click_success\click_success_20260713_092847_103\crops\bbox.png,0
vision_platform\ads\pilot\visual_family_smoke_20260722\after_review\dataset\images\vf_01218_x_mark_asset_36e63d1e55168e8f.png,x_mark,1,0,0,0,0,0,0,train,content:asset_36e63d1e55168e8f,file_5112e13caf63a384,asset_36e63d1e55168e8f,vision_platform\ads\runtime_collection\click_success\click_success_20260713_092905_503\crops\bbox.png,0
vision_platform\ads\pilot\visual_family_smoke_20260722\after_review\dataset\images\vf_01219_got_asset_ab19bac3e1d1fc80.png,got,0,0,0,0,0,1,0,test,content:asset_ab19bac3e1d1fc80,file_5127788b0383ad92,asset_ab19bac3e1d1fc80,vision_platform\ads\runtime_collection\click_success\click_success_20260713_092910_536\crops\bbox.png,0
vision_platform\ads\pilot\visual_family_smoke_20260722\after_review\dataset\images\vf_01220_play_triangle_asset_1681b89025c9902b.png,play_triangle,0,1,0,0,0,0,0,test,content:asset_1681b89025c9902b,file_17c41195373d39df,asset_1681b89025c9902b,vision_platform\ads\runtime_collection\click_success\click_success_20260713_092916_449\crops\bbox.png,0
vision_platform\ads\pilot\visual_family_smoke_20260722\after_review\dataset\images\vf_01221_x_mark_asset_90ce48e4e47a01c1.png,x_mark,1,0,0,0,0,0,0,train,content:asset_90ce48e4e47a01c1,file_0b95398e6c4be8d8,asset_90ce48e4e47a01c1,vision_platform\ads\runtime_collection\click_success\click_success_20260713_092934_813\crops\bbox.png,0
vision_platform\ads\pilot\visual_family_smoke_20260722\after_review\dataset\images\vf_01222_got_asset_fe628b894f9e9d17.png,got,0,0,0,0,0,1,0,train,content:asset_fe628b894f9e9d17,file_fbaa02f8549aa9f7,asset_fe628b894f9e9d17,vision_platform\ads\runtime_collection\click_success\click_success_20260713_092939_863\crops\bbox.png,0
vision_platform\ads\pilot\visual_family_smoke_20260722\after_review\dataset\images\vf_01223_play_triangle_asset_da86db81efb2b312.png,play_triangle,0,1,0,0,0,0,0,train,content:asset_da86db81efb2b312,file_3f18d06520b7ad61,asset_da86db81efb2b312,vision_platform\ads\runtime_collection\click_success\click_success_20260713_092945_822\crops\bbox.png,0
vision_platform\ads\pilot\visual_family_smoke_20260722\after_review\dataset\images\vf_01224_x_mark_asset_7a4697aa90795534.png,x_mark,1,0,0,0,0,0,0,val,content:asset_7a4697aa90795534,file_8206cc5578bc22ba,asset_7a4697aa90795534,vision_platform\ads\runtime_collection\click_success\click_success_20260713_093004_075\crops\bbox.png,0
vision_platform\ads\pilot\visual_family_smoke_20260722\after_review\dataset\images\vf_01225_got_asset_9e94bd7f0e647f3d.png,got,0,0,0,0,0,1,0,train,content:asset_9e94bd7f0e647f3d,file_4170949ace142843,asset_9e94bd7f0e647f3d,vision_platform\ads\runtime_collection\click_success\click_success_20260713_093009_136\crops\bbox.png,0
vision_platform\ads\pilot\visual_family_smoke_20260722\after_review\dataset\images\vf_01226_play_triangle_asset_56f1aad4a5d1e8bc.png,play_triangle,0,1,0,0,0,0,0,train,content:asset_56f1aad4a5d1e8bc,file_28f5c856364afeff,asset_56f1aad4a5d1e8bc,vision_platform\ads\runtime_collection\click_success\click_success_20260713_093014_935\crops\bbox.png,0
vision_platform\ads\pilot\visual_family_smoke_20260722\after_review\dataset\images\vf_01227_x_mark_asset_6610b5dfb445dd5f.png,x_mark,1,0,0,0,0,0,0,train,content:asset_6610b5dfb445dd5f,file_2d90d832b7fe97b8,asset_6610b5dfb445dd5f,vision_platform\ads\runtime_collection\click_success\click_success_20260713_093033_128\crops\bbox.png,0
vision_platform\ads\pilot\visual_family_smoke_20260722\after_review\dataset\images\vf_01228_got_asset_f6644fda6fd59f54.png,got,0,0,0,0,0,1,0,train,content:asset_f6644fda6fd59f54,file_a2e7dd396ff48987,asset_f6644fda6fd59f54,vision_platform\ads\runtime_collection\click_success\click_success_20260713_093038_210\crops\bbox.png,0
vision_platform\ads\pilot\visual_family_smoke_20260722\after_review\dataset\images\vf_01229_free_asset_83b91869426baa8c.png,free,0,0,0,0,1,0,0,train,content:asset_83b91869426baa8c,file_ee09c70dd73a299b,asset_83b91869426baa8c,vision_platform\ads\runtime_collection\click_success\click_success_20260713_094810_782\crops\bbox.png,0
vision_platform\ads\pilot\visual_family_smoke_20260722\after_review\dataset\images\vf_01230_play_triangle_asset_ff5fa003b27b535b.png,play_triangle,0,1,0,0,0,0,0,train,content:asset_ff5fa003b27b535b,file_ee0387d4d77b785c,asset_ff5fa003b27b535b,vision_platform\ads\runtime_collection\click_success\click_success_20260713_094919_639\crops\bbox.png,0
vision_platform\ads\pilot\visual_family_smoke_20260722\after_review\dataset\images\vf_01231_got_asset_97db52526fea1d31.png,got,0,0,0,0,0,1,0,test,content:asset_97db52526fea1d31,file_f9a4d13ef3124789,asset_97db52526fea1d31,vision_platform\ads\runtime_collection\click_success\click_success_20260713_094928_844\crops\bbox.png,0
vision_platform\ads\pilot\visual_family_smoke_20260722\after_review\dataset\images\vf_01232_play_triangle_asset_22931ff7d50a4007.png,play_triangle,0,1,0,0,0,0,0,train,content:asset_22931ff7d50a4007,file_3c1dd248079e27eb,asset_22931ff7d50a4007,vision_platform\ads\runtime_collection\click_success\click_success_20260713_095042_528\crops\bbox.png,0
vision_platform\ads\pilot\visual_family_smoke_20260722\after_review\dataset\images\vf_01233_got_asset_cbed584f4a7a79fc.png,got,0,0,0,0,0,1,0,val,content:asset_cbed584f4a7a79fc,file_11d37ff21c14074b,asset_cbed584f4a7a79fc,vision_platform\ads\runtime_collection\click_success\click_success_20260713_095051_741\crops\bbox.png,0
vision_platform\ads\pilot\visual_family_smoke_20260722\after_review\dataset\images\vf_01234_free_asset_f969550042dd8a5c.png,free,0,0,0,0,1,0,0,train,content:asset_f969550042dd8a5c,file_58f0089e63510c13,asset_f969550042dd8a5c,vision_platform\ads\runtime_collection\click_success\click_success_20260713_095100_859\crops\bbox.png,0
vision_platform\ads\pilot\visual_family_smoke_20260722\after_review\dataset\images\vf_01235_play_triangle_asset_7c2cc704821e7c64.png,play_triangle,0,1,0,0,0,0,0,train,content:asset_7c2cc704821e7c64,file_8b0c0a1b8dcc6487,asset_7c2cc704821e7c64,vision_platform\ads\runtime_collection\click_success\click_success_20260713_095207_013\crops\bbox.png,0
vision_platform\ads\pilot\visual_family_smoke_20260722\after_review\dataset\images\vf_01236_got_asset_183568ccccf9b17c.png,got,0,0,0,0,0,1,0,train,content:asset_183568ccccf9b17c,file_a067bd798a422f13,asset_183568ccccf9b17c,vision_platform\ads\runtime_collection\click_success\click_success_20260713_095216_081\crops\bbox.png,0
vision_platform\ads\pilot\visual_family_smoke_20260722\after_review\dataset\images\vf_01237_free_asset_0f62c98e529b3d06.png,free,0,0,0,0,1,0,0,train,content:asset_0f62c98e529b3d06,file_b0c70fd401f60b33,asset_0f62c98e529b3d06,vision_platform\ads\runtime_collection\click_success\click_success_20260713_095225_035\crops\bbox.png,0
vision_platform\ads\pilot\visual_family_smoke_20260722\after_review\dataset\images\vf_01238_play_triangle_asset_57057a2072ac0aa9.png,play_triangle,0,1,0,0,0,0,0,test,content:asset_57057a2072ac0aa9,file_bf5064b3c751fece,asset_57057a2072ac0aa9,vision_platform\ads\runtime_collection\click_success\click_success_20260713_095331_314\crops\bbox.png,0
vision_platform\ads\pilot\visual_family_smoke_20260722\after_review\dataset\images\vf_01239_got_asset_3d50df392fb8fb02.png,got,0,0,0,0,0,1,0,train,content:asset_3d50df392fb8fb02,file_313025013de0d9bf,asset_3d50df392fb8fb02,vision_platform\ads\runtime_collection\click_success\click_success_20260713_095340_430\crops\bbox.png,0
vision_platform\ads\pilot\visual_family_smoke_20260722\after_review\dataset\images\vf_01240_free_asset_2055f74f2afad9a7.png,free,0,0,0,0,1,0,0,train,content:asset_2055f74f2afad9a7,file_dc8d7a91ae6c1b7a,asset_2055f74f2afad9a7,vision_platform\ads\runtime_collection\click_success\click_success_20260713_095349_700\crops\bbox.png,0
vision_platform\ads\pilot\visual_family_smoke_20260722\after_review\dataset\images\vf_01241_play_triangle_asset_a267329783339e3b.png,play_triangle,0,1,0,0,0,0,0,val,content:asset_a267329783339e3b,file_acb5f507ac5a49a9,asset_a267329783339e3b,vision_platform\ads\runtime_collection\click_success\click_success_20260713_095453_234\crops\bbox.png,0
vision_platform\ads\pilot\visual_family_smoke_20260722\after_review\dataset\images\vf_01242_got_asset_c5baf12d61cdbd4b.png,got,0,0,0,0,0,1,0,val,content:asset_c5baf12d61cdbd4b,file_a798424dfdb246f2,asset_c5baf12d61cdbd4b,vision_platform\ads\runtime_collection\click_success\click_success_20260713_095502_252\crops\bbox.png,0
vision_platform\ads\pilot\visual_family_smoke_20260722\after_review\dataset\images\vf_01243_free_asset_01a630b36d6a62c1.png,free,0,0,0,0,1,0,0,train,content:asset_01a630b36d6a62c1,file_7898c2909207f993,asset_01a630b36d6a62c1,vision_platform\ads\runtime_collection\click_success\click_success_20260713_095511_360\crops\bbox.png,0
vision_platform\ads\pilot\visual_family_smoke_20260722\after_review\dataset\images\vf_01244_play_triangle_asset_c7e460477e6815ca.png,play_triangle,0,1,0,0,0,0,0,test,content:asset_c7e460477e6815ca,file_80043a8ad38fcdf0,asset_c7e460477e6815ca,vision_platform\ads\runtime_collection\click_success\click_success_20260713_095617_140\crops\bbox.png,0
vision_platform\ads\pilot\visual_family_smoke_20260722\after_review\dataset\images\vf_01245_got_asset_741a7dc2efc4ab03.png,got,0,0,0,0,0,1,0,train,content:asset_741a7dc2efc4ab03,file_2d8c856bebd75ce8,asset_741a7dc2efc4ab03,vision_platform\ads\runtime_collection\click_success\click_success_20260713_095626_251\crops\bbox.png,0
vision_platform\ads\pilot\visual_family_smoke_20260722\after_review\dataset\images\vf_01246_got_asset_53debd4fe80fc84a.png,got,0,0,0,0,0,1,0,train,content:asset_53debd4fe80fc84a,file_f23916b7cd727fea,asset_53debd4fe80fc84a,vision_platform\ads\runtime_collection\click_success\click_success_20260713_095859_772\crops\bbox.png,0
vision_platform\ads\pilot\visual_family_smoke_20260722\after_review\dataset\images\vf_01247_play_triangle_asset_83893a37ecb22a22.png,play_triangle,0,1,0,0,0,0,0,train,content:asset_83893a37ecb22a22,file_4f0533509dde0ef4,asset_83893a37ecb22a22,vision_platform\ads\runtime_collection\click_success\click_success_20260713_095949_902\crops\bbox.png,0
vision_platform\ads\pilot\visual_family_smoke_20260722\after_review\dataset\images\vf_01248_got_asset_1d446d38215dd71a.png,got,0,0,0,0,0,1,0,train,content:asset_1d446d38215dd71a,file_1c570333b2533d97,asset_1d446d38215dd71a,vision_platform\ads\runtime_collection\click_success\click_success_20260713_095959_600\crops\bbox.png,0
vision_platform\ads\pilot\visual_family_smoke_20260722\after_review\dataset\images\vf_01249_play_triangle_asset_959ff3cdd6771a3f.png,play_triangle,0,1,0,0,0,0,0,val,content:asset_959ff3cdd6771a3f,file_a4dedb1f18ff9439,asset_959ff3cdd6771a3f,vision_platform\ads\runtime_collection\click_success\click_success_20260713_100053_163\crops\bbox.png,0
vision_platform\ads\pilot\visual_family_smoke_20260722\after_review\dataset\images\vf_01250_got_asset_b0b35ce09c8f69e6.png,got,0,0,0,0,0,1,0,train,content:asset_b0b35ce09c8f69e6,file_8fa1a19595654b28,asset_b0b35ce09c8f69e6,vision_platform\ads\runtime_collection\click_success\click_success_20260713_100125_922\crops\bbox.png,0
vision_platform\ads\pilot\visual_family_smoke_20260722\after_review\dataset\images\vf_01251_play_triangle_asset_542d5a8ba5e8e090.png,play_triangle,0,1,0,0,0,0,0,val,content:asset_542d5a8ba5e8e090,file_12c96f7abeb57584,asset_542d5a8ba5e8e090,vision_platform\ads\runtime_collection\click_success\click_success_20260713_100132_667\crops\bbox.png,0
vision_platform\ads\pilot\visual_family_smoke_20260722\after_review\dataset\images\vf_01252_x_mark_asset_55fbb5e834c0e298.png,x_mark,1,0,0,0,0,0,0,train,content:asset_55fbb5e834c0e298,file_abe392545a8d5177,asset_55fbb5e834c0e298,vision_platform\ads\runtime_collection\click_success\click_success_20260713_100156_787\crops\bbox.png,0
vision_platform\ads\pilot\visual_family_smoke_20260722\after_review\dataset\images\vf_01253_got_asset_fe9d31d6ed9b602d.png,got,0,0,0,0,0,1,0,train,content:asset_fe9d31d6ed9b602d,file_a6dbca664e932053,asset_fe9d31d6ed9b602d,vision_platform\ads\runtime_collection\click_success\click_success_20260713_100202_021\crops\bbox.png,0
vision_platform\ads\pilot\visual_family_smoke_20260722\after_review\dataset\images\vf_01254_play_triangle_asset_1681b89025c9902b.png,play_triangle,0,1,0,0,0,0,0,test,content:asset_1681b89025c9902b,file_b2cb2d334ed2695f,asset_1681b89025c9902b,vision_platform\ads\runtime_collection\click_success\click_success_20260713_100208_161\crops\bbox.png,0
vision_platform\ads\pilot\visual_family_smoke_20260722\after_review\dataset\images\vf_01255_play_triangle_asset_7b1a58c3ef6bea6c.png,play_triangle,0,1,0,0,0,0,0,train,content:asset_7b1a58c3ef6bea6c,file_c09160be9fefe870,asset_7b1a58c3ef6bea6c,vision_platform\ads\runtime_collection\click_success\click_success_20260713_100244_003\crops\bbox.png,0
vision_platform\ads\pilot\visual_family_smoke_20260722\after_review\dataset\images\vf_01256_got_asset_93e8a1c52eeed49d.png,got,0,0,0,0,0,1,0,train,content:asset_93e8a1c52eeed49d,file_4779a278b028aa94,asset_93e8a1c52eeed49d,vision_platform\ads\runtime_collection\click_success\click_success_20260713_100253_288\crops\bbox.png,0
vision_platform\ads\pilot\visual_family_smoke_20260722\after_review\dataset\images\vf_01257_play_triangle_asset_d6ebeced837f0875.png,play_triangle,0,1,0,0,0,0,0,test,content:asset_d6ebeced837f0875,file_333b52283f37291a,asset_d6ebeced837f0875,vision_platform\ads\runtime_collection\click_success\click_success_20260713_100301_337\crops\bbox.png,0
vision_platform\ads\pilot\visual_family_smoke_20260722\after_review\dataset\images\vf_01258_arrow_asset_7b686d6471fd540c.png,arrow,0,0,0,0,0,0,1,train,content:asset_7b686d6471fd540c,file_e220e13fef12d437,asset_7b686d6471fd540c,vision_platform\ads\runtime_collection\click_success\click_success_20260713_100319_204\crops\bbox.png,0
vision_platform\ads\pilot\visual_family_smoke_20260722\after_review\dataset\images\vf_01259_arrow_asset_7e28f00f839fce1f.png,arrow,0,0,0,0,0,0,1,train,content:asset_7e28f00f839fce1f,file_1d5e457bcbcb4021,asset_7e28f00f839fce1f,vision_platform\ads\runtime_collection\click_success\click_success_20260713_100332_771\crops\bbox.png,0
vision_platform\ads\pilot\visual_family_smoke_20260722\after_review\dataset\images\vf_01260_got_asset_ec0f3962ae857614.png,got,0,0,0,0,0,1,0,train,content:asset_ec0f3962ae857614,file_c4b10a260a8dd4ba,asset_ec0f3962ae857614,vision_platform\ads\runtime_collection\click_success\click_success_20260713_100337_863\crops\bbox.png,0
vision_platform\ads\pilot\visual_family_smoke_20260722\after_review\dataset\images\vf_01261_play_triangle_asset_b0fb1915ebdcef1f.png,play_triangle,0,1,0,0,0,0,0,train,content:asset_b0fb1915ebdcef1f,file_98370146f870c367,asset_b0fb1915ebdcef1f,vision_platform\ads\runtime_collection\click_success\click_success_20260713_100345_889\crops\bbox.png,0
vision_platform\ads\pilot\visual_family_smoke_20260722\after_review\dataset\images\vf_01262_play_triangle_asset_57057a2072ac0aa9.png,play_triangle,0,1,0,0,0,0,0,test,content:asset_57057a2072ac0aa9,file_3dc0d458cc883ee3,asset_57057a2072ac0aa9,vision_platform\ads\runtime_collection\click_success\click_success_20260713_100447_093\crops\bbox.png,0
vision_platform\ads\pilot\visual_family_smoke_20260722\after_review\dataset\images\vf_01263_got_asset_b1f9c1b9f8fac2f0.png,got,0,0,0,0,0,1,0,train,content:asset_b1f9c1b9f8fac2f0,file_3812d68168c166a4,asset_b1f9c1b9f8fac2f0,vision_platform\ads\runtime_collection\click_success\click_success_20260713_100456_732\crops\bbox.png,0
vision_platform\ads\pilot\visual_family_smoke_20260722\after_review\dataset\images\vf_01264_free_asset_83b91869426baa8c.png,free,0,0,0,0,1,0,0,train,content:asset_83b91869426baa8c,file_51ff00bc3d7603bf,asset_83b91869426baa8c,vision_platform\ads\runtime_collection\click_success\click_success_20260713_101942_470\crops\bbox.png,0
vision_platform\ads\pilot\visual_family_smoke_20260722\after_review\dataset\images\vf_01265_got_asset_6464ee682b6e9539.png,got,0,0,0,0,0,1,0,train,content:asset_6464ee682b6e9539,file_396637fffb08b166,asset_6464ee682b6e9539,vision_platform\ads\runtime_collection\click_success\click_success_20260713_102018_720\crops\bbox.png,0
vision_platform\ads\pilot\visual_family_smoke_20260722\after_review\dataset\images\vf_01266_free_asset_14a81fb73235b2ae.png,free,0,0,0,0,1,0,0,train,content:asset_14a81fb73235b2ae,file_e399230a20703d71,asset_14a81fb73235b2ae,vision_platform\ads\runtime_collection\click_success\click_success_20260713_102027_859\crops\bbox.png,0
vision_platform\ads\pilot\visual_family_smoke_20260722\after_review\dataset\images\vf_01267_play_triangle_asset_ff5fa003b27b535b.png,play_triangle,0,1,0,0,0,0,0,train,content:asset_ff5fa003b27b535b,file_1621862b6acb7cf3,asset_ff5fa003b27b535b,vision_platform\ads\runtime_collection\click_success\click_success_20260713_102134_709\crops\bbox.png,0
vision_platform\ads\pilot\visual_family_smoke_20260722\after_review\dataset\images\vf_01268_got_asset_a6a1a807225333d3.png,got,0,0,0,0,0,1,0,train,content:asset_a6a1a807225333d3,file_62c3dd3102650707,asset_a6a1a807225333d3,vision_platform\ads\runtime_collection\click_success\click_success_20260713_102143_549\crops\bbox.png,0
vision_platform\ads\pilot\visual_family_smoke_20260722\after_review\dataset\images\vf_01269_free_asset_f969550042dd8a5c.png,free,0,0,0,0,1,0,0,train,content:asset_f969550042dd8a5c,file_e2acb648add334e4,asset_f969550042dd8a5c,vision_platform\ads\runtime_collection\click_success\click_success_20260713_102152_561\crops\bbox.png,0
vision_platform\ads\pilot\visual_family_smoke_20260722\after_review\dataset\images\vf_01270_play_triangle_asset_c7e460477e6815ca.png,play_triangle,0,1,0,0,0,0,0,test,content:asset_c7e460477e6815ca,file_ee87316a9ecc6f93,asset_c7e460477e6815ca,vision_platform\ads\runtime_collection\click_success\click_success_20260713_102257_097\crops\bbox.png,0
vision_platform\ads\pilot\visual_family_smoke_20260722\after_review\dataset\images\vf_01271_got_asset_263d9bbf7a74f119.png,got,0,0,0,0,0,1,0,val,content:asset_263d9bbf7a74f119,file_6c9d7fd2cf8b2a09,asset_263d9bbf7a74f119,vision_platform\ads\runtime_collection\click_success\click_success_20260713_102305_939\crops\bbox.png,0
vision_platform\ads\pilot\visual_family_smoke_20260722\after_review\dataset\images\vf_01272_free_asset_0f62c98e529b3d06.png,free,0,0,0,0,1,0,0,train,content:asset_0f62c98e529b3d06,file_885c0ed210a32954,asset_0f62c98e529b3d06,vision_platform\ads\runtime_collection\click_success\click_success_20260713_102315_017\crops\bbox.png,0
vision_platform\ads\pilot\visual_family_smoke_20260722\after_review\dataset\images\vf_01273_play_triangle_asset_7fa875a023c06075.png,play_triangle,0,1,0,0,0,0,0,train,content:asset_7fa875a023c06075,file_3aaed400e7ccbc64,asset_7fa875a023c06075,vision_platform\ads\runtime_collection\click_success\click_success_20260713_102419_119\crops\bbox.png,0
vision_platform\ads\pilot\visual_family_smoke_20260722\after_review\dataset\images\vf_01274_got_asset_09db06e79617a5ab.png,got,0,0,0,0,0,1,0,val,content:asset_09db06e79617a5ab,file_ec52bec92f18b3a6,asset_09db06e79617a5ab,vision_platform\ads\runtime_collection\click_success\click_success_20260713_102427_930\crops\bbox.png,0
vision_platform\ads\pilot\visual_family_smoke_20260722\after_review\dataset\images\vf_01275_free_asset_b24e578fa8ac8e25.png,free,0,0,0,0,1,0,0,train,content:asset_b24e578fa8ac8e25,file_6950c99c8d27fc0f,asset_b24e578fa8ac8e25,vision_platform\ads\runtime_collection\click_success\click_success_20260713_102437_108\crops\bbox.png,0
vision_platform\ads\pilot\visual_family_smoke_20260722\after_review\dataset\images\vf_01276_play_triangle_asset_3e2ac2ef5377fc3b.png,play_triangle,0,1,0,0,0,0,0,train,content:asset_3e2ac2ef5377fc3b,file_1c610c21e82f0a3b,asset_3e2ac2ef5377fc3b,vision_platform\ads\runtime_collection\click_success\click_success_20260713_102508_020\crops\bbox.png,0
vision_platform\ads\pilot\visual_family_smoke_20260722\after_review\dataset\images\vf_01277_got_asset_cc988facf7de4b10.png,got,0,0,0,0,0,1,0,train,content:asset_cc988facf7de4b10,file_561deffd5e29abeb,asset_cc988facf7de4b10,vision_platform\ads\runtime_collection\click_success\click_success_20260713_102516_921\crops\bbox.png,0
vision_platform\ads\pilot\visual_family_smoke_20260722\after_review\dataset\images\vf_01278_free_asset_49c3633bf8d96c23.png,free,0,0,0,0,1,0,0,train,content:asset_49c3633bf8d96c23,file_034039de9157fe6e,asset_49c3633bf8d96c23,vision_platform\ads\runtime_collection\click_success\click_success_20260713_102525_452\crops\bbox.png,0
vision_platform\ads\pilot\visual_family_smoke_20260722\after_review\dataset\images\vf_01279_play_triangle_asset_7acc39b655a0bda9.png,play_triangle,0,1,0,0,0,0,0,train,content:asset_7acc39b655a0bda9,file_4b40434ea29380f7,asset_7acc39b655a0bda9,vision_platform\ads\runtime_collection\click_success\click_success_20260713_102601_006\crops\bbox.png,0
vision_platform\ads\pilot\visual_family_smoke_20260722\after_review\dataset\images\vf_01280_got_asset_8f85cf781a2c4892.png,got,0,0,0,0,0,1,0,train,content:asset_8f85cf781a2c4892,file_f759dfcce3ea6dba,asset_8f85cf781a2c4892,vision_platform\ads\runtime_collection\click_success\click_success_20260713_102609_950\crops\bbox.png,0
vision_platform\ads\pilot\visual_family_smoke_20260722\after_review\dataset\images\vf_01281_got_asset_673e1ce09b1c7183.png,got,0,0,0,0,0,1,0,train,content:asset_673e1ce09b1c7183,file_4efc8ba784626b00,asset_673e1ce09b1c7183,vision_platform\ads\runtime_collection\click_success\click_success_20260713_102831_533\crops\bbox.png,0
vision_platform\ads\pilot\visual_family_smoke_20260722\after_review\dataset\images\vf_01282_x_mark_asset_13fae01f38c68d9b.png,x_mark,1,0,0,0,0,0,0,train,content:asset_13fae01f38c68d9b,file_28db17c1fdc6810f,asset_13fae01f38c68d9b,vision_platform\ads\runtime_collection\click_success\click_success_20260713_102840_468\crops\bbox.png,0
vision_platform\ads\pilot\visual_family_smoke_20260722\after_review\dataset\images\vf_01283_play_triangle_asset_161fe2d19fd904c5.png,play_triangle,0,1,0,0,0,0,0,train,content:asset_161fe2d19fd904c5,file_709feda930d44fc0,asset_161fe2d19fd904c5,vision_platform\ads\runtime_collection\click_success\click_success_20260713_102941_228\crops\bbox.png,0
vision_platform\ads\pilot\visual_family_smoke_20260722\after_review\dataset\images\vf_01284_got_asset_88b020cf71cd95fe.png,got,0,0,0,0,0,1,0,val,content:asset_88b020cf71cd95fe,file_5bb144b3ebce64b2,asset_88b020cf71cd95fe,vision_platform\ads\runtime_collection\click_success\click_success_20260713_102950_486\crops\bbox.png,0
vision_platform\ads\pilot\visual_family_smoke_20260722\after_review\dataset\images\vf_01285_play_triangle_asset_88342de1955d7710.png,play_triangle,0,1,0,0,0,0,0,train,content:asset_88342de1955d7710,file_ac3e4fe5765358fe,asset_88342de1955d7710,vision_platform\ads\runtime_collection\click_success\click_success_20260713_103043_470\crops\bbox.png,0
vision_platform\ads\pilot\visual_family_smoke_20260722\after_review\dataset\images\vf_01286_got_asset_d94098ff97a6d4e1.png,got,0,0,0,0,0,1,0,train,content:asset_d94098ff97a6d4e1,file_a5745491741dd931,asset_d94098ff97a6d4e1,vision_platform\ads\runtime_collection\click_success\click_success_20260713_103115_232\crops\bbox.png,0
vision_platform\ads\pilot\visual_family_smoke_20260722\after_review\dataset\images\vf_01287_play_triangle_asset_76e8e41d64c43242.png,play_triangle,0,1,0,0,0,0,0,train,content:asset_76e8e41d64c43242,file_53aaf77bc2d63184,asset_76e8e41d64c43242,vision_platform\ads\runtime_collection\click_success\click_success_20260713_103123_852\crops\bbox.png,0
vision_platform\ads\pilot\visual_family_smoke_20260722\after_review\dataset\images\vf_01288_play_triangle_asset_ff5fa003b27b535b.png,play_triangle,0,1,0,0,0,0,0,train,content:asset_ff5fa003b27b535b,file_0b9a658f960097b9,asset_ff5fa003b27b535b,vision_platform\ads\runtime_collection\click_success\click_success_20260713_103231_073\crops\bbox.png,0
vision_platform\ads\pilot\visual_family_smoke_20260722\after_review\dataset\images\vf_01289_got_asset_56d393572f6f818f.png,got,0,0,0,0,0,1,0,val,content:asset_56d393572f6f818f,file_0e55e2d594079fed,asset_56d393572f6f818f,vision_platform\ads\runtime_collection\click_success\click_success_20260713_103240_006\crops\bbox.png,0
vision_platform\ads\pilot\visual_family_smoke_20260722\after_review\dataset\images\vf_01290_play_triangle_asset_472bfd838b165cc8.png,play_triangle,0,1,0,0,0,0,0,train,content:asset_472bfd838b165cc8,file_0cb007c6af738353,asset_472bfd838b165cc8,vision_platform\ads\runtime_collection\click_success\click_success_20260713_103248_223\crops\bbox.png,0
vision_platform\ads\pilot\visual_family_smoke_20260722\after_review\dataset\images\vf_01291_play_triangle_asset_c7e460477e6815ca.png,play_triangle,0,1,0,0,0,0,0,test,content:asset_c7e460477e6815ca,file_0cb2478740ea3954,asset_c7e460477e6815ca,vision_platform\ads\runtime_collection\click_success\click_success_20260713_103353_299\crops\bbox.png,0
vision_platform\ads\pilot\visual_family_smoke_20260722\after_review\dataset\images\vf_01292_got_asset_2b0bcfa2d943e368.png,got,0,0,0,0,0,1,0,test,content:asset_2b0bcfa2d943e368,file_da898d64ad5b3d30,asset_2b0bcfa2d943e368,vision_platform\ads\runtime_collection\click_success\click_success_20260713_103403_052\crops\bbox.png,0
vision_platform\ads\pilot\visual_family_smoke_20260722\after_review\dataset\images\vf_01293_play_triangle_asset_c2c2dd5810451d31.png,play_triangle,0,1,0,0,0,0,0,train,content:asset_c2c2dd5810451d31,file_95b833f90a11d605,asset_c2c2dd5810451d31,vision_platform\ads\runtime_collection\click_success\click_success_20260713_103411_857\crops\bbox.png,0
vision_platform\ads\pilot\visual_family_smoke_20260722\after_review\dataset\images\vf_01294_play_triangle_asset_57057a2072ac0aa9.png,play_triangle,0,1,0,0,0,0,0,test,content:asset_57057a2072ac0aa9,file_54dcfd8a6e1ab7bd,asset_57057a2072ac0aa9,vision_platform\ads\runtime_collection\click_success\click_success_20260713_103511_714\crops\bbox.png,0
vision_platform\ads\pilot\visual_family_smoke_20260722\after_review\dataset\images\vf_01295_got_asset_6e8a5d255426a167.png,got,0,0,0,0,0,1,0,val,content:asset_6e8a5d255426a167,file_02ce57272c84b6f5,asset_6e8a5d255426a167,vision_platform\ads\runtime_collection\click_success\click_success_20260713_103520_712\crops\bbox.png,0
vision_platform\ads\pilot\visual_family_smoke_20260722\after_review\dataset\images\vf_01296_play_triangle_asset_ebdc895ca71436f4.png,play_triangle,0,1,0,0,0,0,0,train,content:asset_ebdc895ca71436f4,file_5d7a867c228aefef,asset_ebdc895ca71436f4,vision_platform\ads\runtime_collection\click_success\click_success_20260713_103528_711\crops\bbox.png,0
vision_platform\ads\pilot\visual_family_smoke_20260722\after_review\dataset\images\vf_01297_play_triangle_asset_8bcc258909ab5d1b.png,play_triangle,0,1,0,0,0,0,0,train,content:asset_8bcc258909ab5d1b,file_201035a596c9f39e,asset_8bcc258909ab5d1b,vision_platform\ads\runtime_collection\click_success\click_success_20260713_103600_510\crops\bbox.png,0
vision_platform\ads\pilot\visual_family_smoke_20260722\after_review\dataset\images\vf_01298_got_asset_5d8ca4120212a47b.png,got,0,0,0,0,0,1,0,val,content:asset_5d8ca4120212a47b,file_dd15bfd220012da9,asset_5d8ca4120212a47b,vision_platform\ads\runtime_collection\click_success\click_success_20260713_103609_541\crops\bbox.png,0
vision_platform\ads\pilot\visual_family_smoke_20260722\after_review\dataset\images\vf_01299_free_asset_300c377715d5afb0.png,free,0,0,0,0,1,0,0,train,content:asset_300c377715d5afb0,file_235d042046ef0efc,asset_300c377715d5afb0,vision_platform\ads\runtime_collection\click_success\click_success_20260713_132307_180\crops\bbox.png,0
vision_platform\ads\pilot\visual_family_smoke_20260722\after_review\dataset\images\vf_01300_play_triangle_asset_52eb220e60027c56.png,play_triangle,0,1,0,0,0,0,0,train,content:asset_52eb220e60027c56,file_12942deaafab87b9,asset_52eb220e60027c56,vision_platform\ads\runtime_collection\click_success\click_success_20260713_132413_787\crops\bbox.png,0
vision_platform\ads\pilot\visual_family_smoke_20260722\after_review\dataset\images\vf_01301_free_asset_0ca047e6691654c6.png,free,0,0,0,0,1,0,0,train,content:asset_0ca047e6691654c6,file_a574b3c911c67677,asset_0ca047e6691654c6,vision_platform\ads\runtime_collection\click_success\click_success_20260713_132432_330\crops\bbox.png,0
vision_platform\ads\pilot\visual_family_smoke_20260722\after_review\dataset\images\vf_01302_play_triangle_asset_5ae52b786c1d5b30.png,play_triangle,0,1,0,0,0,0,0,train,content:asset_5ae52b786c1d5b30,file_6a655907ea5df0f6,asset_5ae52b786c1d5b30,vision_platform\ads\runtime_collection\click_success\click_success_20260713_132506_535\crops\bbox.png,0
vision_platform\ads\pilot\visual_family_smoke_20260722\after_review\dataset\images\vf_01303_got_asset_1ff75886bdde89cb.png,got,0,0,0,0,0,1,0,train,content:asset_1ff75886bdde89cb,file_20bbead1e685ba75,asset_1ff75886bdde89cb,vision_platform\ads\runtime_collection\click_success\click_success_20260713_132517_247\crops\bbox.png,0
vision_platform\ads\pilot\visual_family_smoke_20260722\after_review\dataset\images\vf_01304_free_asset_fac9e420afb5975f.png,free,0,0,0,0,1,0,0,train,content:asset_fac9e420afb5975f,file_1d5070a87234423c,asset_fac9e420afb5975f,vision_platform\ads\runtime_collection\click_success\click_success_20260713_132525_866\crops\bbox.png,0
vision_platform\ads\pilot\visual_family_smoke_20260722\after_review\dataset\images\vf_01305_play_triangle_asset_8263ab7cd58c1c1f.png,play_triangle,0,1,0,0,0,0,0,train,content:asset_8263ab7cd58c1c1f,file_255e40d648488c61,asset_8263ab7cd58c1c1f,vision_platform\ads\runtime_collection\click_success\click_success_20260713_132603_698\crops\bbox.png,0
vision_platform\ads\pilot\visual_family_smoke_20260722\after_review\dataset\images\vf_01306_got_asset_25a22f5df74ffae1.png,got,0,0,0,0,0,1,0,train,content:asset_25a22f5df74ffae1,file_e41974232e7b3369,asset_25a22f5df74ffae1,vision_platform\ads\runtime_collection\click_success\click_success_20260713_132613_620\crops\bbox.png,0
vision_platform\ads\pilot\visual_family_smoke_20260722\after_review\dataset\images\vf_01307_free_asset_d39eaaf081574a79.png,free,0,0,0,0,1,0,0,train,content:asset_d39eaaf081574a79,file_5e2cb9b5f76696fd,asset_d39eaaf081574a79,vision_platform\ads\runtime_collection\click_success\click_success_20260713_135019_884\crops\bbox.png,0
vision_platform\ads\pilot\visual_family_smoke_20260722\after_review\dataset\images\vf_01308_got_asset_4d6685ea797b7292.png,got,0,0,0,0,0,1,0,train,content:asset_4d6685ea797b7292,file_e1800e087389adce,asset_4d6685ea797b7292,vision_platform\ads\runtime_collection\click_success\click_success_20260713_135039_335\crops\bbox.png,0
vision_platform\ads\pilot\visual_family_smoke_20260722\after_review\dataset\images\vf_01309_free_asset_fac9e420afb5975f.png,free,0,0,0,0,1,0,0,train,content:asset_fac9e420afb5975f,file_fb098839f9644186,asset_fac9e420afb5975f,vision_platform\ads\runtime_collection\click_success\click_success_20260713_135045_291\crops\bbox.png,0
vision_platform\ads\pilot\visual_family_smoke_20260722\after_review\dataset\images\vf_01310_x_mark_asset_6d53b8801d29cfb7.png,x_mark,1,0,0,0,0,0,0,test,content:asset_6d53b8801d29cfb7,file_095d6322a813c6b4,asset_6d53b8801d29cfb7,vision_platform\ads\runtime_collection\click_success\click_success_20260713_135103_925\crops\bbox.png,0
vision_platform\ads\pilot\visual_family_smoke_20260722\after_review\dataset\images\vf_01311_got_asset_6f98cd8786ef6aa9.png,got,0,0,0,0,0,1,0,train,content:asset_6f98cd8786ef6aa9,file_f1e86606970a4098,asset_6f98cd8786ef6aa9,vision_platform\ads\runtime_collection\click_success\click_success_20260713_135109_301\crops\bbox.png,0
vision_platform\ads\pilot\visual_family_smoke_20260722\after_review\dataset\images\vf_01312_free_asset_fac9e420afb5975f.png,free,0,0,0,0,1,0,0,train,content:asset_fac9e420afb5975f,file_bfec20153c26acc4,asset_fac9e420afb5975f,vision_platform\ads\runtime_collection\click_success\click_success_20260713_135115_758\crops\bbox.png,0
vision_platform\ads\pilot\visual_family_smoke_20260722\after_review\dataset\images\vf_01313_x_mark_asset_6245704c040830e6.png,x_mark,1,0,0,0,0,0,0,train,content:asset_6245704c040830e6,file_70e06950bb8b1955,asset_6245704c040830e6,vision_platform\ads\runtime_collection\click_success\click_success_20260713_135134_191\crops\bbox.png,0
vision_platform\ads\pilot\visual_family_smoke_20260722\after_review\dataset\images\vf_01314_got_asset_c9fd61a5d932e963.png,got,0,0,0,0,0,1,0,train,content:asset_c9fd61a5d932e963,file_60bac38a55997464,asset_c9fd61a5d932e963,vision_platform\ads\runtime_collection\click_success\click_success_20260713_135139_606\crops\bbox.png,0
vision_platform\ads\pilot\visual_family_smoke_20260722\after_review\dataset\images\vf_01315_free_asset_fac9e420afb5975f.png,free,0,0,0,0,1,0,0,train,content:asset_fac9e420afb5975f,file_c24e99671a1ad255,asset_fac9e420afb5975f,vision_platform\ads\runtime_collection\click_success\click_success_20260713_135145_455\crops\bbox.png,0
vision_platform\ads\pilot\visual_family_smoke_20260722\after_review\dataset\images\vf_01316_x_mark_asset_90ce48e4e47a01c1.png,x_mark,1,0,0,0,0,0,0,train,content:asset_90ce48e4e47a01c1,file_886b5d6376adfe5c,asset_90ce48e4e47a01c1,vision_platform\ads\runtime_collection\click_success\click_success_20260713_135203_544\crops\bbox.png,0
vision_platform\ads\pilot\visual_family_smoke_20260722\after_review\dataset\images\vf_01317_got_asset_d03e45f89671476c.png,got,0,0,0,0,0,1,0,train,content:asset_d03e45f89671476c,file_e8cec87605007653,asset_d03e45f89671476c,vision_platform\ads\runtime_collection\click_success\click_success_20260713_135208_961\crops\bbox.png,0
vision_platform\ads\pilot\visual_family_smoke_20260722\after_review\dataset\images\vf_01318_free_asset_02c72c16cadd5f8d.png,free,0,0,0,0,1,0,0,train,content:asset_02c72c16cadd5f8d,file_8ffbba45af380a08,asset_02c72c16cadd5f8d,vision_platform\ads\runtime_collection\click_success\click_success_20260713_135749_996\crops\bbox.png,0
vision_platform\ads\pilot\visual_family_smoke_20260722\after_review\dataset\images\vf_01319_x_mark_asset_cd2eb5e6a77d8f9f.png,x_mark,1,0,0,0,0,0,0,train,content:asset_cd2eb5e6a77d8f9f,file_336863d2e06088df,asset_cd2eb5e6a77d8f9f,vision_platform\ads\runtime_collection\click_success\click_success_20260713_135808_322\crops\bbox.png,0
vision_platform\ads\pilot\visual_family_smoke_20260722\after_review\dataset\images\vf_01320_got_asset_91f479ecaa1bfa86.png,got,0,0,0,0,0,1,0,val,content:asset_91f479ecaa1bfa86,file_169eb54afbb52619,asset_91f479ecaa1bfa86,vision_platform\ads\runtime_collection\click_success\click_success_20260713_135813_823\crops\bbox.png,0
vision_platform\ads\pilot\visual_family_smoke_20260722\after_review\dataset\images\vf_01321_free_asset_fac9e420afb5975f.png,free,0,0,0,0,1,0,0,train,content:asset_fac9e420afb5975f,file_0eaa4839c84ae728,asset_fac9e420afb5975f,vision_platform\ads\runtime_collection\click_success\click_success_20260713_135819_740\crops\bbox.png,0
vision_platform\ads\pilot\visual_family_smoke_20260722\after_review\dataset\images\vf_01322_x_mark_asset_f469d877decb6ba4.png,x_mark,1,0,0,0,0,0,0,train,content:asset_f469d877decb6ba4,file_475f74fc1f507182,asset_f469d877decb6ba4,vision_platform\ads\runtime_collection\click_success\click_success_20260713_135838_244\crops\bbox.png,0
vision_platform\ads\pilot\visual_family_smoke_20260722\after_review\dataset\images\vf_01323_got_asset_603ade2051e58c6b.png,got,0,0,0,0,0,1,0,train,content:asset_603ade2051e58c6b,file_b69dcf4baa8fa608,asset_603ade2051e58c6b,vision_platform\ads\runtime_collection\click_success\click_success_20260713_135843_585\crops\bbox.png,0
vision_platform\ads\pilot\visual_family_smoke_20260722\after_review\dataset\images\vf_01324_free_asset_fac9e420afb5975f.png,free,0,0,0,0,1,0,0,train,content:asset_fac9e420afb5975f,file_d8447af34fcfeb43,asset_fac9e420afb5975f,vision_platform\ads\runtime_collection\click_success\click_success_20260713_135849_493\crops\bbox.png,0
vision_platform\ads\pilot\visual_family_smoke_20260722\after_review\dataset\images\vf_01325_x_mark_asset_1bcb39cc4cf3bcf4.png,x_mark,1,0,0,0,0,0,0,train,content:asset_1bcb39cc4cf3bcf4,file_b5ceb53f6363eb00,asset_1bcb39cc4cf3bcf4,vision_platform\ads\runtime_collection\click_success\click_success_20260713_135907_953\crops\bbox.png,0
vision_platform\ads\pilot\visual_family_smoke_20260722\after_review\dataset\images\vf_01326_got_asset_a7d9dca074810b98.png,got,0,0,0,0,0,1,0,train,content:asset_a7d9dca074810b98,file_ebae8724ba32676c,asset_a7d9dca074810b98,vision_platform\ads\runtime_collection\click_success\click_success_20260713_135913_569\crops\bbox.png,0
vision_platform\ads\pilot\visual_family_smoke_20260722\after_review\dataset\images\vf_01327_free_asset_02c72c16cadd5f8d.png,free,0,0,0,0,1,0,0,train,content:asset_02c72c16cadd5f8d,file_979f91745dd47490,asset_02c72c16cadd5f8d,vision_platform\ads\runtime_collection\click_success\click_success_20260713_162808_649\crops\bbox.png,0
vision_platform\ads\pilot\visual_family_smoke_20260722\after_review\dataset\images\vf_01328_play_triangle_asset_57057a2072ac0aa9.png,play_triangle,0,1,0,0,0,0,0,test,content:asset_57057a2072ac0aa9,file_bacdf7e09c08d915,asset_57057a2072ac0aa9,vision_platform\ads\runtime_collection\click_success\click_success_20260713_162912_856\crops\bbox.png,0
vision_platform\ads\pilot\visual_family_smoke_20260722\after_review\dataset\images\vf_01329_got_asset_f4267fd43f7332c6.png,got,0,0,0,0,0,1,0,train,content:asset_f4267fd43f7332c6,file_4a79ba7a94cfeb5a,asset_f4267fd43f7332c6,vision_platform\ads\runtime_collection\click_success\click_success_20260713_162923_454\crops\bbox.png,0
vision_platform\ads\pilot\visual_family_smoke_20260722\after_review\dataset\images\vf_01330_free_asset_fac9e420afb5975f.png,free,0,0,0,0,1,0,0,train,content:asset_fac9e420afb5975f,file_60b5def19a7c9a71,asset_fac9e420afb5975f,vision_platform\ads\runtime_collection\click_success\click_success_20260713_162932_645\crops\bbox.png,0
vision_platform\ads\pilot\visual_family_smoke_20260722\after_review\dataset\images\vf_01331_play_triangle_asset_8524767750bea86e.png,play_triangle,0,1,0,0,0,0,0,train,content:asset_8524767750bea86e,file_10ad0c35675aa5ca,asset_8524767750bea86e,vision_platform\ads\runtime_collection\click_success\click_success_20260713_163040_449\crops\bbox.png,0
vision_platform\ads\pilot\visual_family_smoke_20260722\after_review\dataset\images\vf_01332_got_asset_57705cc7f11a2a7f.png,got,0,0,0,0,0,1,0,train,content:asset_57705cc7f11a2a7f,file_ed775e73f24dae53,asset_57705cc7f11a2a7f,vision_platform\ads\runtime_collection\click_success\click_success_20260713_163051_076\crops\bbox.png,0
vision_platform\ads\pilot\visual_family_smoke_20260722\after_review\dataset\images\vf_01333_free_asset_fac9e420afb5975f.png,free,0,0,0,0,1,0,0,train,content:asset_fac9e420afb5975f,file_704278aafd9cec6b,asset_fac9e420afb5975f,vision_platform\ads\runtime_collection\click_success\click_success_20260713_163100_630\crops\bbox.png,0
vision_platform\ads\pilot\visual_family_smoke_20260722\after_review\dataset\images\vf_01334_play_triangle_asset_7c2cc704821e7c64.png,play_triangle,0,1,0,0,0,0,0,train,content:asset_7c2cc704821e7c64,file_ed00cb5095d619f9,asset_7c2cc704821e7c64,vision_platform\ads\runtime_collection\click_success\click_success_20260713_163154_531\crops\bbox.png,0
vision_platform\ads\pilot\visual_family_smoke_20260722\after_review\dataset\images\vf_01335_got_asset_fbc8aa9f5506c36f.png,got,0,0,0,0,0,1,0,val,content:asset_fbc8aa9f5506c36f,file_dddc8918627d32c5,asset_fbc8aa9f5506c36f,vision_platform\ads\runtime_collection\click_success\click_success_20260713_163205_424\crops\bbox.png,0
vision_platform\ads\pilot\visual_family_smoke_20260722\after_review\dataset\images\vf_01336_x_mark_asset_4f543d7088cb6159.png,x_mark,1,0,0,0,0,0,0,test,content:asset_4f543d7088cb6159,file_a7cdb2db3359e842,asset_4f543d7088cb6159,vision_platform\ads\runtime_collection\click_success\click_success_20260719_093855_744\crops\bbox.png,0
vision_platform\ads\pilot\visual_family_smoke_20260722\after_review\dataset\images\vf_01337_arrow_asset_1f4dfa4bc524cd71.png,arrow,0,0,0,0,0,0,1,train,content:asset_1f4dfa4bc524cd71,file_0aca138c6de1f1e2,asset_1f4dfa4bc524cd71,vision_platform\ads\runtime_collection\click_success\click_success_20260719_093925_477\crops\bbox.png,0
vision_platform\ads\pilot\visual_family_smoke_20260722\after_review\dataset\images\vf_01338_arrow_asset_1c2038dea7874136.png,arrow,0,0,0,0,0,0,1,val,content:asset_1c2038dea7874136,file_5f767b7a3c35419d,asset_1c2038dea7874136,vision_platform\ads\runtime_collection\click_success\click_success_20260719_093942_272\crops\bbox.png,0
vision_platform\ads\pilot\visual_family_smoke_20260722\after_review\dataset\images\vf_01339_arrow_asset_76a0d9316136480e.png,arrow,0,0,0,0,0,0,1,train,content:asset_76a0d9316136480e,file_03df9478ddd4e1db,asset_76a0d9316136480e,vision_platform\ads\runtime_collection\click_success\click_success_20260719_094100_229\crops\bbox.png,0
vision_platform\ads\pilot\visual_family_smoke_20260722\after_review\dataset\images\vf_01340_arrow_asset_abfdd26b70d5d154.png,arrow,0,0,0,0,0,0,1,train,content:asset_abfdd26b70d5d154,file_a092bec54f99f77a,asset_abfdd26b70d5d154,vision_platform\ads\runtime_collection\click_success\click_success_20260719_094116_897\crops\bbox.png,0
vision_platform\ads\pilot\visual_family_smoke_20260722\after_review\dataset\images\vf_01341_arrow_asset_1cb2dcf49cfde11d.png,arrow,0,0,0,0,0,0,1,train,content:asset_1cb2dcf49cfde11d,file_d9fc1e3c07616269,asset_1cb2dcf49cfde11d,vision_platform\ads\runtime_collection\click_success\click_success_20260719_094146_147\crops\bbox.png,0
vision_platform\ads\pilot\visual_family_smoke_20260722\after_review\dataset\images\vf_01342_arrow_asset_a70da6ff8a17227b.png,arrow,0,0,0,0,0,0,1,train,content:asset_a70da6ff8a17227b,file_4531aec9cca6b006,asset_a70da6ff8a17227b,vision_platform\ads\runtime_collection\click_success\click_success_20260719_094202_771\crops\bbox.png,0
vision_platform\ads\pilot\visual_family_smoke_20260722\after_review\dataset\images\vf_01343_arrow_asset_8e33a15e807c25cf.png,arrow,0,0,0,0,0,0,1,val,content:asset_8e33a15e807c25cf,file_6fd4b9328bd67dd9,asset_8e33a15e807c25cf,vision_platform\ads\runtime_collection\click_success\click_success_20260719_094440_190\crops\bbox.png,0
vision_platform\ads\pilot\visual_family_smoke_20260722\after_review\dataset\images\vf_01344_arrow_asset_a60fbe1440518101.png,arrow,0,0,0,0,0,0,1,train,content:asset_a60fbe1440518101,file_cf99f2dbe5f9cd71,asset_a60fbe1440518101,vision_platform\ads\runtime_collection\click_success\click_success_20260719_094457_076\crops\bbox.png,0
vision_platform\ads\pilot\visual_family_smoke_20260722\after_review\dataset\images\vf_01345_x_mark_asset_23b65eda5f92de1c.png,x_mark,1,0,0,0,0,0,0,test,content:asset_23b65eda5f92de1c,file_6cc83c72224c17bf,asset_23b65eda5f92de1c,vision_platform\ads\runtime_collection\click_success\click_success_20260719_094541_425\crops\bbox.png,0
vision_platform\ads\pilot\visual_family_smoke_20260722\after_review\dataset\images\vf_01346_arrow_asset_dbadf242ca9b2d87.png,arrow,0,0,0,0,0,0,1,val,content:asset_dbadf242ca9b2d87,file_a911dc4febb7c624,asset_dbadf242ca9b2d87,vision_platform\ads\runtime_collection\click_success\click_success_20260719_094610_216\crops\bbox.png,0
vision_platform\ads\pilot\visual_family_smoke_20260722\after_review\dataset\images\vf_01347_arrow_asset_c79c343c2ff96f99.png,arrow,0,0,0,0,0,0,1,test,content:asset_c79c343c2ff96f99,file_70db5abf13eed57e,asset_c79c343c2ff96f99,vision_platform\ads\runtime_collection\click_success\click_success_20260719_094627_345\crops\bbox.png,0
vision_platform\ads\pilot\visual_family_smoke_20260722\after_review\dataset\images\vf_01348_x_mark_asset_b4b143ee570356c8.png,x_mark,1,0,0,0,0,0,0,train,content:asset_b4b143ee570356c8,file_b884cd9079c64b8e,asset_b4b143ee570356c8,vision_platform\ads\runtime_collection\click_success\click_success_20260719_100737_177\crops\bbox.png,0
vision_platform\ads\pilot\visual_family_smoke_20260722\after_review\dataset\images\vf_01349_x_mark_asset_0c482919339a4b63.png,x_mark,1,0,0,0,0,0,0,train,content:asset_0c482919339a4b63,file_bee09f7f8d0c3253,asset_0c482919339a4b63,vision_platform\ads\runtime_collection\click_success\click_success_20260719_100818_285\crops\bbox.png,0
vision_platform\ads\pilot\visual_family_smoke_20260722\after_review\dataset\images\vf_01350_x_mark_asset_5cd7c3a20f751357.png,x_mark,1,0,0,0,0,0,0,test,content:asset_5cd7c3a20f751357,file_1d5e24054c06cba9,asset_5cd7c3a20f751357,vision_platform\ads\runtime_collection\click_success\click_success_20260719_103705_354\crops\bbox.png,0
vision_platform\ads\pilot\visual_family_smoke_20260722\after_review\dataset\images\vf_01351_x_mark_asset_5cd7c3a20f751357.png,x_mark,1,0,0,0,0,0,0,test,content:asset_5cd7c3a20f751357,file_4e9bad2976c622e8,asset_5cd7c3a20f751357,vision_platform\ads\runtime_collection\click_success\click_success_20260719_104150_255\crops\bbox.png,0
vision_platform\ads\pilot\visual_family_smoke_20260722\after_review\dataset\images\vf_01352_x_mark_asset_5cd7c3a20f751357.png,x_mark,1,0,0,0,0,0,0,test,content:asset_5cd7c3a20f751357,file_a0a232f27db809e4,asset_5cd7c3a20f751357,vision_platform\ads\runtime_collection\click_success\click_success_20260719_110922_089\crops\bbox.png,0
vision_platform\ads\pilot\visual_family_smoke_20260722\after_review\dataset\images\vf_01353_x_mark_asset_8e99ec0c477b33fe.png,x_mark,1,0,0,0,0,0,0,train,content:asset_8e99ec0c477b33fe,file_995a05c906d4098b,asset_8e99ec0c477b33fe,vision_platform\ads\runtime_collection\click_success\click_success_20260720_102915_215\crops\bbox.png,0
vision_platform\ads\pilot\visual_family_smoke_20260722\after_review\dataset\images\vf_01354_got_asset_cdab7b53d56c9cd2.png,got,0,0,0,0,0,1,0,train,content:asset_cdab7b53d56c9cd2,file_0c066f4fb2fde372,asset_cdab7b53d56c9cd2,vision_platform\ads\runtime_collection\click_success\click_success_20260720_110136_157\crops\bbox.png,0
vision_platform\ads\pilot\visual_family_smoke_20260722\after_review\dataset\images\vf_01355_arrow_asset_39bc45d9766294fb.png,arrow,0,0,0,0,0,0,1,train,content:asset_39bc45d9766294fb,file_4c198ce3702c34f5,asset_39bc45d9766294fb,vision_platform\ads\runtime_collection\click_success\click_success_20260720_115722_340\crops\bbox.png,0
vision_platform\ads\pilot\visual_family_smoke_20260722\after_review\dataset\images\vf_01356_arrow_asset_1ab8ecd774248918.png,arrow,0,0,0,0,0,0,1,train,content:asset_1ab8ecd774248918,file_8be59862c235f27e,asset_1ab8ecd774248918,vision_platform\ads\runtime_collection\click_success\click_success_20260720_115743_457\crops\bbox.png,0
vision_platform\ads\pilot\visual_family_smoke_20260722\after_review\dataset\images\vf_01357_arrow_asset_79e954044fca8fb6.png,arrow,0,0,0,0,0,0,1,test,content:asset_79e954044fca8fb6,file_2269be9353bee5c6,asset_79e954044fca8fb6,vision_platform\ads\runtime_collection\click_success\click_success_20260720_120431_596\crops\bbox.png,0
vision_platform\ads\pilot\visual_family_smoke_20260722\after_review\dataset\images\vf_01358_arrow_asset_86cc2d14cf66532b.png,arrow,0,0,0,0,0,0,1,train,content:asset_86cc2d14cf66532b,file_97b241905407e4aa,asset_86cc2d14cf66532b,vision_platform\ads\runtime_collection\click_success\click_success_20260720_120450_838\crops\bbox.png,0
vision_platform\ads\pilot\visual_family_smoke_20260722\after_review\dataset\images\vf_01359_arrow_asset_16230f25d593b8d2.png,arrow,0,0,0,0,0,0,1,train,content:asset_16230f25d593b8d2,file_12c93a1807313e8b,asset_16230f25d593b8d2,vision_platform\ads\runtime_collection\click_success\click_success_20260720_120525_036\crops\bbox.png,0
vision_platform\ads\pilot\visual_family_smoke_20260722\after_review\dataset\images\vf_01360_arrow_asset_3786a8943f021398.png,arrow,0,0,0,0,0,0,1,val,content:asset_3786a8943f021398,file_ef7847f1a3e13f6f,asset_3786a8943f021398,vision_platform\ads\runtime_collection\click_success\click_success_20260720_120545_838\crops\bbox.png,0
vision_platform\ads\pilot\visual_family_smoke_20260722\after_review\dataset\images\vf_01361_arrow_asset_bc61648d042b5b94.png,arrow,0,0,0,0,0,0,1,train,content:asset_bc61648d042b5b94,file_566e37128936ebf1,asset_bc61648d042b5b94,vision_platform\ads\runtime_collection\click_success\click_success_20260720_130835_707\crops\bbox.png,0
vision_platform\ads\pilot\visual_family_smoke_20260722\after_review\dataset\images\vf_01362_arrow_asset_d2721e9937710212.png,arrow,0,0,0,0,0,0,1,test,content:asset_d2721e9937710212,file_8fd3a5a25e1095fd,asset_d2721e9937710212,vision_platform\ads\runtime_collection\click_success\click_success_20260720_130847_331\crops\bbox.png,0
vision_platform\ads\pilot\visual_family_smoke_20260722\after_review\dataset\images\vf_01363_x_mark_asset_238fd02898ddf365.png,x_mark,1,0,0,0,0,0,0,train,content:asset_238fd02898ddf365,file_5f385969b4e9b264,asset_238fd02898ddf365,vision_platform\ads\runtime_collection\click_success\click_success_20260720_131651_761\crops\bbox.png,0
vision_platform\ads\pilot\visual_family_smoke_20260722\after_review\dataset\images\vf_01364_arrow_asset_ed1c2fffbf6fd4ca.png,arrow,0,0,0,0,0,0,1,train,content:asset_ed1c2fffbf6fd4ca,file_90bae0cd0340f4b9,asset_ed1c2fffbf6fd4ca,vision_platform\ads\runtime_collection\click_success\click_success_20260720_131727_006\crops\bbox.png,0
vision_platform\ads\pilot\visual_family_smoke_20260722\after_review\dataset\images\vf_01365_arrow_asset_8397aa85ed86bb88.png,arrow,0,0,0,0,0,0,1,val,content:asset_8397aa85ed86bb88,file_4342f016a4fb45c5,asset_8397aa85ed86bb88,vision_platform\ads\runtime_collection\click_success\click_success_20260720_131747_541\crops\bbox.png,0
vision_platform\ads\pilot\visual_family_smoke_20260722\after_review\dataset\images\vf_01366_free_asset_83b91869426baa8c.png,free,0,0,0,0,1,0,0,train,content:asset_83b91869426baa8c,file_c1e09bac0c632624,asset_83b91869426baa8c,vision_platform\ads\runtime_collection\click_success\click_success_20260722_081708_782\crops\bbox.png,0
vision_platform\ads\pilot\visual_family_smoke_20260722\after_review\dataset\images\vf_01367_x_mark_asset_490b75ec39c7f069.png,x_mark,1,0,0,0,0,0,0,train,content:asset_490b75ec39c7f069,file_6bb4b38883bdcac4,asset_490b75ec39c7f069,vision_platform\ads\runtime_collection\click_success\click_success_20260722_081732_623\crops\bbox.png,0
vision_platform\ads\pilot\visual_family_smoke_20260722\after_review\dataset\images\vf_01368_got_asset_6c931f98c36e46ed.png,got,0,0,0,0,0,1,0,train,content:asset_6c931f98c36e46ed,file_ddebf61b3016dade,asset_6c931f98c36e46ed,vision_platform\ads\runtime_collection\click_success\click_success_20260722_081737_394\crops\bbox.png,0
vision_platform\ads\pilot\visual_family_smoke_20260722\after_review\dataset\images\vf_01369_free_asset_83b91869426baa8c.png,free,0,0,0,0,1,0,0,train,content:asset_83b91869426baa8c,file_31478d25959a77b1,asset_83b91869426baa8c,vision_platform\ads\runtime_collection\click_success\click_success_20260722_081743_605\crops\bbox.png,0
vision_platform\ads\pilot\visual_family_smoke_20260722\after_review\dataset\images\vf_01370_x_mark_asset_90ce48e4e47a01c1.png,x_mark,1,0,0,0,0,0,0,train,content:asset_90ce48e4e47a01c1,file_6593a1d3fdab2830,asset_90ce48e4e47a01c1,vision_platform\ads\runtime_collection\click_success\click_success_20260722_081801_310\crops\bbox.png,0
vision_platform\ads\pilot\visual_family_smoke_20260722\after_review\dataset\images\vf_01371_got_asset_0533535d812583ce.png,got,0,0,0,0,0,1,0,train,content:asset_0533535d812583ce,file_7290ff3cf7f59ce7,asset_0533535d812583ce,vision_platform\ads\runtime_collection\click_success\click_success_20260722_081806_037\crops\bbox.png,0
vision_platform\ads\pilot\visual_family_smoke_20260722\after_review\dataset\images\vf_01372_free_asset_f969550042dd8a5c.png,free,0,0,0,0,1,0,0,train,content:asset_f969550042dd8a5c,file_66146dffa4c77406,asset_f969550042dd8a5c,vision_platform\ads\runtime_collection\click_success\click_success_20260722_081812_095\crops\bbox.png,0
vision_platform\ads\pilot\visual_family_smoke_20260722\after_review\dataset\images\vf_01373_x_mark_asset_df863dce2bb8e3e1.png,x_mark,1,0,0,0,0,0,0,train,content:asset_df863dce2bb8e3e1,file_a9921203f8c33991,asset_df863dce2bb8e3e1,vision_platform\ads\runtime_collection\click_success\click_success_20260722_081829_694\crops\bbox.png,0
vision_platform\ads\pilot\visual_family_smoke_20260722\after_review\dataset\images\vf_01374_got_asset_53988202265f61fe.png,got,0,0,0,0,0,1,0,train,content:asset_53988202265f61fe,file_dee9b57211de4e5d,asset_53988202265f61fe,vision_platform\ads\runtime_collection\click_success\click_success_20260722_081834_365\crops\bbox.png,0
vision_platform\ads\pilot\visual_family_smoke_20260722\after_review\dataset\images\vf_01375_free_asset_0f62c98e529b3d06.png,free,0,0,0,0,1,0,0,train,content:asset_0f62c98e529b3d06,file_857cd41c7c654d2a,asset_0f62c98e529b3d06,vision_platform\ads\runtime_collection\click_success\click_success_20260722_081840_777\crops\bbox.png,0
vision_platform\ads\pilot\visual_family_smoke_20260722\after_review\dataset\images\vf_01376_x_mark_asset_33cda637775e1835.png,x_mark,1,0,0,0,0,0,0,train,content:asset_33cda637775e1835,file_fa6ffc2685bbc6fa,asset_33cda637775e1835,vision_platform\ads\runtime_collection\click_success\click_success_20260722_081858_444\crops\bbox.png,0
vision_platform\ads\pilot\visual_family_smoke_20260722\after_review\dataset\images\vf_01377_got_asset_b59b76af63110f03.png,got,0,0,0,0,0,1,0,train,content:asset_b59b76af63110f03,file_6f6103e325a9d9cd,asset_b59b76af63110f03,vision_platform\ads\runtime_collection\click_success\click_success_20260722_081903_144\crops\bbox.png,0
vision_platform\ads\pilot\visual_family_smoke_20260722\after_review\dataset\images\vf_01378_free_asset_cd28afeb00146427.png,free,0,0,0,0,1,0,0,train,content:asset_cd28afeb00146427,file_deccdcfdbb6e27a8,asset_cd28afeb00146427,vision_platform\ads\runtime_collection\click_success\click_success_20260722_081909_549\crops\bbox.png,0
vision_platform\ads\pilot\visual_family_smoke_20260722\after_review\dataset\images\vf_01379_x_mark_asset_1bcb39cc4cf3bcf4.png,x_mark,1,0,0,0,0,0,0,train,content:asset_1bcb39cc4cf3bcf4,file_2b3c6200a72b705e,asset_1bcb39cc4cf3bcf4,vision_platform\ads\runtime_collection\click_success\click_success_20260722_081927_355\crops\bbox.png,0
vision_platform\ads\pilot\visual_family_smoke_20260722\after_review\dataset\images\vf_01380_got_asset_6f5e84ebc968d78f.png,got,0,0,0,0,0,1,0,train,content:asset_6f5e84ebc968d78f,file_5759cb2a2a403cd3,asset_6f5e84ebc968d78f,vision_platform\ads\runtime_collection\click_success\click_success_20260722_081932_063\crops\bbox.png,0
vision_platform\ads\pilot\visual_family_smoke_20260722\after_review\dataset\images\vf_01381_free_asset_cd28afeb00146427.png,free,0,0,0,0,1,0,0,train,content:asset_cd28afeb00146427,file_c6c03c834d4dd265,asset_cd28afeb00146427,vision_platform\ads\runtime_collection\click_success\click_success_20260722_081938_558\crops\bbox.png,0
vision_platform\ads\pilot\visual_family_smoke_20260722\after_review\dataset\images\vf_01382_x_mark_asset_507e8cbb255ddbba.png,x_mark,1,0,0,0,0,0,0,train,content:asset_507e8cbb255ddbba,file_4793b07c9c990af6,asset_507e8cbb255ddbba,vision_platform\ads\runtime_collection\click_success\click_success_20260722_081956_193\crops\bbox.png,0
vision_platform\ads\pilot\visual_family_smoke_20260722\after_review\dataset\images\vf_01383_got_asset_43b0bf576561cb28.png,got,0,0,0,0,0,1,0,train,content:asset_43b0bf576561cb28,file_12bdd10c69eb6cb6,asset_43b0bf576561cb28,vision_platform\ads\runtime_collection\click_success\click_success_20260722_082000_972\crops\bbox.png,0
vision_platform\ads\pilot\visual_family_smoke_20260722\after_review\dataset\images\vf_01384_free_asset_d39eaaf081574a79.png,free,0,0,0,0,1,0,0,train,content:asset_d39eaaf081574a79,file_facbb0eb0268baf3,asset_d39eaaf081574a79,vision_platform\ads\runtime_collection\click_success\click_success_20260722_082248_915\crops\bbox.png,0
vision_platform\ads\pilot\visual_family_smoke_20260722\after_review\dataset\images\vf_01385_got_asset_7186b8c12d4a83c6.png,got,0,0,0,0,0,1,0,train,content:asset_7186b8c12d4a83c6,file_f837af9b1acc80cf,asset_7186b8c12d4a83c6,vision_platform\ads\runtime_collection\click_success\click_success_20260722_082307_081\crops\bbox.png,0
vision_platform\ads\pilot\visual_family_smoke_20260722\after_review\dataset\images\vf_01386_free_asset_fac9e420afb5975f.png,free,0,0,0,0,1,0,0,train,content:asset_fac9e420afb5975f,file_b322b3743e29a2ac,asset_fac9e420afb5975f,vision_platform\ads\runtime_collection\click_success\click_success_20260722_082312_398\crops\bbox.png,0
vision_platform\ads\pilot\visual_family_smoke_20260722\after_review\dataset\images\vf_01387_x_mark_asset_90ce48e4e47a01c1.png,x_mark,1,0,0,0,0,0,0,train,content:asset_90ce48e4e47a01c1,file_b981aa72779d11c5,asset_90ce48e4e47a01c1,vision_platform\ads\runtime_collection\click_success\click_success_20260722_082330_237\crops\bbox.png,0
vision_platform\ads\pilot\visual_family_smoke_20260722\after_review\dataset\images\vf_01388_got_asset_c2558d7c7bbc2629.png,got,0,0,0,0,0,1,0,train,content:asset_c2558d7c7bbc2629,file_31a67c453927c5ba,asset_c2558d7c7bbc2629,vision_platform\ads\runtime_collection\click_success\click_success_20260722_082335_145\crops\bbox.png,0
vision_platform\ads\pilot\visual_family_smoke_20260722\after_review\dataset\images\vf_01389_free_asset_fac9e420afb5975f.png,free,0,0,0,0,1,0,0,train,content:asset_fac9e420afb5975f,file_36815c046de8e648,asset_fac9e420afb5975f,vision_platform\ads\runtime_collection\click_success\click_success_20260722_082340_395\crops\bbox.png,0
vision_platform\ads\pilot\visual_family_smoke_20260722\after_review\dataset\images\vf_01390_x_mark_asset_dfe2e766e76863a7.png,x_mark,1,0,0,0,0,0,0,train,content:asset_dfe2e766e76863a7,file_2b1551c2bdd3bceb,asset_dfe2e766e76863a7,vision_platform\ads\runtime_collection\click_success\click_success_20260722_082358_205\crops\bbox.png,0
vision_platform\ads\pilot\visual_family_smoke_20260722\after_review\dataset\images\vf_01391_got_asset_c36e21d6068af747.png,got,0,0,0,0,0,1,0,train,content:asset_c36e21d6068af747,file_aa82c2c0591133b2,asset_c36e21d6068af747,vision_platform\ads\runtime_collection\click_success\click_success_20260722_082403_167\crops\bbox.png,0
vision_platform\ads\pilot\visual_family_smoke_20260722\after_review\dataset\images\vf_01392_free_asset_fac9e420afb5975f.png,free,0,0,0,0,1,0,0,train,content:asset_fac9e420afb5975f,file_d49d0a3fd446081d,asset_fac9e420afb5975f,vision_platform\ads\runtime_collection\click_success\click_success_20260722_082408_532\crops\bbox.png,0
vision_platform\ads\pilot\visual_family_smoke_20260722\after_review\dataset\images\vf_01393_x_mark_asset_507e8cbb255ddbba.png,x_mark,1,0,0,0,0,0,0,train,content:asset_507e8cbb255ddbba,file_57f9af8535b159e9,asset_507e8cbb255ddbba,vision_platform\ads\runtime_collection\click_success\click_success_20260722_082426_248\crops\bbox.png,0
vision_platform\ads\pilot\visual_family_smoke_20260722\after_review\dataset\images\vf_01394_got_asset_50d410eaadd5d6e0.png,got,0,0,0,0,0,1,0,train,content:asset_50d410eaadd5d6e0,file_d9ac938cff72d25b,asset_50d410eaadd5d6e0,vision_platform\ads\runtime_collection\click_success\click_success_20260722_082431_209\crops\bbox.png,0
vision_platform\ads\pilot\visual_family_smoke_20260722\after_review\dataset\images\vf_01395_free_asset_83b91869426baa8c.png,free,0,0,0,0,1,0,0,train,content:asset_83b91869426baa8c,file_5035ad51b16431f1,asset_83b91869426baa8c,vision_platform\ads\runtime_collection\click_success\click_success_20260722_084541_570\crops\bbox.png,0
vision_platform\ads\pilot\visual_family_smoke_20260722\after_review\dataset\images\vf_01396_x_mark_asset_272e712ae46e3ed6.png,x_mark,1,0,0,0,0,0,0,train,content:asset_272e712ae46e3ed6,file_72e8540473fda821,asset_272e712ae46e3ed6,vision_platform\ads\runtime_collection\click_success\click_success_20260722_084559_252\crops\bbox.png,0
vision_platform\ads\pilot\visual_family_smoke_20260722\after_review\dataset\images\vf_01397_got_asset_55317c8a8a0ff7df.png,got,0,0,0,0,0,1,0,train,content:asset_55317c8a8a0ff7df,file_595bc2931b6aa2ab,asset_55317c8a8a0ff7df,vision_platform\ads\runtime_collection\click_success\click_success_20260722_084603_973\crops\bbox.png,0
vision_platform\ads\pilot\visual_family_smoke_20260722\after_review\dataset\images\vf_01398_free_asset_83b91869426baa8c.png,free,0,0,0,0,1,0,0,train,content:asset_83b91869426baa8c,file_be60b5a26efb8ea8,asset_83b91869426baa8c,vision_platform\ads\runtime_collection\click_success\click_success_20260722_084610_132\crops\bbox.png,0
vision_platform\ads\pilot\visual_family_smoke_20260722\after_review\dataset\images\vf_01399_x_mark_asset_dfe2e766e76863a7.png,x_mark,1,0,0,0,0,0,0,train,content:asset_dfe2e766e76863a7,file_bf7e23eae7ce4295,asset_dfe2e766e76863a7,vision_platform\ads\runtime_collection\click_success\click_success_20260722_084627_993\crops\bbox.png,0
vision_platform\ads\pilot\visual_family_smoke_20260722\after_review\dataset\images\vf_01400_got_asset_7b46d005b0c81e07.png,got,0,0,0,0,0,1,0,test,content:asset_7b46d005b0c81e07,file_2f065d2b216ad0ba,asset_7b46d005b0c81e07,vision_platform\ads\runtime_collection\click_success\click_success_20260722_084632_732\crops\bbox.png,0
vision_platform\ads\pilot\visual_family_smoke_20260722\after_review\dataset\images\vf_01401_free_asset_f969550042dd8a5c.png,free,0,0,0,0,1,0,0,train,content:asset_f969550042dd8a5c,file_046badc7cccbec1f,asset_f969550042dd8a5c,vision_platform\ads\runtime_collection\click_success\click_success_20260722_084638_788\crops\bbox.png,0
vision_platform\ads\pilot\visual_family_smoke_20260722\after_review\dataset\images\vf_01402_x_mark_asset_e9a31cd691f5a239.png,x_mark,1,0,0,0,0,0,0,train,content:asset_e9a31cd691f5a239,file_94fc3dd7277cec1b,asset_e9a31cd691f5a239,vision_platform\ads\runtime_collection\click_success\click_success_20260722_084656_405\crops\bbox.png,0
vision_platform\ads\pilot\visual_family_smoke_20260722\after_review\dataset\images\vf_01403_got_asset_9e99362115ac26d7.png,got,0,0,0,0,0,1,0,train,content:asset_9e99362115ac26d7,file_b50e3f671ab54339,asset_9e99362115ac26d7,vision_platform\ads\runtime_collection\click_success\click_success_20260722_084701_097\crops\bbox.png,0
vision_platform\ads\pilot\visual_family_smoke_20260722\after_review\dataset\images\vf_01404_free_asset_0f62c98e529b3d06.png,free,0,0,0,0,1,0,0,train,content:asset_0f62c98e529b3d06,file_0d768d205f9f4312,asset_0f62c98e529b3d06,vision_platform\ads\runtime_collection\click_success\click_success_20260722_084707_507\crops\bbox.png,0
vision_platform\ads\pilot\visual_family_smoke_20260722\after_review\dataset\images\vf_01405_x_mark_asset_ce680f4a5707b5b4.png,x_mark,1,0,0,0,0,0,0,val,content:asset_ce680f4a5707b5b4,file_e03da43814de81ed,asset_ce680f4a5707b5b4,vision_platform\ads\runtime_collection\click_success\click_success_20260722_084725_400\crops\bbox.png,0
vision_platform\ads\pilot\visual_family_smoke_20260722\after_review\dataset\images\vf_01406_got_asset_2db774e8e7023fc0.png,got,0,0,0,0,0,1,0,train,content:asset_2db774e8e7023fc0,file_f644813841aa460f,asset_2db774e8e7023fc0,vision_platform\ads\runtime_collection\click_success\click_success_20260722_084730_153\crops\bbox.png,0
vision_platform\ads\pilot\visual_family_smoke_20260722\after_review\dataset\images\vf_01407_free_asset_cd28afeb00146427.png,free,0,0,0,0,1,0,0,train,content:asset_cd28afeb00146427,file_b8bc947d9f2ebca6,asset_cd28afeb00146427,vision_platform\ads\runtime_collection\click_success\click_success_20260722_084736_587\crops\bbox.png,0
vision_platform\ads\pilot\visual_family_smoke_20260722\after_review\dataset\images\vf_01408_x_mark_asset_e9a31cd691f5a239.png,x_mark,1,0,0,0,0,0,0,train,content:asset_e9a31cd691f5a239,file_08ed755cf78c265e,asset_e9a31cd691f5a239,vision_platform\ads\runtime_collection\click_success\click_success_20260722_084754_172\crops\bbox.png,0
vision_platform\ads\pilot\visual_family_smoke_20260722\after_review\dataset\images\vf_01409_got_asset_e66d9ad3397e576a.png,got,0,0,0,0,0,1,0,test,content:asset_e66d9ad3397e576a,file_ace507dc649f4157,asset_e66d9ad3397e576a,vision_platform\ads\runtime_collection\click_success\click_success_20260722_084758_913\crops\bbox.png,0
vision_platform\ads\pilot\visual_family_smoke_20260722\after_review\dataset\images\vf_01410_free_asset_cd28afeb00146427.png,free,0,0,0,0,1,0,0,train,content:asset_cd28afeb00146427,file_06587b1e226e8a41,asset_cd28afeb00146427,vision_platform\ads\runtime_collection\click_success\click_success_20260722_084805_308\crops\bbox.png,0
vision_platform\ads\pilot\visual_family_smoke_20260722\after_review\dataset\images\vf_01411_x_mark_asset_dfe2e766e76863a7.png,x_mark,1,0,0,0,0,0,0,train,content:asset_dfe2e766e76863a7,file_2120343c126cdd08,asset_dfe2e766e76863a7,vision_platform\ads\runtime_collection\click_success\click_success_20260722_084822_961\crops\bbox.png,0
vision_platform\ads\pilot\visual_family_smoke_20260722\after_review\dataset\images\vf_01412_got_asset_fc48558bea5b545a.png,got,0,0,0,0,0,1,0,train,content:asset_fc48558bea5b545a,file_d83e75a00bec6fdf,asset_fc48558bea5b545a,vision_platform\ads\runtime_collection\click_success\click_success_20260722_084827_663\crops\bbox.png,0
vision_platform\ads\pilot\visual_family_smoke_20260722\after_review\dataset\images\vf_01413_free_asset_d14bfb62e403a0a7.png,free,0,0,0,0,1,0,0,train,content:asset_d14bfb62e403a0a7,file_5d7877bfe3a6fa0e,asset_d14bfb62e403a0a7,vision_platform\ads\runtime_collection\click_success\click_success_20260722_085102_853\crops\bbox.png,0
vision_platform\ads\pilot\visual_family_smoke_20260722\after_review\dataset\images\vf_01414_got_asset_ca8a60c250d70700.png,got,0,0,0,0,0,1,0,train,content:asset_ca8a60c250d70700,file_500981e3b9b4901b,asset_ca8a60c250d70700,vision_platform\ads\runtime_collection\click_success\click_success_20260722_085121_189\crops\bbox.png,0
vision_platform\ads\pilot\visual_family_smoke_20260722\after_review\dataset\images\vf_01415_free_asset_fac9e420afb5975f.png,free,0,0,0,0,1,0,0,train,content:asset_fac9e420afb5975f,file_ee30e66679d89351,asset_fac9e420afb5975f,vision_platform\ads\runtime_collection\click_success\click_success_20260722_085126_455\crops\bbox.png,0
vision_platform\ads\pilot\visual_family_smoke_20260722\after_review\dataset\images\vf_01416_x_mark_asset_94adc811552e5325.png,x_mark,1,0,0,0,0,0,0,test,content:asset_94adc811552e5325,file_50f6b7cae42b609d,asset_94adc811552e5325,vision_platform\ads\runtime_collection\click_success\click_success_20260722_085144_212\crops\bbox.png,0
vision_platform\ads\pilot\visual_family_smoke_20260722\after_review\dataset\images\vf_01417_got_asset_2c628e6b70ff656b.png,got,0,0,0,0,0,1,0,train,content:asset_2c628e6b70ff656b,file_69fb067fd5344464,asset_2c628e6b70ff656b,vision_platform\ads\runtime_collection\click_success\click_success_20260722_085149_148\crops\bbox.png,0
vision_platform\ads\pilot\visual_family_smoke_20260722\after_review\dataset\images\vf_01418_free_asset_fac9e420afb5975f.png,free,0,0,0,0,1,0,0,train,content:asset_fac9e420afb5975f,file_5a75e713b1efc2e4,asset_fac9e420afb5975f,vision_platform\ads\runtime_collection\click_success\click_success_20260722_085154_467\crops\bbox.png,0
vision_platform\ads\pilot\visual_family_smoke_20260722\after_review\dataset\images\vf_01419_x_mark_asset_30c8ee229aa044f4.png,x_mark,1,0,0,0,0,0,0,val,content:asset_30c8ee229aa044f4,file_c82b9ed7e9a87c67,asset_30c8ee229aa044f4,vision_platform\ads\runtime_collection\click_success\click_success_20260722_085212_155\crops\bbox.png,0
vision_platform\ads\pilot\visual_family_smoke_20260722\after_review\dataset\images\vf_01420_got_asset_78dbfa60e5ded119.png,got,0,0,0,0,0,1,0,train,content:asset_78dbfa60e5ded119,file_38dee1151d8d427e,asset_78dbfa60e5ded119,vision_platform\ads\runtime_collection\click_success\click_success_20260722_085217_157\crops\bbox.png,0
vision_platform\ads\pilot\visual_family_smoke_20260722\after_review\dataset\images\vf_01421_free_asset_fac9e420afb5975f.png,free,0,0,0,0,1,0,0,train,content:asset_fac9e420afb5975f,file_455920f5169e0577,asset_fac9e420afb5975f,vision_platform\ads\runtime_collection\click_success\click_success_20260722_085222_577\crops\bbox.png,0
vision_platform\ads\pilot\visual_family_smoke_20260722\after_review\dataset\images\vf_01422_x_mark_asset_b76e507ac9aae79a.png,x_mark,1,0,0,0,0,0,0,train,content:asset_b76e507ac9aae79a,file_525bb9a6f5d3b3e3,asset_b76e507ac9aae79a,vision_platform\ads\runtime_collection\click_success\click_success_20260722_085240_295\crops\bbox.png,0
vision_platform\ads\pilot\visual_family_smoke_20260722\after_review\dataset\images\vf_01423_got_asset_b8289ba62ac2231f.png,got,0,0,0,0,0,1,0,test,content:asset_b8289ba62ac2231f,file_d0c383255f34997f,asset_b8289ba62ac2231f,vision_platform\ads\runtime_collection\click_success\click_success_20260722_085245_257\crops\bbox.png,0
vision_platform\ads\pilot\visual_family_smoke_20260722\after_review\dataset\images\vf_01424_free_asset_368f590dc52d4fd4.png,free,0,0,0,0,1,0,0,train,content:asset_368f590dc52d4fd4,file_645123cbf25ed061,asset_368f590dc52d4fd4,vision_platform\ads\runtime_collection\click_success\click_success_20260722_091318_297\crops\bbox.png,0
vision_platform\ads\pilot\visual_family_smoke_20260722\after_review\dataset\images\vf_01425_arrow_asset_3ff952559d185050.png,arrow,0,0,0,0,0,0,1,train,content:asset_3ff952559d185050,file_8ea977c8c0f96f83,asset_3ff952559d185050,vision_platform\ads\runtime_collection\click_success\click_success_20260722_091335_870\crops\bbox.png,0
vision_platform\ads\pilot\visual_family_smoke_20260722\after_review\dataset\images\vf_01426_arrow_asset_e07becefeb150319.png,arrow,0,0,0,0,0,0,1,train,content:asset_e07becefeb150319,file_31ec813492857b44,asset_e07becefeb150319,vision_platform\ads\runtime_collection\click_success\click_success_20260722_091352_509\crops\bbox.png,0
vision_platform\ads\pilot\visual_family_smoke_20260722\after_review\dataset\images\vf_01427_got_asset_a0898287b49a6424.png,got,0,0,0,0,0,1,0,train,content:asset_a0898287b49a6424,file_cc31df14ec192b16,asset_a0898287b49a6424,vision_platform\ads\runtime_collection\click_success\click_success_20260722_091357_292\crops\bbox.png,0
vision_platform\ads\pilot\visual_family_smoke_20260722\after_review\dataset\images\vf_01428_free_asset_83b91869426baa8c.png,free,0,0,0,0,1,0,0,train,content:asset_83b91869426baa8c,file_eea315e4c64cc96d,asset_83b91869426baa8c,vision_platform\ads\runtime_collection\click_success\click_success_20260722_091403_590\crops\bbox.png,0
vision_platform\ads\pilot\visual_family_smoke_20260722\after_review\dataset\images\vf_01429_arrow_asset_579630ec1a744d13.png,arrow,0,0,0,0,0,0,1,train,content:asset_579630ec1a744d13,file_8c573a469ebd9e84,asset_579630ec1a744d13,vision_platform\ads\runtime_collection\click_success\click_success_20260722_091421_145\crops\bbox.png,0
vision_platform\ads\pilot\visual_family_smoke_20260722\after_review\dataset\images\vf_01430_arrow_asset_73b7cba1de92b95a.png,arrow,0,0,0,0,0,0,1,train,content:asset_73b7cba1de92b95a,file_f6da828953845191,asset_73b7cba1de92b95a,vision_platform\ads\runtime_collection\click_success\click_success_20260722_091441_562\crops\bbox.png,0
vision_platform\ads\pilot\visual_family_smoke_20260722\after_review\dataset\images\vf_01431_got_asset_743728f16e2a46c9.png,got,0,0,0,0,0,1,0,train,content:asset_743728f16e2a46c9,file_4795e9482001f046,asset_743728f16e2a46c9,vision_platform\ads\runtime_collection\click_success\click_success_20260722_091446_252\crops\bbox.png,0
vision_platform\ads\pilot\visual_family_smoke_20260722\after_review\dataset\images\vf_01432_free_asset_f969550042dd8a5c.png,free,0,0,0,0,1,0,0,train,content:asset_f969550042dd8a5c,file_3966f02081d3ef51,asset_f969550042dd8a5c,vision_platform\ads\runtime_collection\click_success\click_success_20260722_091452_918\crops\bbox.png,0
vision_platform\ads\pilot\visual_family_smoke_20260722\after_review\dataset\images\vf_01433_arrow_asset_58cfab65632c497c.png,arrow,0,0,0,0,0,0,1,train,content:asset_58cfab65632c497c,file_8241d5f71cda8aa9,asset_58cfab65632c497c,vision_platform\ads\runtime_collection\click_success\click_success_20260722_091510_500\crops\bbox.png,0
vision_platform\ads\pilot\visual_family_smoke_20260722\after_review\dataset\images\vf_01434_arrow_asset_993eb8c392bc393e.png,arrow,0,0,0,0,0,0,1,val,content:asset_993eb8c392bc393e,file_073cbefc43fbd602,asset_993eb8c392bc393e,vision_platform\ads\runtime_collection\click_success\click_success_20260722_091527_194\crops\bbox.png,0
vision_platform\ads\pilot\visual_family_smoke_20260722\after_review\dataset\images\vf_01435_got_asset_34703c5daa5df667.png,got,0,0,0,0,0,1,0,test,content:asset_34703c5daa5df667,file_1651622f0daba05d,asset_34703c5daa5df667,vision_platform\ads\runtime_collection\click_success\click_success_20260722_091531_885\crops\bbox.png,0
vision_platform\ads\pilot\visual_family_smoke_20260722\after_review\dataset\images\vf_01436_free_asset_0f62c98e529b3d06.png,free,0,0,0,0,1,0,0,train,content:asset_0f62c98e529b3d06,file_7b3322e19d525410,asset_0f62c98e529b3d06,vision_platform\ads\runtime_collection\click_success\click_success_20260722_091538_937\crops\bbox.png,0
vision_platform\ads\pilot\visual_family_smoke_20260722\after_review\dataset\images\vf_01437_x_mark_asset_876bfbf87bdf7afa.png,x_mark,1,0,0,0,0,0,0,test,content:asset_876bfbf87bdf7afa,file_5d088e9e88754275,asset_876bfbf87bdf7afa,vision_platform\ads\runtime_collection\click_success\click_success_20260722_091608_461\crops\bbox.png,0
vision_platform\ads\pilot\visual_family_smoke_20260722\after_review\dataset\images\vf_01438_got_asset_f6cb1da85f0477ba.png,got,0,0,0,0,0,1,0,test,content:asset_f6cb1da85f0477ba,file_484c937cdf69b4a9,asset_f6cb1da85f0477ba,vision_platform\ads\runtime_collection\click_success\click_success_20260722_091613_186\crops\bbox.png,0
vision_platform\ads\pilot\visual_family_smoke_20260722\after_review\dataset\images\vf_01439_free_asset_cd28afeb00146427.png,free,0,0,0,0,1,0,0,train,content:asset_cd28afeb00146427,file_c582b61768450c00,asset_cd28afeb00146427,vision_platform\ads\runtime_collection\click_success\click_success_20260722_091619_943\crops\bbox.png,0
vision_platform\ads\pilot\visual_family_smoke_20260722\after_review\dataset\images\vf_01440_x_mark_asset_45f49d6b7a3a28fb.png,x_mark,1,0,0,0,0,0,0,train,content:asset_45f49d6b7a3a28fb,file_2fcadd32b5ece7b4,asset_45f49d6b7a3a28fb,vision_platform\ads\runtime_collection\click_success\click_success_20260722_091636_947\crops\bbox.png,0
vision_platform\ads\pilot\visual_family_smoke_20260722\after_review\dataset\images\vf_01441_got_asset_09af4b027dfdb16a.png,got,0,0,0,0,0,1,0,train,content:asset_09af4b027dfdb16a,file_14b35d85c238ebe0,asset_09af4b027dfdb16a,vision_platform\ads\runtime_collection\click_success\click_success_20260722_091641_672\crops\bbox.png,0
vision_platform\ads\pilot\visual_family_smoke_20260722\after_review\dataset\images\vf_01442_free_asset_cd28afeb00146427.png,free,0,0,0,0,1,0,0,train,content:asset_cd28afeb00146427,file_7544333e021dd103,asset_cd28afeb00146427,vision_platform\ads\runtime_collection\click_success\click_success_20260722_091648_379\crops\bbox.png,0
vision_platform\ads\pilot\visual_family_smoke_20260722\after_review\dataset\images\vf_01443_x_mark_asset_7d641ce2c95a5c88.png,x_mark,1,0,0,0,0,0,0,train,content:asset_7d641ce2c95a5c88,file_016184cec62a2589,asset_7d641ce2c95a5c88,vision_platform\ads\runtime_collection\click_success\click_success_20260722_091717_655\crops\bbox.png,0
vision_platform\ads\pilot\visual_family_smoke_20260722\after_review\dataset\images\vf_01444_got_asset_c1083db82868cc78.png,got,0,0,0,0,0,1,0,train,content:asset_c1083db82868cc78,file_9ffdf679c887c4a3,asset_c1083db82868cc78,vision_platform\ads\runtime_collection\click_success\click_success_20260722_091722_332\crops\bbox.png,0
vision_platform\ads\pilot\visual_family_smoke_20260722\after_review\dataset\images\vf_01445_free_asset_7a0c262a60cfc102.png,free,0,0,0,0,1,0,0,train,content:asset_7a0c262a60cfc102,file_9a67e0526136e60b,asset_7a0c262a60cfc102,vision_platform\ads\runtime_collection\click_success\click_success_20260722_092007_912\crops\bbox.png,0
vision_platform\ads\pilot\visual_family_smoke_20260722\after_review\dataset\images\vf_01446_got_asset_8f52cb0efdb79fd1.png,got,0,0,0,0,0,1,0,train,content:asset_8f52cb0efdb79fd1,file_d54f7d2958a59756,asset_8f52cb0efdb79fd1,vision_platform\ads\runtime_collection\click_success\click_success_20260722_092026_463\crops\bbox.png,0
vision_platform\ads\pilot\visual_family_smoke_20260722\after_review\dataset\images\vf_01447_free_asset_fac9e420afb5975f.png,free,0,0,0,0,1,0,0,train,content:asset_fac9e420afb5975f,file_3e9922e1136b82ce,asset_fac9e420afb5975f,vision_platform\ads\runtime_collection\click_success\click_success_20260722_092032_166\crops\bbox.png,0
vision_platform\ads\pilot\visual_family_smoke_20260722\after_review\dataset\images\vf_01448_arrow_asset_d56270cfbb6d9e73.png,arrow,0,0,0,0,0,0,1,train,content:asset_d56270cfbb6d9e73,file_390da8ac0b51a95d,asset_d56270cfbb6d9e73,vision_platform\ads\runtime_collection\click_success\click_success_20260722_092049_842\crops\bbox.png,0
vision_platform\ads\pilot\visual_family_smoke_20260722\after_review\dataset\images\vf_01449_arrow_asset_a654b5d9cca6a43c.png,arrow,0,0,0,0,0,0,1,train,content:asset_a654b5d9cca6a43c,file_416d4e049145b561,asset_a654b5d9cca6a43c,vision_platform\ads\runtime_collection\click_success\click_success_20260722_092106_959\crops\bbox.png,0
vision_platform\ads\pilot\visual_family_smoke_20260722\after_review\dataset\images\vf_01450_got_asset_b8a35079abb796b7.png,got,0,0,0,0,0,1,0,train,content:asset_b8a35079abb796b7,file_d252541672ace22c,asset_b8a35079abb796b7,vision_platform\ads\runtime_collection\click_success\click_success_20260722_092112_025\crops\bbox.png,0
vision_platform\ads\pilot\visual_family_smoke_20260722\after_review\dataset\images\vf_01451_free_asset_fac9e420afb5975f.png,free,0,0,0,0,1,0,0,train,content:asset_fac9e420afb5975f,file_d7a1cacaa9365408,asset_fac9e420afb5975f,vision_platform\ads\runtime_collection\click_success\click_success_20260722_092117_703\crops\bbox.png,0
vision_platform\ads\pilot\visual_family_smoke_20260722\after_review\dataset\images\vf_01452_x_mark_asset_a1181b8b2af31c86.png,x_mark,1,0,0,0,0,0,0,train,content:asset_a1181b8b2af31c86,file_6a429a75b136c51d,asset_a1181b8b2af31c86,vision_platform\ads\runtime_collection\click_success\click_success_20260722_092134_706\crops\bbox.png,0
vision_platform\ads\pilot\visual_family_smoke_20260722\after_review\dataset\images\vf_01453_got_asset_3196d57c94336c25.png,got,0,0,0,0,0,1,0,val,content:asset_3196d57c94336c25,file_236c196d34df1447,asset_3196d57c94336c25,vision_platform\ads\runtime_collection\click_success\click_success_20260722_092139_707\crops\bbox.png,0
vision_platform\ads\pilot\visual_family_smoke_20260722\after_review\dataset\images\vf_01454_arrow_asset_6638c7fb98f4f006.png,arrow,0,0,0,0,0,0,1,test,content:asset_6638c7fb98f4f006,file_7727a5d67562b993,asset_6638c7fb98f4f006,vision_platform\ads\runtime_collection\click_success\click_success_20260722_092203_324\crops\bbox.png,0
vision_platform\ads\pilot\visual_family_smoke_20260722\after_review\dataset\images\vf_01455_arrow_asset_b604e3c4dbd800fd.png,arrow,0,0,0,0,0,0,1,val,content:asset_b604e3c4dbd800fd,file_a1a51c78d71ea052,asset_b604e3c4dbd800fd,vision_platform\ads\runtime_collection\click_success\click_success_20260722_092220_010\crops\bbox.png,0
vision_platform\ads\pilot\visual_family_smoke_20260722\after_review\dataset\images\vf_01456_got_asset_a97bdc816bf0ceeb.png,got,0,0,0,0,0,1,0,train,content:asset_a97bdc816bf0ceeb,file_535b17eda4ad5293,asset_a97bdc816bf0ceeb,vision_platform\ads\runtime_collection\click_success\click_success_20260722_092225_006\crops\bbox.png,0
vision_platform\ads\pilot\visual_family_smoke_20260722\after_review\dataset\images\vf_01457_free_asset_83b91869426baa8c.png,free,0,0,0,0,1,0,0,train,content:asset_83b91869426baa8c,file_ed039a470cc080fe,asset_83b91869426baa8c,vision_platform\ads\runtime_collection\click_success\click_success_20260722_094309_637\crops\bbox.png,0
vision_platform\ads\pilot\visual_family_smoke_20260722\after_review\dataset\images\vf_01458_x_mark_asset_b75ce05a67c971a4.png,x_mark,1,0,0,0,0,0,0,train,content:asset_b75ce05a67c971a4,file_b5a23c84b3926804,asset_b75ce05a67c971a4,vision_platform\ads\runtime_collection\click_success\click_success_20260722_094326_866\crops\bbox.png,0
vision_platform\ads\pilot\visual_family_smoke_20260722\after_review\dataset\images\vf_01459_got_asset_10378eb29f9fc4e1.png,got,0,0,0,0,0,1,0,train,content:asset_10378eb29f9fc4e1,file_9b882225be0b754b,asset_10378eb29f9fc4e1,vision_platform\ads\runtime_collection\click_success\click_success_20260722_094331_835\crops\bbox.png,0
vision_platform\ads\pilot\visual_family_smoke_20260722\after_review\dataset\images\vf_01460_free_asset_83b91869426baa8c.png,free,0,0,0,0,1,0,0,train,content:asset_83b91869426baa8c,file_60aea5478dce5c92,asset_83b91869426baa8c,vision_platform\ads\runtime_collection\click_success\click_success_20260722_094339_126\crops\bbox.png,0
vision_platform\ads\pilot\visual_family_smoke_20260722\after_review\dataset\images\vf_01461_x_mark_asset_a48de0d227257882.png,x_mark,1,0,0,0,0,0,0,test,content:asset_a48de0d227257882,file_2d1fce935d1b016c,asset_a48de0d227257882,vision_platform\ads\runtime_collection\click_success\click_success_20260722_094356_243\crops\bbox.png,0
vision_platform\ads\pilot\visual_family_smoke_20260722\after_review\dataset\images\vf_01462_got_asset_8b4cc93ee78f6e84.png,got,0,0,0,0,0,1,0,train,content:asset_8b4cc93ee78f6e84,file_f99f29935492b59b,asset_8b4cc93ee78f6e84,vision_platform\ads\runtime_collection\click_success\click_success_20260722_094400_977\crops\bbox.png,0
vision_platform\ads\pilot\visual_family_smoke_20260722\after_review\dataset\images\vf_01463_free_asset_f969550042dd8a5c.png,free,0,0,0,0,1,0,0,train,content:asset_f969550042dd8a5c,file_2105c671ffbdff63,asset_f969550042dd8a5c,vision_platform\ads\runtime_collection\click_success\click_success_20260722_094407_606\crops\bbox.png,0
vision_platform\ads\pilot\visual_family_smoke_20260722\after_review\dataset\images\vf_01464_x_mark_asset_ebbaa4d76adee4a7.png,x_mark,1,0,0,0,0,0,0,train,content:asset_ebbaa4d76adee4a7,file_c6c4b53d11292ae7,asset_ebbaa4d76adee4a7,vision_platform\ads\runtime_collection\click_success\click_success_20260722_094437_287\crops\bbox.png,0
vision_platform\ads\pilot\visual_family_smoke_20260722\after_review\dataset\images\vf_01465_got_asset_5ff3803edf82c12a.png,got,0,0,0,0,0,1,0,train,content:asset_5ff3803edf82c12a,file_ec0038fa68742a63,asset_5ff3803edf82c12a,vision_platform\ads\runtime_collection\click_success\click_success_20260722_094442_141\crops\bbox.png,0
vision_platform\ads\pilot\visual_family_smoke_20260722\after_review\dataset\images\vf_01466_free_asset_0f62c98e529b3d06.png,free,0,0,0,0,1,0,0,train,content:asset_0f62c98e529b3d06,file_488b88d1dcb59051,asset_0f62c98e529b3d06,vision_platform\ads\runtime_collection\click_success\click_success_20260722_094449_171\crops\bbox.png,0
vision_platform\ads\pilot\visual_family_smoke_20260722\after_review\dataset\images\vf_01467_arrow_asset_c44c777eaa7ea016.png,arrow,0,0,0,0,0,0,1,train,content:asset_c44c777eaa7ea016,file_bb4d970eedcfce0e,asset_c44c777eaa7ea016,vision_platform\ads\runtime_collection\click_success\click_success_20260722_094506_900\crops\bbox.png,0
vision_platform\ads\pilot\visual_family_smoke_20260722\after_review\dataset\images\vf_01468_arrow_asset_aa1ae1d18d7540dd.png,arrow,0,0,0,0,0,0,1,train,content:asset_aa1ae1d18d7540dd,file_8da92d0fd0683e12,asset_aa1ae1d18d7540dd,vision_platform\ads\runtime_collection\click_success\click_success_20260722_094524_334\crops\bbox.png,0
vision_platform\ads\pilot\visual_family_smoke_20260722\after_review\dataset\images\vf_01469_got_asset_b8b1646db57ad102.png,got,0,0,0,0,0,1,0,train,content:asset_b8b1646db57ad102,file_97b2cdc6e4b42c4b,asset_b8b1646db57ad102,vision_platform\ads\runtime_collection\click_success\click_success_20260722_094529_183\crops\bbox.png,0
vision_platform\ads\pilot\visual_family_smoke_20260722\after_review\dataset\images\vf_01470_free_asset_cd28afeb00146427.png,free,0,0,0,0,1,0,0,train,content:asset_cd28afeb00146427,file_b9cb6c9889f72f7c,asset_cd28afeb00146427,vision_platform\ads\runtime_collection\click_success\click_success_20260722_094536_431\crops\bbox.png,0
vision_platform\ads\pilot\visual_family_smoke_20260722\after_review\dataset\images\vf_01471_x_mark_asset_d89729a52b6dc5e0.png,x_mark,1,0,0,0,0,0,0,train,content:asset_d89729a52b6dc5e0,file_3a0cb0b835f6bee7,asset_d89729a52b6dc5e0,vision_platform\ads\runtime_collection\click_success\click_success_20260722_094606_764\crops\bbox.png,0
vision_platform\ads\pilot\visual_family_smoke_20260722\after_review\dataset\images\vf_01472_got_asset_0d8557179bd45e5e.png,got,0,0,0,0,0,1,0,val,content:asset_0d8557179bd45e5e,file_b0de2c02b5401508,asset_0d8557179bd45e5e,vision_platform\ads\runtime_collection\click_success\click_success_20260722_094611_590\crops\bbox.png,0
vision_platform\ads\pilot\visual_family_smoke_20260722\after_review\dataset\images\vf_01473_free_asset_cd28afeb00146427.png,free,0,0,0,0,1,0,0,train,content:asset_cd28afeb00146427,file_385c613af97ff117,asset_cd28afeb00146427,vision_platform\ads\runtime_collection\click_success\click_success_20260722_094618_462\crops\bbox.png,0
vision_platform\ads\pilot\visual_family_smoke_20260722\after_review\dataset\images\vf_01474_x_mark_asset_49735098606c66cf.png,x_mark,1,0,0,0,0,0,0,train,content:asset_49735098606c66cf,file_697dba6acdc2cedc,asset_49735098606c66cf,vision_platform\ads\runtime_collection\click_success\click_success_20260722_094650_117\crops\bbox.png,0
vision_platform\ads\pilot\visual_family_smoke_20260722\after_review\dataset\images\vf_01475_got_asset_4c9dfd0e4d8e5bd9.png,got,0,0,0,0,0,1,0,test,content:asset_4c9dfd0e4d8e5bd9,file_132004bf970c4391,asset_4c9dfd0e4d8e5bd9,vision_platform\ads\runtime_collection\click_success\click_success_20260722_094655_026\crops\bbox.png,0
vision_platform\ads\pilot\visual_family_smoke_20260722\after_review\dataset\images\vf_01476_free_asset_1053ab40df0e71ea.png,free,0,0,0,0,1,0,0,train,content:asset_1053ab40df0e71ea,file_d56c77be6f040eac,asset_1053ab40df0e71ea,vision_platform\ads\runtime_collection\click_success\click_success_20260722_094943_509\crops\bbox.png,0
vision_platform\ads\pilot\visual_family_smoke_20260722\after_review\dataset\images\vf_01477_got_asset_359a08df2ec5f966.png,got,0,0,0,0,0,1,0,val,content:asset_359a08df2ec5f966,file_42d969a6d4acfa9c,asset_359a08df2ec5f966,vision_platform\ads\runtime_collection\click_success\click_success_20260722_095002_281\crops\bbox.png,0
vision_platform\ads\pilot\visual_family_smoke_20260722\after_review\dataset\images\vf_01478_free_asset_fac9e420afb5975f.png,free,0,0,0,0,1,0,0,train,content:asset_fac9e420afb5975f,file_eeda1d3da3269c1e,asset_fac9e420afb5975f,vision_platform\ads\runtime_collection\click_success\click_success_20260722_095007_980\crops\bbox.png,0
vision_platform\ads\pilot\visual_family_smoke_20260722\after_review\dataset\images\vf_01479_x_mark_asset_b9c6354fe2b2b621.png,x_mark,1,0,0,0,0,0,0,train,content:asset_b9c6354fe2b2b621,file_f96fee76a27c13c2,asset_b9c6354fe2b2b621,vision_platform\ads\runtime_collection\click_success\click_success_20260722_095025_330\crops\bbox.png,0
vision_platform\ads\pilot\visual_family_smoke_20260722\after_review\dataset\images\vf_01480_got_asset_e3eb4f4145299d91.png,got,0,0,0,0,0,1,0,train,content:asset_e3eb4f4145299d91,file_6f438487f1532f36,asset_e3eb4f4145299d91,vision_platform\ads\runtime_collection\click_success\click_success_20260722_095030_702\crops\bbox.png,0
vision_platform\ads\pilot\visual_family_smoke_20260722\after_review\dataset\images\vf_01481_free_asset_fac9e420afb5975f.png,free,0,0,0,0,1,0,0,train,content:asset_fac9e420afb5975f,file_40b41f9f4a25188d,asset_fac9e420afb5975f,vision_platform\ads\runtime_collection\click_success\click_success_20260722_095036_952\crops\bbox.png,0
vision_platform\ads\pilot\visual_family_smoke_20260722\after_review\dataset\images\vf_01482_x_mark_asset_f70acb2440c02aba.png,x_mark,1,0,0,0,0,0,0,val,content:asset_f70acb2440c02aba,file_f6669af18ec995c2,asset_f70acb2440c02aba,vision_platform\ads\runtime_collection\click_success\click_success_20260722_095054_435\crops\bbox.png,0
vision_platform\ads\pilot\visual_family_smoke_20260722\after_review\dataset\images\vf_01483_got_asset_867fcbb3df72f424.png,got,0,0,0,0,0,1,0,train,content:asset_867fcbb3df72f424,file_6fb76acc49dc85dc,asset_867fcbb3df72f424,vision_platform\ads\runtime_collection\click_success\click_success_20260722_095059_663\crops\bbox.png,0
vision_platform\ads\pilot\visual_family_smoke_20260722\after_review\dataset\images\vf_01484_free_asset_fac9e420afb5975f.png,free,0,0,0,0,1,0,0,train,content:asset_fac9e420afb5975f,file_a5567dec661897ad,asset_fac9e420afb5975f,vision_platform\ads\runtime_collection\click_success\click_success_20260722_095105_751\crops\bbox.png,0
vision_platform\ads\pilot\visual_family_smoke_20260722\after_review\dataset\images\vf_01485_x_mark_asset_4b5e4b56d5abe711.png,x_mark,1,0,0,0,0,0,0,train,content:asset_4b5e4b56d5abe711,file_5493ff9cbd51ccc8,asset_4b5e4b56d5abe711,vision_platform\ads\runtime_collection\click_success\click_success_20260722_095132_064\crops\bbox.png,0
vision_platform\ads\pilot\visual_family_smoke_20260722\after_review\dataset\images\vf_01486_got_asset_ee94ebebb765a49a.png,got,0,0,0,0,0,1,0,train,content:asset_ee94ebebb765a49a,file_8509f9ce71f302ef,asset_ee94ebebb765a49a,vision_platform\ads\runtime_collection\click_success\click_success_20260722_095137_321\crops\bbox.png,0
vision_platform\ads\pilot\visual_family_smoke_20260722\after_review\dataset\images\vf_01487_free_asset_83b91869426baa8c_weak_click_success.png,free,0,0,0,0,1,0,0,train,click_success:ads2_click_success_20260719_093751_311,file_45384c0a7c607c3f,asset_83b91869426baa8c,vision_platform\ads\runtime_collection\click_success\click_success_20260719_093751_311\crops\bbox.png,0
vision_platform\ads\pilot\visual_family_smoke_20260722\after_review\dataset\images\vf_01488_x_mark_asset_55fbb5e834c0e298_weak_click_success.png,x_mark,1,0,0,0,0,0,0,train,click_success:ads2_click_success_20260719_093814_574,file_199e664be2f11e05,asset_55fbb5e834c0e298,vision_platform\ads\runtime_collection\click_success\click_success_20260719_093814_574\crops\bbox.png,0
vision_platform\ads\pilot\visual_family_smoke_20260722\after_review\dataset\images\vf_01489_got_asset_e13f0fb5913b8ce8_weak_click_success.png,got,0,0,0,0,0,1,0,val,click_success:ads2_click_success_20260719_093819_308,file_29c810d4131989ff,asset_e13f0fb5913b8ce8,vision_platform\ads\runtime_collection\click_success\click_success_20260719_093819_308\crops\bbox.png,0
vision_platform\ads\pilot\visual_family_smoke_20260722\after_review\dataset\images\vf_01490_got_asset_fa9320ce72369e80_weak_click_success.png,got,0,0,0,0,0,1,0,train,click_success:ads2_click_success_20260719_093900_785,file_d2d78a62785e2586,asset_fa9320ce72369e80,vision_platform\ads\runtime_collection\click_success\click_success_20260719_093900_785\crops\bbox.png,0
vision_platform\ads\pilot\visual_family_smoke_20260722\after_review\dataset\images\vf_01491_got_asset_3b599f2e99e7704b_weak_click_success.png,got,0,0,0,0,0,1,0,train,click_success:ads2_click_success_20260719_093947_006,file_9e21bb0158528070,asset_3b599f2e99e7704b,vision_platform\ads\runtime_collection\click_success\click_success_20260719_093947_006\crops\bbox.png,0
vision_platform\ads\pilot\visual_family_smoke_20260722\after_review\dataset\images\vf_01492_free_asset_0f62c98e529b3d06_weak_click_success.png,free,0,0,0,0,1,0,0,train,click_success:ads2_click_success_20260719_093953_788,file_978de1895bcff7e8,asset_0f62c98e529b3d06,vision_platform\ads\runtime_collection\click_success\click_success_20260719_093953_788\crops\bbox.png,0
vision_platform\ads\pilot\visual_family_smoke_20260722\after_review\dataset\images\vf_01493_got_asset_3166da952f1c3949_weak_click_success.png,got,0,0,0,0,0,1,0,train,click_success:ads2_click_success_20260719_094035_435,file_bfb6e2c725fc8125,asset_3166da952f1c3949,vision_platform\ads\runtime_collection\click_success\click_success_20260719_094035_435\crops\bbox.png,0
vision_platform\ads\pilot\visual_family_smoke_20260722\after_review\dataset\images\vf_01494_got_asset_a54ef491db7121e4_weak_click_success.png,got,0,0,0,0,0,1,0,val,click_success:ads2_click_success_20260719_094121_626,file_6b2fe2c26666888d,asset_a54ef491db7121e4,vision_platform\ads\runtime_collection\click_success\click_success_20260719_094121_626\crops\bbox.png,0
vision_platform\ads\pilot\visual_family_smoke_20260722\after_review\dataset\images\vf_01495_free_asset_cd28afeb00146427_weak_click_success.png,free,0,0,0,0,1,0,0,train,click_success:ads2_click_success_20260719_094128_479,file_fb3b728f92a9abf8,asset_cd28afeb00146427,vision_platform\ads\runtime_collection\click_success\click_success_20260719_094128_479\crops\bbox.png,0
vision_platform\ads\pilot\visual_family_smoke_20260722\after_review\dataset\images\vf_01496_got_asset_404e891a81206047_weak_click_success.png,got,0,0,0,0,0,1,0,test,click_success:ads2_click_success_20260719_094207_685,file_ae84f52bc69ebf37,asset_404e891a81206047,vision_platform\ads\runtime_collection\click_success\click_success_20260719_094207_685\crops\bbox.png,0
vision_platform\ads\pilot\visual_family_smoke_20260722\after_review\dataset\images\vf_01497_free_asset_cddfd6378f037ade_weak_click_success.png,free,0,0,0,0,1,0,0,train,click_success:ads2_click_success_20260719_094357_107,file_2ff90be4f0df1f0d,asset_cddfd6378f037ade,vision_platform\ads\runtime_collection\click_success\click_success_20260719_094357_107\crops\bbox.png,0
vision_platform\ads\pilot\visual_family_smoke_20260722\after_review\dataset\images\vf_01498_got_asset_21e8399350a90563_weak_click_success.png,got,0,0,0,0,0,1,0,train,click_success:ads2_click_success_20260719_094415_443,file_bb0c971e72587ac4,asset_21e8399350a90563,vision_platform\ads\runtime_collection\click_success\click_success_20260719_094415_443\crops\bbox.png,0
vision_platform\ads\pilot\visual_family_smoke_20260722\after_review\dataset\images\vf_01499_free_asset_ddabaec51a87c710_weak_click_success.png,free,0,0,0,0,1,0,0,train,click_success:ads2_click_success_20260719_094422_597,file_8bd7dbaaf7b8695a,asset_ddabaec51a87c710,vision_platform\ads\runtime_collection\click_success\click_success_20260719_094422_597\crops\bbox.png,0
vision_platform\ads\pilot\visual_family_smoke_20260722\after_review\dataset\images\vf_01500_got_asset_ade21674ed879abb_weak_click_success.png,got,0,0,0,0,0,1,0,train,click_success:ads2_click_success_20260719_094502_188,file_ac07cda11a6c6e9b,asset_ade21674ed879abb,vision_platform\ads\runtime_collection\click_success\click_success_20260719_094502_188\crops\bbox.png,0
vision_platform\ads\pilot\visual_family_smoke_20260722\after_review\dataset\images\vf_01501_free_asset_fac9e420afb5975f_weak_click_success.png,free,0,0,0,0,1,0,0,train,click_success:ads2_click_success_20260719_094507_884,file_0d07818cbf6516e3,asset_fac9e420afb5975f,vision_platform\ads\runtime_collection\click_success\click_success_20260719_094507_884\crops\bbox.png,0
vision_platform\ads\pilot\visual_family_smoke_20260722\after_review\dataset\images\vf_01502_got_asset_f7067337d39fe558_weak_click_success.png,got,0,0,0,0,0,1,0,train,click_success:ads2_click_success_20260719_094546_590,file_8789995df1f2bf1a,asset_f7067337d39fe558,vision_platform\ads\runtime_collection\click_success\click_success_20260719_094546_590\crops\bbox.png,0
vision_platform\ads\pilot\visual_family_smoke_20260722\after_review\dataset\images\vf_01503_got_asset_7ea5c44b52d13762_weak_click_success.png,got,0,0,0,0,0,1,0,train,click_success:ads2_click_success_20260719_094632_530,file_71d01b86b8c8f84f,asset_7ea5c44b52d13762,vision_platform\ads\runtime_collection\click_success\click_success_20260719_094632_530\crops\bbox.png,0
vision_platform\ads\pilot\visual_family_smoke_20260722\after_review\dataset\images\vf_01504_free_asset_83b91869426baa8c_weak_click_success.png,free,0,0,0,0,1,0,0,train,click_success:ads2_click_success_20260719_100706_535,file_28368ff7a638c9e7,asset_83b91869426baa8c,vision_platform\ads\runtime_collection\click_success\click_success_20260719_100706_535\crops\bbox.png,0
vision_platform\ads\pilot\visual_family_smoke_20260722\after_review\dataset\images\vf_01505_got_asset_5fe04ad6633fe433_weak_click_success.png,got,0,0,0,0,0,1,0,train,click_success:ads2_click_success_20260719_100742_015,file_f2349f6a4f50649f,asset_5fe04ad6633fe433,vision_platform\ads\runtime_collection\click_success\click_success_20260719_100742_015\crops\bbox.png,0
vision_platform\ads\pilot\visual_family_smoke_20260722\after_review\dataset\images\vf_01506_free_asset_83b91869426baa8c_weak_click_success.png,free,0,0,0,0,1,0,0,train,click_success:ads2_click_success_20260719_100748_731,file_fd985198177b236b,asset_83b91869426baa8c,vision_platform\ads\runtime_collection\click_success\click_success_20260719_100748_731\crops\bbox.png,0
vision_platform\ads\pilot\visual_family_smoke_20260722\after_review\dataset\images\vf_01507_got_asset_0a5661d93c42cfc1_weak_click_success.png,got,0,0,0,0,0,1,0,train,click_success:ads2_click_success_20260719_100823_240,file_98e8b4eb25fda556,asset_0a5661d93c42cfc1,vision_platform\ads\runtime_collection\click_success\click_success_20260719_100823_240\crops\bbox.png,0
vision_platform\ads\pilot\visual_family_smoke_20260722\after_review\dataset\images\vf_01508_free_asset_f969550042dd8a5c_weak_click_success.png,free,0,0,0,0,1,0,0,train,click_success:ads2_click_success_20260719_100829_630,file_7d0089c1f1d9cb67,asset_f969550042dd8a5c,vision_platform\ads\runtime_collection\click_success\click_success_20260719_100829_630\crops\bbox.png,0
vision_platform\ads\pilot\visual_family_smoke_20260722\after_review\dataset\images\vf_01509_x_mark_asset_55fbb5e834c0e298_weak_click_success.png,x_mark,1,0,0,0,0,0,0,train,click_success:ads2_click_success_20260719_100848_151,file_32a2986bfa252924,asset_55fbb5e834c0e298,vision_platform\ads\runtime_collection\click_success\click_success_20260719_100848_151\crops\bbox.png,0
vision_platform\ads\pilot\visual_family_smoke_20260722\after_review\dataset\images\vf_01510_got_asset_83c4ff7af1b1d5c8_weak_click_success.png,got,0,0,0,0,0,1,0,test,click_success:ads2_click_success_20260719_100852_946,file_45ad82770cab28c3,asset_83c4ff7af1b1d5c8,vision_platform\ads\runtime_collection\click_success\click_success_20260719_100852_946\crops\bbox.png,0
vision_platform\ads\pilot\visual_family_smoke_20260722\after_review\dataset\images\vf_01511_x_mark_asset_55fbb5e834c0e298_weak_click_success.png,x_mark,1,0,0,0,0,0,0,train,click_success:ads2_click_success_20260719_100918_100,file_70e2230ed7536d32,asset_55fbb5e834c0e298,vision_platform\ads\runtime_collection\click_success\click_success_20260719_100918_100\crops\bbox.png,0
vision_platform\ads\pilot\visual_family_smoke_20260722\after_review\dataset\images\vf_01512_got_asset_dc96d64958e4a557_weak_click_success.png,got,0,0,0,0,0,1,0,test,click_success:ads2_click_success_20260719_100922_776,file_81b1268982146e29,asset_dc96d64958e4a557,vision_platform\ads\runtime_collection\click_success\click_success_20260719_100922_776\crops\bbox.png,0
vision_platform\ads\pilot\visual_family_smoke_20260722\after_review\dataset\images\vf_01513_free_asset_cd28afeb00146427_weak_click_success.png,free,0,0,0,0,1,0,0,train,click_success:ads2_click_success_20260719_100929_383,file_f64f4b1609a6fe59,asset_cd28afeb00146427,vision_platform\ads\runtime_collection\click_success\click_success_20260719_100929_383\crops\bbox.png,0
vision_platform\ads\pilot\visual_family_smoke_20260722\after_review\dataset\images\vf_01514_x_mark_asset_55fbb5e834c0e298_weak_click_success.png,x_mark,1,0,0,0,0,0,0,train,click_success:ads2_click_success_20260719_100947_354,file_19646ba3f8b45fa0,asset_55fbb5e834c0e298,vision_platform\ads\runtime_collection\click_success\click_success_20260719_100947_354\crops\bbox.png,0
vision_platform\ads\pilot\visual_family_smoke_20260722\after_review\dataset\images\vf_01515_got_asset_1c5b24a96b7847b1_weak_click_success.png,got,0,0,0,0,0,1,0,train,click_success:ads2_click_success_20260719_100952_060,file_81f177136ff26650,asset_1c5b24a96b7847b1,vision_platform\ads\runtime_collection\click_success\click_success_20260719_100952_060\crops\bbox.png,0
vision_platform\ads\pilot\visual_family_smoke_20260722\after_review\dataset\images\vf_01516_x_mark_asset_55fbb5e834c0e298_weak_click_success.png,x_mark,1,0,0,0,0,0,0,train,click_success:ads2_click_success_20260719_101016_908,file_742035dbc9eb9044,asset_55fbb5e834c0e298,vision_platform\ads\runtime_collection\click_success\click_success_20260719_101016_908\crops\bbox.png,0
vision_platform\ads\pilot\visual_family_smoke_20260722\after_review\dataset\images\vf_01517_got_asset_1e282c00a33b0763_weak_click_success.png,got,0,0,0,0,0,1,0,train,click_success:ads2_click_success_20260719_101021_661,file_189588774b89f85e,asset_1e282c00a33b0763,vision_platform\ads\runtime_collection\click_success\click_success_20260719_101021_661\crops\bbox.png,0
vision_platform\ads\pilot\visual_family_smoke_20260722\after_review\dataset\images\vf_01518_free_asset_d39eaaf081574a79_weak_click_success.png,free,0,0,0,0,1,0,0,train,click_success:ads2_click_success_20260719_101209_346,file_d8e7d3156d132004,asset_d39eaaf081574a79,vision_platform\ads\runtime_collection\click_success\click_success_20260719_101209_346\crops\bbox.png,0
vision_platform\ads\pilot\visual_family_smoke_20260722\after_review\dataset\images\vf_01519_got_asset_613a1789b940bec6_weak_click_success.png,got,0,0,0,0,0,1,0,val,click_success:ads2_click_success_20260719_101227_582,file_7e84c36ae8049a53,asset_613a1789b940bec6,vision_platform\ads\runtime_collection\click_success\click_success_20260719_101227_582\crops\bbox.png,0
vision_platform\ads\pilot\visual_family_smoke_20260722\after_review\dataset\images\vf_01520_x_mark_asset_55fbb5e834c0e298_weak_click_success.png,x_mark,1,0,0,0,0,0,0,train,click_success:ads2_click_success_20260719_101252_074,file_54d47f5e11695f9b,asset_55fbb5e834c0e298,vision_platform\ads\runtime_collection\click_success\click_success_20260719_101252_074\crops\bbox.png,0
vision_platform\ads\pilot\visual_family_smoke_20260722\after_review\dataset\images\vf_01521_got_asset_d79532eb0b9685cc_weak_click_success.png,got,0,0,0,0,0,1,0,test,click_success:ads2_click_success_20260719_101257_107,file_4512a7047cfa8469,asset_d79532eb0b9685cc,vision_platform\ads\runtime_collection\click_success\click_success_20260719_101257_107\crops\bbox.png,0
vision_platform\ads\pilot\visual_family_smoke_20260722\after_review\dataset\images\vf_01522_free_asset_fac9e420afb5975f_weak_click_success.png,free,0,0,0,0,1,0,0,train,click_success:ads2_click_success_20260719_101302_590,file_bd848ee8b9bca946,asset_fac9e420afb5975f,vision_platform\ads\runtime_collection\click_success\click_success_20260719_101302_590\crops\bbox.png,0
vision_platform\ads\pilot\visual_family_smoke_20260722\after_review\dataset\images\vf_01523_x_mark_asset_55fbb5e834c0e298_weak_click_success.png,x_mark,1,0,0,0,0,0,0,train,click_success:ads2_click_success_20260719_101321_354,file_8bbbe538b97a2bbf,asset_55fbb5e834c0e298,vision_platform\ads\runtime_collection\click_success\click_success_20260719_101321_354\crops\bbox.png,0
vision_platform\ads\pilot\visual_family_smoke_20260722\after_review\dataset\images\vf_01524_got_asset_345e58c3ba0e8386_weak_click_success.png,got,0,0,0,0,0,1,0,train,click_success:ads2_click_success_20260719_101326_376,file_979bfe47c98e3ed1,asset_345e58c3ba0e8386,vision_platform\ads\runtime_collection\click_success\click_success_20260719_101326_376\crops\bbox.png,0
vision_platform\ads\pilot\visual_family_smoke_20260722\after_review\dataset\images\vf_01525_free_asset_fac9e420afb5975f_weak_click_success.png,free,0,0,0,0,1,0,0,train,click_success:ads2_click_success_20260719_101331_717,file_b22168bb7f5c744c,asset_fac9e420afb5975f,vision_platform\ads\runtime_collection\click_success\click_success_20260719_101331_717\crops\bbox.png,0
vision_platform\ads\pilot\visual_family_smoke_20260722\after_review\dataset\images\vf_01526_x_mark_asset_55fbb5e834c0e298_weak_click_success.png,x_mark,1,0,0,0,0,0,0,train,click_success:ads2_click_success_20260719_101349_744,file_687f9e13b3f2f801,asset_55fbb5e834c0e298,vision_platform\ads\runtime_collection\click_success\click_success_20260719_101349_744\crops\bbox.png,0
vision_platform\ads\pilot\visual_family_smoke_20260722\after_review\dataset\images\vf_01527_got_asset_57c5bb60df450ed8_weak_click_success.png,got,0,0,0,0,0,1,0,train,click_success:ads2_click_success_20260719_101354_790,file_a3051dd7788f8c04,asset_57c5bb60df450ed8,vision_platform\ads\runtime_collection\click_success\click_success_20260719_101354_790\crops\bbox.png,0
vision_platform\ads\pilot\visual_family_smoke_20260722\after_review\dataset\images\vf_01528_free_asset_83b91869426baa8c_weak_click_success.png,free,0,0,0,0,1,0,0,train,click_success:ads2_click_success_20260719_103521_241,file_86cb41c21bfd361f,asset_83b91869426baa8c,vision_platform\ads\runtime_collection\click_success\click_success_20260719_103521_241\crops\bbox.png,0
vision_platform\ads\pilot\visual_family_smoke_20260722\after_review\dataset\images\vf_01529_x_mark_asset_8a824d50c87430bb_weak_click_success.png,x_mark,1,0,0,0,0,0,0,train,click_success:ads2_click_success_20260719_103538_992,file_b1db720d7f22fb2b,asset_8a824d50c87430bb,vision_platform\ads\runtime_collection\click_success\click_success_20260719_103538_992\crops\bbox.png,0
vision_platform\ads\pilot\visual_family_smoke_20260722\after_review\dataset\images\vf_01530_got_asset_2eaf72b38a5f05cc_weak_click_success.png,got,0,0,0,0,0,1,0,train,click_success:ads2_click_success_20260719_103543_766,file_3a6a1f0ca6e2157d,asset_2eaf72b38a5f05cc,vision_platform\ads\runtime_collection\click_success\click_success_20260719_103543_766\crops\bbox.png,0
vision_platform\ads\pilot\visual_family_smoke_20260722\after_review\dataset\images\vf_01531_free_asset_83b91869426baa8c_weak_click_success.png,free,0,0,0,0,1,0,0,train,click_success:ads2_click_success_20260719_103549_876,file_b67b7d3f5aefa6e8,asset_83b91869426baa8c,vision_platform\ads\runtime_collection\click_success\click_success_20260719_103549_876\crops\bbox.png,0
vision_platform\ads\pilot\visual_family_smoke_20260722\after_review\dataset\images\vf_01532_x_mark_asset_8894d7e086f4c110_weak_click_success.png,x_mark,1,0,0,0,0,0,0,train,click_success:ads2_click_success_20260719_103607_635,file_d3bd40bbe1fb69f2,asset_8894d7e086f4c110,vision_platform\ads\runtime_collection\click_success\click_success_20260719_103607_635\crops\bbox.png,0
vision_platform\ads\pilot\visual_family_smoke_20260722\after_review\dataset\images\vf_01533_got_asset_1013f0837c629a8c_weak_click_success.png,got,0,0,0,0,0,1,0,val,click_success:ads2_click_success_20260719_103612_356,file_897e7566c25c5b15,asset_1013f0837c629a8c,vision_platform\ads\runtime_collection\click_success\click_success_20260719_103612_356\crops\bbox.png,0
vision_platform\ads\pilot\visual_family_smoke_20260722\after_review\dataset\images\vf_01534_free_asset_f969550042dd8a5c_weak_click_success.png,free,0,0,0,0,1,0,0,train,click_success:ads2_click_success_20260719_103618_492,file_e1a75187a236a255,asset_f969550042dd8a5c,vision_platform\ads\runtime_collection\click_success\click_success_20260719_103618_492\crops\bbox.png,0
vision_platform\ads\pilot\visual_family_smoke_20260722\after_review\dataset\images\vf_01535_x_mark_asset_dfe2e766e76863a7_weak_click_success.png,x_mark,1,0,0,0,0,0,0,train,click_success:ads2_click_success_20260719_103636_297,file_172e8991942a2bad,asset_dfe2e766e76863a7,vision_platform\ads\runtime_collection\click_success\click_success_20260719_103636_297\crops\bbox.png,0
vision_platform\ads\pilot\visual_family_smoke_20260722\after_review\dataset\images\vf_01536_got_asset_9b973b838087a85f_weak_click_success.png,got,0,0,0,0,0,1,0,train,click_success:ads2_click_success_20260719_103641_046,file_3e27639508d957f3,asset_9b973b838087a85f,vision_platform\ads\runtime_collection\click_success\click_success_20260719_103641_046\crops\bbox.png,0
vision_platform\ads\pilot\visual_family_smoke_20260722\after_review\dataset\images\vf_01537_free_asset_0f62c98e529b3d06_weak_click_success.png,free,0,0,0,0,1,0,0,train,click_success:ads2_click_success_20260719_103647_501,file_605ca9b076a2d39a,asset_0f62c98e529b3d06,vision_platform\ads\runtime_collection\click_success\click_success_20260719_103647_501\crops\bbox.png,0
vision_platform\ads\pilot\visual_family_smoke_20260722\after_review\dataset\images\vf_01538_got_asset_559cacdb59d73088_weak_click_success.png,got,0,0,0,0,0,1,0,train,click_success:ads2_click_success_20260719_103710_061,file_96cb10d9037e4e87,asset_559cacdb59d73088,vision_platform\ads\runtime_collection\click_success\click_success_20260719_103710_061\crops\bbox.png,0
vision_platform\ads\pilot\visual_family_smoke_20260722\after_review\dataset\images\vf_01539_free_asset_cd28afeb00146427_weak_click_success.png,free,0,0,0,0,1,0,0,train,click_success:ads2_click_success_20260719_103716_510,file_f684b1d3619f26f2,asset_cd28afeb00146427,vision_platform\ads\runtime_collection\click_success\click_success_20260719_103716_510\crops\bbox.png,0
vision_platform\ads\pilot\visual_family_smoke_20260722\after_review\dataset\images\vf_01540_x_mark_asset_186ef5c07473c5f7_weak_click_success.png,x_mark,1,0,0,0,0,0,0,test,click_success:ads2_click_success_20260719_103734_266,file_6291f7e436d8feef,asset_186ef5c07473c5f7,vision_platform\ads\runtime_collection\click_success\click_success_20260719_103734_266\crops\bbox.png,0
vision_platform\ads\pilot\visual_family_smoke_20260722\after_review\dataset\images\vf_01541_got_asset_5a522cacaa593625_weak_click_success.png,got,0,0,0,0,0,1,0,val,click_success:ads2_click_success_20260719_103738_937,file_d4af3101cea0029f,asset_5a522cacaa593625,vision_platform\ads\runtime_collection\click_success\click_success_20260719_103738_937\crops\bbox.png,0
vision_platform\ads\pilot\visual_family_smoke_20260722\after_review\dataset\images\vf_01542_free_asset_cd28afeb00146427_weak_click_success.png,free,0,0,0,0,1,0,0,train,click_success:ads2_click_success_20260719_103745_300,file_434318cae5befc4c,asset_cd28afeb00146427,vision_platform\ads\runtime_collection\click_success\click_success_20260719_103745_300\crops\bbox.png,0
vision_platform\ads\pilot\visual_family_smoke_20260722\after_review\dataset\images\vf_01543_x_mark_asset_13acf9a7cca0ad2b_weak_click_success.png,x_mark,1,0,0,0,0,0,0,train,click_success:ads2_click_success_20260719_103802_890,file_cfc9f8a9f9787a6a,asset_13acf9a7cca0ad2b,vision_platform\ads\runtime_collection\click_success\click_success_20260719_103802_890\crops\bbox.png,0
vision_platform\ads\pilot\visual_family_smoke_20260722\after_review\dataset\images\vf_01544_got_asset_467398e8280af819_weak_click_success.png,got,0,0,0,0,0,1,0,train,click_success:ads2_click_success_20260719_103807_546,file_1a8cb73ec20d045c,asset_467398e8280af819,vision_platform\ads\runtime_collection\click_success\click_success_20260719_103807_546\crops\bbox.png,0
vision_platform\ads\pilot\visual_family_smoke_20260722\after_review\dataset\images\vf_01545_free_asset_d39eaaf081574a79_weak_click_success.png,free,0,0,0,0,1,0,0,train,click_success:ads2_click_success_20260719_104040_426,file_420dd233b896153e,asset_d39eaaf081574a79,vision_platform\ads\runtime_collection\click_success\click_success_20260719_104040_426\crops\bbox.png,0
vision_platform\ads\pilot\visual_family_smoke_20260722\after_review\dataset\images\vf_01546_got_asset_238a677b6bb07391_weak_click_success.png,got,0,0,0,0,0,1,0,train,click_success:ads2_click_success_20260719_104058_778,file_9c99b83f3a29d415,asset_238a677b6bb07391,vision_platform\ads\runtime_collection\click_success\click_success_20260719_104058_778\crops\bbox.png,0
vision_platform\ads\pilot\visual_family_smoke_20260722\after_review\dataset\images\vf_01547_free_asset_fac9e420afb5975f_weak_click_success.png,free,0,0,0,0,1,0,0,train,click_success:ads2_click_success_20260719_104104_182,file_2426ee769f4abe89,asset_fac9e420afb5975f,vision_platform\ads\runtime_collection\click_success\click_success_20260719_104104_182\crops\bbox.png,0
vision_platform\ads\pilot\visual_family_smoke_20260722\after_review\dataset\images\vf_01548_x_mark_asset_3603e8e8712294aa_weak_click_success.png,x_mark,1,0,0,0,0,0,0,train,click_success:ads2_click_success_20260719_104121_989,file_d034943d03d77e02,asset_3603e8e8712294aa,vision_platform\ads\runtime_collection\click_success\click_success_20260719_104121_989\crops\bbox.png,0
vision_platform\ads\pilot\visual_family_smoke_20260722\after_review\dataset\images\vf_01549_got_asset_38527cf92e25693c_weak_click_success.png,got,0,0,0,0,0,1,0,val,click_success:ads2_click_success_20260719_104126_971,file_534517b5e5750bff,asset_38527cf92e25693c,vision_platform\ads\runtime_collection\click_success\click_success_20260719_104126_971\crops\bbox.png,0
vision_platform\ads\pilot\visual_family_smoke_20260722\after_review\dataset\images\vf_01550_free_asset_fac9e420afb5975f_weak_click_success.png,free,0,0,0,0,1,0,0,train,click_success:ads2_click_success_20260719_104132_340,file_2e846684cd9aad24,asset_fac9e420afb5975f,vision_platform\ads\runtime_collection\click_success\click_success_20260719_104132_340\crops\bbox.png,0
vision_platform\ads\pilot\visual_family_smoke_20260722\after_review\dataset\images\vf_01551_got_asset_b3a4860424514d1f_weak_click_success.png,got,0,0,0,0,0,1,0,train,click_success:ads2_click_success_20260719_104155_349,file_e848269ae39e5699,asset_b3a4860424514d1f,vision_platform\ads\runtime_collection\click_success\click_success_20260719_104155_349\crops\bbox.png,0
vision_platform\ads\pilot\visual_family_smoke_20260722\after_review\dataset\images\vf_01552_free_asset_fac9e420afb5975f_weak_click_success.png,free,0,0,0,0,1,0,0,train,click_success:ads2_click_success_20260719_104200_678,file_a143df80ec833cac,asset_fac9e420afb5975f,vision_platform\ads\runtime_collection\click_success\click_success_20260719_104200_678\crops\bbox.png,0
vision_platform\ads\pilot\visual_family_smoke_20260722\after_review\dataset\images\vf_01553_x_mark_asset_dfe2e766e76863a7_weak_click_success.png,x_mark,1,0,0,0,0,0,0,train,click_success:ads2_click_success_20260719_104218_527,file_8469cf17b409d095,asset_dfe2e766e76863a7,vision_platform\ads\runtime_collection\click_success\click_success_20260719_104218_527\crops\bbox.png,0
vision_platform\ads\pilot\visual_family_smoke_20260722\after_review\dataset\images\vf_01554_got_asset_7e4feb31d14e8922_weak_click_success.png,got,0,0,0,0,0,1,0,train,click_success:ads2_click_success_20260719_104223_529,file_f4cc80aeb6b6d5d1,asset_7e4feb31d14e8922,vision_platform\ads\runtime_collection\click_success\click_success_20260719_104223_529\crops\bbox.png,0
vision_platform\ads\pilot\visual_family_smoke_20260722\after_review\dataset\images\vf_01555_free_asset_83b91869426baa8c_weak_click_success.png,free,0,0,0,0,1,0,0,train,click_success:ads2_click_success_20260719_110246_831,file_df5b44dcd75cb691,asset_83b91869426baa8c,vision_platform\ads\runtime_collection\click_success\click_success_20260719_110246_831\crops\bbox.png,0
vision_platform\ads\pilot\visual_family_smoke_20260722\after_review\dataset\images\vf_01556_x_mark_asset_6077d524a5b5e6a7_weak_click_success.png,x_mark,1,0,0,0,0,0,0,val,click_success:ads2_click_success_20260719_110304_494,file_4adfaeb9a426db4d,asset_6077d524a5b5e6a7,vision_platform\ads\runtime_collection\click_success\click_success_20260719_110304_494\crops\bbox.png,0
vision_platform\ads\pilot\visual_family_smoke_20260722\after_review\dataset\images\vf_01557_got_asset_4eb67785313f2467_weak_click_success.png,got,0,0,0,0,0,1,0,train,click_success:ads2_click_success_20260719_110309_257,file_f4731379d4060cf1,asset_4eb67785313f2467,vision_platform\ads\runtime_collection\click_success\click_success_20260719_110309_257\crops\bbox.png,0
vision_platform\ads\pilot\visual_family_smoke_20260722\after_review\dataset\images\vf_01558_free_asset_83b91869426baa8c_weak_click_success.png,free,0,0,0,0,1,0,0,train,click_success:ads2_click_success_20260719_110315_415,file_a14c54ba644a34d7,asset_83b91869426baa8c,vision_platform\ads\runtime_collection\click_success\click_success_20260719_110315_415\crops\bbox.png,0
vision_platform\ads\pilot\visual_family_smoke_20260722\after_review\dataset\images\vf_01559_x_mark_asset_11f12a7a90864764_weak_click_success.png,x_mark,1,0,0,0,0,0,0,train,click_success:ads2_click_success_20260719_110333_073,file_97950cf882acea2c,asset_11f12a7a90864764,vision_platform\ads\runtime_collection\click_success\click_success_20260719_110333_073\crops\bbox.png,0
vision_platform\ads\pilot\visual_family_smoke_20260722\after_review\dataset\images\vf_01560_got_asset_9c496a42e571c5ba_weak_click_success.png,got,0,0,0,0,0,1,0,train,click_success:ads2_click_success_20260719_110337_799,file_a09d7c11e9a933ad,asset_9c496a42e571c5ba,vision_platform\ads\runtime_collection\click_success\click_success_20260719_110337_799\crops\bbox.png,0
vision_platform\ads\pilot\visual_family_smoke_20260722\after_review\dataset\images\vf_01561_free_asset_f969550042dd8a5c_weak_click_success.png,free,0,0,0,0,1,0,0,train,click_success:ads2_click_success_20260719_110343_870,file_65f22ff4266506ba,asset_f969550042dd8a5c,vision_platform\ads\runtime_collection\click_success\click_success_20260719_110343_870\crops\bbox.png,0
vision_platform\ads\pilot\visual_family_smoke_20260722\after_review\dataset\images\vf_01562_x_mark_asset_30c8ee229aa044f4_weak_click_success.png,x_mark,1,0,0,0,0,0,0,val,click_success:ads2_click_success_20260719_110401_544,file_810c32c164d82bd9,asset_30c8ee229aa044f4,vision_platform\ads\runtime_collection\click_success\click_success_20260719_110401_544\crops\bbox.png,0
vision_platform\ads\pilot\visual_family_smoke_20260722\after_review\dataset\images\vf_01563_got_asset_3b1598dfb6523404_weak_click_success.png,got,0,0,0,0,0,1,0,train,click_success:ads2_click_success_20260719_110406_245,file_f9c52a32f670ff22,asset_3b1598dfb6523404,vision_platform\ads\runtime_collection\click_success\click_success_20260719_110406_245\crops\bbox.png,0
vision_platform\ads\pilot\visual_family_smoke_20260722\after_review\dataset\images\vf_01564_free_asset_0f62c98e529b3d06_weak_click_success.png,free,0,0,0,0,1,0,0,train,click_success:ads2_click_success_20260719_110412_722,file_c12fe103cee0fc64,asset_0f62c98e529b3d06,vision_platform\ads\runtime_collection\click_success\click_success_20260719_110412_722\crops\bbox.png,0
vision_platform\ads\pilot\visual_family_smoke_20260722\after_review\dataset\images\vf_01565_x_mark_asset_324bfa5f5548285f_weak_click_success.png,x_mark,1,0,0,0,0,0,0,test,click_success:ads2_click_success_20260719_110430_386,file_c856a81994b4f558,asset_324bfa5f5548285f,vision_platform\ads\runtime_collection\click_success\click_success_20260719_110430_386\crops\bbox.png,0
vision_platform\ads\pilot\visual_family_smoke_20260722\after_review\dataset\images\vf_01566_got_asset_987fc2629b972d16_weak_click_success.png,got,0,0,0,0,0,1,0,val,click_success:ads2_click_success_20260719_110435_162,file_9f7faf2e8124f760,asset_987fc2629b972d16,vision_platform\ads\runtime_collection\click_success\click_success_20260719_110435_162\crops\bbox.png,0
vision_platform\ads\pilot\visual_family_smoke_20260722\after_review\dataset\images\vf_01567_free_asset_cd28afeb00146427_weak_click_success.png,free,0,0,0,0,1,0,0,train,click_success:ads2_click_success_20260719_110441_599,file_1e8a7156bd6f7696,asset_cd28afeb00146427,vision_platform\ads\runtime_collection\click_success\click_success_20260719_110441_599\crops\bbox.png,0
vision_platform\ads\pilot\visual_family_smoke_20260722\after_review\dataset\images\vf_01568_x_mark_asset_ee8d8097b6a92785_weak_click_success.png,x_mark,1,0,0,0,0,0,0,train,click_success:ads2_click_success_20260719_110459_134,file_bf291f9b659c5023,asset_ee8d8097b6a92785,vision_platform\ads\runtime_collection\click_success\click_success_20260719_110459_134\crops\bbox.png,0
vision_platform\ads\pilot\visual_family_smoke_20260722\after_review\dataset\images\vf_01569_got_asset_1071a09cd9d6f5e5_weak_click_success.png,got,0,0,0,0,0,1,0,train,click_success:ads2_click_success_20260719_110503_846,file_9a54debdff6d292d,asset_1071a09cd9d6f5e5,vision_platform\ads\runtime_collection\click_success\click_success_20260719_110503_846\crops\bbox.png,0
vision_platform\ads\pilot\visual_family_smoke_20260722\after_review\dataset\images\vf_01570_free_asset_cd28afeb00146427_weak_click_success.png,free,0,0,0,0,1,0,0,train,click_success:ads2_click_success_20260719_110510_259,file_efa4139e97e7da52,asset_cd28afeb00146427,vision_platform\ads\runtime_collection\click_success\click_success_20260719_110510_259\crops\bbox.png,0
vision_platform\ads\pilot\visual_family_smoke_20260722\after_review\dataset\images\vf_01571_x_mark_asset_2117e8b585c0bc87_weak_click_success.png,x_mark,1,0,0,0,0,0,0,test,click_success:ads2_click_success_20260719_110527_965,file_bc4dad08011d931a,asset_2117e8b585c0bc87,vision_platform\ads\runtime_collection\click_success\click_success_20260719_110527_965\crops\bbox.png,0
vision_platform\ads\pilot\visual_family_smoke_20260722\after_review\dataset\images\vf_01572_got_asset_11b6d689b1b02e99_weak_click_success.png,got,0,0,0,0,0,1,0,train,click_success:ads2_click_success_20260719_110532_655,file_84155f6b61cdfea8,asset_11b6d689b1b02e99,vision_platform\ads\runtime_collection\click_success\click_success_20260719_110532_655\crops\bbox.png,0
vision_platform\ads\pilot\visual_family_smoke_20260722\after_review\dataset\images\vf_01573_free_asset_02c72c16cadd5f8d_weak_click_success.png,free,0,0,0,0,1,0,0,train,click_success:ads2_click_success_20260719_110835_052,file_dce2d9abb465876a,asset_02c72c16cadd5f8d,vision_platform\ads\runtime_collection\click_success\click_success_20260719_110835_052\crops\bbox.png,0
vision_platform\ads\pilot\visual_family_smoke_20260722\after_review\dataset\images\vf_01574_x_mark_asset_5b6b562947e71af4_weak_click_success.png,x_mark,1,0,0,0,0,0,0,train,click_success:ads2_click_success_20260719_110853_198,file_f211a63f4099fd6e,asset_5b6b562947e71af4,vision_platform\ads\runtime_collection\click_success\click_success_20260719_110853_198\crops\bbox.png,0
vision_platform\ads\pilot\visual_family_smoke_20260722\after_review\dataset\images\vf_01575_got_asset_ccd88a194d3dfea3_weak_click_success.png,got,0,0,0,0,0,1,0,train,click_success:ads2_click_success_20260719_110858_386,file_66419c8b4e8e8706,asset_ccd88a194d3dfea3,vision_platform\ads\runtime_collection\click_success\click_success_20260719_110858_386\crops\bbox.png,0
vision_platform\ads\pilot\visual_family_smoke_20260722\after_review\dataset\images\vf_01576_free_asset_fac9e420afb5975f_weak_click_success.png,free,0,0,0,0,1,0,0,train,click_success:ads2_click_success_20260719_110903_943,file_8779fdd540ce93ff,asset_fac9e420afb5975f,vision_platform\ads\runtime_collection\click_success\click_success_20260719_110903_943\crops\bbox.png,0
vision_platform\ads\pilot\visual_family_smoke_20260722\after_review\dataset\images\vf_01577_got_asset_fecd57174f827e15_weak_click_success.png,got,0,0,0,0,0,1,0,train,click_success:ads2_click_success_20260719_110927_172,file_56a9936df5a9229d,asset_fecd57174f827e15,vision_platform\ads\runtime_collection\click_success\click_success_20260719_110927_172\crops\bbox.png,0
vision_platform\ads\pilot\visual_family_smoke_20260722\after_review\dataset\images\vf_01578_free_asset_fac9e420afb5975f_weak_click_success.png,free,0,0,0,0,1,0,0,train,click_success:ads2_click_success_20260719_110932_725,file_f3ec0d84e601345c,asset_fac9e420afb5975f,vision_platform\ads\runtime_collection\click_success\click_success_20260719_110932_725\crops\bbox.png,0
vision_platform\ads\pilot\visual_family_smoke_20260722\after_review\dataset\images\vf_01579_x_mark_asset_186ef5c07473c5f7_weak_click_success.png,x_mark,1,0,0,0,0,0,0,test,click_success:ads2_click_success_20260719_110950_797,file_5e4805e37d5ba22e,asset_186ef5c07473c5f7,vision_platform\ads\runtime_collection\click_success\click_success_20260719_110950_797\crops\bbox.png,0
vision_platform\ads\pilot\visual_family_smoke_20260722\after_review\dataset\images\vf_01580_got_asset_5bb9012847576afa_weak_click_success.png,got,0,0,0,0,0,1,0,train,click_success:ads2_click_success_20260719_110955_875,file_4635ef796b1c008b,asset_5bb9012847576afa,vision_platform\ads\runtime_collection\click_success\click_success_20260719_110955_875\crops\bbox.png,0
vision_platform\ads\pilot\visual_family_smoke_20260722\after_review\dataset\images\vf_01581_free_asset_83b91869426baa8c_weak_click_success.png,free,0,0,0,0,1,0,0,train,click_success:ads2_click_success_20260720_102145_198,file_51eb23daf76e51e4,asset_83b91869426baa8c,vision_platform\ads\runtime_collection\click_success\click_success_20260720_102145_198\crops\bbox.png,0
vision_platform\ads\pilot\visual_family_smoke_20260722\after_review\dataset\images\vf_01582_x_mark_asset_324bfa5f5548285f_weak_click_success.png,x_mark,1,0,0,0,0,0,0,test,click_success:ads2_click_success_20260720_102205_472,file_2a62b392efe49876,asset_324bfa5f5548285f,vision_platform\ads\runtime_collection\click_success\click_success_20260720_102205_472\crops\bbox.png,0
vision_platform\ads\pilot\visual_family_smoke_20260722\after_review\dataset\images\vf_01583_got_asset_00e88472d7e533a9_weak_click_success.png,got,0,0,0,0,0,1,0,val,click_success:ads2_click_success_20260720_102211_252,file_34fd3157d708c58c,asset_00e88472d7e533a9,vision_platform\ads\runtime_collection\click_success\click_success_20260720_102211_252\crops\bbox.png,0
vision_platform\ads\pilot\visual_family_smoke_20260722\after_review\dataset\images\vf_01584_free_asset_83b91869426baa8c_weak_click_success.png,free,0,0,0,0,1,0,0,train,click_success:ads2_click_success_20260720_102219_719,file_12d454f0c290c44e,asset_83b91869426baa8c,vision_platform\ads\runtime_collection\click_success\click_success_20260720_102219_719\crops\bbox.png,0
vision_platform\ads\pilot\visual_family_smoke_20260722\after_review\dataset\images\vf_01585_x_mark_asset_084604e3c14f1e41_weak_click_success.png,x_mark,1,0,0,0,0,0,0,train,click_success:ads2_click_success_20260720_102239_632,file_c06be608fd01a599,asset_084604e3c14f1e41,vision_platform\ads\runtime_collection\click_success\click_success_20260720_102239_632\crops\bbox.png,0
vision_platform\ads\pilot\visual_family_smoke_20260722\after_review\dataset\images\vf_01586_got_asset_eda752d44b1eb2ed_weak_click_success.png,got,0,0,0,0,0,1,0,train,click_success:ads2_click_success_20260720_102245_381,file_16ed36ead9db5a4d,asset_eda752d44b1eb2ed,vision_platform\ads\runtime_collection\click_success\click_success_20260720_102245_381\crops\bbox.png,0
vision_platform\ads\pilot\visual_family_smoke_20260722\after_review\dataset\images\vf_01587_free_asset_f969550042dd8a5c_weak_click_success.png,free,0,0,0,0,1,0,0,train,click_success:ads2_click_success_20260720_102253_728,file_92b6fba8a0659b52,asset_f969550042dd8a5c,vision_platform\ads\runtime_collection\click_success\click_success_20260720_102253_728\crops\bbox.png,0
vision_platform\ads\pilot\visual_family_smoke_20260722\after_review\dataset\images\vf_01588_x_mark_asset_90ce48e4e47a01c1_weak_click_success.png,x_mark,1,0,0,0,0,0,0,train,click_success:ads2_click_success_20260720_102313_490,file_ead9736507b95ead,asset_90ce48e4e47a01c1,vision_platform\ads\runtime_collection\click_success\click_success_20260720_102313_490\crops\bbox.png,0
vision_platform\ads\pilot\visual_family_smoke_20260722\after_review\dataset\images\vf_01589_got_asset_329e4c8c749f75a2_weak_click_success.png,got,0,0,0,0,0,1,0,train,click_success:ads2_click_success_20260720_102319_344,file_e3af79cf488391fd,asset_329e4c8c749f75a2,vision_platform\ads\runtime_collection\click_success\click_success_20260720_102319_344\crops\bbox.png,0
vision_platform\ads\pilot\visual_family_smoke_20260722\after_review\dataset\images\vf_01590_free_asset_0f62c98e529b3d06_weak_click_success.png,free,0,0,0,0,1,0,0,train,click_success:ads2_click_success_20260720_102328_252,file_cc9e6eabd91c2b75,asset_0f62c98e529b3d06,vision_platform\ads\runtime_collection\click_success\click_success_20260720_102328_252\crops\bbox.png,0
vision_platform\ads\pilot\visual_family_smoke_20260722\after_review\dataset\images\vf_01591_x_mark_asset_13acf9a7cca0ad2b_weak_click_success.png,x_mark,1,0,0,0,0,0,0,train,click_success:ads2_click_success_20260720_102347_512,file_62e399c9df7285e1,asset_13acf9a7cca0ad2b,vision_platform\ads\runtime_collection\click_success\click_success_20260720_102347_512\crops\bbox.png,0
vision_platform\ads\pilot\visual_family_smoke_20260722\after_review\dataset\images\vf_01592_got_asset_567f83aa507c9aba_weak_click_success.png,got,0,0,0,0,0,1,0,train,click_success:ads2_click_success_20260720_102353_115,file_075e0f3f985fffd0,asset_567f83aa507c9aba,vision_platform\ads\runtime_collection\click_success\click_success_20260720_102353_115\crops\bbox.png,0
vision_platform\ads\pilot\visual_family_smoke_20260722\after_review\dataset\images\vf_01593_free_asset_cd28afeb00146427_weak_click_success.png,free,0,0,0,0,1,0,0,train,click_success:ads2_click_success_20260720_102402_398,file_9b0079b65cb7b308,asset_cd28afeb00146427,vision_platform\ads\runtime_collection\click_success\click_success_20260720_102402_398\crops\bbox.png,0
vision_platform\ads\pilot\visual_family_smoke_20260722\after_review\dataset\images\vf_01594_x_mark_asset_e8822aa822828f68_weak_click_success.png,x_mark,1,0,0,0,0,0,0,train,click_success:ads2_click_success_20260720_102422_458,file_bc403ba9a1b7ed34,asset_e8822aa822828f68,vision_platform\ads\runtime_collection\click_success\click_success_20260720_102422_458\crops\bbox.png,0
vision_platform\ads\pilot\visual_family_smoke_20260722\after_review\dataset\images\vf_01595_got_asset_3c688013e09fb33a_weak_click_success.png,got,0,0,0,0,0,1,0,val,click_success:ads2_click_success_20260720_102428_051,file_a7c96aa4ae27c7f8,asset_3c688013e09fb33a,vision_platform\ads\runtime_collection\click_success\click_success_20260720_102428_051\crops\bbox.png,0
vision_platform\ads\pilot\visual_family_smoke_20260722\after_review\dataset\images\vf_01596_free_asset_cd28afeb00146427_weak_click_success.png,free,0,0,0,0,1,0,0,train,click_success:ads2_click_success_20260720_102436_999,file_66d284af1914dc4d,asset_cd28afeb00146427,vision_platform\ads\runtime_collection\click_success\click_success_20260720_102436_999\crops\bbox.png,0
vision_platform\ads\pilot\visual_family_smoke_20260722\after_review\dataset\images\vf_01597_x_mark_asset_3d80fc7784fdd413_weak_click_success.png,x_mark,1,0,0,0,0,0,0,val,click_success:ads2_click_success_20260720_102456_996,file_ca3b661bed1a673b,asset_3d80fc7784fdd413,vision_platform\ads\runtime_collection\click_success\click_success_20260720_102456_996\crops\bbox.png,0
vision_platform\ads\pilot\visual_family_smoke_20260722\after_review\dataset\images\vf_01598_got_asset_6ef8728dbc62d0f3_weak_click_success.png,got,0,0,0,0,0,1,0,train,click_success:ads2_click_success_20260720_102502_935,file_4d5d2ef71d986598,asset_6ef8728dbc62d0f3,vision_platform\ads\runtime_collection\click_success\click_success_20260720_102502_935\crops\bbox.png,0
vision_platform\ads\pilot\visual_family_smoke_20260722\after_review\dataset\images\vf_01599_free_asset_02c72c16cadd5f8d_weak_click_success.png,free,0,0,0,0,1,0,0,train,click_success:ads2_click_success_20260720_102821_079,file_d5a90696cb2f462d,asset_02c72c16cadd5f8d,vision_platform\ads\runtime_collection\click_success\click_success_20260720_102821_079\crops\bbox.png,0
vision_platform\ads\pilot\visual_family_smoke_20260722\after_review\dataset\images\vf_01600_x_mark_asset_3d80fc7784fdd413_weak_click_success.png,x_mark,1,0,0,0,0,0,0,val,click_success:ads2_click_success_20260720_102841_118,file_0c14954cfe71a4c6,asset_3d80fc7784fdd413,vision_platform\ads\runtime_collection\click_success\click_success_20260720_102841_118\crops\bbox.png,0
vision_platform\ads\pilot\visual_family_smoke_20260722\after_review\dataset\images\vf_01601_got_asset_0e179229890f4698_weak_click_success.png,got,0,0,0,0,0,1,0,train,click_success:ads2_click_success_20260720_102847_376,file_684df912700209fb,asset_0e179229890f4698,vision_platform\ads\runtime_collection\click_success\click_success_20260720_102847_376\crops\bbox.png,0
vision_platform\ads\pilot\visual_family_smoke_20260722\after_review\dataset\images\vf_01602_free_asset_fac9e420afb5975f_weak_click_success.png,free,0,0,0,0,1,0,0,train,click_success:ads2_click_success_20260720_102854_394,file_5cdd6ed1bafdef16,asset_fac9e420afb5975f,vision_platform\ads\runtime_collection\click_success\click_success_20260720_102854_394\crops\bbox.png,0
vision_platform\ads\pilot\visual_family_smoke_20260722\after_review\dataset\images\vf_01603_got_asset_4b952a87b814c564_weak_click_success.png,got,0,0,0,0,0,1,0,train,click_success:ads2_click_success_20260720_102921_331,file_3ed80fd18cd053bd,asset_4b952a87b814c564,vision_platform\ads\runtime_collection\click_success\click_success_20260720_102921_331\crops\bbox.png,0
vision_platform\ads\pilot\visual_family_smoke_20260722\after_review\dataset\images\vf_01604_free_asset_fac9e420afb5975f_weak_click_success.png,free,0,0,0,0,1,0,0,train,click_success:ads2_click_success_20260720_102928_462,file_865131136a190b8a,asset_fac9e420afb5975f,vision_platform\ads\runtime_collection\click_success\click_success_20260720_102928_462\crops\bbox.png,0
vision_platform\ads\pilot\visual_family_smoke_20260722\after_review\dataset\images\vf_01605_x_mark_asset_90ce48e4e47a01c1_weak_click_success.png,x_mark,1,0,0,0,0,0,0,train,click_success:ads2_click_success_20260720_102948_036,file_63df63c8594f29d8,asset_90ce48e4e47a01c1,vision_platform\ads\runtime_collection\click_success\click_success_20260720_102948_036\crops\bbox.png,0
vision_platform\ads\pilot\visual_family_smoke_20260722\after_review\dataset\images\vf_01606_got_asset_2a634d1af8a10a6b_weak_click_success.png,got,0,0,0,0,0,1,0,train,click_success:ads2_click_success_20260720_102953_978,file_6ed345e9a7253ab3,asset_2a634d1af8a10a6b,vision_platform\ads\runtime_collection\click_success\click_success_20260720_102953_978\crops\bbox.png,0
vision_platform\ads\pilot\visual_family_smoke_20260722\after_review\dataset\images\vf_01607_free_asset_83b91869426baa8c_weak_click_success.png,free,0,0,0,0,1,0,0,train,click_success:ads2_click_success_20260720_105850_956,file_7f409d3036f0b8b5,asset_83b91869426baa8c,vision_platform\ads\runtime_collection\click_success\click_success_20260720_105850_956\crops\bbox.png,0
vision_platform\ads\pilot\visual_family_smoke_20260722\after_review\dataset\images\vf_01608_x_mark_asset_11f12a7a90864764_weak_click_success.png,x_mark,1,0,0,0,0,0,0,train,click_success:ads2_click_success_20260720_105911_205,file_6bbaa2029d77f109,asset_11f12a7a90864764,vision_platform\ads\runtime_collection\click_success\click_success_20260720_105911_205\crops\bbox.png,0
vision_platform\ads\pilot\visual_family_smoke_20260722\after_review\dataset\images\vf_01609_got_asset_8dca5e53bda5ec49_weak_click_success.png,got,0,0,0,0,0,1,0,train,click_success:ads2_click_success_20260720_105916_754,file_dc715e1d53889266,asset_8dca5e53bda5ec49,vision_platform\ads\runtime_collection\click_success\click_success_20260720_105916_754\crops\bbox.png,0
vision_platform\ads\pilot\visual_family_smoke_20260722\after_review\dataset\images\vf_01610_free_asset_83b91869426baa8c_weak_click_success.png,free,0,0,0,0,1,0,0,train,click_success:ads2_click_success_20260720_105925_334,file_b0d3679a139877aa,asset_83b91869426baa8c,vision_platform\ads\runtime_collection\click_success\click_success_20260720_105925_334\crops\bbox.png,0
vision_platform\ads\pilot\visual_family_smoke_20260722\after_review\dataset\images\vf_01611_x_mark_asset_e8822aa822828f68_weak_click_success.png,x_mark,1,0,0,0,0,0,0,train,click_success:ads2_click_success_20260720_105944_868,file_e7e161e0d6544552,asset_e8822aa822828f68,vision_platform\ads\runtime_collection\click_success\click_success_20260720_105944_868\crops\bbox.png,0
vision_platform\ads\pilot\visual_family_smoke_20260722\after_review\dataset\images\vf_01612_got_asset_75d0fd38c51375fc_weak_click_success.png,got,0,0,0,0,0,1,0,train,click_success:ads2_click_success_20260720_105950_883,file_3cc45aba8d2e31dc,asset_75d0fd38c51375fc,vision_platform\ads\runtime_collection\click_success\click_success_20260720_105950_883\crops\bbox.png,0
vision_platform\ads\pilot\visual_family_smoke_20260722\after_review\dataset\images\vf_01613_free_asset_f969550042dd8a5c_weak_click_success.png,free,0,0,0,0,1,0,0,train,click_success:ads2_click_success_20260720_110000_529,file_c40894e231fcbb66,asset_f969550042dd8a5c,vision_platform\ads\runtime_collection\click_success\click_success_20260720_110000_529\crops\bbox.png,0
vision_platform\ads\pilot\visual_family_smoke_20260722\after_review\dataset\images\vf_01614_x_mark_asset_9f8d5158728c2003_weak_click_success.png,x_mark,1,0,0,0,0,0,0,train,click_success:ads2_click_success_20260720_110020_511,file_66cc10c1e1cde150,asset_9f8d5158728c2003,vision_platform\ads\runtime_collection\click_success\click_success_20260720_110020_511\crops\bbox.png,0
vision_platform\ads\pilot\visual_family_smoke_20260722\after_review\dataset\images\vf_01615_got_asset_f43ed7a310c459a2_weak_click_success.png,got,0,0,0,0,0,1,0,val,click_success:ads2_click_success_20260720_110026_161,file_928204988581169c,asset_f43ed7a310c459a2,vision_platform\ads\runtime_collection\click_success\click_success_20260720_110026_161\crops\bbox.png,0
vision_platform\ads\pilot\visual_family_smoke_20260722\after_review\dataset\images\vf_01616_free_asset_0f62c98e529b3d06_weak_click_success.png,free,0,0,0,0,1,0,0,train,click_success:ads2_click_success_20260720_110035_141,file_33de0286e18de61a,asset_0f62c98e529b3d06,vision_platform\ads\runtime_collection\click_success\click_success_20260720_110035_141\crops\bbox.png,0
vision_platform\ads\pilot\visual_family_smoke_20260722\after_review\dataset\images\vf_01617_x_mark_asset_282b885a3f4a5500_weak_click_success.png,x_mark,1,0,0,0,0,0,0,train,click_success:ads2_click_success_20260720_110055_115,file_b6f14eb1f2209fbf,asset_282b885a3f4a5500,vision_platform\ads\runtime_collection\click_success\click_success_20260720_110055_115\crops\bbox.png,0
vision_platform\ads\pilot\visual_family_smoke_20260722\after_review\dataset\images\vf_01618_got_asset_ea1cb84d624a9eb1_weak_click_success.png,got,0,0,0,0,0,1,0,test,click_success:ads2_click_success_20260720_110100_889,file_d4f89136e327ab1d,asset_ea1cb84d624a9eb1,vision_platform\ads\runtime_collection\click_success\click_success_20260720_110100_889\crops\bbox.png,0
vision_platform\ads\pilot\visual_family_smoke_20260722\after_review\dataset\images\vf_01619_free_asset_cd28afeb00146427_weak_click_success.png,free,0,0,0,0,1,0,0,train,click_success:ads2_click_success_20260720_110110_358,file_5d71be14cd0c282d,asset_cd28afeb00146427,vision_platform\ads\runtime_collection\click_success\click_success_20260720_110110_358\crops\bbox.png,0
vision_platform\ads\pilot\visual_family_smoke_20260722\after_review\dataset\images\vf_01620_x_mark_asset_b5a1d6b6af280b17_weak_click_success.png,x_mark,1,0,0,0,0,0,0,train,click_success:ads2_click_success_20260720_110130_511,file_f61149c5304d0f9f,asset_b5a1d6b6af280b17,vision_platform\ads\runtime_collection\click_success\click_success_20260720_110130_511\crops\bbox.png,0
vision_platform\ads\pilot\visual_family_smoke_20260722\after_review\dataset\images\vf_01621_free_asset_cd28afeb00146427_weak_click_success.png,free,0,0,0,0,1,0,0,train,click_success:ads2_click_success_20260720_110145_064,file_fc251301203b6c05,asset_cd28afeb00146427,vision_platform\ads\runtime_collection\click_success\click_success_20260720_110145_064\crops\bbox.png,0
vision_platform\ads\pilot\visual_family_smoke_20260722\after_review\dataset\images\vf_01622_x_mark_asset_e2acc31aaadab33b_weak_click_success.png,x_mark,1,0,0,0,0,0,0,train,click_success:ads2_click_success_20260720_110204_665,file_9308f9e22e4b6a83,asset_e2acc31aaadab33b,vision_platform\ads\runtime_collection\click_success\click_success_20260720_110204_665\crops\bbox.png,0
vision_platform\ads\pilot\visual_family_smoke_20260722\after_review\dataset\images\vf_01623_got_asset_a3449fcee8bf3fdd_weak_click_success.png,got,0,0,0,0,0,1,0,test,click_success:ads2_click_success_20260720_110210_240,file_5f548b754cee36c5,asset_a3449fcee8bf3fdd,vision_platform\ads\runtime_collection\click_success\click_success_20260720_110210_240\crops\bbox.png,0
vision_platform\ads\pilot\visual_family_smoke_20260722\after_review\dataset\images\vf_01624_free_asset_d39eaaf081574a79_weak_click_success.png,free,0,0,0,0,1,0,0,train,click_success:ads2_click_success_20260720_110538_638,file_c705bcb03b7058f5,asset_d39eaaf081574a79,vision_platform\ads\runtime_collection\click_success\click_success_20260720_110538_638\crops\bbox.png,0
vision_platform\ads\pilot\visual_family_smoke_20260722\after_review\dataset\images\vf_01625_free_asset_fac9e420afb5975f_weak_click_success.png,free,0,0,0,0,1,0,0,train,click_success:ads2_click_success_20260720_110603_312,file_d9dd16278934230d,asset_fac9e420afb5975f,vision_platform\ads\runtime_collection\click_success\click_success_20260720_110603_312\crops\bbox.png,0
vision_platform\ads\pilot\visual_family_smoke_20260722\after_review\dataset\images\vf_01626_x_mark_asset_3d80fc7784fdd413_weak_click_success.png,x_mark,1,0,0,0,0,0,0,val,click_success:ads2_click_success_20260720_110623_065,file_e20c5e5212654e65,asset_3d80fc7784fdd413,vision_platform\ads\runtime_collection\click_success\click_success_20260720_110623_065\crops\bbox.png,0
vision_platform\ads\pilot\visual_family_smoke_20260722\after_review\dataset\images\vf_01627_got_asset_68cfa4105163f075_weak_click_success.png,got,0,0,0,0,0,1,0,val,click_success:ads2_click_success_20260720_110629_256,file_e5b92a9dac0183f1,asset_68cfa4105163f075,vision_platform\ads\runtime_collection\click_success\click_success_20260720_110629_256\crops\bbox.png,0
vision_platform\ads\pilot\visual_family_smoke_20260722\after_review\dataset\images\vf_01628_free_asset_fac9e420afb5975f_weak_click_success.png,free,0,0,0,0,1,0,0,train,click_success:ads2_click_success_20260720_110636_072,file_5c1ecb7517c69244,asset_fac9e420afb5975f,vision_platform\ads\runtime_collection\click_success\click_success_20260720_110636_072\crops\bbox.png,0
vision_platform\ads\pilot\visual_family_smoke_20260722\after_review\dataset\images\vf_01629_x_mark_asset_6610b5dfb445dd5f_weak_click_success.png,x_mark,1,0,0,0,0,0,0,train,click_success:ads2_click_success_20260720_110655_702,file_2984fd18981b251c,asset_6610b5dfb445dd5f,vision_platform\ads\runtime_collection\click_success\click_success_20260720_110655_702\crops\bbox.png,0
vision_platform\ads\pilot\visual_family_smoke_20260722\after_review\dataset\images\vf_01630_got_asset_34f583ed6c906389_weak_click_success.png,got,0,0,0,0,0,1,0,train,click_success:ads2_click_success_20260720_110701_890,file_fca74cdb6be4e9ac,asset_34f583ed6c906389,vision_platform\ads\runtime_collection\click_success\click_success_20260720_110701_890\crops\bbox.png,0
vision_platform\ads\pilot\visual_family_smoke_20260722\after_review\dataset\images\vf_01631_free_asset_fac9e420afb5975f_weak_click_success.png,free,0,0,0,0,1,0,0,train,click_success:ads2_click_success_20260720_110708_763,file_4f4097d3ee2fd55c,asset_fac9e420afb5975f,vision_platform\ads\runtime_collection\click_success\click_success_20260720_110708_763\crops\bbox.png,0
vision_platform\ads\pilot\visual_family_smoke_20260722\after_review\dataset\images\vf_01632_x_mark_asset_82a0228440dcd19e_weak_click_success.png,x_mark,1,0,0,0,0,0,0,train,click_success:ads2_click_success_20260720_110729_099,file_c634a791cc934dd4,asset_82a0228440dcd19e,vision_platform\ads\runtime_collection\click_success\click_success_20260720_110729_099\crops\bbox.png,0
vision_platform\ads\pilot\visual_family_smoke_20260722\after_review\dataset\images\vf_01633_got_asset_a8a41798f31603cd_weak_click_success.png,got,0,0,0,0,0,1,0,val,click_success:ads2_click_success_20260720_110735_169,file_8b61d60e880525b9,asset_a8a41798f31603cd,vision_platform\ads\runtime_collection\click_success\click_success_20260720_110735_169\crops\bbox.png,0
vision_platform\ads\pilot\visual_family_smoke_20260722\after_review\dataset\images\vf_01634_free_asset_83b91869426baa8c_weak_click_success.png,free,0,0,0,0,1,0,0,train,click_success:ads2_click_success_20260720_115516_280,file_4e55f6bdfb6f1708,asset_83b91869426baa8c,vision_platform\ads\runtime_collection\click_success\click_success_20260720_115516_280\crops\bbox.png,0
vision_platform\ads\pilot\visual_family_smoke_20260722\after_review\dataset\images\vf_01635_x_mark_asset_55fbb5e834c0e298_weak_click_success.png,x_mark,1,0,0,0,0,0,0,train,click_success:ads2_click_success_20260720_115554_156,file_d224fa42278437d5,asset_55fbb5e834c0e298,vision_platform\ads\runtime_collection\click_success\click_success_20260720_115554_156\crops\bbox.png,0
vision_platform\ads\pilot\visual_family_smoke_20260722\after_review\dataset\images\vf_01636_got_asset_6e5027cba3f94e91_weak_click_success.png,got,0,0,0,0,0,1,0,val,click_success:ads2_click_success_20260720_115600_243,file_08488b5254f0c0e1,asset_6e5027cba3f94e91,vision_platform\ads\runtime_collection\click_success\click_success_20260720_115600_243\crops\bbox.png,0
vision_platform\ads\pilot\visual_family_smoke_20260722\after_review\dataset\images\vf_01637_free_asset_83b91869426baa8c_weak_click_success.png,free,0,0,0,0,1,0,0,train,click_success:ads2_click_success_20260720_115608_969,file_b34add73467b8e56,asset_83b91869426baa8c,vision_platform\ads\runtime_collection\click_success\click_success_20260720_115608_969\crops\bbox.png,0
vision_platform\ads\pilot\visual_family_smoke_20260722\after_review\dataset\images\vf_01638_x_mark_asset_55fbb5e834c0e298_weak_click_success.png,x_mark,1,0,0,0,0,0,0,train,click_success:ads2_click_success_20260720_115647_272,file_8d883ff1480d4d1b,asset_55fbb5e834c0e298,vision_platform\ads\runtime_collection\click_success\click_success_20260720_115647_272\crops\bbox.png,0
vision_platform\ads\pilot\visual_family_smoke_20260722\after_review\dataset\images\vf_01639_got_asset_976d028c35c140a3_weak_click_success.png,got,0,0,0,0,0,1,0,train,click_success:ads2_click_success_20260720_115653_777,file_794eee288cae99cd,asset_976d028c35c140a3,vision_platform\ads\runtime_collection\click_success\click_success_20260720_115653_777\crops\bbox.png,0
vision_platform\ads\pilot\visual_family_smoke_20260722\after_review\dataset\images\vf_01640_free_asset_f969550042dd8a5c_weak_click_success.png,free,0,0,0,0,1,0,0,train,click_success:ads2_click_success_20260720_115702_091,file_7301f97770c1fd6e,asset_f969550042dd8a5c,vision_platform\ads\runtime_collection\click_success\click_success_20260720_115702_091\crops\bbox.png,0
vision_platform\ads\pilot\visual_family_smoke_20260722\after_review\dataset\images\vf_01641_got_asset_203a48109932f436_weak_click_success.png,got,0,0,0,0,0,1,0,train,click_success:ads2_click_success_20260720_115749_527,file_19b6464047712504,asset_203a48109932f436,vision_platform\ads\runtime_collection\click_success\click_success_20260720_115749_527\crops\bbox.png,0
vision_platform\ads\pilot\visual_family_smoke_20260722\after_review\dataset\images\vf_01642_free_asset_0f62c98e529b3d06_weak_click_success.png,free,0,0,0,0,1,0,0,train,click_success:ads2_click_success_20260720_115759_819,file_91446d819c9d2c6e,asset_0f62c98e529b3d06,vision_platform\ads\runtime_collection\click_success\click_success_20260720_115759_819\crops\bbox.png,0
vision_platform\ads\pilot\visual_family_smoke_20260722\after_review\dataset\images\vf_01643_x_mark_asset_55fbb5e834c0e298_weak_click_success.png,x_mark,1,0,0,0,0,0,0,train,click_success:ads2_click_success_20260720_115822_164,file_5e49015d88befc13,asset_55fbb5e834c0e298,vision_platform\ads\runtime_collection\click_success\click_success_20260720_115822_164\crops\bbox.png,0
vision_platform\ads\pilot\visual_family_smoke_20260722\after_review\dataset\images\vf_01644_got_asset_d6d4dedd80294dda_weak_click_success.png,got,0,0,0,0,0,1,0,val,click_success:ads2_click_success_20260720_115828_348,file_54600a9c80408d90,asset_d6d4dedd80294dda,vision_platform\ads\runtime_collection\click_success\click_success_20260720_115828_348\crops\bbox.png,0
vision_platform\ads\pilot\visual_family_smoke_20260722\after_review\dataset\images\vf_01645_free_asset_cd28afeb00146427_weak_click_success.png,free,0,0,0,0,1,0,0,train,click_success:ads2_click_success_20260720_115838_654,file_df968b8206bd0d0b,asset_cd28afeb00146427,vision_platform\ads\runtime_collection\click_success\click_success_20260720_115838_654\crops\bbox.png,0
vision_platform\ads\pilot\visual_family_smoke_20260722\after_review\dataset\images\vf_01646_x_mark_asset_55fbb5e834c0e298_weak_click_success.png,x_mark,1,0,0,0,0,0,0,train,click_success:ads2_click_success_20260720_115859_704,file_00aab532393d7531,asset_55fbb5e834c0e298,vision_platform\ads\runtime_collection\click_success\click_success_20260720_115859_704\crops\bbox.png,0
vision_platform\ads\pilot\visual_family_smoke_20260722\after_review\dataset\images\vf_01647_got_asset_5483cc9321abdaf4_weak_click_success.png,got,0,0,0,0,0,1,0,train,click_success:ads2_click_success_20260720_115905_540,file_da1d3f187efd89bd,asset_5483cc9321abdaf4,vision_platform\ads\runtime_collection\click_success\click_success_20260720_115905_540\crops\bbox.png,0
vision_platform\ads\pilot\visual_family_smoke_20260722\after_review\dataset\images\vf_01648_free_asset_cd28afeb00146427_weak_click_success.png,free,0,0,0,0,1,0,0,train,click_success:ads2_click_success_20260720_115915_965,file_693ae9b07175958f,asset_cd28afeb00146427,vision_platform\ads\runtime_collection\click_success\click_success_20260720_115915_965\crops\bbox.png,0
vision_platform\ads\pilot\visual_family_smoke_20260722\after_review\dataset\images\vf_01649_x_mark_asset_55fbb5e834c0e298_weak_click_success.png,x_mark,1,0,0,0,0,0,0,train,click_success:ads2_click_success_20260720_115936_896,file_43f52621acd2ab9a,asset_55fbb5e834c0e298,vision_platform\ads\runtime_collection\click_success\click_success_20260720_115936_896\crops\bbox.png,0
vision_platform\ads\pilot\visual_family_smoke_20260722\after_review\dataset\images\vf_01650_got_asset_c08ef899834185d5_weak_click_success.png,got,0,0,0,0,0,1,0,train,click_success:ads2_click_success_20260720_115942_680,file_0703d759930c14ed,asset_c08ef899834185d5,vision_platform\ads\runtime_collection\click_success\click_success_20260720_115942_680\crops\bbox.png,0
vision_platform\ads\pilot\visual_family_smoke_20260722\after_review\dataset\images\vf_01651_free_asset_02c72c16cadd5f8d_weak_click_success.png,free,0,0,0,0,1,0,0,train,click_success:ads2_click_success_20260720_120333_159,file_fb7fbb1b38789aa2,asset_02c72c16cadd5f8d,vision_platform\ads\runtime_collection\click_success\click_success_20260720_120333_159\crops\bbox.png,0
vision_platform\ads\pilot\visual_family_smoke_20260722\after_review\dataset\images\vf_01652_x_mark_asset_55fbb5e834c0e298_weak_click_success.png,x_mark,1,0,0,0,0,0,0,train,click_success:ads2_click_success_20260720_120356_049,file_8f34b170ec83eca0,asset_55fbb5e834c0e298,vision_platform\ads\runtime_collection\click_success\click_success_20260720_120356_049\crops\bbox.png,0
vision_platform\ads\pilot\visual_family_smoke_20260722\after_review\dataset\images\vf_01653_got_asset_9f81e8b4b946b157_weak_click_success.png,got,0,0,0,0,0,1,0,train,click_success:ads2_click_success_20260720_120403_106,file_eb625134f702938b,asset_9f81e8b4b946b157,vision_platform\ads\runtime_collection\click_success\click_success_20260720_120403_106\crops\bbox.png,0
vision_platform\ads\pilot\visual_family_smoke_20260722\after_review\dataset\images\vf_01654_free_asset_fac9e420afb5975f_weak_click_success.png,free,0,0,0,0,1,0,0,train,click_success:ads2_click_success_20260720_120411_604,file_85813c2e0cd13c2b,asset_fac9e420afb5975f,vision_platform\ads\runtime_collection\click_success\click_success_20260720_120411_604\crops\bbox.png,0
vision_platform\ads\pilot\visual_family_smoke_20260722\after_review\dataset\images\vf_01655_got_asset_55a96221cd504d5a_weak_click_success.png,got,0,0,0,0,0,1,0,val,click_success:ads2_click_success_20260720_120456_995,file_a7792aedea268cfc,asset_55a96221cd504d5a,vision_platform\ads\runtime_collection\click_success\click_success_20260720_120456_995\crops\bbox.png,0
vision_platform\ads\pilot\visual_family_smoke_20260722\after_review\dataset\images\vf_01656_free_asset_fac9e420afb5975f_weak_click_success.png,free,0,0,0,0,1,0,0,train,click_success:ads2_click_success_20260720_120505_424,file_d8ff5e0edd3ad7e4,asset_fac9e420afb5975f,vision_platform\ads\runtime_collection\click_success\click_success_20260720_120505_424\crops\bbox.png,0
vision_platform\ads\pilot\visual_family_smoke_20260722\after_review\dataset\images\vf_01657_got_asset_a79fc7382be7179e_weak_click_success.png,got,0,0,0,0,0,1,0,train,click_success:ads2_click_success_20260720_120552_021,file_1185d9f561ded819,asset_a79fc7382be7179e,vision_platform\ads\runtime_collection\click_success\click_success_20260720_120552_021\crops\bbox.png,0
vision_platform\ads\pilot\visual_family_smoke_20260722\after_review\dataset\images\vf_01658_free_asset_9097b3eb764b5ae3_weak_click_success.png,free,0,0,0,0,1,0,0,train,click_success:ads2_click_success_20260720_130810_399,file_735e0212c01f2071,asset_9097b3eb764b5ae3,vision_platform\ads\runtime_collection\click_success\click_success_20260720_130810_399\crops\bbox.png,0
vision_platform\ads\pilot\visual_family_smoke_20260722\after_review\dataset\images\vf_01659_got_asset_faaa4c4e5f6f0f88_weak_click_success.png,got,0,0,0,0,0,1,0,train,click_success:ads2_click_success_20260720_130853_791,file_da0fad373242e584,asset_faaa4c4e5f6f0f88,vision_platform\ads\runtime_collection\click_success\click_success_20260720_130853_791\crops\bbox.png,0
vision_platform\ads\pilot\visual_family_smoke_20260722\after_review\dataset\images\vf_01660_free_asset_83b91869426baa8c_weak_click_success.png,free,0,0,0,0,1,0,0,train,click_success:ads2_click_success_20260720_130903_720,file_0a89b0347faca5bc,asset_83b91869426baa8c,vision_platform\ads\runtime_collection\click_success\click_success_20260720_130903_720\crops\bbox.png,0
vision_platform\ads\pilot\visual_family_smoke_20260722\after_review\dataset\images\vf_01661_x_mark_asset_f87079d195e2be30_weak_click_success.png,x_mark,1,0,0,0,0,0,0,train,click_success:ads2_click_success_20260720_130923_875,file_985ea97e49bcc5bb,asset_f87079d195e2be30,vision_platform\ads\runtime_collection\click_success\click_success_20260720_130923_875\crops\bbox.png,0
vision_platform\ads\pilot\visual_family_smoke_20260722\after_review\dataset\images\vf_01662_got_asset_85adf4678420ebc0_weak_click_success.png,got,0,0,0,0,0,1,0,train,click_success:ads2_click_success_20260720_130930_231,file_fecd504aa44e0225,asset_85adf4678420ebc0,vision_platform\ads\runtime_collection\click_success\click_success_20260720_130930_231\crops\bbox.png,0
vision_platform\ads\pilot\visual_family_smoke_20260722\after_review\dataset\images\vf_01663_free_asset_f969550042dd8a5c_weak_click_success.png,free,0,0,0,0,1,0,0,train,click_success:ads2_click_success_20260720_130939_268,file_108f0afa34154e39,asset_f969550042dd8a5c,vision_platform\ads\runtime_collection\click_success\click_success_20260720_130939_268\crops\bbox.png,0
vision_platform\ads\pilot\visual_family_smoke_20260722\after_review\dataset\images\vf_01664_x_mark_asset_55fbb5e834c0e298_weak_click_success.png,x_mark,1,0,0,0,0,0,0,train,click_success:ads2_click_success_20260720_130959_556,file_1d186fb4e5507b75,asset_55fbb5e834c0e298,vision_platform\ads\runtime_collection\click_success\click_success_20260720_130959_556\crops\bbox.png,0
vision_platform\ads\pilot\visual_family_smoke_20260722\after_review\dataset\images\vf_01665_got_asset_cb82e957f5cb3a2f_weak_click_success.png,got,0,0,0,0,0,1,0,train,click_success:ads2_click_success_20260720_131006_464,file_24f2a0191e081b1c,asset_cb82e957f5cb3a2f,vision_platform\ads\runtime_collection\click_success\click_success_20260720_131006_464\crops\bbox.png,0
vision_platform\ads\pilot\visual_family_smoke_20260722\after_review\dataset\images\vf_01666_x_mark_asset_f87079d195e2be30_weak_click_success.png,x_mark,1,0,0,0,0,0,0,train,click_success:ads2_click_success_20260720_131035_745,file_8959941377b4d916,asset_f87079d195e2be30,vision_platform\ads\runtime_collection\click_success\click_success_20260720_131035_745\crops\bbox.png,0
vision_platform\ads\pilot\visual_family_smoke_20260722\after_review\dataset\images\vf_01667_got_asset_2b31a0190659f6eb_weak_click_success.png,got,0,0,0,0,0,1,0,train,click_success:ads2_click_success_20260720_131041_867,file_d91496f248e416da,asset_2b31a0190659f6eb,vision_platform\ads\runtime_collection\click_success\click_success_20260720_131041_867\crops\bbox.png,0
vision_platform\ads\pilot\visual_family_smoke_20260722\after_review\dataset\images\vf_01668_free_asset_cd28afeb00146427_weak_click_success.png,free,0,0,0,0,1,0,0,train,click_success:ads2_click_success_20260720_131051_630,file_56757f08806762b5,asset_cd28afeb00146427,vision_platform\ads\runtime_collection\click_success\click_success_20260720_131051_630\crops\bbox.png,0
vision_platform\ads\pilot\visual_family_smoke_20260722\after_review\dataset\images\vf_01669_x_mark_asset_55fbb5e834c0e298_weak_click_success.png,x_mark,1,0,0,0,0,0,0,train,click_success:ads2_click_success_20260720_131111_524,file_992a2da3f524af27,asset_55fbb5e834c0e298,vision_platform\ads\runtime_collection\click_success\click_success_20260720_131111_524\crops\bbox.png,0
vision_platform\ads\pilot\visual_family_smoke_20260722\after_review\dataset\images\vf_01670_got_asset_ffde818d9a7c33fb_weak_click_success.png,got,0,0,0,0,0,1,0,train,click_success:ads2_click_success_20260720_131117_976,file_a3b640d223a36c37,asset_ffde818d9a7c33fb,vision_platform\ads\runtime_collection\click_success\click_success_20260720_131117_976\crops\bbox.png,0
vision_platform\ads\pilot\visual_family_smoke_20260722\after_review\dataset\images\vf_01671_free_asset_cd28afeb00146427_weak_click_success.png,free,0,0,0,0,1,0,0,train,click_success:ads2_click_success_20260720_131127_557,file_35d884a40374c048,asset_cd28afeb00146427,vision_platform\ads\runtime_collection\click_success\click_success_20260720_131127_557\crops\bbox.png,0
vision_platform\ads\pilot\visual_family_smoke_20260722\after_review\dataset\images\vf_01672_x_mark_asset_55fbb5e834c0e298_weak_click_success.png,x_mark,1,0,0,0,0,0,0,train,click_success:ads2_click_success_20260720_131147_043,file_78bc63746f0afe70,asset_55fbb5e834c0e298,vision_platform\ads\runtime_collection\click_success\click_success_20260720_131147_043\crops\bbox.png,0
vision_platform\ads\pilot\visual_family_smoke_20260722\after_review\dataset\images\vf_01673_got_asset_c6c6679e49ae08e8_weak_click_success.png,got,0,0,0,0,0,1,0,val,click_success:ads2_click_success_20260720_131153_058,file_da08b986d0323ef6,asset_c6c6679e49ae08e8,vision_platform\ads\runtime_collection\click_success\click_success_20260720_131153_058\crops\bbox.png,0
vision_platform\ads\pilot\visual_family_smoke_20260722\after_review\dataset\images\vf_01674_free_asset_02c72c16cadd5f8d_weak_click_success.png,free,0,0,0,0,1,0,0,train,click_success:ads2_click_success_20260720_131542_386,file_d067cb0d01b98d79,asset_02c72c16cadd5f8d,vision_platform\ads\runtime_collection\click_success\click_success_20260720_131542_386\crops\bbox.png,0
vision_platform\ads\pilot\visual_family_smoke_20260722\after_review\dataset\images\vf_01675_x_mark_asset_55fbb5e834c0e298_weak_click_success.png,x_mark,1,0,0,0,0,0,0,train,click_success:ads2_click_success_20260720_131602_373,file_c7ae2e1a0fb1b6ef,asset_55fbb5e834c0e298,vision_platform\ads\runtime_collection\click_success\click_success_20260720_131602_373\crops\bbox.png,0
vision_platform\ads\pilot\visual_family_smoke_20260722\after_review\dataset\images\vf_01676_got_asset_01fc85f54b1b7a6d_weak_click_success.png,got,0,0,0,0,0,1,0,train,click_success:ads2_click_success_20260720_131608_694,file_58b1f520063bc414,asset_01fc85f54b1b7a6d,vision_platform\ads\runtime_collection\click_success\click_success_20260720_131608_694\crops\bbox.png,0
vision_platform\ads\pilot\visual_family_smoke_20260722\after_review\dataset\images\vf_01677_got_asset_817bafc0663326bb_weak_click_success.png,got,0,0,0,0,0,1,0,test,click_success:ads2_click_success_20260720_131658_019,file_3bf544661af94af8,asset_817bafc0663326bb,vision_platform\ads\runtime_collection\click_success\click_success_20260720_131658_019\crops\bbox.png,0
vision_platform\ads\pilot\visual_family_smoke_20260722\after_review\dataset\images\vf_01678_free_asset_fac9e420afb5975f_weak_click_success.png,free,0,0,0,0,1,0,0,train,click_success:ads2_click_success_20260720_131706_194,file_2669ff077f9011c8,asset_fac9e420afb5975f,vision_platform\ads\runtime_collection\click_success\click_success_20260720_131706_194\crops\bbox.png,0
vision_platform\ads\pilot\visual_family_smoke_20260722\after_review\dataset\images\vf_01679_got_asset_54e9b13ae947b8c9_weak_click_success.png,got,0,0,0,0,0,1,0,val,click_success:ads2_click_success_20260720_131754_150,file_f45068f584591523,asset_54e9b13ae947b8c9,vision_platform\ads\runtime_collection\click_success\click_success_20260720_131754_150\crops\bbox.png,0
