event_id,timestamp,source_session,proposal_source,template_name,template_confidence,expected_family,top_family,top_p,expected_p,verified_success,screen_change_score,bbox,click_xy,event_dir,pre_click,post_click,bbox_crop,bbox_context_crop,p_x_mark,p_play_triangle,p_google_play,p_next,p_free,p_got,p_arrow,run_seed42_p_x_mark,run_seed42_p_play_triangle,run_seed42_p_google_play,run_seed42_p_next,run_seed42_p_free,run_seed42_p_got,run_seed42_p_arrow,run_seed43_p_x_mark,run_seed43_p_play_triangle,run_seed43_p_google_play,run_seed43_p_next,run_seed43_p_free,run_seed43_p_got,run_seed43_p_arrow,run_seed44_p_x_mark,run_seed44_p_play_triangle,run_seed44_p_google_play,run_seed44_p_next,run_seed44_p_free,run_seed44_p_got,run_seed44_p_arrow
20260722_081708_782,2026-07-22T08:17:08+0800,ads2_click_success_20260722_081708_782,free_ad_template,close_26.png,0.7624273300170898,free,free,0.999026377995809,0.999026377995809,True,65.40923611111111,"[878, 354, 34, 19]","[895, 363]",vision_platform\ads\runtime_collection\click_success\click_success_20260722_081708_782,D:\Projects\adb_vl\vision_platform\ads\runtime_collection\click_success\click_success_20260722_081708_782\pre_click.png,D:\Projects\adb_vl\vision_platform\ads\runtime_collection\click_success\click_success_20260722_081708_782\post_click.png,D:\Projects\adb_vl\vision_platform\ads\runtime_collection\click_success\click_success_20260722_081708_782\crops\bbox.png,D:\Projects\adb_vl\vision_platform\ads\runtime_collection\click_success\click_success_20260722_081708_782\crops\bbox_context_1_5x.png,0.005538138871391614,0.027689894971748192,0.0053911761691172915,0.018399213440716267,0.999026377995809,0.0014181142517675955,0.006443962610016267,0.0053780339658260345,0.035765472799539566,0.005707444157451391,0.014277382753789425,0.9984266757965088,0.0017472368199378252,0.006015230901539326,0.004935933277010918,0.01449498813599348,0.007006824016571045,0.0194233525544405,0.999853253364563,0.001271487446501851,0.005321215372532606,0.006300449371337891,0.03280922397971153,0.003459260333329439,0.021496905013918877,0.998799204826355,0.0012356184888631105,0.007995441555976868
20260722_081732_623,2026-07-22T08:17:32+0800,ads2_click_success_20260722_081732_623,close_template,close_2.png,0.9999246597290039,x_mark,x_mark,0.9975641568501791,0.9975641568501791,True,39.346805555555555,"[877, 20, 75, 33]","[914, 36]",vision_platform\ads\runtime_collection\click_success\click_success_20260722_081732_623,D:\Projects\adb_vl\vision_platform\ads\runtime_collection\click_success\click_success_20260722_081732_623\pre_click.png,D:\Projects\adb_vl\vision_platform\ads\runtime_collection\click_success\click_success_20260722_081732_623\post_click.png,D:\Projects\adb_vl\vision_platform\ads\runtime_collection\click_success\click_success_20260722_081732_623\crops\bbox.png,D:\Projects\adb_vl\vision_platform\ads\runtime_collection\click_success\click_success_20260722_081732_623\crops\bbox_context_1_5x.png,0.9975641568501791,0.009131797278920809,0.0010875546334621806,0.01805330750842889,0.000336591600595663,0.00016167601703879578,0.0002941437530049977,0.9969936609268188,0.007890555076301098,0.0014159077545627952,0.015994595363736153,0.00029039636137895286,0.00029847276164218783,0.0003869619104079902,0.9988580942153931,0.0062722740694880486,0.000808334385510534,0.006725724786520004,0.00024827319430187345,1.1650916349026375e-05,2.0232639144524e-05,0.9968407154083252,0.013232562690973282,0.0010384217603132129,0.03143960237503052,0.00047110524610616267,0.00017490437312517315,0.00047523670946247876
20260722_081737_394,2026-07-22T08:17:37+0800,ads2_click_success_20260722_081737_394,got_template,got2.png,0.9778397679328918,got,got,0.9998908638954163,0.9998908638954163,True,43.92548611111111,"[414, 134, 139, 47]","[483, 157]",vision_platform\ads\runtime_collection\click_success\click_success_20260722_081737_394,D:\Projects\adb_vl\vision_platform\ads\runtime_collection\click_success\click_success_20260722_081737_394\pre_click.png,D:\Projects\adb_vl\vision_platform\ads\runtime_collection\click_success\click_success_20260722_081737_394\post_click.png,D:\Projects\adb_vl\vision_platform\ads\runtime_collection\click_success\click_success_20260722_081737_394\crops\bbox.png,D:\Projects\adb_vl\vision_platform\ads\runtime_collection\click_success\click_success_20260722_081737_394\crops\bbox_context_1_5x.png,0.002346377819776535,0.0002947125952535619,0.0018414517010872562,0.07341741397976875,0.001059972351261725,0.9998908638954163,0.0008450356738952299,0.0028607191052287817,0.0001649985642870888,0.0025145222898572683,0.0994674563407898,0.000785711279604584,0.999818742275238,0.0016598025104030967,0.0008958994876593351,0.0005082638235762715,0.0011539480183273554,0.01881370320916176,0.0015418990515172482,0.9999701976776123,0.00034765887539833784,0.0032825148664414883,0.00021087539789732546,0.001855884795077145,0.1019710823893547,0.000852306722663343,0.9998836517333984,0.0005276456358842552
20260722_081743_605,2026-07-22T08:17:43+0800,ads2_click_success_20260722_081743_605,free_ad_template,close_26.png,0.7624269127845764,free,free,0.999026377995809,0.999026377995809,True,65.41298611111111,"[878, 354, 34, 19]","[895, 363]",vision_platform\ads\runtime_collection\click_success\click_success_20260722_081743_605,D:\Projects\adb_vl\vision_platform\ads\runtime_collection\click_success\click_success_20260722_081743_605\pre_click.png,D:\Projects\adb_vl\vision_platform\ads\runtime_collection\click_success\click_success_20260722_081743_605\post_click.png,D:\Projects\adb_vl\vision_platform\ads\runtime_collection\click_success\click_success_20260722_081743_605\crops\bbox.png,D:\Projects\adb_vl\vision_platform\ads\runtime_collection\click_success\click_success_20260722_081743_605\crops\bbox_context_1_5x.png,0.005538138871391614,0.027689894971748192,0.0053911761691172915,0.018399213440716267,0.999026377995809,0.0014181142517675955,0.006443962610016267,0.0053780339658260345,0.035765472799539566,0.005707444157451391,0.014277382753789425,0.9984266757965088,0.0017472368199378252,0.006015230901539326,0.004935933277010918,0.01449498813599348,0.007006824016571045,0.0194233525544405,0.999853253364563,0.001271487446501851,0.005321215372532606,0.006300449371337891,0.03280922397971153,0.003459260333329439,0.021496905013918877,0.998799204826355,0.0012356184888631105,0.007995441555976868
20260722_081801_310,2026-07-22T08:18:01+0800,ads2_click_success_20260722_081801_310,close_template,close_2.png,0.9999386072158813,x_mark,x_mark,0.9954453508059183,0.9954453508059183,True,38.996180555555554,"[877, 20, 75, 33]","[914, 36]",vision_platform\ads\runtime_collection\click_success\click_success_20260722_081801_310,D:\Projects\adb_vl\vision_platform\ads\runtime_collection\click_success\click_success_20260722_081801_310\pre_click.png,D:\Projects\adb_vl\vision_platform\ads\runtime_collection\click_success\click_success_20260722_081801_310\post_click.png,D:\Projects\adb_vl\vision_platform\ads\runtime_collection\click_success\click_success_20260722_081801_310\crops\bbox.png,D:\Projects\adb_vl\vision_platform\ads\runtime_collection\click_success\click_success_20260722_081801_310\crops\bbox_context_1_5x.png,0.9954453508059183,0.023222317298253376,0.004457264440134168,0.038749899404744305,0.0005893515384135147,0.0010470143279235344,0.0010000523579947185,0.9961130619049072,0.01794303022325039,0.007335181348025799,0.034665096551179886,0.000707081810105592,0.002097097923979163,0.0015090254601091146,0.9978538155555725,0.0188485998660326,0.002284860936924815,0.013373180292546749,0.00021678389748558402,4.6479141019517556e-05,5.318527473718859e-05,0.9923691749572754,0.03287532180547714,0.003751751035451889,0.06821142137050629,0.000844188907649368,0.0009974659187719226,0.0014379463391378522
20260722_081806_037,2026-07-22T08:18:06+0800,ads2_click_success_20260722_081806_037,got_template,got2.png,0.9782323241233826,got,got,0.9998749097188314,0.9998749097188314,True,41.58784722222222,"[414, 134, 139, 47]","[483, 157]",vision_platform\ads\runtime_collection\click_success\click_success_20260722_081806_037,D:\Projects\adb_vl\vision_platform\ads\runtime_collection\click_success\click_success_20260722_081806_037\pre_click.png,D:\Projects\adb_vl\vision_platform\ads\runtime_collection\click_success\click_success_20260722_081806_037\post_click.png,D:\Projects\adb_vl\vision_platform\ads\runtime_collection\click_success\click_success_20260722_081806_037\crops\bbox.png,D:\Projects\adb_vl\vision_platform\ads\runtime_collection\click_success\click_success_20260722_081806_037\crops\bbox_context_1_5x.png,0.006755350312838952,0.00124037420998017,0.015487194061279297,0.15674608449141184,0.00701730737152199,0.9998749097188314,0.005992066115140915,0.006694343872368336,0.0006526715587824583,0.01758759096264839,0.16265034675598145,0.004299148917198181,0.9998452663421631,0.00874878279864788,0.007493308745324612,0.0022016337607055902,0.011200204491615295,0.10299541056156158,0.013042537495493889,0.9999074935913086,0.005766918882727623,0.006078398320823908,0.0008668173104524612,0.017673786729574203,0.2045924961566925,0.0037102357018738985,0.9998719692230225,0.003460496664047241
20260722_081812_095,2026-07-22T08:18:12+0800,ads2_click_success_20260722_081812_095,free_ad_template,close_26.png,0.7616869807243347,free,free,0.9985783894856771,0.9985783894856771,True,61.05368055555556,"[462, 354, 34, 19]","[479, 363]",vision_platform\ads\runtime_collection\click_success\click_success_20260722_081812_095,D:\Projects\adb_vl\vision_platform\ads\runtime_collection\click_success\click_success_20260722_081812_095\pre_click.png,D:\Projects\adb_vl\vision_platform\ads\runtime_collection\click_success\click_success_20260722_081812_095\post_click.png,D:\Projects\adb_vl\vision_platform\ads\runtime_collection\click_success\click_success_20260722_081812_095\crops\bbox.png,D:\Projects\adb_vl\vision_platform\ads\runtime_collection\click_success\click_success_20260722_081812_095\crops\bbox_context_1_5x.png,0.004778023964414994,0.05729931592941284,0.005291912549485763,0.020431690849363804,0.9985783894856771,0.0019532115353892245,0.005147505551576614,0.0047947438433766365,0.06676682084798813,0.005609916523098946,0.013509075157344341,0.9976357221603394,0.0026378424372524023,0.004376870114356279,0.00342623982578516,0.03804485499858856,0.006294896360486746,0.022625919431447983,0.9996857643127441,0.001105952775105834,0.0033697192557156086,0.006113088224083185,0.06708627194166183,0.003970924764871597,0.025160077959299088,0.9984136819839478,0.0021158393938094378,0.007695927284657955
20260722_081829_694,2026-07-22T08:18:29+0800,ads2_click_success_20260722_081829_694,close_template,close_2.png,0.9977148175239563,x_mark,x_mark,0.9981125593185425,0.9981125593185425,True,36.84631944444445,"[877, 20, 75, 33]","[914, 36]",vision_platform\ads\runtime_collection\click_success\click_success_20260722_081829_694,D:\Projects\adb_vl\vision_platform\ads\runtime_collection\click_success\click_success_20260722_081829_694\pre_click.png,D:\Projects\adb_vl\vision_platform\ads\runtime_collection\click_success\click_success_20260722_081829_694\post_click.png,D:\Projects\adb_vl\vision_platform\ads\runtime_collection\click_success\click_success_20260722_081829_694\crops\bbox.png,D:\Projects\adb_vl\vision_platform\ads\runtime_collection\click_success\click_success_20260722_081829_694\crops\bbox_context_1_5x.png,0.9981125593185425,0.003912982492086788,0.0002570058422861621,0.007898698095232248,1.7114565101413366e-05,0.00036628102194905904,4.267546046321513e-05,0.9975767731666565,0.0043328613974153996,0.00024848937755450606,0.009603128768503666,7.885644663474523e-06,0.0005069393082521856,7.927014667075127e-05,0.9991196990013123,0.001949726021848619,0.00013095773465465754,0.004381279926747084,2.2365049517247826e-05,0.0001047662299242802,4.391386755742133e-05,0.9976412057876587,0.0054563600569963455,0.00039157041464932263,0.009711685590445995,2.109300112351775e-05,0.0004871375276707113,4.842367161472794e-06
20260722_081834_365,2026-07-22T08:18:34+0800,ads2_click_success_20260722_081834_365,got_template,got2.png,0.9797552227973938,got,got,0.9999342362085978,0.9999342362085978,True,40.85673611111111,"[414, 134, 139, 47]","[483, 157]",vision_platform\ads\runtime_collection\click_success\click_success_20260722_081834_365,D:\Projects\adb_vl\vision_platform\ads\runtime_collection\click_success\click_success_20260722_081834_365\pre_click.png,D:\Projects\adb_vl\vision_platform\ads\runtime_collection\click_success\click_success_20260722_081834_365\post_click.png,D:\Projects\adb_vl\vision_platform\ads\runtime_collection\click_success\click_success_20260722_081834_365\crops\bbox.png,D:\Projects\adb_vl\vision_platform\ads\runtime_collection\click_success\click_success_20260722_081834_365\crops\bbox_context_1_5x.png,0.025929440433780353,0.00038113441163053113,0.009364043362438679,0.06415670923888683,0.004088156468545397,0.9999342362085978,0.005667318279544513,0.0315302349627018,0.00037614398752339184,0.010850259102880955,0.10687674582004547,0.003784542204812169,0.9998804330825806,0.008229388855397701,0.010544458404183388,0.000484171585412696,0.0033828169107437134,0.019934596493840218,0.006610534619539976,0.9999847412109375,0.004614269360899925,0.03571362793445587,0.0002830876619555056,0.013859054073691368,0.06565878540277481,0.0018693925812840462,0.9999375343322754,0.004158296622335911
20260722_081840_777,2026-07-22T08:18:40+0800,ads2_click_success_20260722_081840_777,free_ad_template,free_ad_3.png,0.9999852776527405,free,free,0.9965973496437073,0.9965973496437073,True,56.5975,"[599, 352, 38, 24]","[618, 364]",vision_platform\ads\runtime_collection\click_success\click_success_20260722_081840_777,D:\Projects\adb_vl\vision_platform\ads\runtime_collection\click_success\click_success_20260722_081840_777\pre_click.png,D:\Projects\adb_vl\vision_platform\ads\runtime_collection\click_success\click_success_20260722_081840_777\post_click.png,D:\Projects\adb_vl\vision_platform\ads\runtime_collection\click_success\click_success_20260722_081840_777\crops\bbox.png,D:\Projects\adb_vl\vision_platform\ads\runtime_collection\click_success\click_success_20260722_081840_777\crops\bbox_context_1_5x.png,0.013564704296489557,0.027397237718105316,0.009711338207125664,0.028983260815342266,0.9965973496437073,0.0004904589635164788,0.006736733174572389,0.015378512442111969,0.026392845436930656,0.012729190289974213,0.01980103738605976,0.9948924779891968,0.0008581255096942186,0.007463299203664064,0.012272858992218971,0.017235489562153816,0.010580293834209442,0.02707623690366745,0.9988319277763367,0.00018656058819033206,0.005539415869861841,0.01304274145513773,0.038563378155231476,0.0058245304971933365,0.04007250815629959,0.9960676431655884,0.0004266907926648855,0.007207484450191259
20260722_081858_444,2026-07-22T08:18:58+0800,ads2_click_success_20260722_081858_444,close_template,close_2.png,0.9597289562225342,x_mark,x_mark,0.9886490106582642,0.9886490106582642,True,47.64284722222222,"[877, 20, 75, 33]","[914, 36]",vision_platform\ads\runtime_collection\click_success\click_success_20260722_081858_444,D:\Projects\adb_vl\vision_platform\ads\runtime_collection\click_success\click_success_20260722_081858_444\pre_click.png,D:\Projects\adb_vl\vision_platform\ads\runtime_collection\click_success\click_success_20260722_081858_444\post_click.png,D:\Projects\adb_vl\vision_platform\ads\runtime_collection\click_success\click_success_20260722_081858_444\crops\bbox.png,D:\Projects\adb_vl\vision_platform\ads\runtime_collection\click_success\click_success_20260722_081858_444\crops\bbox_context_1_5x.png,0.9886490106582642,0.0004402714742658039,0.0069643476357062655,0.01019649999216199,9.7967774005762e-05,0.0038967795747642717,0.00316873526511093,0.9959145188331604,0.0007754010148346424,0.006058150436729193,0.020327741280198097,7.562262908322737e-05,0.006873637437820435,0.00321204774081707,0.9932901859283447,0.0002869424060918391,0.006451739463955164,0.00484969699755311,7.26997823221609e-05,0.0017042089020833373,0.002877484541386366,0.9767423272132874,0.0002584710018709302,0.00838315300643444,0.00541206169873476,0.0001455809106118977,0.003112492384389043,0.0034166735131293535
20260722_081903_144,2026-07-22T08:19:03+0800,ads2_click_success_20260722_081903_144,got_template,got2.png,0.9784939289093018,got,got,0.9997329115867615,0.9997329115867615,True,37.67715277777778,"[414, 134, 139, 47]","[483, 157]",vision_platform\ads\runtime_collection\click_success\click_success_20260722_081903_144,D:\Projects\adb_vl\vision_platform\ads\runtime_collection\click_success\click_success_20260722_081903_144\pre_click.png,D:\Projects\adb_vl\vision_platform\ads\runtime_collection\click_success\click_success_20260722_081903_144\post_click.png,D:\Projects\adb_vl\vision_platform\ads\runtime_collection\click_success\click_success_20260722_081903_144\crops\bbox.png,D:\Projects\adb_vl\vision_platform\ads\runtime_collection\click_success\click_success_20260722_081903_144\crops\bbox_context_1_5x.png,0.0807702826956908,0.0010464810766279697,0.020352226371566456,0.14927984029054642,0.002180439575264851,0.9997329115867615,0.0066193641784290476,0.09443476051092148,0.0009279877995140851,0.020710501819849014,0.1847389042377472,0.0021761120297014713,0.9995377063751221,0.0060801091603934765,0.04374593123793602,0.0012645237147808075,0.010121870785951614,0.10724010318517685,0.002048954600468278,0.9998915195465088,0.00689076678827405,0.10413015633821487,0.0009469317155890167,0.030224306508898735,0.1558605134487152,0.0023162520956248045,0.9997695088386536,0.0068872165866196156
20260722_081909_549,2026-07-22T08:19:09+0800,ads2_click_success_20260722_081909_549,free_ad_template,free_ad_3.png,0.9744047522544861,free,free,0.9982103109359741,0.9982103109359741,True,52.40611111111111,"[738, 352, 38, 24]","[757, 364]",vision_platform\ads\runtime_collection\click_success\click_success_20260722_081909_549,D:\Projects\adb_vl\vision_platform\ads\runtime_collection\click_success\click_success_20260722_081909_549\pre_click.png,D:\Projects\adb_vl\vision_platform\ads\runtime_collection\click_success\click_success_20260722_081909_549\post_click.png,D:\Projects\adb_vl\vision_platform\ads\runtime_collection\click_success\click_success_20260722_081909_549\crops\bbox.png,D:\Projects\adb_vl\vision_platform\ads\runtime_collection\click_success\click_success_20260722_081909_549\crops\bbox_context_1_5x.png,0.005104843294247985,0.011735900460431973,0.006385180167853832,0.020840901260574658,0.9982103109359741,0.00037863760129160556,0.005255451037858923,0.006483387667685747,0.0108255073428154,0.008619670756161213,0.02056233584880829,0.9974390268325806,0.0006712666363455355,0.006109627429395914,0.0037986973766237497,0.00596614321693778,0.006228133104741573,0.012574955821037292,0.9993658661842346,0.00011460942187113687,0.002942058490589261,0.005032444838434458,0.01841605082154274,0.0043077366426587105,0.029385412111878395,0.9978260397911072,0.00035003674565814435,0.006714667193591595
20260722_081927_355,2026-07-22T08:19:27+0800,ads2_click_success_20260722_081927_355,close_template,close_2.png,0.8753900527954102,x_mark,x_mark,0.9838328758875529,0.9838328758875529,True,36.998263888888886,"[877, 20, 75, 33]","[914, 36]",vision_platform\ads\runtime_collection\click_success\click_success_20260722_081927_355,D:\Projects\adb_vl\vision_platform\ads\runtime_collection\click_success\click_success_20260722_081927_355\pre_click.png,D:\Projects\adb_vl\vision_platform\ads\runtime_collection\click_success\click_success_20260722_081927_355\post_click.png,D:\Projects\adb_vl\vision_platform\ads\runtime_collection\click_success\click_success_20260722_081927_355\crops\bbox.png,D:\Projects\adb_vl\vision_platform\ads\runtime_collection\click_success\click_success_20260722_081927_355\crops\bbox_context_1_5x.png,0.9838328758875529,0.0015814143310611446,0.00013158285219105892,0.0014212940974781911,0.00018065812522157407,0.00026108462225238327,0.0006751875237872204,0.9847857356071472,0.0013302128063514829,0.00016518808843102306,0.0013027163222432137,0.00028940991614945233,0.0003964557545259595,0.0008969337213784456,0.9966159462928772,0.0018083577742800117,1.7016096535371616e-05,0.0012129899114370346,0.0001667680189711973,1.3117734852130525e-05,0.0003483476466499269,0.9700969457626343,0.0016056724125519395,0.00021254437160678208,0.001748176058754325,8.579644054407254e-05,0.0003736803773790598,0.0007802812033332884
20260722_081932_063,2026-07-22T08:19:32+0800,ads2_click_success_20260722_081932_063,got_template,got2.png,0.9811094999313354,got,got,0.9996963342030843,0.9996963342030843,True,37.80298611111111,"[414, 134, 139, 47]","[483, 157]",vision_platform\ads\runtime_collection\click_success\click_success_20260722_081932_063,D:\Projects\adb_vl\vision_platform\ads\runtime_collection\click_success\click_success_20260722_081932_063\pre_click.png,D:\Projects\adb_vl\vision_platform\ads\runtime_collection\click_success\click_success_20260722_081932_063\post_click.png,D:\Projects\adb_vl\vision_platform\ads\runtime_collection\click_success\click_success_20260722_081932_063\crops\bbox.png,D:\Projects\adb_vl\vision_platform\ads\runtime_collection\click_success\click_success_20260722_081932_063\crops\bbox_context_1_5x.png,0.02379098441451788,0.0003306729971275975,0.005167056806385517,0.09478314965963364,0.0009124510494681696,0.9996963342030843,0.0016484853501121204,0.027197781950235367,0.00032717574504204094,0.005875537637621164,0.12278876453638077,0.0009427880286239088,0.9994943141937256,0.0017942513804882765,0.012448475696146488,0.0003360606206115335,0.0027690213173627853,0.056274980306625366,0.0006202961085364223,0.9999065399169922,0.0013730255886912346,0.03172669559717178,0.0003287826257292181,0.006856611464172602,0.10528570413589478,0.0011742690112441778,0.9996881484985352,0.0017781790811568499
20260722_081938_558,2026-07-22T08:19:38+0800,ads2_click_success_20260722_081938_558,free_ad_template,free_ad_3.png,0.9744038581848145,free,free,0.9982103109359741,0.9982103109359741,True,52.30027777777778,"[738, 352, 38, 24]","[757, 364]",vision_platform\ads\runtime_collection\click_success\click_success_20260722_081938_558,D:\Projects\adb_vl\vision_platform\ads\runtime_collection\click_success\click_success_20260722_081938_558\pre_click.png,D:\Projects\adb_vl\vision_platform\ads\runtime_collection\click_success\click_success_20260722_081938_558\post_click.png,D:\Projects\adb_vl\vision_platform\ads\runtime_collection\click_success\click_success_20260722_081938_558\crops\bbox.png,D:\Projects\adb_vl\vision_platform\ads\runtime_collection\click_success\click_success_20260722_081938_558\crops\bbox_context_1_5x.png,0.005104843294247985,0.011735900460431973,0.006385180167853832,0.020840901260574658,0.9982103109359741,0.00037863760129160556,0.005255451037858923,0.006483387667685747,0.0108255073428154,0.008619670756161213,0.02056233584880829,0.9974390268325806,0.0006712666363455355,0.006109627429395914,0.0037986973766237497,0.00596614321693778,0.006228133104741573,0.012574955821037292,0.9993658661842346,0.00011460942187113687,0.002942058490589261,0.005032444838434458,0.01841605082154274,0.0043077366426587105,0.029385412111878395,0.9978260397911072,0.00035003674565814435,0.006714667193591595
20260722_081956_193,2026-07-22T08:19:56+0800,ads2_click_success_20260722_081956_193,close_template,close_2.png,0.9943138957023621,x_mark,x_mark,0.9936771790186564,0.9936771790186564,True,27.371180555555554,"[877, 20, 75, 33]","[914, 36]",vision_platform\ads\runtime_collection\click_success\click_success_20260722_081956_193,D:\Projects\adb_vl\vision_platform\ads\runtime_collection\click_success\click_success_20260722_081956_193\pre_click.png,D:\Projects\adb_vl\vision_platform\ads\runtime_collection\click_success\click_success_20260722_081956_193\post_click.png,D:\Projects\adb_vl\vision_platform\ads\runtime_collection\click_success\click_success_20260722_081956_193\crops\bbox.png,D:\Projects\adb_vl\vision_platform\ads\runtime_collection\click_success\click_success_20260722_081956_193\crops\bbox_context_1_5x.png,0.9936771790186564,0.014152609432737032,0.0035511249055465064,0.0015030034507314365,0.0005010191331772754,0.00039636258346339065,0.002323619725454288,0.9942927360534668,0.014387082308530807,0.00601291935890913,0.0010284273885190487,0.00033716598409228027,0.0005381261580623686,0.0057230438105762005,0.9969884753227234,0.01475706696510315,0.0038840225897729397,0.0014435173943638802,0.000537364452611655,0.00032591429771855474,0.0010233534267172217,0.989750325679779,0.01331367902457714,0.000756432767957449,0.0020370655693113804,0.0006285269628278911,0.00032504729460924864,0.00022446193906944245
20260722_082000_972,2026-07-22T08:20:01+0800,ads2_click_success_20260722_082000_972,got_template,got2.png,0.9802379608154297,got,got,0.9997310042381287,0.9997310042381287,True,34.76201388888889,"[414, 134, 139, 47]","[483, 157]",vision_platform\ads\runtime_collection\click_success\click_success_20260722_082000_972,D:\Projects\adb_vl\vision_platform\ads\runtime_collection\click_success\click_success_20260722_082000_972\pre_click.png,D:\Projects\adb_vl\vision_platform\ads\runtime_collection\click_success\click_success_20260722_082000_972\post_click.png,D:\Projects\adb_vl\vision_platform\ads\runtime_collection\click_success\click_success_20260722_082000_972\crops\bbox.png,D:\Projects\adb_vl\vision_platform\ads\runtime_collection\click_success\click_success_20260722_082000_972\crops\bbox_context_1_5x.png,0.008859802192697922,0.00017161365152181438,0.0035681932543714843,0.10446681827306747,0.0020161919528618455,0.9997310042381287,0.0017434975986058514,0.010469585657119751,0.00016277923714369535,0.003734468948096037,0.14938940107822418,0.0017974157817661762,0.9995396137237549,0.0021715983748435974,0.0041706920601427555,0.0001771194947650656,0.0011946088634431362,0.04197554290294647,0.002430238761007786,0.9998923540115356,0.001307124039158225,0.01193912886083126,0.00017494222265668213,0.005775501951575279,0.12203551083803177,0.0018209213158115745,0.9997610449790955,0.0017517703818157315
20260722_082248_915,2026-07-22T08:22:48+0800,ads2_click_success_20260722_082248_915,free_ad_template,close_26.png,1.0,free,free,0.9978598753611246,0.9978598753611246,True,84.27506944444444,"[376, 285, 34, 19]","[385, 290]",vision_platform\ads\runtime_collection\click_success\click_success_20260722_082248_915,D:\Projects\adb_vl\vision_platform\ads\runtime_collection\click_success\click_success_20260722_082248_915\pre_click.png,D:\Projects\adb_vl\vision_platform\ads\runtime_collection\click_success\click_success_20260722_082248_915\post_click.png,D:\Projects\adb_vl\vision_platform\ads\runtime_collection\click_success\click_success_20260722_082248_915\crops\bbox.png,D:\Projects\adb_vl\vision_platform\ads\runtime_collection\click_success\click_success_20260722_082248_915\crops\bbox_context_1_5x.png,0.012411480769515038,0.08290718371669452,0.003932108481725057,0.0029754246740291515,0.9978598753611246,0.00282876449637115,0.0019092658767476678,0.02275628037750721,0.12201370298862457,0.003688369644805789,0.0030365041457116604,0.9956700801849365,0.003404516028240323,0.0033614709973335266,0.005087696947157383,0.05853450670838356,0.0024386795703321695,0.002122643869370222,0.9997450709342957,0.0014477251097559929,0.0007171670440584421,0.00939046498388052,0.06817334145307541,0.005669276230037212,0.0037671260070055723,0.9981644749641418,0.003634052351117134,0.0016491595888510346
20260722_082307_081,2026-07-22T08:23:07+0800,ads2_click_success_20260722_082307_081,got_template,got2.png,0.9584011435508728,got,got,0.9924291173617045,0.9924291173617045,True,83.82173611111111,"[414, 134, 139, 47]","[483, 157]",vision_platform\ads\runtime_collection\click_success\click_success_20260722_082307_081,D:\Projects\adb_vl\vision_platform\ads\runtime_collection\click_success\click_success_20260722_082307_081\pre_click.png,D:\Projects\adb_vl\vision_platform\ads\runtime_collection\click_success\click_success_20260722_082307_081\post_click.png,D:\Projects\adb_vl\vision_platform\ads\runtime_collection\click_success\click_success_20260722_082307_081\crops\bbox.png,D:\Projects\adb_vl\vision_platform\ads\runtime_collection\click_success\click_success_20260722_082307_081\crops\bbox_context_1_5x.png,0.028389884469409783,0.08833672106266022,0.10510201503833135,0.15499291072289148,0.0518436369796594,0.9924291173617045,0.08366608247160912,0.0386323444545269,0.07828156650066376,0.11315544694662094,0.16176220774650574,0.04936620593070984,0.9887420535087585,0.1478630155324936,0.008798378519713879,0.06711658090353012,0.06019076704978943,0.10606170445680618,0.05759024620056152,0.9978012442588806,0.046817656606435776,0.03773893043398857,0.11961201578378677,0.14195983111858368,0.19715481996536255,0.04857445880770683,0.9907440543174744,0.05631757527589798
20260722_082312_398,2026-07-22T08:23:12+0800,ads2_click_success_20260722_082312_398,free_ad_template,close_26.png,0.9770021438598633,free,free,0.9990888039271036,0.9990888039271036,True,133.0677777777778,"[391, 285, 34, 19]","[408, 294]",vision_platform\ads\runtime_collection\click_success\click_success_20260722_082312_398,D:\Projects\adb_vl\vision_platform\ads\runtime_collection\click_success\click_success_20260722_082312_398\pre_click.png,D:\Projects\adb_vl\vision_platform\ads\runtime_collection\click_success\click_success_20260722_082312_398\post_click.png,D:\Projects\adb_vl\vision_platform\ads\runtime_collection\click_success\click_success_20260722_082312_398\crops\bbox.png,D:\Projects\adb_vl\vision_platform\ads\runtime_collection\click_success\click_success_20260722_082312_398\crops\bbox_context_1_5x.png,0.0072717243650307255,0.013061858092745146,0.0050635576869050665,0.010235757566988468,0.9990888039271036,0.0023598400875926018,0.0016584366482372086,0.011611691676080227,0.01612730883061886,0.004070584196597338,0.012243327684700489,0.9984939098358154,0.003159492276608944,0.0029664752073585987,0.0027227376122027636,0.012093239463865757,0.00439651682972908,0.007747644558548927,0.9998748302459717,0.001217821380123496,0.0007811203831806779,0.007480743806809187,0.01096502598375082,0.006723572034388781,0.010716300457715988,0.9988976716995239,0.0027022066060453653,0.001227714354172349
20260722_082330_237,2026-07-22T08:23:30+0800,ads2_click_success_20260722_082330_237,close_template,close_2.png,0.9999386072158813,x_mark,x_mark,0.9954453508059183,0.9954453508059183,True,100.00458333333333,"[877, 20, 75, 33]","[914, 36]",vision_platform\ads\runtime_collection\click_success\click_success_20260722_082330_237,D:\Projects\adb_vl\vision_platform\ads\runtime_collection\click_success\click_success_20260722_082330_237\pre_click.png,D:\Projects\adb_vl\vision_platform\ads\runtime_collection\click_success\click_success_20260722_082330_237\post_click.png,D:\Projects\adb_vl\vision_platform\ads\runtime_collection\click_success\click_success_20260722_082330_237\crops\bbox.png,D:\Projects\adb_vl\vision_platform\ads\runtime_collection\click_success\click_success_20260722_082330_237\crops\bbox_context_1_5x.png,0.9954453508059183,0.023222317298253376,0.004457264440134168,0.038749899404744305,0.0005893515384135147,0.0010470143279235344,0.0010000523579947185,0.9961130619049072,0.01794303022325039,0.007335181348025799,0.034665096551179886,0.000707081810105592,0.002097097923979163,0.0015090254601091146,0.9978538155555725,0.0188485998660326,0.002284860936924815,0.013373180292546749,0.00021678389748558402,4.6479141019517556e-05,5.318527473718859e-05,0.9923691749572754,0.03287532180547714,0.003751751035451889,0.06821142137050629,0.000844188907649368,0.0009974659187719226,0.0014379463391378522
20260722_082335_145,2026-07-22T08:23:35+0800,ads2_click_success_20260722_082335_145,got_template,got2.png,0.9545177221298218,got,got,0.9994649092356364,0.9994649092356364,True,83.8567361111111,"[414, 134, 139, 47]","[483, 157]",vision_platform\ads\runtime_collection\click_success\click_success_20260722_082335_145,D:\Projects\adb_vl\vision_platform\ads\runtime_collection\click_success\click_success_20260722_082335_145\pre_click.png,D:\Projects\adb_vl\vision_platform\ads\runtime_collection\click_success\click_success_20260722_082335_145\post_click.png,D:\Projects\adb_vl\vision_platform\ads\runtime_collection\click_success\click_success_20260722_082335_145\crops\bbox.png,D:\Projects\adb_vl\vision_platform\ads\runtime_collection\click_success\click_success_20260722_082335_145\crops\bbox_context_1_5x.png,0.008542751582960287,0.01928394939750433,0.047814677779873214,0.20565962294737497,0.018889793815712135,0.9994649092356364,0.07191279406348865,0.011581341736018658,0.014237160794436932,0.05321365222334862,0.18870969116687775,0.022415151819586754,0.9989855885505676,0.09004992246627808,0.0042925672605633736,0.021036958321928978,0.027524320408701897,0.17732474207878113,0.020051999017596245,0.9998480081558228,0.07328110933303833,0.009754345752298832,0.02257772907614708,0.06270606070756912,0.25094443559646606,0.014202230609953403,0.9995611310005188,0.05240735039114952
20260722_082340_395,2026-07-22T08:23:40+0800,ads2_click_success_20260722_082340_395,free_ad_template,close_26.png,0.9770027995109558,free,free,0.9990888039271036,0.9990888039271036,True,133.1629861111111,"[391, 285, 34, 19]","[408, 294]",vision_platform\ads\runtime_collection\click_success\click_success_20260722_082340_395,D:\Projects\adb_vl\vision_platform\ads\runtime_collection\click_success\click_success_20260722_082340_395\pre_click.png,D:\Projects\adb_vl\vision_platform\ads\runtime_collection\click_success\click_success_20260722_082340_395\post_click.png,D:\Projects\adb_vl\vision_platform\ads\runtime_collection\click_success\click_success_20260722_082340_395\crops\bbox.png,D:\Projects\adb_vl\vision_platform\ads\runtime_collection\click_success\click_success_20260722_082340_395\crops\bbox_context_1_5x.png,0.0072717243650307255,0.013061858092745146,0.0050635576869050665,0.010235757566988468,0.9990888039271036,0.0023598400875926018,0.0016584366482372086,0.011611691676080227,0.01612730883061886,0.004070584196597338,0.012243327684700489,0.9984939098358154,0.003159492276608944,0.0029664752073585987,0.0027227376122027636,0.012093239463865757,0.00439651682972908,0.007747644558548927,0.9998748302459717,0.001217821380123496,0.0007811203831806779,0.007480743806809187,0.01096502598375082,0.006723572034388781,0.010716300457715988,0.9988976716995239,0.0027022066060453653,0.001227714354172349
20260722_082358_205,2026-07-22T08:23:58+0800,ads2_click_success_20260722_082358_205,close_template,close_2.png,0.9749231338500977,x_mark,x_mark,0.9987550377845764,0.9987550377845764,True,64.779375,"[877, 20, 75, 33]","[914, 36]",vision_platform\ads\runtime_collection\click_success\click_success_20260722_082358_205,D:\Projects\adb_vl\vision_platform\ads\runtime_collection\click_success\click_success_20260722_082358_205\pre_click.png,D:\Projects\adb_vl\vision_platform\ads\runtime_collection\click_success\click_success_20260722_082358_205\post_click.png,D:\Projects\adb_vl\vision_platform\ads\runtime_collection\click_success\click_success_20260722_082358_205\crops\bbox.png,D:\Projects\adb_vl\vision_platform\ads\runtime_collection\click_success\click_success_20260722_082358_205\crops\bbox_context_1_5x.png,0.9987550377845764,0.27307915190855664,0.030187320585052173,0.05212482064962387,0.015518556348979473,0.0028782423275212445,0.022487434869011242,0.9989872574806213,0.3244064748287201,0.031115494668483734,0.04191884770989418,0.013518762774765491,0.004078265745192766,0.025001879781484604,0.9991180300712585,0.1938624233007431,0.029667599126696587,0.03227273002266884,0.016955820843577385,0.0027004298754036427,0.00939507968723774,0.9981598258018494,0.30096855759620667,0.029778867959976196,0.0821828842163086,0.016081085428595543,0.0018560313619673252,0.033065345138311386
20260722_082403_167,2026-07-22T08:24:03+0800,ads2_click_success_20260722_082403_167,got_template,got2.png,0.9529565572738647,got,got,0.998476505279541,0.998476505279541,True,83.76131944444444,"[414, 134, 139, 47]","[483, 157]",vision_platform\ads\runtime_collection\click_success\click_success_20260722_082403_167,D:\Projects\adb_vl\vision_platform\ads\runtime_collection\click_success\click_success_20260722_082403_167\pre_click.png,D:\Projects\adb_vl\vision_platform\ads\runtime_collection\click_success\click_success_20260722_082403_167\post_click.png,D:\Projects\adb_vl\vision_platform\ads\runtime_collection\click_success\click_success_20260722_082403_167\crops\bbox.png,D:\Projects\adb_vl\vision_platform\ads\runtime_collection\click_success\click_success_20260722_082403_167\crops\bbox_context_1_5x.png,0.027963891625404358,0.032856885343790054,0.05683456609646479,0.16340027252833048,0.0810519630710284,0.998476505279541,0.1131048599878947,0.036880865693092346,0.022587379440665245,0.06943221390247345,0.15835003554821014,0.06957048922777176,0.9974871873855591,0.16705840826034546,0.00928359106183052,0.02851216308772564,0.027328230440616608,0.1187891960144043,0.11081400513648987,0.9995768666267395,0.08393768966197968,0.03772721812129021,0.04747111350297928,0.07374325394630432,0.21306158602237701,0.06277139484882355,0.9983654618263245,0.08831848204135895
20260722_082408_532,2026-07-22T08:24:08+0800,ads2_click_success_20260722_082408_532,free_ad_template,close_26.png,0.9770014882087708,free,free,0.9990888039271036,0.9990888039271036,True,132.99972222222223,"[391, 285, 34, 19]","[408, 294]",vision_platform\ads\runtime_collection\click_success\click_success_20260722_082408_532,D:\Projects\adb_vl\vision_platform\ads\runtime_collection\click_success\click_success_20260722_082408_532\pre_click.png,D:\Projects\adb_vl\vision_platform\ads\runtime_collection\click_success\click_success_20260722_082408_532\post_click.png,D:\Projects\adb_vl\vision_platform\ads\runtime_collection\click_success\click_success_20260722_082408_532\crops\bbox.png,D:\Projects\adb_vl\vision_platform\ads\runtime_collection\click_success\click_success_20260722_082408_532\crops\bbox_context_1_5x.png,0.0072717243650307255,0.013061858092745146,0.0050635576869050665,0.010235757566988468,0.9990888039271036,0.0023598400875926018,0.0016584366482372086,0.011611691676080227,0.01612730883061886,0.004070584196597338,0.012243327684700489,0.9984939098358154,0.003159492276608944,0.0029664752073585987,0.0027227376122027636,0.012093239463865757,0.00439651682972908,0.007747644558548927,0.9998748302459717,0.001217821380123496,0.0007811203831806779,0.007480743806809187,0.01096502598375082,0.006723572034388781,0.010716300457715988,0.9988976716995239,0.0027022066060453653,0.001227714354172349
20260722_082426_248,2026-07-22T08:24:26+0800,ads2_click_success_20260722_082426_248,close_template,close_2.png,0.9943138957023621,x_mark,x_mark,0.9936771790186564,0.9936771790186564,True,92.01618055555555,"[877, 20, 75, 33]","[914, 36]",vision_platform\ads\runtime_collection\click_success\click_success_20260722_082426_248,D:\Projects\adb_vl\vision_platform\ads\runtime_collection\click_success\click_success_20260722_082426_248\pre_click.png,D:\Projects\adb_vl\vision_platform\ads\runtime_collection\click_success\click_success_20260722_082426_248\post_click.png,D:\Projects\adb_vl\vision_platform\ads\runtime_collection\click_success\click_success_20260722_082426_248\crops\bbox.png,D:\Projects\adb_vl\vision_platform\ads\runtime_collection\click_success\click_success_20260722_082426_248\crops\bbox_context_1_5x.png,0.9936771790186564,0.014152609432737032,0.0035511249055465064,0.0015030034507314365,0.0005010191331772754,0.00039636258346339065,0.002323619725454288,0.9942927360534668,0.014387082308530807,0.00601291935890913,0.0010284273885190487,0.00033716598409228027,0.0005381261580623686,0.0057230438105762005,0.9969884753227234,0.01475706696510315,0.0038840225897729397,0.0014435173943638802,0.000537364452611655,0.00032591429771855474,0.0010233534267172217,0.989750325679779,0.01331367902457714,0.000756432767957449,0.0020370655693113804,0.0006285269628278911,0.00032504729460924864,0.00022446193906944245
20260722_082431_209,2026-07-22T08:24:31+0800,ads2_click_success_20260722_082431_209,got_template,got2.png,0.9496700763702393,got,got,0.9976906180381775,0.9976906180381775,True,83.8723611111111,"[414, 134, 139, 47]","[483, 157]",vision_platform\ads\runtime_collection\click_success\click_success_20260722_082431_209,D:\Projects\adb_vl\vision_platform\ads\runtime_collection\click_success\click_success_20260722_082431_209\pre_click.png,D:\Projects\adb_vl\vision_platform\ads\runtime_collection\click_success\click_success_20260722_082431_209\post_click.png,D:\Projects\adb_vl\vision_platform\ads\runtime_collection\click_success\click_success_20260722_082431_209\crops\bbox.png,D:\Projects\adb_vl\vision_platform\ads\runtime_collection\click_success\click_success_20260722_082431_209\crops\bbox_context_1_5x.png,0.005074257341523965,0.008189601047585407,0.008974528561035791,0.1419117028514544,0.02467784844338894,0.9976906180381775,0.03809521781901518,0.006407280918210745,0.005657743196934462,0.009046356193721294,0.1416347622871399,0.024804623797535896,0.9956386685371399,0.0501134879887104,0.0027809366583824158,0.008280627429485321,0.008873979561030865,0.08536726981401443,0.030755437910556793,0.9993865489959717,0.03029538132250309,0.006034554447978735,0.010630432516336441,0.009003249928355217,0.19873307645320892,0.018473483622074127,0.9980466365814209,0.03387678414583206
20260722_084541_570,2026-07-22T08:45:41+0800,ads2_click_success_20260722_084541_570,free_ad_template,close_26.png,0.7624273300170898,free,free,0.999026377995809,0.999026377995809,True,63.76895833333333,"[878, 354, 34, 19]","[895, 363]",vision_platform\ads\runtime_collection\click_success\click_success_20260722_084541_570,D:\Projects\adb_vl\vision_platform\ads\runtime_collection\click_success\click_success_20260722_084541_570\pre_click.png,D:\Projects\adb_vl\vision_platform\ads\runtime_collection\click_success\click_success_20260722_084541_570\post_click.png,D:\Projects\adb_vl\vision_platform\ads\runtime_collection\click_success\click_success_20260722_084541_570\crops\bbox.png,D:\Projects\adb_vl\vision_platform\ads\runtime_collection\click_success\click_success_20260722_084541_570\crops\bbox_context_1_5x.png,0.005538138871391614,0.027689894971748192,0.0053911761691172915,0.018399213440716267,0.999026377995809,0.0014181142517675955,0.006443962610016267,0.0053780339658260345,0.035765472799539566,0.005707444157451391,0.014277382753789425,0.9984266757965088,0.0017472368199378252,0.006015230901539326,0.004935933277010918,0.01449498813599348,0.007006824016571045,0.0194233525544405,0.999853253364563,0.001271487446501851,0.005321215372532606,0.006300449371337891,0.03280922397971153,0.003459260333329439,0.021496905013918877,0.998799204826355,0.0012356184888631105,0.007995441555976868
20260722_084559_252,2026-07-22T08:45:59+0800,ads2_click_success_20260722_084559_252,close_template,close_2.png,0.9793154001235962,x_mark,x_mark,0.9798720876375834,0.9798720876375834,True,36.07048611111111,"[877, 20, 75, 33]","[914, 36]",vision_platform\ads\runtime_collection\click_success\click_success_20260722_084559_252,D:\Projects\adb_vl\vision_platform\ads\runtime_collection\click_success\click_success_20260722_084559_252\pre_click.png,D:\Projects\adb_vl\vision_platform\ads\runtime_collection\click_success\click_success_20260722_084559_252\post_click.png,D:\Projects\adb_vl\vision_platform\ads\runtime_collection\click_success\click_success_20260722_084559_252\crops\bbox.png,D:\Projects\adb_vl\vision_platform\ads\runtime_collection\click_success\click_success_20260722_084559_252\crops\bbox_context_1_5x.png,0.9798720876375834,0.02984856814146042,0.02507144461075465,0.08832935119668643,0.006777013962467511,0.03504479552308718,0.2734326422214508,0.9832575917243958,0.02876630239188671,0.030443327501416206,0.06400483101606369,0.007992813363671303,0.042970601469278336,0.4114888310432434,0.9842133522033691,0.019325921311974525,0.016620105132460594,0.14401443302631378,0.005477463360875845,0.019414864480495453,0.24167615175247192,0.9721453189849854,0.04145348072052002,0.028150901198387146,0.05696878954768181,0.006860765162855387,0.04274892061948776,0.16713294386863708
20260722_084603_973,2026-07-22T08:46:04+0800,ads2_click_success_20260722_084603_973,got_template,got2.png,0.976401686668396,got,got,0.999909520149231,0.999909520149231,True,43.05701388888889,"[414, 134, 139, 47]","[483, 157]",vision_platform\ads\runtime_collection\click_success\click_success_20260722_084603_973,D:\Projects\adb_vl\vision_platform\ads\runtime_collection\click_success\click_success_20260722_084603_973\pre_click.png,D:\Projects\adb_vl\vision_platform\ads\runtime_collection\click_success\click_success_20260722_084603_973\post_click.png,D:\Projects\adb_vl\vision_platform\ads\runtime_collection\click_success\click_success_20260722_084603_973\crops\bbox.png,D:\Projects\adb_vl\vision_platform\ads\runtime_collection\click_success\click_success_20260722_084603_973\crops\bbox_context_1_5x.png,0.001913663213296483,0.00031510454330903787,0.0037651650297145047,0.08951373274127643,0.0013535092196737726,0.999909520149231,0.0009577853003672013,0.002419702708721161,0.00016518101620022207,0.005342310760170221,0.11772533506155014,0.0009791944175958633,0.9998620748519897,0.0018064366886392236,0.0006804833537898958,0.0005679389578290284,0.0023951579350978136,0.0227748341858387,0.0019416826544329524,0.999961256980896,0.0003961293550673872,0.0026408035773783922,0.0002121936558978632,0.0035580263938754797,0.12804102897644043,0.0011396505869925022,0.9999052286148071,0.0006707898573949933
20260722_084610_132,2026-07-22T08:46:10+0800,ads2_click_success_20260722_084610_132,free_ad_template,close_26.png,0.7624273300170898,free,free,0.999026377995809,0.999026377995809,True,63.912847222222226,"[878, 354, 34, 19]","[895, 363]",vision_platform\ads\runtime_collection\click_success\click_success_20260722_084610_132,D:\Projects\adb_vl\vision_platform\ads\runtime_collection\click_success\click_success_20260722_084610_132\pre_click.png,D:\Projects\adb_vl\vision_platform\ads\runtime_collection\click_success\click_success_20260722_084610_132\post_click.png,D:\Projects\adb_vl\vision_platform\ads\runtime_collection\click_success\click_success_20260722_084610_132\crops\bbox.png,D:\Projects\adb_vl\vision_platform\ads\runtime_collection\click_success\click_success_20260722_084610_132\crops\bbox_context_1_5x.png,0.005538138871391614,0.027689894971748192,0.0053911761691172915,0.018399213440716267,0.999026377995809,0.0014181142517675955,0.006443962610016267,0.0053780339658260345,0.035765472799539566,0.005707444157451391,0.014277382753789425,0.9984266757965088,0.0017472368199378252,0.006015230901539326,0.004935933277010918,0.01449498813599348,0.007006824016571045,0.0194233525544405,0.999853253364563,0.001271487446501851,0.005321215372532606,0.006300449371337891,0.03280922397971153,0.003459260333329439,0.021496905013918877,0.998799204826355,0.0012356184888631105,0.007995441555976868
20260722_084627_993,2026-07-22T08:46:28+0800,ads2_click_success_20260722_084627_993,close_template,close_2.png,0.9749233722686768,x_mark,x_mark,0.9987550377845764,0.9987550377845764,True,36.73826388888889,"[877, 20, 75, 33]","[914, 36]",vision_platform\ads\runtime_collection\click_success\click_success_20260722_084627_993,D:\Projects\adb_vl\vision_platform\ads\runtime_collection\click_success\click_success_20260722_084627_993\pre_click.png,D:\Projects\adb_vl\vision_platform\ads\runtime_collection\click_success\click_success_20260722_084627_993\post_click.png,D:\Projects\adb_vl\vision_platform\ads\runtime_collection\click_success\click_success_20260722_084627_993\crops\bbox.png,D:\Projects\adb_vl\vision_platform\ads\runtime_collection\click_success\click_success_20260722_084627_993\crops\bbox_context_1_5x.png,0.9987550377845764,0.27307915190855664,0.030187320585052173,0.05212482064962387,0.015518556348979473,0.0028782423275212445,0.022487434869011242,0.9989872574806213,0.3244064748287201,0.031115494668483734,0.04191884770989418,0.013518762774765491,0.004078265745192766,0.025001879781484604,0.9991180300712585,0.1938624233007431,0.029667599126696587,0.03227273002266884,0.016955820843577385,0.0027004298754036427,0.00939507968723774,0.9981598258018494,0.30096855759620667,0.029778867959976196,0.0821828842163086,0.016081085428595543,0.0018560313619673252,0.033065345138311386
20260722_084632_732,2026-07-22T08:46:32+0800,ads2_click_success_20260722_084632_732,got_template,got2.png,0.9813917875289917,got,got,0.999708871046702,0.999708871046702,True,40.858958333333334,"[414, 134, 139, 47]","[483, 157]",vision_platform\ads\runtime_collection\click_success\click_success_20260722_084632_732,D:\Projects\adb_vl\vision_platform\ads\runtime_collection\click_success\click_success_20260722_084632_732\pre_click.png,D:\Projects\adb_vl\vision_platform\ads\runtime_collection\click_success\click_success_20260722_084632_732\post_click.png,D:\Projects\adb_vl\vision_platform\ads\runtime_collection\click_success\click_success_20260722_084632_732\crops\bbox.png,D:\Projects\adb_vl\vision_platform\ads\runtime_collection\click_success\click_success_20260722_084632_732\crops\bbox_context_1_5x.png,0.005879203245664637,0.0003227291357082625,0.003273230899746219,0.08360380306839943,0.0032928120344877243,0.999708871046702,0.001156166991374145,0.008847588673233986,0.00030118381255306304,0.004584199283272028,0.10829106718301773,0.0021570504177361727,0.9996621608734131,0.0021881212014704943,0.0015644647646695375,0.00037763919681310654,0.0010396160650998354,0.02234015241265297,0.004912024829536676,0.9998176693916321,0.0002673576236702502,0.0072255562990903854,0.000289364397758618,0.004195877350866795,0.12018018960952759,0.002809360856190324,0.999646782875061,0.0010130221489816904
20260722_084638_788,2026-07-22T08:46:38+0800,ads2_click_success_20260722_084638_788,free_ad_template,close_26.png,0.7616869807243347,free,free,0.9985783894856771,0.9985783894856771,True,59.41708333333333,"[462, 354, 34, 19]","[479, 363]",vision_platform\ads\runtime_collection\click_success\click_success_20260722_084638_788,D:\Projects\adb_vl\vision_platform\ads\runtime_collection\click_success\click_success_20260722_084638_788\pre_click.png,D:\Projects\adb_vl\vision_platform\ads\runtime_collection\click_success\click_success_20260722_084638_788\post_click.png,D:\Projects\adb_vl\vision_platform\ads\runtime_collection\click_success\click_success_20260722_084638_788\crops\bbox.png,D:\Projects\adb_vl\vision_platform\ads\runtime_collection\click_success\click_success_20260722_084638_788\crops\bbox_context_1_5x.png,0.004778023964414994,0.05729931592941284,0.005291912549485763,0.020431690849363804,0.9985783894856771,0.0019532115353892245,0.005147505551576614,0.0047947438433766365,0.06676682084798813,0.005609916523098946,0.013509075157344341,0.9976357221603394,0.0026378424372524023,0.004376870114356279,0.00342623982578516,0.03804485499858856,0.006294896360486746,0.022625919431447983,0.9996857643127441,0.001105952775105834,0.0033697192557156086,0.006113088224083185,0.06708627194166183,0.003970924764871597,0.025160077959299088,0.9984136819839478,0.0021158393938094378,0.007695927284657955
20260722_084656_405,2026-07-22T08:46:56+0800,ads2_click_success_20260722_084656_405,close_template,close_2.png,0.9982796907424927,x_mark,x_mark,0.9994734128316244,0.9994734128316244,True,29.489930555555556,"[877, 20, 75, 33]","[914, 36]",vision_platform\ads\runtime_collection\click_success\click_success_20260722_084656_405,D:\Projects\adb_vl\vision_platform\ads\runtime_collection\click_success\click_success_20260722_084656_405\pre_click.png,D:\Projects\adb_vl\vision_platform\ads\runtime_collection\click_success\click_success_20260722_084656_405\post_click.png,D:\Projects\adb_vl\vision_platform\ads\runtime_collection\click_success\click_success_20260722_084656_405\crops\bbox.png,D:\Projects\adb_vl\vision_platform\ads\runtime_collection\click_success\click_success_20260722_084656_405\crops\bbox_context_1_5x.png,0.9994734128316244,0.0004337225400377065,5.002798692051632e-05,0.0005432946272776462,2.2244556703299168e-06,3.201134669931586e-07,1.5695706755044132e-06,0.9992918968200684,0.0006634623860009015,7.234852091642097e-05,0.0004871948913205415,9.113972510021995e-07,8.028285947148106e-07,2.806096517815604e-06,0.9999001026153564,0.00038474021130241454,5.2392377256182954e-05,0.00010162693070014939,2.190340637753252e-06,8.354357561302095e-08,5.091734465167974e-07,0.9992282390594482,0.0002529650228098035,2.534306258894503e-05,0.0010410620598122478,3.571629122234299e-06,7.396823065164426e-08,1.3934420621808385e-06
20260722_084701_097,2026-07-22T08:47:01+0800,ads2_click_success_20260722_084701_097,got_template,got2.png,0.9808616042137146,got,got,0.999932328859965,0.999932328859965,True,39.93541666666667,"[414, 134, 139, 47]","[483, 157]",vision_platform\ads\runtime_collection\click_success\click_success_20260722_084701_097,D:\Projects\adb_vl\vision_platform\ads\runtime_collection\click_success\click_success_20260722_084701_097\pre_click.png,D:\Projects\adb_vl\vision_platform\ads\runtime_collection\click_success\click_success_20260722_084701_097\post_click.png,D:\Projects\adb_vl\vision_platform\ads\runtime_collection\click_success\click_success_20260722_084701_097\crops\bbox.png,D:\Projects\adb_vl\vision_platform\ads\runtime_collection\click_success\click_success_20260722_084701_097\crops\bbox_context_1_5x.png,0.013353643473237753,0.00022582175733987242,0.00518864478605489,0.06166043629248937,0.0009767422646594544,0.999932328859965,0.0020204928781216345,0.01572958566248417,0.00022441231703851372,0.005391259677708149,0.0967651829123497,0.0009847023757174611,0.9998934268951416,0.0034966880921274424,0.003995210397988558,0.0002462197153363377,0.0018300225492566824,0.017988383769989014,0.0012446085456758738,0.9999821186065674,0.0011128876358270645,0.020336134359240532,0.00020683323964476585,0.008344652131199837,0.0702277421951294,0.0007009158725850284,0.999921441078186,0.001451902906410396
20260722_084707_507,2026-07-22T08:47:07+0800,ads2_click_success_20260722_084707_507,free_ad_template,free_ad_3.png,0.9999852776527405,free,free,0.9965973496437073,0.9965973496437073,True,55.218402777777776,"[599, 352, 38, 24]","[618, 364]",vision_platform\ads\runtime_collection\click_success\click_success_20260722_084707_507,D:\Projects\adb_vl\vision_platform\ads\runtime_collection\click_success\click_success_20260722_084707_507\pre_click.png,D:\Projects\adb_vl\vision_platform\ads\runtime_collection\click_success\click_success_20260722_084707_507\post_click.png,D:\Projects\adb_vl\vision_platform\ads\runtime_collection\click_success\click_success_20260722_084707_507\crops\bbox.png,D:\Projects\adb_vl\vision_platform\ads\runtime_collection\click_success\click_success_20260722_084707_507\crops\bbox_context_1_5x.png,0.013564704296489557,0.027397237718105316,0.009711338207125664,0.028983260815342266,0.9965973496437073,0.0004904589635164788,0.006736733174572389,0.015378512442111969,0.026392845436930656,0.012729190289974213,0.01980103738605976,0.9948924779891968,0.0008581255096942186,0.007463299203664064,0.012272858992218971,0.017235489562153816,0.010580293834209442,0.02707623690366745,0.9988319277763367,0.00018656058819033206,0.005539415869861841,0.01304274145513773,0.038563378155231476,0.0058245304971933365,0.04007250815629959,0.9960676431655884,0.0004266907926648855,0.007207484450191259
20260722_084725_400,2026-07-22T08:47:25+0800,ads2_click_success_20260722_084725_400,close_template,close_2.png,0.8576531410217285,x_mark,x_mark,0.9324928124745687,0.9324928124745687,True,37.77840277777778,"[877, 20, 75, 33]","[914, 36]",vision_platform\ads\runtime_collection\click_success\click_success_20260722_084725_400,D:\Projects\adb_vl\vision_platform\ads\runtime_collection\click_success\click_success_20260722_084725_400\pre_click.png,D:\Projects\adb_vl\vision_platform\ads\runtime_collection\click_success\click_success_20260722_084725_400\post_click.png,D:\Projects\adb_vl\vision_platform\ads\runtime_collection\click_success\click_success_20260722_084725_400\crops\bbox.png,D:\Projects\adb_vl\vision_platform\ads\runtime_collection\click_success\click_success_20260722_084725_400\crops\bbox_context_1_5x.png,0.9324928124745687,0.0052313000584642095,0.0022207977647970742,0.0029137779104833803,0.00014236753001265848,0.0002374526714750876,0.009859655983746052,0.9060825109481812,0.007046141661703587,0.004068213049322367,0.003977854270488024,6.786803714931011e-05,0.0005139266140758991,0.006594633683562279,0.9507232904434204,0.00488438131287694,0.00020284166384954005,0.0012207521358504891,0.0002815174520947039,2.1713916794396937e-05,0.0058637456968426704,0.9406726360321045,0.0037633772008121014,0.0023913385812193155,0.0035427273251116276,7.771710079396144e-05,0.00017671748355496675,0.017120588570833206
20260722_084730_153,2026-07-22T08:47:30+0800,ads2_click_success_20260722_084730_153,got_template,got2.png,0.9800424575805664,got,got,0.9999157190322876,0.9999157190322876,True,36.886805555555554,"[414, 134, 139, 47]","[483, 157]",vision_platform\ads\runtime_collection\click_success\click_success_20260722_084730_153,D:\Projects\adb_vl\vision_platform\ads\runtime_collection\click_success\click_success_20260722_084730_153\pre_click.png,D:\Projects\adb_vl\vision_platform\ads\runtime_collection\click_success\click_success_20260722_084730_153\post_click.png,D:\Projects\adb_vl\vision_platform\ads\runtime_collection\click_success\click_success_20260722_084730_153\crops\bbox.png,D:\Projects\adb_vl\vision_platform\ads\runtime_collection\click_success\click_success_20260722_084730_153\crops\bbox_context_1_5x.png,0.013958616803089777,0.0006907010586777081,0.016432644178469975,0.07365922816097736,0.0045271328029533224,0.9999157190322876,0.0072217971707383794,0.016315152868628502,0.0004834765277337283,0.018866803497076035,0.11056147515773773,0.0036756841000169516,0.9998534917831421,0.009077553637325764,0.008230296894907951,0.0009817633545026183,0.009478310123085976,0.031050322577357292,0.0077117979526519775,0.9999845027923584,0.006432136055082083,0.01733040064573288,0.0006068632937967777,0.020952818915247917,0.07936588674783707,0.002193916356191039,0.9999091625213623,0.006155701819807291
20260722_084736_587,2026-07-22T08:47:36+0800,ads2_click_success_20260722_084736_587,free_ad_template,free_ad_3.png,0.9744038581848145,free,free,0.9982103109359741,0.9982103109359741,True,50.785833333333336,"[738, 352, 38, 24]","[757, 364]",vision_platform\ads\runtime_collection\click_success\click_success_20260722_084736_587,D:\Projects\adb_vl\vision_platform\ads\runtime_collection\click_success\click_success_20260722_084736_587\pre_click.png,D:\Projects\adb_vl\vision_platform\ads\runtime_collection\click_success\click_success_20260722_084736_587\post_click.png,D:\Projects\adb_vl\vision_platform\ads\runtime_collection\click_success\click_success_20260722_084736_587\crops\bbox.png,D:\Projects\adb_vl\vision_platform\ads\runtime_collection\click_success\click_success_20260722_084736_587\crops\bbox_context_1_5x.png,0.005104843294247985,0.011735900460431973,0.006385180167853832,0.020840901260574658,0.9982103109359741,0.00037863760129160556,0.005255451037858923,0.006483387667685747,0.0108255073428154,0.008619670756161213,0.02056233584880829,0.9974390268325806,0.0006712666363455355,0.006109627429395914,0.0037986973766237497,0.00596614321693778,0.006228133104741573,0.012574955821037292,0.9993658661842346,0.00011460942187113687,0.002942058490589261,0.005032444838434458,0.01841605082154274,0.0043077366426587105,0.029385412111878395,0.9978260397911072,0.00035003674565814435,0.006714667193591595
20260722_084754_172,2026-07-22T08:47:54+0800,ads2_click_success_20260722_084754_172,close_template,close_2.png,0.9982796907424927,x_mark,x_mark,0.9994734128316244,0.9994734128316244,True,29.49138888888889,"[877, 20, 75, 33]","[914, 36]",vision_platform\ads\runtime_collection\click_success\click_success_20260722_084754_172,D:\Projects\adb_vl\vision_platform\ads\runtime_collection\click_success\click_success_20260722_084754_172\pre_click.png,D:\Projects\adb_vl\vision_platform\ads\runtime_collection\click_success\click_success_20260722_084754_172\post_click.png,D:\Projects\adb_vl\vision_platform\ads\runtime_collection\click_success\click_success_20260722_084754_172\crops\bbox.png,D:\Projects\adb_vl\vision_platform\ads\runtime_collection\click_success\click_success_20260722_084754_172\crops\bbox_context_1_5x.png,0.9994734128316244,0.0004337225400377065,5.002798692051632e-05,0.0005432946272776462,2.2244556703299168e-06,3.201134669931586e-07,1.5695706755044132e-06,0.9992918968200684,0.0006634623860009015,7.234852091642097e-05,0.0004871948913205415,9.113972510021995e-07,8.028285947148106e-07,2.806096517815604e-06,0.9999001026153564,0.00038474021130241454,5.2392377256182954e-05,0.00010162693070014939,2.190340637753252e-06,8.354357561302095e-08,5.091734465167974e-07,0.9992282390594482,0.0002529650228098035,2.534306258894503e-05,0.0010410620598122478,3.571629122234299e-06,7.396823065164426e-08,1.3934420621808385e-06
20260722_084758_913,2026-07-22T08:47:58+0800,ads2_click_success_20260722_084758_913,got_template,got2.png,0.9802895188331604,got,got,0.9997634490331014,0.9997634490331014,True,37.06381944444445,"[414, 134, 139, 47]","[483, 157]",vision_platform\ads\runtime_collection\click_success\click_success_20260722_084758_913,D:\Projects\adb_vl\vision_platform\ads\runtime_collection\click_success\click_success_20260722_084758_913\pre_click.png,D:\Projects\adb_vl\vision_platform\ads\runtime_collection\click_success\click_success_20260722_084758_913\post_click.png,D:\Projects\adb_vl\vision_platform\ads\runtime_collection\click_success\click_success_20260722_084758_913\crops\bbox.png,D:\Projects\adb_vl\vision_platform\ads\runtime_collection\click_success\click_success_20260722_084758_913\crops\bbox_context_1_5x.png,0.04201356197396914,0.0005100146421076109,0.014028208951155344,0.16824348270893097,0.0029954370887329182,0.9997634490331014,0.011170667906602224,0.04491516202688217,0.000494251202326268,0.01550246775150299,0.20111747086048126,0.0028378667775541544,0.999607264995575,0.01282084546983242,0.03431569039821625,0.00042529465281404555,0.008746756240725517,0.1098586767911911,0.0036387243308126926,0.9999421834945679,0.009065020829439163,0.046809833496809006,0.0006104980711825192,0.017835402861237526,0.19375430047512054,0.0025097201578319073,0.9997408986091614,0.011626137420535088
20260722_084805_308,2026-07-22T08:48:05+0800,ads2_click_success_20260722_084805_308,free_ad_template,free_ad_3.png,0.9744047522544861,free,free,0.9982103109359741,0.9982103109359741,True,50.90618055555556,"[738, 352, 38, 24]","[757, 364]",vision_platform\ads\runtime_collection\click_success\click_success_20260722_084805_308,D:\Projects\adb_vl\vision_platform\ads\runtime_collection\click_success\click_success_20260722_084805_308\pre_click.png,D:\Projects\adb_vl\vision_platform\ads\runtime_collection\click_success\click_success_20260722_084805_308\post_click.png,D:\Projects\adb_vl\vision_platform\ads\runtime_collection\click_success\click_success_20260722_084805_308\crops\bbox.png,D:\Projects\adb_vl\vision_platform\ads\runtime_collection\click_success\click_success_20260722_084805_308\crops\bbox_context_1_5x.png,0.005104843294247985,0.011735900460431973,0.006385180167853832,0.020840901260574658,0.9982103109359741,0.00037863760129160556,0.005255451037858923,0.006483387667685747,0.0108255073428154,0.008619670756161213,0.02056233584880829,0.9974390268325806,0.0006712666363455355,0.006109627429395914,0.0037986973766237497,0.00596614321693778,0.006228133104741573,0.012574955821037292,0.9993658661842346,0.00011460942187113687,0.002942058490589261,0.005032444838434458,0.01841605082154274,0.0043077366426587105,0.029385412111878395,0.9978260397911072,0.00035003674565814435,0.006714667193591595
20260722_084822_961,2026-07-22T08:48:23+0800,ads2_click_success_20260722_084822_961,close_template,close_2.png,0.9749231338500977,x_mark,x_mark,0.9987550377845764,0.9987550377845764,True,46.595416666666665,"[877, 20, 75, 33]","[914, 36]",vision_platform\ads\runtime_collection\click_success\click_success_20260722_084822_961,D:\Projects\adb_vl\vision_platform\ads\runtime_collection\click_success\click_success_20260722_084822_961\pre_click.png,D:\Projects\adb_vl\vision_platform\ads\runtime_collection\click_success\click_success_20260722_084822_961\post_click.png,D:\Projects\adb_vl\vision_platform\ads\runtime_collection\click_success\click_success_20260722_084822_961\crops\bbox.png,D:\Projects\adb_vl\vision_platform\ads\runtime_collection\click_success\click_success_20260722_084822_961\crops\bbox_context_1_5x.png,0.9987550377845764,0.27307915190855664,0.030187320585052173,0.05212482064962387,0.015518556348979473,0.0028782423275212445,0.022487434869011242,0.9989872574806213,0.3244064748287201,0.031115494668483734,0.04191884770989418,0.013518762774765491,0.004078265745192766,0.025001879781484604,0.9991180300712585,0.1938624233007431,0.029667599126696587,0.03227273002266884,0.016955820843577385,0.0027004298754036427,0.00939507968723774,0.9981598258018494,0.30096855759620667,0.029778867959976196,0.0821828842163086,0.016081085428595543,0.0018560313619673252,0.033065345138311386
20260722_084827_663,2026-07-22T08:48:27+0800,ads2_click_success_20260722_084827_663,got_template,got2.png,0.980185866355896,got,got,0.9992719093958536,0.9992719093958536,True,33.70041666666667,"[414, 134, 139, 47]","[483, 157]",vision_platform\ads\runtime_collection\click_success\click_success_20260722_084827_663,D:\Projects\adb_vl\vision_platform\ads\runtime_collection\click_success\click_success_20260722_084827_663\pre_click.png,D:\Projects\adb_vl\vision_platform\ads\runtime_collection\click_success\click_success_20260722_084827_663\post_click.png,D:\Projects\adb_vl\vision_platform\ads\runtime_collection\click_success\click_success_20260722_084827_663\crops\bbox.png,D:\Projects\adb_vl\vision_platform\ads\runtime_collection\click_success\click_success_20260722_084827_663\crops\bbox_context_1_5x.png,0.04678811815877756,0.0002607573502852271,0.004391688775892059,0.12402669588724773,0.0018909443557883303,0.9992719093958536,0.004711151355877519,0.05169040709733963,0.0003341912815812975,0.005001783836632967,0.14447087049484253,0.0015997810987755656,0.998848557472229,0.005105836316943169,0.023958003148436546,0.00020309558021835983,0.001572769833728671,0.06483262777328491,0.001892164582386613,0.9996601343154907,0.0035542023833841085,0.06471594423055649,0.00024498518905602396,0.006600512657314539,0.16277658939361572,0.002180887386202812,0.9993070363998413,0.005473415367305279
20260722_085102_853,2026-07-22T08:51:02+0800,ads2_click_success_20260722_085102_853,free_ad_template,close_26.png,0.9999993443489075,free,free,0.9968229134877523,0.9968229134877523,True,84.53694444444444,"[376, 285, 34, 19]","[385, 290]",vision_platform\ads\runtime_collection\click_success\click_success_20260722_085102_853,D:\Projects\adb_vl\vision_platform\ads\runtime_collection\click_success\click_success_20260722_085102_853\pre_click.png,D:\Projects\adb_vl\vision_platform\ads\runtime_collection\click_success\click_success_20260722_085102_853\post_click.png,D:\Projects\adb_vl\vision_platform\ads\runtime_collection\click_success\click_success_20260722_085102_853\crops\bbox.png,D:\Projects\adb_vl\vision_platform\ads\runtime_collection\click_success\click_success_20260722_085102_853\crops\bbox_context_1_5x.png,0.003925954534982641,0.18241009612878165,0.0035872391114632287,0.0010904648030797641,0.9968229134877523,0.00012981336233982196,0.002442743929956729,0.0059937466867268085,0.21474137902259827,0.0027492952067404985,0.0011028286535292864,0.9937833547592163,0.00015633540169801563,0.005416182801127434,0.002617740537971258,0.2298298180103302,0.0020681528840214014,0.0005964823067188263,0.9991152882575989,5.513857468031347e-05,0.0004683838633354753,0.003166376380249858,0.10265909135341644,0.005944269243627787,0.0015720834489911795,0.9975700974464417,0.00017796611064113677,0.0014436651254072785
20260722_085121_189,2026-07-22T08:51:21+0800,ads2_click_success_20260722_085121_189,got_template,got2.png,0.9589014649391174,got,got,0.999300499757131,0.999300499757131,True,83.78291666666667,"[414, 134, 139, 47]","[483, 157]",vision_platform\ads\runtime_collection\click_success\click_success_20260722_085121_189,D:\Projects\adb_vl\vision_platform\ads\runtime_collection\click_success\click_success_20260722_085121_189\pre_click.png,D:\Projects\adb_vl\vision_platform\ads\runtime_collection\click_success\click_success_20260722_085121_189\post_click.png,D:\Projects\adb_vl\vision_platform\ads\runtime_collection\click_success\click_success_20260722_085121_189\crops\bbox.png,D:\Projects\adb_vl\vision_platform\ads\runtime_collection\click_success\click_success_20260722_085121_189\crops\bbox_context_1_5x.png,0.01535827542344729,0.06771524250507355,0.07852384944756825,0.1905202865600586,0.05940271665652593,0.999300499757131,0.09748456627130508,0.02039697952568531,0.06340432912111282,0.0853656530380249,0.19558314979076385,0.0530899353325367,0.9988246560096741,0.14728103578090668,0.007560167461633682,0.06622783094644547,0.05284993350505829,0.16334937512874603,0.0832534059882164,0.9997101426124573,0.07676383852958679,0.01811767928302288,0.07351356744766235,0.09735596179962158,0.2126283347606659,0.04186480864882469,0.9993667006492615,0.06840882450342178
20260722_085126_455,2026-07-22T08:51:26+0800,ads2_click_success_20260722_085126_455,free_ad_template,close_26.png,0.9770014882087708,free,free,0.9990888039271036,0.9990888039271036,True,133.11569444444444,"[391, 285, 34, 19]","[408, 294]",vision_platform\ads\runtime_collection\click_success\click_success_20260722_085126_455,D:\Projects\adb_vl\vision_platform\ads\runtime_collection\click_success\click_success_20260722_085126_455\pre_click.png,D:\Projects\adb_vl\vision_platform\ads\runtime_collection\click_success\click_success_20260722_085126_455\post_click.png,D:\Projects\adb_vl\vision_platform\ads\runtime_collection\click_success\click_success_20260722_085126_455\crops\bbox.png,D:\Projects\adb_vl\vision_platform\ads\runtime_collection\click_success\click_success_20260722_085126_455\crops\bbox_context_1_5x.png,0.0072717243650307255,0.013061858092745146,0.0050635576869050665,0.010235757566988468,0.9990888039271036,0.0023598400875926018,0.0016584366482372086,0.011611691676080227,0.01612730883061886,0.004070584196597338,0.012243327684700489,0.9984939098358154,0.003159492276608944,0.0029664752073585987,0.0027227376122027636,0.012093239463865757,0.00439651682972908,0.007747644558548927,0.9998748302459717,0.001217821380123496,0.0007811203831806779,0.007480743806809187,0.01096502598375082,0.006723572034388781,0.010716300457715988,0.9988976716995239,0.0027022066060453653,0.001227714354172349
20260722_085144_212,2026-07-22T08:51:44+0800,ads2_click_success_20260722_085144_212,close_template,close_2.png,0.9999470710754395,x_mark,x_mark,0.9967982371648153,0.9967982371648153,True,100.69715277777777,"[877, 20, 75, 33]","[914, 36]",vision_platform\ads\runtime_collection\click_success\click_success_20260722_085144_212,D:\Projects\adb_vl\vision_platform\ads\runtime_collection\click_success\click_success_20260722_085144_212\pre_click.png,D:\Projects\adb_vl\vision_platform\ads\runtime_collection\click_success\click_success_20260722_085144_212\post_click.png,D:\Projects\adb_vl\vision_platform\ads\runtime_collection\click_success\click_success_20260722_085144_212\crops\bbox.png,D:\Projects\adb_vl\vision_platform\ads\runtime_collection\click_success\click_success_20260722_085144_212\crops\bbox_context_1_5x.png,0.9967982371648153,0.017788926449914772,0.005304399955396851,0.04197914650042852,0.0006292418014102926,0.0009295936591418771,0.001080678363602298,0.9973088502883911,0.01210354920476675,0.00806742999702692,0.03854642063379288,0.0007042365032248199,0.0018657783512026072,0.0015635921154171228,0.9981800317764282,0.017385371029376984,0.0031638985965400934,0.018063604831695557,0.0004096664779353887,6.443299207603559e-05,8.903413254301995e-05,0.9949058294296265,0.023877859115600586,0.004681871272623539,0.06932741403579712,0.0007738224230706692,0.0008585696341469884,0.0015894088428467512
20260722_085149_148,2026-07-22T08:51:49+0800,ads2_click_success_20260722_085149_148,got_template,got2.png,0.9468128085136414,got,got,0.9952917098999023,0.9952917098999023,True,83.82819444444445,"[414, 134, 139, 47]","[483, 157]",vision_platform\ads\runtime_collection\click_success\click_success_20260722_085149_148,D:\Projects\adb_vl\vision_platform\ads\runtime_collection\click_success\click_success_20260722_085149_148\pre_click.png,D:\Projects\adb_vl\vision_platform\ads\runtime_collection\click_success\click_success_20260722_085149_148\post_click.png,D:\Projects\adb_vl\vision_platform\ads\runtime_collection\click_success\click_success_20260722_085149_148\crops\bbox.png,D:\Projects\adb_vl\vision_platform\ads\runtime_collection\click_success\click_success_20260722_085149_148\crops\bbox_context_1_5x.png,0.013493776010970274,0.054324328899383545,0.03395148987571398,0.17339016993840536,0.03552729574342569,0.9952917098999023,0.12742874026298523,0.017919963225722313,0.040474243462085724,0.038757022470235825,0.1639830619096756,0.03911355137825012,0.9919113516807556,0.1914549171924591,0.006942572072148323,0.0424448624253273,0.01666170358657837,0.14026643335819244,0.029367750510573387,0.9989126920700073,0.08353671431541443,0.015618792735040188,0.08005388081073761,0.04643574357032776,0.21592101454734802,0.03810058534145355,0.9950510859489441,0.10729458928108215
20260722_085154_467,2026-07-22T08:51:54+0800,ads2_click_success_20260722_085154_467,free_ad_template,close_26.png,0.9770014882087708,free,free,0.9990888039271036,0.9990888039271036,True,133.18798611111112,"[391, 285, 34, 19]","[408, 294]",vision_platform\ads\runtime_collection\click_success\click_success_20260722_085154_467,D:\Projects\adb_vl\vision_platform\ads\runtime_collection\click_success\click_success_20260722_085154_467\pre_click.png,D:\Projects\adb_vl\vision_platform\ads\runtime_collection\click_success\click_success_20260722_085154_467\post_click.png,D:\Projects\adb_vl\vision_platform\ads\runtime_collection\click_success\click_success_20260722_085154_467\crops\bbox.png,D:\Projects\adb_vl\vision_platform\ads\runtime_collection\click_success\click_success_20260722_085154_467\crops\bbox_context_1_5x.png,0.0072717243650307255,0.013061858092745146,0.0050635576869050665,0.010235757566988468,0.9990888039271036,0.0023598400875926018,0.0016584366482372086,0.011611691676080227,0.01612730883061886,0.004070584196597338,0.012243327684700489,0.9984939098358154,0.003159492276608944,0.0029664752073585987,0.0027227376122027636,0.012093239463865757,0.00439651682972908,0.007747644558548927,0.9998748302459717,0.001217821380123496,0.0007811203831806779,0.007480743806809187,0.01096502598375082,0.006723572034388781,0.010716300457715988,0.9988976716995239,0.0027022066060453653,0.001227714354172349
20260722_085212_155,2026-07-22T08:52:12+0800,ads2_click_success_20260722_085212_155,close_template,close_2.png,0.9618554711341858,x_mark,x_mark,0.9911307891209921,0.9911307891209921,True,106.49569444444444,"[877, 20, 75, 33]","[914, 36]",vision_platform\ads\runtime_collection\click_success\click_success_20260722_085212_155,D:\Projects\adb_vl\vision_platform\ads\runtime_collection\click_success\click_success_20260722_085212_155\pre_click.png,D:\Projects\adb_vl\vision_platform\ads\runtime_collection\click_success\click_success_20260722_085212_155\post_click.png,D:\Projects\adb_vl\vision_platform\ads\runtime_collection\click_success\click_success_20260722_085212_155\crops\bbox.png,D:\Projects\adb_vl\vision_platform\ads\runtime_collection\click_success\click_success_20260722_085212_155\crops\bbox_context_1_5x.png,0.9911307891209921,0.0039583573040242,0.001464741479139775,0.0054923007264733315,0.0004678982465217511,0.0004950073731985564,0.0006441019892614955,0.9896601438522339,0.003481491468846798,0.000803147500846535,0.004542272072285414,0.0004065738758072257,0.0008524621953256428,0.0012342158006504178,0.9965935349464417,0.006641553249210119,0.0026326440274715424,0.009447804652154446,0.0006208790000528097,0.0005196274723857641,0.00020485957793425769,0.9871386885643005,0.0017520271940156817,0.0009584329091012478,0.002486825454980135,0.00037624186370521784,0.00011293245188426226,0.0004932305891998112
20260722_085217_157,2026-07-22T08:52:17+0800,ads2_click_success_20260722_085217_157,got_template,got2.png,0.9505162239074707,got,got,0.9992377956708273,0.9992377956708273,True,83.82347222222222,"[414, 134, 139, 47]","[483, 157]",vision_platform\ads\runtime_collection\click_success\click_success_20260722_085217_157,D:\Projects\adb_vl\vision_platform\ads\runtime_collection\click_success\click_success_20260722_085217_157\pre_click.png,D:\Projects\adb_vl\vision_platform\ads\runtime_collection\click_success\click_success_20260722_085217_157\post_click.png,D:\Projects\adb_vl\vision_platform\ads\runtime_collection\click_success\click_success_20260722_085217_157\crops\bbox.png,D:\Projects\adb_vl\vision_platform\ads\runtime_collection\click_success\click_success_20260722_085217_157\crops\bbox_context_1_5x.png,0.007927489466965199,0.009034181945025921,0.019339839306970436,0.3161132832368215,0.069886381427447,0.9992377956708273,0.07770371685425441,0.008813886903226376,0.005641656927764416,0.020143700763583183,0.2895101010799408,0.07381538301706314,0.9986832737922668,0.07454176247119904,0.005288011394441128,0.010404891334474087,0.012753362767398357,0.3013763129711151,0.08518301695585251,0.9996329545974731,0.08055922389030457,0.009680570103228092,0.01105599757283926,0.02512245438992977,0.35745343565940857,0.050660744309425354,0.9993971586227417,0.07801016420125961
20260722_085222_577,2026-07-22T08:52:22+0800,ads2_click_success_20260722_085222_577,free_ad_template,close_26.png,0.9770014882087708,free,free,0.9990888039271036,0.9990888039271036,True,133.18527777777777,"[391, 285, 34, 19]","[408, 294]",vision_platform\ads\runtime_collection\click_success\click_success_20260722_085222_577,D:\Projects\adb_vl\vision_platform\ads\runtime_collection\click_success\click_success_20260722_085222_577\pre_click.png,D:\Projects\adb_vl\vision_platform\ads\runtime_collection\click_success\click_success_20260722_085222_577\post_click.png,D:\Projects\adb_vl\vision_platform\ads\runtime_collection\click_success\click_success_20260722_085222_577\crops\bbox.png,D:\Projects\adb_vl\vision_platform\ads\runtime_collection\click_success\click_success_20260722_085222_577\crops\bbox_context_1_5x.png,0.0072717243650307255,0.013061858092745146,0.0050635576869050665,0.010235757566988468,0.9990888039271036,0.0023598400875926018,0.0016584366482372086,0.011611691676080227,0.01612730883061886,0.004070584196597338,0.012243327684700489,0.9984939098358154,0.003159492276608944,0.0029664752073585987,0.0027227376122027636,0.012093239463865757,0.00439651682972908,0.007747644558548927,0.9998748302459717,0.001217821380123496,0.0007811203831806779,0.007480743806809187,0.01096502598375082,0.006723572034388781,0.010716300457715988,0.9988976716995239,0.0027022066060453653,0.001227714354172349
20260722_085240_295,2026-07-22T08:52:40+0800,ads2_click_success_20260722_085240_295,close_template,close_2.png,0.9978553056716919,x_mark,x_mark,0.9938921928405762,0.9938921928405762,True,93.21979166666667,"[877, 20, 75, 33]","[914, 36]",vision_platform\ads\runtime_collection\click_success\click_success_20260722_085240_295,D:\Projects\adb_vl\vision_platform\ads\runtime_collection\click_success\click_success_20260722_085240_295\pre_click.png,D:\Projects\adb_vl\vision_platform\ads\runtime_collection\click_success\click_success_20260722_085240_295\post_click.png,D:\Projects\adb_vl\vision_platform\ads\runtime_collection\click_success\click_success_20260722_085240_295\crops\bbox.png,D:\Projects\adb_vl\vision_platform\ads\runtime_collection\click_success\click_success_20260722_085240_295\crops\bbox_context_1_5x.png,0.9938921928405762,0.0071250637993216515,0.015949581128855545,0.09129562228918076,0.0004308694042265415,0.003984694019891322,0.00046404770788891864,0.9965617060661316,0.007824963890016079,0.01958269253373146,0.10357474535703659,0.0003753267810679972,0.007075018249452114,0.000721911434084177,0.9947488903999329,0.0030533485114574432,0.012576649896800518,0.0484904944896698,0.00028274214128032327,0.0011579528218135238,0.00016451846749987453,0.9903659820556641,0.010496878996491432,0.01568940095603466,0.12182162702083588,0.0006345392903313041,0.003721110988408327,0.0005057132220827043
20260722_085245_257,2026-07-22T08:52:45+0800,ads2_click_success_20260722_085245_257,got_template,got2.png,0.9484464526176453,got,got,0.9984004298845927,0.9984004298845927,True,83.89472222222223,"[414, 134, 139, 47]","[483, 157]",vision_platform\ads\runtime_collection\click_success\click_success_20260722_085245_257,D:\Projects\adb_vl\vision_platform\ads\runtime_collection\click_success\click_success_20260722_085245_257\pre_click.png,D:\Projects\adb_vl\vision_platform\ads\runtime_collection\click_success\click_success_20260722_085245_257\post_click.png,D:\Projects\adb_vl\vision_platform\ads\runtime_collection\click_success\click_success_20260722_085245_257\crops\bbox.png,D:\Projects\adb_vl\vision_platform\ads\runtime_collection\click_success\click_success_20260722_085245_257\crops\bbox_context_1_5x.png,0.012783391556392113,0.02131957747042179,0.046302606662114464,0.18530968328317007,0.05043886601924896,0.9984004298845927,0.0623467688759168,0.015698343515396118,0.01799367554485798,0.057921137660741806,0.19242778420448303,0.05209838226437569,0.9975337982177734,0.08085782080888748,0.005889658350497484,0.019149616360664368,0.022376075387001038,0.15402716398239136,0.05425028130412102,0.9992365837097168,0.05948660522699356,0.016762172803282738,0.026815440505743027,0.05861060693860054,0.2094741016626358,0.04496793448925018,0.9984309077262878,0.046695880591869354
20260722_091318_297,2026-07-22T09:13:18+0800,ads2_click_success_20260722_091318_297,free_ad_template,close_26.png,0.7624273300170898,free,free,0.99949049949646,0.99949049949646,True,76.62604166666667,"[878, 354, 34, 19]","[887, 359]",vision_platform\ads\runtime_collection\click_success\click_success_20260722_091318_297,D:\Projects\adb_vl\vision_platform\ads\runtime_collection\click_success\click_success_20260722_091318_297\pre_click.png,D:\Projects\adb_vl\vision_platform\ads\runtime_collection\click_success\click_success_20260722_091318_297\post_click.png,D:\Projects\adb_vl\vision_platform\ads\runtime_collection\click_success\click_success_20260722_091318_297\crops\bbox.png,D:\Projects\adb_vl\vision_platform\ads\runtime_collection\click_success\click_success_20260722_091318_297\crops\bbox_context_1_5x.png,0.004936598318939407,0.013518512869874636,0.004722806780288617,0.013259651449819406,0.99949049949646,0.0014080883314212163,0.0019108715156714122,0.004589437041431665,0.01742658205330372,0.0061191171407699585,0.01065132487565279,0.9991266131401062,0.0020531415939331055,0.0012439691927284002,0.003519901307299733,0.00717463344335556,0.004666220862418413,0.011036228388547897,0.9998989105224609,0.0009508704533800483,0.0020247078500688076,0.006700456608086824,0.01595432311296463,0.003383082337677479,0.01809140108525753,0.9994459748268127,0.0012202529469504952,0.0024639375042170286
20260722_091335_870,2026-07-22T09:13:35+0800,ads2_click_success_20260722_091335_870,close_template,close_11.png,0.9661247134208679,arrow,arrow,0.9954823851585388,0.9954823851585388,True,68.9786111111111,"[30, 29, 74, 23]","[67, 40]",vision_platform\ads\runtime_collection\click_success\click_success_20260722_091335_870,D:\Projects\adb_vl\vision_platform\ads\runtime_collection\click_success\click_success_20260722_091335_870\pre_click.png,D:\Projects\adb_vl\vision_platform\ads\runtime_collection\click_success\click_success_20260722_091335_870\post_click.png,D:\Projects\adb_vl\vision_platform\ads\runtime_collection\click_success\click_success_20260722_091335_870\crops\bbox.png,D:\Projects\adb_vl\vision_platform\ads\runtime_collection\click_success\click_success_20260722_091335_870\crops\bbox_context_1_5x.png,0.10878034308552742,0.27003159125645954,0.005941551178693771,0.012251964615037044,0.003826411518578728,0.004922941462912907,0.9954823851585388,0.15304772555828094,0.3265613317489624,0.004984111525118351,0.015809575095772743,0.0037259189411997795,0.006353014148771763,0.9953566193580627,0.054909754544496536,0.1830422282218933,0.004867322742938995,0.005655868444591761,0.0036613300908356905,0.0009389565675519407,0.9975098371505737,0.11838354915380478,0.30049121379852295,0.007973219268023968,0.015290450304746628,0.004091985523700714,0.007476853672415018,0.99358069896698
20260722_091352_509,2026-07-22T09:13:52+0800,ads2_click_success_20260722_091352_509,close_template,close_11.png,0.993458092212677,arrow,arrow,0.5510627031326294,0.5510627031326294,True,55.27534722222222,"[30, 29, 74, 23]","[67, 40]",vision_platform\ads\runtime_collection\click_success\click_success_20260722_091352_509,D:\Projects\adb_vl\vision_platform\ads\runtime_collection\click_success\click_success_20260722_091352_509\pre_click.png,D:\Projects\adb_vl\vision_platform\ads\runtime_collection\click_success\click_success_20260722_091352_509\post_click.png,D:\Projects\adb_vl\vision_platform\ads\runtime_collection\click_success\click_success_20260722_091352_509\crops\bbox.png,D:\Projects\adb_vl\vision_platform\ads\runtime_collection\click_success\click_success_20260722_091352_509\crops\bbox_context_1_5x.png,0.1096237376332283,0.0039006720762699842,0.07298018659154575,0.22446441650390625,0.013413383315006891,0.04432882182300091,0.5510627031326294,0.12835781276226044,0.0029202671721577644,0.08774896711111069,0.2588479816913605,0.01201611664146185,0.053106095641851425,0.5609325170516968,0.06525687128305435,0.005802997387945652,0.023333963006734848,0.1558782160282135,0.023713110014796257,0.029776012524962425,0.5371162295341492,0.13525652885437012,0.0029787516687065363,0.10785762965679169,0.2586670517921448,0.004510923288762569,0.05010435730218887,0.5551393628120422
20260722_091357_292,2026-07-22T09:13:57+0800,ads2_click_success_20260722_091357_292,got_template,got2.png,0.9793956279754639,got,got,0.9998650550842285,0.9998650550842285,True,43.596805555555555,"[414, 134, 139, 47]","[483, 157]",vision_platform\ads\runtime_collection\click_success\click_success_20260722_091357_292,D:\Projects\adb_vl\vision_platform\ads\runtime_collection\click_success\click_success_20260722_091357_292\pre_click.png,D:\Projects\adb_vl\vision_platform\ads\runtime_collection\click_success\click_success_20260722_091357_292\post_click.png,D:\Projects\adb_vl\vision_platform\ads\runtime_collection\click_success\click_success_20260722_091357_292\crops\bbox.png,D:\Projects\adb_vl\vision_platform\ads\runtime_collection\click_success\click_success_20260722_091357_292\crops\bbox_context_1_5x.png,0.0018556395176953326,0.0002052178557884569,0.0029668380545141795,0.03269531143208345,0.0009512124427904686,0.9998650550842285,0.00041648892511148006,0.0029498697258532047,0.00019681929552461952,0.004650134593248367,0.042329199612140656,0.0006858373526483774,0.9997990727424622,0.0007589089800603688,0.0003445020702201873,0.00023105154104996473,0.000905955268535763,0.005425507202744484,0.0014155342942103744,0.999977707862854,0.0001530010049464181,0.0022725467570126057,0.00018778273079078645,0.0033444243017584085,0.050331227481365204,0.0007522656815126538,0.9998183846473694,0.0003375567903276533
20260722_091403_590,2026-07-22T09:14:03+0800,ads2_click_success_20260722_091403_590,free_ad_template,close_26.png,0.7624273300170898,free,free,0.999026377995809,0.999026377995809,True,59.25152777777778,"[878, 354, 34, 19]","[895, 363]",vision_platform\ads\runtime_collection\click_success\click_success_20260722_091403_590,D:\Projects\adb_vl\vision_platform\ads\runtime_collection\click_success\click_success_20260722_091403_590\pre_click.png,D:\Projects\adb_vl\vision_platform\ads\runtime_collection\click_success\click_success_20260722_091403_590\post_click.png,D:\Projects\adb_vl\vision_platform\ads\runtime_collection\click_success\click_success_20260722_091403_590\crops\bbox.png,D:\Projects\adb_vl\vision_platform\ads\runtime_collection\click_success\click_success_20260722_091403_590\crops\bbox_context_1_5x.png,0.005538138871391614,0.027689894971748192,0.0053911761691172915,0.018399213440716267,0.999026377995809,0.0014181142517675955,0.006443962610016267,0.0053780339658260345,0.035765472799539566,0.005707444157451391,0.014277382753789425,0.9984266757965088,0.0017472368199378252,0.006015230901539326,0.004935933277010918,0.01449498813599348,0.007006824016571045,0.0194233525544405,0.999853253364563,0.001271487446501851,0.005321215372532606,0.006300449371337891,0.03280922397971153,0.003459260333329439,0.021496905013918877,0.998799204826355,0.0012356184888631105,0.007995441555976868
20260722_091421_145,2026-07-22T09:14:21+0800,ads2_click_success_20260722_091421_145,close_template,close_11.png,0.9660990238189697,arrow,arrow,0.9965770840644836,0.9965770840644836,True,56.002291666666665,"[30, 29, 74, 23]","[67, 40]",vision_platform\ads\runtime_collection\click_success\click_success_20260722_091421_145,D:\Projects\adb_vl\vision_platform\ads\runtime_collection\click_success\click_success_20260722_091421_145\pre_click.png,D:\Projects\adb_vl\vision_platform\ads\runtime_collection\click_success\click_success_20260722_091421_145\post_click.png,D:\Projects\adb_vl\vision_platform\ads\runtime_collection\click_success\click_success_20260722_091421_145\crops\bbox.png,D:\Projects\adb_vl\vision_platform\ads\runtime_collection\click_success\click_success_20260722_091421_145\crops\bbox_context_1_5x.png,0.11674276118477185,0.28418852388858795,0.007072997745126486,0.014059122651815414,0.005189813363055388,0.00564842550860097,0.9965770840644836,0.1591031402349472,0.3495516777038574,0.005974020808935165,0.018339671194553375,0.004925468470901251,0.007149426732212305,0.9961525797843933,0.06225601211190224,0.1853063553571701,0.005941167939454317,0.006567515432834625,0.0054226648062467575,0.0011602897429838777,0.9984304308891296,0.12886913120746613,0.31770753860473633,0.009303804486989975,0.017270181328058243,0.005221306812018156,0.008635560050606728,0.995148241519928
20260722_091441_562,2026-07-22T09:14:41+0800,ads2_click_success_20260722_091441_562,close_template,close_11.png,0.983252763748169,arrow,arrow,0.9938244223594666,0.9938244223594666,True,136.675,"[30, 29, 74, 23]","[67, 40]",vision_platform\ads\runtime_collection\click_success\click_success_20260722_091441_562,D:\Projects\adb_vl\vision_platform\ads\runtime_collection\click_success\click_success_20260722_091441_562\pre_click.png,D:\Projects\adb_vl\vision_platform\ads\runtime_collection\click_success\click_success_20260722_091441_562\post_click.png,D:\Projects\adb_vl\vision_platform\ads\runtime_collection\click_success\click_success_20260722_091441_562\crops\bbox.png,D:\Projects\adb_vl\vision_platform\ads\runtime_collection\click_success\click_success_20260722_091441_562\crops\bbox_context_1_5x.png,0.23638086517651877,0.3115921566883723,0.0038415826857089996,0.014454234081010023,0.01793936143318812,0.008027610213806232,0.9938244223594666,0.36721712350845337,0.3213405907154083,0.003632086794823408,0.017511887475848198,0.015402611345052719,0.009393175132572651,0.9941331744194031,0.1011195033788681,0.21529574692249298,0.0034116129390895367,0.01200086995959282,0.026530537754297256,0.006948541384190321,0.9977864027023315,0.2408059686422348,0.3981401324272156,0.004481048323214054,0.013849944807589054,0.011884935200214386,0.007741114124655724,0.989553689956665
20260722_091446_252,2026-07-22T09:14:46+0800,ads2_click_success_20260722_091446_252,got_template,got2.png,0.9716296195983887,got,got,0.9998005628585815,0.9998005628585815,True,41.10715277777778,"[414, 134, 139, 47]","[483, 157]",vision_platform\ads\runtime_collection\click_success\click_success_20260722_091446_252,D:\Projects\adb_vl\vision_platform\ads\runtime_collection\click_success\click_success_20260722_091446_252\pre_click.png,D:\Projects\adb_vl\vision_platform\ads\runtime_collection\click_success\click_success_20260722_091446_252\post_click.png,D:\Projects\adb_vl\vision_platform\ads\runtime_collection\click_success\click_success_20260722_091446_252\crops\bbox.png,D:\Projects\adb_vl\vision_platform\ads\runtime_collection\click_success\click_success_20260722_091446_252\crops\bbox_context_1_5x.png,0.0028572139174987874,0.0004849158770715197,0.004180083672205607,0.11504953354597092,0.002098557073622942,0.9998005628585815,0.0030695957442124686,0.0038082748651504517,0.0002679953759070486,0.0046773385256528854,0.11627719551324844,0.0013914202572777867,0.9997696280479431,0.005895244423300028,0.0014498690143227577,0.0007328953943215311,0.0037553245201706886,0.056298136711120605,0.0033478972036391497,0.9998542070388794,0.0015728042926639318,0.0033134978730231524,0.00045385686098597944,0.004107587970793247,0.1725732684135437,0.0015563537599518895,0.9997778534889221,0.0017407385166734457
20260722_091452_918,2026-07-22T09:14:52+0800,ads2_click_success_20260722_091452_918,free_ad_template,close_26.png,0.7616873979568481,free,free,0.9985783894856771,0.9985783894856771,True,72.53569444444445,"[462, 354, 34, 19]","[479, 363]",vision_platform\ads\runtime_collection\click_success\click_success_20260722_091452_918,D:\Projects\adb_vl\vision_platform\ads\runtime_collection\click_success\click_success_20260722_091452_918\pre_click.png,D:\Projects\adb_vl\vision_platform\ads\runtime_collection\click_success\click_success_20260722_091452_918\post_click.png,D:\Projects\adb_vl\vision_platform\ads\runtime_collection\click_success\click_success_20260722_091452_918\crops\bbox.png,D:\Projects\adb_vl\vision_platform\ads\runtime_collection\click_success\click_success_20260722_091452_918\crops\bbox_context_1_5x.png,0.004778023964414994,0.05729931592941284,0.005291912549485763,0.020431690849363804,0.9985783894856771,0.0019532115353892245,0.005147505551576614,0.0047947438433766365,0.06676682084798813,0.005609916523098946,0.013509075157344341,0.9976357221603394,0.0026378424372524023,0.004376870114356279,0.00342623982578516,0.03804485499858856,0.006294896360486746,0.022625919431447983,0.9996857643127441,0.001105952775105834,0.0033697192557156086,0.006113088224083185,0.06708627194166183,0.003970924764871597,0.025160077959299088,0.9984136819839478,0.0021158393938094378,0.007695927284657955
20260722_091510_500,2026-07-22T09:15:10+0800,ads2_click_success_20260722_091510_500,close_template,close_11.png,0.9661166071891785,arrow,arrow,0.9960491259892782,0.9960491259892782,True,34.48298611111111,"[30, 29, 74, 23]","[67, 40]",vision_platform\ads\runtime_collection\click_success\click_success_20260722_091510_500,D:\Projects\adb_vl\vision_platform\ads\runtime_collection\click_success\click_success_20260722_091510_500\pre_click.png,D:\Projects\adb_vl\vision_platform\ads\runtime_collection\click_success\click_success_20260722_091510_500\post_click.png,D:\Projects\adb_vl\vision_platform\ads\runtime_collection\click_success\click_success_20260722_091510_500\crops\bbox.png,D:\Projects\adb_vl\vision_platform\ads\runtime_collection\click_success\click_success_20260722_091510_500\crops\bbox_context_1_5x.png,0.11300235738356908,0.2769531061251958,0.00655421366294225,0.012952998746186495,0.00433863140642643,0.005471584542344014,0.9960491259892782,0.1571851223707199,0.33737343549728394,0.0055281976237893105,0.016829727217555046,0.004187165759503841,0.007057530339807272,0.9957777261734009,0.057229578495025635,0.1835917979478836,0.005420736037194729,0.005980301182717085,0.004265697672963142,0.0011133085936307907,0.9979535341262817,0.1245923712849617,0.3098940849304199,0.008713707327842712,0.016048967838287354,0.0045630307868123055,0.008243914693593979,0.9944161176681519
20260722_091527_194,2026-07-22T09:15:27+0800,ads2_click_success_20260722_091527_194,close_template,close_11.png,0.9862659573554993,arrow,arrow,0.9990209341049194,0.9990209341049194,True,77.58597222222222,"[30, 29, 74, 23]","[67, 40]",vision_platform\ads\runtime_collection\click_success\click_success_20260722_091527_194,D:\Projects\adb_vl\vision_platform\ads\runtime_collection\click_success\click_success_20260722_091527_194\pre_click.png,D:\Projects\adb_vl\vision_platform\ads\runtime_collection\click_success\click_success_20260722_091527_194\post_click.png,D:\Projects\adb_vl\vision_platform\ads\runtime_collection\click_success\click_success_20260722_091527_194\crops\bbox.png,D:\Projects\adb_vl\vision_platform\ads\runtime_collection\click_success\click_success_20260722_091527_194\crops\bbox_context_1_5x.png,0.13341394811868668,0.12397141257921855,0.003346267777184645,0.010221243680765232,0.010554512652258078,0.0068849910361071425,0.9990209341049194,0.23576956987380981,0.13525456190109253,0.004439706448465586,0.014322798699140549,0.008234228007495403,0.007395110093057156,0.9987566471099854,0.03867635875940323,0.10182282328605652,0.003216213546693325,0.007673706393688917,0.017138715833425522,0.004903437104076147,0.999705970287323,0.12579591572284698,0.1348368525505066,0.0023828833363950253,0.008667225949466228,0.00629059411585331,0.008356425911188126,0.99860018491745
20260722_091531_885,2026-07-22T09:15:31+0800,ads2_click_success_20260722_091531_885,got_template,got2.png,0.9807202219963074,got,got,0.9998453656832377,0.9998453656832377,True,40.40173611111111,"[414, 134, 139, 47]","[483, 157]",vision_platform\ads\runtime_collection\click_success\click_success_20260722_091531_885,D:\Projects\adb_vl\vision_platform\ads\runtime_collection\click_success\click_success_20260722_091531_885\pre_click.png,D:\Projects\adb_vl\vision_platform\ads\runtime_collection\click_success\click_success_20260722_091531_885\post_click.png,D:\Projects\adb_vl\vision_platform\ads\runtime_collection\click_success\click_success_20260722_091531_885\crops\bbox.png,D:\Projects\adb_vl\vision_platform\ads\runtime_collection\click_success\click_success_20260722_091531_885\crops\bbox_context_1_5x.png,0.014587261714041233,0.00026734663212361437,0.004348367180985709,0.08890670165419579,0.002112098775493602,0.9998453656832377,0.0029421218981345496,0.014730572700500488,0.0003976438893005252,0.004816961474716663,0.14370138943195343,0.002809737576171756,0.9997099041938782,0.0041201007552444935,0.004693088121712208,0.00016075001622084528,0.0016793828690424562,0.020371247082948685,0.0021379059180617332,0.9999724626541138,0.0021182317286729813,0.024338124319911003,0.00024364599084947258,0.006548757199198008,0.10264746844768524,0.0013886528322473168,0.9998537302017212,0.0025880332104861736
20260722_091538_937,2026-07-22T09:15:38+0800,ads2_click_success_20260722_091538_937,free_ad_template,free_ad_3.png,0.9999861717224121,free,free,0.9965973496437073,0.9965973496437073,True,82.87416666666667,"[599, 352, 38, 24]","[618, 364]",vision_platform\ads\runtime_collection\click_success\click_success_20260722_091538_937,D:\Projects\adb_vl\vision_platform\ads\runtime_collection\click_success\click_success_20260722_091538_937\pre_click.png,D:\Projects\adb_vl\vision_platform\ads\runtime_collection\click_success\click_success_20260722_091538_937\post_click.png,D:\Projects\adb_vl\vision_platform\ads\runtime_collection\click_success\click_success_20260722_091538_937\crops\bbox.png,D:\Projects\adb_vl\vision_platform\ads\runtime_collection\click_success\click_success_20260722_091538_937\crops\bbox_context_1_5x.png,0.013564704296489557,0.027397237718105316,0.009711338207125664,0.028983260815342266,0.9965973496437073,0.0004904589635164788,0.006736733174572389,0.015378512442111969,0.026392845436930656,0.012729190289974213,0.01980103738605976,0.9948924779891968,0.0008581255096942186,0.007463299203664064,0.012272858992218971,0.017235489562153816,0.010580293834209442,0.02707623690366745,0.9988319277763367,0.00018656058819033206,0.005539415869861841,0.01304274145513773,0.038563378155231476,0.0058245304971933365,0.04007250815629959,0.9960676431655884,0.0004266907926648855,0.007207484450191259
20260722_091608_461,2026-07-22T09:16:08+0800,ads2_click_success_20260722_091608_461,close_template,ad_issue_20260606_052002_roi_15.png,0.9777639508247375,x_mark,x_mark,0.9374335805575053,0.9374335805575053,True,125.05888888888889,"[18, 24, 50, 39]","[43, 43]",vision_platform\ads\runtime_collection\click_success\click_success_20260722_091608_461,D:\Projects\adb_vl\vision_platform\ads\runtime_collection\click_success\click_success_20260722_091608_461\pre_click.png,D:\Projects\adb_vl\vision_platform\ads\runtime_collection\click_success\click_success_20260722_091608_461\post_click.png,D:\Projects\adb_vl\vision_platform\ads\runtime_collection\click_success\click_success_20260722_091608_461\crops\bbox.png,D:\Projects\adb_vl\vision_platform\ads\runtime_collection\click_success\click_success_20260722_091608_461\crops\bbox_context_1_5x.png,0.9374335805575053,0.10289041449626286,0.00013335002828777456,0.0006887155662601193,0.00429021039356788,6.797351428152372e-05,0.02576023464401563,0.9405274987220764,0.14518308639526367,8.871065074345097e-05,0.000668381922878325,0.0026115369983017445,0.00011632983660092577,0.020911836996674538,0.9713634252548218,0.07063663750886917,0.00013378333824221045,0.0007520770886912942,0.004659396130591631,2.5027089577633888e-05,0.012504840269684792,0.9004098176956177,0.09285151958465576,0.0001775560958776623,0.0006456876872107387,0.005599698051810265,6.256361666601151e-05,0.04386402666568756
20260722_091613_186,2026-07-22T09:16:13+0800,ads2_click_success_20260722_091613_186,got_template,got2.png,0.9802885055541992,got,got,0.9998701214790344,0.9998701214790344,True,37.323125,"[414, 134, 139, 47]","[483, 157]",vision_platform\ads\runtime_collection\click_success\click_success_20260722_091613_186,D:\Projects\adb_vl\vision_platform\ads\runtime_collection\click_success\click_success_20260722_091613_186\pre_click.png,D:\Projects\adb_vl\vision_platform\ads\runtime_collection\click_success\click_success_20260722_091613_186\post_click.png,D:\Projects\adb_vl\vision_platform\ads\runtime_collection\click_success\click_success_20260722_091613_186\crops\bbox.png,D:\Projects\adb_vl\vision_platform\ads\runtime_collection\click_success\click_success_20260722_091613_186\crops\bbox_context_1_5x.png,0.027043501536051433,0.000254113683088993,0.00501394869449238,0.0709417558585604,0.0015127745379383366,0.9998701214790344,0.003821031656116247,0.03303902596235275,0.0002950870548374951,0.006591257639229298,0.1236300840973854,0.0016951686702668667,0.9997825026512146,0.00619901530444622,0.009368374943733215,0.00014015031047165394,0.0011238094884902239,0.014151482842862606,0.001231043366715312,0.9999691247940063,0.001606861362233758,0.03872310370206833,0.00032710368395783007,0.007326778955757618,0.0750437006354332,0.001612111576832831,0.9998587369918823,0.003657218301668763
20260722_091619_943,2026-07-22T09:16:19+0800,ads2_click_success_20260722_091619_943,free_ad_template,free_ad_3.png,0.9744047522544861,free,free,0.9982103109359741,0.9982103109359741,True,90.14590277777778,"[738, 352, 38, 24]","[757, 364]",vision_platform\ads\runtime_collection\click_success\click_success_20260722_091619_943,D:\Projects\adb_vl\vision_platform\ads\runtime_collection\click_success\click_success_20260722_091619_943\pre_click.png,D:\Projects\adb_vl\vision_platform\ads\runtime_collection\click_success\click_success_20260722_091619_943\post_click.png,D:\Projects\adb_vl\vision_platform\ads\runtime_collection\click_success\click_success_20260722_091619_943\crops\bbox.png,D:\Projects\adb_vl\vision_platform\ads\runtime_collection\click_success\click_success_20260722_091619_943\crops\bbox_context_1_5x.png,0.005104843294247985,0.011735900460431973,0.006385180167853832,0.020840901260574658,0.9982103109359741,0.00037863760129160556,0.005255451037858923,0.006483387667685747,0.0108255073428154,0.008619670756161213,0.02056233584880829,0.9974390268325806,0.0006712666363455355,0.006109627429395914,0.0037986973766237497,0.00596614321693778,0.006228133104741573,0.012574955821037292,0.9993658661842346,0.00011460942187113687,0.002942058490589261,0.005032444838434458,0.01841605082154274,0.0043077366426587105,0.029385412111878395,0.9978260397911072,0.00035003674565814435,0.006714667193591595
20260722_091636_947,2026-07-22T09:16:37+0800,ads2_click_success_20260722_091636_947,close_template,ad_issue_20260606_052002_roi_15.png,0.9979254603385925,x_mark,x_mark,0.9606466293334961,0.9606466293334961,True,90.31013888888889,"[18, 24, 50, 39]","[43, 43]",vision_platform\ads\runtime_collection\click_success\click_success_20260722_091636_947,D:\Projects\adb_vl\vision_platform\ads\runtime_collection\click_success\click_success_20260722_091636_947\pre_click.png,D:\Projects\adb_vl\vision_platform\ads\runtime_collection\click_success\click_success_20260722_091636_947\post_click.png,D:\Projects\adb_vl\vision_platform\ads\runtime_collection\click_success\click_success_20260722_091636_947\crops\bbox.png,D:\Projects\adb_vl\vision_platform\ads\runtime_collection\click_success\click_success_20260722_091636_947\crops\bbox_context_1_5x.png,0.9606466293334961,0.14939523239930472,0.00021564042253885418,0.0002961274585686624,0.0033162838468949,4.089220844131584e-05,0.009002343596269688,0.9757705926895142,0.22762040793895721,0.00016086301184259355,0.00023589663032907993,0.0014435902703553438,6.614227459067479e-05,0.01475685928016901,0.9610962867736816,0.05665208399295807,0.00018025455938186496,0.0004469362902455032,0.005196006037294865,1.833698115660809e-05,0.002019889187067747,0.9450730085372925,0.16391320526599884,0.00030580369639210403,0.0002055494551314041,0.0033092552330344915,3.819736957666464e-05,0.010230282321572304
20260722_091641_672,2026-07-22T09:16:41+0800,ads2_click_success_20260722_091641_672,got_template,got2.png,0.9804118871688843,got,got,0.9997561971346537,0.9997561971346537,True,37.314861111111114,"[414, 134, 139, 47]","[483, 157]",vision_platform\ads\runtime_collection\click_success\click_success_20260722_091641_672,D:\Projects\adb_vl\vision_platform\ads\runtime_collection\click_success\click_success_20260722_091641_672\pre_click.png,D:\Projects\adb_vl\vision_platform\ads\runtime_collection\click_success\click_success_20260722_091641_672\post_click.png,D:\Projects\adb_vl\vision_platform\ads\runtime_collection\click_success\click_success_20260722_091641_672\crops\bbox.png,D:\Projects\adb_vl\vision_platform\ads\runtime_collection\click_success\click_success_20260722_091641_672\crops\bbox_context_1_5x.png,0.015462945215404034,0.000355863623553887,0.0047738945577293634,0.13664379715919495,0.0034796890492240586,0.9997561971346537,0.005612715690707167,0.017165811732411385,0.00048048797179944813,0.005595992784947157,0.19640906155109406,0.0035701566375792027,0.9995396137237549,0.006015002727508545,0.006599855609238148,0.0002728085091803223,0.0023109985049813986,0.06236684322357178,0.003607673104852438,0.9999490976333618,0.0038798588793724775,0.02262316830456257,0.0003142943896818906,0.006414692383259535,0.151155486702919,0.0032612374052405357,0.9997798800468445,0.0069432854652404785
20260722_091648_379,2026-07-22T09:16:48+0800,ads2_click_success_20260722_091648_379,free_ad_template,free_ad_3.png,0.9744029641151428,free,free,0.9982103109359741,0.9982103109359741,True,43.399791666666665,"[738, 352, 38, 24]","[757, 364]",vision_platform\ads\runtime_collection\click_success\click_success_20260722_091648_379,D:\Projects\adb_vl\vision_platform\ads\runtime_collection\click_success\click_success_20260722_091648_379\pre_click.png,D:\Projects\adb_vl\vision_platform\ads\runtime_collection\click_success\click_success_20260722_091648_379\post_click.png,D:\Projects\adb_vl\vision_platform\ads\runtime_collection\click_success\click_success_20260722_091648_379\crops\bbox.png,D:\Projects\adb_vl\vision_platform\ads\runtime_collection\click_success\click_success_20260722_091648_379\crops\bbox_context_1_5x.png,0.005104843294247985,0.011735900460431973,0.006385180167853832,0.020840901260574658,0.9982103109359741,0.00037863760129160556,0.005255451037858923,0.006483387667685747,0.0108255073428154,0.008619670756161213,0.02056233584880829,0.9974390268325806,0.0006712666363455355,0.006109627429395914,0.0037986973766237497,0.00596614321693778,0.006228133104741573,0.012574955821037292,0.9993658661842346,0.00011460942187113687,0.002942058490589261,0.005032444838434458,0.01841605082154274,0.0043077366426587105,0.029385412111878395,0.9978260397911072,0.00035003674565814435,0.006714667193591595
20260722_091717_655,2026-07-22T09:17:17+0800,ads2_click_success_20260722_091717_655,close_template,ad_issue_20260606_052002_roi_15.png,0.9777622222900391,x_mark,x_mark,0.937424103418986,0.937424103418986,True,126.01256944444444,"[18, 24, 50, 39]","[43, 43]",vision_platform\ads\runtime_collection\click_success\click_success_20260722_091717_655,D:\Projects\adb_vl\vision_platform\ads\runtime_collection\click_success\click_success_20260722_091717_655\pre_click.png,D:\Projects\adb_vl\vision_platform\ads\runtime_collection\click_success\click_success_20260722_091717_655\post_click.png,D:\Projects\adb_vl\vision_platform\ads\runtime_collection\click_success\click_success_20260722_091717_655\crops\bbox.png,D:\Projects\adb_vl\vision_platform\ads\runtime_collection\click_success\click_success_20260722_091717_655\crops\bbox_context_1_5x.png,0.937424103418986,0.10777399192253749,0.00012223602728530145,0.0006252349509547154,0.004099809409429629,5.559642522712238e-05,0.024784912665685017,0.9414418339729309,0.14665937423706055,7.330858352361247e-05,0.0005828783614560962,0.002407378051429987,9.665945981396362e-05,0.019722362980246544,0.9721830487251282,0.08287816494703293,0.0001360144087811932,0.0007443487993441522,0.0048973169177770615,2.153925015591085e-05,0.013233134523034096,0.8986474275588989,0.09378443658351898,0.00015738508955109864,0.0005484776920638978,0.0049947332590818405,4.859056571149267e-05,0.041399240493774414
20260722_091722_332,2026-07-22T09:17:22+0800,ads2_click_success_20260722_091722_332,got_template,got2.png,0.9793760776519775,got,got,0.9997589190800985,0.9997589190800985,True,34.16361111111111,"[414, 134, 139, 47]","[483, 157]",vision_platform\ads\runtime_collection\click_success\click_success_20260722_091722_332,D:\Projects\adb_vl\vision_platform\ads\runtime_collection\click_success\click_success_20260722_091722_332\pre_click.png,D:\Projects\adb_vl\vision_platform\ads\runtime_collection\click_success\click_success_20260722_091722_332\post_click.png,D:\Projects\adb_vl\vision_platform\ads\runtime_collection\click_success\click_success_20260722_091722_332\crops\bbox.png,D:\Projects\adb_vl\vision_platform\ads\runtime_collection\click_success\click_success_20260722_091722_332\crops\bbox_context_1_5x.png,0.01925019423166911,0.00039535069178479415,0.008447647482777635,0.11994089434544246,0.002614119555801153,0.9997589190800985,0.0027593342820182443,0.02424456551671028,0.000572737364564091,0.011647975072264671,0.2035726010799408,0.003363361582159996,0.9996106028556824,0.0036369836889207363,0.005271308124065399,0.00021911674411967397,0.0032273142132908106,0.04095999896526337,0.0016209278255701065,0.9999561309814453,0.0013140329392626882,0.028234709054231644,0.00039419796667061746,0.010467653162777424,0.1152900829911232,0.002858069259673357,0.9997100234031677,0.0033269862178713083
20260722_092007_912,2026-07-22T09:20:07+0800,ads2_click_success_20260722_092007_912,free_ad_template,close_26.png,1.0,free,free,0.9977811376253763,0.9977811376253763,True,83.90777777777778,"[376, 285, 34, 19]","[385, 290]",vision_platform\ads\runtime_collection\click_success\click_success_20260722_092007_912,D:\Projects\adb_vl\vision_platform\ads\runtime_collection\click_success\click_success_20260722_092007_912\pre_click.png,D:\Projects\adb_vl\vision_platform\ads\runtime_collection\click_success\click_success_20260722_092007_912\post_click.png,D:\Projects\adb_vl\vision_platform\ads\runtime_collection\click_success\click_success_20260722_092007_912\crops\bbox.png,D:\Projects\adb_vl\vision_platform\ads\runtime_collection\click_success\click_success_20260722_092007_912\crops\bbox_context_1_5x.png,0.013350900107373794,0.08994183937708537,0.004288402230789264,0.0032448084093630314,0.9977811376253763,0.003134983863371114,0.002015382614141951,0.024562593549489975,0.1336001306772232,0.004026101436465979,0.0032896988559514284,0.9955334663391113,0.0037341692950576544,0.003522504586726427,0.005282463971525431,0.06197193264961243,0.002754129935055971,0.002266978146508336,0.9997296929359436,0.0016256665112450719,0.0007424187497235835,0.010207642801105976,0.07425345480442047,0.006084975320845842,0.00417774822562933,0.9980802536010742,0.0040451157838106155,0.0017812245059758425
20260722_092026_463,2026-07-22T09:20:26+0800,ads2_click_success_20260722_092026_463,got_template,got2.png,0.9616606831550598,got,got,0.9963183999061584,0.9963183999061584,True,83.7311111111111,"[414, 134, 139, 47]","[483, 157]",vision_platform\ads\runtime_collection\click_success\click_success_20260722_092026_463,D:\Projects\adb_vl\vision_platform\ads\runtime_collection\click_success\click_success_20260722_092026_463\pre_click.png,D:\Projects\adb_vl\vision_platform\ads\runtime_collection\click_success\click_success_20260722_092026_463\post_click.png,D:\Projects\adb_vl\vision_platform\ads\runtime_collection\click_success\click_success_20260722_092026_463\crops\bbox.png,D:\Projects\adb_vl\vision_platform\ads\runtime_collection\click_success\click_success_20260722_092026_463\crops\bbox_context_1_5x.png,0.03490655838201443,0.10840664307276408,0.08244801809390385,0.17253858347733816,0.06747915595769882,0.9963183999061584,0.09953142454226811,0.04889540746808052,0.09959305822849274,0.09190438687801361,0.182548388838768,0.06037037819623947,0.9945236444473267,0.15562765300273895,0.013614143244922161,0.0983094722032547,0.05097225308418274,0.13297495245933533,0.09120441228151321,0.9987987279891968,0.07624675333499908,0.04221012443304062,0.1273173987865448,0.10446741431951523,0.20209240913391113,0.05086267739534378,0.9956328272819519,0.06671986728906631
20260722_092032_166,2026-07-22T09:20:32+0800,ads2_click_success_20260722_092032_166,free_ad_template,close_26.png,0.9770008325576782,free,free,0.9990888039271036,0.9990888039271036,True,81.67395833333333,"[391, 285, 34, 19]","[408, 294]",vision_platform\ads\runtime_collection\click_success\click_success_20260722_092032_166,D:\Projects\adb_vl\vision_platform\ads\runtime_collection\click_success\click_success_20260722_092032_166\pre_click.png,D:\Projects\adb_vl\vision_platform\ads\runtime_collection\click_success\click_success_20260722_092032_166\post_click.png,D:\Projects\adb_vl\vision_platform\ads\runtime_collection\click_success\click_success_20260722_092032_166\crops\bbox.png,D:\Projects\adb_vl\vision_platform\ads\runtime_collection\click_success\click_success_20260722_092032_166\crops\bbox_context_1_5x.png,0.0072717243650307255,0.013061858092745146,0.0050635576869050665,0.010235757566988468,0.9990888039271036,0.0023598400875926018,0.0016584366482372086,0.011611691676080227,0.01612730883061886,0.004070584196597338,0.012243327684700489,0.9984939098358154,0.003159492276608944,0.0029664752073585987,0.0027227376122027636,0.012093239463865757,0.00439651682972908,0.007747644558548927,0.9998748302459717,0.001217821380123496,0.0007811203831806779,0.007480743806809187,0.01096502598375082,0.006723572034388781,0.010716300457715988,0.9988976716995239,0.0027022066060453653,0.001227714354172349
20260722_092049_842,2026-07-22T09:20:49+0800,ads2_click_success_20260722_092049_842,close_template,close_11.png,0.9863723516464233,arrow,arrow,0.9986034830411276,0.9986034830411276,True,50.437916666666666,"[30, 29, 74, 23]","[67, 40]",vision_platform\ads\runtime_collection\click_success\click_success_20260722_092049_842,D:\Projects\adb_vl\vision_platform\ads\runtime_collection\click_success\click_success_20260722_092049_842\pre_click.png,D:\Projects\adb_vl\vision_platform\ads\runtime_collection\click_success\click_success_20260722_092049_842\post_click.png,D:\Projects\adb_vl\vision_platform\ads\runtime_collection\click_success\click_success_20260722_092049_842\crops\bbox.png,D:\Projects\adb_vl\vision_platform\ads\runtime_collection\click_success\click_success_20260722_092049_842\crops\bbox_context_1_5x.png,0.15450959280133247,0.10484621425469716,0.0024718414060771465,0.007829084526747465,0.006716511522730191,0.0049264985136687756,0.9986034830411276,0.2904709577560425,0.12251155078411102,0.00325867161154747,0.011909235268831253,0.005139837972819805,0.005527602508664131,0.9984586238861084,0.035763587802648544,0.07469132542610168,0.002196237212046981,0.004737477283924818,0.010946559719741344,0.0036274129524827003,0.999583899974823,0.1372942328453064,0.11733576655387878,0.0019606153946369886,0.006840541027486324,0.004063136875629425,0.005624480079859495,0.9977679252624512
20260722_092106_959,2026-07-22T09:21:07+0800,ads2_click_success_20260722_092106_959,close_template,close_11.png,0.9663350582122803,arrow,arrow,0.9979327718416849,0.9979327718416849,True,70.89423611111111,"[30, 29, 74, 23]","[67, 40]",vision_platform\ads\runtime_collection\click_success\click_success_20260722_092106_959,D:\Projects\adb_vl\vision_platform\ads\runtime_collection\click_success\click_success_20260722_092106_959\pre_click.png,D:\Projects\adb_vl\vision_platform\ads\runtime_collection\click_success\click_success_20260722_092106_959\post_click.png,D:\Projects\adb_vl\vision_platform\ads\runtime_collection\click_success\click_success_20260722_092106_959\crops\bbox.png,D:\Projects\adb_vl\vision_platform\ads\runtime_collection\click_success\click_success_20260722_092106_959\crops\bbox_context_1_5x.png,0.11946572611729304,0.2764393339554469,0.007152245535204808,0.012233376658211151,0.003876342670992017,0.004284219001419842,0.9979327718416849,0.15741173923015594,0.351498007774353,0.006479027681052685,0.016259940341114998,0.0039611696265637875,0.005367657635360956,0.9971908926963806,0.06512818485498428,0.17150519788265228,0.00566041050478816,0.004779121372848749,0.0037388235796242952,0.0010278847767040133,0.9990948438644409,0.1358572542667389,0.3063147962093353,0.009317298419773579,0.015661068260669708,0.003929034806787968,0.006457114592194557,0.9975125789642334
20260722_092112_025,2026-07-22T09:21:12+0800,ads2_click_success_20260722_092112_025,got_template,got2.png,0.9551838040351868,got,got,0.998257557551066,0.998257557551066,True,83.86243055555556,"[414, 134, 139, 47]","[483, 157]",vision_platform\ads\runtime_collection\click_success\click_success_20260722_092112_025,D:\Projects\adb_vl\vision_platform\ads\runtime_collection\click_success\click_success_20260722_092112_025\pre_click.png,D:\Projects\adb_vl\vision_platform\ads\runtime_collection\click_success\click_success_20260722_092112_025\post_click.png,D:\Projects\adb_vl\vision_platform\ads\runtime_collection\click_success\click_success_20260722_092112_025\crops\bbox.png,D:\Projects\adb_vl\vision_platform\ads\runtime_collection\click_success\click_success_20260722_092112_025\crops\bbox_context_1_5x.png,0.0230020210146904,0.019784795741240185,0.02694555123647054,0.25597238043944043,0.045492579539616905,0.998257557551066,0.1036025658249855,0.03286590799689293,0.013259418308734894,0.029897110536694527,0.26156410574913025,0.04302845522761345,0.9969623684883118,0.1524326056241989,0.011931594461202621,0.018256213515996933,0.01715480349957943,0.1741170436143875,0.05767057090997696,0.9996598958969116,0.06907710433006287,0.024208560585975647,0.027838755398988724,0.033784739673137665,0.33223599195480347,0.0357787124812603,0.9981504082679749,0.08929798752069473
20260722_092117_703,2026-07-22T09:21:17+0800,ads2_click_success_20260722_092117_703,free_ad_template,close_26.png,0.9770014882087708,free,free,0.9990888039271036,0.9990888039271036,True,65.08506944444444,"[391, 285, 34, 19]","[408, 294]",vision_platform\ads\runtime_collection\click_success\click_success_20260722_092117_703,D:\Projects\adb_vl\vision_platform\ads\runtime_collection\click_success\click_success_20260722_092117_703\pre_click.png,D:\Projects\adb_vl\vision_platform\ads\runtime_collection\click_success\click_success_20260722_092117_703\post_click.png,D:\Projects\adb_vl\vision_platform\ads\runtime_collection\click_success\click_success_20260722_092117_703\crops\bbox.png,D:\Projects\adb_vl\vision_platform\ads\runtime_collection\click_success\click_success_20260722_092117_703\crops\bbox_context_1_5x.png,0.0072717243650307255,0.013061858092745146,0.0050635576869050665,0.010235757566988468,0.9990888039271036,0.0023598400875926018,0.0016584366482372086,0.011611691676080227,0.01612730883061886,0.004070584196597338,0.012243327684700489,0.9984939098358154,0.003159492276608944,0.0029664752073585987,0.0027227376122027636,0.012093239463865757,0.00439651682972908,0.007747644558548927,0.9998748302459717,0.001217821380123496,0.0007811203831806779,0.007480743806809187,0.01096502598375082,0.006723572034388781,0.010716300457715988,0.9988976716995239,0.0027022066060453653,0.001227714354172349
20260722_092134_706,2026-07-22T09:21:34+0800,ads2_click_success_20260722_092134_706,close_template,ad_issue_20260606_052002_roi_15.png,0.9979231357574463,x_mark,x_mark,0.9623666008313497,0.9623666008313497,True,96.9420138888889,"[18, 24, 50, 39]","[43, 43]",vision_platform\ads\runtime_collection\click_success\click_success_20260722_092134_706,D:\Projects\adb_vl\vision_platform\ads\runtime_collection\click_success\click_success_20260722_092134_706\pre_click.png,D:\Projects\adb_vl\vision_platform\ads\runtime_collection\click_success\click_success_20260722_092134_706\post_click.png,D:\Projects\adb_vl\vision_platform\ads\runtime_collection\click_success\click_success_20260722_092134_706\crops\bbox.png,D:\Projects\adb_vl\vision_platform\ads\runtime_collection\click_success\click_success_20260722_092134_706\crops\bbox_context_1_5x.png,0.9623666008313497,0.13031616806983948,0.00018288112187292427,0.00022096622948690006,0.002696096315048635,3.1727845756298244e-05,0.006452564926197131,0.9758124947547913,0.2094174027442932,0.0001377243606839329,0.00018542913312558085,0.00120821304153651,5.1787352276733145e-05,0.010372409597039223,0.9630557894706726,0.04427926242351532,0.0001365305361105129,0.00031666053109802306,0.0040812245570123196,1.3073051377432421e-05,0.001347987912595272,0.9482315182685852,0.1372518390417099,0.000274388468824327,0.0001608090242370963,0.0027988513465970755,3.032313361472916e-05,0.0076372972689569
20260722_092139_707,2026-07-22T09:21:39+0800,ads2_click_success_20260722_092139_707,got_template,got2.png,0.9512098431587219,got,got,0.9968435764312744,0.9968435764312744,True,83.9473611111111,"[414, 134, 139, 47]","[483, 157]",vision_platform\ads\runtime_collection\click_success\click_success_20260722_092139_707,D:\Projects\adb_vl\vision_platform\ads\runtime_collection\click_success\click_success_20260722_092139_707\pre_click.png,D:\Projects\adb_vl\vision_platform\ads\runtime_collection\click_success\click_success_20260722_092139_707\post_click.png,D:\Projects\adb_vl\vision_platform\ads\runtime_collection\click_success\click_success_20260722_092139_707\crops\bbox.png,D:\Projects\adb_vl\vision_platform\ads\runtime_collection\click_success\click_success_20260722_092139_707\crops\bbox_context_1_5x.png,0.028827193814019363,0.0425522488852342,0.03691145901878675,0.3039131859938304,0.10704714556535085,0.9968435764312744,0.13593929012616476,0.04244524613022804,0.02901729941368103,0.04485869035124779,0.26983359456062317,0.0978570431470871,0.995267927646637,0.1496933400630951,0.012607141397893429,0.05606115981936455,0.03400951996445656,0.31889042258262634,0.12886957824230194,0.9990788698196411,0.15473081171512604,0.031429193913936615,0.04257828742265701,0.0318661667406559,0.3230155408382416,0.09441481530666351,0.9961839318275452,0.10339371860027313
20260722_092203_324,2026-07-22T09:22:03+0800,ads2_click_success_20260722_092203_324,close_template,close_11.png,0.9863569140434265,arrow,arrow,0.9982836047808329,0.9982836047808329,True,36.56576388888889,"[30, 29, 74, 23]","[67, 40]",vision_platform\ads\runtime_collection\click_success\click_success_20260722_092203_324,D:\Projects\adb_vl\vision_platform\ads\runtime_collection\click_success\click_success_20260722_092203_324\pre_click.png,D:\Projects\adb_vl\vision_platform\ads\runtime_collection\click_success\click_success_20260722_092203_324\post_click.png,D:\Projects\adb_vl\vision_platform\ads\runtime_collection\click_success\click_success_20260722_092203_324\crops\bbox.png,D:\Projects\adb_vl\vision_platform\ads\runtime_collection\click_success\click_success_20260722_092203_324\crops\bbox_context_1_5x.png,0.15446199352542558,0.11854385584592819,0.0025341883301734924,0.007328768726438284,0.006377563423787554,0.005249265115708113,0.9982836047808329,0.3007190227508545,0.13655732572078705,0.003132421290501952,0.010783981531858444,0.004642896819859743,0.0060067325830459595,0.9981662631034851,0.031667377799749374,0.09053189307451248,0.0024370041210204363,0.005007593892514706,0.010811557061970234,0.00378664443269372,0.9995620846748352,0.1309995800256729,0.12854234874248505,0.002033139578998089,0.006194730754941702,0.0036782363895326853,0.005954418331384659,0.9971224665641785
20260722_092220_010,2026-07-22T09:22:20+0800,ads2_click_success_20260722_092220_010,close_template,close_11.png,0.9663130044937134,arrow,arrow,0.9979356129964193,0.9979356129964193,True,74.84388888888888,"[30, 29, 74, 23]","[67, 40]",vision_platform\ads\runtime_collection\click_success\click_success_20260722_092220_010,D:\Projects\adb_vl\vision_platform\ads\runtime_collection\click_success\click_success_20260722_092220_010\pre_click.png,D:\Projects\adb_vl\vision_platform\ads\runtime_collection\click_success\click_success_20260722_092220_010\post_click.png,D:\Projects\adb_vl\vision_platform\ads\runtime_collection\click_success\click_success_20260722_092220_010\crops\bbox.png,D:\Projects\adb_vl\vision_platform\ads\runtime_collection\click_success\click_success_20260722_092220_010\crops\bbox_context_1_5x.png,0.12548920760552087,0.2849397311607997,0.006480844070514043,0.012005711905658245,0.004463695300122102,0.0038658148841932416,0.9979356129964193,0.16810187697410583,0.34759554266929626,0.006023678928613663,0.015418385155498981,0.004390163812786341,0.004787892568856478,0.9971856474876404,0.06959930807352066,0.19053079187870026,0.005338250659406185,0.00482567586004734,0.004625782370567322,0.0009365821024402976,0.9991476535797119,0.13876643776893616,0.31669285893440247,0.008080602623522282,0.015773074701428413,0.004375139717012644,0.0058729699812829494,0.9974735379219055
20260722_092225_006,2026-07-22T09:22:25+0800,ads2_click_success_20260722_092225_006,got_template,got2.png,0.9538758397102356,got,got,0.9987072149912516,0.9987072149912516,True,83.99618055555555,"[414, 134, 139, 47]","[483, 157]",vision_platform\ads\runtime_collection\click_success\click_success_20260722_092225_006,D:\Projects\adb_vl\vision_platform\ads\runtime_collection\click_success\click_success_20260722_092225_006\pre_click.png,D:\Projects\adb_vl\vision_platform\ads\runtime_collection\click_success\click_success_20260722_092225_006\post_click.png,D:\Projects\adb_vl\vision_platform\ads\runtime_collection\click_success\click_success_20260722_092225_006\crops\bbox.png,D:\Projects\adb_vl\vision_platform\ads\runtime_collection\click_success\click_success_20260722_092225_006\crops\bbox_context_1_5x.png,0.01334287691861391,0.011839206330478191,0.027254164218902588,0.1892201453447342,0.03285897150635719,0.9987072149912516,0.05671948567032814,0.017542341724038124,0.007100316695868969,0.027358008548617363,0.18516449630260468,0.03078414313495159,0.9977994561195374,0.08664005994796753,0.00736396387219429,0.01044945977628231,0.019804930314421654,0.14211556315422058,0.042191267013549805,0.9996102452278137,0.042596008628606796,0.015122325159609318,0.017967842519283295,0.03459955379366875,0.24038037657737732,0.025601504370570183,0.9987119436264038,0.040922388434410095
20260722_094309_637,2026-07-22T09:43:09+0800,ads2_click_success_20260722_094309_637,free_ad_template,close_26.png,0.7624269127845764,free,free,0.999026377995809,0.999026377995809,True,78.69527777777778,"[878, 354, 34, 19]","[895, 363]",vision_platform\ads\runtime_collection\click_success\click_success_20260722_094309_637,D:\Projects\adb_vl\vision_platform\ads\runtime_collection\click_success\click_success_20260722_094309_637\pre_click.png,D:\Projects\adb_vl\vision_platform\ads\runtime_collection\click_success\click_success_20260722_094309_637\post_click.png,D:\Projects\adb_vl\vision_platform\ads\runtime_collection\click_success\click_success_20260722_094309_637\crops\bbox.png,D:\Projects\adb_vl\vision_platform\ads\runtime_collection\click_success\click_success_20260722_094309_637\crops\bbox_context_1_5x.png,0.005538138871391614,0.027689894971748192,0.0053911761691172915,0.018399213440716267,0.999026377995809,0.0014181142517675955,0.006443962610016267,0.0053780339658260345,0.035765472799539566,0.005707444157451391,0.014277382753789425,0.9984266757965088,0.0017472368199378252,0.006015230901539326,0.004935933277010918,0.01449498813599348,0.007006824016571045,0.0194233525544405,0.999853253364563,0.001271487446501851,0.005321215372532606,0.006300449371337891,0.03280922397971153,0.003459260333329439,0.021496905013918877,0.998799204826355,0.0012356184888631105,0.007995441555976868
20260722_094326_866,2026-07-22T09:43:26+0800,ads2_click_success_20260722_094326_866,close_template,ad_issue_20260606_052002_roi_15.png,0.9979042410850525,x_mark,x_mark,0.9695526560147604,0.9695526560147604,True,116.04604166666667,"[18, 24, 50, 39]","[43, 43]",vision_platform\ads\runtime_collection\click_success\click_success_20260722_094326_866,D:\Projects\adb_vl\vision_platform\ads\runtime_collection\click_success\click_success_20260722_094326_866\pre_click.png,D:\Projects\adb_vl\vision_platform\ads\runtime_collection\click_success\click_success_20260722_094326_866\post_click.png,D:\Projects\adb_vl\vision_platform\ads\runtime_collection\click_success\click_success_20260722_094326_866\crops\bbox.png,D:\Projects\adb_vl\vision_platform\ads\runtime_collection\click_success\click_success_20260722_094326_866\crops\bbox_context_1_5x.png,0.9695526560147604,0.06967797254522641,8.91904637683183e-05,0.00010446295830964421,0.0017834448177988331,1.5364345775500016e-05,0.004817662508382152,0.9801740646362305,0.1133459284901619,7.418976747430861e-05,0.00010714359086705372,0.0007943859091028571,2.600534753582906e-05,0.008452449925243855,0.9704227447509766,0.018640760332345963,5.7328681577928364e-05,0.00011043485574191436,0.002504152711480856,5.221688752499176e-06,0.0007318795542232692,0.958061158657074,0.07704722881317139,0.0001360529422527179,9.581042831996456e-05,0.002051795832812786,1.4866001038171817e-05,0.005268658045679331
20260722_094331_835,2026-07-22T09:43:31+0800,ads2_click_success_20260722_094331_835,got_template,got2.png,0.9815331101417542,got,got,0.9998960097630819,0.9998960097630819,True,44.64972222222222,"[414, 134, 139, 47]","[483, 157]",vision_platform\ads\runtime_collection\click_success\click_success_20260722_094331_835,D:\Projects\adb_vl\vision_platform\ads\runtime_collection\click_success\click_success_20260722_094331_835\pre_click.png,D:\Projects\adb_vl\vision_platform\ads\runtime_collection\click_success\click_success_20260722_094331_835\post_click.png,D:\Projects\adb_vl\vision_platform\ads\runtime_collection\click_success\click_success_20260722_094331_835\crops\bbox.png,D:\Projects\adb_vl\vision_platform\ads\runtime_collection\click_success\click_success_20260722_094331_835\crops\bbox_context_1_5x.png,0.004904609483977159,0.0004926721934073915,0.006890398915857077,0.12748419617613158,0.001608251128345728,0.9998960097630819,0.0016917763665939372,0.006753805559128523,0.0002660995814949274,0.011091443710029125,0.16915541887283325,0.001242535188794136,0.9998307228088379,0.0028080600313842297,0.0012526982463896275,0.0009001095895655453,0.0030608680099248886,0.04604629799723625,0.0017908026929944754,0.999976396560669,0.0010457125026732683,0.006707324646413326,0.0003118074091617018,0.006518885027617216,0.1672508716583252,0.0017914155032485723,0.9998809099197388,0.0012215565657243133
20260722_094339_126,2026-07-22T09:43:39+0800,ads2_click_success_20260722_094339_126,free_ad_template,close_26.png,0.7624273300170898,free,free,0.999026377995809,0.999026377995809,True,78.69847222222222,"[878, 354, 34, 19]","[895, 363]",vision_platform\ads\runtime_collection\click_success\click_success_20260722_094339_126,D:\Projects\adb_vl\vision_platform\ads\runtime_collection\click_success\click_success_20260722_094339_126\pre_click.png,D:\Projects\adb_vl\vision_platform\ads\runtime_collection\click_success\click_success_20260722_094339_126\post_click.png,D:\Projects\adb_vl\vision_platform\ads\runtime_collection\click_success\click_success_20260722_094339_126\crops\bbox.png,D:\Projects\adb_vl\vision_platform\ads\runtime_collection\click_success\click_success_20260722_094339_126\crops\bbox_context_1_5x.png,0.005538138871391614,0.027689894971748192,0.0053911761691172915,0.018399213440716267,0.999026377995809,0.0014181142517675955,0.006443962610016267,0.0053780339658260345,0.035765472799539566,0.005707444157451391,0.014277382753789425,0.9984266757965088,0.0017472368199378252,0.006015230901539326,0.004935933277010918,0.01449498813599348,0.007006824016571045,0.0194233525544405,0.999853253364563,0.001271487446501851,0.005321215372532606,0.006300449371337891,0.03280922397971153,0.003459260333329439,0.021496905013918877,0.998799204826355,0.0012356184888631105,0.007995441555976868
20260722_094356_243,2026-07-22T09:43:56+0800,ads2_click_success_20260722_094356_243,close_template,ad_issue_20260606_052002_roi_15.png,0.9979041218757629,x_mark,x_mark,0.9707686305046082,0.9707686305046082,True,116.43347222222222,"[18, 24, 50, 39]","[43, 43]",vision_platform\ads\runtime_collection\click_success\click_success_20260722_094356_243,D:\Projects\adb_vl\vision_platform\ads\runtime_collection\click_success\click_success_20260722_094356_243\pre_click.png,D:\Projects\adb_vl\vision_platform\ads\runtime_collection\click_success\click_success_20260722_094356_243\post_click.png,D:\Projects\adb_vl\vision_platform\ads\runtime_collection\click_success\click_success_20260722_094356_243\crops\bbox.png,D:\Projects\adb_vl\vision_platform\ads\runtime_collection\click_success\click_success_20260722_094356_243\crops\bbox_context_1_5x.png,0.9707686305046082,0.12001956130067508,0.00022311137581709772,0.00022105932293925434,0.004325804300606251,2.3731259716441855e-05,0.007085400051437318,0.9813018441200256,0.19930621981620789,0.00018125158385373652,0.0001905896933749318,0.0017617507837712765,3.693327016662806e-05,0.011965234763920307,0.9698898196220398,0.0373033843934536,0.00015396867820527405,0.00032310577807947993,0.0067429933696985245,9.675239198259078e-06,0.0013888526009395719,0.961114227771759,0.12344907969236374,0.0003341138653922826,0.00014948249736335129,0.004472668748348951,2.4585269784438424e-05,0.007902112789452076
20260722_094400_977,2026-07-22T09:44:01+0800,ads2_click_success_20260722_094400_977,got_template,got2.png,0.9786216616630554,got,got,0.9999176661173502,0.9999176661173502,True,42.117152777777775,"[414, 134, 139, 47]","[483, 157]",vision_platform\ads\runtime_collection\click_success\click_success_20260722_094400_977,D:\Projects\adb_vl\vision_platform\ads\runtime_collection\click_success\click_success_20260722_094400_977\pre_click.png,D:\Projects\adb_vl\vision_platform\ads\runtime_collection\click_success\click_success_20260722_094400_977\post_click.png,D:\Projects\adb_vl\vision_platform\ads\runtime_collection\click_success\click_success_20260722_094400_977\crops\bbox.png,D:\Projects\adb_vl\vision_platform\ads\runtime_collection\click_success\click_success_20260722_094400_977\crops\bbox_context_1_5x.png,0.003178722031104068,0.00029073969926685095,0.005690611666068435,0.09196666876475017,0.0029417274054139853,0.9999176661173502,0.0017831966979429126,0.0041787996888160706,0.00017984648002311587,0.006251782178878784,0.14027723670005798,0.0016343964962288737,0.9999033212661743,0.0033514187671244144,0.0017879988299682736,0.0004423558712005615,0.0028398644644767046,0.03151709586381912,0.0055580441839993,0.9999397993087769,0.0007579802768304944,0.0035693675745278597,0.00025001674657687545,0.007980188354849815,0.10410567373037338,0.001632741536013782,0.9999098777770996,0.0012401910498738289
20260722_094407_606,2026-07-22T09:44:07+0800,ads2_click_success_20260722_094407_606,free_ad_template,close_26.png,0.7616862058639526,free,free,0.9985783894856771,0.9985783894856771,True,69.79430555555555,"[462, 354, 34, 19]","[479, 363]",vision_platform\ads\runtime_collection\click_success\click_success_20260722_094407_606,D:\Projects\adb_vl\vision_platform\ads\runtime_collection\click_success\click_success_20260722_094407_606\pre_click.png,D:\Projects\adb_vl\vision_platform\ads\runtime_collection\click_success\click_success_20260722_094407_606\post_click.png,D:\Projects\adb_vl\vision_platform\ads\runtime_collection\click_success\click_success_20260722_094407_606\crops\bbox.png,D:\Projects\adb_vl\vision_platform\ads\runtime_collection\click_success\click_success_20260722_094407_606\crops\bbox_context_1_5x.png,0.004778023964414994,0.05729931592941284,0.005291912549485763,0.020431690849363804,0.9985783894856771,0.0019532115353892245,0.005147505551576614,0.0047947438433766365,0.06676682084798813,0.005609916523098946,0.013509075157344341,0.9976357221603394,0.0026378424372524023,0.004376870114356279,0.00342623982578516,0.03804485499858856,0.006294896360486746,0.022625919431447983,0.9996857643127441,0.001105952775105834,0.0033697192557156086,0.006113088224083185,0.06708627194166183,0.003970924764871597,0.025160077959299088,0.9984136819839478,0.0021158393938094378,0.007695927284657955
20260722_094437_287,2026-07-22T09:44:37+0800,ads2_click_success_20260722_094437_287,close_template,ad_issue_20260606_052002_roi_15.png,0.9777346253395081,x_mark,x_mark,0.9362225929896036,0.9362225929896036,True,123.13951388888889,"[18, 24, 50, 39]","[43, 43]",vision_platform\ads\runtime_collection\click_success\click_success_20260722_094437_287,D:\Projects\adb_vl\vision_platform\ads\runtime_collection\click_success\click_success_20260722_094437_287\pre_click.png,D:\Projects\adb_vl\vision_platform\ads\runtime_collection\click_success\click_success_20260722_094437_287\post_click.png,D:\Projects\adb_vl\vision_platform\ads\runtime_collection\click_success\click_success_20260722_094437_287\crops\bbox.png,D:\Projects\adb_vl\vision_platform\ads\runtime_collection\click_success\click_success_20260722_094437_287\crops\bbox_context_1_5x.png,0.9362225929896036,0.1088168794910113,0.0001498375495430082,0.0007391022518277168,0.004625507242356737,6.715157299671166e-05,0.03030972524235646,0.9390234351158142,0.1484273225069046,9.61503537837416e-05,0.0007327934727072716,0.0028422961477190256,0.00011406210978748277,0.024598749354481697,0.9696337580680847,0.07442092150449753,0.00014750628906767815,0.0007974192267283797,0.004958759527653456,2.4458173356833868e-05,0.01498130802065134,0.9000105857849121,0.10360239446163177,0.00020585600577760488,0.0006870940560474992,0.006075466051697731,6.293443584581837e-05,0.05134911835193634
20260722_094442_141,2026-07-22T09:44:42+0800,ads2_click_success_20260722_094442_141,got_template,got2.png,0.9800686836242676,got,got,0.9999622106552124,0.9999622106552124,True,41.284444444444446,"[414, 134, 139, 47]","[483, 157]",vision_platform\ads\runtime_collection\click_success\click_success_20260722_094442_141,D:\Projects\adb_vl\vision_platform\ads\runtime_collection\click_success\click_success_20260722_094442_141\pre_click.png,D:\Projects\adb_vl\vision_platform\ads\runtime_collection\click_success\click_success_20260722_094442_141\post_click.png,D:\Projects\adb_vl\vision_platform\ads\runtime_collection\click_success\click_success_20260722_094442_141\crops\bbox.png,D:\Projects\adb_vl\vision_platform\ads\runtime_collection\click_success\click_success_20260722_094442_141\crops\bbox_context_1_5x.png,0.006761096379098793,0.00019337229120234647,0.003391242198025187,0.02883614149565498,0.0005855705045784513,0.9999622106552124,0.0012148171469258766,0.007749282289296389,0.00021087257482577115,0.004593662917613983,0.05606158450245857,0.0009462179150432348,0.9999300241470337,0.0023647667840123177,0.0017709772801026702,0.0002176986017730087,0.0011748529504984617,0.005717912223190069,0.0003835061506833881,0.9999920129776001,0.000507773773279041,0.01076302956789732,0.0001515456970082596,0.004405210725963116,0.0247289277613163,0.000426987448008731,0.9999645948410034,0.0007719108834862709
20260722_094449_171,2026-07-22T09:44:49+0800,ads2_click_success_20260722_094449_171,free_ad_template,free_ad_3.png,0.9999861717224121,free,free,0.9965973496437073,0.9965973496437073,True,78.40055555555556,"[599, 352, 38, 24]","[618, 364]",vision_platform\ads\runtime_collection\click_success\click_success_20260722_094449_171,D:\Projects\adb_vl\vision_platform\ads\runtime_collection\click_success\click_success_20260722_094449_171\pre_click.png,D:\Projects\adb_vl\vision_platform\ads\runtime_collection\click_success\click_success_20260722_094449_171\post_click.png,D:\Projects\adb_vl\vision_platform\ads\runtime_collection\click_success\click_success_20260722_094449_171\crops\bbox.png,D:\Projects\adb_vl\vision_platform\ads\runtime_collection\click_success\click_success_20260722_094449_171\crops\bbox_context_1_5x.png,0.013564704296489557,0.027397237718105316,0.009711338207125664,0.028983260815342266,0.9965973496437073,0.0004904589635164788,0.006736733174572389,0.015378512442111969,0.026392845436930656,0.012729190289974213,0.01980103738605976,0.9948924779891968,0.0008581255096942186,0.007463299203664064,0.012272858992218971,0.017235489562153816,0.010580293834209442,0.02707623690366745,0.9988319277763367,0.00018656058819033206,0.005539415869861841,0.01304274145513773,0.038563378155231476,0.0058245304971933365,0.04007250815629959,0.9960676431655884,0.0004266907926648855,0.007207484450191259
20260722_094506_900,2026-07-22T09:45:06+0800,ads2_click_success_20260722_094506_900,close_template,close_11.png,0.9862613081932068,arrow,arrow,0.9988082647323608,0.9988082647323608,True,38.06881944444444,"[30, 29, 74, 23]","[67, 40]",vision_platform\ads\runtime_collection\click_success\click_success_20260722_094506_900,D:\Projects\adb_vl\vision_platform\ads\runtime_collection\click_success\click_success_20260722_094506_900\pre_click.png,D:\Projects\adb_vl\vision_platform\ads\runtime_collection\click_success\click_success_20260722_094506_900\post_click.png,D:\Projects\adb_vl\vision_platform\ads\runtime_collection\click_success\click_success_20260722_094506_900\crops\bbox.png,D:\Projects\adb_vl\vision_platform\ads\runtime_collection\click_success\click_success_20260722_094506_900\crops\bbox_context_1_5x.png,0.13819129392504692,0.11628875136375427,0.003012346957499782,0.009479130307833353,0.009673011023551226,0.006667088717222214,0.9988082647323608,0.25058862566947937,0.12673494219779968,0.003897996386513114,0.013483604416251183,0.007551725022494793,0.007371032610535622,0.9985482096672058,0.03859606757760048,0.09428068995475769,0.0027889753691852093,0.007090077735483646,0.015754373744130135,0.004598911851644516,0.9996474981307983,0.1253891885280609,0.12785062193870544,0.0023500691168010235,0.007863708771765232,0.0057129343040287495,0.008031321689486504,0.9982290863990784
20260722_094524_334,2026-07-22T09:45:24+0800,ads2_click_success_20260722_094524_334,close_template,close_11.png,0.9661127924919128,arrow,arrow,0.9962249994277954,0.9962249994277954,True,89.42923611111111,"[30, 29, 74, 23]","[67, 40]",vision_platform\ads\runtime_collection\click_success\click_success_20260722_094524_334,D:\Projects\adb_vl\vision_platform\ads\runtime_collection\click_success\click_success_20260722_094524_334\pre_click.png,D:\Projects\adb_vl\vision_platform\ads\runtime_collection\click_success\click_success_20260722_094524_334\post_click.png,D:\Projects\adb_vl\vision_platform\ads\runtime_collection\click_success\click_success_20260722_094524_334\crops\bbox.png,D:\Projects\adb_vl\vision_platform\ads\runtime_collection\click_success\click_success_20260722_094524_334\crops\bbox_context_1_5x.png,0.1086059312025706,0.26655670007069904,0.006595038032780091,0.012466463105132183,0.003696632571518421,0.004638317603773127,0.9962249994277954,0.15115860104560852,0.3240344226360321,0.005576764233410358,0.01619597151875496,0.00369564862921834,0.0059458245523273945,0.9959954023361206,0.055269718170166016,0.17687931656837463,0.00523288594558835,0.005732349585741758,0.0034969323314726353,0.0009024895844049752,0.9979566335678101,0.11938947439193726,0.29875636100769043,0.008975463919341564,0.01547106821089983,0.0038973167538642883,0.007066638674587011,0.9947229623794556
20260722_094529_183,2026-07-22T09:45:29+0800,ads2_click_success_20260722_094529_183,got_template,got2.png,0.9812023639678955,got,got,0.9997564951578776,0.9997564951578776,True,38.344166666666666,"[414, 134, 139, 47]","[483, 157]",vision_platform\ads\runtime_collection\click_success\click_success_20260722_094529_183,D:\Projects\adb_vl\vision_platform\ads\runtime_collection\click_success\click_success_20260722_094529_183\pre_click.png,D:\Projects\adb_vl\vision_platform\ads\runtime_collection\click_success\click_success_20260722_094529_183\post_click.png,D:\Projects\adb_vl\vision_platform\ads\runtime_collection\click_success\click_success_20260722_094529_183\crops\bbox.png,D:\Projects\adb_vl\vision_platform\ads\runtime_collection\click_success\click_success_20260722_094529_183\crops\bbox_context_1_5x.png,0.023906285253663857,0.00044750158364574116,0.005826910181591908,0.06661374991138776,0.00231554809336861,0.9997564951578776,0.004846045436958472,0.02547828108072281,0.0005633909022435546,0.007799019105732441,0.10483792424201965,0.00256682513281703,0.9996047616004944,0.006297181360423565,0.008183597587049007,0.0002499676193110645,0.0020502409897744656,0.016768302768468857,0.0026949173770844936,0.9999444484710693,0.003248633351176977,0.03805697709321976,0.0005291462293826044,0.007631470449268818,0.07823502272367477,0.0016849017702043056,0.9997202754020691,0.004992321599274874
20260722_094536_431,2026-07-22T09:45:36+0800,ads2_click_success_20260722_094536_431,free_ad_template,free_ad_3.png,0.9744038581848145,free,free,0.9982103109359741,0.9982103109359741,True,61.26548611111111,"[738, 352, 38, 24]","[757, 364]",vision_platform\ads\runtime_collection\click_success\click_success_20260722_094536_431,D:\Projects\adb_vl\vision_platform\ads\runtime_collection\click_success\click_success_20260722_094536_431\pre_click.png,D:\Projects\adb_vl\vision_platform\ads\runtime_collection\click_success\click_success_20260722_094536_431\post_click.png,D:\Projects\adb_vl\vision_platform\ads\runtime_collection\click_success\click_success_20260722_094536_431\crops\bbox.png,D:\Projects\adb_vl\vision_platform\ads\runtime_collection\click_success\click_success_20260722_094536_431\crops\bbox_context_1_5x.png,0.005104843294247985,0.011735900460431973,0.006385180167853832,0.020840901260574658,0.9982103109359741,0.00037863760129160556,0.005255451037858923,0.006483387667685747,0.0108255073428154,0.008619670756161213,0.02056233584880829,0.9974390268325806,0.0006712666363455355,0.006109627429395914,0.0037986973766237497,0.00596614321693778,0.006228133104741573,0.012574955821037292,0.9993658661842346,0.00011460942187113687,0.002942058490589261,0.005032444838434458,0.01841605082154274,0.0043077366426587105,0.029385412111878395,0.9978260397911072,0.00035003674565814435,0.006714667193591595
20260722_094606_764,2026-07-22T09:46:06+0800,ads2_click_success_20260722_094606_764,close_template,ad_issue_20260606_052002_roi_15.png,0.9777616858482361,x_mark,x_mark,0.9373228947321574,0.9373228947321574,True,123.00298611111111,"[18, 24, 50, 39]","[43, 43]",vision_platform\ads\runtime_collection\click_success\click_success_20260722_094606_764,D:\Projects\adb_vl\vision_platform\ads\runtime_collection\click_success\click_success_20260722_094606_764\pre_click.png,D:\Projects\adb_vl\vision_platform\ads\runtime_collection\click_success\click_success_20260722_094606_764\post_click.png,D:\Projects\adb_vl\vision_platform\ads\runtime_collection\click_success\click_success_20260722_094606_764\crops\bbox.png,D:\Projects\adb_vl\vision_platform\ads\runtime_collection\click_success\click_success_20260722_094606_764\crops\bbox_context_1_5x.png,0.9373228947321574,0.09957424054543178,0.0001266929660535728,0.0006643950279491643,0.0036273919977247715,5.929523649683688e-05,0.025978402234613895,0.9411342144012451,0.1414164900779724,7.929894491098821e-05,0.0006437783013097942,0.002237794455140829,0.00010274261876475066,0.02135712280869484,0.9713095426559448,0.06570087373256683,0.00012995720317121595,0.0007478868355974555,0.0039946772158145905,2.2047714082873426e-05,0.012398186139762402,0.8995249271392822,0.09160535782575607,0.00017082275007851422,0.0006015199469402432,0.004649704322218895,5.309537664288655e-05,0.044179897755384445
20260722_094611_590,2026-07-22T09:46:11+0800,ads2_click_success_20260722_094611_590,got_template,got2.png,0.9797552227973938,got,got,0.9998140136400858,0.9998140136400858,True,38.32298611111111,"[414, 134, 139, 47]","[483, 157]",vision_platform\ads\runtime_collection\click_success\click_success_20260722_094611_590,D:\Projects\adb_vl\vision_platform\ads\runtime_collection\click_success\click_success_20260722_094611_590\pre_click.png,D:\Projects\adb_vl\vision_platform\ads\runtime_collection\click_success\click_success_20260722_094611_590\post_click.png,D:\Projects\adb_vl\vision_platform\ads\runtime_collection\click_success\click_success_20260722_094611_590\crops\bbox.png,D:\Projects\adb_vl\vision_platform\ads\runtime_collection\click_success\click_success_20260722_094611_590\crops\bbox_context_1_5x.png,0.030175940754512947,0.0004118378759206583,0.010091926902532578,0.11831799646218617,0.0021098327512542405,0.9998140136400858,0.005283389240503311,0.032413505017757416,0.0004061818472109735,0.012788249179720879,0.1863252967596054,0.0022123439703136683,0.9996976852416992,0.007781092077493668,0.013084989972412586,0.00037280310061760247,0.0045605991035699844,0.036127835512161255,0.002514115534722805,0.9999586343765259,0.003125588409602642,0.045029327273368835,0.00045652867993339896,0.01292693242430687,0.13250085711479187,0.0016030387487262487,0.9997857213020325,0.004943487234413624
20260722_094618_462,2026-07-22T09:46:18+0800,ads2_click_success_20260722_094618_462,free_ad_template,free_ad_3.png,0.9744047522544861,free,free,0.9982103109359741,0.9982103109359741,True,46.45430555555556,"[738, 352, 38, 24]","[757, 364]",vision_platform\ads\runtime_collection\click_success\click_success_20260722_094618_462,D:\Projects\adb_vl\vision_platform\ads\runtime_collection\click_success\click_success_20260722_094618_462\pre_click.png,D:\Projects\adb_vl\vision_platform\ads\runtime_collection\click_success\click_success_20260722_094618_462\post_click.png,D:\Projects\adb_vl\vision_platform\ads\runtime_collection\click_success\click_success_20260722_094618_462\crops\bbox.png,D:\Projects\adb_vl\vision_platform\ads\runtime_collection\click_success\click_success_20260722_094618_462\crops\bbox_context_1_5x.png,0.005104843294247985,0.011735900460431973,0.006385180167853832,0.020840901260574658,0.9982103109359741,0.00037863760129160556,0.005255451037858923,0.006483387667685747,0.0108255073428154,0.008619670756161213,0.02056233584880829,0.9974390268325806,0.0006712666363455355,0.006109627429395914,0.0037986973766237497,0.00596614321693778,0.006228133104741573,0.012574955821037292,0.9993658661842346,0.00011460942187113687,0.002942058490589261,0.005032444838434458,0.01841605082154274,0.0043077366426587105,0.029385412111878395,0.9978260397911072,0.00035003674565814435,0.006714667193591595
20260722_094650_117,2026-07-22T09:46:50+0800,ads2_click_success_20260722_094650_117,close_template,close_24.png,0.8618972301483154,x_mark,x_mark,0.6812910636266073,0.6812910636266073,True,30.721875,"[21, 26, 40, 33]","[41, 42]",vision_platform\ads\runtime_collection\click_success\click_success_20260722_094650_117,D:\Projects\adb_vl\vision_platform\ads\runtime_collection\click_success\click_success_20260722_094650_117\pre_click.png,D:\Projects\adb_vl\vision_platform\ads\runtime_collection\click_success\click_success_20260722_094650_117\post_click.png,D:\Projects\adb_vl\vision_platform\ads\runtime_collection\click_success\click_success_20260722_094650_117\crops\bbox.png,D:\Projects\adb_vl\vision_platform\ads\runtime_collection\click_success\click_success_20260722_094650_117\crops\bbox_context_1_5x.png,0.6812910636266073,0.03835544052223364,0.03676980920135975,0.05930543194214503,0.0024898163974285126,0.01057719811797142,0.18871758878231049,0.8129444718360901,0.05912655591964722,0.02781241200864315,0.1098795011639595,0.0021631193812936544,0.011258491314947605,0.3122240900993347,0.5926687717437744,0.016177216544747353,0.022960186004638672,0.02133120596408844,0.003667797427624464,0.005362123250961304,0.10792997479438782,0.6382599472999573,0.039762549102306366,0.059536829590797424,0.046705588698387146,0.0016385323833674192,0.015110979788005352,0.14599870145320892
20260722_094655_026,2026-07-22T09:46:55+0800,ads2_click_success_20260722_094655_026,got_template,got2.png,0.9797731637954712,got,got,0.9997544685999552,0.9997544685999552,True,35.20159722222222,"[414, 134, 139, 47]","[483, 157]",vision_platform\ads\runtime_collection\click_success\click_success_20260722_094655_026,D:\Projects\adb_vl\vision_platform\ads\runtime_collection\click_success\click_success_20260722_094655_026\pre_click.png,D:\Projects\adb_vl\vision_platform\ads\runtime_collection\click_success\click_success_20260722_094655_026\post_click.png,D:\Projects\adb_vl\vision_platform\ads\runtime_collection\click_success\click_success_20260722_094655_026\crops\bbox.png,D:\Projects\adb_vl\vision_platform\ads\runtime_collection\click_success\click_success_20260722_094655_026\crops\bbox_context_1_5x.png,0.014240721240639687,0.0002672157036916663,0.005667230851637821,0.09346728896101315,0.003198287527387341,0.9997544685999552,0.004632165345052878,0.015829188749194145,0.00036173241096548736,0.006761566735804081,0.13822484016418457,0.0037126587703824043,0.9995996356010437,0.0062840785831213,0.003891022875905037,0.00017341444618068635,0.0014183943858370185,0.019835185259580612,0.0033403674606233835,0.9999512434005737,0.002206020522862673,0.023001952096819878,0.00026650025392882526,0.008821731433272362,0.12234184145927429,0.0025418363511562347,0.9997125267982483,0.005406396929174662
20260722_094943_509,2026-07-22T09:49:43+0800,ads2_click_success_20260722_094943_509,free_ad_template,close_26.png,0.9999993443489075,free,free,0.9978346228599548,0.9978346228599548,True,83.94513888888889,"[376, 285, 34, 19]","[385, 290]",vision_platform\ads\runtime_collection\click_success\click_success_20260722_094943_509,D:\Projects\adb_vl\vision_platform\ads\runtime_collection\click_success\click_success_20260722_094943_509\pre_click.png,D:\Projects\adb_vl\vision_platform\ads\runtime_collection\click_success\click_success_20260722_094943_509\post_click.png,D:\Projects\adb_vl\vision_platform\ads\runtime_collection\click_success\click_success_20260722_094943_509\crops\bbox.png,D:\Projects\adb_vl\vision_platform\ads\runtime_collection\click_success\click_success_20260722_094943_509\crops\bbox_context_1_5x.png,0.012279590591788292,0.08307408044735591,0.003855594201013446,0.002941254060715437,0.9978346228599548,0.0027864461687083044,0.0018875275078850489,0.022532660514116287,0.12195932120084763,0.0036111888475716114,0.003008998231962323,0.9956132173538208,0.0033489717170596123,0.003321567317470908,0.005044016055762768,0.058655381202697754,0.0023706306237727404,0.002102816477417946,0.9997435212135315,0.0014246933860704303,0.0007148245931603014,0.00926209520548582,0.06860753893852234,0.005584963131695986,0.0037119474727660418,0.9981471300125122,0.003585673402994871,0.0016261906130239367
20260722_095002_281,2026-07-22T09:50:02+0800,ads2_click_success_20260722_095002_281,got_template,got2.png,0.9596894979476929,got,got,0.9988012711207072,0.9988012711207072,True,83.78020833333333,"[414, 134, 139, 47]","[483, 157]",vision_platform\ads\runtime_collection\click_success\click_success_20260722_095002_281,D:\Projects\adb_vl\vision_platform\ads\runtime_collection\click_success\click_success_20260722_095002_281\pre_click.png,D:\Projects\adb_vl\vision_platform\ads\runtime_collection\click_success\click_success_20260722_095002_281\post_click.png,D:\Projects\adb_vl\vision_platform\ads\runtime_collection\click_success\click_success_20260722_095002_281\crops\bbox.png,D:\Projects\adb_vl\vision_platform\ads\runtime_collection\click_success\click_success_20260722_095002_281\crops\bbox_context_1_5x.png,0.015169079725941023,0.04466216514507929,0.05545699968934059,0.20024296144644418,0.043002933263778687,0.9988012711207072,0.09170244385798772,0.021840829402208328,0.03857645019888878,0.06730958819389343,0.18473170697689056,0.050027403980493546,0.9981245398521423,0.13561852276325226,0.006252128630876541,0.04338919371366501,0.036647144705057144,0.18333661556243896,0.04088253527879715,0.9994022846221924,0.0736984834074974,0.017414281144738197,0.0520208515226841,0.0624142661690712,0.23266056180000305,0.038098860532045364,0.9988769888877869,0.0657903254032135
20260722_095007_980,2026-07-22T09:50:08+0800,ads2_click_success_20260722_095007_980,free_ad_template,close_26.png,0.9770014882087708,free,free,0.9990888039271036,0.9990888039271036,True,112.84590277777778,"[391, 285, 34, 19]","[408, 294]",vision_platform\ads\runtime_collection\click_success\click_success_20260722_095007_980,D:\Projects\adb_vl\vision_platform\ads\runtime_collection\click_success\click_success_20260722_095007_980\pre_click.png,D:\Projects\adb_vl\vision_platform\ads\runtime_collection\click_success\click_success_20260722_095007_980\post_click.png,D:\Projects\adb_vl\vision_platform\ads\runtime_collection\click_success\click_success_20260722_095007_980\crops\bbox.png,D:\Projects\adb_vl\vision_platform\ads\runtime_collection\click_success\click_success_20260722_095007_980\crops\bbox_context_1_5x.png,0.0072717243650307255,0.013061858092745146,0.0050635576869050665,0.010235757566988468,0.9990888039271036,0.0023598400875926018,0.0016584366482372086,0.011611691676080227,0.01612730883061886,0.004070584196597338,0.012243327684700489,0.9984939098358154,0.003159492276608944,0.0029664752073585987,0.0027227376122027636,0.012093239463865757,0.00439651682972908,0.007747644558548927,0.9998748302459717,0.001217821380123496,0.0007811203831806779,0.007480743806809187,0.01096502598375082,0.006723572034388781,0.010716300457715988,0.9988976716995239,0.0027022066060453653,0.001227714354172349
20260722_095025_330,2026-07-22T09:50:25+0800,ads2_click_success_20260722_095025_330,close_template,ad_issue_20260606_052002_roi_15.png,0.9979298114776611,x_mark,x_mark,0.9665372570355734,0.9665372570355734,True,96.80270833333333,"[18, 24, 50, 39]","[43, 43]",vision_platform\ads\runtime_collection\click_success\click_success_20260722_095025_330,D:\Projects\adb_vl\vision_platform\ads\runtime_collection\click_success\click_success_20260722_095025_330\pre_click.png,D:\Projects\adb_vl\vision_platform\ads\runtime_collection\click_success\click_success_20260722_095025_330\post_click.png,D:\Projects\adb_vl\vision_platform\ads\runtime_collection\click_success\click_success_20260722_095025_330\crops\bbox.png,D:\Projects\adb_vl\vision_platform\ads\runtime_collection\click_success\click_success_20260722_095025_330\crops\bbox_context_1_5x.png,0.9665372570355734,0.15989252800742784,0.0003089582654259478,0.0002742603052562724,0.00422294686237971,4.3664226420029685e-05,0.007759209373034537,0.977937638759613,0.26503559947013855,0.0002654506533872336,0.00024670682614669204,0.001951446756720543,7.098486821632832e-05,0.012254901230335236,0.965579628944397,0.04791459068655968,0.00019532108854036778,0.00036702980287373066,0.005955911707133055,1.5596446246490814e-05,0.0016177817014977336,0.95609450340271,0.16672739386558533,0.000466103054350242,0.00020904428674839437,0.004761482123285532,4.4411364797269925e-05,0.009404945187270641
20260722_095030_702,2026-07-22T09:50:30+0800,ads2_click_success_20260722_095030_702,got_template,got2.png,0.9529088735580444,got,got,0.9979492028554281,0.9979492028554281,True,83.77777777777777,"[414, 134, 139, 47]","[483, 157]",vision_platform\ads\runtime_collection\click_success\click_success_20260722_095030_702,D:\Projects\adb_vl\vision_platform\ads\runtime_collection\click_success\click_success_20260722_095030_702\pre_click.png,D:\Projects\adb_vl\vision_platform\ads\runtime_collection\click_success\click_success_20260722_095030_702\post_click.png,D:\Projects\adb_vl\vision_platform\ads\runtime_collection\click_success\click_success_20260722_095030_702\crops\bbox.png,D:\Projects\adb_vl\vision_platform\ads\runtime_collection\click_success\click_success_20260722_095030_702\crops\bbox_context_1_5x.png,0.017600598745048046,0.02462833064297835,0.05253861347834269,0.32291091481844586,0.055140690257151924,0.9979492028554281,0.12836397687594095,0.0222835261374712,0.023558910936117172,0.06569135189056396,0.2678423821926117,0.059771474450826645,0.9965304732322693,0.15841634571552277,0.00734009500592947,0.025211874395608902,0.04270191118121147,0.3607790172100067,0.0536620058119297,0.9992204904556274,0.11532121151685715,0.02317817509174347,0.025114206597208977,0.04922257736325264,0.3401113450527191,0.05198859050869942,0.9980966448783875,0.11135437339544296
20260722_095036_952,2026-07-22T09:50:37+0800,ads2_click_success_20260722_095036_952,free_ad_template,close_26.png,0.9770014882087708,free,free,0.9990888039271036,0.9990888039271036,True,65.10958333333333,"[391, 285, 34, 19]","[408, 294]",vision_platform\ads\runtime_collection\click_success\click_success_20260722_095036_952,D:\Projects\adb_vl\vision_platform\ads\runtime_collection\click_success\click_success_20260722_095036_952\pre_click.png,D:\Projects\adb_vl\vision_platform\ads\runtime_collection\click_success\click_success_20260722_095036_952\post_click.png,D:\Projects\adb_vl\vision_platform\ads\runtime_collection\click_success\click_success_20260722_095036_952\crops\bbox.png,D:\Projects\adb_vl\vision_platform\ads\runtime_collection\click_success\click_success_20260722_095036_952\crops\bbox_context_1_5x.png,0.0072717243650307255,0.013061858092745146,0.0050635576869050665,0.010235757566988468,0.9990888039271036,0.0023598400875926018,0.0016584366482372086,0.011611691676080227,0.01612730883061886,0.004070584196597338,0.012243327684700489,0.9984939098358154,0.003159492276608944,0.0029664752073585987,0.0027227376122027636,0.012093239463865757,0.00439651682972908,0.007747644558548927,0.9998748302459717,0.001217821380123496,0.0007811203831806779,0.007480743806809187,0.01096502598375082,0.006723572034388781,0.010716300457715988,0.9988976716995239,0.0027022066060453653,0.001227714354172349
20260722_095054_435,2026-07-22T09:50:54+0800,ads2_click_success_20260722_095054_435,close_template,ad_issue_20260606_052002_roi_15.png,0.997907280921936,x_mark,x_mark,0.9677604039510092,0.9677604039510092,True,97.1504861111111,"[18, 24, 50, 39]","[43, 43]",vision_platform\ads\runtime_collection\click_success\click_success_20260722_095054_435,D:\Projects\adb_vl\vision_platform\ads\runtime_collection\click_success\click_success_20260722_095054_435\pre_click.png,D:\Projects\adb_vl\vision_platform\ads\runtime_collection\click_success\click_success_20260722_095054_435\post_click.png,D:\Projects\adb_vl\vision_platform\ads\runtime_collection\click_success\click_success_20260722_095054_435\crops\bbox.png,D:\Projects\adb_vl\vision_platform\ads\runtime_collection\click_success\click_success_20260722_095054_435\crops\bbox_context_1_5x.png,0.9677604039510092,0.07362642573813598,9.352904938471814e-05,0.00012073778392126162,0.0017789260018616915,1.674300301601761e-05,0.0053482926450669765,0.9804316163063049,0.11720757186412811,7.101648952811956e-05,0.00011107136378996074,0.0007280899444594979,2.8121135983383283e-05,0.008973924443125725,0.9680830240249634,0.022580137476325035,7.242921856231987e-05,0.00014949674368835986,0.0026771314442157745,6.339288574963575e-06,0.0010045943781733513,0.954766571521759,0.08109156787395477,0.00013714144006371498,0.00010164524428546429,0.001931556616909802,1.5768584489705972e-05,0.0060663591139018536
20260722_095059_663,2026-07-22T09:50:59+0800,ads2_click_success_20260722_095059_663,got_template,got2.png,0.9524122476577759,got,got,0.9986698826154073,0.9986698826154073,True,83.81770833333333,"[414, 134, 139, 47]","[483, 157]",vision_platform\ads\runtime_collection\click_success\click_success_20260722_095059_663,D:\Projects\adb_vl\vision_platform\ads\runtime_collection\click_success\click_success_20260722_095059_663\pre_click.png,D:\Projects\adb_vl\vision_platform\ads\runtime_collection\click_success\click_success_20260722_095059_663\post_click.png,D:\Projects\adb_vl\vision_platform\ads\runtime_collection\click_success\click_success_20260722_095059_663\crops\bbox.png,D:\Projects\adb_vl\vision_platform\ads\runtime_collection\click_success\click_success_20260722_095059_663\crops\bbox_context_1_5x.png,0.014055358245968819,0.013022664623955885,0.0278550386428833,0.27033058802286786,0.02743237589796384,0.9986698826154073,0.1118495191136996,0.018276076763868332,0.00994067918509245,0.031995225697755814,0.27173012495040894,0.031232910230755806,0.9980224370956421,0.15777330100536346,0.005873106420040131,0.012004086747765541,0.018322329968214035,0.2371930181980133,0.027452517300844193,0.999609649181366,0.09920640289783478,0.018016891553997993,0.017123227939009666,0.033247560262680054,0.3020686209201813,0.023611700162291527,0.9983775615692139,0.07856885343790054
20260722_095105_751,2026-07-22T09:51:05+0800,ads2_click_success_20260722_095105_751,free_ad_template,close_26.png,0.9770014882087708,free,free,0.9990888039271036,0.9990888039271036,True,51.11298611111111,"[391, 285, 34, 19]","[408, 294]",vision_platform\ads\runtime_collection\click_success\click_success_20260722_095105_751,D:\Projects\adb_vl\vision_platform\ads\runtime_collection\click_success\click_success_20260722_095105_751\pre_click.png,D:\Projects\adb_vl\vision_platform\ads\runtime_collection\click_success\click_success_20260722_095105_751\post_click.png,D:\Projects\adb_vl\vision_platform\ads\runtime_collection\click_success\click_success_20260722_095105_751\crops\bbox.png,D:\Projects\adb_vl\vision_platform\ads\runtime_collection\click_success\click_success_20260722_095105_751\crops\bbox_context_1_5x.png,0.0072717243650307255,0.013061858092745146,0.0050635576869050665,0.010235757566988468,0.9990888039271036,0.0023598400875926018,0.0016584366482372086,0.011611691676080227,0.01612730883061886,0.004070584196597338,0.012243327684700489,0.9984939098358154,0.003159492276608944,0.0029664752073585987,0.0027227376122027636,0.012093239463865757,0.00439651682972908,0.007747644558548927,0.9998748302459717,0.001217821380123496,0.0007811203831806779,0.007480743806809187,0.01096502598375082,0.006723572034388781,0.010716300457715988,0.9988976716995239,0.0027022066060453653,0.001227714354172349
20260722_095132_064,2026-07-22T09:51:32+0800,ads2_click_success_20260722_095132_064,close_template,close_25.png,0.9424431920051575,x_mark,x_mark,0.9564199844996134,0.9564199844996134,True,87.22472222222223,"[895, 27, 26, 28]","[908, 41]",vision_platform\ads\runtime_collection\click_success\click_success_20260722_095132_064,D:\Projects\adb_vl\vision_platform\ads\runtime_collection\click_success\click_success_20260722_095132_064\pre_click.png,D:\Projects\adb_vl\vision_platform\ads\runtime_collection\click_success\click_success_20260722_095132_064\post_click.png,D:\Projects\adb_vl\vision_platform\ads\runtime_collection\click_success\click_success_20260722_095132_064\crops\bbox.png,D:\Projects\adb_vl\vision_platform\ads\runtime_collection\click_success\click_success_20260722_095132_064\crops\bbox_context_1_5x.png,0.9564199844996134,0.65781037012736,0.19556817909081778,0.29894695182641345,0.027448734268546104,0.04728241513172785,0.30854599674542743,0.9647803902626038,0.7490548491477966,0.2871837317943573,0.30456212162971497,0.028268184512853622,0.054348982870578766,0.3026540279388428,0.9649397134780884,0.5923389196395874,0.15229137241840363,0.3513026237487793,0.014360951259732246,0.03796069696545601,0.2670740783214569,0.9395398497581482,0.632037341594696,0.14722943305969238,0.24097611010074615,0.039717067033052444,0.04953756555914879,0.35590988397598267
20260722_095137_321,2026-07-22T09:51:37+0800,ads2_click_success_20260722_095137_321,got_template,got2.png,0.9552022218704224,got,got,0.9985456267992655,0.9985456267992655,True,84.07618055555555,"[414, 134, 139, 47]","[483, 157]",vision_platform\ads\runtime_collection\click_success\click_success_20260722_095137_321,D:\Projects\adb_vl\vision_platform\ads\runtime_collection\click_success\click_success_20260722_095137_321\pre_click.png,D:\Projects\adb_vl\vision_platform\ads\runtime_collection\click_success\click_success_20260722_095137_321\post_click.png,D:\Projects\adb_vl\vision_platform\ads\runtime_collection\click_success\click_success_20260722_095137_321\crops\bbox.png,D:\Projects\adb_vl\vision_platform\ads\runtime_collection\click_success\click_success_20260722_095137_321\crops\bbox_context_1_5x.png,0.011390911880880594,0.01388092835744222,0.016063594569762547,0.1250173474351565,0.02641200025876363,0.9985456267992655,0.04823504636685053,0.015335761941969395,0.007962382398545742,0.018704861402511597,0.12250839918851852,0.025467602536082268,0.9973697662353516,0.08107983320951462,0.004176778253167868,0.014826237224042416,0.009952286258339882,0.07549937069416046,0.03218160942196846,0.9996045231819153,0.02846970409154892,0.01466019544750452,0.018854165449738503,0.019533636048436165,0.17704427242279053,0.021586788818240166,0.9986625909805298,0.03515560179948807
