instance_id,families,review_status,note,content_id,original_path,relative_path,vision_domain,asset_role,image_scope,source_root,asset_type,representation,sample_role,sub_role,image_review_status
file_b040dd17ca19329c,google_play,reviewed,,asset_1bb199c29d32b6fe,D:\Projects\adb_vl\ads2\assets\1_templates\close_glyphs\google_play_pill_edge.png,ads2\assets\1_templates\close_glyphs\google_play_pill_edge.png,ads,template,crop,ads2\assets\1_templates,template,edge_glyph,uncertain,,reviewed
file_670c62c5320205f4,arrow,reviewed,,asset_d37ef6afc1bb29cb,D:\Projects\adb_vl\ads2\assets\1_templates\close_glyphs\skip_next_edge.png,ads2\assets\1_templates\close_glyphs\skip_next_edge.png,ads,template,crop,ads2\assets\1_templates,template,edge_glyph,uncertain,,reviewed
file_bb614e957ab55bfb,uncertain,reviewed,,asset_d6d7c33a252f2dc5,D:\Projects\adb_vl\ads2\assets\1_templates\close_glyphs\skip_next_text_edge.png,ads2\assets\1_templates\close_glyphs\skip_next_text_edge.png,ads,template,crop,ads2\assets\1_templates,template,edge_glyph,uncertain,,reviewed
file_245ef374f6c4268c,google_play,reviewed,,asset_7dbc3094aa7539f0,D:\Projects\adb_vl\ads2\assets\1_templates\close_icons\ad_issue_20260606_042257_roi_0.png,ads2\assets\1_templates\close_icons\ad_issue_20260606_042257_roi_0.png,ads,template,crop,ads2\assets\1_templates,template,raw,uncertain,,reviewed
file_c1b82b89ebab2308,x_mark,reviewed,,asset_d94a12829e570c5c,D:\Projects\adb_vl\ads2\assets\1_templates\close_icons\ad_issue_20260606_042353_roi_0.png,ads2\assets\1_templates\close_icons\ad_issue_20260606_042353_roi_0.png,ads,template,crop,ads2\assets\1_templates,template,raw,uncertain,,reviewed
file_0796700f3e89b234,x_mark,reviewed,,asset_62c0598db37c8764,D:\Projects\adb_vl\ads2\assets\1_templates\close_icons\ad_issue_20260606_042429_roi_0.png,ads2\assets\1_templates\close_icons\ad_issue_20260606_042429_roi_0.png,ads,template,crop,ads2\assets\1_templates,template,raw,action_target,,reviewed
file_ed7ecf2d8c86d633,x_mark,reviewed,,asset_643bd48faa917df4,D:\Projects\adb_vl\ads2\assets\1_templates\close_icons\ad_issue_20260606_043419_roi_0.png,ads2\assets\1_templates\close_icons\ad_issue_20260606_043419_roi_0.png,ads,template,crop,ads2\assets\1_templates,template,raw,uncertain,,reviewed
file_e98356e6d5b0d025,arrow,reviewed,,asset_759712a0fa58d9bb,D:\Projects\adb_vl\ads2\assets\1_templates\close_icons\ad_issue_20260606_044156_roi_0.png,ads2\assets\1_templates\close_icons\ad_issue_20260606_044156_roi_0.png,ads,template,crop,ads2\assets\1_templates,template,raw,uncertain,,reviewed
file_ff68673e47bf2194,x_mark,reviewed,,asset_811965ed2f4bf3fe,D:\Projects\adb_vl\ads2\assets\1_templates\close_icons\ad_issue_20260606_044653_roi_0.png,ads2\assets\1_templates\close_icons\ad_issue_20260606_044653_roi_0.png,ads,template,crop,ads2\assets\1_templates,template,raw,uncertain,,reviewed
file_0c54c714e6e4e54c,x_mark,reviewed,,asset_ef19a71539533c38,D:\Projects\adb_vl\ads2\assets\1_templates\close_icons\ad_issue_20260606_044717_roi_0.png,ads2\assets\1_templates\close_icons\ad_issue_20260606_044717_roi_0.png,ads,template,crop,ads2\assets\1_templates,template,raw,action_target,,reviewed
file_38f39cb8171bbccd,arrow,reviewed,,asset_f05a7a52f60d291b,D:\Projects\adb_vl\ads2\assets\1_templates\close_icons\ad_issue_20260606_045316_roi_0.png,ads2\assets\1_templates\close_icons\ad_issue_20260606_045316_roi_0.png,ads,template,crop,ads2\assets\1_templates,template,raw,uncertain,,reviewed
file_01fce48c5f827243,google_play,reviewed,,asset_ee02f730b82612e5,D:\Projects\adb_vl\ads2\assets\1_templates\close_icons\ad_issue_20260606_045709_roi_0.png,ads2\assets\1_templates\close_icons\ad_issue_20260606_045709_roi_0.png,ads,template,crop,ads2\assets\1_templates,template,raw,uncertain,,reviewed
file_53f6b240d7847ed6,x_mark,reviewed,,asset_ca994ca16a3dcd00,D:\Projects\adb_vl\ads2\assets\1_templates\close_icons\ad_issue_20260606_052002_roi_15.png,ads2\assets\1_templates\close_icons\ad_issue_20260606_052002_roi_15.png,ads,template,crop,ads2\assets\1_templates,template,raw,uncertain,,reviewed
file_a4f0c7925d120a09,x_mark,reviewed,,asset_2a7b5573529608a3,D:\Projects\adb_vl\ads2\assets\1_templates\close_icons\ad_issue_20260606_052302_roi_0.png,ads2\assets\1_templates\close_icons\ad_issue_20260606_052302_roi_0.png,ads,template,crop,ads2\assets\1_templates,template,raw,uncertain,,reviewed
file_8adc86c006864b12,next,reviewed,,asset_8829832efa233731,D:\Projects\adb_vl\ads2\assets\1_templates\close_icons\ad_issue_20260606_081550_roi_9.png,ads2\assets\1_templates\close_icons\ad_issue_20260606_081550_roi_9.png,ads,template,crop,ads2\assets\1_templates,template,raw,uncertain,,reviewed
file_541955e3cd16d297,google_play,reviewed,,asset_bf08eee05826fbbb,D:\Projects\adb_vl\ads2\assets\1_templates\close_icons\ad_issue_20260606_082946_roi_0.png,ads2\assets\1_templates\close_icons\ad_issue_20260606_082946_roi_0.png,ads,template,crop,ads2\assets\1_templates,template,raw,uncertain,,reviewed
file_f897e9b9181629ee,google_play,reviewed,,asset_d67b35832487e707,D:\Projects\adb_vl\ads2\assets\1_templates\close_icons\ad_issue_20260606_083435_roi_0.png,ads2\assets\1_templates\close_icons\ad_issue_20260606_083435_roi_0.png,ads,template,crop,ads2\assets\1_templates,template,raw,action_target,,reviewed
file_183d636c777c6ea5,google_play,reviewed,,asset_0038b293d3fef86c,D:\Projects\adb_vl\ads2\assets\1_templates\close_icons\ad_issue_20260606_084107_roi_0.png,ads2\assets\1_templates\close_icons\ad_issue_20260606_084107_roi_0.png,ads,template,crop,ads2\assets\1_templates,template,raw,uncertain,,reviewed
file_50c793b7bc956a13,arrow,reviewed,,asset_c67d1ef1a4afa50d,D:\Projects\adb_vl\ads2\assets\1_templates\close_icons\close_1.png,ads2\assets\1_templates\close_icons\close_1.png,ads,template,crop,ads2\assets\1_templates,template,raw,uncertain,,reviewed
file_13eecab8cd7c9374,arrow,reviewed,,asset_5b3fbaac886e6b1c,D:\Projects\adb_vl\ads2\assets\1_templates\close_icons\close_10.png,ads2\assets\1_templates\close_icons\close_10.png,ads,template,crop,ads2\assets\1_templates,template,raw,uncertain,,reviewed
file_910f6d13ad48178b,arrow,reviewed,,asset_814457f65714bfe8,D:\Projects\adb_vl\ads2\assets\1_templates\close_icons\close_11.png,ads2\assets\1_templates\close_icons\close_11.png,ads,template,crop,ads2\assets\1_templates,template,raw,uncertain,,reviewed
file_88b1cc8a3de93123,x_mark,reviewed,,asset_44aa502360ac075b,D:\Projects\adb_vl\ads2\assets\1_templates\close_icons\close_12.png,ads2\assets\1_templates\close_icons\close_12.png,ads,template,crop,ads2\assets\1_templates,template,raw,uncertain,,reviewed
file_a5a5bd5ba2f1d724,arrow,reviewed,,asset_781a510f3a857316,D:\Projects\adb_vl\ads2\assets\1_templates\close_icons\close_13.png,ads2\assets\1_templates\close_icons\close_13.png,ads,template,crop,ads2\assets\1_templates,template,raw,uncertain,,reviewed
file_e01dd7c029653e86,x_mark,reviewed,,asset_7513f11f0e141a8c,D:\Projects\adb_vl\ads2\assets\1_templates\close_icons\close_14.png,ads2\assets\1_templates\close_icons\close_14.png,ads,template,crop,ads2\assets\1_templates,template,raw,uncertain,,reviewed
file_4bf9c732ffcf4bd7,arrow,reviewed,,asset_b7e64faadd9ca7c4,D:\Projects\adb_vl\ads2\assets\1_templates\close_icons\close_15.png,ads2\assets\1_templates\close_icons\close_15.png,ads,template,crop,ads2\assets\1_templates,template,raw,action_target,,reviewed
file_f1c7f92038128586,arrow,reviewed,,asset_5d7e57a62103e2c1,D:\Projects\adb_vl\ads2\assets\1_templates\close_icons\close_16.png,ads2\assets\1_templates\close_icons\close_16.png,ads,template,crop,ads2\assets\1_templates,template,raw,uncertain,,reviewed
file_c6293287feb9bff3,x_mark,reviewed,,asset_9fdb4db2e3fe6848,D:\Projects\adb_vl\ads2\assets\1_templates\close_icons\close_17.png,ads2\assets\1_templates\close_icons\close_17.png,ads,template,crop,ads2\assets\1_templates,template,raw,uncertain,,reviewed
file_54f5287c84fc7e1d,arrow,reviewed,,asset_db80ab2f7ad7e606,D:\Projects\adb_vl\ads2\assets\1_templates\close_icons\close_18.png,ads2\assets\1_templates\close_icons\close_18.png,ads,template,crop,ads2\assets\1_templates,template,raw,uncertain,,reviewed
file_a195dd7ba6135547,arrow,reviewed,,asset_e3aa0c73c537c671,D:\Projects\adb_vl\ads2\assets\1_templates\close_icons\close_19.png,ads2\assets\1_templates\close_icons\close_19.png,ads,template,crop,ads2\assets\1_templates,template,raw,uncertain,,reviewed
file_e16e35dc922172f8,x_mark,reviewed,故意裁歪  實際上是左邊的X,asset_565f2f8c61c441ed,D:\Projects\adb_vl\ads2\assets\1_templates\close_icons\close_2.png,ads2\assets\1_templates\close_icons\close_2.png,ads,template,crop,ads2\assets\1_templates,template,raw,action_target,,reviewed
file_2200224e47c6acf2,arrow,reviewed,,asset_fe436527d7d5643c,D:\Projects\adb_vl\ads2\assets\1_templates\close_icons\close_20.png,ads2\assets\1_templates\close_icons\close_20.png,ads,template,crop,ads2\assets\1_templates,template,raw,uncertain,,reviewed
file_857e5225a2b06af8,arrow,reviewed,,asset_927b02d71a0d5e87,D:\Projects\adb_vl\ads2\assets\1_templates\close_icons\close_21.png,ads2\assets\1_templates\close_icons\close_21.png,ads,template,crop,ads2\assets\1_templates,template,raw,uncertain,,reviewed
file_d109bb027585db3a,arrow,reviewed,,asset_384d89598f4f57fc,D:\Projects\adb_vl\ads2\assets\1_templates\close_icons\close_22.png,ads2\assets\1_templates\close_icons\close_22.png,ads,template,crop,ads2\assets\1_templates,template,raw,uncertain,,reviewed
file_abf6a9593a794d4f,arrow,reviewed,,asset_0f7f87e6da29ae62,D:\Projects\adb_vl\ads2\assets\1_templates\close_icons\close_23.png,ads2\assets\1_templates\close_icons\close_23.png,ads,template,crop,ads2\assets\1_templates,template,raw,action_target,,reviewed
file_4a39bc8220b54bcf,x_mark,reviewed,,asset_0adb2ecfead6543b,D:\Projects\adb_vl\ads2\assets\1_templates\close_icons\close_24.png,ads2\assets\1_templates\close_icons\close_24.png,ads,template,crop,ads2\assets\1_templates,template,raw,action_target,,reviewed
file_acc7870ed969732e,x_mark,reviewed,,asset_d9b4a93cc253ae66,D:\Projects\adb_vl\ads2\assets\1_templates\close_icons\close_25.png,ads2\assets\1_templates\close_icons\close_25.png,ads,template,crop,ads2\assets\1_templates,template,raw,uncertain,,reviewed
file_2aafaa2342e7ff6d,arrow,reviewed,,asset_649d289a08c9fe33,D:\Projects\adb_vl\ads2\assets\1_templates\close_icons\close_3.png,ads2\assets\1_templates\close_icons\close_3.png,ads,template,crop,ads2\assets\1_templates,template,raw,uncertain,,reviewed
file_d4c87444e5015593,arrow,reviewed,,asset_00f02ef77adb18c4,D:\Projects\adb_vl\ads2\assets\1_templates\close_icons\close_4.png,ads2\assets\1_templates\close_icons\close_4.png,ads,template,crop,ads2\assets\1_templates,template,raw,uncertain,,reviewed
file_cd80a32dc3ce69d3,arrow,reviewed,,asset_59b134576fd486a2,D:\Projects\adb_vl\ads2\assets\1_templates\close_icons\close_5.png,ads2\assets\1_templates\close_icons\close_5.png,ads,template,crop,ads2\assets\1_templates,template,raw,uncertain,,reviewed
file_144f33590c886b45,next,reviewed,,asset_acdbf97adac6c560,D:\Projects\adb_vl\ads2\assets\1_templates\close_icons\close_6.png,ads2\assets\1_templates\close_icons\close_6.png,ads,template,crop,ads2\assets\1_templates,template,raw,uncertain,,reviewed
file_53c205606c848750,x_mark,reviewed,,asset_38da3057c3705cb4,D:\Projects\adb_vl\ads2\assets\1_templates\close_icons\close_7.png,ads2\assets\1_templates\close_icons\close_7.png,ads,template,crop,ads2\assets\1_templates,template,raw,action_target,,reviewed
file_af0af020e1d87e2e,arrow,reviewed,,asset_071ca7bff74e053c,D:\Projects\adb_vl\ads2\assets\1_templates\close_icons\close_8.png,ads2\assets\1_templates\close_icons\close_8.png,ads,template,crop,ads2\assets\1_templates,template,raw,uncertain,,reviewed
file_55b41688a921e7a4,arrow,reviewed,,asset_f54277695108c8b6,D:\Projects\adb_vl\ads2\assets\1_templates\close_icons\close_9.png,ads2\assets\1_templates\close_icons\close_9.png,ads,template,crop,ads2\assets\1_templates,template,raw,uncertain,,reviewed
file_c88fffda1bde6376,arrow,reviewed,,asset_fc192034daaaf1b7,D:\Projects\adb_vl\ads2\assets\1_templates\close_icons\close_back_gp.png,ads2\assets\1_templates\close_icons\close_back_gp.png,ads,template,crop,ads2\assets\1_templates,template,raw,uncertain,,reviewed
file_bde160b4ff62fd23,google_play,reviewed,,asset_14abfab802adf40c,D:\Projects\adb_vl\ads2\assets\1_templates\close_icons\close_skip_gp.png,ads2\assets\1_templates\close_icons\close_skip_gp.png,ads,template,crop,ads2\assets\1_templates,template,raw,uncertain,,reviewed
file_e43f95fcbeed911e,google_play,reviewed,,asset_bc5f8a22689dda23,D:\Projects\adb_vl\ads2\assets\1_templates\close_icons\close_skip_gp2.png,ads2\assets\1_templates\close_icons\close_skip_gp2.png,ads,template,crop,ads2\assets\1_templates,template,raw,action_target,,reviewed
file_85f3c0bdc5e04e1d,google_play,reviewed,,asset_5d48c64cdd081609,D:\Projects\adb_vl\ads2\assets\1_templates\close_icons\close_skip_gp3.png,ads2\assets\1_templates\close_icons\close_skip_gp3.png,ads,template,crop,ads2\assets\1_templates,template,raw,uncertain,,reviewed
file_1cb77f3034b09b56,next,reviewed,,asset_ef6efb79aed47f4a,D:\Projects\adb_vl\ads2\assets\1_templates\close_icons\close_skip_next.png,ads2\assets\1_templates\close_icons\close_skip_next.png,ads,template,crop,ads2\assets\1_templates,template,raw,uncertain,,reviewed
file_8aa403fa0a5d2da9,next,reviewed,,asset_6e9c3a68167cfe89,D:\Projects\adb_vl\ads2\assets\1_templates\close_icons\close_skip_next2.png,ads2\assets\1_templates\close_icons\close_skip_next2.png,ads,template,crop,ads2\assets\1_templates,template,raw,uncertain,,reviewed
file_7a30ab4de7eb758c,x_mark,reviewed,,asset_b2c26a493402602b,D:\Projects\adb_vl\ads2\assets\1_templates\close_icons\close_x_end.png,ads2\assets\1_templates\close_icons\close_x_end.png,ads,template,crop,ads2\assets\1_templates,template,raw,action_target,,reviewed
file_7b6a90286e8fac3a,x_mark,reviewed,,asset_f23d35799ad854e5,D:\Projects\adb_vl\ads2\assets\1_templates\close_icons\close_x_end2.png,ads2\assets\1_templates\close_icons\close_x_end2.png,ads,template,crop,ads2\assets\1_templates,template,raw,action_target,,reviewed
file_91bbfc8a9546e898,x_mark,reviewed,,asset_702ce9c110ac8383,D:\Projects\adb_vl\ads2\assets\1_templates\close_icons\close_x_gp.png,ads2\assets\1_templates\close_icons\close_x_gp.png,ads,template,crop,ads2\assets\1_templates,template,raw,uncertain,,reviewed
file_3dbd94023a2aefb9,x_mark,reviewed,,asset_ae17f2d94d0c0ab9,D:\Projects\adb_vl\ads2\assets\1_templates\close_icons\close_x_gp2.png,ads2\assets\1_templates\close_icons\close_x_gp2.png,ads,template,crop,ads2\assets\1_templates,template,raw,uncertain,,reviewed
file_0da1190477d9a899,x_mark,reviewed,,asset_720686941c854cbf,D:\Projects\adb_vl\ads2\assets\1_templates\close_icons\close_x_left.png,ads2\assets\1_templates\close_icons\close_x_left.png,ads,template,crop,ads2\assets\1_templates,template,raw,uncertain,,reviewed
file_d69076ccf60a2327,x_mark,reviewed,,asset_172ddc86ac086eee,D:\Projects\adb_vl\ads2\assets\1_templates\close_icons\close_x_momo.png,ads2\assets\1_templates\close_icons\close_x_momo.png,ads,template,crop,ads2\assets\1_templates,template,raw,uncertain,,reviewed
file_c590ebbfe9db64ca,x_mark,reviewed,,asset_6802a78b1f5efa66,D:\Projects\adb_vl\ads2\assets\1_templates\close_icons\close_x_valor.png,ads2\assets\1_templates\close_icons\close_x_valor.png,ads,template,crop,ads2\assets\1_templates,template,raw,uncertain,,reviewed
file_ac306bdc17a9bfa0,free,reviewed,,asset_2af1b7045f897a9e,D:\Projects\adb_vl\ads2\assets\1_templates\free_ad_icons\close_26.png,ads2\assets\1_templates\free_ad_icons\close_26.png,ads,template,crop,ads2\assets\1_templates,template,raw,uncertain,free,reviewed
file_b4be82e5125f9663,play_triangle,reviewed,,asset_48f6dabf3e612bc9,D:\Projects\adb_vl\ads2\assets\1_templates\free_ad_icons\free_ad_1.png,ads2\assets\1_templates\free_ad_icons\free_ad_1.png,ads,template,crop,ads2\assets\1_templates,template,raw,uncertain,play,reviewed
file_5e0324fe7516c5f3,free,reviewed,,asset_52da1398bb93a963,D:\Projects\adb_vl\ads2\assets\1_templates\free_ad_icons\free_ad_2.png,ads2\assets\1_templates\free_ad_icons\free_ad_2.png,ads,template,crop,ads2\assets\1_templates,template,raw,uncertain,free,reviewed
file_761ee5c898e32ec0,free,reviewed,,asset_60d2812156135339,D:\Projects\adb_vl\ads2\assets\1_templates\free_ad_icons\free_ad_3.png,ads2\assets\1_templates\free_ad_icons\free_ad_3.png,ads,template,crop,ads2\assets\1_templates,template,raw,uncertain,免費,reviewed
file_1bc799289cb34fdb,play_triangle,reviewed,,asset_5c6d076a9a21278e,D:\Projects\adb_vl\ads2\assets\1_templates\free_ad_icons\free_ad_9.png,ads2\assets\1_templates\free_ad_icons\free_ad_9.png,ads,template,crop,ads2\assets\1_templates,template,raw,uncertain,play,reviewed
file_ed1467fb03b0b8ba,play_triangle,reviewed,,asset_d8a2f9660c5625b5,D:\Projects\adb_vl\ads2\assets\1_templates\free_ad_icons\播放.png,ads2\assets\1_templates\free_ad_icons\播放.png,ads,template,crop,ads2\assets\1_templates,template,raw,uncertain,play,reviewed
file_ec6a1f4e95a8737e,got,reviewed,,asset_58ed244c7878bcd7,D:\Projects\adb_vl\ads2\assets\1_templates\got_icons\got2.png,ads2\assets\1_templates\got_icons\got2.png,ads,template,crop,ads2\assets\1_templates,template,raw,uncertain,got,reviewed
file_b45e660a5a2b7d8d,got,reviewed,,asset_0d4b215867996981,D:\Projects\adb_vl\ads2\assets\1_templates\got_icons\got_1.png,ads2\assets\1_templates\got_icons\got_1.png,ads,template,crop,ads2\assets\1_templates,template,raw,uncertain,got,reviewed
file_5d287e76413cf837,other,reviewed,,asset_de76b9f42f405252,D:\Projects\adb_vl\ads2\assets\1_templates\got_icons\got_2.png,ads2\assets\1_templates\got_icons\got_2.png,ads,template,crop,ads2\assets\1_templates,template,raw,uncertain,continue,reviewed
file_6f7c7aba74ab1f28,got,reviewed,,asset_0cf037e096857467,D:\Projects\adb_vl\ads2\assets\1_templates\got_icons\got_3.png,ads2\assets\1_templates\got_icons\got_3.png,ads,template,crop,ads2\assets\1_templates,template,raw,uncertain,got,reviewed
file_f1f313c24a4c1de2,got,reviewed,,asset_804eb0458e78934d,D:\Projects\adb_vl\ads2\assets\1_templates\got_icons\got_4.png,ads2\assets\1_templates\got_icons\got_4.png,ads,template,crop,ads2\assets\1_templates,template,raw,uncertain,got,reviewed
file_3c94de29e8445680,got,reviewed,,asset_a1abf4a4f6070cea,D:\Projects\adb_vl\ads2\assets\1_templates\got_icons\got_5.png,ads2\assets\1_templates\got_icons\got_5.png,ads,template,crop,ads2\assets\1_templates,template,raw,uncertain,got,reviewed
file_5e99e876883b9184,got,reviewed,,asset_d082cffe4e8f8f90,D:\Projects\adb_vl\ads2\assets\1_templates\got_icons\got_6.png,ads2\assets\1_templates\got_icons\got_6.png,ads,template,crop,ads2\assets\1_templates,template,raw,uncertain,got,reviewed
file_18fbfa6f2629be44,other,reviewed,,asset_365caeff8fffb5c6,D:\Projects\adb_vl\ads2\assets\1_templates\got_icons\got_7.png,ads2\assets\1_templates\got_icons\got_7.png,ads,template,crop,ads2\assets\1_templates,template,raw,uncertain,確定,reviewed
file_ec85e8680fb6449d,x_mark,reviewed,,asset_ca2b6cba35c5b2d0,D:\Projects\adb_vl\ads2\assets\1_templates\備份\ad_issue_20260606_043707_roi_0.png,ads2\assets\1_templates\備份\ad_issue_20260606_043707_roi_0.png,ads,template,crop,ads2\assets\1_templates,template,raw,uncertain,,reviewed
file_00db74143475636c,free|play_triangle,reviewed,,asset_085f1c813551e8c9,D:\Projects\adb_vl\ads2\assets\1_templates\備份\btn_free_ad.png,ads2\assets\1_templates\備份\btn_free_ad.png,ads,template,crop,ads2\assets\1_templates,template,raw,uncertain,play,reviewed
file_ecb42889e244410f,arrow,reviewed,,asset_600c1aa4b826d2ff,D:\Projects\adb_vl\ads2\assets\1_templates\備份\close_4.png,ads2\assets\1_templates\備份\close_4.png,ads,template,crop,ads2\assets\1_templates,template,raw,uncertain,,reviewed
file_7d7da0ebe8757d20,x_mark,reviewed,,asset_799dbc67f3bfef79,D:\Projects\adb_vl\ads2\assets\1_templates\備份\close_x_1.png,ads2\assets\1_templates\備份\close_x_1.png,ads,template,crop,ads2\assets\1_templates,template,raw,action_target,,reviewed
file_91401f9fb819693a,x_mark,reviewed,,asset_36b1b5a10f89b840,D:\Projects\adb_vl\ads2\assets\1_templates\備份\close_x_trans.png,ads2\assets\1_templates\備份\close_x_trans.png,ads,template,crop,ads2\assets\1_templates,template,raw,uncertain,,reviewed
file_39c21fa7d94cb2a7,x_mark,reviewed,,asset_4fbcd7df4f1e9032,D:\Projects\adb_vl\ads2\assets\1_templates\備份\close_x_white.png,ads2\assets\1_templates\備份\close_x_white.png,ads,template,crop,ads2\assets\1_templates,template,raw,uncertain,,reviewed
file_804b831df127544b,play_triangle,reviewed,,asset_48f6dabf3e612bc9,D:\Projects\adb_vl\ads2\assets\1_templates\備份\free_ad_1.png,ads2\assets\1_templates\備份\free_ad_1.png,ads,template,crop,ads2\assets\1_templates,template,raw,uncertain,play,reviewed
file_1cb4e2befa222329,got,reviewed,,asset_72c839c107ebef49,D:\Projects\adb_vl\ads2\assets\1_templates\備份\got1.png,ads2\assets\1_templates\備份\got1.png,ads,template,crop,ads2\assets\1_templates,template,raw,uncertain,got,reviewed
file_c9b0f3fff6864aab,got,reviewed,,asset_86d49425885a0694,D:\Projects\adb_vl\ads2\assets\1_templates\備份\got_2.png,ads2\assets\1_templates\備份\got_2.png,ads,template,crop,ads2\assets\1_templates,template,raw,uncertain,got,reviewed
file_cb080ed8eb8801eb,play_triangle,reviewed,,asset_bddb4860eddcb148,D:\Projects\adb_vl\ads2\assets\1_templates\備份\got_8.png,ads2\assets\1_templates\備份\got_8.png,ads,template,crop,ads2\assets\1_templates,template,raw,uncertain,play,reviewed
file_4b55666f7d26ba68,play_triangle,reviewed,,asset_88342de1955d7710,D:\Projects\adb_vl\vision_platform\ads\runtime_collection\click_success\click_success_20260713_080054_581\crops\bbox.png,vision_platform\ads\runtime_collection\click_success\click_success_20260713_080054_581\crops\bbox.png,ads,runtime_collection,crop,vision_platform\ads\runtime_collection,crop,raw,action_target,play,reviewed
file_da24a97c4580a385,arrow|next,reviewed,,asset_8246d10f6c6dfb69,D:\Projects\adb_vl\vision_platform\ads\runtime_collection\click_success\click_success_20260713_080135_133\crops\bbox.png,vision_platform\ads\runtime_collection\click_success\click_success_20260713_080135_133\crops\bbox.png,ads,runtime_collection,crop,vision_platform\ads\runtime_collection,crop,raw,action_target,,reviewed
file_94c067721838b5a7,got,reviewed,,asset_10a60b88bb107d49,D:\Projects\adb_vl\vision_platform\ads\runtime_collection\click_success\click_success_20260713_080145_040\crops\bbox.png,vision_platform\ads\runtime_collection\click_success\click_success_20260713_080145_040\crops\bbox.png,ads,runtime_collection,crop,vision_platform\ads\runtime_collection,crop,raw,action_target,got,reviewed
file_52d5a310ba32c303,play_triangle,reviewed,,asset_542d5a8ba5e8e090,D:\Projects\adb_vl\vision_platform\ads\runtime_collection\click_success\click_success_20260713_080151_966\crops\bbox.png,vision_platform\ads\runtime_collection\click_success\click_success_20260713_080151_966\crops\bbox.png,ads,runtime_collection,crop,vision_platform\ads\runtime_collection,crop,raw,action_target,play,reviewed
file_993270f6ad69f631,arrow|next,reviewed,,asset_b3e20e7760a44b0a,D:\Projects\adb_vl\vision_platform\ads\runtime_collection\click_success\click_success_20260713_080258_516\crops\bbox.png,vision_platform\ads\runtime_collection\click_success\click_success_20260713_080258_516\crops\bbox.png,ads,runtime_collection,crop,vision_platform\ads\runtime_collection,crop,raw,action_target,,reviewed
file_096cbf9643228a54,got,reviewed,,asset_056a75a95fd0004a,D:\Projects\adb_vl\vision_platform\ads\runtime_collection\click_success\click_success_20260713_080308_161\crops\bbox.png,vision_platform\ads\runtime_collection\click_success\click_success_20260713_080308_161\crops\bbox.png,ads,runtime_collection,crop,vision_platform\ads\runtime_collection,crop,raw,action_target,got,reviewed
file_7051ab9bc6b4fb7f,play_triangle,reviewed,,asset_1681b89025c9902b,D:\Projects\adb_vl\vision_platform\ads\runtime_collection\click_success\click_success_20260713_080316_811\crops\bbox.png,vision_platform\ads\runtime_collection\click_success\click_success_20260713_080316_811\crops\bbox.png,ads,runtime_collection,crop,vision_platform\ads\runtime_collection,crop,raw,action_target,got,reviewed
file_7003e76f1c605201,arrow,reviewed,,asset_57a3a364e16b9e38,D:\Projects\adb_vl\vision_platform\ads\runtime_collection\click_success\click_success_20260713_080355_864\crops\bbox.png,vision_platform\ads\runtime_collection\click_success\click_success_20260713_080355_864\crops\bbox.png,ads,runtime_collection,crop,vision_platform\ads\runtime_collection,crop,raw,action_target,,reviewed
file_4b3f40d609b103c8,got,reviewed,,asset_3da5069be36e1858,D:\Projects\adb_vl\vision_platform\ads\runtime_collection\click_success\click_success_20260713_080405_663\crops\bbox.png,vision_platform\ads\runtime_collection\click_success\click_success_20260713_080405_663\crops\bbox.png,ads,runtime_collection,crop,vision_platform\ads\runtime_collection,crop,raw,action_target,got,reviewed
file_a9b3de8ef22b83c9,play_triangle,reviewed,,asset_da86db81efb2b312,D:\Projects\adb_vl\vision_platform\ads\runtime_collection\click_success\click_success_20260713_080412_253\crops\bbox.png,vision_platform\ads\runtime_collection\click_success\click_success_20260713_080412_253\crops\bbox.png,ads,runtime_collection,crop,vision_platform\ads\runtime_collection,crop,raw,action_target,play,reviewed
file_89bf80364d6050d5,arrow,reviewed,,asset_8263ab7cd58c1c1f,D:\Projects\adb_vl\vision_platform\ads\runtime_collection\click_success\click_success_20260713_080451_263\crops\bbox.png,vision_platform\ads\runtime_collection\click_success\click_success_20260713_080451_263\crops\bbox.png,ads,runtime_collection,crop,vision_platform\ads\runtime_collection,crop,raw,action_target,play,reviewed
file_f17f0597f4a960bf,got,reviewed,,asset_28434918920405bd,D:\Projects\adb_vl\vision_platform\ads\runtime_collection\click_success\click_success_20260713_080500_682\crops\bbox.png,vision_platform\ads\runtime_collection\click_success\click_success_20260713_080500_682\crops\bbox.png,ads,runtime_collection,crop,vision_platform\ads\runtime_collection,crop,raw,action_target,play,reviewed
file_3f84811f20709357,play_triangle,reviewed,,asset_bd0db35d86d5fa07,D:\Projects\adb_vl\vision_platform\ads\runtime_collection\click_success\click_success_20260713_080508_706\crops\bbox.png,vision_platform\ads\runtime_collection\click_success\click_success_20260713_080508_706\crops\bbox.png,ads,runtime_collection,crop,vision_platform\ads\runtime_collection,crop,raw,action_target,play,reviewed
file_ef413d45fecc7350,got,reviewed,,asset_fb6f9655e9c30e97,D:\Projects\adb_vl\vision_platform\ads\runtime_collection\click_success\click_success_20260713_080545_818\crops\bbox.png,vision_platform\ads\runtime_collection\click_success\click_success_20260713_080545_818\crops\bbox.png,ads,runtime_collection,crop,vision_platform\ads\runtime_collection,crop,raw,action_target,got,reviewed
file_0ce1716b8f344970,play_triangle,reviewed,,asset_88342de1955d7710,D:\Projects\adb_vl\vision_platform\ads\runtime_collection\click_success\click_success_20260713_080711_318\crops\bbox.png,vision_platform\ads\runtime_collection\click_success\click_success_20260713_080711_318\crops\bbox.png,ads,runtime_collection,crop,vision_platform\ads\runtime_collection,crop,raw,action_target,play,reviewed
file_80933b388bcd6724,arrow|next,reviewed,,asset_52eb220e60027c56,D:\Projects\adb_vl\vision_platform\ads\runtime_collection\click_success\click_success_20260713_080814_562\crops\bbox.png,vision_platform\ads\runtime_collection\click_success\click_success_20260713_080814_562\crops\bbox.png,ads,runtime_collection,crop,vision_platform\ads\runtime_collection,crop,raw,action_target,,reviewed
file_fa231e96cc4ad879,got,reviewed,,asset_7fd813ce3578ef46,D:\Projects\adb_vl\vision_platform\ads\runtime_collection\click_success\click_success_20260713_080823_970\crops\bbox.png,vision_platform\ads\runtime_collection\click_success\click_success_20260713_080823_970\crops\bbox.png,ads,runtime_collection,crop,vision_platform\ads\runtime_collection,crop,raw,action_target,got,reviewed
file_819590d43e808e84,arrow|next,reviewed,,asset_de74d2f098c11963,D:\Projects\adb_vl\vision_platform\ads\runtime_collection\click_success\click_success_20260713_080848_828\crops\bbox.png,vision_platform\ads\runtime_collection\click_success\click_success_20260713_080848_828\crops\bbox.png,ads,runtime_collection,crop,vision_platform\ads\runtime_collection,crop,raw,action_target,,reviewed
file_74eb22cf9cc7cda8,arrow,reviewed,,asset_1a3ff2eb8f7093d8,D:\Projects\adb_vl\vision_platform\ads\runtime_collection\click_success\click_success_20260713_080901_974\crops\bbox.png,vision_platform\ads\runtime_collection\click_success\click_success_20260713_080901_974\crops\bbox.png,ads,runtime_collection,crop,vision_platform\ads\runtime_collection,crop,raw,action_target,,reviewed
file_8c24b44569d0efa9,got,reviewed,,asset_ef8824e2b0e42aaf,D:\Projects\adb_vl\vision_platform\ads\runtime_collection\click_success\click_success_20260713_080907_353\crops\bbox.png,vision_platform\ads\runtime_collection\click_success\click_success_20260713_080907_353\crops\bbox.png,ads,runtime_collection,crop,vision_platform\ads\runtime_collection,crop,raw,action_target,got,reviewed
file_30148b2a62e0ad60,play_triangle,reviewed,,asset_1681b89025c9902b,D:\Projects\adb_vl\vision_platform\ads\runtime_collection\click_success\click_success_20260713_080913_676\crops\bbox.png,vision_platform\ads\runtime_collection\click_success\click_success_20260713_080913_676\crops\bbox.png,ads,runtime_collection,crop,vision_platform\ads\runtime_collection,crop,raw,action_target,play,reviewed
file_5dd1802e3abed8ce,arrow,reviewed,,asset_7c2cc704821e7c64,D:\Projects\adb_vl\vision_platform\ads\runtime_collection\click_success\click_success_20260713_081020_456\crops\bbox.png,vision_platform\ads\runtime_collection\click_success\click_success_20260713_081020_456\crops\bbox.png,ads,runtime_collection,crop,vision_platform\ads\runtime_collection,crop,raw,action_target,,reviewed
file_25f3ac1b552bd237,got,reviewed,,asset_d3a2423f432b3a89,D:\Projects\adb_vl\vision_platform\ads\runtime_collection\click_success\click_success_20260713_081029_964\crops\bbox.png,vision_platform\ads\runtime_collection\click_success\click_success_20260713_081029_964\crops\bbox.png,ads,runtime_collection,crop,vision_platform\ads\runtime_collection,crop,raw,action_target,got,reviewed
file_5aef0a69d205702c,play_triangle,reviewed,,asset_d0c43c6062f54e39,D:\Projects\adb_vl\vision_platform\ads\runtime_collection\click_success\click_success_20260713_081038_362\crops\bbox.png,vision_platform\ads\runtime_collection\click_success\click_success_20260713_081038_362\crops\bbox.png,ads,runtime_collection,crop,vision_platform\ads\runtime_collection,crop,raw,action_target,play,reviewed
file_a54b16efa4d7551a,arrow|next,reviewed,,asset_8524767750bea86e,D:\Projects\adb_vl\vision_platform\ads\runtime_collection\click_success\click_success_20260713_081144_892\crops\bbox.png,vision_platform\ads\runtime_collection\click_success\click_success_20260713_081144_892\crops\bbox.png,ads,runtime_collection,crop,vision_platform\ads\runtime_collection,crop,raw,action_target,,reviewed
file_18b5612cf996a0e2,got,reviewed,,asset_e6692a08aff865cc,D:\Projects\adb_vl\vision_platform\ads\runtime_collection\click_success\click_success_20260713_081154_299\crops\bbox.png,vision_platform\ads\runtime_collection\click_success\click_success_20260713_081154_299\crops\bbox.png,ads,runtime_collection,crop,vision_platform\ads\runtime_collection,crop,raw,action_target,got,reviewed
file_6eeb0cbcc44f6725,play_triangle,reviewed,,asset_56f1aad4a5d1e8bc,D:\Projects\adb_vl\vision_platform\ads\runtime_collection\click_success\click_success_20260713_081203_020\crops\bbox.png,vision_platform\ads\runtime_collection\click_success\click_success_20260713_081203_020\crops\bbox.png,ads,runtime_collection,crop,vision_platform\ads\runtime_collection,crop,raw,action_target,play,reviewed
file_cd87cbee7fb17dd2,arrow|next,reviewed,,asset_8246d10f6c6dfb69,D:\Projects\adb_vl\vision_platform\ads\runtime_collection\click_success\click_success_20260713_081251_268\crops\bbox.png,vision_platform\ads\runtime_collection\click_success\click_success_20260713_081251_268\crops\bbox.png,ads,runtime_collection,crop,vision_platform\ads\runtime_collection,crop,raw,action_target,,reviewed
file_d47e518578ccb400,got,reviewed,,asset_052743a3536937ab,D:\Projects\adb_vl\vision_platform\ads\runtime_collection\click_success\click_success_20260713_081300_633\crops\bbox.png,vision_platform\ads\runtime_collection\click_success\click_success_20260713_081300_633\crops\bbox.png,ads,runtime_collection,crop,vision_platform\ads\runtime_collection,crop,raw,action_target,got,reviewed
file_69fb836754e891f4,play_triangle,reviewed,,asset_88342de1955d7710,D:\Projects\adb_vl\vision_platform\ads\runtime_collection\click_success\click_success_20260713_081501_024\crops\bbox.png,vision_platform\ads\runtime_collection\click_success\click_success_20260713_081501_024\crops\bbox.png,ads,runtime_collection,crop,vision_platform\ads\runtime_collection,crop,raw,action_target,play,reviewed
file_30b93db89322c3ed,x_mark,reviewed,,asset_339992e49e34ab57,D:\Projects\adb_vl\vision_platform\ads\runtime_collection\click_success\click_success_20260713_081518_911\crops\bbox.png,vision_platform\ads\runtime_collection\click_success\click_success_20260713_081518_911\crops\bbox.png,ads,runtime_collection,crop,vision_platform\ads\runtime_collection,crop,raw,action_target,,reviewed
file_8530abf2f6494c7a,got,reviewed,,asset_963baf19279319e4,D:\Projects\adb_vl\vision_platform\ads\runtime_collection\click_success\click_success_20260713_081523_978\crops\bbox.png,vision_platform\ads\runtime_collection\click_success\click_success_20260713_081523_978\crops\bbox.png,ads,runtime_collection,crop,vision_platform\ads\runtime_collection,crop,raw,action_target,got,reviewed
file_80479f91e8f5495e,play_triangle,reviewed,,asset_542d5a8ba5e8e090,D:\Projects\adb_vl\vision_platform\ads\runtime_collection\click_success\click_success_20260713_081529_784\crops\bbox.png,vision_platform\ads\runtime_collection\click_success\click_success_20260713_081529_784\crops\bbox.png,ads,runtime_collection,crop,vision_platform\ads\runtime_collection,crop,raw,action_target,play,reviewed
file_706ed24dc0f647f5,x_mark,reviewed,,asset_2117e8b585c0bc87,D:\Projects\adb_vl\vision_platform\ads\runtime_collection\click_success\click_success_20260713_081547_761\crops\bbox.png,vision_platform\ads\runtime_collection\click_success\click_success_20260713_081547_761\crops\bbox.png,ads,runtime_collection,crop,vision_platform\ads\runtime_collection,crop,raw,action_target,,reviewed
file_15d57ab21d089397,got,reviewed,,asset_737da74c398dd713,D:\Projects\adb_vl\vision_platform\ads\runtime_collection\click_success\click_success_20260713_081552_811\crops\bbox.png,vision_platform\ads\runtime_collection\click_success\click_success_20260713_081552_811\crops\bbox.png,ads,runtime_collection,crop,vision_platform\ads\runtime_collection,crop,raw,action_target,got,reviewed
file_db9ed6991b2b35e2,play_triangle,reviewed,,asset_1681b89025c9902b,D:\Projects\adb_vl\vision_platform\ads\runtime_collection\click_success\click_success_20260713_081558_495\crops\bbox.png,vision_platform\ads\runtime_collection\click_success\click_success_20260713_081558_495\crops\bbox.png,ads,runtime_collection,crop,vision_platform\ads\runtime_collection,crop,raw,action_target,play,reviewed
file_5ba1025efbe9a527,x_mark,reviewed,,asset_497df773d3786fa2,D:\Projects\adb_vl\vision_platform\ads\runtime_collection\click_success\click_success_20260713_081616_570\crops\bbox.png,vision_platform\ads\runtime_collection\click_success\click_success_20260713_081616_570\crops\bbox.png,ads,runtime_collection,crop,vision_platform\ads\runtime_collection,crop,raw,action_target,,reviewed
file_a74329e46e350a11,got,reviewed,,asset_003f01a0aee6b9bc,D:\Projects\adb_vl\vision_platform\ads\runtime_collection\click_success\click_success_20260713_081621_578\crops\bbox.png,vision_platform\ads\runtime_collection\click_success\click_success_20260713_081621_578\crops\bbox.png,ads,runtime_collection,crop,vision_platform\ads\runtime_collection,crop,raw,action_target,got,reviewed
file_10574d3caef6663b,play_triangle,reviewed,,asset_da86db81efb2b312,D:\Projects\adb_vl\vision_platform\ads\runtime_collection\click_success\click_success_20260713_081627_502\crops\bbox.png,vision_platform\ads\runtime_collection\click_success\click_success_20260713_081627_502\crops\bbox.png,ads,runtime_collection,crop,vision_platform\ads\runtime_collection,crop,raw,action_target,play,reviewed
file_b054d740af129652,x_mark,reviewed,,asset_30c8ee229aa044f4,D:\Projects\adb_vl\vision_platform\ads\runtime_collection\click_success\click_success_20260713_081645_261\crops\bbox.png,vision_platform\ads\runtime_collection\click_success\click_success_20260713_081645_261\crops\bbox.png,ads,runtime_collection,crop,vision_platform\ads\runtime_collection,crop,raw,action_target,,reviewed
file_3fb8b5064903ca0c,got,reviewed,,asset_11db72d833ab9f3d,D:\Projects\adb_vl\vision_platform\ads\runtime_collection\click_success\click_success_20260713_081650_337\crops\bbox.png,vision_platform\ads\runtime_collection\click_success\click_success_20260713_081650_337\crops\bbox.png,ads,runtime_collection,crop,vision_platform\ads\runtime_collection,crop,raw,action_target,got,reviewed
file_fd79ffd3d3a51e10,play_triangle,reviewed,,asset_56f1aad4a5d1e8bc,D:\Projects\adb_vl\vision_platform\ads\runtime_collection\click_success\click_success_20260713_081656_210\crops\bbox.png,vision_platform\ads\runtime_collection\click_success\click_success_20260713_081656_210\crops\bbox.png,ads,runtime_collection,crop,vision_platform\ads\runtime_collection,crop,raw,action_target,play,reviewed
file_2a9c4cbc79d3cdd4,x_mark,reviewed,,asset_dfe2e766e76863a7,D:\Projects\adb_vl\vision_platform\ads\runtime_collection\click_success\click_success_20260713_081714_190\crops\bbox.png,vision_platform\ads\runtime_collection\click_success\click_success_20260713_081714_190\crops\bbox.png,ads,runtime_collection,crop,vision_platform\ads\runtime_collection,crop,raw,action_target,,reviewed
file_1d474dd251495027,got,reviewed,,asset_64468130aeae340f,D:\Projects\adb_vl\vision_platform\ads\runtime_collection\click_success\click_success_20260713_081719_192\crops\bbox.png,vision_platform\ads\runtime_collection\click_success\click_success_20260713_081719_192\crops\bbox.png,ads,runtime_collection,crop,vision_platform\ads\runtime_collection,crop,raw,action_target,got,reviewed
file_672929415db32729,play_triangle,reviewed,,asset_88342de1955d7710,D:\Projects\adb_vl\vision_platform\ads\runtime_collection\click_success\click_success_20260713_081911_232\crops\bbox.png,vision_platform\ads\runtime_collection\click_success\click_success_20260713_081911_232\crops\bbox.png,ads,runtime_collection,crop,vision_platform\ads\runtime_collection,crop,raw,action_target,play,reviewed
file_f50bc4b9ee8e7895,x_mark,reviewed,,asset_fdc90db3b9dedd4d,D:\Projects\adb_vl\vision_platform\ads\runtime_collection\click_success\click_success_20260713_081929_330\crops\bbox.png,vision_platform\ads\runtime_collection\click_success\click_success_20260713_081929_330\crops\bbox.png,ads,runtime_collection,crop,vision_platform\ads\runtime_collection,crop,raw,action_target,,reviewed
file_2099c897741bb7ac,got,reviewed,,asset_3f76ae4068c4ab21,D:\Projects\adb_vl\vision_platform\ads\runtime_collection\click_success\click_success_20260713_081934_414\crops\bbox.png,vision_platform\ads\runtime_collection\click_success\click_success_20260713_081934_414\crops\bbox.png,ads,runtime_collection,crop,vision_platform\ads\runtime_collection,crop,raw,action_target,got,reviewed
file_b5d0052acd788220,play_triangle,reviewed,,asset_542d5a8ba5e8e090,D:\Projects\adb_vl\vision_platform\ads\runtime_collection\click_success\click_success_20260713_081940_245\crops\bbox.png,vision_platform\ads\runtime_collection\click_success\click_success_20260713_081940_245\crops\bbox.png,ads,runtime_collection,crop,vision_platform\ads\runtime_collection,crop,raw,action_target,play,reviewed
file_05def3d81c771cda,x_mark,reviewed,,asset_dfe2e766e76863a7,D:\Projects\adb_vl\vision_platform\ads\runtime_collection\click_success\click_success_20260713_081958_183\crops\bbox.png,vision_platform\ads\runtime_collection\click_success\click_success_20260713_081958_183\crops\bbox.png,ads,runtime_collection,crop,vision_platform\ads\runtime_collection,crop,raw,action_target,,reviewed
file_889c5f7849e9e56b,got,reviewed,,asset_3666987badf94225,D:\Projects\adb_vl\vision_platform\ads\runtime_collection\click_success\click_success_20260713_082003_150\crops\bbox.png,vision_platform\ads\runtime_collection\click_success\click_success_20260713_082003_150\crops\bbox.png,ads,runtime_collection,crop,vision_platform\ads\runtime_collection,crop,raw,action_target,got,reviewed
file_9d8d4508c8c86c30,play_triangle,reviewed,,asset_1681b89025c9902b,D:\Projects\adb_vl\vision_platform\ads\runtime_collection\click_success\click_success_20260713_082008_915\crops\bbox.png,vision_platform\ads\runtime_collection\click_success\click_success_20260713_082008_915\crops\bbox.png,ads,runtime_collection,crop,vision_platform\ads\runtime_collection,crop,raw,action_target,play,reviewed
file_75f0a3f1005b8cf5,x_mark,reviewed,,asset_e18d2d36b4462d42,D:\Projects\adb_vl\vision_platform\ads\runtime_collection\click_success\click_success_20260713_082026_800\crops\bbox.png,vision_platform\ads\runtime_collection\click_success\click_success_20260713_082026_800\crops\bbox.png,ads,runtime_collection,crop,vision_platform\ads\runtime_collection,crop,raw,action_target,,reviewed
file_7ba37ba4e13e658e,got,reviewed,,asset_649ddbb0bb1f8942,D:\Projects\adb_vl\vision_platform\ads\runtime_collection\click_success\click_success_20260713_082031_822\crops\bbox.png,vision_platform\ads\runtime_collection\click_success\click_success_20260713_082031_822\crops\bbox.png,ads,runtime_collection,crop,vision_platform\ads\runtime_collection,crop,raw,action_target,got,reviewed
file_3525844c4acdff86,play_triangle,reviewed,,asset_da86db81efb2b312,D:\Projects\adb_vl\vision_platform\ads\runtime_collection\click_success\click_success_20260713_082037_725\crops\bbox.png,vision_platform\ads\runtime_collection\click_success\click_success_20260713_082037_725\crops\bbox.png,ads,runtime_collection,crop,vision_platform\ads\runtime_collection,crop,raw,action_target,play,reviewed
file_b33179d5dfc36f66,x_mark,reviewed,,asset_ee8d8097b6a92785,D:\Projects\adb_vl\vision_platform\ads\runtime_collection\click_success\click_success_20260713_082055_561\crops\bbox.png,vision_platform\ads\runtime_collection\click_success\click_success_20260713_082055_561\crops\bbox.png,ads,runtime_collection,crop,vision_platform\ads\runtime_collection,crop,raw,action_target,,reviewed
file_e3f93854a48c596e,got,reviewed,,asset_ebe1049d4839024b,D:\Projects\adb_vl\vision_platform\ads\runtime_collection\click_success\click_success_20260713_082100_584\crops\bbox.png,vision_platform\ads\runtime_collection\click_success\click_success_20260713_082100_584\crops\bbox.png,ads,runtime_collection,crop,vision_platform\ads\runtime_collection,crop,raw,action_target,got,reviewed
file_6075c2b75004a318,play_triangle,reviewed,,asset_56f1aad4a5d1e8bc,D:\Projects\adb_vl\vision_platform\ads\runtime_collection\click_success\click_success_20260713_082106_393\crops\bbox.png,vision_platform\ads\runtime_collection\click_success\click_success_20260713_082106_393\crops\bbox.png,ads,runtime_collection,crop,vision_platform\ads\runtime_collection,crop,raw,action_target,play,reviewed
file_f2bf26ce0c230be2,x_mark,reviewed,,asset_ea6642c3c3ac92c6,D:\Projects\adb_vl\vision_platform\ads\runtime_collection\click_success\click_success_20260713_082124_182\crops\bbox.png,vision_platform\ads\runtime_collection\click_success\click_success_20260713_082124_182\crops\bbox.png,ads,runtime_collection,crop,vision_platform\ads\runtime_collection,crop,raw,action_target,,reviewed
file_9036c20d93a62e90,got,reviewed,,asset_bac6666a761e1adc,D:\Projects\adb_vl\vision_platform\ads\runtime_collection\click_success\click_success_20260713_082129_269\crops\bbox.png,vision_platform\ads\runtime_collection\click_success\click_success_20260713_082129_269\crops\bbox.png,ads,runtime_collection,crop,vision_platform\ads\runtime_collection,crop,raw,action_target,got,reviewed
file_2d32d81af259db34,free,reviewed,,asset_83b91869426baa8c,D:\Projects\adb_vl\vision_platform\ads\runtime_collection\click_success\click_success_20260713_085553_483\crops\bbox.png,vision_platform\ads\runtime_collection\click_success\click_success_20260713_085553_483\crops\bbox.png,ads,runtime_collection,crop,vision_platform\ads\runtime_collection,crop,raw,action_target,free,reviewed
file_2b98d225f12d47e0,x_mark,reviewed,,asset_497df773d3786fa2,D:\Projects\adb_vl\vision_platform\ads\runtime_collection\click_success\click_success_20260713_085611_661\crops\bbox.png,vision_platform\ads\runtime_collection\click_success\click_success_20260713_085611_661\crops\bbox.png,ads,runtime_collection,crop,vision_platform\ads\runtime_collection,crop,raw,action_target,,reviewed
file_5aae88bba4e0d939,got,reviewed,,asset_5c41eb2044704344,D:\Projects\adb_vl\vision_platform\ads\runtime_collection\click_success\click_success_20260713_085616_610\crops\bbox.png,vision_platform\ads\runtime_collection\click_success\click_success_20260713_085616_610\crops\bbox.png,ads,runtime_collection,crop,vision_platform\ads\runtime_collection,crop,raw,action_target,got,reviewed
file_e2bd959159fec617,free,reviewed,,asset_83b91869426baa8c,D:\Projects\adb_vl\vision_platform\ads\runtime_collection\click_success\click_success_20260713_085623_123\crops\bbox.png,vision_platform\ads\runtime_collection\click_success\click_success_20260713_085623_123\crops\bbox.png,ads,runtime_collection,crop,vision_platform\ads\runtime_collection,crop,raw,action_target,free,reviewed
file_d6d7b8fe54105f23,x_mark,reviewed,,asset_11f12a7a90864764,D:\Projects\adb_vl\vision_platform\ads\runtime_collection\click_success\click_success_20260713_085640_930\crops\bbox.png,vision_platform\ads\runtime_collection\click_success\click_success_20260713_085640_930\crops\bbox.png,ads,runtime_collection,crop,vision_platform\ads\runtime_collection,crop,raw,action_target,,reviewed
file_a13826c1f7dc3962,got,reviewed,,asset_a58eabf57128a6da,D:\Projects\adb_vl\vision_platform\ads\runtime_collection\click_success\click_success_20260713_085645_842\crops\bbox.png,vision_platform\ads\runtime_collection\click_success\click_success_20260713_085645_842\crops\bbox.png,ads,runtime_collection,crop,vision_platform\ads\runtime_collection,crop,raw,action_target,got,reviewed
file_6c2513b39535128b,free,reviewed,,asset_f969550042dd8a5c,D:\Projects\adb_vl\vision_platform\ads\runtime_collection\click_success\click_success_20260713_085652_323\crops\bbox.png,vision_platform\ads\runtime_collection\click_success\click_success_20260713_085652_323\crops\bbox.png,ads,runtime_collection,crop,vision_platform\ads\runtime_collection,crop,raw,action_target,free,reviewed
file_f5a827ce6ecfcbc9,x_mark,reviewed,,asset_dfe2e766e76863a7,D:\Projects\adb_vl\vision_platform\ads\runtime_collection\click_success\click_success_20260713_085710_406\crops\bbox.png,vision_platform\ads\runtime_collection\click_success\click_success_20260713_085710_406\crops\bbox.png,ads,runtime_collection,crop,vision_platform\ads\runtime_collection,crop,raw,action_target,,reviewed
file_89f5783d6a5d01a2,got,reviewed,,asset_5e68128f2f5b8dab,D:\Projects\adb_vl\vision_platform\ads\runtime_collection\click_success\click_success_20260713_085715_383\crops\bbox.png,vision_platform\ads\runtime_collection\click_success\click_success_20260713_085715_383\crops\bbox.png,ads,runtime_collection,crop,vision_platform\ads\runtime_collection,crop,raw,action_target,got,reviewed
file_29945fa12019fd30,free,reviewed,,asset_0f62c98e529b3d06,D:\Projects\adb_vl\vision_platform\ads\runtime_collection\click_success\click_success_20260713_085722_178\crops\bbox.png,vision_platform\ads\runtime_collection\click_success\click_success_20260713_085722_178\crops\bbox.png,ads,runtime_collection,crop,vision_platform\ads\runtime_collection,crop,raw,action_target,free,reviewed
file_809e2278f198a6c1,x_mark,reviewed,,asset_186ef5c07473c5f7,D:\Projects\adb_vl\vision_platform\ads\runtime_collection\click_success\click_success_20260713_085740_231\crops\bbox.png,vision_platform\ads\runtime_collection\click_success\click_success_20260713_085740_231\crops\bbox.png,ads,runtime_collection,crop,vision_platform\ads\runtime_collection,crop,raw,action_target,,reviewed
file_74e06e5ceb318bc4,got,reviewed,,asset_7ea505252b3da083,D:\Projects\adb_vl\vision_platform\ads\runtime_collection\click_success\click_success_20260713_085745_144\crops\bbox.png,vision_platform\ads\runtime_collection\click_success\click_success_20260713_085745_144\crops\bbox.png,ads,runtime_collection,crop,vision_platform\ads\runtime_collection,crop,raw,action_target,got,reviewed
file_11a448cc2c021c50,free,reviewed,,asset_cd28afeb00146427,D:\Projects\adb_vl\vision_platform\ads\runtime_collection\click_success\click_success_20260713_085751_923\crops\bbox.png,vision_platform\ads\runtime_collection\click_success\click_success_20260713_085751_923\crops\bbox.png,ads,runtime_collection,crop,vision_platform\ads\runtime_collection,crop,raw,action_target,free,reviewed
file_3e8530f504ae91eb,x_mark,reviewed,,asset_11f12a7a90864764,D:\Projects\adb_vl\vision_platform\ads\runtime_collection\click_success\click_success_20260713_085809_808\crops\bbox.png,vision_platform\ads\runtime_collection\click_success\click_success_20260713_085809_808\crops\bbox.png,ads,runtime_collection,crop,vision_platform\ads\runtime_collection,crop,raw,action_target,,reviewed
file_4ab6e280b19b2c27,got,reviewed,,asset_2cc9ebf57e082dc9,D:\Projects\adb_vl\vision_platform\ads\runtime_collection\click_success\click_success_20260713_085814_733\crops\bbox.png,vision_platform\ads\runtime_collection\click_success\click_success_20260713_085814_733\crops\bbox.png,ads,runtime_collection,crop,vision_platform\ads\runtime_collection,crop,raw,action_target,got,reviewed
file_25576e1587bb3d2c,free,reviewed,,asset_cd28afeb00146427,D:\Projects\adb_vl\vision_platform\ads\runtime_collection\click_success\click_success_20260713_085821_544\crops\bbox.png,vision_platform\ads\runtime_collection\click_success\click_success_20260713_085821_544\crops\bbox.png,ads,runtime_collection,crop,vision_platform\ads\runtime_collection,crop,raw,action_target,free,reviewed
file_20377abdaa1b4e5b,x_mark,reviewed,,asset_e9a31cd691f5a239,D:\Projects\adb_vl\vision_platform\ads\runtime_collection\click_success\click_success_20260713_085839_414\crops\bbox.png,vision_platform\ads\runtime_collection\click_success\click_success_20260713_085839_414\crops\bbox.png,ads,runtime_collection,crop,vision_platform\ads\runtime_collection,crop,raw,action_target,,reviewed
file_b651671549196160,got,reviewed,,asset_00f7d7b29ed47ea4,D:\Projects\adb_vl\vision_platform\ads\runtime_collection\click_success\click_success_20260713_085844_232\crops\bbox.png,vision_platform\ads\runtime_collection\click_success\click_success_20260713_085844_232\crops\bbox.png,ads,runtime_collection,crop,vision_platform\ads\runtime_collection,crop,raw,action_target,got,reviewed
file_61ea568b16c69a4a,x_mark,reviewed,,asset_5643b71b7351e12b,D:\Projects\adb_vl\vision_platform\ads\runtime_collection\click_success\click_success_20260713_085911_846\crops\bbox.png,vision_platform\ads\runtime_collection\click_success\click_success_20260713_085911_846\crops\bbox.png,ads,runtime_collection,crop,vision_platform\ads\runtime_collection,crop,raw,action_target,,reviewed
file_22c6d5ea5f4ac98b,x_mark,reviewed,,asset_13567d4eacd981a8,D:\Projects\adb_vl\vision_platform\ads\runtime_collection\click_success\click_success_20260713_085925_098\crops\bbox.png,vision_platform\ads\runtime_collection\click_success\click_success_20260713_085925_098\crops\bbox.png,ads,runtime_collection,crop,vision_platform\ads\runtime_collection,crop,raw,action_target,,reviewed
file_5bfda3c051041ad2,got,reviewed,,asset_a91cc48870a330e4,D:\Projects\adb_vl\vision_platform\ads\runtime_collection\click_success\click_success_20260713_085930_193\crops\bbox.png,vision_platform\ads\runtime_collection\click_success\click_success_20260713_085930_193\crops\bbox.png,ads,runtime_collection,crop,vision_platform\ads\runtime_collection,crop,raw,action_target,got,reviewed
file_feba933493202f49,x_mark,reviewed,,asset_de7b8c7922f1f900,D:\Projects\adb_vl\vision_platform\ads\runtime_collection\click_success\click_success_20260713_085957_142\crops\bbox.png,vision_platform\ads\runtime_collection\click_success\click_success_20260713_085957_142\crops\bbox.png,ads,runtime_collection,crop,vision_platform\ads\runtime_collection,crop,raw,action_target,,reviewed
file_ac40e0b46fb02e4d,got,reviewed,,asset_8563daf0cc5f8eee,D:\Projects\adb_vl\vision_platform\ads\runtime_collection\click_success\click_success_20260713_090002_331\crops\bbox.png,vision_platform\ads\runtime_collection\click_success\click_success_20260713_090002_331\crops\bbox.png,ads,runtime_collection,crop,vision_platform\ads\runtime_collection,crop,raw,action_target,got,reviewed
file_107b4cb1288bc630,play_triangle,reviewed,,asset_88342de1955d7710,D:\Projects\adb_vl\vision_platform\ads\runtime_collection\click_success\click_success_20260713_090150_924\crops\bbox.png,vision_platform\ads\runtime_collection\click_success\click_success_20260713_090150_924\crops\bbox.png,ads,runtime_collection,crop,vision_platform\ads\runtime_collection,crop,raw,action_target,play,reviewed
file_94f1bde14ac54667,x_mark,reviewed,,asset_90ce48e4e47a01c1,D:\Projects\adb_vl\vision_platform\ads\runtime_collection\click_success\click_success_20260713_090208_867\crops\bbox.png,vision_platform\ads\runtime_collection\click_success\click_success_20260713_090208_867\crops\bbox.png,ads,runtime_collection,crop,vision_platform\ads\runtime_collection,crop,raw,action_target,,reviewed
file_0d067cdbf10452a5,got,reviewed,,asset_dea8ae9d91e5e666,D:\Projects\adb_vl\vision_platform\ads\runtime_collection\click_success\click_success_20260713_090213_965\crops\bbox.png,vision_platform\ads\runtime_collection\click_success\click_success_20260713_090213_965\crops\bbox.png,ads,runtime_collection,crop,vision_platform\ads\runtime_collection,crop,raw,action_target,got,reviewed
file_87ac57244ab5f299,play_triangle,reviewed,,asset_542d5a8ba5e8e090,D:\Projects\adb_vl\vision_platform\ads\runtime_collection\click_success\click_success_20260713_090219_764\crops\bbox.png,vision_platform\ads\runtime_collection\click_success\click_success_20260713_090219_764\crops\bbox.png,ads,runtime_collection,crop,vision_platform\ads\runtime_collection,crop,raw,action_target,play,reviewed
file_22ff620fe77cc31e,x_mark,reviewed,,asset_6245704c040830e6,D:\Projects\adb_vl\vision_platform\ads\runtime_collection\click_success\click_success_20260713_090237_721\crops\bbox.png,vision_platform\ads\runtime_collection\click_success\click_success_20260713_090237_721\crops\bbox.png,ads,runtime_collection,crop,vision_platform\ads\runtime_collection,crop,raw,action_target,,reviewed
file_e48611eca572140a,got,reviewed,,asset_2a225f2e94246f95,D:\Projects\adb_vl\vision_platform\ads\runtime_collection\click_success\click_success_20260713_090242_795\crops\bbox.png,vision_platform\ads\runtime_collection\click_success\click_success_20260713_090242_795\crops\bbox.png,ads,runtime_collection,crop,vision_platform\ads\runtime_collection,crop,raw,action_target,got,reviewed
file_b9fda2c43c5f7e13,play_triangle,reviewed,,asset_1681b89025c9902b,D:\Projects\adb_vl\vision_platform\ads\runtime_collection\click_success\click_success_20260713_090248_537\crops\bbox.png,vision_platform\ads\runtime_collection\click_success\click_success_20260713_090248_537\crops\bbox.png,ads,runtime_collection,crop,vision_platform\ads\runtime_collection,crop,raw,action_target,play,reviewed
file_e3f11b73be192b16,x_mark,reviewed,,asset_2117e8b585c0bc87,D:\Projects\adb_vl\vision_platform\ads\runtime_collection\click_success\click_success_20260713_090306_881\crops\bbox.png,vision_platform\ads\runtime_collection\click_success\click_success_20260713_090306_881\crops\bbox.png,ads,runtime_collection,crop,vision_platform\ads\runtime_collection,crop,raw,action_target,,reviewed
file_8bd6e958d40d0a1b,got,reviewed,,asset_3911db3a08d8407c,D:\Projects\adb_vl\vision_platform\ads\runtime_collection\click_success\click_success_20260713_090311_972\crops\bbox.png,vision_platform\ads\runtime_collection\click_success\click_success_20260713_090311_972\crops\bbox.png,ads,runtime_collection,crop,vision_platform\ads\runtime_collection,crop,raw,action_target,got,reviewed
file_67b6becbf74cb4f1,play_triangle,reviewed,,asset_da86db81efb2b312,D:\Projects\adb_vl\vision_platform\ads\runtime_collection\click_success\click_success_20260713_090317_809\crops\bbox.png,vision_platform\ads\runtime_collection\click_success\click_success_20260713_090317_809\crops\bbox.png,ads,runtime_collection,crop,vision_platform\ads\runtime_collection,crop,raw,action_target,play,reviewed
file_c3c020f092590994,x_mark,reviewed,,asset_3603e8e8712294aa,D:\Projects\adb_vl\vision_platform\ads\runtime_collection\click_success\click_success_20260713_090335_921\crops\bbox.png,vision_platform\ads\runtime_collection\click_success\click_success_20260713_090335_921\crops\bbox.png,ads,runtime_collection,crop,vision_platform\ads\runtime_collection,crop,raw,action_target,,reviewed
file_ce79f73ed3186b0d,got,reviewed,,asset_49afee44f4eb1fa6,D:\Projects\adb_vl\vision_platform\ads\runtime_collection\click_success\click_success_20260713_090340_942\crops\bbox.png,vision_platform\ads\runtime_collection\click_success\click_success_20260713_090340_942\crops\bbox.png,ads,runtime_collection,crop,vision_platform\ads\runtime_collection,crop,raw,action_target,got,reviewed
file_eb313578ce0e8ad1,play_triangle,reviewed,,asset_56f1aad4a5d1e8bc,D:\Projects\adb_vl\vision_platform\ads\runtime_collection\click_success\click_success_20260713_090346_734\crops\bbox.png,vision_platform\ads\runtime_collection\click_success\click_success_20260713_090346_734\crops\bbox.png,ads,runtime_collection,crop,vision_platform\ads\runtime_collection,crop,raw,action_target,play,reviewed
file_1aef1805ac019b89,x_mark,reviewed,,asset_6245704c040830e6,D:\Projects\adb_vl\vision_platform\ads\runtime_collection\click_success\click_success_20260713_090404_778\crops\bbox.png,vision_platform\ads\runtime_collection\click_success\click_success_20260713_090404_778\crops\bbox.png,ads,runtime_collection,crop,vision_platform\ads\runtime_collection,crop,raw,action_target,,reviewed
file_f9f17c7bbbe70566,got,reviewed,,asset_28ce3027c4b3f3b5,D:\Projects\adb_vl\vision_platform\ads\runtime_collection\click_success\click_success_20260713_090409_815\crops\bbox.png,vision_platform\ads\runtime_collection\click_success\click_success_20260713_090409_815\crops\bbox.png,ads,runtime_collection,crop,vision_platform\ads\runtime_collection,crop,raw,action_target,got,reviewed
file_a6dcd08b6131a096,free,reviewed,,asset_83b91869426baa8c,D:\Projects\adb_vl\vision_platform\ads\runtime_collection\click_success\click_success_20260713_092236_610\crops\bbox.png,vision_platform\ads\runtime_collection\click_success\click_success_20260713_092236_610\crops\bbox.png,ads,runtime_collection,crop,vision_platform\ads\runtime_collection,crop,raw,action_target,free,reviewed
file_05ef3bfa3c39ee51,x_mark,reviewed,,asset_eaa49f6694344ff9,D:\Projects\adb_vl\vision_platform\ads\runtime_collection\click_success\click_success_20260713_092259_291\crops\bbox.png,vision_platform\ads\runtime_collection\click_success\click_success_20260713_092259_291\crops\bbox.png,ads,runtime_collection,crop,vision_platform\ads\runtime_collection,crop,raw,action_target,,reviewed
file_a0e42b51ed07b933,got,reviewed,,asset_b4c1b399a527bf19,D:\Projects\adb_vl\vision_platform\ads\runtime_collection\click_success\click_success_20260713_092304_232\crops\bbox.png,vision_platform\ads\runtime_collection\click_success\click_success_20260713_092304_232\crops\bbox.png,ads,runtime_collection,crop,vision_platform\ads\runtime_collection,crop,raw,action_target,got,reviewed
file_acd7a48387f3eb34,free,reviewed,,asset_83b91869426baa8c,D:\Projects\adb_vl\vision_platform\ads\runtime_collection\click_success\click_success_20260713_092310_697\crops\bbox.png,vision_platform\ads\runtime_collection\click_success\click_success_20260713_092310_697\crops\bbox.png,ads,runtime_collection,crop,vision_platform\ads\runtime_collection,crop,raw,action_target,free,reviewed
file_399bc34ef8ddbc74,x_mark,reviewed,,asset_ea6642c3c3ac92c6,D:\Projects\adb_vl\vision_platform\ads\runtime_collection\click_success\click_success_20260713_092328_718\crops\bbox.png,vision_platform\ads\runtime_collection\click_success\click_success_20260713_092328_718\crops\bbox.png,ads,runtime_collection,crop,vision_platform\ads\runtime_collection,crop,raw,action_target,,reviewed
file_8d4e790d85b34365,got,reviewed,,asset_122938791c6b146a,D:\Projects\adb_vl\vision_platform\ads\runtime_collection\click_success\click_success_20260713_092333_686\crops\bbox.png,vision_platform\ads\runtime_collection\click_success\click_success_20260713_092333_686\crops\bbox.png,ads,runtime_collection,crop,vision_platform\ads\runtime_collection,crop,raw,action_target,got,reviewed
file_299fc7f5bf0cc61f,free,reviewed,,asset_f969550042dd8a5c,D:\Projects\adb_vl\vision_platform\ads\runtime_collection\click_success\click_success_20260713_092340_435\crops\bbox.png,vision_platform\ads\runtime_collection\click_success\click_success_20260713_092340_435\crops\bbox.png,ads,runtime_collection,crop,vision_platform\ads\runtime_collection,crop,raw,action_target,free,reviewed
file_ad7e4eb378125644,x_mark,reviewed,,asset_507e8cbb255ddbba,D:\Projects\adb_vl\vision_platform\ads\runtime_collection\click_success\click_success_20260713_092358_638\crops\bbox.png,vision_platform\ads\runtime_collection\click_success\click_success_20260713_092358_638\crops\bbox.png,ads,runtime_collection,crop,vision_platform\ads\runtime_collection,crop,raw,action_target,,reviewed
file_92496cc044399074,got,reviewed,,asset_ff4135452321c27d,D:\Projects\adb_vl\vision_platform\ads\runtime_collection\click_success\click_success_20260713_092403_554\crops\bbox.png,vision_platform\ads\runtime_collection\click_success\click_success_20260713_092403_554\crops\bbox.png,ads,runtime_collection,crop,vision_platform\ads\runtime_collection,crop,raw,action_target,got,reviewed
file_5037ba8f8428854c,free,reviewed,,asset_0f62c98e529b3d06,D:\Projects\adb_vl\vision_platform\ads\runtime_collection\click_success\click_success_20260713_092410_770\crops\bbox.png,vision_platform\ads\runtime_collection\click_success\click_success_20260713_092410_770\crops\bbox.png,ads,runtime_collection,crop,vision_platform\ads\runtime_collection,crop,raw,action_target,free,reviewed
file_ef5e65b9f913f3ba,x_mark,reviewed,,asset_e18d2d36b4462d42,D:\Projects\adb_vl\vision_platform\ads\runtime_collection\click_success\click_success_20260713_092428_852\crops\bbox.png,vision_platform\ads\runtime_collection\click_success\click_success_20260713_092428_852\crops\bbox.png,ads,runtime_collection,crop,vision_platform\ads\runtime_collection,crop,raw,action_target,,reviewed
file_6baeafdbf1505b34,got,reviewed,,asset_42640b7956e1a5af,D:\Projects\adb_vl\vision_platform\ads\runtime_collection\click_success\click_success_20260713_092433_793\crops\bbox.png,vision_platform\ads\runtime_collection\click_success\click_success_20260713_092433_793\crops\bbox.png,ads,runtime_collection,crop,vision_platform\ads\runtime_collection,crop,raw,action_target,got,reviewed
file_ab90d0a0298a6948,free,reviewed,,asset_cd28afeb00146427,D:\Projects\adb_vl\vision_platform\ads\runtime_collection\click_success\click_success_20260713_092440_855\crops\bbox.png,vision_platform\ads\runtime_collection\click_success\click_success_20260713_092440_855\crops\bbox.png,ads,runtime_collection,crop,vision_platform\ads\runtime_collection,crop,raw,action_target,free,reviewed
file_87d9500c65b6a4f2,x_mark,reviewed,,asset_30c8ee229aa044f4,D:\Projects\adb_vl\vision_platform\ads\runtime_collection\click_success\click_success_20260713_092459_030\crops\bbox.png,vision_platform\ads\runtime_collection\click_success\click_success_20260713_092459_030\crops\bbox.png,ads,runtime_collection,crop,vision_platform\ads\runtime_collection,crop,raw,action_target,,reviewed
file_84a8d2e130401c22,got,reviewed,,asset_d66a3b4c3a54e582,D:\Projects\adb_vl\vision_platform\ads\runtime_collection\click_success\click_success_20260713_092504_003\crops\bbox.png,vision_platform\ads\runtime_collection\click_success\click_success_20260713_092504_003\crops\bbox.png,ads,runtime_collection,crop,vision_platform\ads\runtime_collection,crop,raw,action_target,got,reviewed
file_42bf27b449a4c57a,free,reviewed,,asset_cd28afeb00146427,D:\Projects\adb_vl\vision_platform\ads\runtime_collection\click_success\click_success_20260713_092511_425\crops\bbox.png,vision_platform\ads\runtime_collection\click_success\click_success_20260713_092511_425\crops\bbox.png,ads,runtime_collection,crop,vision_platform\ads\runtime_collection,crop,raw,action_target,free,reviewed
file_e1121a57558fb4d8,x_mark,reviewed,,asset_6cc55a7b44c3cff4,D:\Projects\adb_vl\vision_platform\ads\runtime_collection\click_success\click_success_20260713_092529_928\crops\bbox.png,vision_platform\ads\runtime_collection\click_success\click_success_20260713_092529_928\crops\bbox.png,ads,runtime_collection,crop,vision_platform\ads\runtime_collection,crop,raw,action_target,,reviewed
file_3606147f537f0ca8,got,reviewed,,asset_cd7bd45565e944d8,D:\Projects\adb_vl\vision_platform\ads\runtime_collection\click_success\click_success_20260713_092534_935\crops\bbox.png,vision_platform\ads\runtime_collection\click_success\click_success_20260713_092534_935\crops\bbox.png,ads,runtime_collection,crop,vision_platform\ads\runtime_collection,crop,raw,action_target,got,reviewed
file_910704808a5e9385,x_mark,reviewed,,asset_6335f512afc499b7,D:\Projects\adb_vl\vision_platform\ads\runtime_collection\click_success\click_success_20260713_092617_850\crops\bbox.png,vision_platform\ads\runtime_collection\click_success\click_success_20260713_092617_850\crops\bbox.png,ads,runtime_collection,crop,vision_platform\ads\runtime_collection,crop,raw,action_target,,reviewed
file_8162960727650f5f,got,reviewed,,asset_6555ba34f68fbad7,D:\Projects\adb_vl\vision_platform\ads\runtime_collection\click_success\click_success_20260713_092623_009\crops\bbox.png,vision_platform\ads\runtime_collection\click_success\click_success_20260713_092623_009\crops\bbox.png,ads,runtime_collection,crop,vision_platform\ads\runtime_collection,crop,raw,action_target,got,reviewed
file_7355bcb1bf51b0e6,x_mark,reviewed,,asset_98c24948b203b45b,D:\Projects\adb_vl\vision_platform\ads\runtime_collection\click_success\click_success_20260713_092637_056\crops\bbox.png,vision_platform\ads\runtime_collection\click_success\click_success_20260713_092637_056\crops\bbox.png,ads,runtime_collection,crop,vision_platform\ads\runtime_collection,crop,raw,action_target,,reviewed
file_aaef03b0d97202b8,x_mark,reviewed,,asset_9e1fb426ba026819,D:\Projects\adb_vl\vision_platform\ads\runtime_collection\click_success\click_success_20260713_092646_757\crops\bbox.png,vision_platform\ads\runtime_collection\click_success\click_success_20260713_092646_757\crops\bbox.png,ads,runtime_collection,crop,vision_platform\ads\runtime_collection,crop,raw,action_target,,reviewed
file_e3d10cbaef88c1de,got,reviewed,,asset_5d48d448576b133c,D:\Projects\adb_vl\vision_platform\ads\runtime_collection\click_success\click_success_20260713_092651_933\crops\bbox.png,vision_platform\ads\runtime_collection\click_success\click_success_20260713_092651_933\crops\bbox.png,ads,runtime_collection,crop,vision_platform\ads\runtime_collection,crop,raw,action_target,got,reviewed
file_91d2283860b96df5,play_triangle,reviewed,,asset_88342de1955d7710,D:\Projects\adb_vl\vision_platform\ads\runtime_collection\click_success\click_success_20260713_092817_744\crops\bbox.png,vision_platform\ads\runtime_collection\click_success\click_success_20260713_092817_744\crops\bbox.png,ads,runtime_collection,crop,vision_platform\ads\runtime_collection,crop,raw,action_target,play,reviewed
file_32bf64afd9c4411a,x_mark,reviewed,,asset_dfe2e766e76863a7,D:\Projects\adb_vl\vision_platform\ads\runtime_collection\click_success\click_success_20260713_092835_996\crops\bbox.png,vision_platform\ads\runtime_collection\click_success\click_success_20260713_092835_996\crops\bbox.png,ads,runtime_collection,crop,vision_platform\ads\runtime_collection,crop,raw,action_target,,reviewed
file_d86e984d901f001c,got,reviewed,,asset_054e2d14776c7eaa,D:\Projects\adb_vl\vision_platform\ads\runtime_collection\click_success\click_success_20260713_092841_138\crops\bbox.png,vision_platform\ads\runtime_collection\click_success\click_success_20260713_092841_138\crops\bbox.png,ads,runtime_collection,crop,vision_platform\ads\runtime_collection,crop,raw,action_target,got,reviewed
file_98b7978876377b57,play_triangle,reviewed,,asset_542d5a8ba5e8e090,D:\Projects\adb_vl\vision_platform\ads\runtime_collection\click_success\click_success_20260713_092847_103\crops\bbox.png,vision_platform\ads\runtime_collection\click_success\click_success_20260713_092847_103\crops\bbox.png,ads,runtime_collection,crop,vision_platform\ads\runtime_collection,crop,raw,action_target,play,reviewed
file_5112e13caf63a384,x_mark,reviewed,,asset_36e63d1e55168e8f,D:\Projects\adb_vl\vision_platform\ads\runtime_collection\click_success\click_success_20260713_092905_503\crops\bbox.png,vision_platform\ads\runtime_collection\click_success\click_success_20260713_092905_503\crops\bbox.png,ads,runtime_collection,crop,vision_platform\ads\runtime_collection,crop,raw,action_target,,reviewed
file_5127788b0383ad92,got,reviewed,,asset_ab19bac3e1d1fc80,D:\Projects\adb_vl\vision_platform\ads\runtime_collection\click_success\click_success_20260713_092910_536\crops\bbox.png,vision_platform\ads\runtime_collection\click_success\click_success_20260713_092910_536\crops\bbox.png,ads,runtime_collection,crop,vision_platform\ads\runtime_collection,crop,raw,action_target,got,reviewed
file_17c41195373d39df,play_triangle,reviewed,,asset_1681b89025c9902b,D:\Projects\adb_vl\vision_platform\ads\runtime_collection\click_success\click_success_20260713_092916_449\crops\bbox.png,vision_platform\ads\runtime_collection\click_success\click_success_20260713_092916_449\crops\bbox.png,ads,runtime_collection,crop,vision_platform\ads\runtime_collection,crop,raw,action_target,play,reviewed
file_0b95398e6c4be8d8,x_mark,reviewed,,asset_90ce48e4e47a01c1,D:\Projects\adb_vl\vision_platform\ads\runtime_collection\click_success\click_success_20260713_092934_813\crops\bbox.png,vision_platform\ads\runtime_collection\click_success\click_success_20260713_092934_813\crops\bbox.png,ads,runtime_collection,crop,vision_platform\ads\runtime_collection,crop,raw,action_target,,reviewed
file_fbaa02f8549aa9f7,got,reviewed,,asset_fe628b894f9e9d17,D:\Projects\adb_vl\vision_platform\ads\runtime_collection\click_success\click_success_20260713_092939_863\crops\bbox.png,vision_platform\ads\runtime_collection\click_success\click_success_20260713_092939_863\crops\bbox.png,ads,runtime_collection,crop,vision_platform\ads\runtime_collection,crop,raw,action_target,got,reviewed
file_3f18d06520b7ad61,play_triangle,reviewed,,asset_da86db81efb2b312,D:\Projects\adb_vl\vision_platform\ads\runtime_collection\click_success\click_success_20260713_092945_822\crops\bbox.png,vision_platform\ads\runtime_collection\click_success\click_success_20260713_092945_822\crops\bbox.png,ads,runtime_collection,crop,vision_platform\ads\runtime_collection,crop,raw,action_target,play,reviewed
file_8206cc5578bc22ba,x_mark,reviewed,,asset_7a4697aa90795534,D:\Projects\adb_vl\vision_platform\ads\runtime_collection\click_success\click_success_20260713_093004_075\crops\bbox.png,vision_platform\ads\runtime_collection\click_success\click_success_20260713_093004_075\crops\bbox.png,ads,runtime_collection,crop,vision_platform\ads\runtime_collection,crop,raw,action_target,,reviewed
file_4170949ace142843,got,reviewed,,asset_9e94bd7f0e647f3d,D:\Projects\adb_vl\vision_platform\ads\runtime_collection\click_success\click_success_20260713_093009_136\crops\bbox.png,vision_platform\ads\runtime_collection\click_success\click_success_20260713_093009_136\crops\bbox.png,ads,runtime_collection,crop,vision_platform\ads\runtime_collection,crop,raw,action_target,got,reviewed
file_28f5c856364afeff,play_triangle,reviewed,,asset_56f1aad4a5d1e8bc,D:\Projects\adb_vl\vision_platform\ads\runtime_collection\click_success\click_success_20260713_093014_935\crops\bbox.png,vision_platform\ads\runtime_collection\click_success\click_success_20260713_093014_935\crops\bbox.png,ads,runtime_collection,crop,vision_platform\ads\runtime_collection,crop,raw,action_target,play,reviewed
file_2d90d832b7fe97b8,x_mark,reviewed,,asset_6610b5dfb445dd5f,D:\Projects\adb_vl\vision_platform\ads\runtime_collection\click_success\click_success_20260713_093033_128\crops\bbox.png,vision_platform\ads\runtime_collection\click_success\click_success_20260713_093033_128\crops\bbox.png,ads,runtime_collection,crop,vision_platform\ads\runtime_collection,crop,raw,action_target,,reviewed
file_a2e7dd396ff48987,got,reviewed,,asset_f6644fda6fd59f54,D:\Projects\adb_vl\vision_platform\ads\runtime_collection\click_success\click_success_20260713_093038_210\crops\bbox.png,vision_platform\ads\runtime_collection\click_success\click_success_20260713_093038_210\crops\bbox.png,ads,runtime_collection,crop,vision_platform\ads\runtime_collection,crop,raw,action_target,got,reviewed
file_ee09c70dd73a299b,free,reviewed,,asset_83b91869426baa8c,D:\Projects\adb_vl\vision_platform\ads\runtime_collection\click_success\click_success_20260713_094810_782\crops\bbox.png,vision_platform\ads\runtime_collection\click_success\click_success_20260713_094810_782\crops\bbox.png,ads,runtime_collection,crop,vision_platform\ads\runtime_collection,crop,raw,action_target,free,reviewed
file_ee0387d4d77b785c,arrow|next,reviewed,,asset_ff5fa003b27b535b,D:\Projects\adb_vl\vision_platform\ads\runtime_collection\click_success\click_success_20260713_094919_639\crops\bbox.png,vision_platform\ads\runtime_collection\click_success\click_success_20260713_094919_639\crops\bbox.png,ads,runtime_collection,crop,vision_platform\ads\runtime_collection,crop,raw,action_target,,reviewed
file_f9a4d13ef3124789,got,reviewed,,asset_97db52526fea1d31,D:\Projects\adb_vl\vision_platform\ads\runtime_collection\click_success\click_success_20260713_094928_844\crops\bbox.png,vision_platform\ads\runtime_collection\click_success\click_success_20260713_094928_844\crops\bbox.png,ads,runtime_collection,crop,vision_platform\ads\runtime_collection,crop,raw,action_target,got,reviewed
file_3c1dd248079e27eb,arrow|next,reviewed,,asset_22931ff7d50a4007,D:\Projects\adb_vl\vision_platform\ads\runtime_collection\click_success\click_success_20260713_095042_528\crops\bbox.png,vision_platform\ads\runtime_collection\click_success\click_success_20260713_095042_528\crops\bbox.png,ads,runtime_collection,crop,vision_platform\ads\runtime_collection,crop,raw,action_target,,reviewed
file_11d37ff21c14074b,got,reviewed,,asset_cbed584f4a7a79fc,D:\Projects\adb_vl\vision_platform\ads\runtime_collection\click_success\click_success_20260713_095051_741\crops\bbox.png,vision_platform\ads\runtime_collection\click_success\click_success_20260713_095051_741\crops\bbox.png,ads,runtime_collection,crop,vision_platform\ads\runtime_collection,crop,raw,action_target,got,reviewed
file_58f0089e63510c13,free,reviewed,,asset_f969550042dd8a5c,D:\Projects\adb_vl\vision_platform\ads\runtime_collection\click_success\click_success_20260713_095100_859\crops\bbox.png,vision_platform\ads\runtime_collection\click_success\click_success_20260713_095100_859\crops\bbox.png,ads,runtime_collection,crop,vision_platform\ads\runtime_collection,crop,raw,action_target,free,reviewed
file_8b0c0a1b8dcc6487,arrow,reviewed,,asset_7c2cc704821e7c64,D:\Projects\adb_vl\vision_platform\ads\runtime_collection\click_success\click_success_20260713_095207_013\crops\bbox.png,vision_platform\ads\runtime_collection\click_success\click_success_20260713_095207_013\crops\bbox.png,ads,runtime_collection,crop,vision_platform\ads\runtime_collection,crop,raw,action_target,,reviewed
file_a067bd798a422f13,got,reviewed,,asset_183568ccccf9b17c,D:\Projects\adb_vl\vision_platform\ads\runtime_collection\click_success\click_success_20260713_095216_081\crops\bbox.png,vision_platform\ads\runtime_collection\click_success\click_success_20260713_095216_081\crops\bbox.png,ads,runtime_collection,crop,vision_platform\ads\runtime_collection,crop,raw,action_target,got,reviewed
file_b0c70fd401f60b33,free,reviewed,,asset_0f62c98e529b3d06,D:\Projects\adb_vl\vision_platform\ads\runtime_collection\click_success\click_success_20260713_095225_035\crops\bbox.png,vision_platform\ads\runtime_collection\click_success\click_success_20260713_095225_035\crops\bbox.png,ads,runtime_collection,crop,vision_platform\ads\runtime_collection,crop,raw,action_target,free,reviewed
file_bf5064b3c751fece,arrow|next,reviewed,,asset_57057a2072ac0aa9,D:\Projects\adb_vl\vision_platform\ads\runtime_collection\click_success\click_success_20260713_095331_314\crops\bbox.png,vision_platform\ads\runtime_collection\click_success\click_success_20260713_095331_314\crops\bbox.png,ads,runtime_collection,crop,vision_platform\ads\runtime_collection,crop,raw,action_target,,reviewed
file_313025013de0d9bf,got,reviewed,,asset_3d50df392fb8fb02,D:\Projects\adb_vl\vision_platform\ads\runtime_collection\click_success\click_success_20260713_095340_430\crops\bbox.png,vision_platform\ads\runtime_collection\click_success\click_success_20260713_095340_430\crops\bbox.png,ads,runtime_collection,crop,vision_platform\ads\runtime_collection,crop,raw,action_target,got,reviewed
file_dc8d7a91ae6c1b7a,free,reviewed,,asset_2055f74f2afad9a7,D:\Projects\adb_vl\vision_platform\ads\runtime_collection\click_success\click_success_20260713_095349_700\crops\bbox.png,vision_platform\ads\runtime_collection\click_success\click_success_20260713_095349_700\crops\bbox.png,ads,runtime_collection,crop,vision_platform\ads\runtime_collection,crop,raw,action_target,free,reviewed
file_acb5f507ac5a49a9,arrow,reviewed,,asset_a267329783339e3b,D:\Projects\adb_vl\vision_platform\ads\runtime_collection\click_success\click_success_20260713_095453_234\crops\bbox.png,vision_platform\ads\runtime_collection\click_success\click_success_20260713_095453_234\crops\bbox.png,ads,runtime_collection,crop,vision_platform\ads\runtime_collection,crop,raw,action_target,,reviewed
file_a798424dfdb246f2,got,reviewed,,asset_c5baf12d61cdbd4b,D:\Projects\adb_vl\vision_platform\ads\runtime_collection\click_success\click_success_20260713_095502_252\crops\bbox.png,vision_platform\ads\runtime_collection\click_success\click_success_20260713_095502_252\crops\bbox.png,ads,runtime_collection,crop,vision_platform\ads\runtime_collection,crop,raw,action_target,got,reviewed
file_7898c2909207f993,free,reviewed,,asset_01a630b36d6a62c1,D:\Projects\adb_vl\vision_platform\ads\runtime_collection\click_success\click_success_20260713_095511_360\crops\bbox.png,vision_platform\ads\runtime_collection\click_success\click_success_20260713_095511_360\crops\bbox.png,ads,runtime_collection,crop,vision_platform\ads\runtime_collection,crop,raw,action_target,free,reviewed
file_80043a8ad38fcdf0,arrow|next,reviewed,,asset_c7e460477e6815ca,D:\Projects\adb_vl\vision_platform\ads\runtime_collection\click_success\click_success_20260713_095617_140\crops\bbox.png,vision_platform\ads\runtime_collection\click_success\click_success_20260713_095617_140\crops\bbox.png,ads,runtime_collection,crop,vision_platform\ads\runtime_collection,crop,raw,action_target,,reviewed
file_2d8c856bebd75ce8,got,reviewed,,asset_741a7dc2efc4ab03,D:\Projects\adb_vl\vision_platform\ads\runtime_collection\click_success\click_success_20260713_095626_251\crops\bbox.png,vision_platform\ads\runtime_collection\click_success\click_success_20260713_095626_251\crops\bbox.png,ads,runtime_collection,crop,vision_platform\ads\runtime_collection,crop,raw,action_target,got,reviewed
file_f23916b7cd727fea,got,reviewed,,asset_53debd4fe80fc84a,D:\Projects\adb_vl\vision_platform\ads\runtime_collection\click_success\click_success_20260713_095859_772\crops\bbox.png,vision_platform\ads\runtime_collection\click_success\click_success_20260713_095859_772\crops\bbox.png,ads,runtime_collection,crop,vision_platform\ads\runtime_collection,crop,raw,action_target,got,reviewed
file_4f0533509dde0ef4,arrow,reviewed,,asset_83893a37ecb22a22,D:\Projects\adb_vl\vision_platform\ads\runtime_collection\click_success\click_success_20260713_095949_902\crops\bbox.png,vision_platform\ads\runtime_collection\click_success\click_success_20260713_095949_902\crops\bbox.png,ads,runtime_collection,crop,vision_platform\ads\runtime_collection,crop,raw,action_target,,reviewed
file_1c570333b2533d97,got,reviewed,,asset_1d446d38215dd71a,D:\Projects\adb_vl\vision_platform\ads\runtime_collection\click_success\click_success_20260713_095959_600\crops\bbox.png,vision_platform\ads\runtime_collection\click_success\click_success_20260713_095959_600\crops\bbox.png,ads,runtime_collection,crop,vision_platform\ads\runtime_collection,crop,raw,action_target,got,reviewed
file_a4dedb1f18ff9439,play_triangle,reviewed,,asset_959ff3cdd6771a3f,D:\Projects\adb_vl\vision_platform\ads\runtime_collection\click_success\click_success_20260713_100053_163\crops\bbox.png,vision_platform\ads\runtime_collection\click_success\click_success_20260713_100053_163\crops\bbox.png,ads,runtime_collection,crop,vision_platform\ads\runtime_collection,crop,raw,action_target,play,reviewed
file_8fa1a19595654b28,got,reviewed,,asset_b0b35ce09c8f69e6,D:\Projects\adb_vl\vision_platform\ads\runtime_collection\click_success\click_success_20260713_100125_922\crops\bbox.png,vision_platform\ads\runtime_collection\click_success\click_success_20260713_100125_922\crops\bbox.png,ads,runtime_collection,crop,vision_platform\ads\runtime_collection,crop,raw,action_target,got,reviewed
file_12c96f7abeb57584,play_triangle,reviewed,,asset_542d5a8ba5e8e090,D:\Projects\adb_vl\vision_platform\ads\runtime_collection\click_success\click_success_20260713_100132_667\crops\bbox.png,vision_platform\ads\runtime_collection\click_success\click_success_20260713_100132_667\crops\bbox.png,ads,runtime_collection,crop,vision_platform\ads\runtime_collection,crop,raw,action_target,play,reviewed
file_abe392545a8d5177,x_mark,reviewed,,asset_55fbb5e834c0e298,D:\Projects\adb_vl\vision_platform\ads\runtime_collection\click_success\click_success_20260713_100156_787\crops\bbox.png,vision_platform\ads\runtime_collection\click_success\click_success_20260713_100156_787\crops\bbox.png,ads,runtime_collection,crop,vision_platform\ads\runtime_collection,crop,raw,action_target,,reviewed
file_a6dbca664e932053,got,reviewed,,asset_fe9d31d6ed9b602d,D:\Projects\adb_vl\vision_platform\ads\runtime_collection\click_success\click_success_20260713_100202_021\crops\bbox.png,vision_platform\ads\runtime_collection\click_success\click_success_20260713_100202_021\crops\bbox.png,ads,runtime_collection,crop,vision_platform\ads\runtime_collection,crop,raw,action_target,got,reviewed
file_b2cb2d334ed2695f,play_triangle,reviewed,,asset_1681b89025c9902b,D:\Projects\adb_vl\vision_platform\ads\runtime_collection\click_success\click_success_20260713_100208_161\crops\bbox.png,vision_platform\ads\runtime_collection\click_success\click_success_20260713_100208_161\crops\bbox.png,ads,runtime_collection,crop,vision_platform\ads\runtime_collection,crop,raw,action_target,play,reviewed
file_c09160be9fefe870,arrow,reviewed,,asset_7b1a58c3ef6bea6c,D:\Projects\adb_vl\vision_platform\ads\runtime_collection\click_success\click_success_20260713_100244_003\crops\bbox.png,vision_platform\ads\runtime_collection\click_success\click_success_20260713_100244_003\crops\bbox.png,ads,runtime_collection,crop,vision_platform\ads\runtime_collection,crop,raw,action_target,,reviewed
file_4779a278b028aa94,got,reviewed,,asset_93e8a1c52eeed49d,D:\Projects\adb_vl\vision_platform\ads\runtime_collection\click_success\click_success_20260713_100253_288\crops\bbox.png,vision_platform\ads\runtime_collection\click_success\click_success_20260713_100253_288\crops\bbox.png,ads,runtime_collection,crop,vision_platform\ads\runtime_collection,crop,raw,action_target,got,reviewed
file_333b52283f37291a,play_triangle,reviewed,,asset_d6ebeced837f0875,D:\Projects\adb_vl\vision_platform\ads\runtime_collection\click_success\click_success_20260713_100301_337\crops\bbox.png,vision_platform\ads\runtime_collection\click_success\click_success_20260713_100301_337\crops\bbox.png,ads,runtime_collection,crop,vision_platform\ads\runtime_collection,crop,raw,action_target,play,reviewed
file_e220e13fef12d437,arrow|next,reviewed,,asset_7b686d6471fd540c,D:\Projects\adb_vl\vision_platform\ads\runtime_collection\click_success\click_success_20260713_100319_204\crops\bbox.png,vision_platform\ads\runtime_collection\click_success\click_success_20260713_100319_204\crops\bbox.png,ads,runtime_collection,crop,vision_platform\ads\runtime_collection,crop,raw,action_target,,reviewed
file_1d5e457bcbcb4021,arrow|next,reviewed,,asset_7e28f00f839fce1f,D:\Projects\adb_vl\vision_platform\ads\runtime_collection\click_success\click_success_20260713_100332_771\crops\bbox.png,vision_platform\ads\runtime_collection\click_success\click_success_20260713_100332_771\crops\bbox.png,ads,runtime_collection,crop,vision_platform\ads\runtime_collection,crop,raw,action_target,,reviewed
file_c4b10a260a8dd4ba,got,reviewed,,asset_ec0f3962ae857614,D:\Projects\adb_vl\vision_platform\ads\runtime_collection\click_success\click_success_20260713_100337_863\crops\bbox.png,vision_platform\ads\runtime_collection\click_success\click_success_20260713_100337_863\crops\bbox.png,ads,runtime_collection,crop,vision_platform\ads\runtime_collection,crop,raw,action_target,got,reviewed
file_98370146f870c367,play_triangle,reviewed,,asset_b0fb1915ebdcef1f,D:\Projects\adb_vl\vision_platform\ads\runtime_collection\click_success\click_success_20260713_100345_889\crops\bbox.png,vision_platform\ads\runtime_collection\click_success\click_success_20260713_100345_889\crops\bbox.png,ads,runtime_collection,crop,vision_platform\ads\runtime_collection,crop,raw,action_target,play,reviewed
file_3dc0d458cc883ee3,arrow|next,reviewed,,asset_57057a2072ac0aa9,D:\Projects\adb_vl\vision_platform\ads\runtime_collection\click_success\click_success_20260713_100447_093\crops\bbox.png,vision_platform\ads\runtime_collection\click_success\click_success_20260713_100447_093\crops\bbox.png,ads,runtime_collection,crop,vision_platform\ads\runtime_collection,crop,raw,action_target,,reviewed
file_3812d68168c166a4,got,reviewed,,asset_b1f9c1b9f8fac2f0,D:\Projects\adb_vl\vision_platform\ads\runtime_collection\click_success\click_success_20260713_100456_732\crops\bbox.png,vision_platform\ads\runtime_collection\click_success\click_success_20260713_100456_732\crops\bbox.png,ads,runtime_collection,crop,vision_platform\ads\runtime_collection,crop,raw,action_target,got,reviewed
file_51ff00bc3d7603bf,free,reviewed,,asset_83b91869426baa8c,D:\Projects\adb_vl\vision_platform\ads\runtime_collection\click_success\click_success_20260713_101942_470\crops\bbox.png,vision_platform\ads\runtime_collection\click_success\click_success_20260713_101942_470\crops\bbox.png,ads,runtime_collection,crop,vision_platform\ads\runtime_collection,crop,raw,action_target,free,reviewed
file_396637fffb08b166,got,reviewed,,asset_6464ee682b6e9539,D:\Projects\adb_vl\vision_platform\ads\runtime_collection\click_success\click_success_20260713_102018_720\crops\bbox.png,vision_platform\ads\runtime_collection\click_success\click_success_20260713_102018_720\crops\bbox.png,ads,runtime_collection,crop,vision_platform\ads\runtime_collection,crop,raw,action_target,got,reviewed
file_e399230a20703d71,free,reviewed,,asset_14a81fb73235b2ae,D:\Projects\adb_vl\vision_platform\ads\runtime_collection\click_success\click_success_20260713_102027_859\crops\bbox.png,vision_platform\ads\runtime_collection\click_success\click_success_20260713_102027_859\crops\bbox.png,ads,runtime_collection,crop,vision_platform\ads\runtime_collection,crop,raw,action_target,free,reviewed
file_1621862b6acb7cf3,arrow|next,reviewed,,asset_ff5fa003b27b535b,D:\Projects\adb_vl\vision_platform\ads\runtime_collection\click_success\click_success_20260713_102134_709\crops\bbox.png,vision_platform\ads\runtime_collection\click_success\click_success_20260713_102134_709\crops\bbox.png,ads,runtime_collection,crop,vision_platform\ads\runtime_collection,crop,raw,action_target,,reviewed
file_62c3dd3102650707,got,reviewed,,asset_a6a1a807225333d3,D:\Projects\adb_vl\vision_platform\ads\runtime_collection\click_success\click_success_20260713_102143_549\crops\bbox.png,vision_platform\ads\runtime_collection\click_success\click_success_20260713_102143_549\crops\bbox.png,ads,runtime_collection,crop,vision_platform\ads\runtime_collection,crop,raw,action_target,got,reviewed
file_e2acb648add334e4,free,reviewed,,asset_f969550042dd8a5c,D:\Projects\adb_vl\vision_platform\ads\runtime_collection\click_success\click_success_20260713_102152_561\crops\bbox.png,vision_platform\ads\runtime_collection\click_success\click_success_20260713_102152_561\crops\bbox.png,ads,runtime_collection,crop,vision_platform\ads\runtime_collection,crop,raw,action_target,free,reviewed
file_ee87316a9ecc6f93,arrow|next,reviewed,,asset_c7e460477e6815ca,D:\Projects\adb_vl\vision_platform\ads\runtime_collection\click_success\click_success_20260713_102257_097\crops\bbox.png,vision_platform\ads\runtime_collection\click_success\click_success_20260713_102257_097\crops\bbox.png,ads,runtime_collection,crop,vision_platform\ads\runtime_collection,crop,raw,action_target,,reviewed
file_6c9d7fd2cf8b2a09,got,reviewed,,asset_263d9bbf7a74f119,D:\Projects\adb_vl\vision_platform\ads\runtime_collection\click_success\click_success_20260713_102305_939\crops\bbox.png,vision_platform\ads\runtime_collection\click_success\click_success_20260713_102305_939\crops\bbox.png,ads,runtime_collection,crop,vision_platform\ads\runtime_collection,crop,raw,action_target,got,reviewed
file_885c0ed210a32954,free,reviewed,,asset_0f62c98e529b3d06,D:\Projects\adb_vl\vision_platform\ads\runtime_collection\click_success\click_success_20260713_102315_017\crops\bbox.png,vision_platform\ads\runtime_collection\click_success\click_success_20260713_102315_017\crops\bbox.png,ads,runtime_collection,crop,vision_platform\ads\runtime_collection,crop,raw,action_target,free,reviewed
file_3aaed400e7ccbc64,arrow,reviewed,,asset_7fa875a023c06075,D:\Projects\adb_vl\vision_platform\ads\runtime_collection\click_success\click_success_20260713_102419_119\crops\bbox.png,vision_platform\ads\runtime_collection\click_success\click_success_20260713_102419_119\crops\bbox.png,ads,runtime_collection,crop,vision_platform\ads\runtime_collection,crop,raw,action_target,,reviewed
file_ec52bec92f18b3a6,got,reviewed,,asset_09db06e79617a5ab,D:\Projects\adb_vl\vision_platform\ads\runtime_collection\click_success\click_success_20260713_102427_930\crops\bbox.png,vision_platform\ads\runtime_collection\click_success\click_success_20260713_102427_930\crops\bbox.png,ads,runtime_collection,crop,vision_platform\ads\runtime_collection,crop,raw,action_target,got,reviewed
file_6950c99c8d27fc0f,free,reviewed,,asset_b24e578fa8ac8e25,D:\Projects\adb_vl\vision_platform\ads\runtime_collection\click_success\click_success_20260713_102437_108\crops\bbox.png,vision_platform\ads\runtime_collection\click_success\click_success_20260713_102437_108\crops\bbox.png,ads,runtime_collection,crop,vision_platform\ads\runtime_collection,crop,raw,action_target,free,reviewed
file_1c610c21e82f0a3b,arrow,reviewed,,asset_3e2ac2ef5377fc3b,D:\Projects\adb_vl\vision_platform\ads\runtime_collection\click_success\click_success_20260713_102508_020\crops\bbox.png,vision_platform\ads\runtime_collection\click_success\click_success_20260713_102508_020\crops\bbox.png,ads,runtime_collection,crop,vision_platform\ads\runtime_collection,crop,raw,action_target,,reviewed
file_561deffd5e29abeb,got,reviewed,,asset_cc988facf7de4b10,D:\Projects\adb_vl\vision_platform\ads\runtime_collection\click_success\click_success_20260713_102516_921\crops\bbox.png,vision_platform\ads\runtime_collection\click_success\click_success_20260713_102516_921\crops\bbox.png,ads,runtime_collection,crop,vision_platform\ads\runtime_collection,crop,raw,action_target,got,reviewed
file_034039de9157fe6e,free,reviewed,,asset_49c3633bf8d96c23,D:\Projects\adb_vl\vision_platform\ads\runtime_collection\click_success\click_success_20260713_102525_452\crops\bbox.png,vision_platform\ads\runtime_collection\click_success\click_success_20260713_102525_452\crops\bbox.png,ads,runtime_collection,crop,vision_platform\ads\runtime_collection,crop,raw,action_target,free,reviewed
file_4b40434ea29380f7,arrow,reviewed,,asset_7acc39b655a0bda9,D:\Projects\adb_vl\vision_platform\ads\runtime_collection\click_success\click_success_20260713_102601_006\crops\bbox.png,vision_platform\ads\runtime_collection\click_success\click_success_20260713_102601_006\crops\bbox.png,ads,runtime_collection,crop,vision_platform\ads\runtime_collection,crop,raw,action_target,,reviewed
file_f759dfcce3ea6dba,got,reviewed,,asset_8f85cf781a2c4892,D:\Projects\adb_vl\vision_platform\ads\runtime_collection\click_success\click_success_20260713_102609_950\crops\bbox.png,vision_platform\ads\runtime_collection\click_success\click_success_20260713_102609_950\crops\bbox.png,ads,runtime_collection,crop,vision_platform\ads\runtime_collection,crop,raw,action_target,got,reviewed
file_4efc8ba784626b00,got,reviewed,,asset_673e1ce09b1c7183,D:\Projects\adb_vl\vision_platform\ads\runtime_collection\click_success\click_success_20260713_102831_533\crops\bbox.png,vision_platform\ads\runtime_collection\click_success\click_success_20260713_102831_533\crops\bbox.png,ads,runtime_collection,crop,vision_platform\ads\runtime_collection,crop,raw,action_target,got,reviewed
file_28db17c1fdc6810f,negative,reviewed,,asset_13fae01f38c68d9b,D:\Projects\adb_vl\vision_platform\ads\runtime_collection\click_success\click_success_20260713_102840_468\crops\bbox.png,vision_platform\ads\runtime_collection\click_success\click_success_20260713_102840_468\crops\bbox.png,ads,runtime_collection,crop,vision_platform\ads\runtime_collection,crop,raw,action_target,,reviewed
file_709feda930d44fc0,arrow|next,reviewed,,asset_161fe2d19fd904c5,D:\Projects\adb_vl\vision_platform\ads\runtime_collection\click_success\click_success_20260713_102941_228\crops\bbox.png,vision_platform\ads\runtime_collection\click_success\click_success_20260713_102941_228\crops\bbox.png,ads,runtime_collection,crop,vision_platform\ads\runtime_collection,crop,raw,action_target,,reviewed
file_5bb144b3ebce64b2,got,reviewed,,asset_88b020cf71cd95fe,D:\Projects\adb_vl\vision_platform\ads\runtime_collection\click_success\click_success_20260713_102950_486\crops\bbox.png,vision_platform\ads\runtime_collection\click_success\click_success_20260713_102950_486\crops\bbox.png,ads,runtime_collection,crop,vision_platform\ads\runtime_collection,crop,raw,action_target,got,reviewed
file_ac3e4fe5765358fe,play_triangle,reviewed,,asset_88342de1955d7710,D:\Projects\adb_vl\vision_platform\ads\runtime_collection\click_success\click_success_20260713_103043_470\crops\bbox.png,vision_platform\ads\runtime_collection\click_success\click_success_20260713_103043_470\crops\bbox.png,ads,runtime_collection,crop,vision_platform\ads\runtime_collection,crop,raw,action_target,play,reviewed
file_a5745491741dd931,got,reviewed,,asset_d94098ff97a6d4e1,D:\Projects\adb_vl\vision_platform\ads\runtime_collection\click_success\click_success_20260713_103115_232\crops\bbox.png,vision_platform\ads\runtime_collection\click_success\click_success_20260713_103115_232\crops\bbox.png,ads,runtime_collection,crop,vision_platform\ads\runtime_collection,crop,raw,action_target,got,reviewed
file_53aaf77bc2d63184,play_triangle,reviewed,,asset_76e8e41d64c43242,D:\Projects\adb_vl\vision_platform\ads\runtime_collection\click_success\click_success_20260713_103123_852\crops\bbox.png,vision_platform\ads\runtime_collection\click_success\click_success_20260713_103123_852\crops\bbox.png,ads,runtime_collection,crop,vision_platform\ads\runtime_collection,crop,raw,action_target,play,reviewed
file_0b9a658f960097b9,arrow|next,reviewed,,asset_ff5fa003b27b535b,D:\Projects\adb_vl\vision_platform\ads\runtime_collection\click_success\click_success_20260713_103231_073\crops\bbox.png,vision_platform\ads\runtime_collection\click_success\click_success_20260713_103231_073\crops\bbox.png,ads,runtime_collection,crop,vision_platform\ads\runtime_collection,crop,raw,action_target,,reviewed
file_0e55e2d594079fed,got,reviewed,,asset_56d393572f6f818f,D:\Projects\adb_vl\vision_platform\ads\runtime_collection\click_success\click_success_20260713_103240_006\crops\bbox.png,vision_platform\ads\runtime_collection\click_success\click_success_20260713_103240_006\crops\bbox.png,ads,runtime_collection,crop,vision_platform\ads\runtime_collection,crop,raw,action_target,got,reviewed
file_0cb007c6af738353,play_triangle,reviewed,,asset_472bfd838b165cc8,D:\Projects\adb_vl\vision_platform\ads\runtime_collection\click_success\click_success_20260713_103248_223\crops\bbox.png,vision_platform\ads\runtime_collection\click_success\click_success_20260713_103248_223\crops\bbox.png,ads,runtime_collection,crop,vision_platform\ads\runtime_collection,crop,raw,action_target,play,reviewed
file_0cb2478740ea3954,arrow|next,reviewed,,asset_c7e460477e6815ca,D:\Projects\adb_vl\vision_platform\ads\runtime_collection\click_success\click_success_20260713_103353_299\crops\bbox.png,vision_platform\ads\runtime_collection\click_success\click_success_20260713_103353_299\crops\bbox.png,ads,runtime_collection,crop,vision_platform\ads\runtime_collection,crop,raw,action_target,,reviewed
file_da898d64ad5b3d30,got,reviewed,,asset_2b0bcfa2d943e368,D:\Projects\adb_vl\vision_platform\ads\runtime_collection\click_success\click_success_20260713_103403_052\crops\bbox.png,vision_platform\ads\runtime_collection\click_success\click_success_20260713_103403_052\crops\bbox.png,ads,runtime_collection,crop,vision_platform\ads\runtime_collection,crop,raw,action_target,got,reviewed
file_95b833f90a11d605,play_triangle,reviewed,,asset_c2c2dd5810451d31,D:\Projects\adb_vl\vision_platform\ads\runtime_collection\click_success\click_success_20260713_103411_857\crops\bbox.png,vision_platform\ads\runtime_collection\click_success\click_success_20260713_103411_857\crops\bbox.png,ads,runtime_collection,crop,vision_platform\ads\runtime_collection,crop,raw,action_target,play,reviewed
file_54dcfd8a6e1ab7bd,arrow|next,reviewed,,asset_57057a2072ac0aa9,D:\Projects\adb_vl\vision_platform\ads\runtime_collection\click_success\click_success_20260713_103511_714\crops\bbox.png,vision_platform\ads\runtime_collection\click_success\click_success_20260713_103511_714\crops\bbox.png,ads,runtime_collection,crop,vision_platform\ads\runtime_collection,crop,raw,action_target,,reviewed
file_02ce57272c84b6f5,got,reviewed,,asset_6e8a5d255426a167,D:\Projects\adb_vl\vision_platform\ads\runtime_collection\click_success\click_success_20260713_103520_712\crops\bbox.png,vision_platform\ads\runtime_collection\click_success\click_success_20260713_103520_712\crops\bbox.png,ads,runtime_collection,crop,vision_platform\ads\runtime_collection,crop,raw,action_target,got,reviewed
file_5d7a867c228aefef,play_triangle,reviewed,,asset_ebdc895ca71436f4,D:\Projects\adb_vl\vision_platform\ads\runtime_collection\click_success\click_success_20260713_103528_711\crops\bbox.png,vision_platform\ads\runtime_collection\click_success\click_success_20260713_103528_711\crops\bbox.png,ads,runtime_collection,crop,vision_platform\ads\runtime_collection,crop,raw,action_target,play,reviewed
file_201035a596c9f39e,arrow,reviewed,,asset_8bcc258909ab5d1b,D:\Projects\adb_vl\vision_platform\ads\runtime_collection\click_success\click_success_20260713_103600_510\crops\bbox.png,vision_platform\ads\runtime_collection\click_success\click_success_20260713_103600_510\crops\bbox.png,ads,runtime_collection,crop,vision_platform\ads\runtime_collection,crop,raw,action_target,,reviewed
file_dd15bfd220012da9,got,reviewed,,asset_5d8ca4120212a47b,D:\Projects\adb_vl\vision_platform\ads\runtime_collection\click_success\click_success_20260713_103609_541\crops\bbox.png,vision_platform\ads\runtime_collection\click_success\click_success_20260713_103609_541\crops\bbox.png,ads,runtime_collection,crop,vision_platform\ads\runtime_collection,crop,raw,action_target,got,reviewed
file_235d042046ef0efc,free,reviewed,,asset_300c377715d5afb0,D:\Projects\adb_vl\vision_platform\ads\runtime_collection\click_success\click_success_20260713_132307_180\crops\bbox.png,vision_platform\ads\runtime_collection\click_success\click_success_20260713_132307_180\crops\bbox.png,ads,runtime_collection,crop,vision_platform\ads\runtime_collection,crop,raw,action_target,free,reviewed
file_12942deaafab87b9,arrow|next,reviewed,,asset_52eb220e60027c56,D:\Projects\adb_vl\vision_platform\ads\runtime_collection\click_success\click_success_20260713_132413_787\crops\bbox.png,vision_platform\ads\runtime_collection\click_success\click_success_20260713_132413_787\crops\bbox.png,ads,runtime_collection,crop,vision_platform\ads\runtime_collection,crop,raw,action_target,,reviewed
file_a574b3c911c67677,free,reviewed,,asset_0ca047e6691654c6,D:\Projects\adb_vl\vision_platform\ads\runtime_collection\click_success\click_success_20260713_132432_330\crops\bbox.png,vision_platform\ads\runtime_collection\click_success\click_success_20260713_132432_330\crops\bbox.png,ads,runtime_collection,crop,vision_platform\ads\runtime_collection,crop,raw,action_target,free,reviewed
file_6a655907ea5df0f6,arrow,reviewed,,asset_5ae52b786c1d5b30,D:\Projects\adb_vl\vision_platform\ads\runtime_collection\click_success\click_success_20260713_132506_535\crops\bbox.png,vision_platform\ads\runtime_collection\click_success\click_success_20260713_132506_535\crops\bbox.png,ads,runtime_collection,crop,vision_platform\ads\runtime_collection,crop,raw,action_target,,reviewed
file_20bbead1e685ba75,got,reviewed,,asset_1ff75886bdde89cb,D:\Projects\adb_vl\vision_platform\ads\runtime_collection\click_success\click_success_20260713_132517_247\crops\bbox.png,vision_platform\ads\runtime_collection\click_success\click_success_20260713_132517_247\crops\bbox.png,ads,runtime_collection,crop,vision_platform\ads\runtime_collection,crop,raw,action_target,got,reviewed
file_1d5070a87234423c,free,reviewed,,asset_fac9e420afb5975f,D:\Projects\adb_vl\vision_platform\ads\runtime_collection\click_success\click_success_20260713_132525_866\crops\bbox.png,vision_platform\ads\runtime_collection\click_success\click_success_20260713_132525_866\crops\bbox.png,ads,runtime_collection,crop,vision_platform\ads\runtime_collection,crop,raw,action_target,free,reviewed
file_255e40d648488c61,arrow,reviewed,,asset_8263ab7cd58c1c1f,D:\Projects\adb_vl\vision_platform\ads\runtime_collection\click_success\click_success_20260713_132603_698\crops\bbox.png,vision_platform\ads\runtime_collection\click_success\click_success_20260713_132603_698\crops\bbox.png,ads,runtime_collection,crop,vision_platform\ads\runtime_collection,crop,raw,action_target,play,reviewed
file_e41974232e7b3369,got,reviewed,,asset_25a22f5df74ffae1,D:\Projects\adb_vl\vision_platform\ads\runtime_collection\click_success\click_success_20260713_132613_620\crops\bbox.png,vision_platform\ads\runtime_collection\click_success\click_success_20260713_132613_620\crops\bbox.png,ads,runtime_collection,crop,vision_platform\ads\runtime_collection,crop,raw,action_target,got,reviewed
file_5e2cb9b5f76696fd,free,reviewed,,asset_d39eaaf081574a79,D:\Projects\adb_vl\vision_platform\ads\runtime_collection\click_success\click_success_20260713_135019_884\crops\bbox.png,vision_platform\ads\runtime_collection\click_success\click_success_20260713_135019_884\crops\bbox.png,ads,runtime_collection,crop,vision_platform\ads\runtime_collection,crop,raw,action_target,,reviewed
file_e1800e087389adce,got|x_mark,reviewed,,asset_4d6685ea797b7292,D:\Projects\adb_vl\vision_platform\ads\runtime_collection\click_success\click_success_20260713_135039_335\crops\bbox.png,vision_platform\ads\runtime_collection\click_success\click_success_20260713_135039_335\crops\bbox.png,ads,runtime_collection,crop,vision_platform\ads\runtime_collection,crop,raw,action_target,,reviewed
file_fb098839f9644186,free,reviewed,,asset_fac9e420afb5975f,D:\Projects\adb_vl\vision_platform\ads\runtime_collection\click_success\click_success_20260713_135045_291\crops\bbox.png,vision_platform\ads\runtime_collection\click_success\click_success_20260713_135045_291\crops\bbox.png,ads,runtime_collection,crop,vision_platform\ads\runtime_collection,crop,raw,action_target,free,reviewed
file_095d6322a813c6b4,x_mark,reviewed,,asset_6d53b8801d29cfb7,D:\Projects\adb_vl\vision_platform\ads\runtime_collection\click_success\click_success_20260713_135103_925\crops\bbox.png,vision_platform\ads\runtime_collection\click_success\click_success_20260713_135103_925\crops\bbox.png,ads,runtime_collection,crop,vision_platform\ads\runtime_collection,crop,raw,action_target,,reviewed
file_f1e86606970a4098,got|x_mark,reviewed,,asset_6f98cd8786ef6aa9,D:\Projects\adb_vl\vision_platform\ads\runtime_collection\click_success\click_success_20260713_135109_301\crops\bbox.png,vision_platform\ads\runtime_collection\click_success\click_success_20260713_135109_301\crops\bbox.png,ads,runtime_collection,crop,vision_platform\ads\runtime_collection,crop,raw,action_target,,reviewed
file_bfec20153c26acc4,free,reviewed,,asset_fac9e420afb5975f,D:\Projects\adb_vl\vision_platform\ads\runtime_collection\click_success\click_success_20260713_135115_758\crops\bbox.png,vision_platform\ads\runtime_collection\click_success\click_success_20260713_135115_758\crops\bbox.png,ads,runtime_collection,crop,vision_platform\ads\runtime_collection,crop,raw,action_target,free,reviewed
file_70e06950bb8b1955,x_mark,reviewed,,asset_6245704c040830e6,D:\Projects\adb_vl\vision_platform\ads\runtime_collection\click_success\click_success_20260713_135134_191\crops\bbox.png,vision_platform\ads\runtime_collection\click_success\click_success_20260713_135134_191\crops\bbox.png,ads,runtime_collection,crop,vision_platform\ads\runtime_collection,crop,raw,action_target,,reviewed
file_60bac38a55997464,got|x_mark,reviewed,,asset_c9fd61a5d932e963,D:\Projects\adb_vl\vision_platform\ads\runtime_collection\click_success\click_success_20260713_135139_606\crops\bbox.png,vision_platform\ads\runtime_collection\click_success\click_success_20260713_135139_606\crops\bbox.png,ads,runtime_collection,crop,vision_platform\ads\runtime_collection,crop,raw,action_target,,reviewed
file_c24e99671a1ad255,free,reviewed,,asset_fac9e420afb5975f,D:\Projects\adb_vl\vision_platform\ads\runtime_collection\click_success\click_success_20260713_135145_455\crops\bbox.png,vision_platform\ads\runtime_collection\click_success\click_success_20260713_135145_455\crops\bbox.png,ads,runtime_collection,crop,vision_platform\ads\runtime_collection,crop,raw,action_target,free,reviewed
file_886b5d6376adfe5c,x_mark,reviewed,,asset_90ce48e4e47a01c1,D:\Projects\adb_vl\vision_platform\ads\runtime_collection\click_success\click_success_20260713_135203_544\crops\bbox.png,vision_platform\ads\runtime_collection\click_success\click_success_20260713_135203_544\crops\bbox.png,ads,runtime_collection,crop,vision_platform\ads\runtime_collection,crop,raw,action_target,,reviewed
file_e8cec87605007653,got,reviewed,,asset_d03e45f89671476c,D:\Projects\adb_vl\vision_platform\ads\runtime_collection\click_success\click_success_20260713_135208_961\crops\bbox.png,vision_platform\ads\runtime_collection\click_success\click_success_20260713_135208_961\crops\bbox.png,ads,runtime_collection,crop,vision_platform\ads\runtime_collection,crop,raw,action_target,,reviewed
file_8ffbba45af380a08,free|got|x_mark,reviewed,,asset_02c72c16cadd5f8d,D:\Projects\adb_vl\vision_platform\ads\runtime_collection\click_success\click_success_20260713_135749_996\crops\bbox.png,vision_platform\ads\runtime_collection\click_success\click_success_20260713_135749_996\crops\bbox.png,ads,runtime_collection,crop,vision_platform\ads\runtime_collection,crop,raw,action_target,,reviewed
file_336863d2e06088df,x_mark,reviewed,,asset_cd2eb5e6a77d8f9f,D:\Projects\adb_vl\vision_platform\ads\runtime_collection\click_success\click_success_20260713_135808_322\crops\bbox.png,vision_platform\ads\runtime_collection\click_success\click_success_20260713_135808_322\crops\bbox.png,ads,runtime_collection,crop,vision_platform\ads\runtime_collection,crop,raw,action_target,,reviewed
file_169eb54afbb52619,got,reviewed,,asset_91f479ecaa1bfa86,D:\Projects\adb_vl\vision_platform\ads\runtime_collection\click_success\click_success_20260713_135813_823\crops\bbox.png,vision_platform\ads\runtime_collection\click_success\click_success_20260713_135813_823\crops\bbox.png,ads,runtime_collection,crop,vision_platform\ads\runtime_collection,crop,raw,action_target,,reviewed
file_0eaa4839c84ae728,free,reviewed,,asset_fac9e420afb5975f,D:\Projects\adb_vl\vision_platform\ads\runtime_collection\click_success\click_success_20260713_135819_740\crops\bbox.png,vision_platform\ads\runtime_collection\click_success\click_success_20260713_135819_740\crops\bbox.png,ads,runtime_collection,crop,vision_platform\ads\runtime_collection,crop,raw,action_target,free,reviewed
file_475f74fc1f507182,x_mark,reviewed,,asset_f469d877decb6ba4,D:\Projects\adb_vl\vision_platform\ads\runtime_collection\click_success\click_success_20260713_135838_244\crops\bbox.png,vision_platform\ads\runtime_collection\click_success\click_success_20260713_135838_244\crops\bbox.png,ads,runtime_collection,crop,vision_platform\ads\runtime_collection,crop,raw,action_target,,reviewed
file_b69dcf4baa8fa608,got,reviewed,,asset_603ade2051e58c6b,D:\Projects\adb_vl\vision_platform\ads\runtime_collection\click_success\click_success_20260713_135843_585\crops\bbox.png,vision_platform\ads\runtime_collection\click_success\click_success_20260713_135843_585\crops\bbox.png,ads,runtime_collection,crop,vision_platform\ads\runtime_collection,crop,raw,action_target,,reviewed
file_d8447af34fcfeb43,free,reviewed,,asset_fac9e420afb5975f,D:\Projects\adb_vl\vision_platform\ads\runtime_collection\click_success\click_success_20260713_135849_493\crops\bbox.png,vision_platform\ads\runtime_collection\click_success\click_success_20260713_135849_493\crops\bbox.png,ads,runtime_collection,crop,vision_platform\ads\runtime_collection,crop,raw,action_target,free,reviewed
file_b5ceb53f6363eb00,x_mark,reviewed,,asset_1bcb39cc4cf3bcf4,D:\Projects\adb_vl\vision_platform\ads\runtime_collection\click_success\click_success_20260713_135907_953\crops\bbox.png,vision_platform\ads\runtime_collection\click_success\click_success_20260713_135907_953\crops\bbox.png,ads,runtime_collection,crop,vision_platform\ads\runtime_collection,crop,raw,action_target,,reviewed
file_ebae8724ba32676c,got|x_mark,reviewed,,asset_a7d9dca074810b98,D:\Projects\adb_vl\vision_platform\ads\runtime_collection\click_success\click_success_20260713_135913_569\crops\bbox.png,vision_platform\ads\runtime_collection\click_success\click_success_20260713_135913_569\crops\bbox.png,ads,runtime_collection,crop,vision_platform\ads\runtime_collection,crop,raw,action_target,,reviewed
file_979f91745dd47490,free,reviewed,,asset_02c72c16cadd5f8d,D:\Projects\adb_vl\vision_platform\ads\runtime_collection\click_success\click_success_20260713_162808_649\crops\bbox.png,vision_platform\ads\runtime_collection\click_success\click_success_20260713_162808_649\crops\bbox.png,ads,runtime_collection,crop,vision_platform\ads\runtime_collection,crop,raw,action_target,,reviewed
file_bacdf7e09c08d915,arrow|next,reviewed,,asset_57057a2072ac0aa9,D:\Projects\adb_vl\vision_platform\ads\runtime_collection\click_success\click_success_20260713_162912_856\crops\bbox.png,vision_platform\ads\runtime_collection\click_success\click_success_20260713_162912_856\crops\bbox.png,ads,runtime_collection,crop,vision_platform\ads\runtime_collection,crop,raw,action_target,,reviewed
file_4a79ba7a94cfeb5a,got|x_mark,reviewed,,asset_f4267fd43f7332c6,D:\Projects\adb_vl\vision_platform\ads\runtime_collection\click_success\click_success_20260713_162923_454\crops\bbox.png,vision_platform\ads\runtime_collection\click_success\click_success_20260713_162923_454\crops\bbox.png,ads,runtime_collection,crop,vision_platform\ads\runtime_collection,crop,raw,action_target,,reviewed
file_60b5def19a7c9a71,free,reviewed,,asset_fac9e420afb5975f,D:\Projects\adb_vl\vision_platform\ads\runtime_collection\click_success\click_success_20260713_162932_645\crops\bbox.png,vision_platform\ads\runtime_collection\click_success\click_success_20260713_162932_645\crops\bbox.png,ads,runtime_collection,crop,vision_platform\ads\runtime_collection,crop,raw,action_target,free,reviewed
file_10ad0c35675aa5ca,arrow|next,reviewed,,asset_8524767750bea86e,D:\Projects\adb_vl\vision_platform\ads\runtime_collection\click_success\click_success_20260713_163040_449\crops\bbox.png,vision_platform\ads\runtime_collection\click_success\click_success_20260713_163040_449\crops\bbox.png,ads,runtime_collection,crop,vision_platform\ads\runtime_collection,crop,raw,action_target,,reviewed
file_ed775e73f24dae53,got|x_mark,reviewed,,asset_57705cc7f11a2a7f,D:\Projects\adb_vl\vision_platform\ads\runtime_collection\click_success\click_success_20260713_163051_076\crops\bbox.png,vision_platform\ads\runtime_collection\click_success\click_success_20260713_163051_076\crops\bbox.png,ads,runtime_collection,crop,vision_platform\ads\runtime_collection,crop,raw,action_target,,reviewed
file_704278aafd9cec6b,free,reviewed,,asset_fac9e420afb5975f,D:\Projects\adb_vl\vision_platform\ads\runtime_collection\click_success\click_success_20260713_163100_630\crops\bbox.png,vision_platform\ads\runtime_collection\click_success\click_success_20260713_163100_630\crops\bbox.png,ads,runtime_collection,crop,vision_platform\ads\runtime_collection,crop,raw,action_target,free,reviewed
file_ed00cb5095d619f9,arrow,reviewed,,asset_7c2cc704821e7c64,D:\Projects\adb_vl\vision_platform\ads\runtime_collection\click_success\click_success_20260713_163154_531\crops\bbox.png,vision_platform\ads\runtime_collection\click_success\click_success_20260713_163154_531\crops\bbox.png,ads,runtime_collection,crop,vision_platform\ads\runtime_collection,crop,raw,action_target,,reviewed
file_dddc8918627d32c5,got|x_mark,reviewed,,asset_fbc8aa9f5506c36f,D:\Projects\adb_vl\vision_platform\ads\runtime_collection\click_success\click_success_20260713_163205_424\crops\bbox.png,vision_platform\ads\runtime_collection\click_success\click_success_20260713_163205_424\crops\bbox.png,ads,runtime_collection,crop,vision_platform\ads\runtime_collection,crop,raw,action_target,,reviewed
