event_id,timestamp,source_session,proposal_source,template_name,template_confidence,expected_family,top_family,top_p,expected_p,verified_success,screen_change_score,bbox,click_xy,event_dir,pre_click,post_click,bbox_crop,bbox_context_crop,p_x_mark,p_play_triangle,p_google_play,p_next,p_free,p_got,p_arrow,run_seed42_p_x_mark,run_seed42_p_play_triangle,run_seed42_p_google_play,run_seed42_p_next,run_seed42_p_free,run_seed42_p_got,run_seed42_p_arrow,run_seed43_p_x_mark,run_seed43_p_play_triangle,run_seed43_p_google_play,run_seed43_p_next,run_seed43_p_free,run_seed43_p_got,run_seed43_p_arrow,run_seed44_p_x_mark,run_seed44_p_play_triangle,run_seed44_p_google_play,run_seed44_p_next,run_seed44_p_free,run_seed44_p_got,run_seed44_p_arrow
20260719_093751_311,2026-07-19T09:37:51+0800,ads2_click_success_20260719_093751_311,free_ad_template,close_26.png,0.7624269127845764,free,free,0.9927587310473124,0.9927587310473124,True,66.34340277777778,"[878, 354, 34, 19]","[895, 363]",vision_platform\ads\runtime_collection\click_success\click_success_20260719_093751_311,D:\Projects\adb_vl\vision_platform\ads\runtime_collection\click_success\click_success_20260719_093751_311\pre_click.png,D:\Projects\adb_vl\vision_platform\ads\runtime_collection\click_success\click_success_20260719_093751_311\post_click.png,D:\Projects\adb_vl\vision_platform\ads\runtime_collection\click_success\click_success_20260719_093751_311\crops\bbox.png,D:\Projects\adb_vl\vision_platform\ads\runtime_collection\click_success\click_success_20260719_093751_311\crops\bbox_context_1_5x.png,0.008132712760319313,0.004360780507947008,0.004159554877939324,0.016067049466073513,0.9927587310473124,0.0018482098433499534,0.028355566784739494,0.004156500566750765,0.002939888508990407,0.0006525941425934434,0.0038360590115189552,0.9961912631988525,0.0003828714834526181,0.02768193930387497,0.007408612407743931,0.002931388560682535,0.007204001769423485,0.02249404415488243,0.9961982369422913,0.0022177768405526876,0.025056784972548485,0.012833025306463242,0.007211064454168081,0.0046220687218010426,0.021871045231819153,0.9858866930007935,0.0029439812060445547,0.03232797607779503
20260719_093814_574,2026-07-19T09:38:14+0800,ads2_click_success_20260719_093814_574,close_template,close_24.png,0.9865567088127136,x_mark,x_mark,0.8775915106137594,0.8775915106137594,True,93.55388888888889,"[911, 25, 40, 33]","[931, 41]",vision_platform\ads\runtime_collection\click_success\click_success_20260719_093814_574,D:\Projects\adb_vl\vision_platform\ads\runtime_collection\click_success\click_success_20260719_093814_574\pre_click.png,D:\Projects\adb_vl\vision_platform\ads\runtime_collection\click_success\click_success_20260719_093814_574\post_click.png,D:\Projects\adb_vl\vision_platform\ads\runtime_collection\click_success\click_success_20260719_093814_574\crops\bbox.png,D:\Projects\adb_vl\vision_platform\ads\runtime_collection\click_success\click_success_20260719_093814_574\crops\bbox_context_1_5x.png,0.8775915106137594,0.011000568668047586,0.053446441888809204,0.06702558882534504,0.04465711504841844,0.023260253520372014,0.843375543753306,0.9901374578475952,0.007849780842661858,0.005804724991321564,0.007386399433016777,0.0019513298757374287,0.001716099795885384,0.8416029810905457,0.9433644413948059,0.015025046654045582,0.08464056998491287,0.07238990813493729,0.011106390506029129,0.003531881608068943,0.8658328652381897,0.699272632598877,0.010126878507435322,0.06989403069019318,0.12130045890808105,0.12091362476348877,0.06453277915716171,0.8226907849311829
20260719_093819_308,2026-07-19T09:38:19+0800,ads2_click_success_20260719_093819_308,got_template,got2.png,0.9780173301696777,got,got,0.942039410273234,0.942039410273234,True,44.613680555555554,"[414, 134, 139, 47]","[483, 157]",vision_platform\ads\runtime_collection\click_success\click_success_20260719_093819_308,D:\Projects\adb_vl\vision_platform\ads\runtime_collection\click_success\click_success_20260719_093819_308\pre_click.png,D:\Projects\adb_vl\vision_platform\ads\runtime_collection\click_success\click_success_20260719_093819_308\post_click.png,D:\Projects\adb_vl\vision_platform\ads\runtime_collection\click_success\click_success_20260719_093819_308\crops\bbox.png,D:\Projects\adb_vl\vision_platform\ads\runtime_collection\click_success\click_success_20260719_093819_308\crops\bbox_context_1_5x.png,0.027236753065759938,0.0011771316446053486,0.007533021659279863,0.04951040648544828,0.03864619539429744,0.942039410273234,0.03332085721194744,0.003414224134758115,8.208423969335854e-05,0.0017696155700832605,0.007285273168236017,0.0009447599295526743,0.9997102618217468,0.005292645655572414,0.0035368050448596478,0.0003046725469175726,0.001953144557774067,0.028186053037643433,0.0032653145026415586,0.9949175119400024,0.008785421960055828,0.07475923001766205,0.0031446381472051144,0.01887630484998226,0.1130598932504654,0.11172851175069809,0.8314904570579529,0.08588450402021408
20260719_093855_744,2026-07-19T09:38:55+0800,ads2_click_success_20260719_093855_744,close_template,ad_issue_20260606_052002_roi_15.png,0.9777366518974304,x_mark,arrow,0.7392154335975647,0.6931019822756449,True,122.278125,"[18, 24, 50, 39]","[43, 43]",vision_platform\ads\runtime_collection\click_success\click_success_20260719_093855_744,D:\Projects\adb_vl\vision_platform\ads\runtime_collection\click_success\click_success_20260719_093855_744\pre_click.png,D:\Projects\adb_vl\vision_platform\ads\runtime_collection\click_success\click_success_20260719_093855_744\post_click.png,D:\Projects\adb_vl\vision_platform\ads\runtime_collection\click_success\click_success_20260719_093855_744\crops\bbox.png,D:\Projects\adb_vl\vision_platform\ads\runtime_collection\click_success\click_success_20260719_093855_744\crops\bbox_context_1_5x.png,0.6931019822756449,0.0029533707371835285,0.0032872853268296844,0.010924867036616584,0.0838805662157635,0.0021832365600857884,0.7392154335975647,0.7408055663108826,0.00023813357984181494,2.45631472353125e-05,0.00010681755520636216,0.0067653474397957325,0.00033764075487852097,0.866864800453186,0.6505374908447266,0.0002486156881786883,0.0017495404463261366,0.0064997016452252865,0.011967580765485764,0.00032980667310766876,0.8114873170852661,0.6879628896713257,0.008373362943530083,0.008087752386927605,0.026168081909418106,0.23290877044200897,0.005882262252271175,0.5392941832542419
20260719_093900_785,2026-07-19T09:39:00+0800,ads2_click_success_20260719_093900_785,got_template,got2.png,0.980842649936676,got,got,0.9723448554674784,0.9723448554674784,True,42.24701388888889,"[414, 134, 139, 47]","[483, 157]",vision_platform\ads\runtime_collection\click_success\click_success_20260719_093900_785,D:\Projects\adb_vl\vision_platform\ads\runtime_collection\click_success\click_success_20260719_093900_785\pre_click.png,D:\Projects\adb_vl\vision_platform\ads\runtime_collection\click_success\click_success_20260719_093900_785\post_click.png,D:\Projects\adb_vl\vision_platform\ads\runtime_collection\click_success\click_success_20260719_093900_785\crops\bbox.png,D:\Projects\adb_vl\vision_platform\ads\runtime_collection\click_success\click_success_20260719_093900_785\crops\bbox_context_1_5x.png,0.02665906259790063,0.0007516288411958764,0.005772208794951439,0.07779334113001823,0.025466990036269028,0.9723448554674784,0.028360902952651184,0.012335298582911491,0.00045450913603417575,0.004125370644032955,0.05175265297293663,0.003039935603737831,0.9995973706245422,0.009121420793235302,0.007703257258981466,0.0006832096260040998,0.007319226395338774,0.0811060220003128,0.00890346895903349,0.9986310601234436,0.015920668840408325,0.05993863195180893,0.0011171677615493536,0.005872029345482588,0.10052134841680527,0.06445756554603577,0.9188061356544495,0.06004061922430992
20260719_093925_477,2026-07-19T09:39:25+0800,ads2_click_success_20260719_093925_477,close_template,close_11.png,0.9661058187484741,x_mark,arrow,0.967121422290802,0.4154805640379588,True,44.16506944444444,"[30, 29, 74, 23]","[67, 40]",vision_platform\ads\runtime_collection\click_success\click_success_20260719_093925_477,D:\Projects\adb_vl\vision_platform\ads\runtime_collection\click_success\click_success_20260719_093925_477\pre_click.png,D:\Projects\adb_vl\vision_platform\ads\runtime_collection\click_success\click_success_20260719_093925_477\post_click.png,D:\Projects\adb_vl\vision_platform\ads\runtime_collection\click_success\click_success_20260719_093925_477\crops\bbox.png,D:\Projects\adb_vl\vision_platform\ads\runtime_collection\click_success\click_success_20260719_093925_477\crops\bbox_context_1_5x.png,0.4154805640379588,0.0022982570032278695,0.030276681606968243,0.03574418586989244,0.07220593684663375,0.008741309478258094,0.967121422290802,0.3999932110309601,0.0012280791997909546,0.006908239796757698,0.015334336087107658,0.008454225026071072,0.0034199741203337908,0.9893102645874023,0.38995859026908875,0.0026681520976126194,0.05125846713781357,0.03684382885694504,0.00746583566069603,0.005121165420860052,0.9751623868942261,0.4564898908138275,0.002998539712280035,0.032663337886333466,0.05505439266562462,0.20069774985313416,0.017682788893580437,0.9368916153907776
20260719_093942_272,2026-07-19T09:39:42+0800,ads2_click_success_20260719_093942_272,close_template,close_11.png,0.9857980012893677,x_mark,arrow,0.9396879076957703,0.4018828868865967,True,113.2161111111111,"[30, 29, 74, 23]","[67, 40]",vision_platform\ads\runtime_collection\click_success\click_success_20260719_093942_272,D:\Projects\adb_vl\vision_platform\ads\runtime_collection\click_success\click_success_20260719_093942_272\pre_click.png,D:\Projects\adb_vl\vision_platform\ads\runtime_collection\click_success\click_success_20260719_093942_272\post_click.png,D:\Projects\adb_vl\vision_platform\ads\runtime_collection\click_success\click_success_20260719_093942_272\crops\bbox.png,D:\Projects\adb_vl\vision_platform\ads\runtime_collection\click_success\click_success_20260719_093942_272\crops\bbox_context_1_5x.png,0.4018828868865967,0.0023195698158815503,0.011024137182782093,0.03207850021620592,0.04593495807300011,0.007192025659605861,0.9396879076957703,0.48880821466445923,0.004279404878616333,0.007485021837055683,0.013195449486374855,0.048673149198293686,0.010947942733764648,0.9893895983695984,0.2700950503349304,0.00190362345892936,0.017869137227535248,0.046901773661375046,0.00693956483155489,0.007992998696863651,0.986011266708374,0.4467453956604004,0.000775681110098958,0.00771825248375535,0.036138277500867844,0.08219216018915176,0.0026351355481892824,0.8436628580093384
20260719_093947_006,2026-07-19T09:39:47+0800,ads2_click_success_20260719_093947_006,got_template,got2.png,0.9793420433998108,got,got,0.9596369663874308,0.9596369663874308,True,41.42208333333333,"[414, 134, 139, 47]","[483, 157]",vision_platform\ads\runtime_collection\click_success\click_success_20260719_093947_006,D:\Projects\adb_vl\vision_platform\ads\runtime_collection\click_success\click_success_20260719_093947_006\pre_click.png,D:\Projects\adb_vl\vision_platform\ads\runtime_collection\click_success\click_success_20260719_093947_006\post_click.png,D:\Projects\adb_vl\vision_platform\ads\runtime_collection\click_success\click_success_20260719_093947_006\crops\bbox.png,D:\Projects\adb_vl\vision_platform\ads\runtime_collection\click_success\click_success_20260719_093947_006\crops\bbox_context_1_5x.png,0.06382378439108531,0.0007901081892972192,0.01642637016872565,0.05073860784371694,0.013243928706894318,0.9596369663874308,0.022143022778133552,0.025325607508420944,0.0006000598077662289,0.008882001973688602,0.04116215929389,0.016103411093354225,0.9993436932563782,0.0031563069205731153,0.017418060451745987,0.000657527067232877,0.014219417236745358,0.046177636831998825,0.006888388190418482,0.9990066885948181,0.0031201078090816736,0.148727685213089,0.0011127376928925514,0.02617769129574299,0.064876027405262,0.016739986836910248,0.8805605173110962,0.060152653604745865
20260719_093953_788,2026-07-19T09:39:53+0800,ads2_click_success_20260719_093953_788,free_ad_template,free_ad_3.png,0.9999861717224121,free,free,0.9756608406702677,0.9756608406702677,True,57.657986111111114,"[599, 352, 38, 24]","[618, 364]",vision_platform\ads\runtime_collection\click_success\click_success_20260719_093953_788,D:\Projects\adb_vl\vision_platform\ads\runtime_collection\click_success\click_success_20260719_093953_788\pre_click.png,D:\Projects\adb_vl\vision_platform\ads\runtime_collection\click_success\click_success_20260719_093953_788\post_click.png,D:\Projects\adb_vl\vision_platform\ads\runtime_collection\click_success\click_success_20260719_093953_788\crops\bbox.png,D:\Projects\adb_vl\vision_platform\ads\runtime_collection\click_success\click_success_20260719_093953_788\crops\bbox_context_1_5x.png,0.006479972430194418,0.0010451202494247507,0.0035857261003305516,0.019823476672172546,0.9756608406702677,0.0003560233114209647,0.07287061338623364,0.002299804938957095,0.00074548035627231,0.0012933791149407625,0.009280210360884666,0.9943471550941467,5.497067468240857e-05,0.02558063715696335,0.005179206375032663,0.00026867820997722447,0.0030142972245812416,0.021608049049973488,0.9748706817626953,8.444143168162555e-05,0.1466570645570755,0.011960905976593494,0.0021212021820247173,0.00644950196146965,0.028582170605659485,0.9577646851539612,0.00092865782789886,0.046374138444662094
20260719_094035_435,2026-07-19T09:40:35+0800,ads2_click_success_20260719_094035_435,got_template,got2.png,0.9770531058311462,got,got,0.9571917454401652,0.9571917454401652,True,38.32284722222222,"[414, 134, 139, 47]","[483, 157]",vision_platform\ads\runtime_collection\click_success\click_success_20260719_094035_435,D:\Projects\adb_vl\vision_platform\ads\runtime_collection\click_success\click_success_20260719_094035_435\pre_click.png,D:\Projects\adb_vl\vision_platform\ads\runtime_collection\click_success\click_success_20260719_094035_435\post_click.png,D:\Projects\adb_vl\vision_platform\ads\runtime_collection\click_success\click_success_20260719_094035_435\crops\bbox.png,D:\Projects\adb_vl\vision_platform\ads\runtime_collection\click_success\click_success_20260719_094035_435\crops\bbox_context_1_5x.png,0.04483699301878611,0.0008741128064381579,0.007168550432349245,0.023504257202148438,0.01067800548238059,0.9571917454401652,0.014445383373337487,0.009261631406843662,0.0003149182884953916,0.003199762897565961,0.010487275198101997,0.004595983773469925,0.9999145269393921,0.001555721159093082,0.00944658275693655,0.00028321240097284317,0.005113095976412296,0.017555223777890205,0.003864479484036565,0.9996401071548462,0.0035195965319871902,0.11580276489257812,0.002024207729846239,0.013192792423069477,0.04247027263045311,0.023573553189635277,0.8720206022262573,0.03826083242893219
20260719_094100_229,2026-07-19T09:41:00+0800,ads2_click_success_20260719_094100_229,close_template,close_11.png,0.9661167860031128,x_mark,arrow,0.966679314772288,0.4341355462869008,True,44.855555555555554,"[30, 29, 74, 23]","[67, 40]",vision_platform\ads\runtime_collection\click_success\click_success_20260719_094100_229,D:\Projects\adb_vl\vision_platform\ads\runtime_collection\click_success\click_success_20260719_094100_229\pre_click.png,D:\Projects\adb_vl\vision_platform\ads\runtime_collection\click_success\click_success_20260719_094100_229\post_click.png,D:\Projects\adb_vl\vision_platform\ads\runtime_collection\click_success\click_success_20260719_094100_229\crops\bbox.png,D:\Projects\adb_vl\vision_platform\ads\runtime_collection\click_success\click_success_20260719_094100_229\crops\bbox_context_1_5x.png,0.4341355462869008,0.0028575158212333918,0.033197271171957254,0.03944409638643265,0.08069472558175524,0.010695501696318388,0.966679314772288,0.38995125889778137,0.0014374814927577972,0.0073482985608279705,0.01566411927342415,0.007759926375001669,0.003940801601856947,0.9888166189193726,0.42456191778182983,0.0035773913841694593,0.05466008931398392,0.040414415299892426,0.009277615696191788,0.007015318609774113,0.975016176700592,0.4878934621810913,0.0035576745867729187,0.037583425641059875,0.06225375458598137,0.22504663467407227,0.021130384877324104,0.9362051486968994
20260719_094116_897,2026-07-19T09:41:16+0800,ads2_click_success_20260719_094116_897,close_template,close_11.png,0.9858080148696899,x_mark,arrow,0.9423244396845499,0.4170621931552887,True,116.28236111111111,"[30, 29, 74, 23]","[67, 40]",vision_platform\ads\runtime_collection\click_success\click_success_20260719_094116_897,D:\Projects\adb_vl\vision_platform\ads\runtime_collection\click_success\click_success_20260719_094116_897\pre_click.png,D:\Projects\adb_vl\vision_platform\ads\runtime_collection\click_success\click_success_20260719_094116_897\post_click.png,D:\Projects\adb_vl\vision_platform\ads\runtime_collection\click_success\click_success_20260719_094116_897\crops\bbox.png,D:\Projects\adb_vl\vision_platform\ads\runtime_collection\click_success\click_success_20260719_094116_897\crops\bbox_context_1_5x.png,0.4170621931552887,0.0020933018337624767,0.010041189224769672,0.029265477942923706,0.039336698440214,0.006753564191361268,0.9423244396845499,0.5186200141906738,0.0036728372797369957,0.006854919716715813,0.011170628480613232,0.03441084176301956,0.010222116485238075,0.9891868233680725,0.26421883702278137,0.0017217473359778523,0.015792660415172577,0.04181572049856186,0.005369997583329678,0.007161356974393129,0.9858314990997314,0.4683477282524109,0.0008853208855725825,0.007475987542420626,0.034810084849596024,0.07822925597429276,0.0028772191144526005,0.851954996585846
20260719_094121_626,2026-07-19T09:41:21+0800,ads2_click_success_20260719_094121_626,got_template,got2.png,0.9772746562957764,got,got,0.9705683390299479,0.9705683390299479,True,38.53395833333333,"[414, 134, 139, 47]","[483, 157]",vision_platform\ads\runtime_collection\click_success\click_success_20260719_094121_626,D:\Projects\adb_vl\vision_platform\ads\runtime_collection\click_success\click_success_20260719_094121_626\pre_click.png,D:\Projects\adb_vl\vision_platform\ads\runtime_collection\click_success\click_success_20260719_094121_626\post_click.png,D:\Projects\adb_vl\vision_platform\ads\runtime_collection\click_success\click_success_20260719_094121_626\crops\bbox.png,D:\Projects\adb_vl\vision_platform\ads\runtime_collection\click_success\click_success_20260719_094121_626\crops\bbox_context_1_5x.png,0.0504931565374136,0.0010283596930094063,0.01986991676191489,0.04234505941470464,0.012206237375115355,0.9705683390299479,0.03616104368120432,0.013131493702530861,0.0004474337329156697,0.00427624024450779,0.021723024547100067,0.0034407058265060186,0.9998688697814941,0.003314739093184471,0.02000042051076889,0.0007392991101369262,0.013575859367847443,0.036031171679496765,0.005026341415941715,0.9994204044342041,0.008245867677032948,0.11834755539894104,0.0018983462359756231,0.041757650673389435,0.06928098201751709,0.02815166488289833,0.9124157428741455,0.09692252427339554
20260719_094128_479,2026-07-19T09:41:28+0800,ads2_click_success_20260719_094128_479,free_ad_template,free_ad_3.png,0.9744047522544861,free,free,0.9864220023155212,0.9864220023155212,True,54.33215277777778,"[738, 352, 38, 24]","[757, 364]",vision_platform\ads\runtime_collection\click_success\click_success_20260719_094128_479,D:\Projects\adb_vl\vision_platform\ads\runtime_collection\click_success\click_success_20260719_094128_479\pre_click.png,D:\Projects\adb_vl\vision_platform\ads\runtime_collection\click_success\click_success_20260719_094128_479\post_click.png,D:\Projects\adb_vl\vision_platform\ads\runtime_collection\click_success\click_success_20260719_094128_479\crops\bbox.png,D:\Projects\adb_vl\vision_platform\ads\runtime_collection\click_success\click_success_20260719_094128_479\crops\bbox_context_1_5x.png,0.0035743454548840723,0.0016161855795265485,0.002746976756801208,0.01498748967424035,0.9864220023155212,0.0003051038123279189,0.05650385903815428,0.0009866637410596013,0.0007125118281692266,0.001093211118131876,0.007264383602887392,0.9969019889831543,6.626772665185854e-05,0.02809523604810238,0.003932335413992405,0.00042666742228902876,0.0030187400989234447,0.015193757601082325,0.9913637638092041,0.0001053429368766956,0.10364631563425064,0.00580403720960021,0.0037093774881213903,0.004128979053348303,0.022504327818751335,0.9710002541542053,0.0007437007734552026,0.03777002543210983
20260719_094146_147,2026-07-19T09:41:46+0800,ads2_click_success_20260719_094146_147,close_template,close_11.png,0.9661082625389099,x_mark,arrow,0.9676102002461752,0.4127838710943858,True,44.50548611111111,"[30, 29, 74, 23]","[67, 40]",vision_platform\ads\runtime_collection\click_success\click_success_20260719_094146_147,D:\Projects\adb_vl\vision_platform\ads\runtime_collection\click_success\click_success_20260719_094146_147\pre_click.png,D:\Projects\adb_vl\vision_platform\ads\runtime_collection\click_success\click_success_20260719_094146_147\post_click.png,D:\Projects\adb_vl\vision_platform\ads\runtime_collection\click_success\click_success_20260719_094146_147\crops\bbox.png,D:\Projects\adb_vl\vision_platform\ads\runtime_collection\click_success\click_success_20260719_094146_147\crops\bbox_context_1_5x.png,0.4127838710943858,0.002365719216565291,0.03110701156159242,0.03795815786967675,0.07600293029099703,0.009288816169525186,0.9676102002461752,0.38303041458129883,0.0014004623517394066,0.007337948307394981,0.015536521561443806,0.008718098513782024,0.003536266041919589,0.9891513586044312,0.38898926973342896,0.0026298235170543194,0.05079292878508568,0.0390649177134037,0.008390698581933975,0.005766662303358316,0.9753996729850769,0.46633192896842957,0.0030668717809021473,0.0351901575922966,0.05927303433418274,0.21089999377727509,0.018563520163297653,0.9382795691490173
20260719_094202_771,2026-07-19T09:42:02+0800,ads2_click_success_20260719_094202_771,close_template,close_11.png,0.9858004450798035,x_mark,arrow,0.9419731895128886,0.4258756637573242,True,115.07145833333334,"[30, 29, 74, 23]","[67, 40]",vision_platform\ads\runtime_collection\click_success\click_success_20260719_094202_771,D:\Projects\adb_vl\vision_platform\ads\runtime_collection\click_success\click_success_20260719_094202_771\pre_click.png,D:\Projects\adb_vl\vision_platform\ads\runtime_collection\click_success\click_success_20260719_094202_771\post_click.png,D:\Projects\adb_vl\vision_platform\ads\runtime_collection\click_success\click_success_20260719_094202_771\crops\bbox.png,D:\Projects\adb_vl\vision_platform\ads\runtime_collection\click_success\click_success_20260719_094202_771\crops\bbox_context_1_5x.png,0.4258756637573242,0.0024803353395933905,0.011803244551022848,0.033810242700080075,0.04423395792643229,0.006947220225508015,0.9419731895128886,0.5377547144889832,0.004727211315184832,0.008535395376384258,0.015411789529025555,0.042339496314525604,0.011452595703303814,0.9884093999862671,0.27014845609664917,0.0018281396478414536,0.018762953579425812,0.047750506550073624,0.005529552698135376,0.006448099855333567,0.9843844175338745,0.46972382068634033,0.0008856550557538867,0.008111384697258472,0.03826843202114105,0.0848328247666359,0.0029409651178866625,0.8531257510185242
20260719_094207_685,2026-07-19T09:42:07+0800,ads2_click_success_20260719_094207_685,got_template,got2.png,0.9778499007225037,got,got,0.9896870851516724,0.9896870851516724,True,35.291111111111114,"[414, 134, 139, 47]","[483, 157]",vision_platform\ads\runtime_collection\click_success\click_success_20260719_094207_685,D:\Projects\adb_vl\vision_platform\ads\runtime_collection\click_success\click_success_20260719_094207_685\pre_click.png,D:\Projects\adb_vl\vision_platform\ads\runtime_collection\click_success\click_success_20260719_094207_685\post_click.png,D:\Projects\adb_vl\vision_platform\ads\runtime_collection\click_success\click_success_20260719_094207_685\crops\bbox.png,D:\Projects\adb_vl\vision_platform\ads\runtime_collection\click_success\click_success_20260719_094207_685\crops\bbox_context_1_5x.png,0.057597022193173565,0.0006521940279829627,0.008447081432677805,0.05776985610524813,0.010230429548149308,0.9896870851516724,0.012439853434140483,0.01266989391297102,0.00017820655193645507,0.0010246363235637546,0.03566571697592735,0.0025603666435927153,0.9998231530189514,0.0014466522261500359,0.020895540714263916,0.000660038145724684,0.009072926826775074,0.06049932539463043,0.006157043855637312,0.9995203018188477,0.0036303529050201178,0.13922563195228577,0.0011183373862877488,0.015243681147694588,0.07714452594518661,0.021973878145217896,0.969717800617218,0.0322425551712513
20260719_094357_107,2026-07-19T09:43:57+0800,ads2_click_success_20260719_094357_107,free_ad_template,close_26.png,1.0,free,free,0.966618021329244,0.966618021329244,True,84.3776388888889,"[376, 285, 34, 19]","[385, 290]",vision_platform\ads\runtime_collection\click_success\click_success_20260719_094357_107,D:\Projects\adb_vl\vision_platform\ads\runtime_collection\click_success\click_success_20260719_094357_107\pre_click.png,D:\Projects\adb_vl\vision_platform\ads\runtime_collection\click_success\click_success_20260719_094357_107\post_click.png,D:\Projects\adb_vl\vision_platform\ads\runtime_collection\click_success\click_success_20260719_094357_107\crops\bbox.png,D:\Projects\adb_vl\vision_platform\ads\runtime_collection\click_success\click_success_20260719_094357_107\crops\bbox_context_1_5x.png,0.07013412875433762,0.002247736711675922,0.027991036263604958,0.01505214930512011,0.966618021329244,0.001742693712003529,0.20929334064324698,0.014473477378487587,0.002059611724689603,0.0022252164781093597,0.0024039961863309145,0.9707947373390198,0.00038846529787406325,0.10796969383955002,0.038346849381923676,0.0015336265787482262,0.013660061173141003,0.0070960926823318005,0.9587757587432861,0.0007465481176041067,0.06985386461019516,0.15758205950260162,0.003149971831589937,0.06808783113956451,0.03565635904669762,0.970283567905426,0.004093067720532417,0.4500564634799957
20260719_094415_443,2026-07-19T09:44:15+0800,ads2_click_success_20260719_094415_443,got_template,got2.png,0.9599831700325012,got,got,0.9440403381983439,0.9440403381983439,True,83.86902777777777,"[414, 134, 139, 47]","[483, 157]",vision_platform\ads\runtime_collection\click_success\click_success_20260719_094415_443,D:\Projects\adb_vl\vision_platform\ads\runtime_collection\click_success\click_success_20260719_094415_443\pre_click.png,D:\Projects\adb_vl\vision_platform\ads\runtime_collection\click_success\click_success_20260719_094415_443\post_click.png,D:\Projects\adb_vl\vision_platform\ads\runtime_collection\click_success\click_success_20260719_094415_443\crops\bbox.png,D:\Projects\adb_vl\vision_platform\ads\runtime_collection\click_success\click_success_20260719_094415_443\crops\bbox_context_1_5x.png,0.1593096318344275,0.03456385092188915,0.10257756461699803,0.20820970957477888,0.08216060325503349,0.9440403381983439,0.20758826037247977,0.04384109750390053,0.012534056790173054,0.040810227394104004,0.0454535074532032,0.04295723885297775,0.9877051115036011,0.1348133236169815,0.14368905127048492,0.07737819105386734,0.1493617594242096,0.3630096912384033,0.14212587475776672,0.9920945763587952,0.17396697402000427,0.2903987467288971,0.013779304921627045,0.11756070703268051,0.2161659300327301,0.061398696154356,0.8523213267326355,0.3139844834804535
20260719_094422_597,2026-07-19T09:44:22+0800,ads2_click_success_20260719_094422_597,free_ad_template,close_26.png,0.9770014882087708,free,free,0.9776168664296468,0.9776168664296468,True,70.45263888888888,"[391, 285, 34, 19]","[400, 290]",vision_platform\ads\runtime_collection\click_success\click_success_20260719_094422_597,D:\Projects\adb_vl\vision_platform\ads\runtime_collection\click_success\click_success_20260719_094422_597\pre_click.png,D:\Projects\adb_vl\vision_platform\ads\runtime_collection\click_success\click_success_20260719_094422_597\post_click.png,D:\Projects\adb_vl\vision_platform\ads\runtime_collection\click_success\click_success_20260719_094422_597\crops\bbox.png,D:\Projects\adb_vl\vision_platform\ads\runtime_collection\click_success\click_success_20260719_094422_597\crops\bbox_context_1_5x.png,0.07803604751825333,0.009242076116303602,0.02940755741049846,0.037865927132467427,0.9776168664296468,0.006732400739565492,0.40765947103500366,0.03201908990740776,0.00792519561946392,0.007186629809439182,0.008264985866844654,0.992150068283081,0.0016831604298204184,0.3511347770690918,0.03128710016608238,0.007915239781141281,0.036999549716711044,0.04528823122382164,0.9748935699462891,0.008654121309518814,0.3810249865055084,0.17080195248126984,0.011885792948305607,0.044036492705345154,0.06004456430673599,0.9658069610595703,0.009859920479357243,0.49081864953041077
20260719_094440_190,2026-07-19T09:44:40+0800,ads2_click_success_20260719_094440_190,close_template,close_11.png,0.966314435005188,x_mark,arrow,0.9691246151924133,0.39806806047757465,True,47.613194444444446,"[30, 29, 74, 23]","[67, 40]",vision_platform\ads\runtime_collection\click_success\click_success_20260719_094440_190,D:\Projects\adb_vl\vision_platform\ads\runtime_collection\click_success\click_success_20260719_094440_190\pre_click.png,D:\Projects\adb_vl\vision_platform\ads\runtime_collection\click_success\click_success_20260719_094440_190\post_click.png,D:\Projects\adb_vl\vision_platform\ads\runtime_collection\click_success\click_success_20260719_094440_190\crops\bbox.png,D:\Projects\adb_vl\vision_platform\ads\runtime_collection\click_success\click_success_20260719_094440_190\crops\bbox_context_1_5x.png,0.39806806047757465,0.0021609650381530323,0.028298739809542894,0.03397876148422559,0.06729438730205099,0.00712741461272041,0.9691246151924133,0.3667541742324829,0.0012159176403656602,0.006531165447086096,0.016459882259368896,0.006696830503642559,0.0028461082838475704,0.9898536801338196,0.3775189518928528,0.0027171007823199034,0.04909076169133186,0.031632669270038605,0.007170408498495817,0.004020822234451771,0.9776833057403564,0.4499310553073883,0.002549876691773534,0.029274292290210724,0.05384373292326927,0.1880159229040146,0.014515313319861889,0.939836859703064
20260719_094457_076,2026-07-19T09:44:57+0800,ads2_click_success_20260719_094457_076,close_template,close_11.png,0.9858909249305725,x_mark,arrow,0.9300256371498108,0.39922502636909485,True,94.40569444444445,"[30, 29, 74, 23]","[67, 40]",vision_platform\ads\runtime_collection\click_success\click_success_20260719_094457_076,D:\Projects\adb_vl\vision_platform\ads\runtime_collection\click_success\click_success_20260719_094457_076\pre_click.png,D:\Projects\adb_vl\vision_platform\ads\runtime_collection\click_success\click_success_20260719_094457_076\post_click.png,D:\Projects\adb_vl\vision_platform\ads\runtime_collection\click_success\click_success_20260719_094457_076\crops\bbox.png,D:\Projects\adb_vl\vision_platform\ads\runtime_collection\click_success\click_success_20260719_094457_076\crops\bbox_context_1_5x.png,0.39922502636909485,0.002238947607111186,0.009532790010174116,0.028363750937084358,0.03931561065837741,0.006397249409928918,0.9300256371498108,0.4717519283294678,0.004220169968903065,0.007170307449996471,0.009121404029428959,0.033076461404561996,0.01063036173582077,0.9866076707839966,0.2371458113193512,0.0017148259794339538,0.01458562072366476,0.038548849523067474,0.006166326347738504,0.006216383073478937,0.9826036095619202,0.4887773394584656,0.0007818468729965389,0.0068424418568611145,0.03742099925875664,0.07870404422283173,0.0023450034204870462,0.8208656311035156
20260719_094502_188,2026-07-19T09:45:02+0800,ads2_click_success_20260719_094502_188,got_template,got2.png,0.9529657363891602,got,got,0.9796445568402609,0.9796445568402609,True,83.82826388888888,"[414, 134, 139, 47]","[483, 157]",vision_platform\ads\runtime_collection\click_success\click_success_20260719_094502_188,D:\Projects\adb_vl\vision_platform\ads\runtime_collection\click_success\click_success_20260719_094502_188\pre_click.png,D:\Projects\adb_vl\vision_platform\ads\runtime_collection\click_success\click_success_20260719_094502_188\post_click.png,D:\Projects\adb_vl\vision_platform\ads\runtime_collection\click_success\click_success_20260719_094502_188\crops\bbox.png,D:\Projects\adb_vl\vision_platform\ads\runtime_collection\click_success\click_success_20260719_094502_188\crops\bbox_context_1_5x.png,0.18075318137804666,0.04127537086606026,0.06440892567237218,0.25369179993867874,0.09032105406125386,0.9796445568402609,0.1556302085518837,0.2219642549753189,0.03519650548696518,0.08509082347154617,0.08199375122785568,0.09007576107978821,0.9958706498146057,0.1541913002729416,0.19307123124599457,0.0749579593539238,0.07109417021274567,0.3722285330295563,0.10152248293161392,0.9948408007621765,0.06886928528547287,0.12722405791282654,0.013671647757291794,0.03704178333282471,0.30685311555862427,0.07936491817235947,0.9482222199440002,0.24383004009723663
20260719_094507_884,2026-07-19T09:45:07+0800,ads2_click_success_20260719_094507_884,free_ad_template,close_26.png,0.9770014882087708,free,free,0.9917364517847697,0.9917364517847697,True,98.71409722222222,"[391, 285, 34, 19]","[408, 294]",vision_platform\ads\runtime_collection\click_success\click_success_20260719_094507_884,D:\Projects\adb_vl\vision_platform\ads\runtime_collection\click_success\click_success_20260719_094507_884\pre_click.png,D:\Projects\adb_vl\vision_platform\ads\runtime_collection\click_success\click_success_20260719_094507_884\post_click.png,D:\Projects\adb_vl\vision_platform\ads\runtime_collection\click_success\click_success_20260719_094507_884\crops\bbox.png,D:\Projects\adb_vl\vision_platform\ads\runtime_collection\click_success\click_success_20260719_094507_884\crops\bbox_context_1_5x.png,0.06013323273509741,0.015218774788081646,0.036655618188281856,0.04081418768813213,0.9917364517847697,0.005641723284497857,0.2746717929840088,0.018921218812465668,0.016396556049585342,0.010168823413550854,0.009725150652229786,0.9975292086601257,0.002562320791184902,0.20358100533485413,0.010528524406254292,0.007582549937069416,0.0393223762512207,0.040598541498184204,0.992987334728241,0.003843609942123294,0.18399673700332642,0.15094995498657227,0.02167721837759018,0.060475654900074005,0.07211887091398239,0.9846928119659424,0.010519239120185375,0.4364376366138458
20260719_094541_425,2026-07-19T09:45:41+0800,ads2_click_success_20260719_094541_425,close_template,ad_issue_20260606_043419_roi_0.png,0.9806589484214783,x_mark,x_mark,0.7162929773330688,0.7162929773330688,True,169.00104166666668,"[908, 15, 36, 39]","[926, 34]",vision_platform\ads\runtime_collection\click_success\click_success_20260719_094541_425,D:\Projects\adb_vl\vision_platform\ads\runtime_collection\click_success\click_success_20260719_094541_425\pre_click.png,D:\Projects\adb_vl\vision_platform\ads\runtime_collection\click_success\click_success_20260719_094541_425\post_click.png,D:\Projects\adb_vl\vision_platform\ads\runtime_collection\click_success\click_success_20260719_094541_425\crops\bbox.png,D:\Projects\adb_vl\vision_platform\ads\runtime_collection\click_success\click_success_20260719_094541_425\crops\bbox_context_1_5x.png,0.7162929773330688,0.025629816576838493,0.12216994414726894,0.11845860133568446,0.23164923985799155,0.08114012827475865,0.49317555626233417,0.5814803838729858,0.024585427716374397,0.05825183540582657,0.08379799127578735,0.3662063479423523,0.0739714726805687,0.5588675141334534,0.904297411441803,0.04514205455780029,0.1449405401945114,0.10559793561697006,0.15554337203502655,0.08797866851091385,0.23459568619728088,0.6631011366844177,0.00716196745634079,0.1633174568414688,0.16597987711429596,0.17319799959659576,0.08147024363279343,0.6860634684562683
20260719_094546_590,2026-07-19T09:45:46+0800,ads2_click_success_20260719_094546_590,got_template,got2.png,0.9538639783859253,got,got,0.9805208643277487,0.9805208643277487,True,83.88256944444444,"[414, 134, 139, 47]","[483, 157]",vision_platform\ads\runtime_collection\click_success\click_success_20260719_094546_590,D:\Projects\adb_vl\vision_platform\ads\runtime_collection\click_success\click_success_20260719_094546_590\pre_click.png,D:\Projects\adb_vl\vision_platform\ads\runtime_collection\click_success\click_success_20260719_094546_590\post_click.png,D:\Projects\adb_vl\vision_platform\ads\runtime_collection\click_success\click_success_20260719_094546_590\crops\bbox.png,D:\Projects\adb_vl\vision_platform\ads\runtime_collection\click_success\click_success_20260719_094546_590\crops\bbox_context_1_5x.png,0.08338662112752597,0.021217665014167626,0.06863492106397946,0.18039392431577048,0.14393173158168793,0.9805208643277487,0.1665947586297989,0.05639052763581276,0.016522813588380814,0.08093974739313126,0.08131687343120575,0.13230209052562714,0.9956269264221191,0.15058739483356476,0.10258790105581284,0.03757951036095619,0.07650992274284363,0.1847521811723709,0.17365741729736328,0.993302583694458,0.16012847423553467,0.0911814346909523,0.009550671093165874,0.048455093055963516,0.27511271834373474,0.12583568692207336,0.9526330828666687,0.18906840682029724
20260719_094610_216,2026-07-19T09:46:10+0800,ads2_click_success_20260719_094610_216,close_template,close_11.png,0.9663121700286865,x_mark,arrow,0.9693610469500223,0.38438238700230914,True,47.27194444444444,"[30, 29, 74, 23]","[67, 40]",vision_platform\ads\runtime_collection\click_success\click_success_20260719_094610_216,D:\Projects\adb_vl\vision_platform\ads\runtime_collection\click_success\click_success_20260719_094610_216\pre_click.png,D:\Projects\adb_vl\vision_platform\ads\runtime_collection\click_success\click_success_20260719_094610_216\post_click.png,D:\Projects\adb_vl\vision_platform\ads\runtime_collection\click_success\click_success_20260719_094610_216\crops\bbox.png,D:\Projects\adb_vl\vision_platform\ads\runtime_collection\click_success\click_success_20260719_094610_216\crops\bbox_context_1_5x.png,0.38438238700230914,0.0017832164109374087,0.026657827353725832,0.03158787079155445,0.06307938260336717,0.006051500405495365,0.9693610469500223,0.3656974136829376,0.0010959164937958121,0.0063970801420509815,0.015721939504146576,0.00752610107883811,0.0026427272241562605,0.9899842739105225,0.36044830083847046,0.00208768411539495,0.046437785029411316,0.02851780317723751,0.0063615296967327595,0.003280665259808302,0.977343738079071,0.4270014464855194,0.0021660486236214638,0.027138616889715195,0.050523869693279266,0.17535051703453064,0.012231108732521534,0.9407551288604736
20260719_094627_345,2026-07-19T09:46:27+0800,ads2_click_success_20260719_094627_345,close_template,close_11.png,0.9858881831169128,x_mark,arrow,0.9301269054412842,0.38974548876285553,True,93.60097222222223,"[30, 29, 74, 23]","[67, 40]",vision_platform\ads\runtime_collection\click_success\click_success_20260719_094627_345,D:\Projects\adb_vl\vision_platform\ads\runtime_collection\click_success\click_success_20260719_094627_345\pre_click.png,D:\Projects\adb_vl\vision_platform\ads\runtime_collection\click_success\click_success_20260719_094627_345\post_click.png,D:\Projects\adb_vl\vision_platform\ads\runtime_collection\click_success\click_success_20260719_094627_345\crops\bbox.png,D:\Projects\adb_vl\vision_platform\ads\runtime_collection\click_success\click_success_20260719_094627_345\crops\bbox_context_1_5x.png,0.38974548876285553,0.002255922299809754,0.009647781029343605,0.028243050910532475,0.04127219893659154,0.006581629005571206,0.9301269054412842,0.4598877429962158,0.004153375048190355,0.006393428426235914,0.00860465969890356,0.03698086366057396,0.009561363607645035,0.9880496859550476,0.24165119230747223,0.0018788197776302695,0.015447678044438362,0.03902444988489151,0.0075429813005030155,0.007990488782525063,0.9833260774612427,0.46769753098487854,0.0007355720736086369,0.007102236617356539,0.03710004314780235,0.07929275184869766,0.002193034626543522,0.8190049529075623
20260719_094632_530,2026-07-19T09:46:32+0800,ads2_click_success_20260719_094632_530,got_template,got2.png,0.9537079930305481,got,got,0.9702988465627035,0.9702988465627035,True,83.94131944444445,"[414, 134, 139, 47]","[483, 157]",vision_platform\ads\runtime_collection\click_success\click_success_20260719_094632_530,D:\Projects\adb_vl\vision_platform\ads\runtime_collection\click_success\click_success_20260719_094632_530\pre_click.png,D:\Projects\adb_vl\vision_platform\ads\runtime_collection\click_success\click_success_20260719_094632_530\post_click.png,D:\Projects\adb_vl\vision_platform\ads\runtime_collection\click_success\click_success_20260719_094632_530\crops\bbox.png,D:\Projects\adb_vl\vision_platform\ads\runtime_collection\click_success\click_success_20260719_094632_530\crops\bbox_context_1_5x.png,0.1572404826680819,0.0279271990681688,0.06891502005358537,0.205463744699955,0.09156715000669162,0.9702988465627035,0.22819416224956512,0.0508565679192543,0.009786074981093407,0.01903286762535572,0.055411197245121,0.06193067505955696,0.992348313331604,0.17782339453697205,0.1687552034854889,0.06225411966443062,0.12378658354282379,0.3323574960231781,0.15130679309368134,0.9921633005142212,0.24985946714878082,0.25210967659950256,0.011741402558982372,0.0639256089925766,0.22862254083156586,0.06146398186683655,0.9263849258422852,0.2568996250629425
20260719_100706_535,2026-07-19T10:07:06+0800,ads2_click_success_20260719_100706_535,free_ad_template,close_26.png,0.7624273300170898,free,free,0.9927587310473124,0.9927587310473124,True,76.74416666666667,"[878, 354, 34, 19]","[895, 363]",vision_platform\ads\runtime_collection\click_success\click_success_20260719_100706_535,D:\Projects\adb_vl\vision_platform\ads\runtime_collection\click_success\click_success_20260719_100706_535\pre_click.png,D:\Projects\adb_vl\vision_platform\ads\runtime_collection\click_success\click_success_20260719_100706_535\post_click.png,D:\Projects\adb_vl\vision_platform\ads\runtime_collection\click_success\click_success_20260719_100706_535\crops\bbox.png,D:\Projects\adb_vl\vision_platform\ads\runtime_collection\click_success\click_success_20260719_100706_535\crops\bbox_context_1_5x.png,0.008132712760319313,0.004360780507947008,0.004159554877939324,0.016067049466073513,0.9927587310473124,0.0018482098433499534,0.028355566784739494,0.004156500566750765,0.002939888508990407,0.0006525941425934434,0.0038360590115189552,0.9961912631988525,0.0003828714834526181,0.02768193930387497,0.007408612407743931,0.002931388560682535,0.007204001769423485,0.02249404415488243,0.9961982369422913,0.0022177768405526876,0.025056784972548485,0.012833025306463242,0.007211064454168081,0.0046220687218010426,0.021871045231819153,0.9858866930007935,0.0029439812060445547,0.03232797607779503
20260719_100737_177,2026-07-19T10:07:37+0800,ads2_click_success_20260719_100737_177,close_template,ad_issue_20260606_052002_roi_15.png,0.9777669906616211,x_mark,x_mark,0.7493879596392313,0.7493879596392313,True,121.52666666666667,"[18, 24, 50, 39]","[43, 43]",vision_platform\ads\runtime_collection\click_success\click_success_20260719_100737_177,D:\Projects\adb_vl\vision_platform\ads\runtime_collection\click_success\click_success_20260719_100737_177\pre_click.png,D:\Projects\adb_vl\vision_platform\ads\runtime_collection\click_success\click_success_20260719_100737_177\post_click.png,D:\Projects\adb_vl\vision_platform\ads\runtime_collection\click_success\click_success_20260719_100737_177\crops\bbox.png,D:\Projects\adb_vl\vision_platform\ads\runtime_collection\click_success\click_success_20260719_100737_177\crops\bbox_context_1_5x.png,0.7493879596392313,0.003507210567477159,0.003408593873245991,0.01076424120401498,0.07487146308024724,0.002039113867795095,0.7208626866340637,0.8090856671333313,0.00022302623256109655,2.2147813069750555e-05,8.932403579819947e-05,0.004808508791029453,0.00036638553137890995,0.8371859192848206,0.7079394459724426,0.00020800383936148137,0.0013291382929310203,0.0056785279884934425,0.008820309303700924,0.0003287261934019625,0.7693761587142944,0.7311387658119202,0.0100906016305089,0.008874495513737202,0.026524871587753296,0.21098557114601135,0.005422229878604412,0.5560259819030762
20260719_100742_015,2026-07-19T10:07:42+0800,ads2_click_success_20260719_100742_015,got_template,got2.png,0.9792558550834656,got,got,0.9355238676071167,0.9355238676071167,True,43.526666666666664,"[414, 134, 139, 47]","[483, 157]",vision_platform\ads\runtime_collection\click_success\click_success_20260719_100742_015,D:\Projects\adb_vl\vision_platform\ads\runtime_collection\click_success\click_success_20260719_100742_015\pre_click.png,D:\Projects\adb_vl\vision_platform\ads\runtime_collection\click_success\click_success_20260719_100742_015\post_click.png,D:\Projects\adb_vl\vision_platform\ads\runtime_collection\click_success\click_success_20260719_100742_015\crops\bbox.png,D:\Projects\adb_vl\vision_platform\ads\runtime_collection\click_success\click_success_20260719_100742_015\crops\bbox_context_1_5x.png,0.03287727696200212,0.001035497628132968,0.008867605278889338,0.0525999516248703,0.0341980418888852,0.9355238676071167,0.03643257155393561,0.00846616830676794,0.00010372336691943929,0.003326728940010071,0.010458435863256454,0.00162536243442446,0.9997648596763611,0.0062477304600179195,0.0068970052525401115,0.00040666243876330554,0.004004180431365967,0.047338586300611496,0.005727954208850861,0.9938467144966125,0.015619171783328056,0.0832686573266983,0.002596107078716159,0.019271906465291977,0.10000283271074295,0.09524080902338028,0.8129600286483765,0.08743081241846085
20260719_100748_731,2026-07-19T10:07:48+0800,ads2_click_success_20260719_100748_731,free_ad_template,close_26.png,0.7624273300170898,free,free,0.9927587310473124,0.9927587310473124,True,66.60381944444444,"[878, 354, 34, 19]","[895, 363]",vision_platform\ads\runtime_collection\click_success\click_success_20260719_100748_731,D:\Projects\adb_vl\vision_platform\ads\runtime_collection\click_success\click_success_20260719_100748_731\pre_click.png,D:\Projects\adb_vl\vision_platform\ads\runtime_collection\click_success\click_success_20260719_100748_731\post_click.png,D:\Projects\adb_vl\vision_platform\ads\runtime_collection\click_success\click_success_20260719_100748_731\crops\bbox.png,D:\Projects\adb_vl\vision_platform\ads\runtime_collection\click_success\click_success_20260719_100748_731\crops\bbox_context_1_5x.png,0.008132712760319313,0.004360780507947008,0.004159554877939324,0.016067049466073513,0.9927587310473124,0.0018482098433499534,0.028355566784739494,0.004156500566750765,0.002939888508990407,0.0006525941425934434,0.0038360590115189552,0.9961912631988525,0.0003828714834526181,0.02768193930387497,0.007408612407743931,0.002931388560682535,0.007204001769423485,0.02249404415488243,0.9961982369422913,0.0022177768405526876,0.025056784972548485,0.012833025306463242,0.007211064454168081,0.0046220687218010426,0.021871045231819153,0.9858866930007935,0.0029439812060445547,0.03232797607779503
20260719_100818_285,2026-07-19T10:08:18+0800,ads2_click_success_20260719_100818_285,close_template,ad_issue_20260606_052002_roi_15.png,0.9777171015739441,x_mark,x_mark,0.7436427474021912,0.7436427474021912,True,123.34958333333333,"[18, 24, 50, 39]","[43, 43]",vision_platform\ads\runtime_collection\click_success\click_success_20260719_100818_285,D:\Projects\adb_vl\vision_platform\ads\runtime_collection\click_success\click_success_20260719_100818_285\pre_click.png,D:\Projects\adb_vl\vision_platform\ads\runtime_collection\click_success\click_success_20260719_100818_285\post_click.png,D:\Projects\adb_vl\vision_platform\ads\runtime_collection\click_success\click_success_20260719_100818_285\crops\bbox.png,D:\Projects\adb_vl\vision_platform\ads\runtime_collection\click_success\click_success_20260719_100818_285\crops\bbox_context_1_5x.png,0.7436427474021912,0.0033171146399884797,0.0033886201244968106,0.010841139771703942,0.07828927024578054,0.0021008612238802016,0.7042035857836405,0.8094422817230225,0.00014818184718023986,1.4544310943165328e-05,6.526715878862888e-05,0.003951017279177904,0.00030622846679762006,0.7924748659133911,0.7040491700172424,0.0001494215102866292,0.0011674711713567376,0.005047995131462812,0.007858182303607464,0.00028550566639751196,0.7661107778549194,0.7174367904663086,0.00965374056249857,0.008983844891190529,0.027410157024860382,0.22305861115455627,0.005710849538445473,0.5540251135826111
20260719_100823_240,2026-07-19T10:08:23+0800,ads2_click_success_20260719_100823_240,got_template,got2.png,0.9762345552444458,got,got,0.9573822021484375,0.9573822021484375,True,41.17979166666667,"[414, 134, 139, 47]","[483, 157]",vision_platform\ads\runtime_collection\click_success\click_success_20260719_100823_240,D:\Projects\adb_vl\vision_platform\ads\runtime_collection\click_success\click_success_20260719_100823_240\pre_click.png,D:\Projects\adb_vl\vision_platform\ads\runtime_collection\click_success\click_success_20260719_100823_240\post_click.png,D:\Projects\adb_vl\vision_platform\ads\runtime_collection\click_success\click_success_20260719_100823_240\crops\bbox.png,D:\Projects\adb_vl\vision_platform\ads\runtime_collection\click_success\click_success_20260719_100823_240\crops\bbox_context_1_5x.png,0.015810352750122547,0.00046234567707870156,0.003612154124615093,0.0490762855236729,0.01757767618012925,0.9573822021484375,0.016995516916116078,0.00494470214471221,0.000144517733133398,0.0014036240754649043,0.014972810633480549,0.001908621983602643,0.9996380805969238,0.003160336287692189,0.0025632469914853573,0.00027394696371629834,0.001592792570590973,0.032712869346141815,0.0031633032485842705,0.9984480142593384,0.003643254516646266,0.039923109114170074,0.0009685723343864083,0.007840045727789402,0.09954317659139633,0.047661103308200836,0.8740605115890503,0.04418295994400978
20260719_100829_630,2026-07-19T10:08:29+0800,ads2_click_success_20260719_100829_630,free_ad_template,close_26.png,0.7616862058639526,free,free,0.9934552709261576,0.9934552709261576,True,60.204861111111114,"[462, 354, 34, 19]","[479, 363]",vision_platform\ads\runtime_collection\click_success\click_success_20260719_100829_630,D:\Projects\adb_vl\vision_platform\ads\runtime_collection\click_success\click_success_20260719_100829_630\pre_click.png,D:\Projects\adb_vl\vision_platform\ads\runtime_collection\click_success\click_success_20260719_100829_630\post_click.png,D:\Projects\adb_vl\vision_platform\ads\runtime_collection\click_success\click_success_20260719_100829_630\crops\bbox.png,D:\Projects\adb_vl\vision_platform\ads\runtime_collection\click_success\click_success_20260719_100829_630\crops\bbox_context_1_5x.png,0.004417252183581392,0.0028237021761015058,0.003808227057258288,0.018594701308757067,0.9934552709261576,0.001183173570704336,0.022983343650897343,0.0028166600968688726,0.003417532192543149,0.0013751136139035225,0.005494426470249891,0.9978061318397522,0.0003868177009280771,0.02831333875656128,0.005456139799207449,0.0018052017549052835,0.008022809401154518,0.03220796585083008,0.9970433115959167,0.0017164977034553885,0.020655617117881775,0.004978956654667854,0.003248372580856085,0.0020267581567168236,0.01808171160519123,0.985516369342804,0.0014462053077295423,0.019981075078248978
20260719_100848_151,2026-07-19T10:08:48+0800,ads2_click_success_20260719_100848_151,close_template,close_24.png,0.9865567088127136,x_mark,x_mark,0.8775915106137594,0.8775915106137594,True,118.05472222222222,"[911, 25, 40, 33]","[931, 41]",vision_platform\ads\runtime_collection\click_success\click_success_20260719_100848_151,D:\Projects\adb_vl\vision_platform\ads\runtime_collection\click_success\click_success_20260719_100848_151\pre_click.png,D:\Projects\adb_vl\vision_platform\ads\runtime_collection\click_success\click_success_20260719_100848_151\post_click.png,D:\Projects\adb_vl\vision_platform\ads\runtime_collection\click_success\click_success_20260719_100848_151\crops\bbox.png,D:\Projects\adb_vl\vision_platform\ads\runtime_collection\click_success\click_success_20260719_100848_151\crops\bbox_context_1_5x.png,0.8775915106137594,0.011000568668047586,0.053446441888809204,0.06702558882534504,0.04465711504841844,0.023260253520372014,0.843375543753306,0.9901374578475952,0.007849780842661858,0.005804724991321564,0.007386399433016777,0.0019513298757374287,0.001716099795885384,0.8416029810905457,0.9433644413948059,0.015025046654045582,0.08464056998491287,0.07238990813493729,0.011106390506029129,0.003531881608068943,0.8658328652381897,0.699272632598877,0.010126878507435322,0.06989403069019318,0.12130045890808105,0.12091362476348877,0.06453277915716171,0.8226907849311829
20260719_100852_946,2026-07-19T10:08:52+0800,ads2_click_success_20260719_100852_946,got_template,got2.png,0.979325532913208,got,got,0.9542693098386129,0.9542693098386129,True,40.21180555555556,"[414, 134, 139, 47]","[483, 157]",vision_platform\ads\runtime_collection\click_success\click_success_20260719_100852_946,D:\Projects\adb_vl\vision_platform\ads\runtime_collection\click_success\click_success_20260719_100852_946\pre_click.png,D:\Projects\adb_vl\vision_platform\ads\runtime_collection\click_success\click_success_20260719_100852_946\post_click.png,D:\Projects\adb_vl\vision_platform\ads\runtime_collection\click_success\click_success_20260719_100852_946\crops\bbox.png,D:\Projects\adb_vl\vision_platform\ads\runtime_collection\click_success\click_success_20260719_100852_946\crops\bbox_context_1_5x.png,0.05652679161479076,0.000560764999439319,0.01346373651176691,0.03962955872217814,0.011615315917879343,0.9542693098386129,0.0188548513300096,0.01090147439390421,0.00043520054896362126,0.00892262626439333,0.03176908567547798,0.008781134150922298,0.9996830224990845,0.0019044751534238458,0.010492872446775436,0.0002206242352258414,0.011111278086900711,0.03528067097067833,0.007023156154900789,0.9994068145751953,0.002999313874170184,0.14818602800369263,0.0010264702141284943,0.02035730518400669,0.05183891952037811,0.01904165744781494,0.8637180924415588,0.05166076496243477
20260719_100918_100,2026-07-19T10:09:18+0800,ads2_click_success_20260719_100918_100,close_template,close_24.png,0.9865567088127136,x_mark,x_mark,0.8775915106137594,0.8775915106137594,True,112.97756944444444,"[911, 25, 40, 33]","[931, 41]",vision_platform\ads\runtime_collection\click_success\click_success_20260719_100918_100,D:\Projects\adb_vl\vision_platform\ads\runtime_collection\click_success\click_success_20260719_100918_100\pre_click.png,D:\Projects\adb_vl\vision_platform\ads\runtime_collection\click_success\click_success_20260719_100918_100\post_click.png,D:\Projects\adb_vl\vision_platform\ads\runtime_collection\click_success\click_success_20260719_100918_100\crops\bbox.png,D:\Projects\adb_vl\vision_platform\ads\runtime_collection\click_success\click_success_20260719_100918_100\crops\bbox_context_1_5x.png,0.8775915106137594,0.011000568668047586,0.053446441888809204,0.06702558882534504,0.04465711504841844,0.023260253520372014,0.843375543753306,0.9901374578475952,0.007849780842661858,0.005804724991321564,0.007386399433016777,0.0019513298757374287,0.001716099795885384,0.8416029810905457,0.9433644413948059,0.015025046654045582,0.08464056998491287,0.07238990813493729,0.011106390506029129,0.003531881608068943,0.8658328652381897,0.699272632598877,0.010126878507435322,0.06989403069019318,0.12130045890808105,0.12091362476348877,0.06453277915716171,0.8226907849311829
20260719_100922_776,2026-07-19T10:09:22+0800,ads2_click_success_20260719_100922_776,got_template,got2.png,0.9780982136726379,got,got,0.9797603885332743,0.9797603885332743,True,37.26486111111111,"[414, 134, 139, 47]","[483, 157]",vision_platform\ads\runtime_collection\click_success\click_success_20260719_100922_776,D:\Projects\adb_vl\vision_platform\ads\runtime_collection\click_success\click_success_20260719_100922_776\pre_click.png,D:\Projects\adb_vl\vision_platform\ads\runtime_collection\click_success\click_success_20260719_100922_776\post_click.png,D:\Projects\adb_vl\vision_platform\ads\runtime_collection\click_success\click_success_20260719_100922_776\crops\bbox.png,D:\Projects\adb_vl\vision_platform\ads\runtime_collection\click_success\click_success_20260719_100922_776\crops\bbox_context_1_5x.png,0.03148827732851108,0.0005922686056389163,0.011158167306954661,0.029056975928445656,0.007846281863749027,0.9797603885332743,0.012012803927063942,0.007630022242665291,0.0002921308041550219,0.0015864160377532244,0.02780757285654545,0.003993552643805742,0.9999275207519531,0.000958326505497098,0.004343344829976559,0.00037945693475194275,0.0068245078437030315,0.013956510461866856,0.002909210044890642,0.9998893737792969,0.002064524916931987,0.08249146491289139,0.0011052180780097842,0.02506357803940773,0.04540684446692467,0.016636082902550697,0.939464271068573,0.03301556035876274
20260719_100929_383,2026-07-19T10:09:29+0800,ads2_click_success_20260719_100929_383,free_ad_template,free_ad_3.png,0.9744047522544861,free,free,0.9864220023155212,0.9864220023155212,True,51.56118055555555,"[738, 352, 38, 24]","[757, 364]",vision_platform\ads\runtime_collection\click_success\click_success_20260719_100929_383,D:\Projects\adb_vl\vision_platform\ads\runtime_collection\click_success\click_success_20260719_100929_383\pre_click.png,D:\Projects\adb_vl\vision_platform\ads\runtime_collection\click_success\click_success_20260719_100929_383\post_click.png,D:\Projects\adb_vl\vision_platform\ads\runtime_collection\click_success\click_success_20260719_100929_383\crops\bbox.png,D:\Projects\adb_vl\vision_platform\ads\runtime_collection\click_success\click_success_20260719_100929_383\crops\bbox_context_1_5x.png,0.0035743454548840723,0.0016161855795265485,0.002746976756801208,0.01498748967424035,0.9864220023155212,0.0003051038123279189,0.05650385903815428,0.0009866637410596013,0.0007125118281692266,0.001093211118131876,0.007264383602887392,0.9969019889831543,6.626772665185854e-05,0.02809523604810238,0.003932335413992405,0.00042666742228902876,0.0030187400989234447,0.015193757601082325,0.9913637638092041,0.0001053429368766956,0.10364631563425064,0.00580403720960021,0.0037093774881213903,0.004128979053348303,0.022504327818751335,0.9710002541542053,0.0007437007734552026,0.03777002543210983
20260719_100947_354,2026-07-19T10:09:47+0800,ads2_click_success_20260719_100947_354,close_template,close_24.png,0.9865567088127136,x_mark,x_mark,0.8775915106137594,0.8775915106137594,True,119.741875,"[911, 25, 40, 33]","[931, 41]",vision_platform\ads\runtime_collection\click_success\click_success_20260719_100947_354,D:\Projects\adb_vl\vision_platform\ads\runtime_collection\click_success\click_success_20260719_100947_354\pre_click.png,D:\Projects\adb_vl\vision_platform\ads\runtime_collection\click_success\click_success_20260719_100947_354\post_click.png,D:\Projects\adb_vl\vision_platform\ads\runtime_collection\click_success\click_success_20260719_100947_354\crops\bbox.png,D:\Projects\adb_vl\vision_platform\ads\runtime_collection\click_success\click_success_20260719_100947_354\crops\bbox_context_1_5x.png,0.8775915106137594,0.011000568668047586,0.053446441888809204,0.06702558882534504,0.04465711504841844,0.023260253520372014,0.843375543753306,0.9901374578475952,0.007849780842661858,0.005804724991321564,0.007386399433016777,0.0019513298757374287,0.001716099795885384,0.8416029810905457,0.9433644413948059,0.015025046654045582,0.08464056998491287,0.07238990813493729,0.011106390506029129,0.003531881608068943,0.8658328652381897,0.699272632598877,0.010126878507435322,0.06989403069019318,0.12130045890808105,0.12091362476348877,0.06453277915716171,0.8226907849311829
20260719_100952_060,2026-07-19T10:09:52+0800,ads2_click_success_20260719_100952_060,got_template,got2.png,0.9785662293434143,got,got,0.9857264359792074,0.9857264359792074,True,37.361041666666665,"[414, 134, 139, 47]","[483, 157]",vision_platform\ads\runtime_collection\click_success\click_success_20260719_100952_060,D:\Projects\adb_vl\vision_platform\ads\runtime_collection\click_success\click_success_20260719_100952_060\pre_click.png,D:\Projects\adb_vl\vision_platform\ads\runtime_collection\click_success\click_success_20260719_100952_060\post_click.png,D:\Projects\adb_vl\vision_platform\ads\runtime_collection\click_success\click_success_20260719_100952_060\crops\bbox.png,D:\Projects\adb_vl\vision_platform\ads\runtime_collection\click_success\click_success_20260719_100952_060\crops\bbox_context_1_5x.png,0.03180805935213963,0.00036832591285929084,0.008006942924112082,0.028738200043638546,0.006347686673204104,0.9857264359792074,0.012093650526367128,0.008252542465925217,0.0003656712069641799,0.002818648237735033,0.025062182918190956,0.003695771563798189,0.9998941421508789,0.0016596162458881736,0.009872651658952236,0.0001894068846013397,0.005896049551665783,0.023303359746932983,0.004351078066974878,0.9998465776443481,0.002801686292514205,0.07729898393154144,0.0005498996470123529,0.015306130982935429,0.0378490574657917,0.010996210388839245,0.957438588142395,0.031819649040699005
20260719_101016_908,2026-07-19T10:10:16+0800,ads2_click_success_20260719_101016_908,close_template,close_24.png,0.9865567088127136,x_mark,x_mark,0.8775915106137594,0.8775915106137594,True,114.22909722222222,"[911, 25, 40, 33]","[931, 41]",vision_platform\ads\runtime_collection\click_success\click_success_20260719_101016_908,D:\Projects\adb_vl\vision_platform\ads\runtime_collection\click_success\click_success_20260719_101016_908\pre_click.png,D:\Projects\adb_vl\vision_platform\ads\runtime_collection\click_success\click_success_20260719_101016_908\post_click.png,D:\Projects\adb_vl\vision_platform\ads\runtime_collection\click_success\click_success_20260719_101016_908\crops\bbox.png,D:\Projects\adb_vl\vision_platform\ads\runtime_collection\click_success\click_success_20260719_101016_908\crops\bbox_context_1_5x.png,0.8775915106137594,0.011000568668047586,0.053446441888809204,0.06702558882534504,0.04465711504841844,0.023260253520372014,0.843375543753306,0.9901374578475952,0.007849780842661858,0.005804724991321564,0.007386399433016777,0.0019513298757374287,0.001716099795885384,0.8416029810905457,0.9433644413948059,0.015025046654045582,0.08464056998491287,0.07238990813493729,0.011106390506029129,0.003531881608068943,0.8658328652381897,0.699272632598877,0.010126878507435322,0.06989403069019318,0.12130045890808105,0.12091362476348877,0.06453277915716171,0.8226907849311829
20260719_101021_661,2026-07-19T10:10:21+0800,ads2_click_success_20260719_101021_661,got_template,got2.png,0.9791786074638367,got,got,0.9686442017555237,0.9686442017555237,True,34.211666666666666,"[414, 134, 139, 47]","[483, 157]",vision_platform\ads\runtime_collection\click_success\click_success_20260719_101021_661,D:\Projects\adb_vl\vision_platform\ads\runtime_collection\click_success\click_success_20260719_101021_661\pre_click.png,D:\Projects\adb_vl\vision_platform\ads\runtime_collection\click_success\click_success_20260719_101021_661\post_click.png,D:\Projects\adb_vl\vision_platform\ads\runtime_collection\click_success\click_success_20260719_101021_661\crops\bbox.png,D:\Projects\adb_vl\vision_platform\ads\runtime_collection\click_success\click_success_20260719_101021_661\crops\bbox_context_1_5x.png,0.03820589526245991,0.0007544834904062251,0.014749321310470501,0.04870236044128736,0.009705720469355583,0.9686442017555237,0.02679241813408832,0.012764018028974533,0.0005782863008789718,0.007060475181788206,0.04038342088460922,0.007287042215466499,0.9997672438621521,0.0018243733793497086,0.009468144737184048,0.0005065825534984469,0.012250198051333427,0.04236947372555733,0.0042379312217235565,0.9993269443511963,0.003356205066666007,0.09238552302122116,0.0011785816168412566,0.02493729069828987,0.06335418671369553,0.017592187970876694,0.9068384170532227,0.07519667595624924
20260719_101209_346,2026-07-19T10:12:09+0800,ads2_click_success_20260719_101209_346,free_ad_template,close_26.png,1.0,free,free,0.9898978273073832,0.9898978273073832,True,83.91701388888889,"[376, 285, 34, 19]","[385, 290]",vision_platform\ads\runtime_collection\click_success\click_success_20260719_101209_346,D:\Projects\adb_vl\vision_platform\ads\runtime_collection\click_success\click_success_20260719_101209_346\pre_click.png,D:\Projects\adb_vl\vision_platform\ads\runtime_collection\click_success\click_success_20260719_101209_346\post_click.png,D:\Projects\adb_vl\vision_platform\ads\runtime_collection\click_success\click_success_20260719_101209_346\crops\bbox.png,D:\Projects\adb_vl\vision_platform\ads\runtime_collection\click_success\click_success_20260719_101209_346\crops\bbox_context_1_5x.png,0.10243833810091019,0.008348598067338267,0.03187766422828039,0.03124271643658479,0.9898978273073832,0.004913150526893635,0.33422622581322986,0.020298324525356293,0.004587856121361256,0.0040961094200611115,0.004293421283364296,0.9976782202720642,0.001020000665448606,0.23382237553596497,0.017273783683776855,0.0038060450460761786,0.015296991914510727,0.021887198090553284,0.9932568073272705,0.0018750170711427927,0.19556362926959991,0.2697429060935974,0.01665189303457737,0.07623989135026932,0.06754752993583679,0.9787584543228149,0.011844433844089508,0.5732926726341248
20260719_101227_582,2026-07-19T10:12:27+0800,ads2_click_success_20260719_101227_582,got_template,got2.png,0.9599547982215881,got,got,0.9471707344055176,0.9471707344055176,True,83.80111111111111,"[414, 134, 139, 47]","[483, 157]",vision_platform\ads\runtime_collection\click_success\click_success_20260719_101227_582,D:\Projects\adb_vl\vision_platform\ads\runtime_collection\click_success\click_success_20260719_101227_582\pre_click.png,D:\Projects\adb_vl\vision_platform\ads\runtime_collection\click_success\click_success_20260719_101227_582\post_click.png,D:\Projects\adb_vl\vision_platform\ads\runtime_collection\click_success\click_success_20260719_101227_582\crops\bbox.png,D:\Projects\adb_vl\vision_platform\ads\runtime_collection\click_success\click_success_20260719_101227_582\crops\bbox_context_1_5x.png,0.15514463931322098,0.03171027544885874,0.08433527623613675,0.180284450451533,0.0873316042125225,0.9471707344055176,0.20007586975892386,0.03492147475481033,0.008795884437859058,0.029528964310884476,0.03284992277622223,0.05649976804852486,0.9913157224655151,0.13161924481391907,0.11611758172512054,0.06651461124420166,0.09798026829957962,0.2773301601409912,0.13954076170921326,0.9899656772613525,0.15534277260303497,0.31439486145973206,0.019820330664515495,0.12549659609794617,0.23067326843738556,0.0659542828798294,0.8602308034896851,0.3132655918598175
20260719_101252_074,2026-07-19T10:12:52+0800,ads2_click_success_20260719_101252_074,close_template,close_24.png,0.9865567088127136,x_mark,x_mark,0.8775915106137594,0.8775915106137594,True,91.75680555555556,"[911, 25, 40, 33]","[931, 41]",vision_platform\ads\runtime_collection\click_success\click_success_20260719_101252_074,D:\Projects\adb_vl\vision_platform\ads\runtime_collection\click_success\click_success_20260719_101252_074\pre_click.png,D:\Projects\adb_vl\vision_platform\ads\runtime_collection\click_success\click_success_20260719_101252_074\post_click.png,D:\Projects\adb_vl\vision_platform\ads\runtime_collection\click_success\click_success_20260719_101252_074\crops\bbox.png,D:\Projects\adb_vl\vision_platform\ads\runtime_collection\click_success\click_success_20260719_101252_074\crops\bbox_context_1_5x.png,0.8775915106137594,0.011000568668047586,0.053446441888809204,0.06702558882534504,0.04465711504841844,0.023260253520372014,0.843375543753306,0.9901374578475952,0.007849780842661858,0.005804724991321564,0.007386399433016777,0.0019513298757374287,0.001716099795885384,0.8416029810905457,0.9433644413948059,0.015025046654045582,0.08464056998491287,0.07238990813493729,0.011106390506029129,0.003531881608068943,0.8658328652381897,0.699272632598877,0.010126878507435322,0.06989403069019318,0.12130045890808105,0.12091362476348877,0.06453277915716171,0.8226907849311829
20260719_101257_107,2026-07-19T10:12:57+0800,ads2_click_success_20260719_101257_107,got_template,got2.png,0.9528719186782837,got,got,0.9541482925415039,0.9541482925415039,True,83.84923611111111,"[414, 134, 139, 47]","[483, 157]",vision_platform\ads\runtime_collection\click_success\click_success_20260719_101257_107,D:\Projects\adb_vl\vision_platform\ads\runtime_collection\click_success\click_success_20260719_101257_107\pre_click.png,D:\Projects\adb_vl\vision_platform\ads\runtime_collection\click_success\click_success_20260719_101257_107\post_click.png,D:\Projects\adb_vl\vision_platform\ads\runtime_collection\click_success\click_success_20260719_101257_107\crops\bbox.png,D:\Projects\adb_vl\vision_platform\ads\runtime_collection\click_success\click_success_20260719_101257_107\crops\bbox_context_1_5x.png,0.15434671193361282,0.03634476475417614,0.1029629831512769,0.2757510095834732,0.08797681455810864,0.9541482925415039,0.20147769649823508,0.0648241713643074,0.011525970883667469,0.07057521492242813,0.10281571745872498,0.057685207575559616,0.9954239726066589,0.19256800413131714,0.2325713336467743,0.08822346478700638,0.15988977253437042,0.5244951844215393,0.16815219819545746,0.9966983199119568,0.18720144033432007,0.16564463078975677,0.009284858591854572,0.07842396199703217,0.19994212687015533,0.03809303790330887,0.870322585105896,0.224663645029068
20260719_101302_590,2026-07-19T10:13:02+0800,ads2_click_success_20260719_101302_590,free_ad_template,close_26.png,0.9770014882087708,free,free,0.9917364517847697,0.9917364517847697,True,133.26208333333332,"[391, 285, 34, 19]","[408, 294]",vision_platform\ads\runtime_collection\click_success\click_success_20260719_101302_590,D:\Projects\adb_vl\vision_platform\ads\runtime_collection\click_success\click_success_20260719_101302_590\pre_click.png,D:\Projects\adb_vl\vision_platform\ads\runtime_collection\click_success\click_success_20260719_101302_590\post_click.png,D:\Projects\adb_vl\vision_platform\ads\runtime_collection\click_success\click_success_20260719_101302_590\crops\bbox.png,D:\Projects\adb_vl\vision_platform\ads\runtime_collection\click_success\click_success_20260719_101302_590\crops\bbox_context_1_5x.png,0.06013323273509741,0.015218774788081646,0.036655618188281856,0.04081418768813213,0.9917364517847697,0.005641723284497857,0.2746717929840088,0.018921218812465668,0.016396556049585342,0.010168823413550854,0.009725150652229786,0.9975292086601257,0.002562320791184902,0.20358100533485413,0.010528524406254292,0.007582549937069416,0.0393223762512207,0.040598541498184204,0.992987334728241,0.003843609942123294,0.18399673700332642,0.15094995498657227,0.02167721837759018,0.060475654900074005,0.07211887091398239,0.9846928119659424,0.010519239120185375,0.4364376366138458
20260719_101321_354,2026-07-19T10:13:21+0800,ads2_click_success_20260719_101321_354,close_template,close_24.png,0.9865567088127136,x_mark,x_mark,0.8775915106137594,0.8775915106137594,True,92.02791666666667,"[911, 25, 40, 33]","[931, 41]",vision_platform\ads\runtime_collection\click_success\click_success_20260719_101321_354,D:\Projects\adb_vl\vision_platform\ads\runtime_collection\click_success\click_success_20260719_101321_354\pre_click.png,D:\Projects\adb_vl\vision_platform\ads\runtime_collection\click_success\click_success_20260719_101321_354\post_click.png,D:\Projects\adb_vl\vision_platform\ads\runtime_collection\click_success\click_success_20260719_101321_354\crops\bbox.png,D:\Projects\adb_vl\vision_platform\ads\runtime_collection\click_success\click_success_20260719_101321_354\crops\bbox_context_1_5x.png,0.8775915106137594,0.011000568668047586,0.053446441888809204,0.06702558882534504,0.04465711504841844,0.023260253520372014,0.843375543753306,0.9901374578475952,0.007849780842661858,0.005804724991321564,0.007386399433016777,0.0019513298757374287,0.001716099795885384,0.8416029810905457,0.9433644413948059,0.015025046654045582,0.08464056998491287,0.07238990813493729,0.011106390506029129,0.003531881608068943,0.8658328652381897,0.699272632598877,0.010126878507435322,0.06989403069019318,0.12130045890808105,0.12091362476348877,0.06453277915716171,0.8226907849311829
20260719_101326_376,2026-07-19T10:13:26+0800,ads2_click_success_20260719_101326_376,got_template,got2.png,0.9517667889595032,got,got,0.9446016550064087,0.9446016550064087,True,83.75708333333333,"[414, 134, 139, 47]","[483, 157]",vision_platform\ads\runtime_collection\click_success\click_success_20260719_101326_376,D:\Projects\adb_vl\vision_platform\ads\runtime_collection\click_success\click_success_20260719_101326_376\pre_click.png,D:\Projects\adb_vl\vision_platform\ads\runtime_collection\click_success\click_success_20260719_101326_376\post_click.png,D:\Projects\adb_vl\vision_platform\ads\runtime_collection\click_success\click_success_20260719_101326_376\crops\bbox.png,D:\Projects\adb_vl\vision_platform\ads\runtime_collection\click_success\click_success_20260719_101326_376\crops\bbox_context_1_5x.png,0.14377900958061218,0.0268991746318837,0.062185125425457954,0.15474340257545313,0.08470755442976952,0.9446016550064087,0.21673514445622763,0.0358562171459198,0.007108534220606089,0.02098733000457287,0.030457554385066032,0.04778621718287468,0.9920112490653992,0.19089482724666595,0.1452314555644989,0.061176735907793045,0.09745649248361588,0.2467564195394516,0.14324691891670227,0.9883869290351868,0.2053973525762558,0.25024935603141785,0.012412253767251968,0.06811155378818512,0.18701623380184174,0.0630895271897316,0.8534067869186401,0.2539132535457611
20260719_101331_717,2026-07-19T10:13:31+0800,ads2_click_success_20260719_101331_717,free_ad_template,close_26.png,0.9770014882087708,free,free,0.9917364517847697,0.9917364517847697,True,133.23097222222222,"[391, 285, 34, 19]","[408, 294]",vision_platform\ads\runtime_collection\click_success\click_success_20260719_101331_717,D:\Projects\adb_vl\vision_platform\ads\runtime_collection\click_success\click_success_20260719_101331_717\pre_click.png,D:\Projects\adb_vl\vision_platform\ads\runtime_collection\click_success\click_success_20260719_101331_717\post_click.png,D:\Projects\adb_vl\vision_platform\ads\runtime_collection\click_success\click_success_20260719_101331_717\crops\bbox.png,D:\Projects\adb_vl\vision_platform\ads\runtime_collection\click_success\click_success_20260719_101331_717\crops\bbox_context_1_5x.png,0.06013323273509741,0.015218774788081646,0.036655618188281856,0.04081418768813213,0.9917364517847697,0.005641723284497857,0.2746717929840088,0.018921218812465668,0.016396556049585342,0.010168823413550854,0.009725150652229786,0.9975292086601257,0.002562320791184902,0.20358100533485413,0.010528524406254292,0.007582549937069416,0.0393223762512207,0.040598541498184204,0.992987334728241,0.003843609942123294,0.18399673700332642,0.15094995498657227,0.02167721837759018,0.060475654900074005,0.07211887091398239,0.9846928119659424,0.010519239120185375,0.4364376366138458
20260719_101349_744,2026-07-19T10:13:49+0800,ads2_click_success_20260719_101349_744,close_template,close_24.png,0.9865567088127136,x_mark,x_mark,0.8775915106137594,0.8775915106137594,True,100.35597222222222,"[911, 25, 40, 33]","[931, 41]",vision_platform\ads\runtime_collection\click_success\click_success_20260719_101349_744,D:\Projects\adb_vl\vision_platform\ads\runtime_collection\click_success\click_success_20260719_101349_744\pre_click.png,D:\Projects\adb_vl\vision_platform\ads\runtime_collection\click_success\click_success_20260719_101349_744\post_click.png,D:\Projects\adb_vl\vision_platform\ads\runtime_collection\click_success\click_success_20260719_101349_744\crops\bbox.png,D:\Projects\adb_vl\vision_platform\ads\runtime_collection\click_success\click_success_20260719_101349_744\crops\bbox_context_1_5x.png,0.8775915106137594,0.011000568668047586,0.053446441888809204,0.06702558882534504,0.04465711504841844,0.023260253520372014,0.843375543753306,0.9901374578475952,0.007849780842661858,0.005804724991321564,0.007386399433016777,0.0019513298757374287,0.001716099795885384,0.8416029810905457,0.9433644413948059,0.015025046654045582,0.08464056998491287,0.07238990813493729,0.011106390506029129,0.003531881608068943,0.8658328652381897,0.699272632598877,0.010126878507435322,0.06989403069019318,0.12130045890808105,0.12091362476348877,0.06453277915716171,0.8226907849311829
20260719_101354_790,2026-07-19T10:13:54+0800,ads2_click_success_20260719_101354_790,got_template,got2.png,0.9545270204544067,got,got,0.9336821436882019,0.9336821436882019,True,84.02291666666666,"[414, 134, 139, 47]","[483, 157]",vision_platform\ads\runtime_collection\click_success\click_success_20260719_101354_790,D:\Projects\adb_vl\vision_platform\ads\runtime_collection\click_success\click_success_20260719_101354_790\pre_click.png,D:\Projects\adb_vl\vision_platform\ads\runtime_collection\click_success\click_success_20260719_101354_790\post_click.png,D:\Projects\adb_vl\vision_platform\ads\runtime_collection\click_success\click_success_20260719_101354_790\crops\bbox.png,D:\Projects\adb_vl\vision_platform\ads\runtime_collection\click_success\click_success_20260719_101354_790\crops\bbox_context_1_5x.png,0.0840370636433363,0.008196043781936169,0.036629751324653625,0.11935802424947421,0.05021229013800621,0.9336821436882019,0.16244815786679587,0.020417818799614906,0.004126358311623335,0.01878010854125023,0.03257063403725624,0.03125711902976036,0.9954097867012024,0.12275107204914093,0.07088100910186768,0.013674702495336533,0.03969283029437065,0.1504606455564499,0.07262907922267914,0.9859569072723389,0.1794593185186386,0.1608123630285263,0.0067870705388486385,0.051416315138339996,0.1750427931547165,0.04675067216157913,0.8196797370910645,0.18513408303260803
20260719_103521_241,2026-07-19T10:35:21+0800,ads2_click_success_20260719_103521_241,free_ad_template,close_26.png,0.7624269127845764,free,free,0.9927587310473124,0.9927587310473124,True,63.75625,"[878, 354, 34, 19]","[895, 363]",vision_platform\ads\runtime_collection\click_success\click_success_20260719_103521_241,D:\Projects\adb_vl\vision_platform\ads\runtime_collection\click_success\click_success_20260719_103521_241\pre_click.png,D:\Projects\adb_vl\vision_platform\ads\runtime_collection\click_success\click_success_20260719_103521_241\post_click.png,D:\Projects\adb_vl\vision_platform\ads\runtime_collection\click_success\click_success_20260719_103521_241\crops\bbox.png,D:\Projects\adb_vl\vision_platform\ads\runtime_collection\click_success\click_success_20260719_103521_241\crops\bbox_context_1_5x.png,0.008132712760319313,0.004360780507947008,0.004159554877939324,0.016067049466073513,0.9927587310473124,0.0018482098433499534,0.028355566784739494,0.004156500566750765,0.002939888508990407,0.0006525941425934434,0.0038360590115189552,0.9961912631988525,0.0003828714834526181,0.02768193930387497,0.007408612407743931,0.002931388560682535,0.007204001769423485,0.02249404415488243,0.9961982369422913,0.0022177768405526876,0.025056784972548485,0.012833025306463242,0.007211064454168081,0.0046220687218010426,0.021871045231819153,0.9858866930007935,0.0029439812060445547,0.03232797607779503
20260719_103538_992,2026-07-19T10:35:39+0800,ads2_click_success_20260719_103538_992,close_template,close_2.png,0.9926122426986694,x_mark,x_mark,0.9871191183725992,0.9871191183725992,True,38.09986111111111,"[877, 20, 75, 33]","[914, 36]",vision_platform\ads\runtime_collection\click_success\click_success_20260719_103538_992,D:\Projects\adb_vl\vision_platform\ads\runtime_collection\click_success\click_success_20260719_103538_992\pre_click.png,D:\Projects\adb_vl\vision_platform\ads\runtime_collection\click_success\click_success_20260719_103538_992\post_click.png,D:\Projects\adb_vl\vision_platform\ads\runtime_collection\click_success\click_success_20260719_103538_992\crops\bbox.png,D:\Projects\adb_vl\vision_platform\ads\runtime_collection\click_success\click_success_20260719_103538_992\crops\bbox_context_1_5x.png,0.9871191183725992,5.40543851457187e-06,0.00010478989437009052,0.00037577649103089544,0.00015965702975033005,3.32838521899248e-05,0.008539801463484764,0.9982882142066956,3.426165221753763e-06,7.912982255220413e-05,6.277750799199566e-05,3.6027478927280754e-05,8.221459574997425e-05,0.002161085605621338,0.9903361797332764,6.39971631244407e-06,0.00021416059462353587,0.0008289136458188295,2.1254194507491775e-05,1.1205202099517919e-05,0.005210183560848236,0.9727329611778259,6.390434009517776e-06,2.1079265934531577e-05,0.00023563831928186119,0.00042168941581621766,6.431758720282232e-06,0.01824813522398472
20260719_103543_766,2026-07-19T10:35:43+0800,ads2_click_success_20260719_103543_766,got_template,got2.png,0.9776059985160828,got,got,0.9540164073308309,0.9540164073308309,True,42.97645833333333,"[414, 134, 139, 47]","[483, 157]",vision_platform\ads\runtime_collection\click_success\click_success_20260719_103543_766,D:\Projects\adb_vl\vision_platform\ads\runtime_collection\click_success\click_success_20260719_103543_766\pre_click.png,D:\Projects\adb_vl\vision_platform\ads\runtime_collection\click_success\click_success_20260719_103543_766\post_click.png,D:\Projects\adb_vl\vision_platform\ads\runtime_collection\click_success\click_success_20260719_103543_766\crops\bbox.png,D:\Projects\adb_vl\vision_platform\ads\runtime_collection\click_success\click_success_20260719_103543_766\crops\bbox_context_1_5x.png,0.028755657530079286,0.0010335212767434616,0.008019543873767057,0.0727016453941663,0.03227443294599652,0.9540164073308309,0.03223466562728087,0.009838483296334743,0.00029153370996937156,0.004445487167686224,0.03176767751574516,0.0014932367485016584,0.9998533725738525,0.008091632276773453,0.0033492534421384335,0.00036666926462203264,0.0037357094697654247,0.053742166608572006,0.0037286828737705946,0.9983603358268738,0.00889589823782444,0.07307923585176468,0.002442360855638981,0.015877434983849525,0.13259509205818176,0.09160137921571732,0.8638355135917664,0.07971646636724472
20260719_103549_876,2026-07-19T10:35:49+0800,ads2_click_success_20260719_103549_876,free_ad_template,close_26.png,0.7624273300170898,free,free,0.9927587310473124,0.9927587310473124,True,63.76368055555555,"[878, 354, 34, 19]","[895, 363]",vision_platform\ads\runtime_collection\click_success\click_success_20260719_103549_876,D:\Projects\adb_vl\vision_platform\ads\runtime_collection\click_success\click_success_20260719_103549_876\pre_click.png,D:\Projects\adb_vl\vision_platform\ads\runtime_collection\click_success\click_success_20260719_103549_876\post_click.png,D:\Projects\adb_vl\vision_platform\ads\runtime_collection\click_success\click_success_20260719_103549_876\crops\bbox.png,D:\Projects\adb_vl\vision_platform\ads\runtime_collection\click_success\click_success_20260719_103549_876\crops\bbox_context_1_5x.png,0.008132712760319313,0.004360780507947008,0.004159554877939324,0.016067049466073513,0.9927587310473124,0.0018482098433499534,0.028355566784739494,0.004156500566750765,0.002939888508990407,0.0006525941425934434,0.0038360590115189552,0.9961912631988525,0.0003828714834526181,0.02768193930387497,0.007408612407743931,0.002931388560682535,0.007204001769423485,0.02249404415488243,0.9961982369422913,0.0022177768405526876,0.025056784972548485,0.012833025306463242,0.007211064454168081,0.0046220687218010426,0.021871045231819153,0.9858866930007935,0.0029439812060445547,0.03232797607779503
20260719_103607_635,2026-07-19T10:36:07+0800,ads2_click_success_20260719_103607_635,close_template,close_2.png,0.9971979260444641,x_mark,x_mark,0.9969096581141154,0.9969096581141154,True,32.12284722222222,"[877, 20, 75, 33]","[914, 36]",vision_platform\ads\runtime_collection\click_success\click_success_20260719_103607_635,D:\Projects\adb_vl\vision_platform\ads\runtime_collection\click_success\click_success_20260719_103607_635\pre_click.png,D:\Projects\adb_vl\vision_platform\ads\runtime_collection\click_success\click_success_20260719_103607_635\post_click.png,D:\Projects\adb_vl\vision_platform\ads\runtime_collection\click_success\click_success_20260719_103607_635\crops\bbox.png,D:\Projects\adb_vl\vision_platform\ads\runtime_collection\click_success\click_success_20260719_103607_635\crops\bbox_context_1_5x.png,0.9969096581141154,0.0003440409976368149,0.00035328058099063736,0.0027819430882421634,0.0005948317120783031,0.0003933977119838043,0.0048625659934865935,0.9996360540390015,0.0004952549934387207,0.0002089968475047499,0.0036507032345980406,0.0008553942898288369,0.000843431509565562,0.0013677425449714065,0.9995442032814026,0.0002907381858676672,0.00039670453406870365,0.0006491823005490005,0.00045550212962552905,5.0727900088531896e-05,0.00027227686950936913,0.9915487170219421,0.00024612981360405684,0.0004541403613984585,0.004045943729579449,0.00047359871678054333,0.00028603372629731894,0.012947678565979004
20260719_103612_356,2026-07-19T10:36:12+0800,ads2_click_success_20260719_103612_356,got_template,got2.png,0.9792937636375427,got,got,0.9588481386502584,0.9588481386502584,True,40.56368055555556,"[414, 134, 139, 47]","[483, 157]",vision_platform\ads\runtime_collection\click_success\click_success_20260719_103612_356,D:\Projects\adb_vl\vision_platform\ads\runtime_collection\click_success\click_success_20260719_103612_356\pre_click.png,D:\Projects\adb_vl\vision_platform\ads\runtime_collection\click_success\click_success_20260719_103612_356\post_click.png,D:\Projects\adb_vl\vision_platform\ads\runtime_collection\click_success\click_success_20260719_103612_356\crops\bbox.png,D:\Projects\adb_vl\vision_platform\ads\runtime_collection\click_success\click_success_20260719_103612_356\crops\bbox_context_1_5x.png,0.02517676865682006,0.000985568156465888,0.007256022809694211,0.08510320633649826,0.030836310392866533,0.9588481386502584,0.03167677934591969,0.005333993583917618,0.00033826567232608795,0.0038254118990153074,0.032076396048069,0.00352776562795043,0.9996411800384521,0.007211450021713972,0.00348134757950902,0.0006311619654297829,0.0027710169088095427,0.09469074010848999,0.007703377865254879,0.998598039150238,0.008150753565132618,0.06671496480703354,0.0019872768316417933,0.015171639621257782,0.1285424828529358,0.08127778768539429,0.878305196762085,0.07966813445091248
20260719_103618_492,2026-07-19T10:36:18+0800,ads2_click_success_20260719_103618_492,free_ad_template,close_26.png,0.7616873979568481,free,free,0.9934552709261576,0.9934552709261576,True,59.399166666666666,"[462, 354, 34, 19]","[479, 363]",vision_platform\ads\runtime_collection\click_success\click_success_20260719_103618_492,D:\Projects\adb_vl\vision_platform\ads\runtime_collection\click_success\click_success_20260719_103618_492\pre_click.png,D:\Projects\adb_vl\vision_platform\ads\runtime_collection\click_success\click_success_20260719_103618_492\post_click.png,D:\Projects\adb_vl\vision_platform\ads\runtime_collection\click_success\click_success_20260719_103618_492\crops\bbox.png,D:\Projects\adb_vl\vision_platform\ads\runtime_collection\click_success\click_success_20260719_103618_492\crops\bbox_context_1_5x.png,0.004417252183581392,0.0028237021761015058,0.003808227057258288,0.018594701308757067,0.9934552709261576,0.001183173570704336,0.022983343650897343,0.0028166600968688726,0.003417532192543149,0.0013751136139035225,0.005494426470249891,0.9978061318397522,0.0003868177009280771,0.02831333875656128,0.005456139799207449,0.0018052017549052835,0.008022809401154518,0.03220796585083008,0.9970433115959167,0.0017164977034553885,0.020655617117881775,0.004978956654667854,0.003248372580856085,0.0020267581567168236,0.01808171160519123,0.985516369342804,0.0014462053077295423,0.019981075078248978
20260719_103636_297,2026-07-19T10:36:36+0800,ads2_click_success_20260719_103636_297,close_template,close_2.png,0.9749233722686768,x_mark,x_mark,0.9720089832941691,0.9720089832941691,True,40.211527777777775,"[877, 20, 75, 33]","[914, 36]",vision_platform\ads\runtime_collection\click_success\click_success_20260719_103636_297,D:\Projects\adb_vl\vision_platform\ads\runtime_collection\click_success\click_success_20260719_103636_297\pre_click.png,D:\Projects\adb_vl\vision_platform\ads\runtime_collection\click_success\click_success_20260719_103636_297\post_click.png,D:\Projects\adb_vl\vision_platform\ads\runtime_collection\click_success\click_success_20260719_103636_297\crops\bbox.png,D:\Projects\adb_vl\vision_platform\ads\runtime_collection\click_success\click_success_20260719_103636_297\crops\bbox_context_1_5x.png,0.9720089832941691,0.009142017690464854,0.006597493542358279,0.021782204741612077,0.026058204472064972,0.0017194043612107635,0.4123917818069458,0.9948787689208984,0.0084765013307333,0.006548983510583639,0.0028246871661394835,0.008245173841714859,0.0025958798360079527,0.3917170464992523,0.9953990578651428,0.015646139159798622,0.009989798069000244,0.029047299176454544,0.009514011442661285,0.0011899123201146722,0.3195505440235138,0.9257491230964661,0.0033034125808626413,0.0032536990474909544,0.0334746278822422,0.06041542813181877,0.0013724209275096655,0.5259077548980713
20260719_103641_046,2026-07-19T10:36:41+0800,ads2_click_success_20260719_103641_046,got_template,got2.png,0.9798102378845215,got,got,0.9635350306828817,0.9635350306828817,True,39.87152777777778,"[414, 134, 139, 47]","[483, 157]",vision_platform\ads\runtime_collection\click_success\click_success_20260719_103641_046,D:\Projects\adb_vl\vision_platform\ads\runtime_collection\click_success\click_success_20260719_103641_046\pre_click.png,D:\Projects\adb_vl\vision_platform\ads\runtime_collection\click_success\click_success_20260719_103641_046\post_click.png,D:\Projects\adb_vl\vision_platform\ads\runtime_collection\click_success\click_success_20260719_103641_046\crops\bbox.png,D:\Projects\adb_vl\vision_platform\ads\runtime_collection\click_success\click_success_20260719_103641_046\crops\bbox_context_1_5x.png,0.042379905780156456,0.0003779629745016185,0.009779105894267559,0.03323965333402157,0.007862452495222291,0.9635350306828817,0.017119111105178792,0.004998480901122093,0.00010791117529151961,0.0044387816451489925,0.021055158227682114,0.0038091703318059444,0.9999133348464966,0.002064151456579566,0.006357850506901741,6.653348100371659e-05,0.005064770113676786,0.024424823001027107,0.002282020403072238,0.9997345805168152,0.00412589218467474,0.11578338593244553,0.0009594442672096193,0.019833765923976898,0.054238978773355484,0.01749616675078869,0.8909571766853333,0.045167289674282074
20260719_103647_501,2026-07-19T10:36:47+0800,ads2_click_success_20260719_103647_501,free_ad_template,free_ad_3.png,0.9999861717224121,free,free,0.9756608406702677,0.9756608406702677,True,55.05784722222222,"[599, 352, 38, 24]","[618, 364]",vision_platform\ads\runtime_collection\click_success\click_success_20260719_103647_501,D:\Projects\adb_vl\vision_platform\ads\runtime_collection\click_success\click_success_20260719_103647_501\pre_click.png,D:\Projects\adb_vl\vision_platform\ads\runtime_collection\click_success\click_success_20260719_103647_501\post_click.png,D:\Projects\adb_vl\vision_platform\ads\runtime_collection\click_success\click_success_20260719_103647_501\crops\bbox.png,D:\Projects\adb_vl\vision_platform\ads\runtime_collection\click_success\click_success_20260719_103647_501\crops\bbox_context_1_5x.png,0.006479972430194418,0.0010451202494247507,0.0035857261003305516,0.019823476672172546,0.9756608406702677,0.0003560233114209647,0.07287061338623364,0.002299804938957095,0.00074548035627231,0.0012933791149407625,0.009280210360884666,0.9943471550941467,5.497067468240857e-05,0.02558063715696335,0.005179206375032663,0.00026867820997722447,0.0030142972245812416,0.021608049049973488,0.9748706817626953,8.444143168162555e-05,0.1466570645570755,0.011960905976593494,0.0021212021820247173,0.00644950196146965,0.028582170605659485,0.9577646851539612,0.00092865782789886,0.046374138444662094
20260719_103705_354,2026-07-19T10:37:05+0800,ads2_click_success_20260719_103705_354,close_template,close_2.png,0.8678305745124817,x_mark,x_mark,0.6895504295825958,0.6895504295825958,True,37.476875,"[877, 20, 75, 33]","[914, 36]",vision_platform\ads\runtime_collection\click_success\click_success_20260719_103705_354,D:\Projects\adb_vl\vision_platform\ads\runtime_collection\click_success\click_success_20260719_103705_354\pre_click.png,D:\Projects\adb_vl\vision_platform\ads\runtime_collection\click_success\click_success_20260719_103705_354\post_click.png,D:\Projects\adb_vl\vision_platform\ads\runtime_collection\click_success\click_success_20260719_103705_354\crops\bbox.png,D:\Projects\adb_vl\vision_platform\ads\runtime_collection\click_success\click_success_20260719_103705_354\crops\bbox_context_1_5x.png,0.6895504295825958,0.00035661074313490343,0.010616947043066224,0.032480086044718824,0.0062121329247020185,0.027954574111693848,0.1116100459670027,0.9894384741783142,0.00016745399625506252,0.002946399385109544,0.004567919764667749,0.0002211016253568232,0.0008571354555897415,0.014818835072219372,0.8278918266296387,0.00036294106394052505,0.008195685222744942,0.02815653569996357,0.002876609330996871,0.014418590813875198,0.03259529173374176,0.2513209879398346,0.0005394371692091227,0.020708756521344185,0.06471580266952515,0.015538687817752361,0.06858799606561661,0.287416011095047
20260719_103710_061,2026-07-19T10:37:10+0800,ads2_click_success_20260719_103710_061,got_template,got2.png,0.98134446144104,got,got,0.9896994233131409,0.9896994233131409,True,36.64145833333333,"[414, 134, 139, 47]","[483, 157]",vision_platform\ads\runtime_collection\click_success\click_success_20260719_103710_061,D:\Projects\adb_vl\vision_platform\ads\runtime_collection\click_success\click_success_20260719_103710_061\pre_click.png,D:\Projects\adb_vl\vision_platform\ads\runtime_collection\click_success\click_success_20260719_103710_061\post_click.png,D:\Projects\adb_vl\vision_platform\ads\runtime_collection\click_success\click_success_20260719_103710_061\crops\bbox.png,D:\Projects\adb_vl\vision_platform\ads\runtime_collection\click_success\click_success_20260719_103710_061\crops\bbox_context_1_5x.png,0.042253660038113594,0.0007209738444847366,0.011811129671211043,0.0519606868426005,0.009494358906522393,0.9896994233131409,0.012895673241776725,0.008006488904356956,0.0004807680961675942,0.002386943669989705,0.050170864909887314,0.0033408801537007093,0.9998407363891602,0.0017511892365291715,0.009353742003440857,0.00048482988495379686,0.007504562381654978,0.05535873398184776,0.005394710227847099,0.9998132586479187,0.0023007821291685104,0.10940074920654297,0.0011973235523328185,0.02554188296198845,0.05035246163606644,0.01974748633801937,0.9694442749023438,0.03463504835963249
20260719_103716_510,2026-07-19T10:37:16+0800,ads2_click_success_20260719_103716_510,free_ad_template,free_ad_3.png,0.9744047522544861,free,free,0.9864220023155212,0.9864220023155212,True,50.622569444444444,"[738, 352, 38, 24]","[757, 364]",vision_platform\ads\runtime_collection\click_success\click_success_20260719_103716_510,D:\Projects\adb_vl\vision_platform\ads\runtime_collection\click_success\click_success_20260719_103716_510\pre_click.png,D:\Projects\adb_vl\vision_platform\ads\runtime_collection\click_success\click_success_20260719_103716_510\post_click.png,D:\Projects\adb_vl\vision_platform\ads\runtime_collection\click_success\click_success_20260719_103716_510\crops\bbox.png,D:\Projects\adb_vl\vision_platform\ads\runtime_collection\click_success\click_success_20260719_103716_510\crops\bbox_context_1_5x.png,0.0035743454548840723,0.0016161855795265485,0.002746976756801208,0.01498748967424035,0.9864220023155212,0.0003051038123279189,0.05650385903815428,0.0009866637410596013,0.0007125118281692266,0.001093211118131876,0.007264383602887392,0.9969019889831543,6.626772665185854e-05,0.02809523604810238,0.003932335413992405,0.00042666742228902876,0.0030187400989234447,0.015193757601082325,0.9913637638092041,0.0001053429368766956,0.10364631563425064,0.00580403720960021,0.0037093774881213903,0.004128979053348303,0.022504327818751335,0.9710002541542053,0.0007437007734552026,0.03777002543210983
20260719_103734_266,2026-07-19T10:37:34+0800,ads2_click_success_20260719_103734_266,close_template,close_2.png,0.9738214015960693,x_mark,x_mark,0.9988536437352499,0.9988536437352499,True,37.113055555555555,"[877, 20, 75, 33]","[914, 36]",vision_platform\ads\runtime_collection\click_success\click_success_20260719_103734_266,D:\Projects\adb_vl\vision_platform\ads\runtime_collection\click_success\click_success_20260719_103734_266\pre_click.png,D:\Projects\adb_vl\vision_platform\ads\runtime_collection\click_success\click_success_20260719_103734_266\post_click.png,D:\Projects\adb_vl\vision_platform\ads\runtime_collection\click_success\click_success_20260719_103734_266\crops\bbox.png,D:\Projects\adb_vl\vision_platform\ads\runtime_collection\click_success\click_success_20260719_103734_266\crops\bbox_context_1_5x.png,0.9988536437352499,0.0001081300597434165,0.0017180892173200846,0.003639178661008676,0.00014246677892515436,0.0002298493369986924,0.028476487767572205,0.9998708963394165,1.5050491128931753e-05,0.0006124235223978758,0.004557439591735601,0.00011453786282800138,0.00016298238188028336,0.008847120217978954,0.9996547698974609,0.00029347775853239,0.0030913224909454584,0.002066671382635832,0.0001914652530103922,9.479604341322556e-05,0.0016855306457728148,0.9970352649688721,1.5861929568927735e-05,0.0014505216386169195,0.004293425008654594,0.0001213972209370695,0.0004317695857025683,0.07489681243896484
20260719_103738_937,2026-07-19T10:37:38+0800,ads2_click_success_20260719_103738_937,got_template,got2.png,0.9779978394508362,got,got,0.9703551928202311,0.9703551928202311,True,36.80715277777778,"[414, 134, 139, 47]","[483, 157]",vision_platform\ads\runtime_collection\click_success\click_success_20260719_103738_937,D:\Projects\adb_vl\vision_platform\ads\runtime_collection\click_success\click_success_20260719_103738_937\pre_click.png,D:\Projects\adb_vl\vision_platform\ads\runtime_collection\click_success\click_success_20260719_103738_937\post_click.png,D:\Projects\adb_vl\vision_platform\ads\runtime_collection\click_success\click_success_20260719_103738_937\crops\bbox.png,D:\Projects\adb_vl\vision_platform\ads\runtime_collection\click_success\click_success_20260719_103738_937\crops\bbox_context_1_5x.png,0.05269289327164491,0.0009066455143814286,0.018817392798761528,0.05126862103740374,0.010825911847253641,0.9703551928202311,0.022598682437092066,0.011314697563648224,0.000764487951528281,0.005053740926086903,0.051015134900808334,0.005058226641267538,0.9998453855514526,0.003454321064054966,0.014567511156201363,0.00041202775901183486,0.011573057621717453,0.04359119385480881,0.004519365262240171,0.9997082352638245,0.003509263042360544,0.13219647109508514,0.0015434208326041698,0.039825379848480225,0.059199534356594086,0.022900143638253212,0.9115119576454163,0.06083246320486069
20260719_103745_300,2026-07-19T10:37:45+0800,ads2_click_success_20260719_103745_300,free_ad_template,free_ad_3.png,0.9744047522544861,free,free,0.9864220023155212,0.9864220023155212,True,50.75465277777778,"[738, 352, 38, 24]","[757, 364]",vision_platform\ads\runtime_collection\click_success\click_success_20260719_103745_300,D:\Projects\adb_vl\vision_platform\ads\runtime_collection\click_success\click_success_20260719_103745_300\pre_click.png,D:\Projects\adb_vl\vision_platform\ads\runtime_collection\click_success\click_success_20260719_103745_300\post_click.png,D:\Projects\adb_vl\vision_platform\ads\runtime_collection\click_success\click_success_20260719_103745_300\crops\bbox.png,D:\Projects\adb_vl\vision_platform\ads\runtime_collection\click_success\click_success_20260719_103745_300\crops\bbox_context_1_5x.png,0.0035743454548840723,0.0016161855795265485,0.002746976756801208,0.01498748967424035,0.9864220023155212,0.0003051038123279189,0.05650385903815428,0.0009866637410596013,0.0007125118281692266,0.001093211118131876,0.007264383602887392,0.9969019889831543,6.626772665185854e-05,0.02809523604810238,0.003932335413992405,0.00042666742228902876,0.0030187400989234447,0.015193757601082325,0.9913637638092041,0.0001053429368766956,0.10364631563425064,0.00580403720960021,0.0037093774881213903,0.004128979053348303,0.022504327818751335,0.9710002541542053,0.0007437007734552026,0.03777002543210983
20260719_103802_890,2026-07-19T10:38:02+0800,ads2_click_success_20260719_103802_890,close_template,close_2.png,0.9982696175575256,x_mark,x_mark,0.9974985321362814,0.9974985321362814,True,27.513680555555556,"[877, 20, 75, 33]","[914, 36]",vision_platform\ads\runtime_collection\click_success\click_success_20260719_103802_890,D:\Projects\adb_vl\vision_platform\ads\runtime_collection\click_success\click_success_20260719_103802_890\pre_click.png,D:\Projects\adb_vl\vision_platform\ads\runtime_collection\click_success\click_success_20260719_103802_890\post_click.png,D:\Projects\adb_vl\vision_platform\ads\runtime_collection\click_success\click_success_20260719_103802_890\crops\bbox.png,D:\Projects\adb_vl\vision_platform\ads\runtime_collection\click_success\click_success_20260719_103802_890\crops\bbox_context_1_5x.png,0.9974985321362814,1.8855272780153125e-05,0.000301964257232612,0.0015289505439189572,1.7748374072349787e-05,3.491970915092679e-06,0.0027971150120720267,0.9997819066047668,2.3058852093527094e-05,0.00023698160657659173,0.0010197660885751247,7.406587883451721e-06,6.669383765256498e-06,0.0004867733805440366,0.9981348514556885,2.1519950678339228e-05,0.0006192221771925688,0.0008977061952464283,7.019939857855206e-06,1.5456979554073769e-06,0.0006072294781915843,0.9945788383483887,1.1987015568593051e-05,4.968898792867549e-05,0.002669379347935319,3.881859447574243e-05,2.2608310246141627e-06,0.007297342177480459
20260719_103807_546,2026-07-19T10:38:07+0800,ads2_click_success_20260719_103807_546,got_template,got2.png,0.9815047979354858,got,got,0.9802587628364563,0.9802587628364563,True,33.587361111111115,"[414, 134, 139, 47]","[483, 157]",vision_platform\ads\runtime_collection\click_success\click_success_20260719_103807_546,D:\Projects\adb_vl\vision_platform\ads\runtime_collection\click_success\click_success_20260719_103807_546\pre_click.png,D:\Projects\adb_vl\vision_platform\ads\runtime_collection\click_success\click_success_20260719_103807_546\post_click.png,D:\Projects\adb_vl\vision_platform\ads\runtime_collection\click_success\click_success_20260719_103807_546\crops\bbox.png,D:\Projects\adb_vl\vision_platform\ads\runtime_collection\click_success\click_success_20260719_103807_546\crops\bbox_context_1_5x.png,0.06570800952613354,0.0008412945608142763,0.019287589161346357,0.0507335439324379,0.012957014221077165,0.9802587628364563,0.01843539501229922,0.018013760447502136,0.00018595607252791524,0.002009992953389883,0.039987895637750626,0.00309366756118834,0.9997712969779968,0.001747230300679803,0.020884016528725624,0.000337311445036903,0.0053857117891311646,0.036800283938646317,0.0029866956174373627,0.9994875192642212,0.0019223073031753302,0.15822625160217285,0.0020006161648780107,0.05046706274151802,0.07541245222091675,0.03279067948460579,0.9415174722671509,0.051636647433042526
20260719_104040_426,2026-07-19T10:40:40+0800,ads2_click_success_20260719_104040_426,free_ad_template,close_26.png,0.9999993443489075,free,free,0.9898978273073832,0.9898978273073832,True,84.34409722222222,"[376, 285, 34, 19]","[385, 290]",vision_platform\ads\runtime_collection\click_success\click_success_20260719_104040_426,D:\Projects\adb_vl\vision_platform\ads\runtime_collection\click_success\click_success_20260719_104040_426\pre_click.png,D:\Projects\adb_vl\vision_platform\ads\runtime_collection\click_success\click_success_20260719_104040_426\post_click.png,D:\Projects\adb_vl\vision_platform\ads\runtime_collection\click_success\click_success_20260719_104040_426\crops\bbox.png,D:\Projects\adb_vl\vision_platform\ads\runtime_collection\click_success\click_success_20260719_104040_426\crops\bbox_context_1_5x.png,0.10243833810091019,0.008348598067338267,0.03187766422828039,0.03124271643658479,0.9898978273073832,0.004913150526893635,0.33422622581322986,0.020298324525356293,0.004587856121361256,0.0040961094200611115,0.004293421283364296,0.9976782202720642,0.001020000665448606,0.23382237553596497,0.017273783683776855,0.0038060450460761786,0.015296991914510727,0.021887198090553284,0.9932568073272705,0.0018750170711427927,0.19556362926959991,0.2697429060935974,0.01665189303457737,0.07623989135026932,0.06754752993583679,0.9787584543228149,0.011844433844089508,0.5732926726341248
20260719_104058_778,2026-07-19T10:40:58+0800,ads2_click_success_20260719_104058_778,got_template,got2.png,0.9629155397415161,got,got,0.9439194401105245,0.9439194401105245,True,83.93201388888889,"[414, 134, 139, 47]","[483, 157]",vision_platform\ads\runtime_collection\click_success\click_success_20260719_104058_778,D:\Projects\adb_vl\vision_platform\ads\runtime_collection\click_success\click_success_20260719_104058_778\pre_click.png,D:\Projects\adb_vl\vision_platform\ads\runtime_collection\click_success\click_success_20260719_104058_778\post_click.png,D:\Projects\adb_vl\vision_platform\ads\runtime_collection\click_success\click_success_20260719_104058_778\crops\bbox.png,D:\Projects\adb_vl\vision_platform\ads\runtime_collection\click_success\click_success_20260719_104058_778\crops\bbox_context_1_5x.png,0.17438899974028269,0.04331331762174765,0.09116399784882863,0.20725426326195398,0.11612074573834737,0.9439194401105245,0.21826913952827454,0.037654370069503784,0.014588883146643639,0.033593907952308655,0.043035976588726044,0.08435691148042679,0.9891071915626526,0.12438972294330597,0.15060736238956451,0.0941019281744957,0.12671910226345062,0.3691073954105377,0.19223415851593018,0.9880383014678955,0.19757457077503204,0.3349052667617798,0.021249141544103622,0.11317898333072662,0.2096194177865982,0.07177116721868515,0.8546128273010254,0.3328431248664856
20260719_104104_182,2026-07-19T10:41:04+0800,ads2_click_success_20260719_104104_182,free_ad_template,close_26.png,0.9770014882087708,free,free,0.9917364517847697,0.9917364517847697,True,133.2757638888889,"[391, 285, 34, 19]","[408, 294]",vision_platform\ads\runtime_collection\click_success\click_success_20260719_104104_182,D:\Projects\adb_vl\vision_platform\ads\runtime_collection\click_success\click_success_20260719_104104_182\pre_click.png,D:\Projects\adb_vl\vision_platform\ads\runtime_collection\click_success\click_success_20260719_104104_182\post_click.png,D:\Projects\adb_vl\vision_platform\ads\runtime_collection\click_success\click_success_20260719_104104_182\crops\bbox.png,D:\Projects\adb_vl\vision_platform\ads\runtime_collection\click_success\click_success_20260719_104104_182\crops\bbox_context_1_5x.png,0.06013323273509741,0.015218774788081646,0.036655618188281856,0.04081418768813213,0.9917364517847697,0.005641723284497857,0.2746717929840088,0.018921218812465668,0.016396556049585342,0.010168823413550854,0.009725150652229786,0.9975292086601257,0.002562320791184902,0.20358100533485413,0.010528524406254292,0.007582549937069416,0.0393223762512207,0.040598541498184204,0.992987334728241,0.003843609942123294,0.18399673700332642,0.15094995498657227,0.02167721837759018,0.060475654900074005,0.07211887091398239,0.9846928119659424,0.010519239120185375,0.4364376366138458
20260719_104121_989,2026-07-19T10:41:22+0800,ads2_click_success_20260719_104121_989,close_template,close_2.png,0.9968946576118469,x_mark,x_mark,0.9962273041407267,0.9962273041407267,True,82.02333333333333,"[877, 20, 75, 33]","[914, 36]",vision_platform\ads\runtime_collection\click_success\click_success_20260719_104121_989,D:\Projects\adb_vl\vision_platform\ads\runtime_collection\click_success\click_success_20260719_104121_989\pre_click.png,D:\Projects\adb_vl\vision_platform\ads\runtime_collection\click_success\click_success_20260719_104121_989\post_click.png,D:\Projects\adb_vl\vision_platform\ads\runtime_collection\click_success\click_success_20260719_104121_989\crops\bbox.png,D:\Projects\adb_vl\vision_platform\ads\runtime_collection\click_success\click_success_20260719_104121_989\crops\bbox_context_1_5x.png,0.9962273041407267,0.00048253364123714465,0.0004651530422658349,0.006120251084212214,0.0011751562318143745,0.0004415976642728007,0.008325033646542579,0.9994982481002808,0.00019803762552328408,8.994578092824668e-05,0.003129185875877738,0.000814741593785584,0.00035312099498696625,0.0008592361700721085,0.9992214441299438,0.0003904462209902704,0.00025184816331602633,0.0007159392698667943,0.0007797965663485229,4.604946661856957e-05,0.0003186265239492059,0.9899622201919556,0.0008591170771978796,0.0010536651825532317,0.014515628106892109,0.0019309305353090167,0.0009256225312128663,0.023797238245606422
20260719_104126_971,2026-07-19T10:41:27+0800,ads2_click_success_20260719_104126_971,got_template,got2.png,0.9507158994674683,got,got,0.9618901213010153,0.9618901213010153,True,83.80548611111111,"[414, 134, 139, 47]","[483, 157]",vision_platform\ads\runtime_collection\click_success\click_success_20260719_104126_971,D:\Projects\adb_vl\vision_platform\ads\runtime_collection\click_success\click_success_20260719_104126_971\pre_click.png,D:\Projects\adb_vl\vision_platform\ads\runtime_collection\click_success\click_success_20260719_104126_971\post_click.png,D:\Projects\adb_vl\vision_platform\ads\runtime_collection\click_success\click_success_20260719_104126_971\crops\bbox.png,D:\Projects\adb_vl\vision_platform\ads\runtime_collection\click_success\click_success_20260719_104126_971\crops\bbox_context_1_5x.png,0.17193539688984552,0.059374215081334114,0.14581426729758581,0.2812521755695343,0.13454703986644745,0.9618901213010153,0.20865720510482788,0.10044952481985092,0.02800729312002659,0.10707512497901917,0.15922008454799652,0.10272486507892609,0.994162380695343,0.21224460005760193,0.23995494842529297,0.1328418254852295,0.25030961632728577,0.472321480512619,0.21875348687171936,0.9953373670578003,0.19190315902233124,0.1754017174243927,0.01727352663874626,0.08005806058645248,0.21221496164798737,0.0821627676486969,0.8961706161499023,0.22182385623455048
20260719_104132_340,2026-07-19T10:41:32+0800,ads2_click_success_20260719_104132_340,free_ad_template,close_26.png,0.9770021438598633,free,free,0.9917364517847697,0.9917364517847697,True,133.2161111111111,"[391, 285, 34, 19]","[408, 294]",vision_platform\ads\runtime_collection\click_success\click_success_20260719_104132_340,D:\Projects\adb_vl\vision_platform\ads\runtime_collection\click_success\click_success_20260719_104132_340\pre_click.png,D:\Projects\adb_vl\vision_platform\ads\runtime_collection\click_success\click_success_20260719_104132_340\post_click.png,D:\Projects\adb_vl\vision_platform\ads\runtime_collection\click_success\click_success_20260719_104132_340\crops\bbox.png,D:\Projects\adb_vl\vision_platform\ads\runtime_collection\click_success\click_success_20260719_104132_340\crops\bbox_context_1_5x.png,0.06013323273509741,0.015218774788081646,0.036655618188281856,0.04081418768813213,0.9917364517847697,0.005641723284497857,0.2746717929840088,0.018921218812465668,0.016396556049585342,0.010168823413550854,0.009725150652229786,0.9975292086601257,0.002562320791184902,0.20358100533485413,0.010528524406254292,0.007582549937069416,0.0393223762512207,0.040598541498184204,0.992987334728241,0.003843609942123294,0.18399673700332642,0.15094995498657227,0.02167721837759018,0.060475654900074005,0.07211887091398239,0.9846928119659424,0.010519239120185375,0.4364376366138458
20260719_104150_255,2026-07-19T10:41:50+0800,ads2_click_success_20260719_104150_255,close_template,close_2.png,0.8678305745124817,x_mark,x_mark,0.6895504295825958,0.6895504295825958,True,82.65833333333333,"[877, 20, 75, 33]","[914, 36]",vision_platform\ads\runtime_collection\click_success\click_success_20260719_104150_255,D:\Projects\adb_vl\vision_platform\ads\runtime_collection\click_success\click_success_20260719_104150_255\pre_click.png,D:\Projects\adb_vl\vision_platform\ads\runtime_collection\click_success\click_success_20260719_104150_255\post_click.png,D:\Projects\adb_vl\vision_platform\ads\runtime_collection\click_success\click_success_20260719_104150_255\crops\bbox.png,D:\Projects\adb_vl\vision_platform\ads\runtime_collection\click_success\click_success_20260719_104150_255\crops\bbox_context_1_5x.png,0.6895504295825958,0.00035661074313490343,0.010616947043066224,0.032480086044718824,0.0062121329247020185,0.027954574111693848,0.1116100459670027,0.9894384741783142,0.00016745399625506252,0.002946399385109544,0.004567919764667749,0.0002211016253568232,0.0008571354555897415,0.014818835072219372,0.8278918266296387,0.00036294106394052505,0.008195685222744942,0.02815653569996357,0.002876609330996871,0.014418590813875198,0.03259529173374176,0.2513209879398346,0.0005394371692091227,0.020708756521344185,0.06471580266952515,0.015538687817752361,0.06858799606561661,0.287416011095047
20260719_104155_349,2026-07-19T10:41:55+0800,ads2_click_success_20260719_104155_349,got_template,got2.png,0.9510802030563354,got,got,0.9292790691057841,0.9292790691057841,True,83.9276388888889,"[414, 134, 139, 47]","[483, 157]",vision_platform\ads\runtime_collection\click_success\click_success_20260719_104155_349,D:\Projects\adb_vl\vision_platform\ads\runtime_collection\click_success\click_success_20260719_104155_349\pre_click.png,D:\Projects\adb_vl\vision_platform\ads\runtime_collection\click_success\click_success_20260719_104155_349\post_click.png,D:\Projects\adb_vl\vision_platform\ads\runtime_collection\click_success\click_success_20260719_104155_349\crops\bbox.png,D:\Projects\adb_vl\vision_platform\ads\runtime_collection\click_success\click_success_20260719_104155_349\crops\bbox_context_1_5x.png,0.11768482873837154,0.03601920511573553,0.09469326088825862,0.1918009395400683,0.09453201542298,0.9292790691057841,0.14533052096764246,0.0522301122546196,0.01460826862603426,0.04573696106672287,0.0686165913939476,0.06655238568782806,0.9963117241859436,0.10309316962957382,0.12946240603923798,0.08492346107959747,0.1781284064054489,0.3514828681945801,0.15280598402023315,0.9940052628517151,0.15378479659557343,0.17136196792125702,0.00852588564157486,0.060214415192604065,0.15530335903167725,0.06423767656087875,0.7975202202796936,0.17911359667778015
20260719_104200_678,2026-07-19T10:42:00+0800,ads2_click_success_20260719_104200_678,free_ad_template,close_26.png,0.9770014882087708,free,free,0.9917364517847697,0.9917364517847697,True,133.16166666666666,"[391, 285, 34, 19]","[408, 294]",vision_platform\ads\runtime_collection\click_success\click_success_20260719_104200_678,D:\Projects\adb_vl\vision_platform\ads\runtime_collection\click_success\click_success_20260719_104200_678\pre_click.png,D:\Projects\adb_vl\vision_platform\ads\runtime_collection\click_success\click_success_20260719_104200_678\post_click.png,D:\Projects\adb_vl\vision_platform\ads\runtime_collection\click_success\click_success_20260719_104200_678\crops\bbox.png,D:\Projects\adb_vl\vision_platform\ads\runtime_collection\click_success\click_success_20260719_104200_678\crops\bbox_context_1_5x.png,0.06013323273509741,0.015218774788081646,0.036655618188281856,0.04081418768813213,0.9917364517847697,0.005641723284497857,0.2746717929840088,0.018921218812465668,0.016396556049585342,0.010168823413550854,0.009725150652229786,0.9975292086601257,0.002562320791184902,0.20358100533485413,0.010528524406254292,0.007582549937069416,0.0393223762512207,0.040598541498184204,0.992987334728241,0.003843609942123294,0.18399673700332642,0.15094995498657227,0.02167721837759018,0.060475654900074005,0.07211887091398239,0.9846928119659424,0.010519239120185375,0.4364376366138458
20260719_104218_527,2026-07-19T10:42:18+0800,ads2_click_success_20260719_104218_527,close_template,close_2.png,0.9749233722686768,x_mark,x_mark,0.9720089832941691,0.9720089832941691,True,69.335,"[877, 20, 75, 33]","[914, 36]",vision_platform\ads\runtime_collection\click_success\click_success_20260719_104218_527,D:\Projects\adb_vl\vision_platform\ads\runtime_collection\click_success\click_success_20260719_104218_527\pre_click.png,D:\Projects\adb_vl\vision_platform\ads\runtime_collection\click_success\click_success_20260719_104218_527\post_click.png,D:\Projects\adb_vl\vision_platform\ads\runtime_collection\click_success\click_success_20260719_104218_527\crops\bbox.png,D:\Projects\adb_vl\vision_platform\ads\runtime_collection\click_success\click_success_20260719_104218_527\crops\bbox_context_1_5x.png,0.9720089832941691,0.009142017690464854,0.006597493542358279,0.021782204741612077,0.026058204472064972,0.0017194043612107635,0.4123917818069458,0.9948787689208984,0.0084765013307333,0.006548983510583639,0.0028246871661394835,0.008245173841714859,0.0025958798360079527,0.3917170464992523,0.9953990578651428,0.015646139159798622,0.009989798069000244,0.029047299176454544,0.009514011442661285,0.0011899123201146722,0.3195505440235138,0.9257491230964661,0.0033034125808626413,0.0032536990474909544,0.0334746278822422,0.06041542813181877,0.0013724209275096655,0.5259077548980713
20260719_104223_529,2026-07-19T10:42:23+0800,ads2_click_success_20260719_104223_529,got_template,got2.png,0.9546708464622498,got,got,0.9452136556307474,0.9452136556307474,True,83.89298611111111,"[414, 134, 139, 47]","[483, 157]",vision_platform\ads\runtime_collection\click_success\click_success_20260719_104223_529,D:\Projects\adb_vl\vision_platform\ads\runtime_collection\click_success\click_success_20260719_104223_529\pre_click.png,D:\Projects\adb_vl\vision_platform\ads\runtime_collection\click_success\click_success_20260719_104223_529\post_click.png,D:\Projects\adb_vl\vision_platform\ads\runtime_collection\click_success\click_success_20260719_104223_529\crops\bbox.png,D:\Projects\adb_vl\vision_platform\ads\runtime_collection\click_success\click_success_20260719_104223_529\crops\bbox_context_1_5x.png,0.12031680221358936,0.014303291216492653,0.05598475784063339,0.13292547687888145,0.12553338954846063,0.9452136556307474,0.16257725656032562,0.030413497239351273,0.005707308650016785,0.03931911662220955,0.045794013887643814,0.08663693070411682,0.9948757290840149,0.12187647819519043,0.10944964736700058,0.027183987200260162,0.07389100641012192,0.18371957540512085,0.19805315136909485,0.9874271154403687,0.14790695905685425,0.2210872620344162,0.010018577799201012,0.05474415048956871,0.1692628413438797,0.09191008657217026,0.8533381223678589,0.2179483324289322
20260719_110246_831,2026-07-19T11:02:46+0800,ads2_click_success_20260719_110246_831,free_ad_template,close_26.png,0.7624273300170898,free,free,0.9927587310473124,0.9927587310473124,True,66.68861111111111,"[878, 354, 34, 19]","[895, 363]",vision_platform\ads\runtime_collection\click_success\click_success_20260719_110246_831,D:\Projects\adb_vl\vision_platform\ads\runtime_collection\click_success\click_success_20260719_110246_831\pre_click.png,D:\Projects\adb_vl\vision_platform\ads\runtime_collection\click_success\click_success_20260719_110246_831\post_click.png,D:\Projects\adb_vl\vision_platform\ads\runtime_collection\click_success\click_success_20260719_110246_831\crops\bbox.png,D:\Projects\adb_vl\vision_platform\ads\runtime_collection\click_success\click_success_20260719_110246_831\crops\bbox_context_1_5x.png,0.008132712760319313,0.004360780507947008,0.004159554877939324,0.016067049466073513,0.9927587310473124,0.0018482098433499534,0.028355566784739494,0.004156500566750765,0.002939888508990407,0.0006525941425934434,0.0038360590115189552,0.9961912631988525,0.0003828714834526181,0.02768193930387497,0.007408612407743931,0.002931388560682535,0.007204001769423485,0.02249404415488243,0.9961982369422913,0.0022177768405526876,0.025056784972548485,0.012833025306463242,0.007211064454168081,0.0046220687218010426,0.021871045231819153,0.9858866930007935,0.0029439812060445547,0.03232797607779503
20260719_110304_494,2026-07-19T11:03:04+0800,ads2_click_success_20260719_110304_494,close_template,close_2.png,0.9930732250213623,x_mark,x_mark,0.9918068846066793,0.9918068846066793,True,35.770833333333336,"[877, 20, 75, 33]","[914, 36]",vision_platform\ads\runtime_collection\click_success\click_success_20260719_110304_494,D:\Projects\adb_vl\vision_platform\ads\runtime_collection\click_success\click_success_20260719_110304_494\pre_click.png,D:\Projects\adb_vl\vision_platform\ads\runtime_collection\click_success\click_success_20260719_110304_494\post_click.png,D:\Projects\adb_vl\vision_platform\ads\runtime_collection\click_success\click_success_20260719_110304_494\crops\bbox.png,D:\Projects\adb_vl\vision_platform\ads\runtime_collection\click_success\click_success_20260719_110304_494\crops\bbox_context_1_5x.png,0.9918068846066793,9.14991839332894e-06,8.971649973924893e-05,0.0004685180344192001,4.622657312817561e-05,7.13075238915432e-06,0.006713917246088386,0.9956988096237183,1.5696109585405793e-06,3.147347524645738e-05,4.9142261559609324e-05,1.4068752534512896e-05,1.3279703125590459e-05,0.0004314342513680458,0.992405354976654,6.049709099897882e-06,0.00019297824474051595,0.0007932957960292697,1.0759335964394268e-05,4.017577339254785e-06,0.0016310254577547312,0.9873164892196655,1.9830435121548362e-05,4.469777923077345e-05,0.0005631160456687212,0.00011385163088561967,4.094976702617714e-06,0.01807929202914238
20260719_110309_257,2026-07-19T11:03:09+0800,ads2_click_success_20260719_110309_257,got_template,got2.png,0.971347987651825,got,got,0.9495008786519369,0.9495008786519369,True,44.87798611111111,"[414, 134, 139, 47]","[483, 157]",vision_platform\ads\runtime_collection\click_success\click_success_20260719_110309_257,D:\Projects\adb_vl\vision_platform\ads\runtime_collection\click_success\click_success_20260719_110309_257\pre_click.png,D:\Projects\adb_vl\vision_platform\ads\runtime_collection\click_success\click_success_20260719_110309_257\post_click.png,D:\Projects\adb_vl\vision_platform\ads\runtime_collection\click_success\click_success_20260719_110309_257\crops\bbox.png,D:\Projects\adb_vl\vision_platform\ads\runtime_collection\click_success\click_success_20260719_110309_257\crops\bbox_context_1_5x.png,0.031506069314976536,0.0011528227720797684,0.007552047027274966,0.07362325365344684,0.028976818624263007,0.9495008786519369,0.028528537911673386,0.006121698766946793,0.00010996869241353124,0.0016606522258371115,0.024211756885051727,0.001246800646185875,0.9997926354408264,0.003361026756465435,0.005631853826344013,0.0004371133109088987,0.004732300061732531,0.05464108660817146,0.0037446434143930674,0.9971018433570862,0.008826317265629768,0.0827646553516388,0.002911386312916875,0.016263188794255257,0.1420169174671173,0.08193901181221008,0.851608157157898,0.07339826971292496
20260719_110315_415,2026-07-19T11:03:15+0800,ads2_click_success_20260719_110315_415,free_ad_template,close_26.png,0.7624273300170898,free,free,0.9927587310473124,0.9927587310473124,True,66.82930555555555,"[878, 354, 34, 19]","[895, 363]",vision_platform\ads\runtime_collection\click_success\click_success_20260719_110315_415,D:\Projects\adb_vl\vision_platform\ads\runtime_collection\click_success\click_success_20260719_110315_415\pre_click.png,D:\Projects\adb_vl\vision_platform\ads\runtime_collection\click_success\click_success_20260719_110315_415\post_click.png,D:\Projects\adb_vl\vision_platform\ads\runtime_collection\click_success\click_success_20260719_110315_415\crops\bbox.png,D:\Projects\adb_vl\vision_platform\ads\runtime_collection\click_success\click_success_20260719_110315_415\crops\bbox_context_1_5x.png,0.008132712760319313,0.004360780507947008,0.004159554877939324,0.016067049466073513,0.9927587310473124,0.0018482098433499534,0.028355566784739494,0.004156500566750765,0.002939888508990407,0.0006525941425934434,0.0038360590115189552,0.9961912631988525,0.0003828714834526181,0.02768193930387497,0.007408612407743931,0.002931388560682535,0.007204001769423485,0.02249404415488243,0.9961982369422913,0.0022177768405526876,0.025056784972548485,0.012833025306463242,0.007211064454168081,0.0046220687218010426,0.021871045231819153,0.9858866930007935,0.0029439812060445547,0.03232797607779503
20260719_110333_073,2026-07-19T11:03:33+0800,ads2_click_success_20260719_110333_073,close_template,close_2.png,0.9976891279220581,x_mark,x_mark,0.9902945160865784,0.9902945160865784,True,42.538333333333334,"[877, 20, 75, 33]","[914, 36]",vision_platform\ads\runtime_collection\click_success\click_success_20260719_110333_073,D:\Projects\adb_vl\vision_platform\ads\runtime_collection\click_success\click_success_20260719_110333_073\pre_click.png,D:\Projects\adb_vl\vision_platform\ads\runtime_collection\click_success\click_success_20260719_110333_073\post_click.png,D:\Projects\adb_vl\vision_platform\ads\runtime_collection\click_success\click_success_20260719_110333_073\crops\bbox.png,D:\Projects\adb_vl\vision_platform\ads\runtime_collection\click_success\click_success_20260719_110333_073\crops\bbox_context_1_5x.png,0.9902945160865784,0.00034084221260854974,0.019872031659663964,0.018526453524827957,0.0020700830452066534,0.003582482397177955,0.10190508475837608,0.9991040825843811,2.956270327558741e-05,0.0007089167484082282,0.008772422559559345,9.291306196246296e-05,4.1270290239481255e-05,0.006305607967078686,0.998262345790863,0.0002870880125556141,0.0037668468430638313,0.007398190908133984,0.00020431922166608274,7.965128315845504e-05,0.0026259904261678457,0.973517119884491,0.0007058759219944477,0.055140331387519836,0.03940874710679054,0.005913016851991415,0.010626525618135929,0.2967836558818817
20260719_110337_799,2026-07-19T11:03:37+0800,ads2_click_success_20260719_110337_799,got_template,got2.png,0.9727088809013367,got,got,0.9425539175669352,0.9425539175669352,True,42.395694444444445,"[414, 134, 139, 47]","[483, 157]",vision_platform\ads\runtime_collection\click_success\click_success_20260719_110337_799,D:\Projects\adb_vl\vision_platform\ads\runtime_collection\click_success\click_success_20260719_110337_799\pre_click.png,D:\Projects\adb_vl\vision_platform\ads\runtime_collection\click_success\click_success_20260719_110337_799\post_click.png,D:\Projects\adb_vl\vision_platform\ads\runtime_collection\click_success\click_success_20260719_110337_799\crops\bbox.png,D:\Projects\adb_vl\vision_platform\ads\runtime_collection\click_success\click_success_20260719_110337_799\crops\bbox_context_1_5x.png,0.020198600289101403,0.0008667767979204655,0.007382996613159776,0.05912435675660769,0.030394640828793246,0.9425539175669352,0.036521749726186194,0.004001212771981955,6.328168092295527e-05,0.0019226199947297573,0.01382560282945633,0.0011995683889836073,0.9997350573539734,0.007319981697946787,0.003853369737043977,0.00036804453702643514,0.002934525953605771,0.056796785444021225,0.004830945748835802,0.9965355396270752,0.018373649567365646,0.052741218358278275,0.002169004175812006,0.0172918438911438,0.10675068199634552,0.08515340834856033,0.8313911557197571,0.08387161791324615
20260719_110343_870,2026-07-19T11:03:43+0800,ads2_click_success_20260719_110343_870,free_ad_template,close_26.png,0.7616865634918213,free,free,0.9934552709261576,0.9934552709261576,True,62.318125,"[462, 354, 34, 19]","[479, 363]",vision_platform\ads\runtime_collection\click_success\click_success_20260719_110343_870,D:\Projects\adb_vl\vision_platform\ads\runtime_collection\click_success\click_success_20260719_110343_870\pre_click.png,D:\Projects\adb_vl\vision_platform\ads\runtime_collection\click_success\click_success_20260719_110343_870\post_click.png,D:\Projects\adb_vl\vision_platform\ads\runtime_collection\click_success\click_success_20260719_110343_870\crops\bbox.png,D:\Projects\adb_vl\vision_platform\ads\runtime_collection\click_success\click_success_20260719_110343_870\crops\bbox_context_1_5x.png,0.004417252183581392,0.0028237021761015058,0.003808227057258288,0.018594701308757067,0.9934552709261576,0.001183173570704336,0.022983343650897343,0.0028166600968688726,0.003417532192543149,0.0013751136139035225,0.005494426470249891,0.9978061318397522,0.0003868177009280771,0.02831333875656128,0.005456139799207449,0.0018052017549052835,0.008022809401154518,0.03220796585083008,0.9970433115959167,0.0017164977034553885,0.020655617117881775,0.004978956654667854,0.003248372580856085,0.0020267581567168236,0.01808171160519123,0.985516369342804,0.0014462053077295423,0.019981075078248978
20260719_110401_544,2026-07-19T11:04:01+0800,ads2_click_success_20260719_110401_544,close_template,close_2.png,0.9618554711341858,x_mark,x_mark,0.9396823843320211,0.9396823843320211,True,47.83159722222222,"[877, 20, 75, 33]","[914, 36]",vision_platform\ads\runtime_collection\click_success\click_success_20260719_110401_544,D:\Projects\adb_vl\vision_platform\ads\runtime_collection\click_success\click_success_20260719_110401_544\pre_click.png,D:\Projects\adb_vl\vision_platform\ads\runtime_collection\click_success\click_success_20260719_110401_544\post_click.png,D:\Projects\adb_vl\vision_platform\ads\runtime_collection\click_success\click_success_20260719_110401_544\crops\bbox.png,D:\Projects\adb_vl\vision_platform\ads\runtime_collection\click_success\click_success_20260719_110401_544\crops\bbox_context_1_5x.png,0.9396823843320211,0.0025627529830671847,0.002761964530994495,0.002586684849423667,0.0007217541812375808,0.0008514712487036983,0.09451794189711411,0.9874845147132874,0.0037954633589833975,0.0014668152434751391,0.004353059455752373,0.0004865210212301463,0.0014162077568471432,0.06166582182049751,0.9841819405555725,0.003675322514027357,0.0052986363880336285,0.0016395826824009418,0.00016322579176630825,0.0009122781921178102,0.005154294893145561,0.8473806977272034,0.00021747307619079947,0.0015204419614747167,0.0017674124101176858,0.001515515730716288,0.00022592779714614153,0.21673370897769928
20260719_110406_245,2026-07-19T11:04:06+0800,ads2_click_success_20260719_110406_245,got_template,got2.png,0.9803735613822937,got,got,0.9711712002754211,0.9711712002754211,True,41.64361111111111,"[414, 134, 139, 47]","[483, 157]",vision_platform\ads\runtime_collection\click_success\click_success_20260719_110406_245,D:\Projects\adb_vl\vision_platform\ads\runtime_collection\click_success\click_success_20260719_110406_245\pre_click.png,D:\Projects\adb_vl\vision_platform\ads\runtime_collection\click_success\click_success_20260719_110406_245\post_click.png,D:\Projects\adb_vl\vision_platform\ads\runtime_collection\click_success\click_success_20260719_110406_245\crops\bbox.png,D:\Projects\adb_vl\vision_platform\ads\runtime_collection\click_success\click_success_20260719_110406_245\crops\bbox_context_1_5x.png,0.029513518946866196,0.0007496622468655308,0.019114268633226555,0.06659162168701489,0.01765320620809992,0.9711712002754211,0.025568898301571608,0.004079075530171394,0.0003440806467551738,0.010483717545866966,0.04796464368700981,0.009640051051974297,0.9999245405197144,0.004780321381986141,0.007298820652067661,0.00032343153725378215,0.01323749404400587,0.06435969471931458,0.006586413364857435,0.9997778534889221,0.005631271284073591,0.07716266065835953,0.0015814745565876365,0.033621594309806824,0.0874505266547203,0.03673315420746803,0.913811206817627,0.06629510223865509
20260719_110412_722,2026-07-19T11:04:12+0800,ads2_click_success_20260719_110412_722,free_ad_template,free_ad_3.png,0.9999861717224121,free,free,0.9756608406702677,0.9756608406702677,True,58.13166666666667,"[599, 352, 38, 24]","[618, 364]",vision_platform\ads\runtime_collection\click_success\click_success_20260719_110412_722,D:\Projects\adb_vl\vision_platform\ads\runtime_collection\click_success\click_success_20260719_110412_722\pre_click.png,D:\Projects\adb_vl\vision_platform\ads\runtime_collection\click_success\click_success_20260719_110412_722\post_click.png,D:\Projects\adb_vl\vision_platform\ads\runtime_collection\click_success\click_success_20260719_110412_722\crops\bbox.png,D:\Projects\adb_vl\vision_platform\ads\runtime_collection\click_success\click_success_20260719_110412_722\crops\bbox_context_1_5x.png,0.006479972430194418,0.0010451202494247507,0.0035857261003305516,0.019823476672172546,0.9756608406702677,0.0003560233114209647,0.07287061338623364,0.002299804938957095,0.00074548035627231,0.0012933791149407625,0.009280210360884666,0.9943471550941467,5.497067468240857e-05,0.02558063715696335,0.005179206375032663,0.00026867820997722447,0.0030142972245812416,0.021608049049973488,0.9748706817626953,8.444143168162555e-05,0.1466570645570755,0.011960905976593494,0.0021212021820247173,0.00644950196146965,0.028582170605659485,0.9577646851539612,0.00092865782789886,0.046374138444662094
20260719_110430_386,2026-07-19T11:04:30+0800,ads2_click_success_20260719_110430_386,close_template,close_2.png,0.9982619285583496,x_mark,x_mark,0.9975571235020956,0.9975571235020956,True,31.08534722222222,"[877, 20, 75, 33]","[914, 36]",vision_platform\ads\runtime_collection\click_success\click_success_20260719_110430_386,D:\Projects\adb_vl\vision_platform\ads\runtime_collection\click_success\click_success_20260719_110430_386\pre_click.png,D:\Projects\adb_vl\vision_platform\ads\runtime_collection\click_success\click_success_20260719_110430_386\post_click.png,D:\Projects\adb_vl\vision_platform\ads\runtime_collection\click_success\click_success_20260719_110430_386\crops\bbox.png,D:\Projects\adb_vl\vision_platform\ads\runtime_collection\click_success\click_success_20260719_110430_386\crops\bbox_context_1_5x.png,0.9975571235020956,1.6754316069030512e-05,0.0002575580292614177,0.0016412311621631186,2.1018553373626975e-05,3.2515596709951447e-06,0.0028437848474519947,0.9998117089271545,1.5454706954187714e-05,0.00017992571520153433,0.0007132923929020762,5.009729648008943e-06,5.122294624015922e-06,0.0004377540317364037,0.99861741065979,1.8972383259097114e-05,0.000528542383108288,0.0010209258180111647,7.052236014715163e-06,1.7527295312902424e-06,0.0008460128447040915,0.994242250919342,1.5835857993806712e-05,6.420598947443068e-05,0.0031894752755761147,5.0993694458156824e-05,2.87965485767927e-06,0.007247587665915489
20260719_110435_162,2026-07-19T11:04:35+0800,ads2_click_success_20260719_110435_162,got_template,got2.png,0.9796538352966309,got,got,0.9862752159436544,0.9862752159436544,True,38.57763888888889,"[414, 134, 139, 47]","[483, 157]",vision_platform\ads\runtime_collection\click_success\click_success_20260719_110435_162,D:\Projects\adb_vl\vision_platform\ads\runtime_collection\click_success\click_success_20260719_110435_162\pre_click.png,D:\Projects\adb_vl\vision_platform\ads\runtime_collection\click_success\click_success_20260719_110435_162\post_click.png,D:\Projects\adb_vl\vision_platform\ads\runtime_collection\click_success\click_success_20260719_110435_162\crops\bbox.png,D:\Projects\adb_vl\vision_platform\ads\runtime_collection\click_success\click_success_20260719_110435_162\crops\bbox_context_1_5x.png,0.05085260948787133,0.0006778478467216095,0.01819800989081462,0.06779768069585164,0.0077651146954546375,0.9862752159436544,0.016115987362960976,0.012485125102102757,0.0005575919640250504,0.004373806528747082,0.07039124518632889,0.0024998767767101526,0.9998589754104614,0.0025130119174718857,0.014753162860870361,0.00038488622521981597,0.01337544433772564,0.07106888294219971,0.002985081635415554,0.999786913394928,0.003794039599597454,0.12531954050064087,0.001091065350919962,0.036844778805971146,0.06193291395902634,0.017810385674238205,0.9591797590255737,0.04204091057181358
20260719_110441_599,2026-07-19T11:04:41+0800,ads2_click_success_20260719_110441_599,free_ad_template,free_ad_3.png,0.9744047522544861,free,free,0.9864220023155212,0.9864220023155212,True,53.811458333333334,"[738, 352, 38, 24]","[757, 364]",vision_platform\ads\runtime_collection\click_success\click_success_20260719_110441_599,D:\Projects\adb_vl\vision_platform\ads\runtime_collection\click_success\click_success_20260719_110441_599\pre_click.png,D:\Projects\adb_vl\vision_platform\ads\runtime_collection\click_success\click_success_20260719_110441_599\post_click.png,D:\Projects\adb_vl\vision_platform\ads\runtime_collection\click_success\click_success_20260719_110441_599\crops\bbox.png,D:\Projects\adb_vl\vision_platform\ads\runtime_collection\click_success\click_success_20260719_110441_599\crops\bbox_context_1_5x.png,0.0035743454548840723,0.0016161855795265485,0.002746976756801208,0.01498748967424035,0.9864220023155212,0.0003051038123279189,0.05650385903815428,0.0009866637410596013,0.0007125118281692266,0.001093211118131876,0.007264383602887392,0.9969019889831543,6.626772665185854e-05,0.02809523604810238,0.003932335413992405,0.00042666742228902876,0.0030187400989234447,0.015193757601082325,0.9913637638092041,0.0001053429368766956,0.10364631563425064,0.00580403720960021,0.0037093774881213903,0.004128979053348303,0.022504327818751335,0.9710002541542053,0.0007437007734552026,0.03777002543210983
20260719_110459_134,2026-07-19T11:04:59+0800,ads2_click_success_20260719_110459_134,close_template,close_2.png,0.9937427043914795,x_mark,x_mark,0.9920299251874288,0.9920299251874288,True,28.830347222222223,"[877, 20, 75, 33]","[914, 36]",vision_platform\ads\runtime_collection\click_success\click_success_20260719_110459_134,D:\Projects\adb_vl\vision_platform\ads\runtime_collection\click_success\click_success_20260719_110459_134\pre_click.png,D:\Projects\adb_vl\vision_platform\ads\runtime_collection\click_success\click_success_20260719_110459_134\post_click.png,D:\Projects\adb_vl\vision_platform\ads\runtime_collection\click_success\click_success_20260719_110459_134\crops\bbox.png,D:\Projects\adb_vl\vision_platform\ads\runtime_collection\click_success\click_success_20260719_110459_134\crops\bbox_context_1_5x.png,0.9920299251874288,0.0006244132576587921,0.0019106533727608621,0.0025915480606878796,0.0019588261881532767,0.0006603496537233392,0.07652318477630615,0.99858558177948,0.001181463710963726,0.002534732688218355,0.0020252156537026167,0.004677136428654194,0.0002160612348234281,0.016703490167856216,0.995887815952301,0.00023658426653128117,0.002390185371041298,0.0016576823545619845,0.0006104977219365537,0.0001927173143485561,0.01893552765250206,0.9816163778305054,0.0004551917954813689,0.0008070420590229332,0.004091746173799038,0.0005888444138690829,0.0015722704119980335,0.19393053650856018
20260719_110503_846,2026-07-19T11:05:03+0800,ads2_click_success_20260719_110503_846,got_template,got2.png,0.9789229035377502,got,got,0.9820840358734131,0.9820840358734131,True,38.60055555555556,"[414, 134, 139, 47]","[483, 157]",vision_platform\ads\runtime_collection\click_success\click_success_20260719_110503_846,D:\Projects\adb_vl\vision_platform\ads\runtime_collection\click_success\click_success_20260719_110503_846\pre_click.png,D:\Projects\adb_vl\vision_platform\ads\runtime_collection\click_success\click_success_20260719_110503_846\post_click.png,D:\Projects\adb_vl\vision_platform\ads\runtime_collection\click_success\click_success_20260719_110503_846\crops\bbox.png,D:\Projects\adb_vl\vision_platform\ads\runtime_collection\click_success\click_success_20260719_110503_846\crops\bbox_context_1_5x.png,0.05147627337525288,0.0007729368032111476,0.017737374175339937,0.05811106661955515,0.008969872957095504,0.9820840358734131,0.01788081934986015,0.01460627093911171,0.0007286494364961982,0.006015906576067209,0.065446637570858,0.004840140230953693,0.9998736381530762,0.004005087539553642,0.013216651044785976,0.00029675415134988725,0.010409503243863583,0.04975445196032524,0.0035001172218471766,0.9997922778129578,0.0036421797703951597,0.12660589814186096,0.0012934068217873573,0.03678671270608902,0.059132110327482224,0.01856936141848564,0.9465861916542053,0.04599519073963165
20260719_110510_259,2026-07-19T11:05:10+0800,ads2_click_success_20260719_110510_259,free_ad_template,free_ad_3.png,0.9744047522544861,free,free,0.9864220023155212,0.9864220023155212,True,53.82159722222222,"[738, 352, 38, 24]","[757, 364]",vision_platform\ads\runtime_collection\click_success\click_success_20260719_110510_259,D:\Projects\adb_vl\vision_platform\ads\runtime_collection\click_success\click_success_20260719_110510_259\pre_click.png,D:\Projects\adb_vl\vision_platform\ads\runtime_collection\click_success\click_success_20260719_110510_259\post_click.png,D:\Projects\adb_vl\vision_platform\ads\runtime_collection\click_success\click_success_20260719_110510_259\crops\bbox.png,D:\Projects\adb_vl\vision_platform\ads\runtime_collection\click_success\click_success_20260719_110510_259\crops\bbox_context_1_5x.png,0.0035743454548840723,0.0016161855795265485,0.002746976756801208,0.01498748967424035,0.9864220023155212,0.0003051038123279189,0.05650385903815428,0.0009866637410596013,0.0007125118281692266,0.001093211118131876,0.007264383602887392,0.9969019889831543,6.626772665185854e-05,0.02809523604810238,0.003932335413992405,0.00042666742228902876,0.0030187400989234447,0.015193757601082325,0.9913637638092041,0.0001053429368766956,0.10364631563425064,0.00580403720960021,0.0037093774881213903,0.004128979053348303,0.022504327818751335,0.9710002541542053,0.0007437007734552026,0.03777002543210983
20260719_110527_965,2026-07-19T11:05:28+0800,ads2_click_success_20260719_110527_965,close_template,close_2.png,0.9968907833099365,x_mark,x_mark,0.9954566756884257,0.9954566756884257,True,31.62875,"[877, 20, 75, 33]","[914, 36]",vision_platform\ads\runtime_collection\click_success\click_success_20260719_110527_965,D:\Projects\adb_vl\vision_platform\ads\runtime_collection\click_success\click_success_20260719_110527_965\pre_click.png,D:\Projects\adb_vl\vision_platform\ads\runtime_collection\click_success\click_success_20260719_110527_965\post_click.png,D:\Projects\adb_vl\vision_platform\ads\runtime_collection\click_success\click_success_20260719_110527_965\crops\bbox.png,D:\Projects\adb_vl\vision_platform\ads\runtime_collection\click_success\click_success_20260719_110527_965\crops\bbox_context_1_5x.png,0.9954566756884257,0.0007359953597187996,0.0006853371257117639,0.007387174991890788,0.002176718437112868,0.0006739638993167318,0.008004992647329345,0.9993521571159363,0.0005730761913582683,0.00033673926373012364,0.0055242194794118404,0.0027118511497974396,0.0007988087018020451,0.0010193217312917113,0.9991604089736938,0.0007223274442367256,0.00046746304724365473,0.001196481054648757,0.0016465034568682313,9.365565347252414e-05,0.00044905938557349145,0.987857460975647,0.0009125824435614049,0.0012518090661615133,0.015440824441611767,0.0021718007046729326,0.0011294273426756263,0.022546596825122833
20260719_110532_655,2026-07-19T11:05:32+0800,ads2_click_success_20260719_110532_655,got_template,got2.png,0.9812339544296265,got,got,0.9844334522883097,0.9844334522883097,True,35.55430555555556,"[414, 134, 139, 47]","[483, 157]",vision_platform\ads\runtime_collection\click_success\click_success_20260719_110532_655,D:\Projects\adb_vl\vision_platform\ads\runtime_collection\click_success\click_success_20260719_110532_655\pre_click.png,D:\Projects\adb_vl\vision_platform\ads\runtime_collection\click_success\click_success_20260719_110532_655\post_click.png,D:\Projects\adb_vl\vision_platform\ads\runtime_collection\click_success\click_success_20260719_110532_655\crops\bbox.png,D:\Projects\adb_vl\vision_platform\ads\runtime_collection\click_success\click_success_20260719_110532_655\crops\bbox_context_1_5x.png,0.03870233707129955,0.00048022204524992657,0.014193346025422215,0.04787069310744604,0.006342191249132156,0.9844334522883097,0.013824788543085257,0.006618586368858814,0.0002833196194842458,0.0029957627411931753,0.04705534502863884,0.0022529081907123327,0.9998791217803955,0.0016546037513762712,0.00793710071593523,0.00020342272182460874,0.007881812751293182,0.0405733585357666,0.0021917514968663454,0.9998243451118469,0.0022632924374192953,0.10155132412910461,0.0009539237944409251,0.03170246258378029,0.05598337575793266,0.014581914059817791,0.9535968899726868,0.037556469440460205
20260719_110835_052,2026-07-19T11:08:35+0800,ads2_click_success_20260719_110835_052,free_ad_template,close_26.png,0.9999993443489075,free,free,0.9572632710138956,0.9572632710138956,True,133.1732638888889,"[376, 285, 34, 19]","[401, 298]",vision_platform\ads\runtime_collection\click_success\click_success_20260719_110835_052,D:\Projects\adb_vl\vision_platform\ads\runtime_collection\click_success\click_success_20260719_110835_052\pre_click.png,D:\Projects\adb_vl\vision_platform\ads\runtime_collection\click_success\click_success_20260719_110835_052\post_click.png,D:\Projects\adb_vl\vision_platform\ads\runtime_collection\click_success\click_success_20260719_110835_052\crops\bbox.png,D:\Projects\adb_vl\vision_platform\ads\runtime_collection\click_success\click_success_20260719_110835_052\crops\bbox_context_1_5x.png,0.11225654045119882,0.022948890070741374,0.013366826101749515,0.014431815119072175,0.9572632710138956,0.0021275355599451964,0.18348786669472852,0.04577174410223961,0.0029411271680146456,5.827748100273311e-05,8.423739927820861e-05,0.9909594058990479,4.7898491175146773e-05,0.018334461376070976,0.00695396913215518,0.02217051200568676,0.001320002367720008,0.002352376701310277,0.9669332504272461,0.00027432909701019526,0.18731239438056946,0.28404390811920166,0.04373503103852272,0.0387221984565258,0.040858831256628036,0.9138971567153931,0.006060379091650248,0.34481674432754517
20260719_110853_198,2026-07-19T11:08:53+0800,ads2_click_success_20260719_110853_198,close_template,close_2.png,0.9982495307922363,x_mark,x_mark,0.9960003892580668,0.9960003892580668,True,95.62729166666666,"[877, 20, 75, 33]","[914, 36]",vision_platform\ads\runtime_collection\click_success\click_success_20260719_110853_198,D:\Projects\adb_vl\vision_platform\ads\runtime_collection\click_success\click_success_20260719_110853_198\pre_click.png,D:\Projects\adb_vl\vision_platform\ads\runtime_collection\click_success\click_success_20260719_110853_198\post_click.png,D:\Projects\adb_vl\vision_platform\ads\runtime_collection\click_success\click_success_20260719_110853_198\crops\bbox.png,D:\Projects\adb_vl\vision_platform\ads\runtime_collection\click_success\click_success_20260719_110853_198\crops\bbox_context_1_5x.png,0.9960003892580668,1.1732435571805885e-05,0.00022298150361166336,0.0016382487180332344,2.087205029965844e-05,3.4114737748798993e-06,0.002715486092104887,0.9996452331542969,9.463516107643954e-06,0.0001786136272130534,0.000804071023594588,6.418186785595026e-06,5.615322606900008e-06,0.00037142474320717156,0.9964678287506104,1.3787448551738635e-05,0.0004391537222545594,0.0009728205041028559,8.616973900643643e-06,1.397129153701826e-06,0.0005403009126894176,0.9918881058692932,1.1946342056035064e-05,5.1177161367377266e-05,0.003137854626402259,4.758099021273665e-05,3.221969564037863e-06,0.007234732620418072
20260719_110858_386,2026-07-19T11:08:58+0800,ads2_click_success_20260719_110858_386,got_template,got2.png,0.9546021223068237,got,got,0.9689312974611918,0.9689312974611918,True,83.714375,"[414, 134, 139, 47]","[483, 157]",vision_platform\ads\runtime_collection\click_success\click_success_20260719_110858_386,D:\Projects\adb_vl\vision_platform\ads\runtime_collection\click_success\click_success_20260719_110858_386\pre_click.png,D:\Projects\adb_vl\vision_platform\ads\runtime_collection\click_success\click_success_20260719_110858_386\post_click.png,D:\Projects\adb_vl\vision_platform\ads\runtime_collection\click_success\click_success_20260719_110858_386\crops\bbox.png,D:\Projects\adb_vl\vision_platform\ads\runtime_collection\click_success\click_success_20260719_110858_386\crops\bbox_context_1_5x.png,0.06285211319724719,0.023687083274126053,0.04922256929179033,0.17242256551980972,0.09901156276464462,0.9689312974611918,0.12470032026370366,0.024367425590753555,0.009992826730012894,0.027623413130640984,0.03141004592180252,0.06850717961788177,0.9966753721237183,0.09113376587629318,0.08276248723268509,0.0500430092215538,0.07491540163755417,0.22217796742916107,0.16306087374687195,0.9906845092773438,0.1238221526145935,0.08142642676830292,0.011025413870811462,0.04512889310717583,0.2636796832084656,0.06546663492918015,0.9194340109825134,0.1591450423002243
20260719_110903_943,2026-07-19T11:09:03+0800,ads2_click_success_20260719_110903_943,free_ad_template,close_26.png,0.9770014882087708,free,free,0.9917364517847697,0.9917364517847697,True,133.2567361111111,"[391, 285, 34, 19]","[408, 294]",vision_platform\ads\runtime_collection\click_success\click_success_20260719_110903_943,D:\Projects\adb_vl\vision_platform\ads\runtime_collection\click_success\click_success_20260719_110903_943\pre_click.png,D:\Projects\adb_vl\vision_platform\ads\runtime_collection\click_success\click_success_20260719_110903_943\post_click.png,D:\Projects\adb_vl\vision_platform\ads\runtime_collection\click_success\click_success_20260719_110903_943\crops\bbox.png,D:\Projects\adb_vl\vision_platform\ads\runtime_collection\click_success\click_success_20260719_110903_943\crops\bbox_context_1_5x.png,0.06013323273509741,0.015218774788081646,0.036655618188281856,0.04081418768813213,0.9917364517847697,0.005641723284497857,0.2746717929840088,0.018921218812465668,0.016396556049585342,0.010168823413550854,0.009725150652229786,0.9975292086601257,0.002562320791184902,0.20358100533485413,0.010528524406254292,0.007582549937069416,0.0393223762512207,0.040598541498184204,0.992987334728241,0.003843609942123294,0.18399673700332642,0.15094995498657227,0.02167721837759018,0.060475654900074005,0.07211887091398239,0.9846928119659424,0.010519239120185375,0.4364376366138458
20260719_110922_089,2026-07-19T11:09:22+0800,ads2_click_success_20260719_110922_089,close_template,close_2.png,0.8678305745124817,x_mark,x_mark,0.6895504295825958,0.6895504295825958,True,82.61444444444444,"[877, 20, 75, 33]","[914, 36]",vision_platform\ads\runtime_collection\click_success\click_success_20260719_110922_089,D:\Projects\adb_vl\vision_platform\ads\runtime_collection\click_success\click_success_20260719_110922_089\pre_click.png,D:\Projects\adb_vl\vision_platform\ads\runtime_collection\click_success\click_success_20260719_110922_089\post_click.png,D:\Projects\adb_vl\vision_platform\ads\runtime_collection\click_success\click_success_20260719_110922_089\crops\bbox.png,D:\Projects\adb_vl\vision_platform\ads\runtime_collection\click_success\click_success_20260719_110922_089\crops\bbox_context_1_5x.png,0.6895504295825958,0.00035661074313490343,0.010616947043066224,0.032480086044718824,0.0062121329247020185,0.027954574111693848,0.1116100459670027,0.9894384741783142,0.00016745399625506252,0.002946399385109544,0.004567919764667749,0.0002211016253568232,0.0008571354555897415,0.014818835072219372,0.8278918266296387,0.00036294106394052505,0.008195685222744942,0.02815653569996357,0.002876609330996871,0.014418590813875198,0.03259529173374176,0.2513209879398346,0.0005394371692091227,0.020708756521344185,0.06471580266952515,0.015538687817752361,0.06858799606561661,0.287416011095047
20260719_110927_172,2026-07-19T11:09:27+0800,ads2_click_success_20260719_110927_172,got_template,got2.png,0.955012321472168,got,got,0.928457498550415,0.928457498550415,True,83.84625,"[414, 134, 139, 47]","[483, 157]",vision_platform\ads\runtime_collection\click_success\click_success_20260719_110927_172,D:\Projects\adb_vl\vision_platform\ads\runtime_collection\click_success\click_success_20260719_110927_172\pre_click.png,D:\Projects\adb_vl\vision_platform\ads\runtime_collection\click_success\click_success_20260719_110927_172\post_click.png,D:\Projects\adb_vl\vision_platform\ads\runtime_collection\click_success\click_success_20260719_110927_172\crops\bbox.png,D:\Projects\adb_vl\vision_platform\ads\runtime_collection\click_success\click_success_20260719_110927_172\crops\bbox_context_1_5x.png,0.06557922748227914,0.008801504503935575,0.03508834665020307,0.08873454357186954,0.09858499219020207,0.928457498550415,0.16065791745980582,0.0217673871666193,0.00520507013425231,0.022762371227145195,0.028792966157197952,0.09262476116418839,0.9963939785957336,0.13759876787662506,0.04448215290904045,0.01341442670673132,0.029447806999087334,0.0934508740901947,0.11776690185070038,0.9816511869430542,0.16958743333816528,0.13048814237117767,0.007785016670823097,0.05305486172437668,0.14395979046821594,0.08536331355571747,0.8073273301124573,0.17478755116462708
20260719_110932_725,2026-07-19T11:09:32+0800,ads2_click_success_20260719_110932_725,free_ad_template,close_26.png,0.9770021438598633,free,free,0.9917364517847697,0.9917364517847697,True,133.04291666666666,"[391, 285, 34, 19]","[408, 294]",vision_platform\ads\runtime_collection\click_success\click_success_20260719_110932_725,D:\Projects\adb_vl\vision_platform\ads\runtime_collection\click_success\click_success_20260719_110932_725\pre_click.png,D:\Projects\adb_vl\vision_platform\ads\runtime_collection\click_success\click_success_20260719_110932_725\post_click.png,D:\Projects\adb_vl\vision_platform\ads\runtime_collection\click_success\click_success_20260719_110932_725\crops\bbox.png,D:\Projects\adb_vl\vision_platform\ads\runtime_collection\click_success\click_success_20260719_110932_725\crops\bbox_context_1_5x.png,0.06013323273509741,0.015218774788081646,0.036655618188281856,0.04081418768813213,0.9917364517847697,0.005641723284497857,0.2746717929840088,0.018921218812465668,0.016396556049585342,0.010168823413550854,0.009725150652229786,0.9975292086601257,0.002562320791184902,0.20358100533485413,0.010528524406254292,0.007582549937069416,0.0393223762512207,0.040598541498184204,0.992987334728241,0.003843609942123294,0.18399673700332642,0.15094995498657227,0.02167721837759018,0.060475654900074005,0.07211887091398239,0.9846928119659424,0.010519239120185375,0.4364376366138458
20260719_110950_797,2026-07-19T11:09:50+0800,ads2_click_success_20260719_110950_797,close_template,close_2.png,0.9738214015960693,x_mark,x_mark,0.9988536437352499,0.9988536437352499,True,88.855,"[877, 20, 75, 33]","[914, 36]",vision_platform\ads\runtime_collection\click_success\click_success_20260719_110950_797,D:\Projects\adb_vl\vision_platform\ads\runtime_collection\click_success\click_success_20260719_110950_797\pre_click.png,D:\Projects\adb_vl\vision_platform\ads\runtime_collection\click_success\click_success_20260719_110950_797\post_click.png,D:\Projects\adb_vl\vision_platform\ads\runtime_collection\click_success\click_success_20260719_110950_797\crops\bbox.png,D:\Projects\adb_vl\vision_platform\ads\runtime_collection\click_success\click_success_20260719_110950_797\crops\bbox_context_1_5x.png,0.9988536437352499,0.0001081300597434165,0.0017180892173200846,0.003639178661008676,0.00014246677892515436,0.0002298493369986924,0.028476487767572205,0.9998708963394165,1.5050491128931753e-05,0.0006124235223978758,0.004557439591735601,0.00011453786282800138,0.00016298238188028336,0.008847120217978954,0.9996547698974609,0.00029347775853239,0.0030913224909454584,0.002066671382635832,0.0001914652530103922,9.479604341322556e-05,0.0016855306457728148,0.9970352649688721,1.5861929568927735e-05,0.0014505216386169195,0.004293425008654594,0.0001213972209370695,0.0004317695857025683,0.07489681243896484
20260719_110955_875,2026-07-19T11:09:55+0800,ads2_click_success_20260719_110955_875,got_template,got2.png,0.9486295580863953,got,got,0.9505807558695475,0.9505807558695475,True,83.86847222222222,"[414, 134, 139, 47]","[483, 157]",vision_platform\ads\runtime_collection\click_success\click_success_20260719_110955_875,D:\Projects\adb_vl\vision_platform\ads\runtime_collection\click_success\click_success_20260719_110955_875\pre_click.png,D:\Projects\adb_vl\vision_platform\ads\runtime_collection\click_success\click_success_20260719_110955_875\post_click.png,D:\Projects\adb_vl\vision_platform\ads\runtime_collection\click_success\click_success_20260719_110955_875\crops\bbox.png,D:\Projects\adb_vl\vision_platform\ads\runtime_collection\click_success\click_success_20260719_110955_875\crops\bbox_context_1_5x.png,0.11584489544232686,0.0386188980191946,0.09105998277664185,0.2216059093674024,0.12453831980625789,0.9505807558695475,0.15704343219598135,0.03970727324485779,0.013231833465397358,0.04145105183124542,0.11248039454221725,0.09249351173639297,0.996460497379303,0.13330543041229248,0.12385918200016022,0.09025836735963821,0.1615740805864334,0.36946412920951843,0.20201005041599274,0.9956782460212708,0.1261654943227768,0.18396823108196259,0.012366493232548237,0.0701548159122467,0.1828732043504715,0.07911139726638794,0.8596035242080688,0.21165937185287476
