event_id,timestamp,source_session,proposal_source,template_name,template_confidence,expected_family,top_family,top_p,expected_p,verified_success,screen_change_score,bbox,click_xy,event_dir,pre_click,post_click,bbox_crop,bbox_context_crop,p_x_mark,p_play_triangle,p_google_play,p_next,p_free,p_got,p_arrow,run_seed42_p_x_mark,run_seed42_p_play_triangle,run_seed42_p_google_play,run_seed42_p_next,run_seed42_p_free,run_seed42_p_got,run_seed42_p_arrow,run_seed43_p_x_mark,run_seed43_p_play_triangle,run_seed43_p_google_play,run_seed43_p_next,run_seed43_p_free,run_seed43_p_got,run_seed43_p_arrow,run_seed44_p_x_mark,run_seed44_p_play_triangle,run_seed44_p_google_play,run_seed44_p_next,run_seed44_p_free,run_seed44_p_got,run_seed44_p_arrow
20260720_102145_198,2026-07-20T10:21:45+0800,ads2_click_success_20260720_102145_198,free_ad_template,close_26.png,0.7624273300170898,free,free,0.9377286632855734,0.9377286632855734,True,63.812152777777776,"[878, 354, 34, 19]","[895, 363]",vision_platform\ads\runtime_collection\click_success\click_success_20260720_102145_198,D:\Projects\adb_vl\vision_platform\ads\runtime_collection\click_success\click_success_20260720_102145_198\pre_click.png,D:\Projects\adb_vl\vision_platform\ads\runtime_collection\click_success\click_success_20260720_102145_198\post_click.png,D:\Projects\adb_vl\vision_platform\ads\runtime_collection\click_success\click_success_20260720_102145_198\crops\bbox.png,D:\Projects\adb_vl\vision_platform\ads\runtime_collection\click_success\click_success_20260720_102145_198\crops\bbox_context_1_5x.png,0.006638287256161372,0.007519995017598073,0.007348500036944945,0.0313737957427899,0.9377286632855734,0.004078823529804747,0.061885856091976166,0.003020044881850481,0.009787170216441154,0.0055013373494148254,0.043343402445316315,0.9134331345558167,0.005395951215177774,0.054236046969890594,0.010002940893173218,0.006512717809528112,0.007165196817368269,0.024095885455608368,0.9718698263168335,0.004032544791698456,0.04980204999446869,0.006891875993460417,0.006260097026824951,0.009378965944051743,0.02668209932744503,0.9278830289840698,0.0028079745825380087,0.08161947131156921
20260720_102205_472,2026-07-20T10:22:05+0800,ads2_click_success_20260720_102205_472,close_template,close_2.png,0.9982619285583496,x_mark,x_mark,0.9888577063878378,0.9888577063878378,True,32.25590277777778,"[877, 20, 75, 33]","[914, 36]",vision_platform\ads\runtime_collection\click_success\click_success_20260720_102205_472,D:\Projects\adb_vl\vision_platform\ads\runtime_collection\click_success\click_success_20260720_102205_472\pre_click.png,D:\Projects\adb_vl\vision_platform\ads\runtime_collection\click_success\click_success_20260720_102205_472\post_click.png,D:\Projects\adb_vl\vision_platform\ads\runtime_collection\click_success\click_success_20260720_102205_472\crops\bbox.png,D:\Projects\adb_vl\vision_platform\ads\runtime_collection\click_success\click_success_20260720_102205_472\crops\bbox_context_1_5x.png,0.9888577063878378,2.1290843657576868e-05,8.950679693953134e-05,0.0009710265439935029,0.00012240659028369313,6.567032793706555e-06,0.0047666900015125675,0.9791794419288635,1.726018854242284e-05,3.1735322409076616e-05,0.0005845908890478313,8.753779547987506e-05,1.0503025805519428e-05,0.005836011376231909,0.9932305812835693,4.0575727325631306e-05,0.00014766896492801607,0.0012135844444856048,0.0001383469207212329,6.471493179560639e-06,0.005563431419432163,0.9941630959510803,6.036615104676457e-06,8.911610348150134e-05,0.0011149042984470725,0.00014133505464997143,2.7265793960395968e-06,0.0029006272088736296
20260720_102211_252,2026-07-20T10:22:11+0800,ads2_click_success_20260720_102211_252,got_template,got2.png,0.9778268337249756,got,got,0.8723408579826355,0.8723408579826355,True,43.06729166666667,"[414, 134, 139, 47]","[483, 157]",vision_platform\ads\runtime_collection\click_success\click_success_20260720_102211_252,D:\Projects\adb_vl\vision_platform\ads\runtime_collection\click_success\click_success_20260720_102211_252\pre_click.png,D:\Projects\adb_vl\vision_platform\ads\runtime_collection\click_success\click_success_20260720_102211_252\post_click.png,D:\Projects\adb_vl\vision_platform\ads\runtime_collection\click_success\click_success_20260720_102211_252\crops\bbox.png,D:\Projects\adb_vl\vision_platform\ads\runtime_collection\click_success\click_success_20260720_102211_252\crops\bbox_context_1_5x.png,0.07936517832179864,0.0019326983019709587,0.012187374290078878,0.15170970310767493,0.02324899099767208,0.8723408579826355,0.13056873033444086,0.14481212198734283,0.003122936002910137,0.014816599898040295,0.1604466587305069,0.03833046555519104,0.8144360184669495,0.21788109838962555,0.028352780267596245,0.0010778085561469197,0.006031101103872061,0.18143461644649506,0.007426414638757706,0.9696049690246582,0.070046067237854,0.06493063271045685,0.0015973503468558192,0.01571442186832428,0.1132478341460228,0.023990092799067497,0.8329815864562988,0.10377902537584305
20260720_102219_719,2026-07-20T10:22:19+0800,ads2_click_success_20260720_102219_719,free_ad_template,close_26.png,0.7624269127845764,free,free,0.9377286632855734,0.9377286632855734,True,63.815416666666664,"[878, 354, 34, 19]","[895, 363]",vision_platform\ads\runtime_collection\click_success\click_success_20260720_102219_719,D:\Projects\adb_vl\vision_platform\ads\runtime_collection\click_success\click_success_20260720_102219_719\pre_click.png,D:\Projects\adb_vl\vision_platform\ads\runtime_collection\click_success\click_success_20260720_102219_719\post_click.png,D:\Projects\adb_vl\vision_platform\ads\runtime_collection\click_success\click_success_20260720_102219_719\crops\bbox.png,D:\Projects\adb_vl\vision_platform\ads\runtime_collection\click_success\click_success_20260720_102219_719\crops\bbox_context_1_5x.png,0.006638287256161372,0.007519995017598073,0.007348500036944945,0.0313737957427899,0.9377286632855734,0.004078823529804747,0.061885856091976166,0.003020044881850481,0.009787170216441154,0.0055013373494148254,0.043343402445316315,0.9134331345558167,0.005395951215177774,0.054236046969890594,0.010002940893173218,0.006512717809528112,0.007165196817368269,0.024095885455608368,0.9718698263168335,0.004032544791698456,0.04980204999446869,0.006891875993460417,0.006260097026824951,0.009378965944051743,0.02668209932744503,0.9278830289840698,0.0028079745825380087,0.08161947131156921
20260720_102239_632,2026-07-20T10:22:39+0800,ads2_click_success_20260720_102239_632,close_template,close_2.png,0.9982729554176331,x_mark,x_mark,0.9908985296885172,0.9908985296885172,True,32.763125,"[877, 20, 75, 33]","[914, 36]",vision_platform\ads\runtime_collection\click_success\click_success_20260720_102239_632,D:\Projects\adb_vl\vision_platform\ads\runtime_collection\click_success\click_success_20260720_102239_632\pre_click.png,D:\Projects\adb_vl\vision_platform\ads\runtime_collection\click_success\click_success_20260720_102239_632\post_click.png,D:\Projects\adb_vl\vision_platform\ads\runtime_collection\click_success\click_success_20260720_102239_632\crops\bbox.png,D:\Projects\adb_vl\vision_platform\ads\runtime_collection\click_success\click_success_20260720_102239_632\crops\bbox_context_1_5x.png,0.9908985296885172,8.883514844152766e-05,0.0006389175347673396,0.0023513477838908634,5.071860141470097e-05,0.0012498747479791443,0.011283335198337833,0.9855816960334778,0.0001259015843970701,0.0006132269627414644,0.004345019347965717,6.348846363835037e-05,0.0023147130850702524,0.013590125367045403,0.9953551292419434,0.00010889307304751128,0.0003888052306137979,0.001084215473383665,4.226215969538316e-05,0.0007176224025897682,0.0030693362932652235,0.9917587637901306,3.171078788000159e-05,0.0009147204109467566,0.0016248085303232074,4.640518091036938e-05,0.0007172887562774122,0.017190543934702873
20260720_102245_381,2026-07-20T10:22:45+0800,ads2_click_success_20260720_102245_381,got_template,got2.png,0.9803412556648254,got,got,0.7967516382535299,0.7967516382535299,True,40.71513888888889,"[414, 134, 139, 47]","[483, 157]",vision_platform\ads\runtime_collection\click_success\click_success_20260720_102245_381,D:\Projects\adb_vl\vision_platform\ads\runtime_collection\click_success\click_success_20260720_102245_381\pre_click.png,D:\Projects\adb_vl\vision_platform\ads\runtime_collection\click_success\click_success_20260720_102245_381\post_click.png,D:\Projects\adb_vl\vision_platform\ads\runtime_collection\click_success\click_success_20260720_102245_381\crops\bbox.png,D:\Projects\adb_vl\vision_platform\ads\runtime_collection\click_success\click_success_20260720_102245_381\crops\bbox_context_1_5x.png,0.10056703413526218,0.005628654500469565,0.02775060882170995,0.14831372847159704,0.05839712421099345,0.7967516382535299,0.30161650478839874,0.17021726071834564,0.009527672082185745,0.033771589398384094,0.14397460222244263,0.08566667139530182,0.7282196283340454,0.43929460644721985,0.05796351656317711,0.0034250535536557436,0.019133904948830605,0.18344762921333313,0.03307642787694931,0.9165480732917786,0.1833219677209854,0.07352032512426376,0.003933237865567207,0.030346332117915154,0.11751895397901535,0.05644827336072922,0.7454872131347656,0.28223294019699097
20260720_102253_728,2026-07-20T10:22:53+0800,ads2_click_success_20260720_102253_728,free_ad_template,close_26.png,0.7616865634918213,free,free,0.9540148576100668,0.9540148576100668,True,59.44840277777778,"[462, 354, 34, 19]","[479, 363]",vision_platform\ads\runtime_collection\click_success\click_success_20260720_102253_728,D:\Projects\adb_vl\vision_platform\ads\runtime_collection\click_success\click_success_20260720_102253_728\pre_click.png,D:\Projects\adb_vl\vision_platform\ads\runtime_collection\click_success\click_success_20260720_102253_728\post_click.png,D:\Projects\adb_vl\vision_platform\ads\runtime_collection\click_success\click_success_20260720_102253_728\crops\bbox.png,D:\Projects\adb_vl\vision_platform\ads\runtime_collection\click_success\click_success_20260720_102253_728\crops\bbox_context_1_5x.png,0.0023950635998820267,0.004523711899916331,0.004337587393820286,0.02630342481036981,0.9540148576100668,0.002563212920601169,0.032429576540986695,0.001006248057819903,0.007025693543255329,0.004397312644869089,0.03264095261693001,0.94026118516922,0.004077003337442875,0.02604137547314167,0.0039024557918310165,0.0031806868501007557,0.004078064579516649,0.024741332978010178,0.9733293652534485,0.0022198702208697796,0.023720785975456238,0.00227648694999516,0.003364755306392908,0.004537384957075119,0.021527988836169243,0.9484540224075317,0.0013927652034908533,0.04752656817436218
20260720_102313_490,2026-07-20T10:23:13+0800,ads2_click_success_20260720_102313_490,close_template,close_2.png,0.9999386072158813,x_mark,x_mark,0.9773611227671305,0.9773611227671305,True,35.74666666666667,"[877, 20, 75, 33]","[914, 36]",vision_platform\ads\runtime_collection\click_success\click_success_20260720_102313_490,D:\Projects\adb_vl\vision_platform\ads\runtime_collection\click_success\click_success_20260720_102313_490\pre_click.png,D:\Projects\adb_vl\vision_platform\ads\runtime_collection\click_success\click_success_20260720_102313_490\post_click.png,D:\Projects\adb_vl\vision_platform\ads\runtime_collection\click_success\click_success_20260720_102313_490\crops\bbox.png,D:\Projects\adb_vl\vision_platform\ads\runtime_collection\click_success\click_success_20260720_102313_490\crops\bbox_context_1_5x.png,0.9773611227671305,0.0024353836585457125,0.03650629644592603,0.17900124688943228,0.03214219585061073,0.025501849750677746,0.08963346729675929,0.9860767126083374,0.002380764577537775,0.041070640087127686,0.10002154111862183,0.03965861350297928,0.028156986460089684,0.05583859980106354,0.9862528443336487,0.0030249720439314842,0.03530748561024666,0.12479369342327118,0.03499266877770424,0.027461927384138107,0.10660405457019806,0.9597538113594055,0.0019004143541678786,0.03314076364040375,0.3121885061264038,0.02177530527114868,0.020886635407805443,0.10645774751901627
20260720_102319_344,2026-07-20T10:23:19+0800,ads2_click_success_20260720_102319_344,got_template,got2.png,0.9797157049179077,got,got,0.8032943606376648,0.8032943606376648,True,39.99916666666667,"[414, 134, 139, 47]","[483, 157]",vision_platform\ads\runtime_collection\click_success\click_success_20260720_102319_344,D:\Projects\adb_vl\vision_platform\ads\runtime_collection\click_success\click_success_20260720_102319_344\pre_click.png,D:\Projects\adb_vl\vision_platform\ads\runtime_collection\click_success\click_success_20260720_102319_344\post_click.png,D:\Projects\adb_vl\vision_platform\ads\runtime_collection\click_success\click_success_20260720_102319_344\crops\bbox.png,D:\Projects\adb_vl\vision_platform\ads\runtime_collection\click_success\click_success_20260720_102319_344\crops\bbox_context_1_5x.png,0.18413538485765457,0.002364729744537423,0.021611043872932594,0.048365574330091476,0.015152138813088337,0.8032943606376648,0.17219207560022673,0.33029550313949585,0.004473667126148939,0.024502018466591835,0.07276355475187302,0.024721989408135414,0.6773764491081238,0.3404156267642975,0.09380974620580673,0.0008379449718631804,0.011875358410179615,0.03991493210196495,0.007463532034307718,0.9318996071815491,0.05638818070292473,0.12830090522766113,0.0017825771356001496,0.02845575474202633,0.03241823613643646,0.01327089499682188,0.8006070256233215,0.11977241933345795
20260720_102328_252,2026-07-20T10:23:28+0800,ads2_click_success_20260720_102328_252,free_ad_template,free_ad_3.png,0.9999870657920837,free,free,0.9473151763280233,0.9473151763280233,True,55.119305555555556,"[599, 352, 38, 24]","[618, 364]",vision_platform\ads\runtime_collection\click_success\click_success_20260720_102328_252,D:\Projects\adb_vl\vision_platform\ads\runtime_collection\click_success\click_success_20260720_102328_252\pre_click.png,D:\Projects\adb_vl\vision_platform\ads\runtime_collection\click_success\click_success_20260720_102328_252\post_click.png,D:\Projects\adb_vl\vision_platform\ads\runtime_collection\click_success\click_success_20260720_102328_252\crops\bbox.png,D:\Projects\adb_vl\vision_platform\ads\runtime_collection\click_success\click_success_20260720_102328_252\crops\bbox_context_1_5x.png,0.007227244166036447,0.004148293597002824,0.01685731066390872,0.04328018923600515,0.9473151763280233,0.003411766180458168,0.03701774155100187,0.0038612172938883305,0.006677648518234491,0.025911344215273857,0.04995560273528099,0.9479643702507019,0.006208775565028191,0.02870001271367073,0.011936817318201065,0.002154968911781907,0.007029276806861162,0.028335299342870712,0.9443041682243347,0.0011218158761039376,0.041425835341215134,0.005883697886019945,0.003612263360992074,0.01763131096959114,0.05154966562986374,0.9496769905090332,0.0029047071002423763,0.040927376598119736
20260720_102347_512,2026-07-20T10:23:47+0800,ads2_click_success_20260720_102347_512,close_template,close_2.png,0.9982696175575256,x_mark,x_mark,0.9880143801371256,0.9880143801371256,True,28.49298611111111,"[877, 20, 75, 33]","[914, 36]",vision_platform\ads\runtime_collection\click_success\click_success_20260720_102347_512,D:\Projects\adb_vl\vision_platform\ads\runtime_collection\click_success\click_success_20260720_102347_512\pre_click.png,D:\Projects\adb_vl\vision_platform\ads\runtime_collection\click_success\click_success_20260720_102347_512\post_click.png,D:\Projects\adb_vl\vision_platform\ads\runtime_collection\click_success\click_success_20260720_102347_512\crops\bbox.png,D:\Projects\adb_vl\vision_platform\ads\runtime_collection\click_success\click_success_20260720_102347_512\crops\bbox_context_1_5x.png,0.9880143801371256,1.2715447913554575e-05,5.454936520739769e-05,0.0006675301410723478,7.488333358196542e-05,4.88453963498614e-06,0.004431801770503323,0.977095365524292,1.2640920431294944e-05,1.711447475827299e-05,0.00045213030534796417,6.646499241469428e-05,8.990677997644525e-06,0.005866028368473053,0.9928472638130188,2.1637679310515523e-05,9.118627349380404e-05,0.0007815570570528507,7.248235488077626e-05,3.827020918834023e-06,0.004548276774585247,0.9941005110740662,3.867743998853257e-06,5.534734737011604e-05,0.0007689030608162284,8.570265345042571e-05,1.8359199884798727e-06,0.002881100168451667
20260720_102353_115,2026-07-20T10:23:53+0800,ads2_click_success_20260720_102353_115,got_template,got2.png,0.981813371181488,got,got,0.8880915840466818,0.8880915840466818,True,36.748333333333335,"[414, 134, 139, 47]","[483, 157]",vision_platform\ads\runtime_collection\click_success\click_success_20260720_102353_115,D:\Projects\adb_vl\vision_platform\ads\runtime_collection\click_success\click_success_20260720_102353_115\pre_click.png,D:\Projects\adb_vl\vision_platform\ads\runtime_collection\click_success\click_success_20260720_102353_115\post_click.png,D:\Projects\adb_vl\vision_platform\ads\runtime_collection\click_success\click_success_20260720_102353_115\crops\bbox.png,D:\Projects\adb_vl\vision_platform\ads\runtime_collection\click_success\click_success_20260720_102353_115\crops\bbox_context_1_5x.png,0.16766240199406943,0.002241473140505453,0.03048746194690466,0.07128453999757767,0.01748788884530465,0.8880915840466818,0.1430200400451819,0.2921241819858551,0.004123519640415907,0.03735768049955368,0.10998588800430298,0.02513102814555168,0.7623599171638489,0.32257476449012756,0.08561977744102478,0.0009451205842196941,0.011705667711794376,0.0605916865170002,0.011617192067205906,0.9804294109344482,0.02769111469388008,0.12524324655532837,0.0016557791968807578,0.04239903762936592,0.043276045471429825,0.015715446323156357,0.921485424041748,0.07879424095153809
20260720_102402_398,2026-07-20T10:24:02+0800,ads2_click_success_20260720_102402_398,free_ad_template,free_ad_3.png,0.9744047522544861,free,free,0.9620003898938497,0.9620003898938497,True,50.80902777777778,"[738, 352, 38, 24]","[757, 364]",vision_platform\ads\runtime_collection\click_success\click_success_20260720_102402_398,D:\Projects\adb_vl\vision_platform\ads\runtime_collection\click_success\click_success_20260720_102402_398\pre_click.png,D:\Projects\adb_vl\vision_platform\ads\runtime_collection\click_success\click_success_20260720_102402_398\post_click.png,D:\Projects\adb_vl\vision_platform\ads\runtime_collection\click_success\click_success_20260720_102402_398\crops\bbox.png,D:\Projects\adb_vl\vision_platform\ads\runtime_collection\click_success\click_success_20260720_102402_398\crops\bbox_context_1_5x.png,0.005541897068421046,0.004245272527138392,0.010826140331725279,0.027004567285378773,0.9620003898938497,0.0022582401094647744,0.03282615666588148,0.003071889281272888,0.0070244064554572105,0.017457878217101097,0.0361902229487896,0.9670851826667786,0.0042873164638876915,0.02441994473338127,0.009877831675112247,0.0019183214753866196,0.004860615357756615,0.015323454514145851,0.9596375226974487,0.0008327623945660889,0.03580765798687935,0.003675970248878002,0.0037930896505713463,0.010159927420318127,0.029500024393200874,0.9592784643173218,0.0016546414699405432,0.038250867277383804
20260720_102422_458,2026-07-20T10:24:22+0800,ads2_click_success_20260720_102422_458,close_template,close_2.png,0.96234530210495,x_mark,x_mark,0.864671011765798,0.864671011765798,True,45.158125,"[877, 20, 75, 33]","[914, 36]",vision_platform\ads\runtime_collection\click_success\click_success_20260720_102422_458,D:\Projects\adb_vl\vision_platform\ads\runtime_collection\click_success\click_success_20260720_102422_458\pre_click.png,D:\Projects\adb_vl\vision_platform\ads\runtime_collection\click_success\click_success_20260720_102422_458\post_click.png,D:\Projects\adb_vl\vision_platform\ads\runtime_collection\click_success\click_success_20260720_102422_458\crops\bbox.png,D:\Projects\adb_vl\vision_platform\ads\runtime_collection\click_success\click_success_20260720_102422_458\crops\bbox_context_1_5x.png,0.864671011765798,0.00033914654098528746,0.0009328448213636875,0.0012291032859745126,0.0013092324564543862,0.0007195028592832386,0.012194664217531681,0.8828749656677246,0.00023048388538882136,0.0005879294476471841,0.00161425129044801,0.0009585219086147845,0.0009112057159654796,0.007108352147042751,0.8309793472290039,0.0007126775453798473,0.0006139366305433214,0.0011149871861562133,0.0016094354214146733,0.0007509244605898857,0.017198069021105766,0.8801587224006653,7.427819218719378e-05,0.001596668385900557,0.0009580713813193142,0.0013597400393337011,0.0004963784012943506,0.012277571484446526
20260720_102428_051,2026-07-20T10:24:28+0800,ads2_click_success_20260720_102428_051,got_template,got2.png,0.9815729856491089,got,got,0.8578652540842692,0.8578652540842692,True,36.90951388888889,"[414, 134, 139, 47]","[483, 157]",vision_platform\ads\runtime_collection\click_success\click_success_20260720_102428_051,D:\Projects\adb_vl\vision_platform\ads\runtime_collection\click_success\click_success_20260720_102428_051\pre_click.png,D:\Projects\adb_vl\vision_platform\ads\runtime_collection\click_success\click_success_20260720_102428_051\post_click.png,D:\Projects\adb_vl\vision_platform\ads\runtime_collection\click_success\click_success_20260720_102428_051\crops\bbox.png,D:\Projects\adb_vl\vision_platform\ads\runtime_collection\click_success\click_success_20260720_102428_051\crops\bbox_context_1_5x.png,0.15395420293013254,0.003102861577644944,0.030332290567457676,0.06428839763005574,0.016150800200800102,0.8578652540842692,0.16089983532826105,0.26535794138908386,0.006086250301450491,0.03904622420668602,0.10053422302007675,0.024844812229275703,0.7251335978507996,0.3343251645565033,0.07162108272314072,0.0012341099791228771,0.012438143603503704,0.04793769493699074,0.0073617445304989815,0.9661380648612976,0.04613155871629715,0.12488358467817307,0.0019882244523614645,0.039512503892183304,0.04439327493309975,0.016245843842625618,0.8823240995407104,0.10224278271198273
20260720_102436_999,2026-07-20T10:24:37+0800,ads2_click_success_20260720_102436_999,free_ad_template,free_ad_3.png,0.9744038581848145,free,free,0.9620003898938497,0.9620003898938497,True,50.812847222222224,"[738, 352, 38, 24]","[757, 364]",vision_platform\ads\runtime_collection\click_success\click_success_20260720_102436_999,D:\Projects\adb_vl\vision_platform\ads\runtime_collection\click_success\click_success_20260720_102436_999\pre_click.png,D:\Projects\adb_vl\vision_platform\ads\runtime_collection\click_success\click_success_20260720_102436_999\post_click.png,D:\Projects\adb_vl\vision_platform\ads\runtime_collection\click_success\click_success_20260720_102436_999\crops\bbox.png,D:\Projects\adb_vl\vision_platform\ads\runtime_collection\click_success\click_success_20260720_102436_999\crops\bbox_context_1_5x.png,0.005541897068421046,0.004245272527138392,0.010826140331725279,0.027004567285378773,0.9620003898938497,0.0022582401094647744,0.03282615666588148,0.003071889281272888,0.0070244064554572105,0.017457878217101097,0.0361902229487896,0.9670851826667786,0.0042873164638876915,0.02441994473338127,0.009877831675112247,0.0019183214753866196,0.004860615357756615,0.015323454514145851,0.9596375226974487,0.0008327623945660889,0.03580765798687935,0.003675970248878002,0.0037930896505713463,0.010159927420318127,0.029500024393200874,0.9592784643173218,0.0016546414699405432,0.038250867277383804
20260720_102456_996,2026-07-20T10:24:57+0800,ads2_click_success_20260720_102456_996,close_template,close_2.png,0.9996604919433594,x_mark,x_mark,0.9927091598510742,0.9927091598510742,True,27.369791666666668,"[877, 20, 75, 33]","[914, 36]",vision_platform\ads\runtime_collection\click_success\click_success_20260720_102456_996,D:\Projects\adb_vl\vision_platform\ads\runtime_collection\click_success\click_success_20260720_102456_996\pre_click.png,D:\Projects\adb_vl\vision_platform\ads\runtime_collection\click_success\click_success_20260720_102456_996\post_click.png,D:\Projects\adb_vl\vision_platform\ads\runtime_collection\click_success\click_success_20260720_102456_996\crops\bbox.png,D:\Projects\adb_vl\vision_platform\ads\runtime_collection\click_success\click_success_20260720_102456_996\crops\bbox_context_1_5x.png,0.9927091598510742,0.00010382282683470596,0.0006834305289279049,0.002245205066477259,0.00016204898080710942,8.77337327741164e-05,0.004301006207242608,0.9849987626075745,4.1223756852559745e-05,0.00018742588872555643,0.0018572536064311862,0.00023112844792194664,0.00015680403157602996,0.002810555277392268,0.9955392479896545,0.00022482221538666636,0.0008192436653189361,0.0019433930283412337,0.000169854421983473,8.044139394769445e-05,0.004817763809114695,0.9975894689559937,4.54225082648918e-05,0.001043622032739222,0.002934968564659357,8.516407251590863e-05,2.595577279862482e-05,0.0052746995352208614
20260720_102502_935,2026-07-20T10:25:03+0800,ads2_click_success_20260720_102502_935,got_template,got2.png,0.9790652990341187,got,got,0.8305235107739767,0.8305235107739767,True,33.735625,"[414, 134, 139, 47]","[483, 157]",vision_platform\ads\runtime_collection\click_success\click_success_20260720_102502_935,D:\Projects\adb_vl\vision_platform\ads\runtime_collection\click_success\click_success_20260720_102502_935\pre_click.png,D:\Projects\adb_vl\vision_platform\ads\runtime_collection\click_success\click_success_20260720_102502_935\post_click.png,D:\Projects\adb_vl\vision_platform\ads\runtime_collection\click_success\click_success_20260720_102502_935\crops\bbox.png,D:\Projects\adb_vl\vision_platform\ads\runtime_collection\click_success\click_success_20260720_102502_935\crops\bbox_context_1_5x.png,0.23301047086715698,0.0014795253324943285,0.02555280240873496,0.045260872691869736,0.010195236963530382,0.8305235107739767,0.19155413409074148,0.3762667775154114,0.002653053030371666,0.03182175010442734,0.07048151642084122,0.014794953167438507,0.669772744178772,0.42034590244293213,0.13193421065807343,0.0007191954064182937,0.01260397769510746,0.0359567254781723,0.006837343797087669,0.9590433239936829,0.044126830995082855,0.19083042442798615,0.0010663275606930256,0.032232679426670074,0.029344376176595688,0.008953413926064968,0.8627544641494751,0.11018966883420944
20260720_102821_079,2026-07-20T10:28:21+0800,ads2_click_success_20260720_102821_079,free_ad_template,close_26.png,1.0,free,free,0.9473092754681905,0.9473092754681905,True,133.3032638888889,"[376, 285, 34, 19]","[401, 298]",vision_platform\ads\runtime_collection\click_success\click_success_20260720_102821_079,D:\Projects\adb_vl\vision_platform\ads\runtime_collection\click_success\click_success_20260720_102821_079\pre_click.png,D:\Projects\adb_vl\vision_platform\ads\runtime_collection\click_success\click_success_20260720_102821_079\post_click.png,D:\Projects\adb_vl\vision_platform\ads\runtime_collection\click_success\click_success_20260720_102821_079\crops\bbox.png,D:\Projects\adb_vl\vision_platform\ads\runtime_collection\click_success\click_success_20260720_102821_079\crops\bbox_context_1_5x.png,0.13167001431186995,0.05940337975819906,0.08866517121593158,0.04094156871239344,0.9473092754681905,0.012393401004374027,0.2691304236650467,0.22557689249515533,0.08221551030874252,0.10029426217079163,0.05230339616537094,0.9019172787666321,0.018379226326942444,0.3218497633934021,0.055625107139348984,0.053617704659700394,0.04789857193827629,0.02671750634908676,0.965369701385498,0.009014259092509747,0.31617212295532227,0.1138080433011055,0.04237692430615425,0.1178026795387268,0.043803803622722626,0.9746408462524414,0.009786717593669891,0.1693693846464157
20260720_102841_118,2026-07-20T10:28:41+0800,ads2_click_success_20260720_102841_118,close_template,close_2.png,0.9996604919433594,x_mark,x_mark,0.9927091598510742,0.9927091598510742,True,89.96930555555555,"[877, 20, 75, 33]","[914, 36]",vision_platform\ads\runtime_collection\click_success\click_success_20260720_102841_118,D:\Projects\adb_vl\vision_platform\ads\runtime_collection\click_success\click_success_20260720_102841_118\pre_click.png,D:\Projects\adb_vl\vision_platform\ads\runtime_collection\click_success\click_success_20260720_102841_118\post_click.png,D:\Projects\adb_vl\vision_platform\ads\runtime_collection\click_success\click_success_20260720_102841_118\crops\bbox.png,D:\Projects\adb_vl\vision_platform\ads\runtime_collection\click_success\click_success_20260720_102841_118\crops\bbox_context_1_5x.png,0.9927091598510742,0.00010382282683470596,0.0006834305289279049,0.002245205066477259,0.00016204898080710942,8.77337327741164e-05,0.004301006207242608,0.9849987626075745,4.1223756852559745e-05,0.00018742588872555643,0.0018572536064311862,0.00023112844792194664,0.00015680403157602996,0.002810555277392268,0.9955392479896545,0.00022482221538666636,0.0008192436653189361,0.0019433930283412337,0.000169854421983473,8.044139394769445e-05,0.004817763809114695,0.9975894689559937,4.54225082648918e-05,0.001043622032739222,0.002934968564659357,8.516407251590863e-05,2.595577279862482e-05,0.0052746995352208614
20260720_102847_376,2026-07-20T10:28:47+0800,ads2_click_success_20260720_102847_376,got_template,got2.png,0.9588804244995117,got,got,0.8638554811477661,0.8638554811477661,True,83.77819444444444,"[414, 134, 139, 47]","[483, 157]",vision_platform\ads\runtime_collection\click_success\click_success_20260720_102847_376,D:\Projects\adb_vl\vision_platform\ads\runtime_collection\click_success\click_success_20260720_102847_376\pre_click.png,D:\Projects\adb_vl\vision_platform\ads\runtime_collection\click_success\click_success_20260720_102847_376\post_click.png,D:\Projects\adb_vl\vision_platform\ads\runtime_collection\click_success\click_success_20260720_102847_376\crops\bbox.png,D:\Projects\adb_vl\vision_platform\ads\runtime_collection\click_success\click_success_20260720_102847_376\crops\bbox_context_1_5x.png,0.2879244734843572,0.04156162589788437,0.08535795410474141,0.18791439632574716,0.16330386201540628,0.8638554811477661,0.32141275703907013,0.4125794470310211,0.056182172149419785,0.06553193181753159,0.21422208845615387,0.1929323971271515,0.7881983518600464,0.4053775668144226,0.2201842963695526,0.03613532334566116,0.09404411911964417,0.16909663379192352,0.16019590198993683,0.9349997043609619,0.2339162677526474,0.23100967705249786,0.03236738219857216,0.09649781137704849,0.18042446672916412,0.13678328692913055,0.86836838722229,0.3249444365501404
20260720_102854_394,2026-07-20T10:28:54+0800,ads2_click_success_20260720_102854_394,free_ad_template,close_26.png,0.9770014882087708,free,free,0.9799830714861552,0.9799830714861552,True,133.22604166666667,"[391, 285, 34, 19]","[408, 294]",vision_platform\ads\runtime_collection\click_success\click_success_20260720_102854_394,D:\Projects\adb_vl\vision_platform\ads\runtime_collection\click_success\click_success_20260720_102854_394\pre_click.png,D:\Projects\adb_vl\vision_platform\ads\runtime_collection\click_success\click_success_20260720_102854_394\post_click.png,D:\Projects\adb_vl\vision_platform\ads\runtime_collection\click_success\click_success_20260720_102854_394\crops\bbox.png,D:\Projects\adb_vl\vision_platform\ads\runtime_collection\click_success\click_success_20260720_102854_394\crops\bbox_context_1_5x.png,0.10593281189600627,0.02814236966272195,0.04280448208252589,0.057404253631830215,0.9799830714861552,0.01004506585498651,0.26719053089618683,0.13897903263568878,0.044438429176807404,0.028696492314338684,0.05381225794553757,0.9646599888801575,0.011578235775232315,0.22691096365451813,0.07865176349878311,0.021817486733198166,0.03835008293390274,0.055099066346883774,0.9911662936210632,0.009437880478799343,0.2723994553089142,0.1001676395535469,0.018171193078160286,0.06136687099933624,0.0633014366030693,0.9841229319572449,0.009119081310927868,0.3022611737251282
20260720_102915_215,2026-07-20T10:29:15+0800,ads2_click_success_20260720_102915_215,close_template,close_2.png,0.9564536213874817,x_mark,x_mark,0.681676427523295,0.681676427523295,True,79.76861111111111,"[877, 20, 75, 33]","[914, 36]",vision_platform\ads\runtime_collection\click_success\click_success_20260720_102915_215,D:\Projects\adb_vl\vision_platform\ads\runtime_collection\click_success\click_success_20260720_102915_215\pre_click.png,D:\Projects\adb_vl\vision_platform\ads\runtime_collection\click_success\click_success_20260720_102915_215\post_click.png,D:\Projects\adb_vl\vision_platform\ads\runtime_collection\click_success\click_success_20260720_102915_215\crops\bbox.png,D:\Projects\adb_vl\vision_platform\ads\runtime_collection\click_success\click_success_20260720_102915_215\crops\bbox_context_1_5x.png,0.681676427523295,0.00046975269409207004,0.001605020195711404,0.0015019041796525319,0.011209423032899698,8.781373495973337e-05,0.4311979313691457,0.6434956789016724,0.0006486087804660201,0.0006682598614133894,0.0012948939111083746,0.011179253458976746,0.00015930150402709842,0.4205898940563202,0.5782911777496338,0.000535263679921627,0.0010662676068022847,0.0011023050174117088,0.01140331570059061,3.4382243029540405e-05,0.3707236051559448,0.8232424259185791,0.00022538562188856304,0.003080533118918538,0.0021085136104375124,0.011045699939131737,6.975745782256126e-05,0.5022802948951721
20260720_102921_331,2026-07-20T10:29:21+0800,ads2_click_success_20260720_102921_331,got_template,got2.png,0.9569710493087769,got,got,0.949158787727356,0.949158787727356,True,83.73881944444445,"[414, 134, 139, 47]","[483, 157]",vision_platform\ads\runtime_collection\click_success\click_success_20260720_102921_331,D:\Projects\adb_vl\vision_platform\ads\runtime_collection\click_success\click_success_20260720_102921_331\pre_click.png,D:\Projects\adb_vl\vision_platform\ads\runtime_collection\click_success\click_success_20260720_102921_331\post_click.png,D:\Projects\adb_vl\vision_platform\ads\runtime_collection\click_success\click_success_20260720_102921_331\crops\bbox.png,D:\Projects\adb_vl\vision_platform\ads\runtime_collection\click_success\click_success_20260720_102921_331\crops\bbox_context_1_5x.png,0.1483979324499766,0.0929041566948096,0.04474604999025663,0.16178412238756815,0.13971485197544098,0.949158787727356,0.136777696510156,0.2001143991947174,0.09845543652772903,0.02169693633913994,0.16663792729377747,0.11990363895893097,0.9113956093788147,0.12162967771291733,0.12984326481819153,0.11798267811536789,0.07678405195474625,0.1344067007303238,0.16434381902217865,0.9725397825241089,0.11588968336582184,0.11523613333702087,0.06227435544133186,0.0357571616768837,0.1843077391386032,0.13489709794521332,0.9635409712791443,0.17281372845172882
20260720_102928_462,2026-07-20T10:29:28+0800,ads2_click_success_20260720_102928_462,free_ad_template,close_26.png,0.9770021438598633,free,free,0.9799830714861552,0.9799830714861552,True,133.19493055555554,"[391, 285, 34, 19]","[408, 294]",vision_platform\ads\runtime_collection\click_success\click_success_20260720_102928_462,D:\Projects\adb_vl\vision_platform\ads\runtime_collection\click_success\click_success_20260720_102928_462\pre_click.png,D:\Projects\adb_vl\vision_platform\ads\runtime_collection\click_success\click_success_20260720_102928_462\post_click.png,D:\Projects\adb_vl\vision_platform\ads\runtime_collection\click_success\click_success_20260720_102928_462\crops\bbox.png,D:\Projects\adb_vl\vision_platform\ads\runtime_collection\click_success\click_success_20260720_102928_462\crops\bbox_context_1_5x.png,0.10593281189600627,0.02814236966272195,0.04280448208252589,0.057404253631830215,0.9799830714861552,0.01004506585498651,0.26719053089618683,0.13897903263568878,0.044438429176807404,0.028696492314338684,0.05381225794553757,0.9646599888801575,0.011578235775232315,0.22691096365451813,0.07865176349878311,0.021817486733198166,0.03835008293390274,0.055099066346883774,0.9911662936210632,0.009437880478799343,0.2723994553089142,0.1001676395535469,0.018171193078160286,0.06136687099933624,0.0633014366030693,0.9841229319572449,0.009119081310927868,0.3022611737251282
20260720_102948_036,2026-07-20T10:29:48+0800,ads2_click_success_20260720_102948_036,close_template,close_2.png,0.9999386072158813,x_mark,x_mark,0.9773611227671305,0.9773611227671305,True,99.92236111111112,"[877, 20, 75, 33]","[914, 36]",vision_platform\ads\runtime_collection\click_success\click_success_20260720_102948_036,D:\Projects\adb_vl\vision_platform\ads\runtime_collection\click_success\click_success_20260720_102948_036\pre_click.png,D:\Projects\adb_vl\vision_platform\ads\runtime_collection\click_success\click_success_20260720_102948_036\post_click.png,D:\Projects\adb_vl\vision_platform\ads\runtime_collection\click_success\click_success_20260720_102948_036\crops\bbox.png,D:\Projects\adb_vl\vision_platform\ads\runtime_collection\click_success\click_success_20260720_102948_036\crops\bbox_context_1_5x.png,0.9773611227671305,0.0024353836585457125,0.03650629644592603,0.17900124688943228,0.03214219585061073,0.025501849750677746,0.08963346729675929,0.9860767126083374,0.002380764577537775,0.041070640087127686,0.10002154111862183,0.03965861350297928,0.028156986460089684,0.05583859980106354,0.9862528443336487,0.0030249720439314842,0.03530748561024666,0.12479369342327118,0.03499266877770424,0.027461927384138107,0.10660405457019806,0.9597538113594055,0.0019004143541678786,0.03314076364040375,0.3121885061264038,0.02177530527114868,0.020886635407805443,0.10645774751901627
20260720_102953_978,2026-07-20T10:29:54+0800,ads2_click_success_20260720_102953_978,got_template,got2.png,0.9537014365196228,got,got,0.9460979104042053,0.9460979104042053,True,83.9786111111111,"[414, 134, 139, 47]","[483, 157]",vision_platform\ads\runtime_collection\click_success\click_success_20260720_102953_978,D:\Projects\adb_vl\vision_platform\ads\runtime_collection\click_success\click_success_20260720_102953_978\pre_click.png,D:\Projects\adb_vl\vision_platform\ads\runtime_collection\click_success\click_success_20260720_102953_978\post_click.png,D:\Projects\adb_vl\vision_platform\ads\runtime_collection\click_success\click_success_20260720_102953_978\crops\bbox.png,D:\Projects\adb_vl\vision_platform\ads\runtime_collection\click_success\click_success_20260720_102953_978\crops\bbox_context_1_5x.png,0.17728217442830405,0.07707106322050095,0.02574470390876134,0.21388166646162668,0.1996525675058365,0.9460979104042053,0.13610608130693436,0.2140827476978302,0.09008108824491501,0.011948497965931892,0.23931190371513367,0.24811360239982605,0.8995473980903625,0.13415475189685822,0.18190184235572815,0.09313838928937912,0.04179232195019722,0.17475856840610504,0.18623003363609314,0.9780053496360779,0.12483086436986923,0.13586193323135376,0.04799371212720871,0.023493291810154915,0.22757452726364136,0.16461406648159027,0.9607409834861755,0.14933262765407562
20260720_105850_956,2026-07-20T10:58:51+0800,ads2_click_success_20260720_105850_956,free_ad_template,close_26.png,0.7624273300170898,free,free,0.9377286632855734,0.9377286632855734,True,66.67861111111111,"[878, 354, 34, 19]","[895, 363]",vision_platform\ads\runtime_collection\click_success\click_success_20260720_105850_956,D:\Projects\adb_vl\vision_platform\ads\runtime_collection\click_success\click_success_20260720_105850_956\pre_click.png,D:\Projects\adb_vl\vision_platform\ads\runtime_collection\click_success\click_success_20260720_105850_956\post_click.png,D:\Projects\adb_vl\vision_platform\ads\runtime_collection\click_success\click_success_20260720_105850_956\crops\bbox.png,D:\Projects\adb_vl\vision_platform\ads\runtime_collection\click_success\click_success_20260720_105850_956\crops\bbox_context_1_5x.png,0.006638287256161372,0.007519995017598073,0.007348500036944945,0.0313737957427899,0.9377286632855734,0.004078823529804747,0.061885856091976166,0.003020044881850481,0.009787170216441154,0.0055013373494148254,0.043343402445316315,0.9134331345558167,0.005395951215177774,0.054236046969890594,0.010002940893173218,0.006512717809528112,0.007165196817368269,0.024095885455608368,0.9718698263168335,0.004032544791698456,0.04980204999446869,0.006891875993460417,0.006260097026824951,0.009378965944051743,0.02668209932744503,0.9278830289840698,0.0028079745825380087,0.08161947131156921
20260720_105911_205,2026-07-20T10:59:11+0800,ads2_click_success_20260720_105911_205,close_template,close_2.png,0.9976891279220581,x_mark,x_mark,0.970588485399882,0.970588485399882,True,42.77798611111111,"[877, 20, 75, 33]","[914, 36]",vision_platform\ads\runtime_collection\click_success\click_success_20260720_105911_205,D:\Projects\adb_vl\vision_platform\ads\runtime_collection\click_success\click_success_20260720_105911_205\pre_click.png,D:\Projects\adb_vl\vision_platform\ads\runtime_collection\click_success\click_success_20260720_105911_205\post_click.png,D:\Projects\adb_vl\vision_platform\ads\runtime_collection\click_success\click_success_20260720_105911_205\crops\bbox.png,D:\Projects\adb_vl\vision_platform\ads\runtime_collection\click_success\click_success_20260720_105911_205\crops\bbox_context_1_5x.png,0.970588485399882,0.0024873766621264317,0.040512457489967346,0.05155373985568682,0.008817211103936037,0.022854974182943504,0.1903016765912374,0.9683681130409241,0.0046394034288823605,0.04064237326383591,0.07098562270402908,0.015172168612480164,0.038508862257003784,0.2094753235578537,0.9838406443595886,0.0018541773315519094,0.039994802325963974,0.033685117959976196,0.002323359251022339,0.01068804319947958,0.1414344310760498,0.9595566987991333,0.0009685492259450257,0.04090019688010216,0.04999047890305519,0.008956105448305607,0.019368017092347145,0.21999527513980865
20260720_105916_754,2026-07-20T10:59:16+0800,ads2_click_success_20260720_105916_754,got_template,got2.png,0.9803042411804199,got,got,0.8759096463521322,0.8759096463521322,True,44.796527777777776,"[414, 134, 139, 47]","[483, 157]",vision_platform\ads\runtime_collection\click_success\click_success_20260720_105916_754,D:\Projects\adb_vl\vision_platform\ads\runtime_collection\click_success\click_success_20260720_105916_754\pre_click.png,D:\Projects\adb_vl\vision_platform\ads\runtime_collection\click_success\click_success_20260720_105916_754\post_click.png,D:\Projects\adb_vl\vision_platform\ads\runtime_collection\click_success\click_success_20260720_105916_754\crops\bbox.png,D:\Projects\adb_vl\vision_platform\ads\runtime_collection\click_success\click_success_20260720_105916_754\crops\bbox_context_1_5x.png,0.07236872737606366,0.0040619758268197375,0.022304112402101357,0.1658908948302269,0.04721409020324548,0.8759096463521322,0.1450135683019956,0.12796804308891296,0.0069000073708593845,0.02173580788075924,0.16628064215183258,0.06758951395750046,0.8000344038009644,0.23559042811393738,0.03764060139656067,0.002336999634280801,0.01269958633929491,0.21351030468940735,0.028435947373509407,0.9705104231834412,0.07958447188138962,0.05149753764271736,0.002948920475319028,0.032476942986249924,0.11788173764944077,0.04561680927872658,0.857184112071991,0.11986580491065979
20260720_105925_334,2026-07-20T10:59:25+0800,ads2_click_success_20260720_105925_334,free_ad_template,close_26.png,0.7624277472496033,free,free,0.9377286632855734,0.9377286632855734,True,66.69291666666666,"[878, 354, 34, 19]","[895, 363]",vision_platform\ads\runtime_collection\click_success\click_success_20260720_105925_334,D:\Projects\adb_vl\vision_platform\ads\runtime_collection\click_success\click_success_20260720_105925_334\pre_click.png,D:\Projects\adb_vl\vision_platform\ads\runtime_collection\click_success\click_success_20260720_105925_334\post_click.png,D:\Projects\adb_vl\vision_platform\ads\runtime_collection\click_success\click_success_20260720_105925_334\crops\bbox.png,D:\Projects\adb_vl\vision_platform\ads\runtime_collection\click_success\click_success_20260720_105925_334\crops\bbox_context_1_5x.png,0.006638287256161372,0.007519995017598073,0.007348500036944945,0.0313737957427899,0.9377286632855734,0.004078823529804747,0.061885856091976166,0.003020044881850481,0.009787170216441154,0.0055013373494148254,0.043343402445316315,0.9134331345558167,0.005395951215177774,0.054236046969890594,0.010002940893173218,0.006512717809528112,0.007165196817368269,0.024095885455608368,0.9718698263168335,0.004032544791698456,0.04980204999446869,0.006891875993460417,0.006260097026824951,0.009378965944051743,0.02668209932744503,0.9278830289840698,0.0028079745825380087,0.08161947131156921
20260720_105944_868,2026-07-20T10:59:44+0800,ads2_click_success_20260720_105944_868,close_template,close_2.png,0.96234530210495,x_mark,x_mark,0.864671011765798,0.864671011765798,True,41.36631944444444,"[877, 20, 75, 33]","[914, 36]",vision_platform\ads\runtime_collection\click_success\click_success_20260720_105944_868,D:\Projects\adb_vl\vision_platform\ads\runtime_collection\click_success\click_success_20260720_105944_868\pre_click.png,D:\Projects\adb_vl\vision_platform\ads\runtime_collection\click_success\click_success_20260720_105944_868\post_click.png,D:\Projects\adb_vl\vision_platform\ads\runtime_collection\click_success\click_success_20260720_105944_868\crops\bbox.png,D:\Projects\adb_vl\vision_platform\ads\runtime_collection\click_success\click_success_20260720_105944_868\crops\bbox_context_1_5x.png,0.864671011765798,0.00033914654098528746,0.0009328448213636875,0.0012291032859745126,0.0013092324564543862,0.0007195028592832386,0.012194664217531681,0.8828749656677246,0.00023048388538882136,0.0005879294476471841,0.00161425129044801,0.0009585219086147845,0.0009112057159654796,0.007108352147042751,0.8309793472290039,0.0007126775453798473,0.0006139366305433214,0.0011149871861562133,0.0016094354214146733,0.0007509244605898857,0.017198069021105766,0.8801587224006653,7.427819218719378e-05,0.001596668385900557,0.0009580713813193142,0.0013597400393337011,0.0004963784012943506,0.012277571484446526
20260720_105950_883,2026-07-20T10:59:50+0800,ads2_click_success_20260720_105950_883,got_template,got2.png,0.9831559062004089,got,got,0.8666043678919474,0.8666043678919474,True,42.40159722222222,"[414, 134, 139, 47]","[483, 157]",vision_platform\ads\runtime_collection\click_success\click_success_20260720_105950_883,D:\Projects\adb_vl\vision_platform\ads\runtime_collection\click_success\click_success_20260720_105950_883\pre_click.png,D:\Projects\adb_vl\vision_platform\ads\runtime_collection\click_success\click_success_20260720_105950_883\post_click.png,D:\Projects\adb_vl\vision_platform\ads\runtime_collection\click_success\click_success_20260720_105950_883\crops\bbox.png,D:\Projects\adb_vl\vision_platform\ads\runtime_collection\click_success\click_success_20260720_105950_883\crops\bbox_context_1_5x.png,0.15240061779816946,0.003301705156142513,0.020977310836315155,0.1136179119348526,0.0350595290462176,0.8666043678919474,0.2055101121465365,0.27534276247024536,0.005509214010089636,0.028801968321204185,0.11300927400588989,0.055360227823257446,0.7812252640724182,0.33815377950668335,0.06587214767932892,0.0020623833406716585,0.00869157537817955,0.1302630752325058,0.01713547110557556,0.9709441661834717,0.07752154022455215,0.11598694324493408,0.0023335181176662445,0.02543838880956173,0.09758138656616211,0.032682888209819794,0.8476436734199524,0.20085501670837402
20260720_110000_529,2026-07-20T11:00:00+0800,ads2_click_success_20260720_110000_529,free_ad_template,close_26.png,0.7616873979568481,free,free,0.9540148576100668,0.9540148576100668,True,62.32180555555556,"[462, 354, 34, 19]","[479, 363]",vision_platform\ads\runtime_collection\click_success\click_success_20260720_110000_529,D:\Projects\adb_vl\vision_platform\ads\runtime_collection\click_success\click_success_20260720_110000_529\pre_click.png,D:\Projects\adb_vl\vision_platform\ads\runtime_collection\click_success\click_success_20260720_110000_529\post_click.png,D:\Projects\adb_vl\vision_platform\ads\runtime_collection\click_success\click_success_20260720_110000_529\crops\bbox.png,D:\Projects\adb_vl\vision_platform\ads\runtime_collection\click_success\click_success_20260720_110000_529\crops\bbox_context_1_5x.png,0.0023950635998820267,0.004523711899916331,0.004337587393820286,0.02630342481036981,0.9540148576100668,0.002563212920601169,0.032429576540986695,0.001006248057819903,0.007025693543255329,0.004397312644869089,0.03264095261693001,0.94026118516922,0.004077003337442875,0.02604137547314167,0.0039024557918310165,0.0031806868501007557,0.004078064579516649,0.024741332978010178,0.9733293652534485,0.0022198702208697796,0.023720785975456238,0.00227648694999516,0.003364755306392908,0.004537384957075119,0.021527988836169243,0.9484540224075317,0.0013927652034908533,0.04752656817436218
20260720_110020_511,2026-07-20T11:00:20+0800,ads2_click_success_20260720_110020_511,close_template,close_2.png,0.9995642900466919,x_mark,x_mark,0.9796409805615743,0.9796409805615743,True,35.10194444444444,"[877, 20, 75, 33]","[914, 36]",vision_platform\ads\runtime_collection\click_success\click_success_20260720_110020_511,D:\Projects\adb_vl\vision_platform\ads\runtime_collection\click_success\click_success_20260720_110020_511\pre_click.png,D:\Projects\adb_vl\vision_platform\ads\runtime_collection\click_success\click_success_20260720_110020_511\post_click.png,D:\Projects\adb_vl\vision_platform\ads\runtime_collection\click_success\click_success_20260720_110020_511\crops\bbox.png,D:\Projects\adb_vl\vision_platform\ads\runtime_collection\click_success\click_success_20260720_110020_511\crops\bbox_context_1_5x.png,0.9796409805615743,3.601973488306006e-05,0.000661769459838979,0.00220715607671688,0.00034795812583373237,0.0004745920596178621,0.039567304154237114,0.9527928233146667,2.00394988496555e-05,0.00014445821580011398,0.002856646664440632,0.0006068933289498091,0.0007520968792960048,0.03453393653035164,0.9942471981048584,7.319633004954085e-05,0.0013033412396907806,0.002246861346065998,0.0002368754503550008,0.0005060058319941163,0.040011126548051834,0.9918829202651978,1.4823375749983825e-05,0.0005375089240260422,0.00151796021964401,0.0002001055981963873,0.00016567346756346524,0.04415684938430786
20260720_110026_161,2026-07-20T11:00:26+0800,ads2_click_success_20260720_110026_161,got_template,got2.png,0.9777070879936218,got,got,0.8463579416275024,0.8463579416275024,True,41.65090277777778,"[414, 134, 139, 47]","[483, 157]",vision_platform\ads\runtime_collection\click_success\click_success_20260720_110026_161,D:\Projects\adb_vl\vision_platform\ads\runtime_collection\click_success\click_success_20260720_110026_161\pre_click.png,D:\Projects\adb_vl\vision_platform\ads\runtime_collection\click_success\click_success_20260720_110026_161\post_click.png,D:\Projects\adb_vl\vision_platform\ads\runtime_collection\click_success\click_success_20260720_110026_161\crops\bbox.png,D:\Projects\adb_vl\vision_platform\ads\runtime_collection\click_success\click_success_20260720_110026_161\crops\bbox_context_1_5x.png,0.18026834974686304,0.003689962284018596,0.020646294578909874,0.054641589522361755,0.024713025738795597,0.8463579416275024,0.13237450644373894,0.3278478980064392,0.007837498560547829,0.026146752759814262,0.0835672914981842,0.0354275181889534,0.708398699760437,0.26850733160972595,0.10625246912240982,0.001033520558848977,0.009102964773774147,0.04026403650641441,0.013780146837234497,0.9589347839355469,0.05128068849444389,0.10670468211174011,0.0021988677326589823,0.026689166203141212,0.04009344056248665,0.0249314121901989,0.8717403411865234,0.07733549922704697
20260720_110035_141,2026-07-20T11:00:35+0800,ads2_click_success_20260720_110035_141,free_ad_template,free_ad_3.png,0.9999861717224121,free,free,0.9473151763280233,0.9473151763280233,True,57.995694444444446,"[599, 352, 38, 24]","[618, 364]",vision_platform\ads\runtime_collection\click_success\click_success_20260720_110035_141,D:\Projects\adb_vl\vision_platform\ads\runtime_collection\click_success\click_success_20260720_110035_141\pre_click.png,D:\Projects\adb_vl\vision_platform\ads\runtime_collection\click_success\click_success_20260720_110035_141\post_click.png,D:\Projects\adb_vl\vision_platform\ads\runtime_collection\click_success\click_success_20260720_110035_141\crops\bbox.png,D:\Projects\adb_vl\vision_platform\ads\runtime_collection\click_success\click_success_20260720_110035_141\crops\bbox_context_1_5x.png,0.007227244166036447,0.004148293597002824,0.01685731066390872,0.04328018923600515,0.9473151763280233,0.003411766180458168,0.03701774155100187,0.0038612172938883305,0.006677648518234491,0.025911344215273857,0.04995560273528099,0.9479643702507019,0.006208775565028191,0.02870001271367073,0.011936817318201065,0.002154968911781907,0.007029276806861162,0.028335299342870712,0.9443041682243347,0.0011218158761039376,0.041425835341215134,0.005883697886019945,0.003612263360992074,0.01763131096959114,0.05154966562986374,0.9496769905090332,0.0029047071002423763,0.040927376598119736
20260720_110055_115,2026-07-20T11:00:55+0800,ads2_click_success_20260720_110055_115,close_template,close_2.png,0.9921847581863403,x_mark,x_mark,0.9837755362192789,0.9837755362192789,True,28.734305555555554,"[877, 20, 75, 33]","[914, 36]",vision_platform\ads\runtime_collection\click_success\click_success_20260720_110055_115,D:\Projects\adb_vl\vision_platform\ads\runtime_collection\click_success\click_success_20260720_110055_115\pre_click.png,D:\Projects\adb_vl\vision_platform\ads\runtime_collection\click_success\click_success_20260720_110055_115\post_click.png,D:\Projects\adb_vl\vision_platform\ads\runtime_collection\click_success\click_success_20260720_110055_115\crops\bbox.png,D:\Projects\adb_vl\vision_platform\ads\runtime_collection\click_success\click_success_20260720_110055_115\crops\bbox_context_1_5x.png,0.9837755362192789,0.00014863690012134612,0.00040182793357719976,0.0012868376215919852,0.00010392429006363575,0.0008631766346904138,0.11340000356237094,0.9743682146072388,0.00038602639688178897,0.0004368184308987111,0.0028476000297814608,0.00015182803326752037,0.0018327083671465516,0.14189787209033966,0.9923353791236877,3.4713480999926105e-05,0.0002511206839699298,0.0005375875625759363,8.478613017359748e-05,0.0004812961269635707,0.06186046078801155,0.9846230149269104,2.5170822482323274e-05,0.0005175446858629584,0.0004753252724185586,7.515870674978942e-05,0.0002755254099611193,0.1364416778087616
20260720_110100_889,2026-07-20T11:01:00+0800,ads2_click_success_20260720_110100_889,got_template,got2.png,0.9813192486763,got,got,0.976262112458547,0.976262112458547,True,38.583333333333336,"[414, 134, 139, 47]","[483, 157]",vision_platform\ads\runtime_collection\click_success\click_success_20260720_110100_889,D:\Projects\adb_vl\vision_platform\ads\runtime_collection\click_success\click_success_20260720_110100_889\pre_click.png,D:\Projects\adb_vl\vision_platform\ads\runtime_collection\click_success\click_success_20260720_110100_889\post_click.png,D:\Projects\adb_vl\vision_platform\ads\runtime_collection\click_success\click_success_20260720_110100_889\crops\bbox.png,D:\Projects\adb_vl\vision_platform\ads\runtime_collection\click_success\click_success_20260720_110100_889\crops\bbox_context_1_5x.png,0.05329343552390734,0.0044722903209427995,0.0071735068534811335,0.0336107232918342,0.02241922728717327,0.976262112458547,0.04082902520895004,0.10801228135824203,0.002803610637784004,0.003725389949977398,0.03941795602440834,0.020407792180776596,0.9446481466293335,0.07643718272447586,0.017227012664079666,0.007220916450023651,0.006036768667399883,0.032003629952669144,0.026837842538952827,0.99638831615448,0.01928512565791607,0.03464101254940033,0.0033923438750207424,0.01175836194306612,0.029410583898425102,0.02001204714179039,0.9877498745918274,0.0267647672444582
20260720_110110_358,2026-07-20T11:01:10+0800,ads2_click_success_20260720_110110_358,free_ad_template,free_ad_3.png,0.9744038581848145,free,free,0.9620003898938497,0.9620003898938497,True,53.68020833333333,"[738, 352, 38, 24]","[757, 364]",vision_platform\ads\runtime_collection\click_success\click_success_20260720_110110_358,D:\Projects\adb_vl\vision_platform\ads\runtime_collection\click_success\click_success_20260720_110110_358\pre_click.png,D:\Projects\adb_vl\vision_platform\ads\runtime_collection\click_success\click_success_20260720_110110_358\post_click.png,D:\Projects\adb_vl\vision_platform\ads\runtime_collection\click_success\click_success_20260720_110110_358\crops\bbox.png,D:\Projects\adb_vl\vision_platform\ads\runtime_collection\click_success\click_success_20260720_110110_358\crops\bbox_context_1_5x.png,0.005541897068421046,0.004245272527138392,0.010826140331725279,0.027004567285378773,0.9620003898938497,0.0022582401094647744,0.03282615666588148,0.003071889281272888,0.0070244064554572105,0.017457878217101097,0.0361902229487896,0.9670851826667786,0.0042873164638876915,0.02441994473338127,0.009877831675112247,0.0019183214753866196,0.004860615357756615,0.015323454514145851,0.9596375226974487,0.0008327623945660889,0.03580765798687935,0.003675970248878002,0.0037930896505713463,0.010159927420318127,0.029500024393200874,0.9592784643173218,0.0016546414699405432,0.038250867277383804
20260720_110130_511,2026-07-20T11:01:30+0800,ads2_click_success_20260720_110130_511,close_template,close_2.png,0.9535977244377136,x_mark,x_mark,0.9122043053309122,0.9122043053309122,True,55.518541666666664,"[877, 20, 75, 33]","[914, 36]",vision_platform\ads\runtime_collection\click_success\click_success_20260720_110130_511,D:\Projects\adb_vl\vision_platform\ads\runtime_collection\click_success\click_success_20260720_110130_511\pre_click.png,D:\Projects\adb_vl\vision_platform\ads\runtime_collection\click_success\click_success_20260720_110130_511\post_click.png,D:\Projects\adb_vl\vision_platform\ads\runtime_collection\click_success\click_success_20260720_110130_511\crops\bbox.png,D:\Projects\adb_vl\vision_platform\ads\runtime_collection\click_success\click_success_20260720_110130_511\crops\bbox_context_1_5x.png,0.9122043053309122,0.02444886416196823,0.011023687819639841,0.048591376592715584,0.09102828055620193,0.006969585005814831,0.35276055335998535,0.8378008008003235,0.03164784237742424,0.009513786993920803,0.04397495836019516,0.11045502871274948,0.012208506464958191,0.26196926832199097,0.9642284512519836,0.021112382411956787,0.010273367166519165,0.043331459164619446,0.07186596095561981,0.003416952909901738,0.32961606979370117,0.9345836639404297,0.020586367696523666,0.013283909298479557,0.05846771225333214,0.09076385200023651,0.005283295642584562,0.4666963219642639
20260720_110136_157,2026-07-20T11:01:36+0800,ads2_click_success_20260720_110136_157,got_template,got2.png,0.9797644019126892,got,got,0.7115700244903564,0.7115700244903564,True,38.53451388888889,"[414, 134, 139, 47]","[483, 157]",vision_platform\ads\runtime_collection\click_success\click_success_20260720_110136_157,D:\Projects\adb_vl\vision_platform\ads\runtime_collection\click_success\click_success_20260720_110136_157\pre_click.png,D:\Projects\adb_vl\vision_platform\ads\runtime_collection\click_success\click_success_20260720_110136_157\post_click.png,D:\Projects\adb_vl\vision_platform\ads\runtime_collection\click_success\click_success_20260720_110136_157\crops\bbox.png,D:\Projects\adb_vl\vision_platform\ads\runtime_collection\click_success\click_success_20260720_110136_157\crops\bbox_context_1_5x.png,0.1826824595530828,0.0018335241281117003,0.050024879475434623,0.08730131884415944,0.02178684001167615,0.7115700244903564,0.15366381158431372,0.2571730613708496,0.0033438648097217083,0.0566600039601326,0.13570967316627502,0.027064895257353783,0.5666719675064087,0.298889696598053,0.15001130104064941,0.0010822038166224957,0.03333229199051857,0.07378390431404114,0.020546261221170425,0.8600010871887207,0.04811827838420868,0.14086301624774933,0.0010745037579908967,0.060082342475652695,0.05241037905216217,0.01774936355650425,0.7080370187759399,0.11398345977067947
20260720_110145_064,2026-07-20T11:01:45+0800,ads2_click_success_20260720_110145_064,free_ad_template,free_ad_3.png,0.9744038581848145,free,free,0.9620003898938497,0.9620003898938497,True,53.682430555555555,"[738, 352, 38, 24]","[757, 364]",vision_platform\ads\runtime_collection\click_success\click_success_20260720_110145_064,D:\Projects\adb_vl\vision_platform\ads\runtime_collection\click_success\click_success_20260720_110145_064\pre_click.png,D:\Projects\adb_vl\vision_platform\ads\runtime_collection\click_success\click_success_20260720_110145_064\post_click.png,D:\Projects\adb_vl\vision_platform\ads\runtime_collection\click_success\click_success_20260720_110145_064\crops\bbox.png,D:\Projects\adb_vl\vision_platform\ads\runtime_collection\click_success\click_success_20260720_110145_064\crops\bbox_context_1_5x.png,0.005541897068421046,0.004245272527138392,0.010826140331725279,0.027004567285378773,0.9620003898938497,0.0022582401094647744,0.03282615666588148,0.003071889281272888,0.0070244064554572105,0.017457878217101097,0.0361902229487896,0.9670851826667786,0.0042873164638876915,0.02441994473338127,0.009877831675112247,0.0019183214753866196,0.004860615357756615,0.015323454514145851,0.9596375226974487,0.0008327623945660889,0.03580765798687935,0.003675970248878002,0.0037930896505713463,0.010159927420318127,0.029500024393200874,0.9592784643173218,0.0016546414699405432,0.038250867277383804
20260720_110204_665,2026-07-20T11:02:04+0800,ads2_click_success_20260720_110204_665,close_template,close_2.png,0.9748795032501221,x_mark,x_mark,0.9781907598177592,0.9781907598177592,True,37.59444444444444,"[877, 20, 75, 33]","[914, 36]",vision_platform\ads\runtime_collection\click_success\click_success_20260720_110204_665,D:\Projects\adb_vl\vision_platform\ads\runtime_collection\click_success\click_success_20260720_110204_665\pre_click.png,D:\Projects\adb_vl\vision_platform\ads\runtime_collection\click_success\click_success_20260720_110204_665\post_click.png,D:\Projects\adb_vl\vision_platform\ads\runtime_collection\click_success\click_success_20260720_110204_665\crops\bbox.png,D:\Projects\adb_vl\vision_platform\ads\runtime_collection\click_success\click_success_20260720_110204_665\crops\bbox_context_1_5x.png,0.9781907598177592,0.0025855439404646554,0.002501328281747798,0.017780923129369814,0.009205195121467113,0.0005390632140915841,0.235779270529747,0.9706380367279053,0.0034752716310322285,0.002437823684886098,0.00763674033805728,0.013219195418059826,0.0007371798274107277,0.21193234622478485,0.9870137572288513,0.0029072684701532125,0.0015851560747250915,0.014378457330167294,0.0036910586059093475,0.0005832714959979057,0.1846729815006256,0.976920485496521,0.0013740917202085257,0.003481005085632205,0.03132757171988487,0.010705331340432167,0.0002967383188661188,0.31073248386383057
20260720_110210_240,2026-07-20T11:02:10+0800,ads2_click_success_20260720_110210_240,got_template,got2.png,0.9805481433868408,got,got,0.8443254629770914,0.8443254629770914,True,35.65923611111111,"[414, 134, 139, 47]","[483, 157]",vision_platform\ads\runtime_collection\click_success\click_success_20260720_110210_240,D:\Projects\adb_vl\vision_platform\ads\runtime_collection\click_success\click_success_20260720_110210_240\pre_click.png,D:\Projects\adb_vl\vision_platform\ads\runtime_collection\click_success\click_success_20260720_110210_240\post_click.png,D:\Projects\adb_vl\vision_platform\ads\runtime_collection\click_success\click_success_20260720_110210_240\crops\bbox.png,D:\Projects\adb_vl\vision_platform\ads\runtime_collection\click_success\click_success_20260720_110210_240\crops\bbox_context_1_5x.png,0.21172399818897247,0.003164667209299902,0.06174303342898687,0.07180676857630412,0.01821206385890643,0.8443254629770914,0.21048600474993387,0.3279198706150055,0.005482515320181847,0.06489652395248413,0.10069259256124496,0.022571662440896034,0.6974993944168091,0.4098033905029297,0.1512264460325241,0.0017527603777125478,0.041746824979782104,0.06596333533525467,0.015753071755170822,0.9586986899375916,0.07148313522338867,0.15602567791938782,0.002258725930005312,0.07858575135469437,0.04876437783241272,0.016311457380652428,0.8767783045768738,0.15017148852348328
20260720_110538_638,2026-07-20T11:05:38+0800,ads2_click_success_20260720_110538_638,free_ad_template,close_26.png,1.0,free,free,0.9636394580205282,0.9636394580205282,True,2.4683333333333333,"[376, 285, 34, 19]","[385, 290]",vision_platform\ads\runtime_collection\click_success\click_success_20260720_110538_638,D:\Projects\adb_vl\vision_platform\ads\runtime_collection\click_success\click_success_20260720_110538_638\pre_click.png,D:\Projects\adb_vl\vision_platform\ads\runtime_collection\click_success\click_success_20260720_110538_638\post_click.png,D:\Projects\adb_vl\vision_platform\ads\runtime_collection\click_success\click_success_20260720_110538_638\crops\bbox.png,D:\Projects\adb_vl\vision_platform\ads\runtime_collection\click_success\click_success_20260720_110538_638\crops\bbox_context_1_5x.png,0.17534002661705017,0.014056366092214981,0.03855927288532257,0.03939424827694893,0.9636394580205282,0.011120673269033432,0.35140270988146466,0.20492777228355408,0.026459047570824623,0.026456356048583984,0.039516057819128036,0.9395888447761536,0.01116107776761055,0.3617108166217804,0.1796431690454483,0.008451462723314762,0.036523353308439255,0.040553487837314606,0.9824876189231873,0.011482644826173782,0.2943207919597626,0.14144913852214813,0.00725858798250556,0.05269810929894447,0.038113199174404144,0.9688419103622437,0.010718297213315964,0.39817652106285095
20260720_110603_312,2026-07-20T11:06:03+0800,ads2_click_success_20260720_110603_312,free_ad_template,close_26.png,0.9770014882087708,free,free,0.9799830714861552,0.9799830714861552,True,133.20638888888888,"[391, 285, 34, 19]","[408, 294]",vision_platform\ads\runtime_collection\click_success\click_success_20260720_110603_312,D:\Projects\adb_vl\vision_platform\ads\runtime_collection\click_success\click_success_20260720_110603_312\pre_click.png,D:\Projects\adb_vl\vision_platform\ads\runtime_collection\click_success\click_success_20260720_110603_312\post_click.png,D:\Projects\adb_vl\vision_platform\ads\runtime_collection\click_success\click_success_20260720_110603_312\crops\bbox.png,D:\Projects\adb_vl\vision_platform\ads\runtime_collection\click_success\click_success_20260720_110603_312\crops\bbox_context_1_5x.png,0.10593281189600627,0.02814236966272195,0.04280448208252589,0.057404253631830215,0.9799830714861552,0.01004506585498651,0.26719053089618683,0.13897903263568878,0.044438429176807404,0.028696492314338684,0.05381225794553757,0.9646599888801575,0.011578235775232315,0.22691096365451813,0.07865176349878311,0.021817486733198166,0.03835008293390274,0.055099066346883774,0.9911662936210632,0.009437880478799343,0.2723994553089142,0.1001676395535469,0.018171193078160286,0.06136687099933624,0.0633014366030693,0.9841229319572449,0.009119081310927868,0.3022611737251282
20260720_110623_065,2026-07-20T11:06:23+0800,ads2_click_success_20260720_110623_065,close_template,close_2.png,0.9996604919433594,x_mark,x_mark,0.9927091598510742,0.9927091598510742,True,89.93215277777777,"[877, 20, 75, 33]","[914, 36]",vision_platform\ads\runtime_collection\click_success\click_success_20260720_110623_065,D:\Projects\adb_vl\vision_platform\ads\runtime_collection\click_success\click_success_20260720_110623_065\pre_click.png,D:\Projects\adb_vl\vision_platform\ads\runtime_collection\click_success\click_success_20260720_110623_065\post_click.png,D:\Projects\adb_vl\vision_platform\ads\runtime_collection\click_success\click_success_20260720_110623_065\crops\bbox.png,D:\Projects\adb_vl\vision_platform\ads\runtime_collection\click_success\click_success_20260720_110623_065\crops\bbox_context_1_5x.png,0.9927091598510742,0.00010382282683470596,0.0006834305289279049,0.002245205066477259,0.00016204898080710942,8.77337327741164e-05,0.004301006207242608,0.9849987626075745,4.1223756852559745e-05,0.00018742588872555643,0.0018572536064311862,0.00023112844792194664,0.00015680403157602996,0.002810555277392268,0.9955392479896545,0.00022482221538666636,0.0008192436653189361,0.0019433930283412337,0.000169854421983473,8.044139394769445e-05,0.004817763809114695,0.9975894689559937,4.54225082648918e-05,0.001043622032739222,0.002934968564659357,8.516407251590863e-05,2.595577279862482e-05,0.0052746995352208614
20260720_110629_256,2026-07-20T11:06:29+0800,ads2_click_success_20260720_110629_256,got_template,got2.png,0.9543077349662781,got,got,0.9460875789324442,0.9460875789324442,True,83.76076388888889,"[414, 134, 139, 47]","[483, 157]",vision_platform\ads\runtime_collection\click_success\click_success_20260720_110629_256,D:\Projects\adb_vl\vision_platform\ads\runtime_collection\click_success\click_success_20260720_110629_256\pre_click.png,D:\Projects\adb_vl\vision_platform\ads\runtime_collection\click_success\click_success_20260720_110629_256\post_click.png,D:\Projects\adb_vl\vision_platform\ads\runtime_collection\click_success\click_success_20260720_110629_256\crops\bbox.png,D:\Projects\adb_vl\vision_platform\ads\runtime_collection\click_success\click_success_20260720_110629_256\crops\bbox_context_1_5x.png,0.13791824877262115,0.059014798452456795,0.010286396369338036,0.14504658182462057,0.061274937043587364,0.9460875789324442,0.03818532389899095,0.19177481532096863,0.09970153868198395,0.008381682448089123,0.18947544693946838,0.0846920907497406,0.9182909727096558,0.044283293187618256,0.10635724663734436,0.03920934721827507,0.012513871304690838,0.045437902212142944,0.03515945002436638,0.9654797911643982,0.030923837795853615,0.11562268435955048,0.03813350945711136,0.009963635355234146,0.20022639632225037,0.06397327035665512,0.9544919729232788,0.03934884071350098
20260720_110636_072,2026-07-20T11:06:36+0800,ads2_click_success_20260720_110636_072,free_ad_template,close_26.png,0.9770014882087708,free,free,0.9799830714861552,0.9799830714861552,True,133.18479166666665,"[391, 285, 34, 19]","[408, 294]",vision_platform\ads\runtime_collection\click_success\click_success_20260720_110636_072,D:\Projects\adb_vl\vision_platform\ads\runtime_collection\click_success\click_success_20260720_110636_072\pre_click.png,D:\Projects\adb_vl\vision_platform\ads\runtime_collection\click_success\click_success_20260720_110636_072\post_click.png,D:\Projects\adb_vl\vision_platform\ads\runtime_collection\click_success\click_success_20260720_110636_072\crops\bbox.png,D:\Projects\adb_vl\vision_platform\ads\runtime_collection\click_success\click_success_20260720_110636_072\crops\bbox_context_1_5x.png,0.10593281189600627,0.02814236966272195,0.04280448208252589,0.057404253631830215,0.9799830714861552,0.01004506585498651,0.26719053089618683,0.13897903263568878,0.044438429176807404,0.028696492314338684,0.05381225794553757,0.9646599888801575,0.011578235775232315,0.22691096365451813,0.07865176349878311,0.021817486733198166,0.03835008293390274,0.055099066346883774,0.9911662936210632,0.009437880478799343,0.2723994553089142,0.1001676395535469,0.018171193078160286,0.06136687099933624,0.0633014366030693,0.9841229319572449,0.009119081310927868,0.3022611737251282
20260720_110655_702,2026-07-20T11:06:55+0800,ads2_click_success_20260720_110655_702,close_template,close_2.png,0.9976219534873962,x_mark,x_mark,0.9621352156003317,0.9621352156003317,True,98.5670138888889,"[877, 20, 75, 33]","[914, 36]",vision_platform\ads\runtime_collection\click_success\click_success_20260720_110655_702,D:\Projects\adb_vl\vision_platform\ads\runtime_collection\click_success\click_success_20260720_110655_702\pre_click.png,D:\Projects\adb_vl\vision_platform\ads\runtime_collection\click_success\click_success_20260720_110655_702\post_click.png,D:\Projects\adb_vl\vision_platform\ads\runtime_collection\click_success\click_success_20260720_110655_702\crops\bbox.png,D:\Projects\adb_vl\vision_platform\ads\runtime_collection\click_success\click_success_20260720_110655_702\crops\bbox_context_1_5x.png,0.9621352156003317,0.0032195606424162784,0.0503142848610878,0.06145852183302244,0.014151110469053188,0.02212866861373186,0.1879802942276001,0.9567268490791321,0.006395804230123758,0.049395713955163956,0.08158908039331436,0.0226164311170578,0.04313793405890465,0.2061436027288437,0.980377733707428,0.0017625835025683045,0.050855785608291626,0.04081856831908226,0.0034019495360553265,0.007678740657866001,0.1403917521238327,0.9493010640144348,0.0015002941945567727,0.050691355019807816,0.061967916786670685,0.01643495075404644,0.015569331124424934,0.2174055278301239
20260720_110701_890,2026-07-20T11:07:01+0800,ads2_click_success_20260720_110701_890,got_template,got2.png,0.9560911655426025,got,got,0.9509154955546061,0.9509154955546061,True,83.79520833333333,"[414, 134, 139, 47]","[483, 157]",vision_platform\ads\runtime_collection\click_success\click_success_20260720_110701_890,D:\Projects\adb_vl\vision_platform\ads\runtime_collection\click_success\click_success_20260720_110701_890\pre_click.png,D:\Projects\adb_vl\vision_platform\ads\runtime_collection\click_success\click_success_20260720_110701_890\post_click.png,D:\Projects\adb_vl\vision_platform\ads\runtime_collection\click_success\click_success_20260720_110701_890\crops\bbox.png,D:\Projects\adb_vl\vision_platform\ads\runtime_collection\click_success\click_success_20260720_110701_890\crops\bbox_context_1_5x.png,0.13789968937635422,0.0589071549475193,0.026577598725756008,0.15416321406761804,0.14257082343101501,0.9509154955546061,0.14823421835899353,0.18406815826892853,0.0787486881017685,0.017980635166168213,0.1869184374809265,0.13989685475826263,0.9101249575614929,0.13867761194705963,0.11865568906068802,0.06311039626598358,0.03808141499757767,0.11619361490011215,0.1545012891292572,0.9779937267303467,0.13529179990291595,0.1109752207994461,0.03486238047480583,0.023670746013522148,0.1593775898218155,0.1333143264055252,0.9646278023719788,0.170733243227005
20260720_110708_763,2026-07-20T11:07:08+0800,ads2_click_success_20260720_110708_763,free_ad_template,close_26.png,0.9770021438598633,free,free,0.9799830714861552,0.9799830714861552,True,133.22791666666666,"[391, 285, 34, 19]","[408, 294]",vision_platform\ads\runtime_collection\click_success\click_success_20260720_110708_763,D:\Projects\adb_vl\vision_platform\ads\runtime_collection\click_success\click_success_20260720_110708_763\pre_click.png,D:\Projects\adb_vl\vision_platform\ads\runtime_collection\click_success\click_success_20260720_110708_763\post_click.png,D:\Projects\adb_vl\vision_platform\ads\runtime_collection\click_success\click_success_20260720_110708_763\crops\bbox.png,D:\Projects\adb_vl\vision_platform\ads\runtime_collection\click_success\click_success_20260720_110708_763\crops\bbox_context_1_5x.png,0.10593281189600627,0.02814236966272195,0.04280448208252589,0.057404253631830215,0.9799830714861552,0.01004506585498651,0.26719053089618683,0.13897903263568878,0.044438429176807404,0.028696492314338684,0.05381225794553757,0.9646599888801575,0.011578235775232315,0.22691096365451813,0.07865176349878311,0.021817486733198166,0.03835008293390274,0.055099066346883774,0.9911662936210632,0.009437880478799343,0.2723994553089142,0.1001676395535469,0.018171193078160286,0.06136687099933624,0.0633014366030693,0.9841229319572449,0.009119081310927868,0.3022611737251282
20260720_110729_099,2026-07-20T11:07:29+0800,ads2_click_success_20260720_110729_099,close_template,close_2.png,0.9988614320755005,x_mark,x_mark,0.9140934348106384,0.9140934348106384,True,100.19777777777777,"[877, 20, 75, 33]","[914, 36]",vision_platform\ads\runtime_collection\click_success\click_success_20260720_110729_099,D:\Projects\adb_vl\vision_platform\ads\runtime_collection\click_success\click_success_20260720_110729_099\pre_click.png,D:\Projects\adb_vl\vision_platform\ads\runtime_collection\click_success\click_success_20260720_110729_099\post_click.png,D:\Projects\adb_vl\vision_platform\ads\runtime_collection\click_success\click_success_20260720_110729_099\crops\bbox.png,D:\Projects\adb_vl\vision_platform\ads\runtime_collection\click_success\click_success_20260720_110729_099\crops\bbox_context_1_5x.png,0.9140934348106384,0.0010664171907895554,0.009794249044110378,0.04460738133639097,0.0010464792139828205,0.000706323228466014,0.006529793453713258,0.9250421524047852,0.0018385594012215734,0.01079914066940546,0.04017634317278862,0.0009273319155909121,0.0011901978868991137,0.003529774025082588,0.9381320476531982,0.0010196713265031576,0.01176030095666647,0.011662949807941914,0.0006681102677248418,0.0005351461586542428,0.009605128318071365,0.8791061043739319,0.00034102084464393556,0.006823305506259203,0.08198285102844238,0.0015439954586327076,0.0003936256398446858,0.006454478017985821
20260720_110735_169,2026-07-20T11:07:35+0800,ads2_click_success_20260720_110735_169,got_template,got2.png,0.959166407585144,got,got,0.9531497955322266,0.9531497955322266,True,84.01263888888889,"[414, 134, 139, 47]","[483, 157]",vision_platform\ads\runtime_collection\click_success\click_success_20260720_110735_169,D:\Projects\adb_vl\vision_platform\ads\runtime_collection\click_success\click_success_20260720_110735_169\pre_click.png,D:\Projects\adb_vl\vision_platform\ads\runtime_collection\click_success\click_success_20260720_110735_169\post_click.png,D:\Projects\adb_vl\vision_platform\ads\runtime_collection\click_success\click_success_20260720_110735_169\crops\bbox.png,D:\Projects\adb_vl\vision_platform\ads\runtime_collection\click_success\click_success_20260720_110735_169\crops\bbox_context_1_5x.png,0.17267104983329773,0.1029004876812299,0.06228470181425413,0.22874455153942108,0.2442518025636673,0.9531497955322266,0.2160541315873464,0.22626303136348724,0.1205143928527832,0.04115348309278488,0.250974178314209,0.25551074743270874,0.913439154624939,0.22166100144386292,0.15905269980430603,0.1093190535902977,0.08743918687105179,0.19264177978038788,0.27484673261642456,0.9810941219329834,0.16391941905021667,0.13269741833209991,0.07886801660060883,0.058261435478925705,0.24261769652366638,0.2023979276418686,0.9649161100387573,0.2625819742679596
20260720_115516_280,2026-07-20T11:55:16+0800,ads2_click_success_20260720_115516_280,free_ad_template,close_26.png,0.7624273300170898,free,free,0.9377286632855734,0.9377286632855734,True,165.9088888888889,"[878, 354, 34, 19]","[895, 363]",vision_platform\ads\runtime_collection\click_success\click_success_20260720_115516_280,D:\Projects\adb_vl\vision_platform\ads\runtime_collection\click_success\click_success_20260720_115516_280\pre_click.png,D:\Projects\adb_vl\vision_platform\ads\runtime_collection\click_success\click_success_20260720_115516_280\post_click.png,D:\Projects\adb_vl\vision_platform\ads\runtime_collection\click_success\click_success_20260720_115516_280\crops\bbox.png,D:\Projects\adb_vl\vision_platform\ads\runtime_collection\click_success\click_success_20260720_115516_280\crops\bbox_context_1_5x.png,0.006638287256161372,0.007519995017598073,0.007348500036944945,0.0313737957427899,0.9377286632855734,0.004078823529804747,0.061885856091976166,0.003020044881850481,0.009787170216441154,0.0055013373494148254,0.043343402445316315,0.9134331345558167,0.005395951215177774,0.054236046969890594,0.010002940893173218,0.006512717809528112,0.007165196817368269,0.024095885455608368,0.9718698263168335,0.004032544791698456,0.04980204999446869,0.006891875993460417,0.006260097026824951,0.009378965944051743,0.02668209932744503,0.9278830289840698,0.0028079745825380087,0.08161947131156921
20260720_115554_156,2026-07-20T11:55:54+0800,ads2_click_success_20260720_115554_156,close_template,close_24.png,0.9865570664405823,x_mark,x_mark,0.9017669359842936,0.9017669359842936,True,51.672291666666666,"[911, 25, 40, 33]","[931, 41]",vision_platform\ads\runtime_collection\click_success\click_success_20260720_115554_156,D:\Projects\adb_vl\vision_platform\ads\runtime_collection\click_success\click_success_20260720_115554_156\pre_click.png,D:\Projects\adb_vl\vision_platform\ads\runtime_collection\click_success\click_success_20260720_115554_156\post_click.png,D:\Projects\adb_vl\vision_platform\ads\runtime_collection\click_success\click_success_20260720_115554_156\crops\bbox.png,D:\Projects\adb_vl\vision_platform\ads\runtime_collection\click_success\click_success_20260720_115554_156\crops\bbox_context_1_5x.png,0.9017669359842936,0.015869919831554096,0.07489877939224243,0.10341881463925044,0.14814844727516174,0.03839924310644468,0.8431240916252136,0.87531578540802,0.018524019047617912,0.0843752920627594,0.08652564883232117,0.16149115562438965,0.052440181374549866,0.8765079379081726,0.9465774297714233,0.013302171602845192,0.06989256292581558,0.11386589705944061,0.1504518687725067,0.0286288820207119,0.8141720294952393,0.8834075927734375,0.01578356884419918,0.07042848318815231,0.10986489802598953,0.13250231742858887,0.034128665924072266,0.838692307472229
20260720_115600_243,2026-07-20T11:56:00+0800,ads2_click_success_20260720_115600_243,got_template,got2.png,0.9788615703582764,got,got,0.8152800798416138,0.8152800798416138,True,43.64347222222222,"[414, 134, 139, 47]","[483, 157]",vision_platform\ads\runtime_collection\click_success\click_success_20260720_115600_243,D:\Projects\adb_vl\vision_platform\ads\runtime_collection\click_success\click_success_20260720_115600_243\pre_click.png,D:\Projects\adb_vl\vision_platform\ads\runtime_collection\click_success\click_success_20260720_115600_243\post_click.png,D:\Projects\adb_vl\vision_platform\ads\runtime_collection\click_success\click_success_20260720_115600_243\crops\bbox.png,D:\Projects\adb_vl\vision_platform\ads\runtime_collection\click_success\click_success_20260720_115600_243\crops\bbox_context_1_5x.png,0.07430555609365304,0.0036670275731012225,0.012757426438232264,0.11241965492566426,0.028578785092880327,0.8152800798416138,0.12720895186066628,0.14442935585975647,0.006973480340093374,0.01802145317196846,0.13297510147094727,0.0527227446436882,0.7711548805236816,0.20925146341323853,0.0267519261687994,0.001637175097130239,0.0050217388197779655,0.10634314268827438,0.007781746331602335,0.9206538796424866,0.06114443764090538,0.05173538625240326,0.0023904272820800543,0.015229087322950363,0.09794072061777115,0.02523186430335045,0.7540314793586731,0.11123095452785492
20260720_115608_969,2026-07-20T11:56:09+0800,ads2_click_success_20260720_115608_969,free_ad_template,close_26.png,0.7624269127845764,free,free,0.9377286632855734,0.9377286632855734,True,90.23576388888888,"[878, 354, 34, 19]","[895, 363]",vision_platform\ads\runtime_collection\click_success\click_success_20260720_115608_969,D:\Projects\adb_vl\vision_platform\ads\runtime_collection\click_success\click_success_20260720_115608_969\pre_click.png,D:\Projects\adb_vl\vision_platform\ads\runtime_collection\click_success\click_success_20260720_115608_969\post_click.png,D:\Projects\adb_vl\vision_platform\ads\runtime_collection\click_success\click_success_20260720_115608_969\crops\bbox.png,D:\Projects\adb_vl\vision_platform\ads\runtime_collection\click_success\click_success_20260720_115608_969\crops\bbox_context_1_5x.png,0.006638287256161372,0.007519995017598073,0.007348500036944945,0.0313737957427899,0.9377286632855734,0.004078823529804747,0.061885856091976166,0.003020044881850481,0.009787170216441154,0.0055013373494148254,0.043343402445316315,0.9134331345558167,0.005395951215177774,0.054236046969890594,0.010002940893173218,0.006512717809528112,0.007165196817368269,0.024095885455608368,0.9718698263168335,0.004032544791698456,0.04980204999446869,0.006891875993460417,0.006260097026824951,0.009378965944051743,0.02668209932744503,0.9278830289840698,0.0028079745825380087,0.08161947131156921
20260720_115647_272,2026-07-20T11:56:47+0800,ads2_click_success_20260720_115647_272,close_template,close_24.png,0.986556887626648,x_mark,x_mark,0.9017669359842936,0.9017669359842936,True,68.208125,"[911, 25, 40, 33]","[931, 41]",vision_platform\ads\runtime_collection\click_success\click_success_20260720_115647_272,D:\Projects\adb_vl\vision_platform\ads\runtime_collection\click_success\click_success_20260720_115647_272\pre_click.png,D:\Projects\adb_vl\vision_platform\ads\runtime_collection\click_success\click_success_20260720_115647_272\post_click.png,D:\Projects\adb_vl\vision_platform\ads\runtime_collection\click_success\click_success_20260720_115647_272\crops\bbox.png,D:\Projects\adb_vl\vision_platform\ads\runtime_collection\click_success\click_success_20260720_115647_272\crops\bbox_context_1_5x.png,0.9017669359842936,0.015869919831554096,0.07489877939224243,0.10341881463925044,0.14814844727516174,0.03839924310644468,0.8431240916252136,0.87531578540802,0.018524019047617912,0.0843752920627594,0.08652564883232117,0.16149115562438965,0.052440181374549866,0.8765079379081726,0.9465774297714233,0.013302171602845192,0.06989256292581558,0.11386589705944061,0.1504518687725067,0.0286288820207119,0.8141720294952393,0.8834075927734375,0.01578356884419918,0.07042848318815231,0.10986489802598953,0.13250231742858887,0.034128665924072266,0.838692307472229
20260720_115653_777,2026-07-20T11:56:53+0800,ads2_click_success_20260720_115653_777,got_template,got2.png,0.9828516244888306,got,got,0.9142996470133463,0.9142996470133463,True,41.17527777777778,"[414, 134, 139, 47]","[483, 157]",vision_platform\ads\runtime_collection\click_success\click_success_20260720_115653_777,D:\Projects\adb_vl\vision_platform\ads\runtime_collection\click_success\click_success_20260720_115653_777\pre_click.png,D:\Projects\adb_vl\vision_platform\ads\runtime_collection\click_success\click_success_20260720_115653_777\post_click.png,D:\Projects\adb_vl\vision_platform\ads\runtime_collection\click_success\click_success_20260720_115653_777\crops\bbox.png,D:\Projects\adb_vl\vision_platform\ads\runtime_collection\click_success\click_success_20260720_115653_777\crops\bbox_context_1_5x.png,0.08346535141269366,0.0047208719576398534,0.026764844233791035,0.13017268727223077,0.036329103944202266,0.9142996470133463,0.1498705099026362,0.13283970952033997,0.007690696511417627,0.0358184352517128,0.11429837346076965,0.05636092275381088,0.8380676507949829,0.2445519119501114,0.04965043440461159,0.003226393833756447,0.010913213714957237,0.17182311415672302,0.015367946587502956,0.9821001291275024,0.052187204360961914,0.06790591031312943,0.0032455255277454853,0.033562883734703064,0.10439657419919968,0.037258442491292953,0.9227311611175537,0.15287241339683533
20260720_115702_091,2026-07-20T11:57:02+0800,ads2_click_success_20260720_115702_091,free_ad_template,close_26.png,0.7616873979568481,free,free,0.9540148576100668,0.9540148576100668,True,49.3075,"[462, 354, 34, 19]","[479, 363]",vision_platform\ads\runtime_collection\click_success\click_success_20260720_115702_091,D:\Projects\adb_vl\vision_platform\ads\runtime_collection\click_success\click_success_20260720_115702_091\pre_click.png,D:\Projects\adb_vl\vision_platform\ads\runtime_collection\click_success\click_success_20260720_115702_091\post_click.png,D:\Projects\adb_vl\vision_platform\ads\runtime_collection\click_success\click_success_20260720_115702_091\crops\bbox.png,D:\Projects\adb_vl\vision_platform\ads\runtime_collection\click_success\click_success_20260720_115702_091\crops\bbox_context_1_5x.png,0.0023950635998820267,0.004523711899916331,0.004337587393820286,0.02630342481036981,0.9540148576100668,0.002563212920601169,0.032429576540986695,0.001006248057819903,0.007025693543255329,0.004397312644869089,0.03264095261693001,0.94026118516922,0.004077003337442875,0.02604137547314167,0.0039024557918310165,0.0031806868501007557,0.004078064579516649,0.024741332978010178,0.9733293652534485,0.0022198702208697796,0.023720785975456238,0.00227648694999516,0.003364755306392908,0.004537384957075119,0.021527988836169243,0.9484540224075317,0.0013927652034908533,0.04752656817436218
20260720_115722_340,2026-07-20T11:57:22+0800,ads2_click_success_20260720_115722_340,close_template,close_11.png,0.9810268878936768,x_mark,arrow,0.9522456526756287,0.40262166659037274,True,57.82833333333333,"[30, 29, 74, 23]","[67, 40]",vision_platform\ads\runtime_collection\click_success\click_success_20260720_115722_340,D:\Projects\adb_vl\vision_platform\ads\runtime_collection\click_success\click_success_20260720_115722_340\pre_click.png,D:\Projects\adb_vl\vision_platform\ads\runtime_collection\click_success\click_success_20260720_115722_340\post_click.png,D:\Projects\adb_vl\vision_platform\ads\runtime_collection\click_success\click_success_20260720_115722_340\crops\bbox.png,D:\Projects\adb_vl\vision_platform\ads\runtime_collection\click_success\click_success_20260720_115722_340\crops\bbox_context_1_5x.png,0.40262166659037274,0.006656427634879947,0.02391829527914524,0.08915623898307483,0.07451802616318066,0.027779571401576202,0.9522456526756287,0.5663572549819946,0.013388974592089653,0.02586263231933117,0.11593984812498093,0.14345139265060425,0.06249517202377319,0.9262572526931763,0.29713988304138184,0.0034279534593224525,0.019751692190766335,0.05017777159810066,0.025514665991067886,0.010079517960548401,0.9750049114227295,0.3443678617477417,0.0031523548532277346,0.02614056132733822,0.10135109722614288,0.05458801984786987,0.010764024220407009,0.9554747939109802
20260720_115743_457,2026-07-20T11:57:43+0800,ads2_click_success_20260720_115743_457,close_template,close_15.png,0.9997739791870117,x_mark,arrow,0.6954102714856466,0.046804336830973625,True,90.14381944444445,"[21, 24, 87, 33]","[64, 40]",vision_platform\ads\runtime_collection\click_success\click_success_20260720_115743_457,D:\Projects\adb_vl\vision_platform\ads\runtime_collection\click_success\click_success_20260720_115743_457\pre_click.png,D:\Projects\adb_vl\vision_platform\ads\runtime_collection\click_success\click_success_20260720_115743_457\post_click.png,D:\Projects\adb_vl\vision_platform\ads\runtime_collection\click_success\click_success_20260720_115743_457\crops\bbox.png,D:\Projects\adb_vl\vision_platform\ads\runtime_collection\click_success\click_success_20260720_115743_457\crops\bbox_context_1_5x.png,0.046804336830973625,0.005998902566110094,0.013513468205928802,0.16741998493671417,0.016373054434855778,0.3495110074679057,0.6954102714856466,0.07449492812156677,0.006101878359913826,0.015978731215000153,0.19174931943416595,0.009636323899030685,0.3642655611038208,0.4829806089401245,0.015975357964634895,0.008299114182591438,0.01148278545588255,0.06498552858829498,0.009545039385557175,0.26314347982406616,0.8429127931594849,0.04994272440671921,0.003595715155825019,0.013078887946903706,0.24552510678768158,0.029937800019979477,0.4211239814758301,0.7603374123573303
20260720_115749_527,2026-07-20T11:57:49+0800,ads2_click_success_20260720_115749_527,got_template,got2.png,0.9820224642753601,got,got,0.8216164906819662,0.8216164906819662,True,40.43798611111111,"[414, 134, 139, 47]","[483, 157]",vision_platform\ads\runtime_collection\click_success\click_success_20260720_115749_527,D:\Projects\adb_vl\vision_platform\ads\runtime_collection\click_success\click_success_20260720_115749_527\pre_click.png,D:\Projects\adb_vl\vision_platform\ads\runtime_collection\click_success\click_success_20260720_115749_527\post_click.png,D:\Projects\adb_vl\vision_platform\ads\runtime_collection\click_success\click_success_20260720_115749_527\crops\bbox.png,D:\Projects\adb_vl\vision_platform\ads\runtime_collection\click_success\click_success_20260720_115749_527\crops\bbox_context_1_5x.png,0.1586130807797114,0.003099847352132201,0.06049743667244911,0.0801965780556202,0.022211361676454544,0.8216164906819662,0.2607048476735751,0.26859840750694275,0.006235875654965639,0.07943563163280487,0.10986700654029846,0.028949912637472153,0.6729112267494202,0.5039284825325012,0.10380221903324127,0.0012492018286138773,0.037005532532930374,0.07799641042947769,0.01823430135846138,0.9438708424568176,0.09386435896158218,0.1034386157989502,0.0018144645728170872,0.06505114585161209,0.05272631719708443,0.0194498710334301,0.8480674028396606,0.18432170152664185
20260720_115759_819,2026-07-20T11:57:59+0800,ads2_click_success_20260720_115759_819,free_ad_template,free_ad_3.png,0.9999861717224121,free,free,0.9473151763280233,0.9473151763280233,True,68.61666666666666,"[599, 352, 38, 24]","[618, 364]",vision_platform\ads\runtime_collection\click_success\click_success_20260720_115759_819,D:\Projects\adb_vl\vision_platform\ads\runtime_collection\click_success\click_success_20260720_115759_819\pre_click.png,D:\Projects\adb_vl\vision_platform\ads\runtime_collection\click_success\click_success_20260720_115759_819\post_click.png,D:\Projects\adb_vl\vision_platform\ads\runtime_collection\click_success\click_success_20260720_115759_819\crops\bbox.png,D:\Projects\adb_vl\vision_platform\ads\runtime_collection\click_success\click_success_20260720_115759_819\crops\bbox_context_1_5x.png,0.007227244166036447,0.004148293597002824,0.01685731066390872,0.04328018923600515,0.9473151763280233,0.003411766180458168,0.03701774155100187,0.0038612172938883305,0.006677648518234491,0.025911344215273857,0.04995560273528099,0.9479643702507019,0.006208775565028191,0.02870001271367073,0.011936817318201065,0.002154968911781907,0.007029276806861162,0.028335299342870712,0.9443041682243347,0.0011218158761039376,0.041425835341215134,0.005883697886019945,0.003612263360992074,0.01763131096959114,0.05154966562986374,0.9496769905090332,0.0029047071002423763,0.040927376598119736
20260720_115822_164,2026-07-20T11:58:22+0800,ads2_click_success_20260720_115822_164,close_template,close_24.png,0.9865567088127136,x_mark,x_mark,0.9017669359842936,0.9017669359842936,True,89.785625,"[911, 25, 40, 33]","[931, 41]",vision_platform\ads\runtime_collection\click_success\click_success_20260720_115822_164,D:\Projects\adb_vl\vision_platform\ads\runtime_collection\click_success\click_success_20260720_115822_164\pre_click.png,D:\Projects\adb_vl\vision_platform\ads\runtime_collection\click_success\click_success_20260720_115822_164\post_click.png,D:\Projects\adb_vl\vision_platform\ads\runtime_collection\click_success\click_success_20260720_115822_164\crops\bbox.png,D:\Projects\adb_vl\vision_platform\ads\runtime_collection\click_success\click_success_20260720_115822_164\crops\bbox_context_1_5x.png,0.9017669359842936,0.015869919831554096,0.07489877939224243,0.10341881463925044,0.14814844727516174,0.03839924310644468,0.8431240916252136,0.87531578540802,0.018524019047617912,0.0843752920627594,0.08652564883232117,0.16149115562438965,0.052440181374549866,0.8765079379081726,0.9465774297714233,0.013302171602845192,0.06989256292581558,0.11386589705944061,0.1504518687725067,0.0286288820207119,0.8141720294952393,0.8834075927734375,0.01578356884419918,0.07042848318815231,0.10986489802598953,0.13250231742858887,0.034128665924072266,0.838692307472229
20260720_115828_348,2026-07-20T11:58:28+0800,ads2_click_success_20260720_115828_348,got_template,got2.png,0.9814737439155579,got,got,0.9201873540878296,0.9201873540878296,True,37.40493055555555,"[414, 134, 139, 47]","[483, 157]",vision_platform\ads\runtime_collection\click_success\click_success_20260720_115828_348,D:\Projects\adb_vl\vision_platform\ads\runtime_collection\click_success\click_success_20260720_115828_348\pre_click.png,D:\Projects\adb_vl\vision_platform\ads\runtime_collection\click_success\click_success_20260720_115828_348\post_click.png,D:\Projects\adb_vl\vision_platform\ads\runtime_collection\click_success\click_success_20260720_115828_348\crops\bbox.png,D:\Projects\adb_vl\vision_platform\ads\runtime_collection\click_success\click_success_20260720_115828_348\crops\bbox_context_1_5x.png,0.15921486914157867,0.0013660697344069679,0.02975571248680353,0.05151327699422836,0.013904211421807608,0.9201873540878296,0.11466225485006969,0.294306218624115,0.002535288454964757,0.029018810018897057,0.0719693973660469,0.019022732973098755,0.8159462809562683,0.248456209897995,0.06782449036836624,0.0005821058293804526,0.014735777862370014,0.05121595412492752,0.009740559384226799,0.9860858917236328,0.02978166937828064,0.11551389843225479,0.0009808149188756943,0.045512549579143524,0.03135447949171066,0.012949341908097267,0.9585298895835876,0.06574888527393341
20260720_115838_654,2026-07-20T11:58:38+0800,ads2_click_success_20260720_115838_654,free_ad_template,free_ad_3.png,0.9744047522544861,free,free,0.9620003898938497,0.9620003898938497,True,70.54027777777777,"[738, 352, 38, 24]","[757, 364]",vision_platform\ads\runtime_collection\click_success\click_success_20260720_115838_654,D:\Projects\adb_vl\vision_platform\ads\runtime_collection\click_success\click_success_20260720_115838_654\pre_click.png,D:\Projects\adb_vl\vision_platform\ads\runtime_collection\click_success\click_success_20260720_115838_654\post_click.png,D:\Projects\adb_vl\vision_platform\ads\runtime_collection\click_success\click_success_20260720_115838_654\crops\bbox.png,D:\Projects\adb_vl\vision_platform\ads\runtime_collection\click_success\click_success_20260720_115838_654\crops\bbox_context_1_5x.png,0.005541897068421046,0.004245272527138392,0.010826140331725279,0.027004567285378773,0.9620003898938497,0.0022582401094647744,0.03282615666588148,0.003071889281272888,0.0070244064554572105,0.017457878217101097,0.0361902229487896,0.9670851826667786,0.0042873164638876915,0.02441994473338127,0.009877831675112247,0.0019183214753866196,0.004860615357756615,0.015323454514145851,0.9596375226974487,0.0008327623945660889,0.03580765798687935,0.003675970248878002,0.0037930896505713463,0.010159927420318127,0.029500024393200874,0.9592784643173218,0.0016546414699405432,0.038250867277383804
20260720_115859_704,2026-07-20T11:58:59+0800,ads2_click_success_20260720_115859_704,close_template,close_24.png,0.9865567088127136,x_mark,x_mark,0.9017669359842936,0.9017669359842936,True,101.88125,"[911, 25, 40, 33]","[931, 41]",vision_platform\ads\runtime_collection\click_success\click_success_20260720_115859_704,D:\Projects\adb_vl\vision_platform\ads\runtime_collection\click_success\click_success_20260720_115859_704\pre_click.png,D:\Projects\adb_vl\vision_platform\ads\runtime_collection\click_success\click_success_20260720_115859_704\post_click.png,D:\Projects\adb_vl\vision_platform\ads\runtime_collection\click_success\click_success_20260720_115859_704\crops\bbox.png,D:\Projects\adb_vl\vision_platform\ads\runtime_collection\click_success\click_success_20260720_115859_704\crops\bbox_context_1_5x.png,0.9017669359842936,0.015869919831554096,0.07489877939224243,0.10341881463925044,0.14814844727516174,0.03839924310644468,0.8431240916252136,0.87531578540802,0.018524019047617912,0.0843752920627594,0.08652564883232117,0.16149115562438965,0.052440181374549866,0.8765079379081726,0.9465774297714233,0.013302171602845192,0.06989256292581558,0.11386589705944061,0.1504518687725067,0.0286288820207119,0.8141720294952393,0.8834075927734375,0.01578356884419918,0.07042848318815231,0.10986489802598953,0.13250231742858887,0.034128665924072266,0.838692307472229
20260720_115905_540,2026-07-20T11:59:05+0800,ads2_click_success_20260720_115905_540,got_template,got2.png,0.980085015296936,got,got,0.9784406224886576,0.9784406224886576,True,37.46576388888889,"[414, 134, 139, 47]","[483, 157]",vision_platform\ads\runtime_collection\click_success\click_success_20260720_115905_540,D:\Projects\adb_vl\vision_platform\ads\runtime_collection\click_success\click_success_20260720_115905_540\pre_click.png,D:\Projects\adb_vl\vision_platform\ads\runtime_collection\click_success\click_success_20260720_115905_540\post_click.png,D:\Projects\adb_vl\vision_platform\ads\runtime_collection\click_success\click_success_20260720_115905_540\crops\bbox.png,D:\Projects\adb_vl\vision_platform\ads\runtime_collection\click_success\click_success_20260720_115905_540\crops\bbox_context_1_5x.png,0.08418315276503563,0.005853656291340788,0.03950815709928671,0.09488776822884877,0.02812408407529195,0.9784406224886576,0.08170017103354137,0.15911708772182465,0.009560659527778625,0.03066726215183735,0.0898711308836937,0.032568443566560745,0.9493463039398193,0.14701513946056366,0.045371949672698975,0.003687216667458415,0.04239300638437271,0.11577628552913666,0.026256531476974487,0.9954625964164734,0.046337686479091644,0.04806042090058327,0.004313092678785324,0.045464202761650085,0.07901588827371597,0.025547277182340622,0.9905129671096802,0.05174768716096878
20260720_115915_965,2026-07-20T11:59:16+0800,ads2_click_success_20260720_115915_965,free_ad_template,free_ad_3.png,0.9744047522544861,free,free,0.9620003898938497,0.9620003898938497,True,72.48819444444445,"[738, 352, 38, 24]","[757, 364]",vision_platform\ads\runtime_collection\click_success\click_success_20260720_115915_965,D:\Projects\adb_vl\vision_platform\ads\runtime_collection\click_success\click_success_20260720_115915_965\pre_click.png,D:\Projects\adb_vl\vision_platform\ads\runtime_collection\click_success\click_success_20260720_115915_965\post_click.png,D:\Projects\adb_vl\vision_platform\ads\runtime_collection\click_success\click_success_20260720_115915_965\crops\bbox.png,D:\Projects\adb_vl\vision_platform\ads\runtime_collection\click_success\click_success_20260720_115915_965\crops\bbox_context_1_5x.png,0.005541897068421046,0.004245272527138392,0.010826140331725279,0.027004567285378773,0.9620003898938497,0.0022582401094647744,0.03282615666588148,0.003071889281272888,0.0070244064554572105,0.017457878217101097,0.0361902229487896,0.9670851826667786,0.0042873164638876915,0.02441994473338127,0.009877831675112247,0.0019183214753866196,0.004860615357756615,0.015323454514145851,0.9596375226974487,0.0008327623945660889,0.03580765798687935,0.003675970248878002,0.0037930896505713463,0.010159927420318127,0.029500024393200874,0.9592784643173218,0.0016546414699405432,0.038250867277383804
20260720_115936_896,2026-07-20T11:59:36+0800,ads2_click_success_20260720_115936_896,close_template,close_24.png,0.9865567088127136,x_mark,x_mark,0.9017669359842936,0.9017669359842936,True,101.8951388888889,"[911, 25, 40, 33]","[931, 41]",vision_platform\ads\runtime_collection\click_success\click_success_20260720_115936_896,D:\Projects\adb_vl\vision_platform\ads\runtime_collection\click_success\click_success_20260720_115936_896\pre_click.png,D:\Projects\adb_vl\vision_platform\ads\runtime_collection\click_success\click_success_20260720_115936_896\post_click.png,D:\Projects\adb_vl\vision_platform\ads\runtime_collection\click_success\click_success_20260720_115936_896\crops\bbox.png,D:\Projects\adb_vl\vision_platform\ads\runtime_collection\click_success\click_success_20260720_115936_896\crops\bbox_context_1_5x.png,0.9017669359842936,0.015869919831554096,0.07489877939224243,0.10341881463925044,0.14814844727516174,0.03839924310644468,0.8431240916252136,0.87531578540802,0.018524019047617912,0.0843752920627594,0.08652564883232117,0.16149115562438965,0.052440181374549866,0.8765079379081726,0.9465774297714233,0.013302171602845192,0.06989256292581558,0.11386589705944061,0.1504518687725067,0.0286288820207119,0.8141720294952393,0.8834075927734375,0.01578356884419918,0.07042848318815231,0.10986489802598953,0.13250231742858887,0.034128665924072266,0.838692307472229
20260720_115942_680,2026-07-20T11:59:42+0800,ads2_click_success_20260720_115942_680,got_template,got2.png,0.978656530380249,got,got,0.862192690372467,0.862192690372467,True,34.27055555555555,"[414, 134, 139, 47]","[483, 157]",vision_platform\ads\runtime_collection\click_success\click_success_20260720_115942_680,D:\Projects\adb_vl\vision_platform\ads\runtime_collection\click_success\click_success_20260720_115942_680\pre_click.png,D:\Projects\adb_vl\vision_platform\ads\runtime_collection\click_success\click_success_20260720_115942_680\post_click.png,D:\Projects\adb_vl\vision_platform\ads\runtime_collection\click_success\click_success_20260720_115942_680\crops\bbox.png,D:\Projects\adb_vl\vision_platform\ads\runtime_collection\click_success\click_success_20260720_115942_680\crops\bbox_context_1_5x.png,0.17429289718468985,0.002676624028633038,0.054360161225001015,0.05608380710085233,0.016343990340828896,0.862192690372467,0.1599389836192131,0.3007066249847412,0.004629761911928654,0.05080736055970192,0.07389332354068756,0.01992642693221569,0.7215589880943298,0.32381898164749146,0.09809045493602753,0.0014813521411269903,0.03229769691824913,0.051967501640319824,0.012136578559875488,0.9659838080406189,0.04831746965646744,0.12408161163330078,0.0019187580328434706,0.079975426197052,0.042390596121549606,0.016968965530395508,0.8990352749824524,0.10768049955368042
20260720_120333_159,2026-07-20T12:03:33+0800,ads2_click_success_20260720_120333_159,free_ad_template,close_26.png,1.0,free,free,0.9473092754681905,0.9473092754681905,True,133.37326388888889,"[376, 285, 34, 19]","[401, 298]",vision_platform\ads\runtime_collection\click_success\click_success_20260720_120333_159,D:\Projects\adb_vl\vision_platform\ads\runtime_collection\click_success\click_success_20260720_120333_159\pre_click.png,D:\Projects\adb_vl\vision_platform\ads\runtime_collection\click_success\click_success_20260720_120333_159\post_click.png,D:\Projects\adb_vl\vision_platform\ads\runtime_collection\click_success\click_success_20260720_120333_159\crops\bbox.png,D:\Projects\adb_vl\vision_platform\ads\runtime_collection\click_success\click_success_20260720_120333_159\crops\bbox_context_1_5x.png,0.13167001431186995,0.05940337975819906,0.08866517121593158,0.04094156871239344,0.9473092754681905,0.012393401004374027,0.2691304236650467,0.22557689249515533,0.08221551030874252,0.10029426217079163,0.05230339616537094,0.9019172787666321,0.018379226326942444,0.3218497633934021,0.055625107139348984,0.053617704659700394,0.04789857193827629,0.02671750634908676,0.965369701385498,0.009014259092509747,0.31617212295532227,0.1138080433011055,0.04237692430615425,0.1178026795387268,0.043803803622722626,0.9746408462524414,0.009786717593669891,0.1693693846464157
20260720_120356_049,2026-07-20T12:03:56+0800,ads2_click_success_20260720_120356_049,close_template,close_24.png,0.9865567088127136,x_mark,x_mark,0.9017669359842936,0.9017669359842936,True,94.24333333333334,"[911, 25, 40, 33]","[931, 41]",vision_platform\ads\runtime_collection\click_success\click_success_20260720_120356_049,D:\Projects\adb_vl\vision_platform\ads\runtime_collection\click_success\click_success_20260720_120356_049\pre_click.png,D:\Projects\adb_vl\vision_platform\ads\runtime_collection\click_success\click_success_20260720_120356_049\post_click.png,D:\Projects\adb_vl\vision_platform\ads\runtime_collection\click_success\click_success_20260720_120356_049\crops\bbox.png,D:\Projects\adb_vl\vision_platform\ads\runtime_collection\click_success\click_success_20260720_120356_049\crops\bbox_context_1_5x.png,0.9017669359842936,0.015869919831554096,0.07489877939224243,0.10341881463925044,0.14814844727516174,0.03839924310644468,0.8431240916252136,0.87531578540802,0.018524019047617912,0.0843752920627594,0.08652564883232117,0.16149115562438965,0.052440181374549866,0.8765079379081726,0.9465774297714233,0.013302171602845192,0.06989256292581558,0.11386589705944061,0.1504518687725067,0.0286288820207119,0.8141720294952393,0.8834075927734375,0.01578356884419918,0.07042848318815231,0.10986489802598953,0.13250231742858887,0.034128665924072266,0.838692307472229
20260720_120403_106,2026-07-20T12:04:03+0800,ads2_click_success_20260720_120403_106,got_template,got2.png,0.9536904692649841,got,got,0.8791092236836752,0.8791092236836752,True,83.63895833333333,"[414, 134, 139, 47]","[483, 157]",vision_platform\ads\runtime_collection\click_success\click_success_20260720_120403_106,D:\Projects\adb_vl\vision_platform\ads\runtime_collection\click_success\click_success_20260720_120403_106\pre_click.png,D:\Projects\adb_vl\vision_platform\ads\runtime_collection\click_success\click_success_20260720_120403_106\post_click.png,D:\Projects\adb_vl\vision_platform\ads\runtime_collection\click_success\click_success_20260720_120403_106\crops\bbox.png,D:\Projects\adb_vl\vision_platform\ads\runtime_collection\click_success\click_success_20260720_120403_106\crops\bbox_context_1_5x.png,0.10532386600971222,0.07347753643989563,0.032346801832318306,0.18117069701353708,0.21383235851923624,0.8791092236836752,0.2024140109618505,0.15923470258712769,0.09437574446201324,0.02483031339943409,0.23647131025791168,0.25872287154197693,0.7857347726821899,0.23226651549339294,0.09387364983558655,0.08722101151943207,0.04053836315870285,0.14783169329166412,0.23280201852321625,0.9388548731803894,0.21134552359580994,0.06286324560642242,0.03883585333824158,0.03167172893881798,0.15920908749103546,0.14997218549251556,0.912738025188446,0.16362999379634857
20260720_120411_604,2026-07-20T12:04:11+0800,ads2_click_success_20260720_120411_604,free_ad_template,close_26.png,0.9770014882087708,free,free,0.9799830714861552,0.9799830714861552,True,86.05972222222222,"[391, 285, 34, 19]","[408, 294]",vision_platform\ads\runtime_collection\click_success\click_success_20260720_120411_604,D:\Projects\adb_vl\vision_platform\ads\runtime_collection\click_success\click_success_20260720_120411_604\pre_click.png,D:\Projects\adb_vl\vision_platform\ads\runtime_collection\click_success\click_success_20260720_120411_604\post_click.png,D:\Projects\adb_vl\vision_platform\ads\runtime_collection\click_success\click_success_20260720_120411_604\crops\bbox.png,D:\Projects\adb_vl\vision_platform\ads\runtime_collection\click_success\click_success_20260720_120411_604\crops\bbox_context_1_5x.png,0.10593281189600627,0.02814236966272195,0.04280448208252589,0.057404253631830215,0.9799830714861552,0.01004506585498651,0.26719053089618683,0.13897903263568878,0.044438429176807404,0.028696492314338684,0.05381225794553757,0.9646599888801575,0.011578235775232315,0.22691096365451813,0.07865176349878311,0.021817486733198166,0.03835008293390274,0.055099066346883774,0.9911662936210632,0.009437880478799343,0.2723994553089142,0.1001676395535469,0.018171193078160286,0.06136687099933624,0.0633014366030693,0.9841229319572449,0.009119081310927868,0.3022611737251282
20260720_120431_596,2026-07-20T12:04:31+0800,ads2_click_success_20260720_120431_596,close_template,close_15.png,0.9997718930244446,x_mark,arrow,0.6949257055918375,0.0409569904829065,True,62.009861111111114,"[21, 24, 87, 33]","[64, 40]",vision_platform\ads\runtime_collection\click_success\click_success_20260720_120431_596,D:\Projects\adb_vl\vision_platform\ads\runtime_collection\click_success\click_success_20260720_120431_596\pre_click.png,D:\Projects\adb_vl\vision_platform\ads\runtime_collection\click_success\click_success_20260720_120431_596\post_click.png,D:\Projects\adb_vl\vision_platform\ads\runtime_collection\click_success\click_success_20260720_120431_596\crops\bbox.png,D:\Projects\adb_vl\vision_platform\ads\runtime_collection\click_success\click_success_20260720_120431_596\crops\bbox_context_1_5x.png,0.0409569904829065,0.006015094928443432,0.011624750370780626,0.16413414975007376,0.016352111163238685,0.3128264794747035,0.6949257055918375,0.0714292898774147,0.0067093647085130215,0.014312987215816975,0.18648380041122437,0.009606561623513699,0.3452022969722748,0.483165979385376,0.011850898154079914,0.00815458595752716,0.009815223515033722,0.0667838454246521,0.009117038920521736,0.2242608517408371,0.8378786444664001,0.039590783417224884,0.0031813341192901134,0.010746040381491184,0.2391348034143448,0.03033273294568062,0.36901628971099854,0.7637324929237366
20260720_120450_838,2026-07-20T12:04:50+0800,ads2_click_success_20260720_120450_838,close_template,close_11.png,0.9663247466087341,x_mark,arrow,0.9547586838404337,0.47470976909001666,True,70.63708333333334,"[30, 29, 74, 23]","[67, 40]",vision_platform\ads\runtime_collection\click_success\click_success_20260720_120450_838,D:\Projects\adb_vl\vision_platform\ads\runtime_collection\click_success\click_success_20260720_120450_838\pre_click.png,D:\Projects\adb_vl\vision_platform\ads\runtime_collection\click_success\click_success_20260720_120450_838\post_click.png,D:\Projects\adb_vl\vision_platform\ads\runtime_collection\click_success\click_success_20260720_120450_838\crops\bbox.png,D:\Projects\adb_vl\vision_platform\ads\runtime_collection\click_success\click_success_20260720_120450_838\crops\bbox_context_1_5x.png,0.47470976909001666,0.00965094023073713,0.08448455606897672,0.15823044131199518,0.05364827439188957,0.0467423889786005,0.9547586838404337,0.5197197198867798,0.01108810119330883,0.05797014757990837,0.17988310754299164,0.07471857964992523,0.07350149005651474,0.9183428287506104,0.4854203760623932,0.012246585451066494,0.10823814570903778,0.11820030957460403,0.03957691416144371,0.03604454919695854,0.9777523875236511,0.4189892113208771,0.005618134047836065,0.08724537491798401,0.1766079068183899,0.046649329364299774,0.030681127682328224,0.9681808352470398
20260720_120456_995,2026-07-20T12:04:57+0800,ads2_click_success_20260720_120456_995,got_template,got2.png,0.9526455998420715,got,got,0.9530016581217448,0.9530016581217448,True,83.76472222222222,"[414, 134, 139, 47]","[483, 157]",vision_platform\ads\runtime_collection\click_success\click_success_20260720_120456_995,D:\Projects\adb_vl\vision_platform\ads\runtime_collection\click_success\click_success_20260720_120456_995\pre_click.png,D:\Projects\adb_vl\vision_platform\ads\runtime_collection\click_success\click_success_20260720_120456_995\post_click.png,D:\Projects\adb_vl\vision_platform\ads\runtime_collection\click_success\click_success_20260720_120456_995\crops\bbox.png,D:\Projects\adb_vl\vision_platform\ads\runtime_collection\click_success\click_success_20260720_120456_995\crops\bbox_context_1_5x.png,0.20512725412845612,0.1097257634003957,0.04111391926805178,0.20661664505799612,0.21238516767819723,0.9530016581217448,0.13680840531984964,0.2626134157180786,0.13459329307079315,0.02023385465145111,0.2250516563653946,0.2573434114456177,0.9100968837738037,0.13581767678260803,0.19211962819099426,0.12362790107727051,0.06806458532810211,0.1635880172252655,0.20914684236049652,0.9828192591667175,0.12069964408874512,0.16064871847629547,0.07095609605312347,0.03504331782460213,0.23121026158332825,0.17066524922847748,0.9660888314247131,0.1539078950881958
20260720_120505_424,2026-07-20T12:05:05+0800,ads2_click_success_20260720_120505_424,free_ad_template,close_26.png,0.9770014882087708,free,free,0.9799830714861552,0.9799830714861552,True,66.15756944444445,"[391, 285, 34, 19]","[408, 294]",vision_platform\ads\runtime_collection\click_success\click_success_20260720_120505_424,D:\Projects\adb_vl\vision_platform\ads\runtime_collection\click_success\click_success_20260720_120505_424\pre_click.png,D:\Projects\adb_vl\vision_platform\ads\runtime_collection\click_success\click_success_20260720_120505_424\post_click.png,D:\Projects\adb_vl\vision_platform\ads\runtime_collection\click_success\click_success_20260720_120505_424\crops\bbox.png,D:\Projects\adb_vl\vision_platform\ads\runtime_collection\click_success\click_success_20260720_120505_424\crops\bbox_context_1_5x.png,0.10593281189600627,0.02814236966272195,0.04280448208252589,0.057404253631830215,0.9799830714861552,0.01004506585498651,0.26719053089618683,0.13897903263568878,0.044438429176807404,0.028696492314338684,0.05381225794553757,0.9646599888801575,0.011578235775232315,0.22691096365451813,0.07865176349878311,0.021817486733198166,0.03835008293390274,0.055099066346883774,0.9911662936210632,0.009437880478799343,0.2723994553089142,0.1001676395535469,0.018171193078160286,0.06136687099933624,0.0633014366030693,0.9841229319572449,0.009119081310927868,0.3022611737251282
20260720_120525_036,2026-07-20T12:05:25+0800,ads2_click_success_20260720_120525_036,close_template,close_11.png,0.9663150310516357,x_mark,arrow,0.9533648292223612,0.45316871007283527,True,67.58236111111111,"[30, 29, 74, 23]","[67, 40]",vision_platform\ads\runtime_collection\click_success\click_success_20260720_120525_036,D:\Projects\adb_vl\vision_platform\ads\runtime_collection\click_success\click_success_20260720_120525_036\pre_click.png,D:\Projects\adb_vl\vision_platform\ads\runtime_collection\click_success\click_success_20260720_120525_036\post_click.png,D:\Projects\adb_vl\vision_platform\ads\runtime_collection\click_success\click_success_20260720_120525_036\crops\bbox.png,D:\Projects\adb_vl\vision_platform\ads\runtime_collection\click_success\click_success_20260720_120525_036\crops\bbox_context_1_5x.png,0.45316871007283527,0.00844595938300093,0.08161996677517891,0.1475498303771019,0.047345890353123345,0.04294749473532041,0.9533648292223612,0.4940240979194641,0.010218343697488308,0.05608898028731346,0.16931089758872986,0.06795941293239594,0.06813715398311615,0.9166799783706665,0.4591345191001892,0.010359819047152996,0.1041456013917923,0.10538584738969803,0.03336266428232193,0.03207438066601753,0.9770811200141907,0.40634751319885254,0.0047597154043614864,0.08462531864643097,0.1679527461528778,0.040715593844652176,0.028630949556827545,0.9663333892822266
20260720_120545_838,2026-07-20T12:05:45+0800,ads2_click_success_20260720_120545_838,close_template,close_15.png,0.9997795820236206,x_mark,arrow,0.6883719364802042,0.035529639882346,True,78.6432638888889,"[21, 24, 87, 33]","[64, 40]",vision_platform\ads\runtime_collection\click_success\click_success_20260720_120545_838,D:\Projects\adb_vl\vision_platform\ads\runtime_collection\click_success\click_success_20260720_120545_838\pre_click.png,D:\Projects\adb_vl\vision_platform\ads\runtime_collection\click_success\click_success_20260720_120545_838\post_click.png,D:\Projects\adb_vl\vision_platform\ads\runtime_collection\click_success\click_success_20260720_120545_838\crops\bbox.png,D:\Projects\adb_vl\vision_platform\ads\runtime_collection\click_success\click_success_20260720_120545_838\crops\bbox_context_1_5x.png,0.035529639882346,0.005503617925569415,0.009173196119566759,0.1552894189953804,0.01602471216271321,0.30242817600568134,0.6883719364802042,0.06105547398328781,0.006289904937148094,0.011482399888336658,0.17348302900791168,0.009419198147952557,0.3279508352279663,0.48027729988098145,0.010950096882879734,0.007601101882755756,0.007760289125144482,0.06662929803133011,0.008717501536011696,0.22462153434753418,0.8303687572479248,0.03458334878087044,0.0026198469568043947,0.008276899345219135,0.22575592994689941,0.029937436804175377,0.3547121584415436,0.7544697523117065
20260720_120552_021,2026-07-20T12:05:52+0800,ads2_click_success_20260720_120552_021,got_template,got2.png,0.9568069577217102,got,got,0.8945820728937784,0.8945820728937784,True,83.87555555555555,"[414, 134, 139, 47]","[483, 157]",vision_platform\ads\runtime_collection\click_success\click_success_20260720_120552_021,D:\Projects\adb_vl\vision_platform\ads\runtime_collection\click_success\click_success_20260720_120552_021\pre_click.png,D:\Projects\adb_vl\vision_platform\ads\runtime_collection\click_success\click_success_20260720_120552_021\post_click.png,D:\Projects\adb_vl\vision_platform\ads\runtime_collection\click_success\click_success_20260720_120552_021\crops\bbox.png,D:\Projects\adb_vl\vision_platform\ads\runtime_collection\click_success\click_success_20260720_120552_021\crops\bbox_context_1_5x.png,0.134950652718544,0.0625946248571078,0.05000075697898865,0.20798620581626892,0.18273152907689413,0.8945820728937784,0.2459889700015386,0.21284422278404236,0.07916221767663956,0.037625838071107864,0.2426568865776062,0.22005246579647064,0.796519935131073,0.2955380976200104,0.10927899181842804,0.07328266650438309,0.07019872963428497,0.21144819259643555,0.19157138466835022,0.9608345031738281,0.23607511818408966,0.08272874355316162,0.03533899039030075,0.042177703231573105,0.16985353827476501,0.1365707367658615,0.9263917803764343,0.20635369420051575
20260720_130810_399,2026-07-20T13:08:10+0800,ads2_click_success_20260720_130810_399,free_ad_template,close_26.png,0.7624265551567078,free,free,0.9696013927459717,0.9696013927459717,True,77.74430555555556,"[878, 354, 34, 19]","[887, 359]",vision_platform\ads\runtime_collection\click_success\click_success_20260720_130810_399,D:\Projects\adb_vl\vision_platform\ads\runtime_collection\click_success\click_success_20260720_130810_399\pre_click.png,D:\Projects\adb_vl\vision_platform\ads\runtime_collection\click_success\click_success_20260720_130810_399\post_click.png,D:\Projects\adb_vl\vision_platform\ads\runtime_collection\click_success\click_success_20260720_130810_399\crops\bbox.png,D:\Projects\adb_vl\vision_platform\ads\runtime_collection\click_success\click_success_20260720_130810_399\crops\bbox_context_1_5x.png,0.002530277667877575,0.0032913321629166603,0.004401304060593247,0.017165788759787876,0.9696013927459717,0.0025225121450300017,0.010081790698071321,0.0010543785756453872,0.006095268297940493,0.0036422957200556993,0.021209217607975006,0.9631670713424683,0.003532247617840767,0.010934300720691681,0.004072674084454775,0.0014210301451385021,0.004588300362229347,0.0161416158080101,0.9786275029182434,0.0023404452949762344,0.0071357181295752525,0.0024637803435325623,0.002357698045670986,0.004973316099494696,0.014146532863378525,0.9670096039772034,0.001694843522273004,0.012175353243947029
20260720_130835_707,2026-07-20T13:08:35+0800,ads2_click_success_20260720_130835_707,close_template,close_11.png,0.9661154747009277,x_mark,arrow,0.9465758601824442,0.49915794531504315,True,48.884375,"[30, 29, 74, 23]","[67, 40]",vision_platform\ads\runtime_collection\click_success\click_success_20260720_130835_707,D:\Projects\adb_vl\vision_platform\ads\runtime_collection\click_success\click_success_20260720_130835_707\pre_click.png,D:\Projects\adb_vl\vision_platform\ads\runtime_collection\click_success\click_success_20260720_130835_707\post_click.png,D:\Projects\adb_vl\vision_platform\ads\runtime_collection\click_success\click_success_20260720_130835_707\crops\bbox.png,D:\Projects\adb_vl\vision_platform\ads\runtime_collection\click_success\click_success_20260720_130835_707\crops\bbox_context_1_5x.png,0.49915794531504315,0.009762268668661514,0.08580043042699496,0.15613294144471487,0.05358819787700971,0.05687797193725904,0.9465758601824442,0.5338522791862488,0.010403025895357132,0.05628279224038124,0.18144327402114868,0.06968804448843002,0.08401334285736084,0.9039503931999207,0.5155922770500183,0.013193855062127113,0.1029074490070343,0.11319942772388458,0.042498961091041565,0.048165224492549896,0.9727411866188049,0.4480292797088623,0.0056899250485002995,0.09821105003356934,0.17375612258911133,0.04857758805155754,0.03845534846186638,0.9630360007286072
20260720_130847_331,2026-07-20T13:08:47+0800,ads2_click_success_20260720_130847_331,close_template,close_11.png,0.9829894304275513,x_mark,arrow,0.9586308002471924,0.37422991792360943,True,131.33458333333334,"[30, 29, 74, 23]","[67, 40]",vision_platform\ads\runtime_collection\click_success\click_success_20260720_130847_331,D:\Projects\adb_vl\vision_platform\ads\runtime_collection\click_success\click_success_20260720_130847_331\pre_click.png,D:\Projects\adb_vl\vision_platform\ads\runtime_collection\click_success\click_success_20260720_130847_331\post_click.png,D:\Projects\adb_vl\vision_platform\ads\runtime_collection\click_success\click_success_20260720_130847_331\crops\bbox.png,D:\Projects\adb_vl\vision_platform\ads\runtime_collection\click_success\click_success_20260720_130847_331\crops\bbox_context_1_5x.png,0.37422991792360943,0.006307434057816863,0.022227362419168156,0.08320059006412824,0.0857968640824159,0.027677409661312897,0.9586308002471924,0.5491819381713867,0.012454614043235779,0.025687187910079956,0.10809570550918579,0.16261687874794006,0.06225070357322693,0.9375872611999512,0.2647731602191925,0.0031702483538538218,0.017611021175980568,0.04418560490012169,0.029353152960538864,0.009594936855137348,0.9781240224838257,0.308734655380249,0.0032974397763609886,0.02338387817144394,0.09732045978307724,0.06542056053876877,0.011186588555574417,0.9601811170578003
20260720_130853_791,2026-07-20T13:08:53+0800,ads2_click_success_20260720_130853_791,got_template,got2.png,0.9771870374679565,got,got,0.8934223254521688,0.8934223254521688,True,44.645694444444445,"[414, 134, 139, 47]","[483, 157]",vision_platform\ads\runtime_collection\click_success\click_success_20260720_130853_791,D:\Projects\adb_vl\vision_platform\ads\runtime_collection\click_success\click_success_20260720_130853_791\pre_click.png,D:\Projects\adb_vl\vision_platform\ads\runtime_collection\click_success\click_success_20260720_130853_791\post_click.png,D:\Projects\adb_vl\vision_platform\ads\runtime_collection\click_success\click_success_20260720_130853_791\crops\bbox.png,D:\Projects\adb_vl\vision_platform\ads\runtime_collection\click_success\click_success_20260720_130853_791\crops\bbox_context_1_5x.png,0.0963354433576266,0.005797646551703413,0.017742772586643696,0.12073468168576558,0.047354185953736305,0.8934223254521688,0.15824359903732935,0.1734517514705658,0.008910595439374447,0.02157052792608738,0.134744331240654,0.0703808069229126,0.8330574631690979,0.2597389221191406,0.0486823245882988,0.0038932187017053366,0.008756916038691998,0.12597940862178802,0.023497240617871284,0.9696873426437378,0.0676998570561409,0.0668722540140152,0.0045891255140304565,0.02290087379515171,0.10148030519485474,0.048184510320425034,0.8775221705436707,0.14729201793670654
20260720_130903_720,2026-07-20T13:09:03+0800,ads2_click_success_20260720_130903_720,free_ad_template,close_26.png,0.7624273300170898,free,free,0.9377286632855734,0.9377286632855734,True,51.86756944444444,"[878, 354, 34, 19]","[895, 363]",vision_platform\ads\runtime_collection\click_success\click_success_20260720_130903_720,D:\Projects\adb_vl\vision_platform\ads\runtime_collection\click_success\click_success_20260720_130903_720\pre_click.png,D:\Projects\adb_vl\vision_platform\ads\runtime_collection\click_success\click_success_20260720_130903_720\post_click.png,D:\Projects\adb_vl\vision_platform\ads\runtime_collection\click_success\click_success_20260720_130903_720\crops\bbox.png,D:\Projects\adb_vl\vision_platform\ads\runtime_collection\click_success\click_success_20260720_130903_720\crops\bbox_context_1_5x.png,0.006638287256161372,0.007519995017598073,0.007348500036944945,0.0313737957427899,0.9377286632855734,0.004078823529804747,0.061885856091976166,0.003020044881850481,0.009787170216441154,0.0055013373494148254,0.043343402445316315,0.9134331345558167,0.005395951215177774,0.054236046969890594,0.010002940893173218,0.006512717809528112,0.007165196817368269,0.024095885455608368,0.9718698263168335,0.004032544791698456,0.04980204999446869,0.006891875993460417,0.006260097026824951,0.009378965944051743,0.02668209932744503,0.9278830289840698,0.0028079745825380087,0.08161947131156921
20260720_130923_875,2026-07-20T13:09:23+0800,ads2_click_success_20260720_130923_875,close_template,close_24.png,0.9865567088127136,x_mark,x_mark,0.9015835920969645,0.9015835920969645,True,27.939166666666665,"[911, 25, 40, 33]","[931, 41]",vision_platform\ads\runtime_collection\click_success\click_success_20260720_130923_875,D:\Projects\adb_vl\vision_platform\ads\runtime_collection\click_success\click_success_20260720_130923_875\pre_click.png,D:\Projects\adb_vl\vision_platform\ads\runtime_collection\click_success\click_success_20260720_130923_875\post_click.png,D:\Projects\adb_vl\vision_platform\ads\runtime_collection\click_success\click_success_20260720_130923_875\crops\bbox.png,D:\Projects\adb_vl\vision_platform\ads\runtime_collection\click_success\click_success_20260720_130923_875\crops\bbox_context_1_5x.png,0.9015835920969645,0.015898067814608414,0.07506327082713445,0.10359735538562138,0.14835640291372934,0.038515256717801094,0.8431798815727234,0.8749878406524658,0.01854991912841797,0.0844913125038147,0.08667697757482529,0.16175532341003418,0.05253823846578598,0.8765468597412109,0.9464917778968811,0.013325856067240238,0.07015307247638702,0.114112988114357,0.1506153792142868,0.02875063382089138,0.814285159111023,0.8832711577415466,0.015818428248167038,0.07054542750120163,0.11000210046768188,0.13269850611686707,0.03425689786672592,0.8387076258659363
20260720_130930_231,2026-07-20T13:09:30+0800,ads2_click_success_20260720_130930_231,got_template,got2.png,0.9812320470809937,got,got,0.849914570649465,0.849914570649465,True,42.48875,"[414, 134, 139, 47]","[483, 157]",vision_platform\ads\runtime_collection\click_success\click_success_20260720_130930_231,D:\Projects\adb_vl\vision_platform\ads\runtime_collection\click_success\click_success_20260720_130930_231\pre_click.png,D:\Projects\adb_vl\vision_platform\ads\runtime_collection\click_success\click_success_20260720_130930_231\post_click.png,D:\Projects\adb_vl\vision_platform\ads\runtime_collection\click_success\click_success_20260720_130930_231\crops\bbox.png,D:\Projects\adb_vl\vision_platform\ads\runtime_collection\click_success\click_success_20260720_130930_231\crops\bbox_context_1_5x.png,0.08296122277776401,0.004976930795237422,0.02816871926188469,0.17089950541655222,0.04984773198763529,0.849914570649465,0.22111651798089346,0.14488352835178375,0.008782457560300827,0.030661342665553093,0.17270508408546448,0.072807177901268,0.7740208506584167,0.3429434597492218,0.040891941636800766,0.002760475967079401,0.0174406711012125,0.21678486466407776,0.025338560342788696,0.9542882442474365,0.11531893908977509,0.06310819834470749,0.003387858858332038,0.036404144018888474,0.12320856750011444,0.05139745771884918,0.8214346170425415,0.20508715510368347
20260720_130939_268,2026-07-20T13:09:39+0800,ads2_click_success_20260720_130939_268,free_ad_template,close_26.png,0.7616865634918213,free,free,0.9540148576100668,0.9540148576100668,True,62.341319444444444,"[462, 354, 34, 19]","[479, 363]",vision_platform\ads\runtime_collection\click_success\click_success_20260720_130939_268,D:\Projects\adb_vl\vision_platform\ads\runtime_collection\click_success\click_success_20260720_130939_268\pre_click.png,D:\Projects\adb_vl\vision_platform\ads\runtime_collection\click_success\click_success_20260720_130939_268\post_click.png,D:\Projects\adb_vl\vision_platform\ads\runtime_collection\click_success\click_success_20260720_130939_268\crops\bbox.png,D:\Projects\adb_vl\vision_platform\ads\runtime_collection\click_success\click_success_20260720_130939_268\crops\bbox_context_1_5x.png,0.0023950635998820267,0.004523711899916331,0.004337587393820286,0.02630342481036981,0.9540148576100668,0.002563212920601169,0.032429576540986695,0.001006248057819903,0.007025693543255329,0.004397312644869089,0.03264095261693001,0.94026118516922,0.004077003337442875,0.02604137547314167,0.0039024557918310165,0.0031806868501007557,0.004078064579516649,0.024741332978010178,0.9733293652534485,0.0022198702208697796,0.023720785975456238,0.00227648694999516,0.003364755306392908,0.004537384957075119,0.021527988836169243,0.9484540224075317,0.0013927652034908533,0.04752656817436218
20260720_130959_556,2026-07-20T13:09:59+0800,ads2_click_success_20260720_130959_556,close_template,close_24.png,0.9865567088127136,x_mark,x_mark,0.9017669359842936,0.9017669359842936,True,26.77625,"[911, 25, 40, 33]","[931, 41]",vision_platform\ads\runtime_collection\click_success\click_success_20260720_130959_556,D:\Projects\adb_vl\vision_platform\ads\runtime_collection\click_success\click_success_20260720_130959_556\pre_click.png,D:\Projects\adb_vl\vision_platform\ads\runtime_collection\click_success\click_success_20260720_130959_556\post_click.png,D:\Projects\adb_vl\vision_platform\ads\runtime_collection\click_success\click_success_20260720_130959_556\crops\bbox.png,D:\Projects\adb_vl\vision_platform\ads\runtime_collection\click_success\click_success_20260720_130959_556\crops\bbox_context_1_5x.png,0.9017669359842936,0.015869919831554096,0.07489877939224243,0.10341881463925044,0.14814844727516174,0.03839924310644468,0.8431240916252136,0.87531578540802,0.018524019047617912,0.0843752920627594,0.08652564883232117,0.16149115562438965,0.052440181374549866,0.8765079379081726,0.9465774297714233,0.013302171602845192,0.06989256292581558,0.11386589705944061,0.1504518687725067,0.0286288820207119,0.8141720294952393,0.8834075927734375,0.01578356884419918,0.07042848318815231,0.10986489802598953,0.13250231742858887,0.034128665924072266,0.838692307472229
20260720_131006_464,2026-07-20T13:10:06+0800,ads2_click_success_20260720_131006_464,got_template,got2.png,0.9811751842498779,got,got,0.8401721119880676,0.8401721119880676,True,41.722430555555555,"[414, 134, 139, 47]","[483, 157]",vision_platform\ads\runtime_collection\click_success\click_success_20260720_131006_464,D:\Projects\adb_vl\vision_platform\ads\runtime_collection\click_success\click_success_20260720_131006_464\pre_click.png,D:\Projects\adb_vl\vision_platform\ads\runtime_collection\click_success\click_success_20260720_131006_464\post_click.png,D:\Projects\adb_vl\vision_platform\ads\runtime_collection\click_success\click_success_20260720_131006_464\crops\bbox.png,D:\Projects\adb_vl\vision_platform\ads\runtime_collection\click_success\click_success_20260720_131006_464\crops\bbox_context_1_5x.png,0.19659989575544992,0.002665994882894059,0.04003137722611427,0.07264953727523486,0.020731061076124508,0.8401721119880676,0.24522892634073892,0.34876054525375366,0.004969160538166761,0.04015430435538292,0.09063844382762909,0.025868181139230728,0.7172678709030151,0.45474958419799805,0.12184195220470428,0.001110825571231544,0.02913866564631462,0.07537128031253815,0.01756841130554676,0.9466009140014648,0.10119692981243134,0.11919718980789185,0.0019179985392838717,0.05080116167664528,0.05193888768553734,0.01875659078359604,0.8566475510597229,0.17974026501178741
20260720_131035_745,2026-07-20T13:10:35+0800,ads2_click_success_20260720_131035_745,close_template,close_24.png,0.9865567088127136,x_mark,x_mark,0.9015835920969645,0.9015835920969645,True,27.984583333333333,"[911, 25, 40, 33]","[931, 41]",vision_platform\ads\runtime_collection\click_success\click_success_20260720_131035_745,D:\Projects\adb_vl\vision_platform\ads\runtime_collection\click_success\click_success_20260720_131035_745\pre_click.png,D:\Projects\adb_vl\vision_platform\ads\runtime_collection\click_success\click_success_20260720_131035_745\post_click.png,D:\Projects\adb_vl\vision_platform\ads\runtime_collection\click_success\click_success_20260720_131035_745\crops\bbox.png,D:\Projects\adb_vl\vision_platform\ads\runtime_collection\click_success\click_success_20260720_131035_745\crops\bbox_context_1_5x.png,0.9015835920969645,0.015898067814608414,0.07506327082713445,0.10359735538562138,0.14835640291372934,0.038515256717801094,0.8431798815727234,0.8749878406524658,0.01854991912841797,0.0844913125038147,0.08667697757482529,0.16175532341003418,0.05253823846578598,0.8765468597412109,0.9464917778968811,0.013325856067240238,0.07015307247638702,0.114112988114357,0.1506153792142868,0.02875063382089138,0.814285159111023,0.8832711577415466,0.015818428248167038,0.07054542750120163,0.11000210046768188,0.13269850611686707,0.03425689786672592,0.8387076258659363
20260720_131041_867,2026-07-20T13:10:41+0800,ads2_click_success_20260720_131041_867,got_template,got2.png,0.9802130460739136,got,got,0.9099890987078348,0.9099890987078348,True,38.54944444444445,"[414, 134, 139, 47]","[483, 157]",vision_platform\ads\runtime_collection\click_success\click_success_20260720_131041_867,D:\Projects\adb_vl\vision_platform\ads\runtime_collection\click_success\click_success_20260720_131041_867\pre_click.png,D:\Projects\adb_vl\vision_platform\ads\runtime_collection\click_success\click_success_20260720_131041_867\post_click.png,D:\Projects\adb_vl\vision_platform\ads\runtime_collection\click_success\click_success_20260720_131041_867\crops\bbox.png,D:\Projects\adb_vl\vision_platform\ads\runtime_collection\click_success\click_success_20260720_131041_867\crops\bbox_context_1_5x.png,0.22452222307523093,0.0017137886995139222,0.013532910495996475,0.03542407788336277,0.009805737373729547,0.9099890987078348,0.07747673739989598,0.3652888238430023,0.00305215734988451,0.010502510704100132,0.0483052097260952,0.012732954695820808,0.8472606539726257,0.14452287554740906,0.13078275322914124,0.0007842745981179178,0.00907877180725336,0.03506259620189667,0.007600228302180767,0.9647071361541748,0.03703965246677399,0.1774950921535492,0.0013049341505393386,0.021017448976635933,0.022904427722096443,0.009084029123187065,0.9179995059967041,0.05086768418550491
20260720_131051_630,2026-07-20T13:10:51+0800,ads2_click_success_20260720_131051_630,free_ad_template,free_ad_3.png,0.9744047522544861,free,free,0.9620003898938497,0.9620003898938497,True,43.09298611111111,"[738, 352, 38, 24]","[757, 364]",vision_platform\ads\runtime_collection\click_success\click_success_20260720_131051_630,D:\Projects\adb_vl\vision_platform\ads\runtime_collection\click_success\click_success_20260720_131051_630\pre_click.png,D:\Projects\adb_vl\vision_platform\ads\runtime_collection\click_success\click_success_20260720_131051_630\post_click.png,D:\Projects\adb_vl\vision_platform\ads\runtime_collection\click_success\click_success_20260720_131051_630\crops\bbox.png,D:\Projects\adb_vl\vision_platform\ads\runtime_collection\click_success\click_success_20260720_131051_630\crops\bbox_context_1_5x.png,0.005541897068421046,0.004245272527138392,0.010826140331725279,0.027004567285378773,0.9620003898938497,0.0022582401094647744,0.03282615666588148,0.003071889281272888,0.0070244064554572105,0.017457878217101097,0.0361902229487896,0.9670851826667786,0.0042873164638876915,0.02441994473338127,0.009877831675112247,0.0019183214753866196,0.004860615357756615,0.015323454514145851,0.9596375226974487,0.0008327623945660889,0.03580765798687935,0.003675970248878002,0.0037930896505713463,0.010159927420318127,0.029500024393200874,0.9592784643173218,0.0016546414699405432,0.038250867277383804
20260720_131111_524,2026-07-20T13:11:11+0800,ads2_click_success_20260720_131111_524,close_template,close_24.png,0.986556887626648,x_mark,x_mark,0.9017669359842936,0.9017669359842936,True,99.66243055555556,"[911, 25, 40, 33]","[931, 41]",vision_platform\ads\runtime_collection\click_success\click_success_20260720_131111_524,D:\Projects\adb_vl\vision_platform\ads\runtime_collection\click_success\click_success_20260720_131111_524\pre_click.png,D:\Projects\adb_vl\vision_platform\ads\runtime_collection\click_success\click_success_20260720_131111_524\post_click.png,D:\Projects\adb_vl\vision_platform\ads\runtime_collection\click_success\click_success_20260720_131111_524\crops\bbox.png,D:\Projects\adb_vl\vision_platform\ads\runtime_collection\click_success\click_success_20260720_131111_524\crops\bbox_context_1_5x.png,0.9017669359842936,0.015869919831554096,0.07489877939224243,0.10341881463925044,0.14814844727516174,0.03839924310644468,0.8431240916252136,0.87531578540802,0.018524019047617912,0.0843752920627594,0.08652564883232117,0.16149115562438965,0.052440181374549866,0.8765079379081726,0.9465774297714233,0.013302171602845192,0.06989256292581558,0.11386589705944061,0.1504518687725067,0.0286288820207119,0.8141720294952393,0.8834075927734375,0.01578356884419918,0.07042848318815231,0.10986489802598953,0.13250231742858887,0.034128665924072266,0.838692307472229
20260720_131117_976,2026-07-20T13:11:18+0800,ads2_click_success_20260720_131117_976,got_template,got2.png,0.9781279563903809,got,got,0.9444730679194132,0.9444730679194132,True,38.69381944444444,"[414, 134, 139, 47]","[483, 157]",vision_platform\ads\runtime_collection\click_success\click_success_20260720_131117_976,D:\Projects\adb_vl\vision_platform\ads\runtime_collection\click_success\click_success_20260720_131117_976\pre_click.png,D:\Projects\adb_vl\vision_platform\ads\runtime_collection\click_success\click_success_20260720_131117_976\post_click.png,D:\Projects\adb_vl\vision_platform\ads\runtime_collection\click_success\click_success_20260720_131117_976\crops\bbox.png,D:\Projects\adb_vl\vision_platform\ads\runtime_collection\click_success\click_success_20260720_131117_976\crops\bbox_context_1_5x.png,0.13685514653722444,0.0045952945947647095,0.028778637138505776,0.06029421711961428,0.01705272402614355,0.9444730679194132,0.10544530612727006,0.2672083377838135,0.008819513022899628,0.030993541702628136,0.09274309128522873,0.023249248042702675,0.8727607727050781,0.23177914321422577,0.05067029222846031,0.002333258278667927,0.01408479455858469,0.04501888528466225,0.011383947916328907,0.993882417678833,0.029285425320267677,0.09268680959939957,0.002633112482726574,0.041257575154304504,0.043120674788951874,0.01652497611939907,0.9667760133743286,0.05527134984731674
20260720_131127_557,2026-07-20T13:11:27+0800,ads2_click_success_20260720_131127_557,free_ad_template,free_ad_3.png,0.9744047522544861,free,free,0.9620003898938497,0.9620003898938497,True,43.007847222222225,"[738, 352, 38, 24]","[757, 364]",vision_platform\ads\runtime_collection\click_success\click_success_20260720_131127_557,D:\Projects\adb_vl\vision_platform\ads\runtime_collection\click_success\click_success_20260720_131127_557\pre_click.png,D:\Projects\adb_vl\vision_platform\ads\runtime_collection\click_success\click_success_20260720_131127_557\post_click.png,D:\Projects\adb_vl\vision_platform\ads\runtime_collection\click_success\click_success_20260720_131127_557\crops\bbox.png,D:\Projects\adb_vl\vision_platform\ads\runtime_collection\click_success\click_success_20260720_131127_557\crops\bbox_context_1_5x.png,0.005541897068421046,0.004245272527138392,0.010826140331725279,0.027004567285378773,0.9620003898938497,0.0022582401094647744,0.03282615666588148,0.003071889281272888,0.0070244064554572105,0.017457878217101097,0.0361902229487896,0.9670851826667786,0.0042873164638876915,0.02441994473338127,0.009877831675112247,0.0019183214753866196,0.004860615357756615,0.015323454514145851,0.9596375226974487,0.0008327623945660889,0.03580765798687935,0.003675970248878002,0.0037930896505713463,0.010159927420318127,0.029500024393200874,0.9592784643173218,0.0016546414699405432,0.038250867277383804
20260720_131147_043,2026-07-20T13:11:47+0800,ads2_click_success_20260720_131147_043,close_template,close_24.png,0.9865570664405823,x_mark,x_mark,0.9017669359842936,0.9017669359842936,True,100.10715277777778,"[911, 25, 40, 33]","[931, 41]",vision_platform\ads\runtime_collection\click_success\click_success_20260720_131147_043,D:\Projects\adb_vl\vision_platform\ads\runtime_collection\click_success\click_success_20260720_131147_043\pre_click.png,D:\Projects\adb_vl\vision_platform\ads\runtime_collection\click_success\click_success_20260720_131147_043\post_click.png,D:\Projects\adb_vl\vision_platform\ads\runtime_collection\click_success\click_success_20260720_131147_043\crops\bbox.png,D:\Projects\adb_vl\vision_platform\ads\runtime_collection\click_success\click_success_20260720_131147_043\crops\bbox_context_1_5x.png,0.9017669359842936,0.015869919831554096,0.07489877939224243,0.10341881463925044,0.14814844727516174,0.03839924310644468,0.8431240916252136,0.87531578540802,0.018524019047617912,0.0843752920627594,0.08652564883232117,0.16149115562438965,0.052440181374549866,0.8765079379081726,0.9465774297714233,0.013302171602845192,0.06989256292581558,0.11386589705944061,0.1504518687725067,0.0286288820207119,0.8141720294952393,0.8834075927734375,0.01578356884419918,0.07042848318815231,0.10986489802598953,0.13250231742858887,0.034128665924072266,0.838692307472229
20260720_131153_058,2026-07-20T13:11:53+0800,ads2_click_success_20260720_131153_058,got_template,got2.png,0.9801230430603027,got,got,0.8893527587254842,0.8893527587254842,True,35.30090277777778,"[414, 134, 139, 47]","[483, 157]",vision_platform\ads\runtime_collection\click_success\click_success_20260720_131153_058,D:\Projects\adb_vl\vision_platform\ads\runtime_collection\click_success\click_success_20260720_131153_058\pre_click.png,D:\Projects\adb_vl\vision_platform\ads\runtime_collection\click_success\click_success_20260720_131153_058\post_click.png,D:\Projects\adb_vl\vision_platform\ads\runtime_collection\click_success\click_success_20260720_131153_058\crops\bbox.png,D:\Projects\adb_vl\vision_platform\ads\runtime_collection\click_success\click_success_20260720_131153_058\crops\bbox_context_1_5x.png,0.1839681714773178,0.00240494217723608,0.024573066892723244,0.060417344172795616,0.018112218007445335,0.8893527587254842,0.1497713215649128,0.2875884175300598,0.003733192104846239,0.031112458556890488,0.08535552024841309,0.02453760802745819,0.7631585001945496,0.3059810996055603,0.10141712427139282,0.001583631499670446,0.00853069219738245,0.05298804119229317,0.010400420054793358,0.9829590320587158,0.0381406731903553,0.1628989726305008,0.0018980029271915555,0.03407604992389679,0.04290847107768059,0.019398625940084457,0.9219407439231873,0.10519219189882278
20260720_131542_386,2026-07-20T13:15:42+0800,ads2_click_success_20260720_131542_386,free_ad_template,close_26.png,1.0,free,free,0.9473092754681905,0.9473092754681905,True,78.26520833333333,"[376, 285, 34, 19]","[401, 298]",vision_platform\ads\runtime_collection\click_success\click_success_20260720_131542_386,D:\Projects\adb_vl\vision_platform\ads\runtime_collection\click_success\click_success_20260720_131542_386\pre_click.png,D:\Projects\adb_vl\vision_platform\ads\runtime_collection\click_success\click_success_20260720_131542_386\post_click.png,D:\Projects\adb_vl\vision_platform\ads\runtime_collection\click_success\click_success_20260720_131542_386\crops\bbox.png,D:\Projects\adb_vl\vision_platform\ads\runtime_collection\click_success\click_success_20260720_131542_386\crops\bbox_context_1_5x.png,0.13167001431186995,0.05940337975819906,0.08866517121593158,0.04094156871239344,0.9473092754681905,0.012393401004374027,0.2691304236650467,0.22557689249515533,0.08221551030874252,0.10029426217079163,0.05230339616537094,0.9019172787666321,0.018379226326942444,0.3218497633934021,0.055625107139348984,0.053617704659700394,0.04789857193827629,0.02671750634908676,0.965369701385498,0.009014259092509747,0.31617212295532227,0.1138080433011055,0.04237692430615425,0.1178026795387268,0.043803803622722626,0.9746408462524414,0.009786717593669891,0.1693693846464157
20260720_131602_373,2026-07-20T13:16:02+0800,ads2_click_success_20260720_131602_373,close_template,close_24.png,0.9865567088127136,x_mark,x_mark,0.9017669359842936,0.9017669359842936,True,79.66256944444444,"[911, 25, 40, 33]","[931, 41]",vision_platform\ads\runtime_collection\click_success\click_success_20260720_131602_373,D:\Projects\adb_vl\vision_platform\ads\runtime_collection\click_success\click_success_20260720_131602_373\pre_click.png,D:\Projects\adb_vl\vision_platform\ads\runtime_collection\click_success\click_success_20260720_131602_373\post_click.png,D:\Projects\adb_vl\vision_platform\ads\runtime_collection\click_success\click_success_20260720_131602_373\crops\bbox.png,D:\Projects\adb_vl\vision_platform\ads\runtime_collection\click_success\click_success_20260720_131602_373\crops\bbox_context_1_5x.png,0.9017669359842936,0.015869919831554096,0.07489877939224243,0.10341881463925044,0.14814844727516174,0.03839924310644468,0.8431240916252136,0.87531578540802,0.018524019047617912,0.0843752920627594,0.08652564883232117,0.16149115562438965,0.052440181374549866,0.8765079379081726,0.9465774297714233,0.013302171602845192,0.06989256292581558,0.11386589705944061,0.1504518687725067,0.0286288820207119,0.8141720294952393,0.8834075927734375,0.01578356884419918,0.07042848318815231,0.10986489802598953,0.13250231742858887,0.034128665924072266,0.838692307472229
20260720_131608_694,2026-07-20T13:16:08+0800,ads2_click_success_20260720_131608_694,got_template,got2.png,0.9504796266555786,got,got,0.8547109762827555,0.8547109762827555,True,83.725625,"[414, 134, 139, 47]","[483, 157]",vision_platform\ads\runtime_collection\click_success\click_success_20260720_131608_694,D:\Projects\adb_vl\vision_platform\ads\runtime_collection\click_success\click_success_20260720_131608_694\pre_click.png,D:\Projects\adb_vl\vision_platform\ads\runtime_collection\click_success\click_success_20260720_131608_694\post_click.png,D:\Projects\adb_vl\vision_platform\ads\runtime_collection\click_success\click_success_20260720_131608_694\crops\bbox.png,D:\Projects\adb_vl\vision_platform\ads\runtime_collection\click_success\click_success_20260720_131608_694\crops\bbox_context_1_5x.png,0.20614206790924072,0.029856421053409576,0.09632080296675365,0.14813957115014395,0.1775651822487513,0.8547109762827555,0.32154226303100586,0.3242042064666748,0.043925948441028595,0.06715843826532364,0.15804310142993927,0.22299015522003174,0.7786974906921387,0.3834940195083618,0.14024733006954193,0.023910248652100563,0.1228725016117096,0.14944365620613098,0.16251711547374725,0.9301702976226807,0.26658058166503906,0.15397466719150543,0.02173306606709957,0.09893146902322769,0.13693195581436157,0.14718827605247498,0.8552651405334473,0.3145521879196167
20260720_131651_761,2026-07-20T13:16:51+0800,ads2_click_success_20260720_131651_761,close_template,ad_issue_20260606_052002_roi_15.png,0.9777367115020752,x_mark,x_mark,0.7370942831039429,0.7370942831039429,True,92.83847222222222,"[18, 24, 50, 39]","[43, 43]",vision_platform\ads\runtime_collection\click_success\click_success_20260720_131651_761,D:\Projects\adb_vl\vision_platform\ads\runtime_collection\click_success\click_success_20260720_131651_761\pre_click.png,D:\Projects\adb_vl\vision_platform\ads\runtime_collection\click_success\click_success_20260720_131651_761\post_click.png,D:\Projects\adb_vl\vision_platform\ads\runtime_collection\click_success\click_success_20260720_131651_761\crops\bbox.png,D:\Projects\adb_vl\vision_platform\ads\runtime_collection\click_success\click_success_20260720_131651_761\crops\bbox_context_1_5x.png,0.7370942831039429,0.006484883992622296,0.004550473298877478,0.01352976014216741,0.0547034852206707,0.000944649315594385,0.5584599177042643,0.618749737739563,0.007843355648219585,0.001579359406605363,0.012212498113512993,0.07172659784555435,0.0014596324181184173,0.5494318604469299,0.9064933657646179,0.006421187426894903,0.0010901738423854113,0.006143907085061073,0.03329378738999367,0.0006779099931009114,0.4975954294204712,0.6860397458076477,0.0051901089027523994,0.010981886647641659,0.02223287522792816,0.05909007042646408,0.0006964055355638266,0.6283524632453918
20260720_131658_019,2026-07-20T13:16:58+0800,ads2_click_success_20260720_131658_019,got_template,got2.png,0.9492747783660889,got,got,0.9444576700528463,0.9444576700528463,True,83.78666666666666,"[414, 134, 139, 47]","[483, 157]",vision_platform\ads\runtime_collection\click_success\click_success_20260720_131658_019,D:\Projects\adb_vl\vision_platform\ads\runtime_collection\click_success\click_success_20260720_131658_019\pre_click.png,D:\Projects\adb_vl\vision_platform\ads\runtime_collection\click_success\click_success_20260720_131658_019\post_click.png,D:\Projects\adb_vl\vision_platform\ads\runtime_collection\click_success\click_success_20260720_131658_019\crops\bbox.png,D:\Projects\adb_vl\vision_platform\ads\runtime_collection\click_success\click_success_20260720_131658_019\crops\bbox_context_1_5x.png,0.12650436411301294,0.05231702700257301,0.013517351044962803,0.1341505472858747,0.13736254970232645,0.9444576700528463,0.078793004155159,0.14620254933834076,0.060391295701265335,0.007781051564961672,0.14480404555797577,0.15014240145683289,0.9174840450286865,0.06818633526563644,0.12411333620548248,0.05893877521157265,0.01822381280362606,0.0807354673743248,0.11488823592662811,0.9663723707199097,0.08954954892396927,0.1091972067952156,0.03762101009488106,0.014547188766300678,0.1769121289253235,0.14705701172351837,0.9495165944099426,0.07864312827587128
20260720_131706_194,2026-07-20T13:17:06+0800,ads2_click_success_20260720_131706_194,free_ad_template,close_26.png,0.9770014882087708,free,free,0.9799830714861552,0.9799830714861552,True,96.1998611111111,"[391, 285, 34, 19]","[408, 294]",vision_platform\ads\runtime_collection\click_success\click_success_20260720_131706_194,D:\Projects\adb_vl\vision_platform\ads\runtime_collection\click_success\click_success_20260720_131706_194\pre_click.png,D:\Projects\adb_vl\vision_platform\ads\runtime_collection\click_success\click_success_20260720_131706_194\post_click.png,D:\Projects\adb_vl\vision_platform\ads\runtime_collection\click_success\click_success_20260720_131706_194\crops\bbox.png,D:\Projects\adb_vl\vision_platform\ads\runtime_collection\click_success\click_success_20260720_131706_194\crops\bbox_context_1_5x.png,0.10593281189600627,0.02814236966272195,0.04280448208252589,0.057404253631830215,0.9799830714861552,0.01004506585498651,0.26719053089618683,0.13897903263568878,0.044438429176807404,0.028696492314338684,0.05381225794553757,0.9646599888801575,0.011578235775232315,0.22691096365451813,0.07865176349878311,0.021817486733198166,0.03835008293390274,0.055099066346883774,0.9911662936210632,0.009437880478799343,0.2723994553089142,0.1001676395535469,0.018171193078160286,0.06136687099933624,0.0633014366030693,0.9841229319572449,0.009119081310927868,0.3022611737251282
20260720_131727_006,2026-07-20T13:17:27+0800,ads2_click_success_20260720_131727_006,close_template,close_11.png,0.9663100838661194,x_mark,arrow,0.9556382695833842,0.45093796650568646,True,34.264375,"[30, 29, 74, 23]","[67, 40]",vision_platform\ads\runtime_collection\click_success\click_success_20260720_131727_006,D:\Projects\adb_vl\vision_platform\ads\runtime_collection\click_success\click_success_20260720_131727_006\pre_click.png,D:\Projects\adb_vl\vision_platform\ads\runtime_collection\click_success\click_success_20260720_131727_006\post_click.png,D:\Projects\adb_vl\vision_platform\ads\runtime_collection\click_success\click_success_20260720_131727_006\crops\bbox.png,D:\Projects\adb_vl\vision_platform\ads\runtime_collection\click_success\click_success_20260720_131727_006\crops\bbox_context_1_5x.png,0.45093796650568646,0.008854979959626993,0.08129998669028282,0.15024241556723913,0.05221347759167353,0.04168174167474111,0.9556382695833842,0.5029887557029724,0.009821361862123013,0.053661901503801346,0.1704423576593399,0.07003973424434662,0.0649888888001442,0.9203495383262634,0.45509159564971924,0.011506895534694195,0.10519140213727951,0.11059292405843735,0.04002542048692703,0.0315476730465889,0.9779968857765198,0.3947335481643677,0.00523668248206377,0.08504665642976761,0.16969196498394012,0.04657527804374695,0.028508663177490234,0.9685683846473694
20260720_131747_541,2026-07-20T13:17:47+0800,ads2_click_success_20260720_131747_541,close_template,close_11.png,0.9689710736274719,x_mark,arrow,0.9615115523338318,0.4629531403382619,True,65.90222222222222,"[30, 29, 74, 23]","[67, 40]",vision_platform\ads\runtime_collection\click_success\click_success_20260720_131747_541,D:\Projects\adb_vl\vision_platform\ads\runtime_collection\click_success\click_success_20260720_131747_541\pre_click.png,D:\Projects\adb_vl\vision_platform\ads\runtime_collection\click_success\click_success_20260720_131747_541\post_click.png,D:\Projects\adb_vl\vision_platform\ads\runtime_collection\click_success\click_success_20260720_131747_541\crops\bbox.png,D:\Projects\adb_vl\vision_platform\ads\runtime_collection\click_success\click_success_20260720_131747_541\crops\bbox_context_1_5x.png,0.4629531403382619,0.013953855882088343,0.02481227895865838,0.04433530941605568,0.04455698157350222,0.07578148817022641,0.9615115523338318,0.5233049392700195,0.011341148056089878,0.013486712239682674,0.04828944802284241,0.07514003664255142,0.11197632551193237,0.9322938919067383,0.4604246914386749,0.016063997521996498,0.02524731121957302,0.035358063876628876,0.027216963469982147,0.050901513546705246,0.9795276522636414,0.4051297903060913,0.014456422068178654,0.03570281341671944,0.049358416348695755,0.0313139446079731,0.06446662545204163,0.9727131128311157
20260720_131754_150,2026-07-20T13:17:54+0800,ads2_click_success_20260720_131754_150,got_template,got2.png,0.9509506821632385,got,got,0.8818431297938029,0.8818431297938029,True,83.64625,"[414, 134, 139, 47]","[483, 157]",vision_platform\ads\runtime_collection\click_success\click_success_20260720_131754_150,D:\Projects\adb_vl\vision_platform\ads\runtime_collection\click_success\click_success_20260720_131754_150\pre_click.png,D:\Projects\adb_vl\vision_platform\ads\runtime_collection\click_success\click_success_20260720_131754_150\post_click.png,D:\Projects\adb_vl\vision_platform\ads\runtime_collection\click_success\click_success_20260720_131754_150\crops\bbox.png,D:\Projects\adb_vl\vision_platform\ads\runtime_collection\click_success\click_success_20260720_131754_150\crops\bbox_context_1_5x.png,0.24981104334195456,0.05249099309245745,0.07667943835258484,0.19816955427328745,0.16218709448973337,0.8818431297938029,0.33601072430610657,0.3768687844276428,0.07621736079454422,0.06389002501964569,0.230516254901886,0.17879316210746765,0.8128404021263123,0.3865150213241577,0.18680642545223236,0.04473442956805229,0.07815530896186829,0.19250434637069702,0.16413727402687073,0.9425712823867798,0.271342396736145,0.18575792014598846,0.03652118891477585,0.08799298107624054,0.17148806154727936,0.14363084733486176,0.8901177048683167,0.35017475485801697
